Term,GOID,Overlap,P.value,Adjusted.P.value,Old.P.value,Old.Adjusted.P.value,Odds.Ratio,Combined.Score,Genes,namespace
Protein Phosphorylation ,GO:0006468,93/500,3.3055346133535576e-72,8.138226218076458e-69,0,0,18.813267813267814,3096.485691753645,ATF2;GPI;DYRK4;DYRK3;DYRK2;RPS6KA4;RPS6KA3;LIPE;RPS6KA5;RPS6KA1;CDK20;PIM1;PRKG2;PIM3;NEK2;NEK3;PIM2;PRKACA;PRKACB;JAK3;PRKG1;PDK1;MAP2K1;TBP;PDPK1;PRKCD;DYRK1A;DYRK1B;PRKCA;CSNK1D;CSNK1E;CREB1;PRKAR1B;CCNE1;PRKCQ;PRKD2;MAPKAPK5;PRKD1;CSF1R;PRKAA1;PRKAA2;ROCK1;PRKDC;ROCK2;PRKX;TTBK1;TTBK2;AURKA;MAPK9;PAK1;MAPK8;ERBB2;MAPK1;PAK3;MAPK6;PAK2;MAPK3;CDK17;PLK4;HIPK4;CDK19;DMPK;CSNK1A1;PLK2;CDC42BPG;PLK1;PTK6;BRAF;CDC42BPB;HIPK1;MAPK14;CDC42BPA;CDK11B;MAPK15;HIPK3;MAPK12;MTOR;HIPK2;MAPK13;CDK9;MAPK10;BCKDK;CDK8;CDK6;CDK5;RPS6KB1;CDK4;CDK2;CDK1;CDK10;CDK12;CDK14;CDK16,Biological_Process
Phosphorylation ,GO:0016310,81/429,5.520808290701318e-63,6.796115005853323e-60,0,0,18.28479814970564,2621.205108242597,GPI;DYRK3;DYRK2;HK2;RPS6KA4;LIPE;HK3;RPS6KA5;RPS6KA1;CDK20;PIM1;PRKG2;PIM3;NEK2;NEK3;PIM2;PRKACA;PRKACB;JAK3;PRKG1;PDK1;MAP2K1;TBP;PDPK1;PRKCD;DYRK1A;DYRK1B;PRKCA;CSNK1D;CSNK1E;CREB1;PRKAR1B;PIK3CA;CCNE1;PRKCQ;PRKD2;PRKAA1;PRKAA2;ROCK1;PRKDC;ROCK2;TTBK1;AURKA;MAPK9;PAK1;MAPK8;ERBB2;MAPK1;PAK3;MAPK6;PAK2;MAPK3;CDK17;PLK4;CDK19;DMPK;CSNK1A1;PLK2;CDC42BPG;PLK1;PTK6;BRAF;CDC42BPB;HIPK1;CDC42BPA;CDK11B;HIPK3;MTOR;HIPK2;CDK9;MAPK10;BCKDK;CDK8;CDK6;CDK5;CDK4;CDK2;CDK1;CDK10;CDK14;CDK16,Biological_Process
Protein Modification Process ,GO:0036211,84/711,2.454432555335256e-48,2.0142709837451337e-45,0,0,10.500482406915156,1151.1278675407682,GPI;DYRK3;DYRK2;ARAF;RPS6KA4;LIPE;RPS6KA5;RPS6KA1;CDK20;PIM1;PRKG2;PIM3;NEK2;NEK3;PIM2;PRKACA;PRKACB;JAK3;PRKG1;PDK1;DSP;MAP2K1;ANXA1;TBP;PDPK1;PRKCD;DYRK1A;DYRK1B;PRKCA;CSNK1D;CSNK1E;CREB1;PRKAR1B;CCNE1;PRKCQ;PRKD2;PRKAA1;PRKAA2;EPB42;ROCK1;PRKDC;ROCK2;TTBK1;AURKA;PPP2CB;MAPK9;PAK1;MAPK8;ERBB2;MAPK1;PAK3;MAPK6;PAK2;MAPK3;CDK17;PLK4;CDK19;DMPK;CSNK1A1;PLK2;CDC42BPG;PLK1;PTK6;BRAF;CDC42BPB;PTPN12;HIPK1;CDC42BPA;CDK11B;HIPK3;MTOR;HIPK2;CDK9;MAPK10;BCKDK;CDK8;CDK6;CDK5;CDK4;CDK2;CDK1;CDK10;CDK14;CDK16,Biological_Process
Peptidyl-Serine Phosphorylation ,GO:0018105,46/158,8.999131882155423e-45,5.5389656734666615e-42,0,0,28.59068378240976,2899.64430724518,DYRK4;GPI;DYRK3;DYRK2;ROCK1;PRKDC;ROCK2;PRKX;TTBK1;TTBK2;AURKA;RPS6KA3;MAPK9;MAPK8;MAPK1;PRKACA;PRKACB;PAK2;HIPK4;MAP2K2;DMPK;PDPK1;CSNK1A1;PLK2;PRKCD;PLK1;DYRK1A;DYRK1B;CSNK1D;PRKCA;CSNK1E;HIPK1;MAPK14;HIPK3;MAPK12;MTOR;HIPK2;MAPK13;CDK5;RPS6KB1;CDK2;CDK1;MAPKAPK5;PRKCQ;PRKD2;PRKD1,Biological_Process
Peptidyl-Serine Modification ,GO:0018209,44/166,7.78025635887302e-41,3.830998231109075e-38,0,0,24.91583154723976,2301.086661188868,DYRK4;DYRK3;DYRK2;ROCK1;PRKDC;ROCK2;PRKX;TTBK1;TTBK2;AURKA;RPS6KA3;MAPK9;MAPK8;MAPK1;PRKACA;PRKACB;PAK2;HIPK4;DMPK;PDPK1;CSNK1A1;PLK2;PRKCD;PLK1;DYRK1A;DYRK1B;CSNK1D;PRKCA;CSNK1E;HIPK1;MAPK14;HIPK3;MAPK12;MTOR;HIPK2;MAPK13;CDK5;RPS6KB1;CDK2;CDK1;MAPKAPK5;PRKCQ;PRKD2;PRKD1,Biological_Process
Peptidyl-Threonine Phosphorylation ,GO:0018107,28/58,5.524283375941574e-35,2.2667976119280255e-32,0,0,61.31594202898551,4836.682733793826,ATF2;DYRK4;GPI;DYRK3;DYRK2;ROCK1;PRKDC;ROCK2;TTBK1;MAPK8;MAPK1;HIPK4;PDPK1;CDC42BPG;PRKCD;DYRK1A;DYRK1B;PRKCA;CDC42BPB;CDC42BPA;HIPK1;HIPK3;HIPK2;CDK5;CDK1;CDK10;PRKD2;PRKD1,Biological_Process
Peptidyl-Threonine Modification ,GO:0018210,28/66,5.77597807448265e-33,2.0314940027680407e-30,0,0,48.38760781552544,3591.889570731578,ATF2;DYRK4;GPI;DYRK3;DYRK2;ROCK1;PRKDC;ROCK2;TTBK1;MAPK8;MAPK1;HIPK4;PDPK1;CDC42BPG;PRKCD;DYRK1A;DYRK1B;PRKCA;CDC42BPB;CDC42BPA;HIPK1;HIPK3;HIPK2;CDK5;CDK1;CDK10;PRKD2;PRKD1,Biological_Process
Positive Regulation Of DNA-templated Transcription ,GO:0045893,81/1243,1.0384950024097728e-27,3.195968369916076e-25,0,0,5.245340246001427,325.9036110821311,ATF2;SPI1;NCF1;CD80;PRDM5;TCF20;PRL;NR3C1;RPS6KA4;RPS6KA3;MED14;RPS6KA5;MED13;NKRF;RPS6KA1;PIM2;JUNB;MAP2K3;NCOA2;MAP2K1;MAP2K2;LMO2;DYRK1A;DYRK1B;ARNT;RUNX1;NPAS4;CREB1;DDIT3;PRKD2;PRKD1;TP53;ATF3;RHOQ;CEBPA;PRKAA1;PRKDC;SHC1;LEF1;FOXO4;FOXO3;GATA1;MED12L;RELA;MAPK7;ERBB2;DVL3;E2F3;DMAP1;CGA;MAP2K7;MAP2K5;S100A10;MAPK3;MLXIP;EGR1;STAT5B;CREBBP;SMAD4;JUP;NFYC;KLF4;ESR1;NFKB1;ESR2;PHOX2B;MTOR;GRIN1;HIPK2;CDK9;NR4A1;CDK7;WT1;MAFF;REL;CTNNB1;CDK12;TCF3;CDK13;NEUROG1;NFE2L2,Biological_Process
Positive Regulation Of Transcription By RNA Polymerase II ,GO:0045944,66/938,2.9628293308818066e-24,8.104984236256675e-22,0,0,5.452151217968997,295.3751858937529,ATF2;SPI1;PRDM5;TCF20;NR3C1;RPS6KA4;RPS6KA3;MED14;RPS6KA5;MED13;NKRF;RPS6KA1;JUNB;NCOA2;TBP;LMO2;ARNT;RUNX1;NPAS4;CREB1;DDIT3;PRKD2;PRKD1;TP53;ATF3;RHOQ;CEBPA;PRKDC;LEF1;FOXO4;FOXO3;GATA1;MED12L;RELA;MAPK7;DVL3;E2F3;CGA;MAP2K5;S100A10;MAPK3;MLXIP;EGR1;STAT5B;CREBBP;SMAD4;JUP;NFYC;KLF4;ESR1;NFKB1;PHOX2B;GRIN1;HIPK2;CDK9;NR4A1;CDK7;WT1;MAFF;REL;CTNNB1;CDK12;TCF3;CDK13;NEUROG1;NFE2L2,Biological_Process
Negative Regulation Of Apoptotic Process ,GO:0043066,43/482,1.0054536439272646e-19,2.475426871348925e-17,0,0,6.633690525842985,290.1820219176172,RB1;PRKAA1;PRKAA2;PRKDC;SHC1;LEF1;ARAF;GATA1;RELA;RPS6KA3;SOCS3;MAPK8;RPS6KA1;ERBB2;PIM1;NCKAP1L;PIM3;PIM2;PAK2;MAP2K5;PLK3;ANXA1;PLK2;PRKCD;PLK1;PRKCA;BRAF;MAPK8IP2;KLF4;MAPK8IP3;PRLR;HIPK3;NFKB1;MTOR;PIK3CA;RPS6KB1;WT1;CDK1;BCL2;CD27;CTNNB1;RAF1;TP53,Biological_Process
Negative Regulation Of Programmed Cell Death ,GO:0043069,37/381,2.6512360970752558e-18,5.933948428181163e-16,0,0,7.168935445068164,290.1376116629356,PRKAA1;PRKAA2;PRKDC;SHC1;LEF1;ARAF;GATA1;RELA;RPS6KA3;SOCS3;MAPK8;RPS6KA1;ERBB2;PIM1;NCKAP1L;PIM3;PIM2;PAK2;PLK3;TIGAR;ANXA1;PLK2;PLK1;BRAF;MAPK8IP3;PRLR;HIPK3;NFKB1;MTOR;RPS6KB1;WT1;CDK1;BCL2;CD27;CTNNB1;RAF1;TP53,Biological_Process
Regulation Of Transcription By RNA Polymerase II ,GO:0006357,87/2028,1.4276784922875775e-17,2.9291203733433464e-15,0,0,3.311617722823287,128.45068676463865,RB1;ATF2;SPI1;EHMT2;PRDM5;TCF20;NR3C1;RPS6KA4;RPS6KA3;MED14;RPS6KA5;MED13;NKRF;SUFU;RPS6KA1;JUNB;NCOA2;LMO2;ARNT;FOXP2;RUNX1;NPAS4;CREB1;DDIT3;PRKD2;PRKD1;EZR;TP53;CRK;ATF3;RHOQ;CEBPA;SRCAP;ZBTB47;PRKDC;TCF7;LEF1;CREM;PRDM12;FOXO4;FOXO3;GATA1;MED12L;RELA;MAPK7;NACC2;DVL3;E2F3;DMAP1;CGA;HDX;MAP2K5;S100A10;MAPK3;MLXIP;EGR1;STAT5B;PLK3;CREBBP;SMAD4;TCF7L1;JUP;NFYC;PLK1;KLF4;MAPK14;ESR1;NFKB1;ESR2;PHOX2B;GRIN1;HIPK2;CDK9;NR4A1;CDK7;PER3;TEF;WT1;CDK4;MAFF;REL;CTNNB1;CDK12;TCF3;CDK13;NEUROG1;NFE2L2,Biological_Process
Regulation Of Apoptotic Process ,GO:0042981,48/705,4.10323044620448e-17,7.770887198888792e-15,0,0,4.979558436032144,187.8895554109456,TOP2A;PRKAA1;PRKAA2;PRKDC;SHC1;LEF1;ARAF;FOXO3;GATA1;RELA;PTPA;RPS6KA3;SOCS3;MAPK8;RPS6KA2;RPS6KA1;ERBB2;PIM1;NCKAP1L;PIM3;PIM2;DMAP1;JAK3;PAK2;EGR1;PLK3;PLK5;ANXA1;BAD;PLK2;PLK1;BRAF;ACTN4;MAPK8IP3;PRLR;HIPK3;NFKB1;MTOR;CDK5;RPS6KB1;WT1;AKT1S1;CDK1;BCL2;CD27;CTNNB1;RAF1;TP53,Biological_Process
Cellular Response To Growth Factor Stimulus ,GO:0071363,24/155,7.555265631742635e-17,1.3286474275250262e-14,0,0,11.815886932204672,438.6258315077936,MAP2K3;STAT5B;SMAD4;PLK5;ANXA1;SHC1;PDPK1;NTRK3;STMN2;PTPN12;NR3C1;KLF4;MAPK14;PHOX2B;RELA;NR4A1;MAPK7;RPS6KB1;ERBB2;CTNNB1;PRKD2;PRKD1;PLCG1;MAP2K5,Biological_Process
Regulation Of DNA-templated Transcription ,GO:0006355,81/1922,7.36644244381791e-16,1.2090787531119798e-13,0,0,3.189305918045601,111.12953598543145,RB1;ATF2;GPI;SPI1;NCF1;CD80;PRDM5;TCF20;NR3C1;RPS6KA4;RPS6KA3;MED14;RPS6KA5;MED13;NKRF;SUFU;RPS6KA1;PIM2;JUNB;MAP2K3;NCOA2;MAP2K1;MAP2K2;DYRK1A;DYRK1B;ARNT;FOXP2;RUNX1;NPAS4;CREB1;DDIT3;PRKCQ;TP53;CRK;ATF3;CEBPA;PRKAA1;SRCAP;ZBTB47;SHC1;TCF7;LEF1;CREM;FOXO4;FOXO3;GATA1;RELA;NACC2;DVL3;E2F3;DMAP1;MAP2K7;HDX;CDK17;MLXIP;EGR1;STAT5B;CREBBP;SMAD4;TCF7L1;NFYC;KLF4;MAPK14;ESR1;CDK11B;NFKB1;ESR2;PHOX2B;HIPK2;NR4A1;CDK5;TEF;WT1;MAFF;REL;CTNNB1;TCF3;CDK14;NEUROG1;CDK16;NFE2L2,Biological_Process
Regulation Of Gene Expression ,GO:0010468,59/1127,1.3793936635608602e-15,2.107470655691379e-13,0,0,3.835090698194421,131.22580605775102,RB1;ATF2;GPI;SPI1;NR3C1;RPS6KA4;RPS6KA5;SUFU;NCOA2;MAP2K1;MAP2K2;ANK2;RBL2;DDIT3;PRKCQ;EZR;TP53;CEBPA;DNMT1;PRKAA1;PRKAA2;SRCAP;ROCK1;ROCK2;TCF7;LEF1;CREM;FOXO4;TTBK1;RELA;AURKA;PPP2CB;MAPK9;MAPK8;DMAP1;EGR1;CREBBP;TCF7L1;NOS3;NFYC;NTRK3;BRAF;KLF4;MAPK14;ESR1;CDK11B;NFKB1;ESR2;PHOX2B;MTOR;MAPK11;CDK6;WT1;CDK4;CDK2;REL;KRAS;TCF3;NFE2L2,Biological_Process
Mitotic Cell Cycle Phase Transition ,GO:0044772,20/111,1.4551990717609034e-15,2.107470655691379e-13,0,0,14.018684898163723,478.9292156002292,PLK3;CDKN1A;UBE2C;PLK2;PLK1;CDC25A;AURKA;EPS8;CCNB3;CCNA1;CDK6;RPS6KB1;CCNE1;CDK4;CDK2;CDK1;E2F3;PIM2;CDK14;EIF4E,Biological_Process
MAPK Cascade ,GO:0000165,19/98,1.8201802429076576e-15,2.489602087799252e-13,0,0,15.300263028111129,519.2884923538968,MAP2K3;MAP2K4;MAP2K1;MAP2K2;BRAF;MAPK14;MAPK12;MAPK13;MAPK11;MAPK8;NRAS;PAK1;CDK1;MAPK1;KRAS;MAP2K7;MAP2K5;MAP2K6;MAPK3,Biological_Process
G1/S Transition Of Mitotic Cell Cycle ,GO:0000082,16/63,3.3075771582081424e-15,4.285923665004445e-13,0,0,21.482930833960456,716.2959199727635,CDK17;PLK3;CDKN1A;PLK2;CDC25A;CDK6;CDK5;RPS6KB1;CCNE1;CDK4;CDK2;E2F3;PIM2;EIF4E;CDK14;CDK16,Biological_Process
Stress-Activated MAPK Cascade ,GO:0051403,13/42,7.837025575331735e-14,9.647378483233366e-12,0,0,28.04436635185592,846.304152178898,MAP2K3;MAP2K4;MAPK14;MAPK8IP2;MAPK13;MAPK10;MAPK9;MAPK11;MAPK8;MAPK1;MAP2K7;MAP2K6;MAPK3,Biological_Process
Protein Autophosphorylation ,GO:0046777,21/162,2.532963334298156e-13,2.969597966210505e-11,0,0,9.50660547907106,275.7316417193797,CSF1R;MAP2K2;PDPK1;DYRK1A;PTK6;PRKX;MAPK15;MTOR;AURKA;PAK1;ERBB2;PIM1;NEK2;PIM3;MAPKAPK5;PRKD2;PIM2;PRKD1;CDK12;PAK2;MAPK3,Biological_Process
Cellular Response To Oxygen-Containing Compound ,GO:1901701,31/406,1.148491013789986e-12,1.285265852704975e-10,0,0,5.389531531531532,148.1720847392499,RYR1;PRKAA1;PRKAA2;NCF1;ROCK2;CD80;RELA;ADD1;RAP1B;MAPK9;MAPK8;PDE4B;MAPK1;SCN5A;MAPK3;EGR1;PRKCD;PTK6;BRAF;TRPV1;MAPK14;ESR1;NFKB1;MTOR;CREB1;WT1;DLG4;CDK2;PRKD1;EZR;CFTR,Biological_Process
Positive Regulation Of Nucleic Acid-Templated Transcription ,GO:1903508,35/557,1.0134573810398869e-11,1.0848400313566096e-9,0,0,4.397503017897444,111.32308963528747,PRKAA1;NCF1;SHC1;CD80;LEF1;FOXO3;GATA1;RELA;MED14;MED13;RPS6KA1;DVL3;PIM2;DMAP1;MAP2K7;MAP2K3;EGR1;CREBBP;MAP2K1;SMAD4;MAP2K2;DYRK1A;DYRK1B;KLF4;ESR1;NFKB1;ESR2;RUNX1;HIPK2;CREB1;WT1;DDIT3;CTNNB1;TCF3;TP53,Biological_Process
Stress-Activated Protein Kinase Signaling Cascade ,GO:0031098,9/20,1.0725821710211008e-11,1.100290543772479e-9,0,0,50.58833619210978,1277.778763367512,MAP2K3;MAPK11;MAPK8;MAPK1;MAPK14;MAP2K7;MAPK13;MAP2K6;MAPK3,Biological_Process
Positive Regulation Of Macromolecule Metabolic Process ,GO:0010604,28/364,1.2552978459151993e-11,1.2362173186572883e-9,0,0,5.389353400222966,135.27850004251664,ATF2;DNMT1;PRKAA1;ROCK1;ROCK2;LEF1;TTBK1;RELA;MAPK9;MAPK8;MAPK7;MAP2K5;EGR1;MAP2K1;MAP2K2;NOS3;NTRK3;ANK2;BRAF;KLF4;MAPK14;MTOR;MAPK11;WT1;KRAS;EZR;TP53;NFE2L2,Biological_Process
Regulation Of Cell Population Proliferation ,GO:0042127,41/766,2.458135071693525e-11,2.327664825580561e-9,0,0,3.746650590788522,91.52705115200524,CSF1R;CEBPA;CDKN1A;CHRM1;PRKDC;SHC1;IRS2;PLG;PRL;FOXO4;RELA;GNAI2;SLC9A3R1;PAK1;RPS6KA2;NACC2;ERBB2;S1PR3;PIM2;CGA;JUNB;STAT5B;MAP2K1;JUP;KSR1;NOS3;NTRK3;TSC1;AXIN2;MAPK15;RUNX1;CDK6;WT1;CDK4;CDK2;BCL2;CDK10;CTNNB1;KRAS;RAF1;TP53,Biological_Process
Regulation Of Cell Cycle ,GO:0051726,25/298,2.562614871236081e-11,2.336725115919716e-9,0,0,5.882638332969459,143.46230027002528,RB1;CDKN1A;CDC20;FZR1;RPS6KA2;PIM3;PIM2;DMAP1;PRKACA;JUNB;MAP2K6;PLK1;PTK6;TSC1;CDK11B;MAPK12;HIPK2;CDK9;NR4A1;CDK7;CDK6;CDK5;CDK4;CDK10;TP53,Biological_Process
Cell Cycle G1/S Phase Transition ,GO:0044843,12/52,3.4287898269234914e-11,3.014885912102013e-9,0,0,18.69809523809524,450.5535780672585,PLK3;CDKN1A;CDK6;RPS6KB1;CCNE1;CDK4;PLK2;CDK2;E2F3;PIM2;EIF4E;CDC25A,Biological_Process
Regulation Of Cytoskeleton Organization ,GO:0051493,16/114,5.4890222986995606e-11,4.659990654964938e-9,0,0,10.276264846774724,242.7838051964945,PRKAA1;PRKAA2;ROCK1;ROCK2;PRKCD;MTOR;CDC42;PAK1;CDK10;MAPK1;EZR;PAK3;CRK;PAK2;RHOQ;MAPK3,Biological_Process
Positive Regulation Of Gene Expression ,GO:0010628,31/480,8.392692837209258e-11,6.887603255069731e-9,0,0,4.484018539697827,104.03404862937774,ATF2;DNMT1;PRKAA1;SPI1;ROCK1;PRKDC;ROCK2;LEF1;TTBK1;RELA;MAPK9;MAPK8;ERBB2;EGR1;MAP2K1;MAP2K2;NOS3;NTRK3;DYRK1A;ANK2;BRAF;KLF4;MAPK14;MTOR;MAPK11;RPS6KB1;WT1;KRAS;EZR;TP53;NFE2L2,Biological_Process
Regulation Of Erythrocyte Differentiation ,GO:0045646,10/36,2.0751229431014275e-10,1.6480492535211983e-8,0,0,23.837660761950985,531.4804445401749,STAT5B;MAPK11;SPI1;CDK6;PRKDC;ARNT;NCKAP1L;FOXO3;MAPK14;GATA1,Biological_Process
Regulation Of Actin Cytoskeleton Organization ,GO:0032956,14/91,2.542345494653264e-10,1.9560170649488548e-8,0,0,11.383096137089748,251.484054860324,CSF1R;ROCK1;ROCK2;PRKCD;MTOR;EPS8;CDC42;PAK1;PIK3CA;CDK10;EZR;PAK3;CRK;RHOQ,Biological_Process
Regulation Of Angiogenesis ,GO:0045765,19/205,1.2620431404811092e-9,9.41560670261967e-8,0,0,6.463011450914677,132.4305551612241,ATF2;JUP;ROCK1;PDPK1;ROCK2;NOS3;PRKCA;PRL;FOXO4;HIPK1;KLF4;HK2;RUNX1;HIPK2;ERBB2;CTNNB1;PRKD2;PRKD1;PLCG1,Biological_Process
Cellular Response To Organonitrogen Compound ,GO:0071417,14/105,1.7776881990563366e-9,1.2848882126517589e-7,0,0,9.624969279921356,193.92341983625565,EGR1;GABRB2;JUP;ROCK2;TRPV1;GABRG2;RELA;MTOR;MAPK13;RAP1B;WT1;CTNNB1;EZR;CFTR,Biological_Process
Regulation Of Nucleic Acid-Templated Transcription ,GO:1903506,28/452,1.8266079383757743e-9,1.2848882126517589e-7,0,0,4.251372499526724,85.54103779228744,RB1;ATF2;GPI;CEBPA;SPI1;SRCAP;TCF7;CREM;FOXO4;NR3C1;RELA;RPS6KA4;RPS6KA5;SUFU;DMAP1;NCOA2;CREBBP;TCF7L1;NFYC;ACTN4;ESR1;CDK11B;ESR2;WT1;DDIT3;PRKCQ;TCF3;TP53,Biological_Process
Positive Regulation Of Telomerase Activity ,GO:0051973,9/33,2.042788629473532e-9,1.3805907525963684e-7,0,0,23.170990566037737,463.6271913924715,MAPK1;CTNNB1;NEK2;MAPKAPK5;PRKCQ;MAP2K7;KLF4;MAPK15;MAPK3,Biological_Process
Regulation Of Mitotic Cell Cycle ,GO:0007346,15/125,2.074811447849944e-9,1.3805907525963684e-7,0,0,8.550262237762238,170.9487750262431,RB1;PLK1;PRKCA;CDK11B;AURKA;CDC20;CDK9;SLC9A3R1;FZR1;RPS6KB1;CDK10;NEK2;PIM3;PIM2;EIF4E,Biological_Process
Regulation Of Telomerase Activity ,GO:0051972,10/45,2.2861611482825293e-9,1.4811917755451545e-7,0,0,17.69986480396575,352.1634446015223,MAPK1;CTNNB1;NEK2;MAPKAPK5;PRKCQ;MAP2K7;KLF4;MAPK15;TP53;MAPK3,Biological_Process
Positive Regulation Of Telomere Capping ,GO:1904355,7/16,2.9529894315420436e-9,1.86416922575808e-7,0,0,47.79444444444445,938.7042918662436,MAPK1;MAPKAPK5;NEK2;PRKCQ;MAP2K7;MAPK15;MAPK3,Biological_Process
Positive Regulation Of Protein Phosphorylation ,GO:0001934,25/377,3.5674855042790953e-9,2.1957873278837834e-7,0,0,4.543808323299217,88.38345516576803,CSF1R;CDKN1A;ROCK2;CD80;ARAF;GATA1;VTN;PAK1;ERBB2;DVL3;MAPK1;PAK2;MAPK3;MAP2K3;SMAD4;NTRK3;PLK1;CSNK1D;BRAF;AXIN2;PRKD2;KRAS;PRKD1;RAF1;TP53,Biological_Process
Regulation Of Protein Serine/Threonine Kinase Activity ,GO:0071900,14/112,4.200377076510518e-9,2.522275210333877e-7,0,0,8.934276586033775,172.32514459547937,RB1;CSF1R;MAP2K1;CDKN1A;MAP2K2;KSR1;CCNH;ADRB2;CDC25A;CCNB3;CCNA1;CDK7;CCNE1;CDK12,Biological_Process
Positive Regulation Of miRNA Metabolic Process ,GO:2000630,10/49,5.557811028859572e-9,3.171417139114439e-7,0,0,15.881258594192348,301.8719401518846,EGR1;SPI1;WT1;PRL;NR3C1;FOXO3;KLF4;TP53;RELA;NFKB1,Biological_Process
Positive Regulation Of Erythrocyte Differentiation ,GO:0045648,8/26,5.667845415151719e-9,3.171417139114439e-7,0,0,27.38418669453152,519.983445744223,STAT5B;MAPK11;PRKDC;ARNT;NCKAP1L;FOXO3;MAPK14;GATA1,Biological_Process
Regulation Of Cardiac Muscle Cell Contraction ,GO:0086004,8/26,5.667845415151719e-9,3.171417139114439e-7,0,0,27.38418669453152,519.983445744223,DSP;PLN;JUP;PDE4B;ANK2;CACNA1C;SCN5A;DSC2,Biological_Process
Regulation Of Cell Cycle G2/M Phase Transition ,GO:1902749,7/18,7.986738469872754e-9,4.369633358405938e-7,0,0,39.10056818181818,729.0489934797349,CDKN1A;DYRK3;CDK6;CDK4;CDK2;TP53;AURKA,Biological_Process
Regulation Of Protein Binding ,GO:0043393,14/118,8.352267521484154e-9,4.47027883432478e-7,0,0,8.416257065618089,156.5485486473922,CDKN1A;ROCK1;PRKCD;PLK1;CSNK1E;TTBK1;ADD1;ADD2;AURKA;HIPK2;VTN;MAPK8;PRKACA;CRK,Biological_Process
Ras Protein Signal Transduction ,GO:0007265,15/144,1.4767192712994416e-8,7.735495416891968e-7,0,0,7.283840190816935,131.33388690277616,RB1;GPSM2;CDKN1A;KSR1;ROCK1;ROCK2;PLK2;EPS8;RAP1B;GNA13;NRAS;CDK2;MAPKAPK5;KRAS;TP53,Biological_Process
Regulation Of Actin Filament-Based Process ,GO:0032970,11/70,1.7291785190146778e-8,8.869244820446118e-7,0,0,11.572302081098476,206.83215194115584,CDC42;PAK1;ROCK1;ROCK2;PRKCD;CDK10;EZR;PAK3;CRK;RHOQ;MTOR,Biological_Process
Positive Regulation Of miRNA Transcription ,GO:1902895,9/43,2.5870874237354385e-8,1.2998794361707449e-6,0,0,16.3476692563818,285.59620214608674,EGR1;SPI1;WT1;PRL;FOXO3;NR3C1;KLF4;TP53;RELA,Biological_Process
Cellular Response To Reactive Oxygen Species ,GO:0034614,11/73,2.722315179911433e-8,1.3404679945883898e-6,0,0,11.010667619436504,191.79699999833883,MAPK9;MAPK8;ANXA1;MAPK7;NCF1;PRKCD;MAPK1;RELA;MAPK3;MAPK13;NFE2L2,Biological_Process
Positive Regulation Of Telomere Maintenance Via Telomerase ,GO:0032212,8/32,3.503509543402429e-8,1.6913020580111337e-6,0,0,20.531870428422152,352.4688857521887,MAPK1;CTNNB1;NEK2;MAPKAPK5;PRKCQ;MAP2K7;MAPK15;MAPK3,Biological_Process
Regulation Of miRNA Transcription ,GO:1902893,10/59,3.6768749012368063e-8,1.7408588474701957e-6,0,0,12.633747505311272,216.2722919457916,EGR1;SPI1;WT1;PRL;NR3C1;FOXO3;KLF4;TP53;ESR1;RELA,Biological_Process
Fc-epsilon Receptor Signaling Pathway ,GO:0038095,7/22,4.045935230080359e-8,1.844646766010712e-6,0,0,28.667916666666667,488.0130284366126,MAPK10;MAP2K4;MAPK9;MAPK8;PRKCQ;PLCG1;MAP2K7,Biological_Process
Regulation Of Telomere Capping ,GO:1904353,7/22,4.045935230080359e-8,1.844646766010712e-6,0,0,28.667916666666667,488.0130284366126,MAPK1;MAPKAPK5;NEK2;PRKCQ;MAP2K7;MAPK15;MAPK3,Biological_Process
Cellular Response To Metal Ion ,GO:0071248,14/135,4.7556591283732736e-8,2.1283838238819003e-6,0,0,7.227523565600824,121.8657715124968,RYR1;PRKAA1;TIGAR;PRKAA2;NCF1;KCNA1;BRAF;ADD1;MAPK9;MAPK8;DLG4;MAPK1;SCN5A;MAPK3,Biological_Process
Positive Regulation Of Blood Vessel Endothelial Cell Migration ,GO:0043536,9/46,4.8411654808036734e-8,2.1283838238819003e-6,0,0,15.019887812340643,252.9878596252296,MAP2K3;ANXA1;NOS3;PDPK1;PRKCA;PRKD2;PLCG1;PRKD1;MAPK14,Biological_Process
Positive Regulation Of Cellular Process ,GO:0048522,30/594,5.060060645618774e-8,2.1855911069321797e-6,0,0,3.4223440074503904,57.4929914716473,CSF1R;PRKAA1;PRKAA2;SHC1;LEF1;IRS2;PRL;RELA;GNAI2;CDC42;RPS6KA3;PAK1;MAPK8;RPS6KA1;ERBB2;S1PR3;CGA;LGI1;NTRK3;PRKCA;PTK6;AXIN2;MAPK15;MTOR;CDK4;CDK2;BCL2;CTNNB1;PRKD2;KRAS,Biological_Process
Cellular Response To Oxidative Stress ,GO:0034599,13/117,6.332514940556708e-8,2.688043410974244e-6,0,0,7.790207006369426,129.12255089167812,PRKAA1;PRKAA2;NCF1;PRKCD;ARNT;FOXO3;MAPK9;MAPK8;MAPK1;PRKD1;TP53;NFE2L2;MAPK3,Biological_Process
Positive Regulation Of Telomere Maintenance Via Telomere Lengthening ,GO:1904358,8/35,7.511841994964304e-8,3.134602540949512e-6,0,0,18.24776500638569,299.33998737379244,MAPK1;CTNNB1;NEK2;MAPKAPK5;PRKCQ;MAP2K7;MAPK15;MAPK3,Biological_Process
Positive Regulation Of Myeloid Cell Differentiation ,GO:0045639,8/36,9.52165336892744e-8,3.877029085297839e-6,0,0,17.595163457232424,284.4629824418224,STAT5B;MAPK11;PRKDC;ARNT;NCKAP1L;FOXO3;MAPK14;GATA1,Biological_Process
Positive Regulation Of DNA Biosynthetic Process ,GO:2000573,10/65,9.605961584206668e-8,3.877029085297839e-6,0,0,11.25207915113278,181.81443498964168,MAPK1;CTNNB1;NEK2;MAPKAPK5;PRKCQ;PRKD2;MAP2K7;KLF4;MAPK15;MAPK3,Biological_Process
Regulation Of Autophagy ,GO:0010506,18/241,9.942549876691183e-8,3.948154483292531e-6,0,0,5.080761025730332,81.92146539532767,PRKAA1;PRKAA2;ROCK1;BAD;PLK2;ITPR1;FOXO3;MAPK15;MTOR;MAPK8;CDK5;DDIT3;BCL2;PRKD1;PIM2;PRKACA;EIF4E;CDK16,Biological_Process
Positive Regulation Of Proteasomal Ubiquitin-Dependent Protein Catabolic Process ,GO:0032436,11/83,1.0678539381911069e-7,4.173105390200801e-6,0,0,9.476573488045007,152.1221716895369,CDC20;CEBPA;PLK3;FZR1;CSNK1A1;PLK1;CSNK1D;AXIN2;CSNK1E;GABARAP;NFE2L2,Biological_Process
Negative Regulation Of DNA-templated Transcription ,GO:0045892,41/1025,1.1515173453405137e-7,4.429743287856788e-6,0,0,2.72275641025641,43.50152040971768,RB1;ATF2;CEBPA;SPI1;SHC1;EHMT2;PRDM5;LEF1;CREM;PRDM12;NR3C1;FOXO3;GATA1;RELA;RPS6KA5;NKRF;SUFU;NACC2;DMAP1;MAP2K5;PLK3;CREBBP;SMAD4;PLK1;KLF4;ESR1;FOXP2;NFKB1;ESR2;RUNX1;PER3;CREB1;CDK5;WT1;DDIT3;MAFF;CTNNB1;TCF3;EZR;TP53;ATF3,Biological_Process
Negative Regulation Of Transcription By RNA Polymerase II ,GO:0000122,34/763,1.2841701775085846e-7,4.86404150311713e-6,0,0,3.015473063760259,47.849475063845794,RB1;ATF2;CEBPA;SPI1;EHMT2;PRDM5;LEF1;CREM;PRDM12;NR3C1;FOXO3;GATA1;RELA;SUFU;NACC2;DMAP1;MAP2K5;PLK3;CREBBP;SMAD4;PLK1;KLF4;ESR1;NFKB1;ESR2;RUNX1;PER3;WT1;DDIT3;MAFF;TCF3;EZR;TP53;ATF3,Biological_Process
Response To Laminar Fluid Shear Stress ,GO:0034616,5/9,1.3530791784201936e-7,5.047395359500783e-6,0,0,76.35481366459628,1207.6058025069924,MAPK7;KLF4;ASS1;MAP2K5;NFE2L2,Biological_Process
Fc Receptor Signaling Pathway ,GO:0038093,7/26,1.4752297770366985e-7,5.420918971737838e-6,0,0,22.62796052631579,355.9215697652922,MAPK10;MAPK9;MAP2K4;MAPK8;PRKCQ;PLCG1;MAP2K7,Biological_Process
Regulation Of Blood Vessel Endothelial Cell Migration ,GO:0043535,9/54,2.0833134612739865e-7,7.541161745093438e-6,0,0,12.344654088050314,189.9118375426688,MAP2K3;JUP;PDPK1;NOS3;PRKCA;PRKD2;PRKD1;PLCG1;MAPK14,Biological_Process
Cellular Response To Organic Cyclic Compound ,GO:0071407,14/152,2.1134856231171701e-7,7.541161745093438e-6,0,0,6.33166643515303,97.31617522479505,EGR1;GABRB2;JUP;ROCK2;TRPV1;NR3C1;ESR1;GABRG2;RAP1B;CREB1;WT1;CTNNB1;EZR;CFTR,Biological_Process
Transmembrane Receptor Protein Tyrosine Kinase Signaling Pathway ,GO:0007169,19/284,2.458349630910252e-7,8.64636684471577e-6,0,0,4.517912276402843,68.75632420208078,CSF1R;SHC1;NTRK3;PTK6;IRS2;ADRB2;FOXO4;MAPK14;PRLR;PAK1;PIK3CA;ERBB2;MAPK1;PRKD2;PRKD1;PAK3;PAK2;CRK;RHOQ,Biological_Process
Negative Regulation Of Intracellular Signal Transduction ,GO:1902532,17/231,2.793777528951873e-7,9.574960328268284e-6,0,0,4.986478745854688,75.24945988562452,MAP2K3;PRKAA1;SPI1;PRKAA2;PLEK;ITPR1;TSC1;MAPK14;ESR1;RELA;CIT;SLC9A3R1;DDIT3;RPS6KA1;AKT1S1;BCL2;MAPKAPK5,Biological_Process
Regulation Of Heart Rate By Cardiac Conduction ,GO:0086091,8/41,2.800150867730774e-7,9.574960328268284e-6,0,0,14.925429847059942,225.2011893458901,DSP;JUP;CACNA2D1;ANK2;CACNA1C;SCN5A;SCN1B;DSC2,Biological_Process
Response To Angiotensin ,GO:1990776,4/5,3.46321355280297e-7,1.1680043516439606e-5,0,0,243.61609907120743,3624.0084164530726,ROCK1;ROCK2;PRKCD;RELA,Biological_Process
Response To Epidermal Growth Factor ,GO:0070849,7/30,4.316196360041829e-7,1.4360101943814845e-5,0,0,18.688858695652176,273.8987008844683,STAT5B;PDPK1;ERBB2;MAPK1;PLCG1;PTPN12;MAPK3,Biological_Process
Regulation Of Intracellular Signal Transduction ,GO:1902531,19/297,4.882060309037605e-7,1.6026176641134112e-5,0,0,4.303758292067645,62.54448928651399,PLK3;CSF1R;DYRK2;PDPK1;NTRK3;ARAF;RELA;MTOR;HIPK2;AURKA;GNA13;PAK1;PRKD2;MAPKAPK5;EZR;PAK3;PAK2;CRK;MAP2K6,Biological_Process
Positive Regulation Of Angiogenesis ,GO:0045766,12/119,5.927651094926053e-7,1.920246973119466e-5,0,0,6.966088117489987,99.88302892343036,JUP;PDPK1;NOS3;PRKCA;PRKD2;PRKD1;PLCG1;HIPK1;KLF4;HK2;RUNX1;HIPK2,Biological_Process
Positive Regulation Of Transferase Activity ,GO:0051347,13/143,6.693874072758894e-7,2.140301034692519e-5,0,0,6.223885350318471,88.48437343914232,CSF1R;NTRK3;PLK1;KLF4;MAPK15;ERBB2;MAPK1;CTNNB1;NEK2;MAPKAPK5;PRKCQ;MAP2K7;MAPK3,Biological_Process
Cardiac Conduction ,GO:0061337,8/46,7.122454506391702e-7,2.248138845479022e-5,0,0,12.95825771324864,183.42210673577165,DSP;JUP;CACNA2D1;ANK2;CACNA1C;SCN5A;SCN1B;DSC2,Biological_Process
Positive Regulation Of Mitotic Cell Cycle Phase Transition ,GO:1901992,9/63,8.149281005693767e-7,2.5137066346958065e-5,0,0,10.282494758909854,144.16228287686238,RB1;CDC20;ANXA1;ESPL1;UBE2C;CDK4;CDK1;CDC25A;PHOX2B,Biological_Process
Regulation Of Transcription From RNA Polymerase II Promoter In Response To Stress ,GO:0043618,5/12,8.168015059937632e-7,2.5137066346958065e-5,0,0,43.62466725820763,611.5249024798163,MAPK7;DDIT3;ARNT;TP53;NFE2L2,Biological_Process
Positive Regulation Of Cellular Catabolic Process ,GO:0031331,13/146,8.492183725354841e-7,2.5812044854103236e-5,0,0,6.082563095637182,85.02784217563156,PRKAA1;PRKAA2;ROCK1;BAD;PLK2;PRKCD;ARNT;IRS2;FOXO3;MTOR;PIM2;PRKD1;CDK16,Biological_Process
Positive Regulation Of Protein Metabolic Process ,GO:0051247,15/196,8.610914189051606e-7,2.585374479688421e-5,0,0,5.177433064173396,72.30319010564479,CYFIP2;PRKDC;ROCK2;BAD;PLK2;CD80;PLK1;KLF4;MTOR;MAPK8;MAPK7;RPS6KB1;ERBB2;EZR;MAP2K5,Biological_Process
Calcium Ion Transmembrane Import Into Cytosol ,GO:0097553,10/83,1.0064529707641263e-6,2.985406281953348e-5,0,0,8.469815479019921,116.9603452928453,RYR1;CACNA2D1;ITPR1;SCN7A;SCN5A;CACNA1C;CACNA1S;PLCG1;TRPV1;GRIN1,Biological_Process
Cellular Response To Laminar Fluid Shear Stress ,GO:0071499,4/6,1.0255597068144956e-6,3.005866664496772e-5,0,0,121.80185758513932,1679.680750952066,MAPK7;KLF4;MAP2K5;NFE2L2,Biological_Process
Cellular Response To Vascular Endothelial Growth Factor Stimulus ,GO:0035924,7/34,1.078289805489548e-6,3.1083456745750115e-5,0,0,15.916898148148148,218.70031796173515,MAP2K3;NR4A1;PIK3CA;PRKD2;PRKD1;MAPK14;RELA,Biological_Process
Positive Regulation Of Vasculature Development ,GO:1904018,11/104,1.0878356416911065e-6,3.1083456745750115e-5,0,0,7.32884170409691,100.63467422692226,JUP;PDPK1;NOS3;PRKCA;PRKD2;PRKD1;PLCG1;HIPK1;HK2;RUNX1;HIPK2,Biological_Process
Cellular Response To Starvation ,GO:0009267,12/126,1.0983999743624126e-6,3.1083456745750115e-5,0,0,6.5360066833751045,89.68483536110189,CDKN1A;PRKAA1;MAPK8;PRKAA2;EHMT2;MAPK1;PRKD1;FOXO3;TP53;GABARAP;MTOR;MAPK3,Biological_Process
Regulation Of Cell Growth ,GO:0001558,16/227,1.1146977282024876e-6,3.1186202350392324e-5,0,0,4.745310190335411,65.04362172648638,RB1;LGI1;CDKN1A;SMAD4;CISH;CDK11B;ESR2;MTOR;CDC42;RPS6KA3;WT1;RPS6KA1;ERBB2;BCL2;PRKCQ;TP53,Biological_Process
Positive Regulation Of Endothelial Cell Migration ,GO:0010595,10/85,1.2579631583962285e-6,3.47989359097923e-5,0,0,8.243112513144059,111.99106414789026,MAP2K3;GPI;PDPK1;ROCK2;NOS3;PRKCA;PRKD2;PRKD1;PLCG1;MAPK14,Biological_Process
Positive Regulation Of Cyclase Activity ,GO:0031281,5/13,1.3095415563690947e-6,3.5823236797563456e-5,0,0,38.16964285714285,517.0396245678511,MAPK8;NOS3;CACNA1C;MAPK14;MAPK3,Biological_Process
Regulation Of G2/M Transition Of Mitotic Cell Cycle ,GO:0010389,7/35,1.329085484729116e-6,3.595833476267125e-5,0,0,15.34765625,207.66943534894085,CDKN1A;CDK6;CDK4;CDK2;CDK1;CDC25A;PHOX2B,Biological_Process
Regulation Of Mitotic Cell Cycle Phase Transition ,GO:1901990,10/86,1.4030989544519702e-6,3.754814810718207e-5,0,0,8.134235430848415,109.62368553925036,CDKN1A;CDK7;PLK5;CDK6;CCNH;UBE2C;CDK4;PLK1;CDK2;AURKA,Biological_Process
Regulation Of MAPK Cascade ,GO:0043408,15/204,1.4263826773158533e-6,3.776079732851216e-5,0,0,4.956247456247456,66.71291919417702,CSF1R;MAP2K1;MAP2K2;KSR1;ROCK1;SHC1;ROCK2;ADRB2;PAK1;ERBB2;MAPK1;PAK3;RAF1;PAK2;MAPK3,Biological_Process
Regulation Of Telomere Maintenance Via Telomerase ,GO:0032210,8/51,1.6189892069526644e-6,4.240373859061128e-5,0,0,11.44856747102136,152.6518619711023,MAPK1;CTNNB1;NEK2;MAPKAPK5;PRKCQ;MAP2K7;MAPK15;MAPK3,Biological_Process
Cellular Response To Salt ,GO:1902075,11/109,1.7405347031965471e-6,4.510733093968315e-5,0,0,6.953145182123483,92.20787069014754,RYR1;EGR1;PRKAA1;PRKAA2;DLG4;ROCK2;BRAF;TRPV1;SCN5A;ADD1;MAPK13,Biological_Process
Regulation Of Heart Contraction ,GO:0008016,9/69,1.7906072591076943e-6,4.592161533253275e-5,0,0,9.251415094339622,122.42356651967164,PLN;DMPK;TH;FXYD1;ANK2;CACNA1C;PRKACA;SCN1B;MYH6,Biological_Process
Cellular Response To Peptide Hormone Stimulus ,GO:0071375,10/89,1.929647883582034e-6,4.8977248344113065e-5,0,0,7.8241424749430974,102.9514203826935,NR4A1;GOT1;RPS6KB1;PDPK1;PRKDC;PRKCD;IRS2;RHOQ;RELA;NFKB1,Biological_Process
Regulation Of Cyclin-Dependent Protein Kinase Activity ,GO:1904029,8/53,2.190435964870305e-6,5.502911577051727e-5,0,0,10.938627655869036,142.54574141876347,CCNB3;CCNA1;CDKN1A;CDK7;CCNH;CCNE1;CDC25A;TTBK1,Biological_Process
Negative Regulation Of Protein Binding ,GO:0032091,9/71,2.2866368286891333e-6,5.686565527507723e-5,0,0,8.952069385270846,116.27331272277203,CDKN1A;MAPK8;ROCK1;PRKCD;CSNK1E;ADRB2;TTBK1;AURKA;TTBK2,Biological_Process
Stress-Induced Premature Senescence ,GO:0090400,4/7,2.3621051671904045e-6,5.757923684775025e-5,0,0,81.19711042311661,1051.9862968686268,CDKN1A;MAPKAPK5;MAPK14;TP53,Biological_Process
Regulation Of DNA-templated Transcription In Response To Stress ,GO:0043620,4/7,2.3621051671904045e-6,5.757923684775025e-5,0,0,81.19711042311661,1051.9862968686268,RPS6KA3;DDIT3;RPS6KA1;RELA,Biological_Process
G2/M Transition Of Mitotic Cell Cycle ,GO:0000086,7/38,2.3916026055801194e-6,5.772672171508092e-5,0,0,13.860282258064515,179.4012130451841,PLK3;PLK1;CDK2;CDK1;CDK14;CDC25A;AURKA,Biological_Process
Negative Regulation Of Macromolecule Metabolic Process ,GO:0010605,14/186,2.433435990941814e-6,5.816620786115288e-5,0,0,5.07121628649974,65.55158796856922,RB1;DNMT1;PRKAA1;SPI1;PRKAA2;ROCK2;KLF4;ESR1;TTBK1;NFKB1;AURKA;RBL2;PPP2CB;REL,Biological_Process
Chemical Synaptic Transmission ,GO:0007268,17/273,2.8317723332044115e-6,6.703676427258905e-5,0,0,4.159387600806451,53.13454518941695,GABRB2;CHRM1;KCNA1;CHRM4;GRIK2;GABRG2;GABARAP;GRIN1;RPS6KA3;TH;CDK5;DLG4;RPS6KA2;RPS6KA1;MAPK1;SLC17A7;SLC18A2,Biological_Process
Regulation Of ERK1 And ERK2 Cascade ,GO:0070372,16/244,2.865178750414888e-6,6.718161984306146e-5,0,0,4.387657246008913,55.999142116346086,CSF1R;MAP2K1;SMAD4;SHC1;NTRK3;GPR55;PRKCA;BRAF;ICAM1;SLC9A3R1;RPS6KA6;ERBB2;PRKD2;EZR;MAP2K7;MAPK3,Biological_Process
Mitotic G1 DNA Damage Checkpoint Signaling ,GO:0031571,6/26,3.187547504134326e-6,7.40353014639501e-5,0,0,18.367289719626168,232.46117112371545,PLK3;CDKN1A;PRKDC;PLK2;CDK2;TP53,Biological_Process
Mitotic DNA Damage Checkpoint Signaling ,GO:0044773,8/56,3.364295311780445e-6,7.741023418320986e-5,0,0,10.2533960292581,129.21629109894369,ATF2;CDKN1A;FZR1;PRKDC;PLK1;CDK2;CDK1;TP53,Biological_Process
Cell Cycle G2/M Phase Transition ,GO:0044839,7/40,3.4353825725932785e-6,7.8313999015969e-5,0,0,13.018939393939394,163.7962531823975,PLK3;PLK1;CDK2;CDK1;CDK14;CDC25A;AURKA,Biological_Process
Neuron Projection Development ,GO:0031175,14/192,3.532436507350757e-6,7.9787694321996e-5,0,0,4.8987687116344185,61.49680420594668,RB1;LGI1;ROCK1;STMN2;PRDM12;MAPK8IP3;CDC42;PAK1;CDK5;DLG4;NCKAP1L;PAK3;NEUROG1;CDK16,Biological_Process
Regulation Of Protein Metabolic Process ,GO:0051246,10/96,3.869643486411303e-6,8.589613738248991e-5,0,0,7.184725992223608,89.53855687531538,MAPK8;MAPK7;ROCK2;TSC1;MAPKAPK5;FOXO3;KLF4;EIF4E;MAP2K5;NFKB1,Biological_Process
Positive Regulation Of MAPK Cascade ,GO:0043410,18/310,3.872652822687401e-6,8.589613738248991e-5,0,0,3.866405107062109,48.18148099033069,CSF1R;MAP2K1;KSR1;ROCK1;SHC1;ROCK2;NTRK3;GPR55;PRKCA;BRAF;ADRB2;ICAM1;ERBB2;PRKD2;RAF1;MAP2K7;MAP2K5;MAPK3,Biological_Process
Cortical Cytoskeleton Organization ,GO:0030865,6/27,4.042176647269831e-6,8.885570451409218e-5,0,0,17.491766800178016,217.22548078464348,ROCK1;ROCK2;PLEK;NCKAP1L;EZR;RHOQ,Biological_Process
Regulation Of Amide Metabolic Process ,GO:0034248,7/41,4.085023424561041e-6,8.900289974574587e-5,0,0,12.635386029411764,156.78218333377396,TIGAR;ROCK1;PRKCD;TSC1;MAPKAPK5;FOXO3;EIF4E,Biological_Process
p38MAPK Cascade ,GO:0038066,4/8,4.663291354298823e-6,9.98349853415974e-5,0,0,60.89473684210526,747.5309443338064,MAP2K3;MAPK11;MAPK14;MAP2K6,Biological_Process
Positive Regulation Of Ubiquitin Protein Ligase Activity ,GO:1904668,4/8,4.663291354298823e-6,9.98349853415974e-5,0,0,60.89473684210526,747.5309443338064,CDC20;FZR1;UBE2C;PLK1,Biological_Process
Positive Regulation Of Protein Modification Process ,GO:0031401,15/225,4.792164997612362e-6,1.0085055268016183e-4,0,0,4.455815018315018,54.577176199251966,EGR1;CSF1R;CDKN1A;ROCK2;NTRK3;PRKCD;DYRK1A;CSNK1D;AXIN2;PTPA;PAK1;ERBB2;DVL3;KRAS;MAPK3,Biological_Process
Negative Regulation Of Cell Population Proliferation ,GO:0008285,20/379,4.792654209414677e-6,1.0085055268016183e-4,0,0,3.5048497001261194,42.92889284258651,CEBPA;CDKN1A;MAP2K1;NOS3;TSC1;PLG;FOXO4;AXIN2;SLC9A3R1;PAK1;CDK6;WT1;RPS6KA2;NACC2;CDK10;CTNNB1;E2F3;PIM2;RAF1;TP53,Biological_Process
Anterograde Trans-Synaptic Signaling ,GO:0098916,14/199,5.356618934174858e-6,1.1176267640625848e-4,0,0,4.711717468266989,57.18695160868388,GABRB2;CHRM1;KCNA1;CHRM4;GRIK2;GABARAP;GRIN1;RPS6KA3;CDK5;DLG4;RPS6KA2;RPS6KA1;MAPK1;SLC18A2,Biological_Process
Cytokine-Mediated Signaling Pathway ,GO:0019221,16/257,5.57356766968658e-6,1.1531196304847362e-4,0,0,4.148203492948727,50.182788855044485,EGR1;STAT5B;CSF1R;CEBPA;SMAD4;SPI1;ACTN4;FOXO3;PRLR;RELA;RPS6KA4;RPS6KA5;PRKACA;TP53;JAK3;MAPK3,Biological_Process
Regulation Of Cyclin-Dependent Protein Serine/Threonine Kinase Activity ,GO:0000079,9/79,5.635621266259396e-6,1.1562416297942194e-4,0,0,7.925741239892183,95.79370400852484,CCNB3;CCNA1;CEBPA;CDKN1A;CDK7;CCNH;CCNE1;PLK1;CDC25A,Biological_Process
DNA Damage Response ,GO:0006974,20/384,5.825105362761172e-6,1.185240446538678e-4,0,0,3.455811289687511,41.65404588623519,TOP2A;ATF2;PLK3;CDKN1A;TIGAR;DYRK2;PRKDC;PRKCD;CSNK1E;MAPK14;MAPK15;MAPK12;MTOR;PAK1;DDIT3;CDK1;BCL2;TP53;MAP2K6;MAPK3,Biological_Process
JNK Cascade ,GO:0007254,6/29,6.310353571104853e-6,1.273450040332799e-4,0,0,15.96911824461601,191.20334448856028,MAPK10;MAPK9;MAP2K4;MAPK8;MAP2K7;MAPK8IP2,Biological_Process
Response To Cytokine ,GO:0034097,11/125,6.670842915996409e-6,1.3352532731043218e-4,0,0,5.97237952476127,71.17741167622586,CDK9;CSF1R;ANXA1;LEF1;BCL2;REL;PRKCA;MAP2K7;JAK3;NFKB1;RELA,Biological_Process
Cardiac Muscle Cell Contraction ,GO:0086003,5/18,8.150697698998739e-6,1.6183078818495883e-4,0,0,23.483038700430004,275.1603226869366,PIK3CA;CACNA2D1;CACNA1C;SCN5A;SCN1B,Biological_Process
Regulation Of Actin Filament-Based Movement ,GO:1903115,4/9,8.285726294942978e-6,1.631956651051969e-4,0,0,48.71331269349845,569.9933147434276,MYBPC3;PLN;PDE4B;SCN5A,Biological_Process
Intrinsic Apoptotic Signaling Pathway ,GO:0097193,10/105,8.693452709159457e-6,1.6986730611071894e-4,0,0,6.501079196413747,75.75668826707675,CDKN1A;PRKDC;BAD;DDIT3;PRKCD;ITPR1;BCL2;TP53;PDK1;HIPK2,Biological_Process
Negative Regulation Of Cellular Process ,GO:0048523,24/537,9.35887980346335e-6,1.8142962264666748e-4,0,0,2.9583309208113797,34.25506088648449,RB1;CEBPA;CDKN1A;MAP2K1;SMAD4;NOS3;ADAM22;TSC1;PLG;FOXO4;AXIN2;ESR2;SLC9A3R1;NR4A1;CDK6;WT1;RPS6KA2;NACC2;CDK10;CTNNB1;PIM2;RAF1;TP53;CRK,Biological_Process
Positive Regulation Of Autophagy ,GO:0010508,10/107,1.0288123668762822e-5,1.978856286913599e-4,0,0,6.366385898728414,73.11488853633962,PLK3;PRKAA1;PRKAA2;ROCK1;BAD;PLK2;PIM2;PRKD1;FOXO3;CDK16,Biological_Process
Regulation Of Signal Transduction By P53 Class Mediator ,GO:1901796,7/47,1.050667520484616e-5,2.0052274693280032e-4,0,0,10.736796875,123.0812684963522,PLK3;DYRK2;MAPKAPK5;MTOR;AURKA;MAP2K6;HIPK2,Biological_Process
Regulation Of Early Endosome To Late Endosome Transport ,GO:2000641,5/19,1.0913928650707052e-5,2.0356130559121796e-4,0,0,21.804569653948537,249.1274722879892,MAP2K1;MAP2K2;MAPK1;EZR;MAPK3,Biological_Process
Regulation Of Transcription Involved In G1/S Transition Of Mitotic Cell Cycle ,GO:0000083,5/19,1.0913928650707052e-5,2.0356130559121796e-4,0,0,21.804569653948537,249.1274722879892,CDK17;RB1;CDK5;CDK14;CDK16,Biological_Process
Cortical Actin Cytoskeleton Organization ,GO:0030866,5/19,1.0913928650707052e-5,2.0356130559121796e-4,0,0,21.804569653948537,249.1274722879892,ROCK1;ROCK2;PLEK;NCKAP1L;RHOQ,Biological_Process
Negative Regulation Of Binding ,GO:0051100,9/86,1.1392788004135104e-5,2.108950681667716e-4,0,0,7.20264641019358,81.98433908813503,CDKN1A;MAPK8;PLN;ROCK1;PRKCD;LEF1;CSNK1E;TTBK1;AURKA,Biological_Process
Negative Regulation Of G1/S Transition Of Mitotic Cell Cycle ,GO:2000134,6/32,1.1551090638094205e-5,2.1222973993274572e-4,0,0,14.124370956146658,160.57616967786726,RB1;RBL2;PLK3;CDKN1A;NACC2;KLF4,Biological_Process
Peptidyl-Tyrosine Phosphorylation ,GO:0018108,8/67,1.3217817361832975e-5,2.410538247765392e-4,0,0,8.337070293820732,93.6581877945984,CSF1R;ERBB2;DYRK1A;PTK6;JAK3;PRLR;TTBK1;MAPK3,Biological_Process
Mitotic G1/S Transition Checkpoint Signaling ,GO:0044819,4/10,1.3631613917668211e-5,2.4677230489190537e-4,0,0,40.59236326109391,454.7610724538047,PLK3;PRKDC;CDK2;TP53,Biological_Process
Cardiac Muscle Contraction ,GO:0060048,6/33,1.3925045795773869e-5,2.497690512199888e-4,0,0,13.60055382485289,152.07896494503248,MYBPC3;PIK3CA;TNNI3;SCN5A;SCN1B;MYH6,Biological_Process
Positive Regulation Of DNA-binding Transcription Factor Activity ,GO:0051091,15/246,1.4000052424191088e-5,2.497690512199888e-4,0,0,4.046370296370297,45.22405321001391,ATF2;JUP;ESR1;RELA;ESR2;HIPK2;RPS6KA4;RPS6KA5;DDIT3;CTNNB1;PRKCQ;PRKD2;PRKD1;TCF3;NEUROG1,Biological_Process
Pyruvate Metabolic Process ,GO:0006090,7/50,1.6000885804122916e-5,2.834113730197886e-4,0,0,9.986191860465116,110.27618330384774,GPI;HK3;PDHA2;PDHB;DLD;HK2;PGM1,Biological_Process
Positive Regulation Of Cell Population Proliferation ,GO:0008284,22/483,1.6584416200034915e-5,2.8916270100491534e-4,0,0,3.006038192098432,33.08760392474097,CSF1R;CDKN1A;SHC1;BAD;NTRK3;LEF1;IRS2;PRL;MAPK15;RELA;GNAI2;PAK1;CDK6;CDK4;CDK2;ERBB2;PIM1;BCL2;S1PR3;KRAS;SCN5A;CGA,Biological_Process
Cellular Response To Hydrogen Peroxide ,GO:0070301,6/34,1.6677946199308683e-5,2.8916270100491534e-4,0,0,13.11415220293725,144.27433958091294,MAPK7;ANXA1;PRKCD;RELA;MAPK13;NFE2L2,Biological_Process
Positive Regulation Of Carbohydrate Metabolic Process ,GO:0045913,6/34,1.6677946199308683e-5,2.8916270100491534e-4,0,0,13.11415220293725,144.27433958091294,PRKAA1;PRKAA2;ARNT;IRS2;MTOR;NFKB1,Biological_Process
Positive Regulation Of Cell Differentiation ,GO:0045597,16/283,1.8590943645920352e-5,3.1788666177886546e-4,0,0,3.739248768621217,40.73102358699249,SMAD4;LEF1;AXIN2;MAPK14;NFKB1;MAPK12;MTOR;RPS6KA3;MAPK9;MAPK11;CREB1;RPS6KA1;CTNNB1;PRKD1;TCF3;NEUROG1,Biological_Process
Response To Cadmium Ion ,GO:0046686,5/21,1.8592883548398305e-5,3.1788666177886546e-4,0,0,19.07705745341615,207.8012676143649,MAPK9;MAPK8;NCF1;MAPK1;MAPK3,Biological_Process
Response To Nutrient Levels ,GO:0031667,6/35,1.985359966031485e-5,3.34791523039008e-4,0,0,12.661295520464067,137.08543210044965,PRKAA1;CREBBP;PRKAA2;RPS6KB1;PRL;MTOR,Biological_Process
Regulation Of Cardiac Muscle Contraction ,GO:0055117,6/35,1.985359966031485e-5,3.34791523039008e-4,0,0,12.661295520464067,137.08543210044965,PLN;PDE4B;TNNI3;ANK2;SCN5A;PRKACA,Biological_Process
Positive Regulation Of Telomere Maintenance ,GO:0032206,7/52,2.08404603771679e-5,3.402585430569197e-4,0,0,9.54138888888889,102.84295024531912,MAPK1;NEK2;MAPKAPK5;PRKCQ;MAP2K7;MAPK15;MAPK3,Biological_Process
Regulation Of Cytoplasmic Transport ,GO:1903649,4/11,2.114523033619363e-5,3.402585430569197e-4,0,0,34.79168509509067,374.5010451122596,MAP2K1;MAP2K2;MAPK1;MAPK3,Biological_Process
Cellular Response To Fluid Shear Stress ,GO:0071498,4/11,2.114523033619363e-5,3.402585430569197e-4,0,0,34.79168509509067,374.5010451122596,MAPK7;KLF4;MAP2K5;NFE2L2,Biological_Process
Regulation Of Stress-Activated Protein Kinase Signaling Cascade ,GO:0070302,4/11,2.114523033619363e-5,3.402585430569197e-4,0,0,34.79168509509067,374.5010451122596,MAP2K1;MAP2K2;MAPK1;MAPK3,Biological_Process
Regulation Of Ventricular Cardiac Muscle Cell Action Potential ,GO:0098911,4/11,2.114523033619363e-5,3.402585430569197e-4,0,0,34.79168509509067,374.5010451122596,DSP;JUP;CACNA1C;DSC2,Biological_Process
Positive Regulation Of Metaphase/Anaphase Transition Of Cell Cycle ,GO:1902101,4/11,2.114523033619363e-5,3.402585430569197e-4,0,0,34.79168509509067,374.5010451122596,CDC20;RB1;ESPL1;UBE2C,Biological_Process
Positive Regulation Of Mitotic Metaphase/Anaphase Transition ,GO:0045842,4/11,2.114523033619363e-5,3.402585430569197e-4,0,0,34.79168509509067,374.5010451122596,CDC20;RB1;ESPL1;UBE2C,Biological_Process
"DNA Damage Response, Signal Transduction By P53 Class Mediator ",GO:0030330,6/36,2.349896607378484e-5,3.746716481509882e-4,0,0,12.238629283489097,130.44609275188668,PLK3;CDKN1A;RPS6KA6;PLK2;TP53;HIPK2,Biological_Process
Actin Cytoskeleton Reorganization ,GO:0031532,7/53,2.3678529328997212e-5,3.746716481509882e-4,0,0,9.333491847826089,99.41047898386256,PAK1;ANXA1;CDC42BPG;PLEK;CDC42BPB;EZR;CDC42BPA,Biological_Process
Cellular Response To Cadmium Ion ,GO:0071276,5/22,2.374036438324702e-5,3.746716481509882e-4,0,0,17.953964194373402,191.1798041337521,MAPK9;MAPK8;NCF1;MAPK1;MAPK3,Biological_Process
Apoptotic Process ,GO:0006915,14/228,2.5015919646695084e-5,3.922878609564541e-4,0,0,4.067152369293243,43.0955389803534,CYFIP2;PLK3;DMPK;BAD;PRKCD;CDK11B;HK2;MTOR;CIT;CDK5;ESPL1;PIK3CA;BCL2;RAF1,Biological_Process
Metal Ion Transport ,GO:0030001,12/171,2.5780116215890844e-5,4.0171295014888137e-4,0,0,4.675411799940102,49.39996651022102,RYR1;CACNA2D1;KCNA1;KCNA2;ITPR1;KCNA3;KCNA4;SCN7A;SLC17A7;CACNA1S;SCN5A;KCNA6,Biological_Process
ERBB Signaling Pathway ,GO:0038127,7/54,2.682756648741374e-5,4.154054634717776e-4,0,0,9.134441489361702,96.1498673422049,PIK3CA;PDPK1;SHC1;MAPK1;BRAF;PTK6;PLCG1,Biological_Process
Positive Regulation Of Protein Kinase Activity ,GO:0045860,11/145,2.725094424950904e-5,4.193239046393204e-4,0,0,5.075784054411487,53.34863435248188,MAP2K3;CSF1R;EGR1;MAP2K1;CDKN1A;MAP2K2;DLG4;PRKCD;ADRB2;AXIN2;TTBK1,Biological_Process
Calcium Ion Import Across Plasma Membrane ,GO:0098703,6/37,2.766423359929973e-5,4.230393982700369e-4,0,0,11.843231835996384,124.29910230433836,CACNA2D1;SCN7A;CACNA1C;CACNA1S;SCN5A;TRPV1,Biological_Process
Positive Regulation Of Cellular Biosynthetic Process ,GO:0031328,12/174,3.062197851636538e-5,4.653784636252566e-4,0,0,4.588124632569077,47.68801564583384,EGR1;DYRK2;RPS6KB1;PRKDC;ERBB2;ARNT;CTNNB1;IRS2;PRKD2;KLF4;ASS1;MTOR,Biological_Process
Defense Response To Tumor Cell ,GO:0002357,4/12,3.130954987799727e-5,4.70025071948959e-4,0,0,30.44117647058824,315.7233222940285,PLK5;SPI1;KLF4;RELA,Biological_Process
Regulation Of Actomyosin Structure Organization ,GO:0110020,4/12,3.130954987799727e-5,4.70025071948959e-4,0,0,30.44117647058824,315.7233222940285,CDC42;ROCK1;ROCK2;TSC1,Biological_Process
Negative Regulation Of Epithelial Cell Apoptotic Process ,GO:1904036,6/38,3.24028893993851e-5,4.834903860684007e-4,0,0,11.472546728971963,118.59473235997852,PRKAA1;PRKAA2;MAPK7;PDPK1;ICAM1;NFE2L2,Biological_Process
Wnt Signaling Pathway ,GO:0016055,8/76,3.3643507243042616e-5,4.989778001950056e-4,0,0,7.230315323621611,74.47000983508329,TCF7L1;JUP;CSNK1A1;LEF1;TCF7;DVL3;CTNNB1;CSNK1E,Biological_Process
Positive Regulation Of Endothelial Cell Proliferation ,GO:0001938,8/77,3.701719832228352e-5,5.457266004159402e-4,0,0,7.125164690382082,72.70609205001051,NR4A1;NRAS;PDPK1;ARNT;PRKCA;PRKD2;PRKD1;PLCG1,Biological_Process
Positive Regulation Of Cell Cycle G2/M Phase Transition ,GO:1902751,5/24,3.730270583920638e-5,5.466622724769411e-4,0,0,16.0624387054593,163.77976786824695,DYRK3;CDK4;CDK1;CDC25A;PHOX2B,Biological_Process
Striated Muscle Contraction ,GO:0006941,7/57,3.840600977550992e-5,5.562093886312084e-4,0,0,8.5850625,87.28687681893922,RYR1;MYBPC3;PIK3CA;TNNI3;SCN5A;SCN1B;MYH6,Biological_Process
Myeloid Cell Differentiation ,GO:0030099,7/57,3.840600977550992e-5,5.562093886312084e-4,0,0,8.5850625,87.28687681893922,CEBPA;DYRK3;SPI1;PRKX;GATA1;RUNX1;HIPK2,Biological_Process
Regulation Of TOR Signaling ,GO:0032006,8/78,4.066884134128309e-5,5.855361835218653e-4,0,0,7.023018360949395,71.0030550356884,DYRK3;PRKAA1;PRKAA2;PIK3CA;RPS6KA1;ARAF;TSC1;MAPKAPK5,Biological_Process
Negative Regulation Of Gene Expression ,GO:0010629,17/336,4.214125982391275e-5,5.94616837432996e-4,0,0,3.32711093133785,33.518923361569286,RB1;DNMT1;PRKAA1;SPI1;PRKAA2;ROCK2;TSC1;KLF4;ESR1;TTBK1;NFKB1;AURKA;RPS6KA4;RBL2;PPP2CB;RPS6KA5;REL,Biological_Process
acetyl-CoA Biosynthetic Process From Pyruvate ,GO:0006086,3/5,4.226561598325519e-5,5.94616837432996e-4,0,0,91.06944444444444,917.20924863574,PDHA2;PDHB;DLD,Biological_Process
Regulation Of Pentose-Phosphate Shunt ,GO:0043456,3/5,4.226561598325519e-5,5.94616837432996e-4,0,0,91.06944444444444,917.20924863574,TIGAR;TP53;MTOR,Biological_Process
Bundle Of His cell-Purkinje Myocyte Adhesion Involved In Cell Communication ,GO:0086073,3/5,4.226561598325519e-5,5.94616837432996e-4,0,0,91.06944444444444,917.20924863574,DSP;JUP;DSC2,Biological_Process
Cellular Response To UV ,GO:0034644,8/79,4.461627210493029e-5,6.241208063769226e-4,0,0,6.923749392909179,69.35804970014829,MAPK11;CDKN1A;CREBBP;PRKCD;MAPK14;TP53;CDC25A;MAPK13,Biological_Process
Microtubule Cytoskeleton Organization Involved In Mitosis ,GO:1902850,7/59,4.8192402471150254e-5,6.703372592314798e-4,0,0,8.254026442307692,82.04757477030816,PTPA;GPSM2;PLK3;ESPL1;PLK2;PLK1;CDK1,Biological_Process
Response To Amino Acid Starvation ,GO:1990928,6/41,5.064487546168296e-5,6.965792367970025e-4,0,0,10.48758344459279,103.72925324946004,CDKN1A;MAPK8;MAPK1;PRKD1;MTOR;MAPK3,Biological_Process
Heart Contraction ,GO:0060047,6/41,5.064487546168296e-5,6.965792367970025e-4,0,0,10.48758344459279,103.72925324946004,MYBPC3;PIK3CA;TNNI3;SCN5A;SCN1B;MYH6,Biological_Process
Phosphate-Containing Compound Metabolic Process ,GO:0006796,12/184,5.291705470883664e-5,7.237877149619766e-4,0,0,4.319158361018826,42.5298232254916,BCKDK;GPI;HK3;PAK1;TIGAR;PFKFB3;CDK5;PIK3CA;PAK2;HK2;MTOR;MAPK3,Biological_Process
Cellular Response To Interleukin-1 ,GO:0071347,8/81,5.347386331402862e-5,7.273627153543561e-4,0,0,6.733370550092326,66.23157097731061,RPS6KA4;EGR1;MAPK11;RPS6KA5;RELA;NFKB1;MAPK3;MAPK13,Biological_Process
Regulation Of Actin Filament Bundle Assembly ,GO:0032231,5/26,5.620213350883811e-5,7.602728170261507e-4,0,0,14.531203785862171,142.21043725814818,CDC42;ROCK1;ROCK2;PLEK;TSC1,Biological_Process
Cellular Response To Amino Acid Starvation ,GO:0034198,6/42,5.828010436901102e-5,7.840744095983887e-4,0,0,10.195742471443406,99.41103584845172,CDKN1A;MAPK8;MAPK1;PRKD1;MTOR;MAPK3,Biological_Process
Plasma Membrane Bounded Cell Projection Organization ,GO:0120036,10/132,6.378948726438938e-5,8.5353107415721e-4,0,0,5.055334333143714,48.834136138866,RB1;LGI1;CSF1R;SLC9A3R1;CDK5;ROCK1;PLEK;STMN2;PRDM12;CDK16,Biological_Process
mRNA Transcription ,GO:0009299,6/43,6.680773228074613e-5,8.890845236497134e-4,0,0,9.919676686031826,95.36471373481156,NCOA2;TBP;CREB1;TP53;HIPK3;S100A10,Biological_Process
Negative Regulation Of Nucleic Acid-Templated Transcription ,GO:1903507,20/456,6.788013009738537e-5,8.960200279788723e-4,0,0,2.874368705734692,27.58752168754173,RB1;CEBPA;SMAD4;SPI1;SHC1;PRDM5;LEF1;NR3C1;KLF4;RELA;FOXP2;RPS6KA5;CDK5;NKRF;WT1;DDIT3;NACC2;CTNNB1;DMAP1;TP53,Biological_Process
Cellular Response To Epidermal Growth Factor Stimulus ,GO:0071364,5/27,6.805676085785911e-5,8.960200279788723e-4,0,0,13.869988706945229,133.0848784931509,STAT5B;PDPK1;ERBB2;PLCG1;PTPN12,Biological_Process
Calcium-Mediated Signaling ,GO:0019722,8/85,7.561438239626844e-5,9.849873516381636e-4,0,0,6.382282294508,60.56699130064078,PRKAA1;DMPK;PDPK1;ANK2;TNNI3;CACNA1C;PLCG1;PRKACA,Biological_Process
Negative Regulation Of Cell Cycle ,GO:0045786,8/85,7.561438239626844e-5,9.849873516381636e-4,0,0,6.382282294508,60.56699130064078,RB1;CEBPA;SLC9A3R1;NR4A1;CDKN1A;CDK6;RPS6KA2;PLK1,Biological_Process
Regulation Of Proteasomal Ubiquitin-Dependent Protein Catabolic Process ,GO:0032434,9/109,7.607477430429218e-5,9.857689175640388e-4,0,0,5.539528301886793,52.53574432466296,CEBPA;CSNK1A1;PLK1;CDK2;ARAF;CSNK1D;CSNK1E;AXIN2;GABARAP,Biological_Process
Positive Regulation Of Cytokine Production ,GO:0001819,16/320,8.117209759130983e-5,0.0010383440584206998,0,0,3.27788119817228,30.874163040318056,EGR1;CSF1R;ANXA1;ROCK2;CD80;ARNT;MAPK14;RELA;RUNX1;MAPK13;MAPK9;MAPK11;DDIT3;PDE4B;PRKCQ;PRKD2,Biological_Process
Regulation Of Platelet Activation ,GO:0010543,5/28,8.1748727665037e-5,0.0010383440584206998,0,0,13.266270591412368,124.86028566807708,NOS3;GNAQ;PLEK;PRKCA;PRKCQ,Biological_Process
Regulation Of Cardiac Muscle Cell Action Potential ,GO:0098901,5/28,8.1748727665037e-5,0.0010383440584206998,0,0,13.266270591412368,124.86028566807708,DSP;JUP;ANK2;CACNA1C;DSC2,Biological_Process
Positive Regulation Of Mitotic Sister Chromatid Separation ,GO:1901970,4/15,8.305010625559453e-5,0.0010383440584206998,0,0,22.135660005629045,207.9881321612289,RB1;CDC20;ESPL1;UBE2C,Biological_Process
Regulation Of Myosin-Light-Chain-Phosphatase Activity ,GO:0035507,3/6,8.350614279744052e-5,0.0010383440584206998,0,0,60.70987654320987,570.1015815677598,ROCK1;ROCK2;NCKAP1L,Biological_Process
Cardiac Muscle Cell-Cardiac Muscle Cell Adhesion ,GO:0086042,3/6,8.350614279744052e-5,0.0010383440584206998,0,0,60.70987654320987,570.1015815677598,DSP;JUP;DSC2,Biological_Process
Desmosome Organization ,GO:0002934,3/6,8.350614279744052e-5,0.0010383440584206998,0,0,60.70987654320987,570.1015815677598,DSP;JUP;PRKCA,Biological_Process
Positive Regulation Of Deacetylase Activity ,GO:0090045,3/6,8.350614279744052e-5,0.0010383440584206998,0,0,60.70987654320987,570.1015815677598,MAPK8;PRKD2;PRKD1,Biological_Process
Epidermal Growth Factor Receptor Signaling Pathway ,GO:0007173,6/45,8.684164918648161e-5,0.0010743926648096368,0,0,9.410016774502756,87.99705879490574,PIK3CA;SHC1;PDPK1;ERBB2;BRAF;PLCG1,Biological_Process
Canonical Wnt Signaling Pathway ,GO:0060070,7/65,9.045075745026352e-5,0.0011079092778236257,0,0,7.397898706896552,68.87965227202682,TCF7L1;JUP;LEF1;TCF7;DVL3;CTNNB1;CSNK1E,Biological_Process
Regulation Of Cell-Matrix Adhesion ,GO:0001952,7/65,9.045075745026352e-5,0.0011079092778236257,0,0,7.397898706896552,68.87965227202682,CDK6;ROCK1;JUP;ROCK2;TSC1;TLN1;VCL,Biological_Process
Small GTPase Mediated Signal Transduction ,GO:0007264,9/112,9.394181748574632e-5,0.001144974032920334,0,0,5.377358490566038,49.86335764378906,RB1;CDKN1A;NRAS;KSR1;PLK2;CDK2;MAPKAPK5;KRAS;TP53,Biological_Process
Response To Hydrogen Peroxide ,GO:0042542,6/46,9.850779176953218e-5,0.001194710262741814,0,0,9.17429906542056,84.63634840263335,MAPK7;ANXA1;PRKCD;RELA;MAPK13;NFE2L2,Biological_Process
Cellular Response To Chemical Stress ,GO:0062197,8/89,1.0487820618079034e-4,0.0012657359981230675,0,0,6.065869422191262,55.5798074007304,PRKAA1;MAPK8;PRKAA2;PIK3CA;PRKD1;FOXO3;MTOR;NFE2L2,Biological_Process
Regulation Of Establishment Of Endothelial Barrier ,GO:1903140,4/16,1.0931083225800249e-4,0.0012938618702846255,0,0,20.28998968008256,185.0713884756813,ROCK1;ROCK2;S1PR3;VCL,Biological_Process
Membrane Depolarization During Cardiac Muscle Cell Action Potential ,GO:0086012,4/16,1.0931083225800249e-4,0.0012938618702846255,0,0,20.28998968008256,185.0713884756813,CACNA2D1;CACNA1C;SCN5A;SCN1B,Biological_Process
Negative Regulation Of ATP-dependent Activity ,GO:0032780,4/16,1.0931083225800249e-4,0.0012938618702846255,0,0,20.28998968008256,185.0713884756813,PLN;TSC1;TNNI3;TP53,Biological_Process
Regulation Of Golgi Organization ,GO:1903358,4/16,1.0931083225800249e-4,0.0012938618702846255,0,0,20.28998968008256,185.0713884756813,MAP2K1;MAP2K2;MAPK1;MAPK3,Biological_Process
Positive Regulation Of Cell Projection Organization ,GO:0031346,9/118,1.4035060727241876e-4,0.0016237627889063683,0,0,5.079799203738965,45.06476265856992,NCOA2;PLK5;DLG4;NTRK3;STMN2;DVL3;PTK6;PRKD1;SCN1B,Biological_Process
"DNA Damage Response, Signal Transduction By P53 Class Mediator Resulting In Cell Cycle Arrest ",GO:0006977,4/17,1.4110938853380788e-4,0.0016237627889063683,0,0,18.72826863538938,166.04436457040867,PLK3;CDKN1A;PLK2;TP53,Biological_Process
Regulation Of Ubiquitin Protein Ligase Activity ,GO:1904666,4/17,1.4110938853380788e-4,0.0016237627889063683,0,0,18.72826863538938,166.04436457040867,CDC20;FZR1;UBE2C;PLK1,Biological_Process
Positive Regulation Of Transcription From RNA Polymerase II Promoter In Response To Stress ,GO:0036003,4/17,1.4110938853380788e-4,0.0016237627889063683,0,0,18.72826863538938,166.04436457040867,MAPK7;DDIT3;TP53;NFE2L2,Biological_Process
Intrinsic Apoptotic Signaling Pathway In Response To DNA Damage ,GO:0008630,6/49,1.4113941382045607e-4,0.0016237627889063683,0,0,8.532927624429473,75.6509089421867,DYRK2;PRKDC;BCL2;HIPK1;TP53;HIPK2,Biological_Process
Negative Regulation Of Cysteine-Type Endopeptidase Activity Involved In Apoptotic Process ,GO:0043154,6/49,1.4113941382045607e-4,0.0016237627889063683,0,0,8.532927624429473,75.6509089421867,RPS6KA3;RPS6KA1;RAF1;KLF4;PAK2;MAP2K5,Biological_Process
Cellular Response To Angiotensin ,GO:1904385,3/7,1.4436477116005187e-4,0.0016531444957955709,0,0,45.5300925925926,402.6302272695618,PRKCD;NFKB1;RELA,Biological_Process
Negative Regulation Of Extrinsic Apoptotic Signaling Pathway ,GO:2001237,7/70,1.4526692627119718e-4,0.00165577394666522,0,0,6.809027777777778,60.17095384105436,MAPK7;NOS3;BCL2;GATA1;RELA;MAP2K5;ICAM1,Biological_Process
Regulation Of Protein Kinase Activity ,GO:0045859,9/119,1.496891135608789e-4,0.0016983161179119073,0,0,5.03336192109777,44.32856672514428,RB1;MAP2K3;SLC9A3R1;CDKN1A;PDPK1;GNAQ;AKT1S1;AXIN2;PAK2,Biological_Process
Cellular Response To Hormone Stimulus ,GO:0032870,8/94,1.5405032654977654e-4,0.0017397793759887606,0,0,5.711744550557702,50.13901429529636,NCOA2;STAT5B;WT1;LMO2;NR3C1;GATA1;ESR1;ESR2,Biological_Process
Positive Regulation Of Intracellular Signal Transduction ,GO:1902533,21/525,1.6291996083901036e-4,0.001831547687605678,0,0,2.610157952069717,22.7664541532742,SMAD4;NCF1;KSR1;ROCK1;SHC1;ROCK2;PLK2;NTRK3;ADRB2;RELA;SLC9A3R1;PIK3CA;DDIT3;ERBB2;REL;CD27;PRKD2;PRKD1;PIM2;RAF1;TP53,Biological_Process
Protein Stabilization ,GO:0050821,12/208,1.6991215641157825e-4,0.0019014714958422985,0,0,3.785617103984451,32.86002329869428,GPI;CDK7;PER3;CREB1;CCNH;GNAQ;PRKCD;DVL3;ANK2;TSC1;PIM2;MAPK8IP3,Biological_Process
Regulation Of Stress-Activated MAPK Cascade ,GO:0032872,6/51,1.7685929551909845e-4,0.001967821525861012,0,0,8.152855659397716,70.44194541197407,MAP2K1;MAP2K2;MAPK1;MAPK8IP2;MAPK8IP3;MAPK3,Biological_Process
Regulation Of Ventricular Cardiac Muscle Cell Membrane Repolarization ,GO:0060307,4/18,1.790978662098936e-4,0.001967821525861012,0,0,17.389650597080937,150.03056975232084,CACNA2D1;ANK2;SCN5A;SCN1B,Biological_Process
Positive Regulation Of CREB Transcription Factor Activity ,GO:0032793,4/18,1.790978662098936e-4,0.001967821525861012,0,0,17.389650597080937,150.03056975232084,RPS6KA4;RPS6KA5;PRKD2;PRKD1,Biological_Process
Positive Regulation Of Glycolytic Process ,GO:0045821,4/18,1.790978662098936e-4,0.001967821525861012,0,0,17.389650597080937,150.03056975232084,PRKAA1;PRKAA2;ARNT;MTOR,Biological_Process
Cellular Response To Cytokine Stimulus ,GO:0071345,15/308,1.7985975175858598e-4,0.001967821525861012,0,0,3.179968495668154,27.421927800845022,EGR1;STAT5B;CSF1R;CEBPA;TCF7;LEF1;PRLR;RELA;NFKB1;MAPK13;CDK9;MAPK11;PRKACA;JAK3;NFE2L2,Biological_Process
Positive Regulation Of Macromolecule Biosynthetic Process ,GO:0010557,9/122,1.808704571428539e-4,0.001967821525861012,0,0,4.898981466021039,42.21809704741851,DYRK2;RPS6KB1;PRKDC;ERBB2;IRS2;PRKD2;KLF4;NFKB1;MTOR,Biological_Process
Positive Regulation Of ERK1 And ERK2 Cascade ,GO:0070374,11/179,1.8254615968269064e-4,0.001967821525861012,0,0,4.041497136829415,34.791258361711115,CSF1R;MAP2K1;SHC1;NTRK3;GPR55;PRKCA;PRKD2;BRAF;MAP2K7;ICAM1;MAPK3,Biological_Process
Epithelial Tube Morphogenesis ,GO:0060562,5/33,1.8463313260515588e-4,0.001967821525861012,0,0,10.894520851818989,93.6617184768218,CSF1R;PAK1;CTNNB1;PRKX;PRKD2,Biological_Process
Ventricular Cardiac Muscle Tissue Morphogenesis ,GO:0055010,5/33,1.8463313260515588e-4,0.001967821525861012,0,0,10.894520851818989,93.6617184768218,DSP;MYBPC3;SMAD4;TNNI3;MYH6,Biological_Process
Positive Regulation Of Nitrogen Compound Metabolic Process ,GO:0051173,5/33,1.8463313260515588e-4,0.001967821525861012,0,0,10.894520851818989,93.6617184768218,MAPK8;MAPK7;KLF4;MAP2K5;NFKB1,Biological_Process
Positive Regulation Of Small Molecule Metabolic Process ,GO:0062013,5/33,1.8463313260515588e-4,0.001967821525861012,0,0,10.894520851818989,93.6617184768218,PRKAA1;PRKAA2;ARNT;IRS2;MTOR,Biological_Process
Positive Regulation Of Epithelial Cell Proliferation ,GO:0050679,9/123,1.923947456987057e-4,0.0020417063099578167,0,0,4.855759682224429,41.54569206579635,NR4A1;NRAS;BAD;ERBB2;ARNT;PRKCA;PRKD2;PRKD1;SCN5A,Biological_Process
Cellular Response To Amyloid-Beta ,GO:1904646,5/34,2.13591104709986e-4,0.002247270511948656,0,0,10.51831227243521,88.89495971349677,CDK5;CACNA2D1;ADRB2;ICAM1;GRIN1,Biological_Process
Regulation Of Blood Circulation ,GO:1903522,5/34,2.13591104709986e-4,0.002247270511948656,0,0,10.51831227243521,88.89495971349677,PLN;DMPK;TH;FXYD1;MYH6,Biological_Process
Regulation Of Cellular Component Organization ,GO:0051128,10/153,2.17002893024719e-4,0.0022734515856462053,0,0,4.308309986543425,36.34317917361364,RAP1B;CISH;ROCK1;ROCK2;PRDM5;PRKCQ;AXIN2;CDK11B;MTOR;AURKA,Biological_Process
Cellular Response To Insulin Stimulus ,GO:0032869,8/99,2.2081355837175765e-4,0.0022919359203252706,0,0,5.396534499982776,45.429062690832176,GOT1;RPS6KB1;PRKDC;SHC1;PDPK1;IRS2;FOXO4;RHOQ,Biological_Process
Cellular Response To Lectin ,GO:1990858,4/19,2.2394723232510648e-4,0.0022919359203252706,0,0,16.229514963880288,136.394468393177,CREBBP;PAK1;PAK3;PAK2,Biological_Process
Stimulatory C-type Lectin Receptor Signaling Pathway ,GO:0002223,4/19,2.2394723232510648e-4,0.0022919359203252706,0,0,16.229514963880288,136.394468393177,CREBBP;PAK1;PAK3;PAK2,Biological_Process
Interleukin-1-Mediated Signaling Pathway ,GO:0070498,4/19,2.2394723232510648e-4,0.0022919359203252706,0,0,16.229514963880288,136.394468393177,RPS6KA4;RPS6KA5;RELA;MAPK3,Biological_Process
Intrinsic Apoptotic Signaling Pathway In Response To DNA Damage By P53 Class Mediator ,GO:0042771,4/19,2.2394723232510648e-4,0.0022919359203252706,0,0,16.229514963880288,136.394468393177,DYRK2;HIPK1;TP53;HIPK2,Biological_Process
Regulation Of Stress Fiber Assembly ,GO:0051492,7/75,2.243527850521488e-4,0.0022919359203252706,0,0,6.306755514705882,52.99119391315102,CDC42;PAK1;ROCK1;ROCK2;TSC1;PAK2;S100A10,Biological_Process
"DNA Damage Response, Signal Transduction By P53 Class Mediator Resulting In Transcription Of P21 Class Mediator ",GO:0006978,3/8,2.2818639399140877e-4,0.0023024381229788866,0,0,36.422222222222224,305.4129989968133,RPS6KA6;TP53;HIPK2,Biological_Process
Regulation Of Endothelial Cell Development ,GO:1901550,3/8,2.2818639399140877e-4,0.0023024381229788866,0,0,36.422222222222224,305.4129989968133,ROCK1;ROCK2;VCL,Biological_Process
Bundle Of His Cell To Purkinje Myocyte Communication ,GO:0086069,3/8,2.2818639399140877e-4,0.0023024381229788866,0,0,36.422222222222224,305.4129989968133,DSP;JUP;DSC2,Biological_Process
Response To UV ,GO:0009411,8/100,2.366592528085775e-4,0.002378184001692726,0,0,5.337603925310073,44.56306378323881,CREBBP;MAPK8;PRKCD;MAP2K7;TP53;CDC25A;RELA;MAPK13,Biological_Process
Regulation Of Focal Adhesion Assembly ,GO:0051893,6/54,2.4342976665983143e-4,0.0024264133016862555,0,0,7.642133956386293,63.58776713764628,ROCK1;ROCK2;TSC1;TLN1;VCL;S100A10,Biological_Process
Organelle Disassembly ,GO:1903008,6/54,2.4342976665983143e-4,0.0024264133016862555,0,0,7.642133956386293,63.58776713764628,PLK3;DYRK3;PRKAA1;PRKAA2;CDK1;AURKA,Biological_Process
Positive Regulation Of Mitotic Nuclear Division ,GO:0045840,5/35,2.458808855461934e-4,0.002440962662156162,0,0,10.167184265010352,84.49604558691925,RB1;CDC20;ESPL1;UBE2C;AURKA,Biological_Process
Hemopoiesis ,GO:0030097,8/101,2.534245141668754e-4,0.0025057476059391457,0,0,5.279940674823878,43.72025600505458,CSF1R;CEBPA;PLEK;PRKX;CDK13;HIPK1;TP53;RUNX1,Biological_Process
Negative Regulation Of Blood Vessel Morphogenesis ,GO:2000181,7/77,2.6436860793151623e-4,0.002603502050909572,0,0,6.1259375,50.466491173068505,ATF2;ROCK1;ROCK2;CTNNB1;PRL;FOXO4;KLF4,Biological_Process
Response To Peptide Hormone ,GO:0043434,6/55,2.695257902713984e-4,0.002643715122104314,0,0,7.485790577913408,61.52456350727024,STAT5B;ANXA1;CREB1;ROCK1;ROCK2;TSC1,Biological_Process
Regulation Of Phosphatase Activity ,GO:0010921,4/20,2.763449874145082e-4,0.0026891753320731986,0,0,15.21439628482972,124.6646410293962,PTPA;PPP1R17;ROCK1;TSC1,Biological_Process
Negative Regulation Of Phosphoprotein Phosphatase Activity ,GO:0032515,4/20,2.763449874145082e-4,0.0026891753320731986,0,0,15.21439628482972,124.6646410293962,PTPA;ROCK1;ROCK2;NCKAP1L,Biological_Process
Negative Regulation Of Protein Modification Process ,GO:0031400,7/78,2.8642362450644586e-4,0.00277627938399555,0,0,6.039348591549296,49.26923916109613,PTPA;CDKN1A;PRKAA1;PRKAA2;PRKDC;NTRK3;FXYD1,Biological_Process
Cellular Response To Peptide ,GO:1901653,6/56,2.9776943974900373e-4,0.0028749347476943027,0,0,7.335700934579439,59.55995746910202,CDK5;CACNA2D1;ADRB2;TP53;ICAM1;GRIN1,Biological_Process
Response To Insulin ,GO:0032868,7/79,3.099327880925593e-4,0.0029806817354839105,0,0,5.955164930555555,48.11270109977351,GOT1;RPS6KB1;PDPK1;PRKDC;IRS2;TSC1;RHOQ,Biological_Process
Aortic Valve Morphogenesis ,GO:0003180,5/37,3.214501467302849e-4,0.0030794173589492662,0,0,9.530764751552796,76.65277754931101,RB1;ROCK1;ROCK2;NOS3;AXIN2,Biological_Process
Transcription By RNA Polymerase II ,GO:0006366,11/192,3.3451825342446984e-4,0.003141489706875811,0,0,3.748723686971117,30.00035756246602,CDK9;NCOA2;CDK7;TBP;CREB1;SRCAP;CCNH;E2F3;CDK12;NFKB1;S100A10,Biological_Process
Positive Regulation Of G2/M Transition Of Mitotic Cell Cycle ,GO:0010971,4/21,3.369929334116852e-4,0.003141489706875811,0,0,14.31870333272628,114.48445647159716,CDK4;CDK1;CDC25A;PHOX2B,Biological_Process
Regulation Of Cell-Substrate Junction Assembly ,GO:0090109,4/21,3.369929334116852e-4,0.003141489706875811,0,0,14.31870333272628,114.48445647159716,ROCK1;ROCK2;TLN1;VCL,Biological_Process
"DNA Damage Response, Signal Transduction Resulting In Transcription ",GO:0042772,3/9,3.381376004557636e-4,0.003141489706875811,0,0,30.35030864197531,242.5614161611816,RPS6KA6;TP53;HIPK2,Biological_Process
Adherens Junction Assembly ,GO:0034333,3/9,3.381376004557636e-4,0.003141489706875811,0,0,30.35030864197531,242.5614161611816,CTNNB1;PAK2;VCL,Biological_Process
Response To Interleukin-4 ,GO:0070670,3/9,3.381376004557636e-4,0.003141489706875811,0,0,30.35030864197531,242.5614161611816,LEF1;TCF7;JAK3,Biological_Process
Negative Regulation Of Heterotypic Cell-Cell Adhesion ,GO:0034115,3/9,3.381376004557636e-4,0.003141489706875811,0,0,30.35030864197531,242.5614161611816,MAPK7;KLF4;MAP2K5,Biological_Process
Regulation Of Cell-Cell Adhesion Involved In Gastrulation ,GO:0070587,3/9,3.381376004557636e-4,0.003141489706875811,0,0,30.35030864197531,242.5614161611816,MAPK7;KLF4;MAP2K5,Biological_Process
Regulation Of Cell Differentiation ,GO:0045595,11/193,3.496701219169262e-4,0.0032364204517273394,0,0,3.7279350396439006,29.66884690157418,CDK9;RPS6KA3;CDK6;ROCK1;RPS6KA1;LEF1;CTNNB1;PRKACA;RAF1;KLF4;RUNX1,Biological_Process
Regulation Of G1/S Transition Of Mitotic Cell Cycle ,GO:2000045,8/106,3.524882297652332e-4,0.003250284725400764,0,0,5.009276437847866,39.82621889223966,RB1;RBL2;CDK7;CDKN1A;PLK5;ANXA1;CCNH;KLF4,Biological_Process
Response To Organic Cyclic Compound ,GO:0014070,6/58,3.611920936744759e-4,0.003309452124793229,0,0,7.052839683680805,55.90151702987485,STAT5B;ANXA1;CREB1;CTNNB1;TRPV1;ESR1,Biological_Process
Positive Regulation Of Growth ,GO:0045927,7/81,3.615932662751335e-4,0.003309452124793229,0,0,5.793623310810811,45.91440999797389,CDC42;LGI1;RPS6KA3;RPS6KA1;ERBB2;BCL2;MTOR,Biological_Process
Response To Transforming Growth Factor Beta ,GO:0071559,5/38,3.652454317323676e-4,0.003330497233055885,0,0,9.241483154526632,73.14579405593047,SMAD4;MAPK7;ROCK1;ROCK2;NR3C1,Biological_Process
Cellular Response To Lipid ,GO:0071396,12/228,3.940905908866373e-4,0.0035802621208963136,0,0,3.431569664902998,26.89983353192974,MAPK8;CREB1;ROCK2;CD80;PDE4B;PTK6;NR3C1;MAPK14;ESR1;CFTR;RELA;NFKB1,Biological_Process
Mitotic Cytokinesis ,GO:0000281,6/59,3.966261993466779e-4,0.003590050377910004,0,0,6.919414565332393,54.196427259991445,ESPL1;ROCK1;ROCK2;PLK1;CENPA;CIT,Biological_Process
Negative Regulation Of Extrinsic Apoptotic Signaling Pathway In Absence Of Ligand ,GO:2001240,4/22,4.0660504749138326e-4,0.003627034880158643,0,0,13.522531819745442,105.57944225327974,MAPK7;BCL2;GATA1;MAP2K5,Biological_Process
Negative Regulation Of Signal Transduction In Absence Of Ligand ,GO:1901099,4/22,4.0660504749138326e-4,0.003627034880158643,0,0,13.522531819745442,105.57944225327974,MAPK7;BCL2;GATA1;MAP2K5,Biological_Process
Positive Regulation Of Phosphatase Activity ,GO:0010922,4/22,4.0660504749138326e-4,0.003627034880158643,0,0,13.522531819745442,105.57944225327974,PTPA;ROCK1;PLEK;MTOR,Biological_Process
Regulation Of Cardiac Muscle Cell Membrane Repolarization ,GO:0099623,4/22,4.0660504749138326e-4,0.003627034880158643,0,0,13.522531819745442,105.57944225327974,CACNA2D1;ANK2;SCN5A;SCN1B,Biological_Process
Positive Regulation Of Ubiquitin-Dependent Protein Catabolic Process ,GO:2000060,7/83,4.199285873524892e-4,0.003732361668093243,0,0,5.640583881578947,43.857941954634384,CEBPA;CSNK1A1;PLK1;CSNK1D;AXIN2;CSNK1E;GABARAP,Biological_Process
Positive Regulation Of Phosphorylation ,GO:0042327,12/231,4.431881457269472e-4,0.003924925233020661,0,0,3.384040008697543,26.12991964672933,CSF1R;CDKN1A;PAK1;ROCK2;NTRK3;ERBB2;DVL3;CSNK1D;NCKAP1L;KRAS;AXIN2;MAPK3,Biological_Process
Regulation Of Protein Phosphorylation ,GO:0001932,13/265,4.4773762317720296e-4,0.003951003685527863,0,0,3.1906910322515416,24.604385838524,CSF1R;CDKN1A;PRKDC;ROCK2;NTRK3;CSNK1D;AXIN2;SLC9A3R1;PAK1;ERBB2;DVL3;KRAS;MAPK3,Biological_Process
Regulation Of Glycolytic Process ,GO:0006110,5/40,4.661999215637933e-4,0.004014426979849384,0,0,8.712511091393079,66.83276647751154,PRKAA1;TIGAR;PRKAA2;ARNT;MTOR,Biological_Process
Aortic Valve Development ,GO:0003176,5/40,4.661999215637933e-4,0.004014426979849384,0,0,8.712511091393079,66.83276647751154,RB1;ROCK1;ROCK2;NOS3;AXIN2,Biological_Process
Negative Regulation Of Cell-Cell Adhesion ,GO:0022408,5/40,4.661999215637933e-4,0.004014426979849384,0,0,8.712511091393079,66.83276647751154,MAPK7;PLG;KLF4;MAP2K5;ASS1,Biological_Process
Negative Regulation Of Protein Localization ,GO:1903828,5/40,4.661999215637933e-4,0.004014426979849384,0,0,8.712511091393079,66.83276647751154,CDK9;SPI1;ROCK2;MTOR;TTBK2,Biological_Process
Protein Localization To Chromosome ,GO:0034502,5/40,4.661999215637933e-4,0.004014426979849384,0,0,8.712511091393079,66.83276647751154,RB1;LEF1;PLK1;CENPA;ESR1,Biological_Process
Regulation Of Peptidyl-Lysine Acetylation ,GO:2000756,3/10,4.772126061766476e-4,0.004014426979849384,0,0,26.013227513227516,198.93741777747883,PRKAA1;PRKAA2;NFYC,Biological_Process
Establishment Of Epithelial Cell Apical/Basal Polarity ,GO:0045198,3/10,4.772126061766476e-4,0.004014426979849384,0,0,26.013227513227516,198.93741777747883,CDC42;SLC9A3R1;EZR,Biological_Process
Negative Regulation Of Response To Cytokine Stimulus ,GO:0060761,3/10,4.772126061766476e-4,0.004014426979849384,0,0,26.013227513227516,198.93741777747883,MAPK7;KLF4;MAP2K5,Biological_Process
Positive Regulation Of B Cell Differentiation ,GO:0045579,3/10,4.772126061766476e-4,0.004014426979849384,0,0,26.013227513227516,198.93741777747883,SPI1;CD27;NCKAP1L,Biological_Process
Positive Regulation Of Developmental Process ,GO:0051094,12/233,4.787088484006672e-4,0.004014426979849384,0,0,3.353070458952812,25.63227209626696,CDC20;RPS6KA3;NCOA2;PRKAA1;WT1;DLG4;RPS6KA1;LEF1;CTNNB1;DVL3;PRL;AURKA,Biological_Process
Negative Regulation Of Inflammatory Response ,GO:0050728,8/111,4.8103837099562136e-4,0.004014426979849384,0,0,4.764890282131661,36.401681965028416,RB1;MAPK7;PLK2;PRKCD;ARNT;PLCG1;KLF4;MAPK14,Biological_Process
Regulation Of Kinase Activity ,GO:0043549,7/85,4.855478242033692e-4,0.004014426979849384,0,0,5.495392628205129,41.93112491591709,RB1;RBL2;CSF1R;SLC9A3R1;NTRK3;ERBB2;IRS2,Biological_Process
Positive Regulation Of Amide Metabolic Process ,GO:0034250,7/85,4.855478242033692e-4,0.004014426979849384,0,0,5.495392628205129,41.93112491591709,RPS6KB1;PRKDC;ROCK2;PRKCD;ERBB2;RELA;MTOR,Biological_Process
Regulation Of Extracellular Matrix Organization ,GO:1903053,4/23,4.859054589744583e-4,0.004014426979849384,0,0,12.810167834446798,97.73513042477008,RB1;PRDM5;AXIN2;RUNX1,Biological_Process
Cellular Response To Interleukin-6 ,GO:0071354,4/23,4.859054589744583e-4,0.004014426979849384,0,0,12.810167834446798,97.73513042477008,SMAD4;SPI1;NFKB1;RELA,Biological_Process
Positive Regulation Of Neuron Apoptotic Process ,GO:0043525,4/23,4.859054589744583e-4,0.004014426979849384,0,0,12.810167834446798,97.73513042477008,CDK5;DDIT3;CTNNB1;FOXO3,Biological_Process
Protein Localization To Cell Junction ,GO:1902414,4/23,4.859054589744583e-4,0.004014426979849384,0,0,12.810167834446798,97.73513042477008,DSP;NPHS1;DLG4;PAK2,Biological_Process
Regulation Of Cardiac Muscle Hypertrophy ,GO:0010611,4/23,4.859054589744583e-4,0.004014426979849384,0,0,12.810167834446798,97.73513042477008,SMAD4;ROCK1;ROCK2;PRKCA,Biological_Process
Regulation Of Cell Junction Assembly ,GO:1901888,4/23,4.859054589744583e-4,0.004014426979849384,0,0,12.810167834446798,97.73513042477008,RAP1B;ROCK1;ROCK2;PRKACA,Biological_Process
Regulation Of Translation ,GO:0006417,11/202,5.139454129536354e-4,0.004231884972213546,0,0,3.550632911392405,26.89034020715416,RPS6KA3;RPS6KB1;PRKDC;RPS6KA1;ERBB2;TSC1;MAPKAPK5;FOXO3;EIF4E;EIF4B;MTOR,Biological_Process
Negative Regulation Of Kinase Activity ,GO:0033673,6/62,5.194232116647054e-4,0.004248571252885397,0,0,6.547730307076101,49.51911957129839,RB1;PDPK1;GNAQ;AKT1S1;IRS2;PAK2,Biological_Process
Phosphatidylinositol-Mediated Signaling ,GO:0048015,6/62,5.194232116647054e-4,0.004248571252885397,0,0,6.547730307076101,49.51911957129839,CSF1R;PIK3CA;RPS6KB1;ERBB2;PLCG1;EZR,Biological_Process
Negative Regulation Of Angiogenesis ,GO:0016525,7/86,5.212875514110005e-4,0.004249701826403586,0,0,5.425553797468354,41.01289371972287,ATF2;ROCK1;ROCK2;CTNNB1;PRL;FOXO4;KLF4,Biological_Process
Regulation Of Microtubule-Based Process ,GO:0032886,5/41,5.239162002750023e-4,0.004257035264280712,0,0,8.470065562456867,63.9843897875939,PRKAA1;PRKAA2;ROCK1;ERBB2;AURKA,Biological_Process
Glucose Homeostasis ,GO:0042593,7/87,5.590903966809183e-4,0.004527896567856647,0,0,5.3574609375,40.123093166152216,HK3;CEBPA;PRKAA1;PRKAA2;BAD;PYGL;HK2,Biological_Process
Positive Regulation Of Cell Migration ,GO:0030335,13/272,5.721930294104883e-4,0.004616262228040303,0,0,3.103337186139734,23.16962144019161,CSF1R;ROCK2;NTRK3;LEF1;PRKCA;ACTN4;MTOR;CDC42;VTN;PAK1;NCKAP1L;PLCG1;CGA,Biological_Process
ERK1 And ERK2 Cascade ,GO:0070371,4/24,5.756265247800053e-4,0.004616262228040303,0,0,12.16904024767802,90.78166697815044,MAP2K1;MAP2K2;CDK1;MAPK1,Biological_Process
Regulation Of Muscle Cell Differentiation ,GO:0051147,4/24,5.756265247800053e-4,0.004616262228040303,0,0,12.16904024767802,90.78166697815044,CDK9;MAPK11;MAPK14;MAPK12,Biological_Process
Negative Regulation Of Protein Kinase Activity ,GO:0006469,7/88,5.990409827571334e-4,0.004788437985545657,0,0,5.291049382716049,39.26054168466068,RB1;CDKN1A;PDPK1;GNAQ;AKT1S1;PTK6;PAK2,Biological_Process
Regulation Of Neuron Projection Development ,GO:0010975,10/174,6.035238010773539e-4,0.004808658894020859,0,0,3.752596753096869,27.816968066055203,PAK1;PLK5;CDK5;NTRK3;STMN2;PTK6;PRKD1;PAK3;PAK2;SCN1B,Biological_Process
Regulation Of Cell Adhesion ,GO:0030155,9/144,6.169189774650239e-4,0.004899530717802868,0,0,4.096016771488469,30.272729587159425,VTN;ROCK1;ROCK2;ERBB2;RAC2;ADAM22;PRKCA;PRKD2;PRKX,Biological_Process
Positive Regulation Of Peptidyl-Serine Phosphorylation ,GO:0033138,7/89,6.41225787609082e-4,0.005073159995904127,0,0,5.22625762195122,38.42411980732058,PAK1;NTRK3;ARAF;PRKD2;BRAF;PRKD1;RAF1,Biological_Process
Epithelial Cell-Cell Adhesion ,GO:0090136,3/11,6.482390220234961e-4,0.005073159995904127,0,0,22.760416666666668,167.08993317315245,DSP;JUP;VCL,Biological_Process
Regulation Of T Cell Apoptotic Process ,GO:0070232,3/11,6.482390220234961e-4,0.005073159995904127,0,0,22.760416666666668,167.08993317315245,PRKCQ;PRKD2;JAK3,Biological_Process
Regulation Of Adipose Tissue Development ,GO:1904177,3/11,6.482390220234961e-4,0.005073159995904127,0,0,22.760416666666668,167.08993317315245,NCOA2;PRKAA1;SPI1,Biological_Process
Regulation Of Endothelial Cell Apoptotic Process ,GO:2000351,5/43,6.552659945968775e-4,0.005073159995904127,0,0,8.02345537757437,58.81569337452143,MAPK7;PDPK1;PLCG1;ICAM1;NFE2L2,Biological_Process
Response To Amyloid-Beta ,GO:1904645,5/43,6.552659945968775e-4,0.005073159995904127,0,0,8.02345537757437,58.81569337452143,CDK5;CACNA2D1;ADRB2;ICAM1;GRIN1,Biological_Process
Intracellular Glucose Homeostasis ,GO:0001678,5/43,6.552659945968775e-4,0.005073159995904127,0,0,8.02345537757437,58.81569337452143,HK3;PRKAA1;PRKAA2;PRKACA;HK2,Biological_Process
Positive Regulation Of Cell-Matrix Adhesion ,GO:0001954,5/43,6.552659945968775e-4,0.005073159995904127,0,0,8.02345537757437,58.81569337452143,CDK6;ROCK1;JUP;TSC1;S100A10,Biological_Process
Regulation Of Platelet Aggregation ,GO:0090330,4/25,6.765070008236211e-4,0.0051886611714260285,0,0,11.588972431077694,84.5829005780068,PRKCD;PRKCA;PRKCQ;PRKG1,Biological_Process
Positive Regulation Of Interleukin-2 Production ,GO:0032743,4/25,6.765070008236211e-4,0.0051886611714260285,0,0,11.588972431077694,84.5829005780068,CD80;PDE4B;PRKD2;RUNX1,Biological_Process
Regulation Of Cell Size ,GO:0008361,4/25,6.765070008236211e-4,0.0051886611714260285,0,0,11.588972431077694,84.5829005780068,SLC9A3R1;PLEK;EZR;MTOR,Biological_Process
Neuron Projection Morphogenesis ,GO:0048812,9/146,6.813703271124189e-4,0.005209732128418557,0,0,4.035807739980719,29.426707122551612,CDC42;PAK1;CDK5;ROCK1;DLG4;CTNNB1;NCKAP1L;MAPK8IP2;PAK3,Biological_Process
Positive Regulation Of Proteasomal Protein Catabolic Process ,GO:1901800,7/90,6.857331305831063e-4,0.005226857484506526,0,0,5.163027108433735,37.6127662181706,CEBPA;CSNK1A1;PLK1;CSNK1D;AXIN2;CSNK1E;GABARAP,Biological_Process
Negative Regulation Of Cytokine Production ,GO:0001818,10/178,7.198215929697211e-4,0.005469755437936585,0,0,3.662498122277302,26.503693900731054,RPS6KA4;RPS6KA5;ANXA1;DDIT3;LEF1;NCKAP1L;EZR;KLF4;JAK3;MAP2K5,Biological_Process
Response To Reactive Oxygen Species ,GO:0000302,6/66,7.269427471748091e-4,0.00548997866117908,0,0,6.109968847352025,44.15468479643491,MAPK9;PLK3;MAPK8;NCF1;MAPK1;MAPK3,Biological_Process
Negative Regulation Of Immune Response ,GO:0050777,6/66,7.269427471748091e-4,0.00548997866117908,0,0,6.109968847352025,44.15468479643491,SPI1;PRKDC;PLK2;TRAFD1;PLCG1;MAPK14,Biological_Process
Regulation Of Epithelial Cell Proliferation ,GO:0050678,7/91,7.326531563270381e-4,0.0055161837029882805,0,0,5.101302083333334,36.82547410298693,NR4A1;CDK6;PRKDC;BAD;ERBB2;SCN5A;PRKD1,Biological_Process
Extrinsic Apoptotic Signaling Pathway ,GO:0097191,6/67,7.876376308424532e-4,0.005870793753812564,0,0,6.009499004136663,42.94671897047231,PDPK1;BAD;BCL2;CD27;HIPK1;GABARAP,Biological_Process
Negative Regulation Of DNA-binding Transcription Factor Activity ,GO:0043433,9/149,7.882693573835663e-4,0.005870793753812564,0,0,3.948719676549865,28.216250504808016,RB1;PPP2CB;SPI1;DDIT3;SUFU;PIM1;KLF4;ESR1;MAP2K5,Biological_Process
Negative Regulation Of Protein Phosphorylation ,GO:0001933,9/149,7.882693573835663e-4,0.005870793753812564,0,0,3.948719676549865,28.216250504808016,RB1;CDKN1A;PRKDC;PDPK1;GNAQ;NTRK3;PRKCD;AKT1S1;PAK2,Biological_Process
Negative Regulation Of Endothelial Cell Apoptotic Process ,GO:2000352,4/26,7.892903056506737e-4,0.005870793753812564,0,0,11.061638052350126,79.02850544320702,MAPK7;PDPK1;ICAM1;NFE2L2,Biological_Process
I-kappaB kinase/NF-kappaB Signaling ,GO:0007249,5/45,8.098242104719828e-4,0.006005383151150668,0,0,7.621506211180124,54.25516564317573,ROCK1;ROCK2;REL;RELA;NFKB1,Biological_Process
Neuron Development ,GO:0048666,9/150,8.267955697621057e-4,0.006112824903166079,0,0,3.920513849859494,27.82762338898204,RB1;LGI1;CDK5;ROCK1;STMN2;PRDM12;PHOX2B;RUNX1;CDK16,Biological_Process
Regulation Of Endothelial Cell Proliferation ,GO:0001936,7/93,8.34100853982837e-4,0.006130018813449984,0,0,4.982158430232558,35.319299498841886,NR4A1;NRAS;ARNT;PRKCA;PRKD2;PRL;PRKD1,Biological_Process
Regulation Of Peptidyl-Serine Phosphorylation ,GO:0033135,7/93,8.34100853982837e-4,0.006130018813449984,0,0,4.982158430232558,35.319299498841886,PAK1;NTRK3;ARAF;PRKD2;BRAF;PRKD1;RAF1,Biological_Process
acetyl-CoA Biosynthetic Process ,GO:0006085,3/12,8.538834664060881e-4,0.006183120865564085,0,0,20.23045267489712,142.94262970672716,PDHA2;PDHB;DLD,Biological_Process
Regulation Of Tube Diameter ,GO:0035296,3/12,8.538834664060881e-4,0.006183120865564085,0,0,20.23045267489712,142.94262970672716,ROCK1;NOS3;ROCK2,Biological_Process
Vascular Process In Circulatory System ,GO:0003018,3/12,8.538834664060881e-4,0.006183120865564085,0,0,20.23045267489712,142.94262970672716,ROCK1;NOS3;ROCK2,Biological_Process
Granulocyte Differentiation ,GO:0030851,3/12,8.538834664060881e-4,0.006183120865564085,0,0,20.23045267489712,142.94262970672716,CEBPA;LEF1;GATA1,Biological_Process
Negative Regulation Of Hippo Signaling ,GO:0035331,3/12,8.538834664060881e-4,0.006183120865564085,0,0,20.23045267489712,142.94262970672716,MAP2K3;MAPK14;CIT,Biological_Process
Muscle Contraction ,GO:0006936,7/94,8.888177767580904e-4,0.006416734320378906,0,0,4.9246408045977015,34.59864665120723,RYR1;ROCK1;ROCK2;FXYD1;SCN7A;CACNA1S;MYH6,Biological_Process
Regulation Of Fibroblast Proliferation ,GO:0048145,5/46,8.965705143015206e-4,0.006416734320378906,0,0,7.435237085290107,52.17256502370752,CDKN1A;CDK6;CDK4;CTNNB1;TP53,Biological_Process
Epithelial Cell Migration ,GO:0010631,5/46,8.965705143015206e-4,0.006416734320378906,0,0,7.435237085290107,52.17256502370752,SMAD4;ROCK1;PIK3CA;NOS3;PRKX,Biological_Process
Homotypic Cell-Cell Adhesion ,GO:0034109,5/46,8.965705143015206e-4,0.006416734320378906,0,0,7.435237085290107,52.17256502370752,PLEK;TLN1;GATA1;DSC2;VCL,Biological_Process
Regulation Of Extrinsic Apoptotic Signaling Pathway In Absence Of Ligand ,GO:2001239,4/27,9.147228723703547e-4,0.006490051042581595,0,0,10.580158836990174,74.02820132572319,MAPK7;BCL2;GATA1;MAP2K5,Biological_Process
Positive Regulation Of Mitotic Cell Cycle ,GO:0045931,4/27,9.147228723703547e-4,0.006490051042581595,0,0,10.580158836990174,74.02820132572319,RPS6KB1;PRKCA;EIF4E;AURKA,Biological_Process
Positive Regulation Of Ubiquitin-Protein Transferase Activity ,GO:0051443,4/27,9.147228723703547e-4,0.006490051042581595,0,0,10.580158836990174,74.02820132572319,CDC20;FZR1;UBE2C;PLK1,Biological_Process
Cellular Response To Calcium Ion ,GO:0071277,6/69,9.207044021003144e-4,0.006513719074629236,0,0,5.8181278742026405,40.670875428944186,RYR1;PRKAA1;PRKAA2;BRAF;SCN5A;ADD1,Biological_Process
Positive Regulation Of Epithelial Cell Migration ,GO:0010634,7/95,9.463258418964828e-4,0.006669551121452623,0,0,4.8684303977272725,33.89850894278064,GPI;ROCK2;PRKCA;PRKD2;PRKD1;PLCG1;MTOR,Biological_Process
Regulation Of Cell Motility ,GO:2000145,8/123,9.481490221398936e-4,0.006669551121452623,0,0,4.265067466266866,29.689129820464352,CSF1R;CDK6;ROCK1;ROCK2;PRKX;RAF1;CRK;TTBK2,Biological_Process
Regulation Of Interleukin-2 Production ,GO:0032663,5/47,9.9004527070685e-4,0.006885569086102444,0,0,7.257837917775806,50.20798002042858,CD80;PDE4B;PRKD2;EZR;RUNX1,Biological_Process
Epithelial To Mesenchymal Transition ,GO:0001837,5/47,9.9004527070685e-4,0.006885569086102444,0,0,7.257837917775806,50.20798002042858,SMAD4;ROCK1;ROCK2;LEF1;CTNNB1,Biological_Process
Insulin Receptor Signaling Pathway ,GO:0008286,5/47,9.9004527070685e-4,0.006885569086102444,0,0,7.257837917775806,50.20798002042858,PIK3CA;SHC1;IRS2;FOXO4;RHOQ,Biological_Process
Positive Regulation Of Epithelial To Mesenchymal Transition ,GO:0010718,5/47,9.9004527070685e-4,0.006885569086102444,0,0,7.257837917775806,50.20798002042858,SMAD4;LEF1;CTNNB1;AXIN2;MTOR,Biological_Process
Regulation Of Macroautophagy ,GO:0016241,7/96,0.0010067240288187118,0.0069818438280328686,0,0,4.813483146067416,33.218105942766,MAPK8;PRKAA2;PIK3CA;CDK5;TSC1;PRKACA;MTOR,Biological_Process
Vascular Endothelial Growth Factor Receptor Signaling Pathway ,GO:0048010,4/28,0.001053552586827006,0.007286085586427216,0,0,10.138802889576883,69.5074494388189,PRKD2;PRKD1;MAPK14;PAK2,Biological_Process
Regulation Of Protein Localization ,GO:0032880,7/97,0.001070113016317241,0.00732055672172834,0,0,4.759756944444445,32.556694725776026,PRKAA1;MAPK8;PRKAA2;DVL3;CTNNB1;CSNK1E;KCNAB2,Biological_Process
Cell-Cell Junction Assembly ,GO:0007043,6/71,0.001070430714793746,0.00732055672172834,0,0,5.638533429187635,38.5658442472909,JUP;CTNNB1;PRKCA;TLN1;PAK2;VCL,Biological_Process
Myeloid Leukocyte Differentiation ,GO:0002573,6/71,0.001070430714793746,0.00732055672172834,0,0,5.638533429187635,38.5658442472909,CDC42;CEBPA;CSF1R;SPI1;MAPK14;RUNX1,Biological_Process
Negative Regulation Of Supramolecular Fiber Organization ,GO:1902904,6/71,0.001070430714793746,0.00732055672172834,0,0,5.638533429187635,38.5658442472909,SMAD4;PIK3CA;PRKCD;STMN2;DYRK1A;TTBK2,Biological_Process
Cellular Response To Mechanical Stimulus ,GO:0071260,5/48,0.0010905665947322815,0.007336873889814117,0,0,7.088689874331937,48.35236411131193,MAP2K4;MAPK8;BAD;NFKB1;MAPK3,Biological_Process
Positive Regulation Of Reactive Oxygen Species Metabolic Process ,GO:2000379,5/48,0.0010905665947322815,0.007336873889814117,0,0,7.088689874331937,48.35236411131193,CDKN1A;PRKCD;MAPK14;TP53;GRIN1,Biological_Process
Post-Translational Protein Modification ,GO:0043687,5/48,0.0010905665947322815,0.007336873889814117,0,0,7.088689874331937,48.35236411131193,RPS6KA4;RPS6KA5;PRKCD;CDK2;PRKCA,Biological_Process
Regulation Of Leukocyte Migration ,GO:0002685,3/13,0.0010966570233353352,0.007336873889814117,0,0,18.20648148148148,124.08607055567624,ANXA1;RAC2;NCKAP1L,Biological_Process
Cellular Response To Interleukin-4 ,GO:0071353,3/13,0.0010966570233353352,0.007336873889814117,0,0,18.20648148148148,124.08607055567624,LEF1;TCF7;JAK3,Biological_Process
Inhibitory Synapse Assembly ,GO:1904862,3/13,0.0010966570233353352,0.007336873889814117,0,0,18.20648148148148,124.08607055567624,NPAS4;GABRB2;GABRG2,Biological_Process
Membrane Depolarization During Action Potential ,GO:0086010,3/13,0.0010966570233353352,0.007336873889814117,0,0,18.20648148148148,124.08607055567624,CACNA1C;SCN5A;SCN1B,Biological_Process
Positive Regulation Of Macrophage Chemotaxis ,GO:0010759,3/13,0.0010966570233353352,0.007336873889814117,0,0,18.20648148148148,124.08607055567624,CSF1R;MAPK1;MAPK3,Biological_Process
Cellular Response To Hypoxia ,GO:0071456,6/72,0.001151960301112978,0.00766520611173014,0,0,5.552817898612291,37.571977208389534,PLK3;TIGAR;BAD;TP53;MTOR;HIPK2,Biological_Process
Positive Regulation Of Protein Localization To Nucleus ,GO:1900182,6/72,0.001151960301112978,0.00766520611173014,0,0,5.552817898612291,37.571977208389534,CREBBP;JUP;PRKCD;PLK1;CDK1;DMAP1,Biological_Process
Regulation Of Mitotic Metaphase/Anaphase Transition ,GO:0030071,5/49,0.0011984565096567702,0.007942433783267524,0,0,6.927230378317335,46.59754461721734,RB1;CDC20;ESPL1;UBE2C;PLK1,Biological_Process
Cardiac Muscle Cell Action Potential ,GO:0086001,4/29,0.001206527309074758,0.007942433783267524,0,0,9.732755417956657,65.40420437524969,CACNA2D1;CACNA1C;SCN5A;SCN1B,Biological_Process
Glycolytic Process ,GO:0006096,4/29,0.001206527309074758,0.007942433783267524,0,0,9.732755417956657,65.40420437524969,GPI;HK3;HK2;PGM1,Biological_Process
Integrated Stress Response Signaling ,GO:0140467,4/29,0.001206527309074758,0.007942433783267524,0,0,9.732755417956657,65.40420437524969,CEBPA;DDIT3;JUNB;NFE2L2,Biological_Process
Cellular Response To Decreased Oxygen Levels ,GO:0036294,6/73,0.001238162935801247,0.008128952394513786,0,0,5.469661040591435,36.61460292474628,TIGAR;BAD;TSC1;TP53;MTOR;HIPK2,Biological_Process
Blood Circulation ,GO:0008015,5/50,0.0013140406214483468,0.008604170239377207,0,0,6.7729468599033815,44.93612135248663,PLN;ROCK1;ROCK2;NOS3;TNNI3,Biological_Process
Gland Development ,GO:0048732,6/74,0.0013292133094991573,0.008680432806331366,0,0,5.3889499725123695,35.69192105664378,CEBPA;SLC9A3R1;ANXA1;WT1;PRL;EZR,Biological_Process
Positive Regulation Of Peptidyl-Tyrosine Phosphorylation ,GO:0050731,8/130,0.0013556512665354832,0.008795083927496724,0,0,4.018911557634,26.53877516835333,CSF1R;VTN;DLG4;CD80;PTK6;TP53;GATA1;PAK2,Biological_Process
Cardiac Muscle Cell Action Potential Involved In Contraction ,GO:0086002,4/30,0.001374393472735406,0.008795083927496724,0,0,9.357942367230294,61.666432924767534,CACNA2D1;CACNA1C;SCN5A;SCN1B,Biological_Process
Innate Immune Response Activating Cell Surface Receptor Signaling Pathway ,GO:0002220,4/30,0.001374393472735406,0.008795083927496724,0,0,9.357942367230294,61.666432924767534,PAK1;CREBBP;PAK3;PAK2,Biological_Process
Mitotic G2 DNA Damage Checkpoint Signaling ,GO:0007095,4/30,0.001374393472735406,0.008795083927496724,0,0,9.357942367230294,61.666432924767534,CDKN1A;FZR1;PLK1;CDK1,Biological_Process
Positive Regulation Of Cell Communication ,GO:0010647,4/30,0.001374393472735406,0.008795083927496724,0,0,9.357942367230294,61.666432924767534,LGI1;DLG4;CD80;GRIK2,Biological_Process
Establishment Of Apical/Basal Cell Polarity ,GO:0035089,3/14,0.0013789205507773092,0.008795083927496724,0,0,16.550505050505052,109.00914508226614,CDC42;SLC9A3R1;EZR,Biological_Process
Microvillus Assembly ,GO:0030033,3/14,0.0013789205507773092,0.008795083927496724,0,0,16.550505050505052,109.00914508226614,RAP1B;SLC9A3R1;EZR,Biological_Process
Polarized Epithelial Cell Differentiation ,GO:0030859,3/14,0.0013789205507773092,0.008795083927496724,0,0,16.550505050505052,109.00914508226614,CDC42;SLC9A3R1;EZR,Biological_Process
Positive Regulation Of Transcription From RNA Polymerase II Promoter Involved In Cellular Response To Chemical Stimulus ,GO:1901522,3/14,0.0013789205507773092,0.008795083927496724,0,0,16.550505050505052,109.00914508226614,SMAD4;RELA;NFE2L2,Biological_Process
Positive Regulation Of Actin Filament Bundle Assembly ,GO:0032233,5/51,0.001437647793625049,0.00914596606693765,0,0,6.625371320550904,43.36137892579306,CDC42;PAK1;ROCK2;PLEK;S100A10,Biological_Process
Transcription Initiation At RNA Polymerase II Promoter ,GO:0006367,6/76,0.0015265678679604927,0.009686623945666837,0,0,5.234445927903872,33.94398574730296,CDK9;MED14;CDK7;TBP;E2F3;ESR1,Biological_Process
Cellular Response To cAMP ,GO:0071320,4/31,0.001557894762858515,0.009834710015788882,0,0,9.010893246187363,58.250197438282186,RAP1B;WT1;EZR;CFTR,Biological_Process
Protein Localization To Chromatin ,GO:0071168,4/31,0.001557894762858515,0.009834710015788882,0,0,9.010893246187363,58.250197438282186,LEF1;PLK1;CENPA;ESR1,Biological_Process
Rho Protein Signal Transduction ,GO:0007266,5/52,0.0015696098214455906,0.009858110664283276,0,0,6.48407559138364,41.86721061397211,EPS8;CDC42;GNA13;ROCK1;ROCK2,Biological_Process
Positive Regulation Of B Cell Activation ,GO:0050871,5/52,0.0015696098214455906,0.009858110664283276,0,0,6.48407559138364,41.86721061397211,SPI1;BCL2;CD27;IRS2;NCKAP1L,Biological_Process
Positive Regulation Of Kinase Activity ,GO:0033674,7/104,0.001606379470775638,0.010063374699871808,0,0,4.414690721649484,28.40311535566365,MAP2K3;CSF1R;CDKN1A;TIGAR;NTRK3;ERBB2;AXIN2,Biological_Process
Actomyosin Structure Organization ,GO:0031032,6/77,0.0016332329802167876,0.010205633495669369,0,0,5.16045807555614,33.11565959396201,ROCK1;ROCK2;CDC42BPG;CDC42BPB;CDC42BPA;MYH6,Biological_Process
DNA-templated Transcription ,GO:0006351,10/199,0.001673385268820037,0.01043006210591122,0,0,3.252048804099277,20.790044254418422,CDK9;SMAD4;CDK7;TBP;CCNH;CDK12;FOXO3;TP53;HIPK3;NFKB1,Biological_Process
Regulation Of Neuron Apoptotic Process ,GO:0043523,7/105,0.0016975139699183894,0.010474285703340466,0,0,4.369419642857143,27.870738488394544,EGR1;CDK5;DDIT3;AKT1S1;BCL2;CTNNB1;FOXO3,Biological_Process
Negative Regulation Of Platelet Activation ,GO:0010544,3/15,0.0017028898432611616,0.010474285703340466,0,0,15.170524691358024,96.718596437945,NOS3;PRKCD;PRKG1,Biological_Process
Positive Regulation Of Cell Activation ,GO:0050867,3/15,0.0017028898432611616,0.010474285703340466,0,0,15.170524691358024,96.718596437945,PLEK;RPS6KA1;TTBK1,Biological_Process
Positive Regulation Of Muscle Cell Differentiation ,GO:0051149,3/15,0.0017028898432611616,0.010474285703340466,0,0,15.170524691358024,96.718596437945,MAPK11;MAPK14;MAPK12,Biological_Process
Regulation Of Bicellular Tight Junction Assembly ,GO:2000810,3/15,0.0017028898432611616,0.010474285703340466,0,0,15.170524691358024,96.718596437945,ROCK1;ROCK2;PRKACA,Biological_Process
Regulation Of Macromolecule Biosynthetic Process ,GO:0010556,5/53,0.0017102611099686705,0.010474285703340466,0,0,6.34866718426501,40.44805205927703,TSC1;MAPKAPK5;FOXO3;GATA1;EIF4E,Biological_Process
Negative Regulation Of Cysteine-Type Endopeptidase Activity ,GO:2000117,5/53,0.0017102611099686705,0.010474285703340466,0,0,6.34866718426501,40.44805205927703,RPS6KA3;RPS6KA1;RAF1;KLF4;MAP2K5,Biological_Process
Cellular Response To Nutrient Levels ,GO:0031669,6/78,0.0017454674926392875,0.01066337708902711,0,0,5.08852544132918,32.31586570434469,PRKAA1;CREBBP;PRKAA2;EHMT2;TSC1;MTOR,Biological_Process
NIK/NF-kappaB Signaling ,GO:0038061,4/32,0.0017577708673598795,0.01071196008772283,0,0,8.688633348076072,55.118160050196266,CREBBP;REL;RELA;NFKB1,Biological_Process
Positive Regulation Of Cell Growth ,GO:0030307,7/106,0.0017926171121237637,0.010897341555675816,0,0,4.325063131313131,27.352039422075613,CDC42;LGI1;RPS6KA3;RPS6KA1;ERBB2;BCL2;MTOR,Biological_Process
Mesenchymal Cell Differentiation ,GO:0048762,5/54,0.001859938350564284,0.011217191392869212,0,0,6.218785650906325,39.09882337593456,SMAD4;ROCK1;ROCK2;LEF1;CTNNB1,Biological_Process
Negative Regulation Of TOR Signaling ,GO:0032007,5/54,0.001859938350564284,0.011217191392869212,0,0,6.218785650906325,39.09882337593456,PRKAA1;PRKAA2;RPS6KA1;TSC1;MAPKAPK5,Biological_Process
Peptidyl-Tyrosine Modification ,GO:0018212,5/54,0.001859938350564284,0.011217191392869212,0,0,6.218785650906325,39.09882337593456,CSF1R;ERBB2;DYRK1A;JAK3;TTBK1,Biological_Process
Positive Regulation Of Cytoskeleton Organization ,GO:0051495,6/79,0.0018634570591728305,0.011217191392869212,0,0,5.018563564204327,31.543287388389068,PLK4;VASP;GPSM2;CDK5;PLEK;NCKAP1L,Biological_Process
Positive Regulation Of Multicellular Organismal Process ,GO:0051240,15/387,0.0018758953315477045,0.011264522698220604,0,0,2.4944427212572373,15.66178074342382,NCOA2;SMAD4;PRKAA1;ROCK1;BAD;LEF1;PRKCA;PRL;ADRB2;AXIN2;PRLR;PHOX2B;MTOR;CTNNB1;CACNA1S,Biological_Process
Inositol Lipid-Mediated Signaling ,GO:0048017,4/33,0.0019747562991612707,0.011829318755559728,0,0,8.38859827052418,52.23840425382063,CSF1R;RPS6KB1;PLCG1;EZR,Biological_Process
Negative Regulation Of Protein Serine/Threonine Kinase Activity ,GO:0071901,6/80,0.001987389229364551,0.011876097773532823,0,0,4.95049254862339,30.796684673083348,RB1;CEBPA;CDKN1A;PRKAR1B;PRKCD;PLK1,Biological_Process
Regulation Of Response To Cytokine Stimulus ,GO:0060759,3/16,0.002070640650966465,0.01222522130138954,0,0,14.002849002849002,86.53616771394935,MAPK7;KLF4;MAP2K5,Biological_Process
Response To UV-B ,GO:0010224,3/16,0.002070640650966465,0.01222522130138954,0,0,14.002849002849002,86.53616771394935,MAPK11;MAPK14;RELA,Biological_Process
Negative Regulation Of Inflammatory Response To Antigenic Stimulus ,GO:0002862,3/16,0.002070640650966465,0.01222522130138954,0,0,14.002849002849002,86.53616771394935,PLK2;PLCG1;MAPK14,Biological_Process
Positive Regulation Of Muscle Hypertrophy ,GO:0014742,3/16,0.002070640650966465,0.01222522130138954,0,0,14.002849002849002,86.53616771394935,ROCK1;ROCK2;PRKCA,Biological_Process
Protein Kinase A Signaling ,GO:0010737,3/16,0.002070640650966465,0.01222522130138954,0,0,14.002849002849002,86.53616771394935,EZR;PRKACA;PRKACB,Biological_Process
Regulation Of Interleukin-8 Production ,GO:0032677,6/81,0.0021174533458739662,0.012412309851289771,0,0,4.884236760124611,30.074888906781077,ANXA1;DDIT3;PRKD2;KLF4;RELA;MAP2K5,Biological_Process
Activation Of Protein Kinase Activity ,GO:0032147,6/81,0.0021174533458739662,0.012412309851289771,0,0,4.884236760124611,30.074888906781077,PDPK1;NTRK3;PRKCD;ADRB2;PRLR;MTOR,Biological_Process
Cytoskeleton-Dependent Cytokinesis ,GO:0061640,6/81,0.0021174533458739662,0.012412309851289771,0,0,4.884236760124611,30.074888906781077,ESPL1;ROCK1;ROCK2;PLK1;CENPA;CIT,Biological_Process
Sister Chromatid Segregation ,GO:0000819,4/34,0.0022095792865296747,0.012799962831614256,0,0,8.108565531475747,49.58349833592943,RB1;TOP2A;ESPL1;PLK1,Biological_Process
Smoothened Signaling Pathway ,GO:0007224,4/34,0.0022095792865296747,0.012799962831614256,0,0,8.108565531475747,49.58349833592943,DYRK2;HIPK1;TTBK2;HIPK2,Biological_Process
Establishment Of Mitotic Spindle Localization ,GO:0040001,4/34,0.0022095792865296747,0.012799962831614256,0,0,8.108565531475747,49.58349833592943,GPSM2;ESPL1;PLK1;CENPA,Biological_Process
Negative Regulation Of Cell Cycle Process ,GO:0010948,4/34,0.0022095792865296747,0.012799962831614256,0,0,8.108565531475747,49.58349833592943,ESPL1;NEK2;FOXO4;TP53,Biological_Process
Positive Regulation Of Neuron Death ,GO:1901216,4/34,0.0022095792865296747,0.012799962831614256,0,0,8.108565531475747,49.58349833592943,CDK5;DDIT3;CTNNB1;FOXO3,Biological_Process
Response To Lipid ,GO:0033993,7/110,0.002215056652777529,0.01280157154727295,0,0,4.15625,25.404983773708526,RPS6KA3;STAT5B;ANXA1;NOS3;CTNNB1;FOXO3;ESR1,Biological_Process
Regulation Of Cell Migration ,GO:0030334,16/434,0.002223270409250812,0.012818950228514049,0,0,2.3698826135786706,14.477082055894034,CSF1R;ANXA1;ROCK1;ROCK2;NTRK3;LEF1;PRKCA;PRKX;ACTN4;FOXO3;MAPK15;TTBK2;CDC42;PAK1;CGA;VCL,Biological_Process
Regulation Of Canonical Wnt Signaling Pathway ,GO:0060828,10/207,0.002235036907097046,0.012856684264656372,0,0,3.1187048631683454,19.035007453505383,SLC9A3R1;JUP;CSNK1A1;DDIT3;GNAQ;CSNK1D;CSNK1E;AXIN2;CDK14;NFKB1,Biological_Process
Signal Transduction In Response To DNA Damage ,GO:0042770,5/57,0.0023665203090819384,0.013549704653394726,0,0,5.859113712374582,35.42616212118568,MAPK14;TP53;MAPK12;MAP2K6;MAPK3,Biological_Process
Regulation Of Calcium Ion Transport ,GO:0051924,5/57,0.0023665203090819384,0.013549704653394726,0,0,5.859113712374582,35.42616212118568,PLN;CACNA2D1;BCL2;CTNNB1;ANK2,Biological_Process
Negative Regulation Of Defense Response ,GO:0031348,7/112,0.002453167119119165,0.013805615315288783,0,0,4.076666666666667,24.502296996634517,RB1;MAPK7;PRKDC;PRKCD;TRAFD1;ARNT;KLF4,Biological_Process
Action Potential ,GO:0001508,4/35,0.002462960731641738,0.013805615315288783,0,0,7.846599420753021,47.12974495177402,KCNA1;GNAQ;KCNA2;SCN5A,Biological_Process
Regulation Of Postsynaptic Membrane Potential ,GO:0060078,4/35,0.002462960731641738,0.013805615315288783,0,0,7.846599420753021,47.12974495177402,NPAS4;MAPK8IP2;GABRG2;GRIN1,Biological_Process
Dendrite Morphogenesis ,GO:0048813,4/35,0.002462960731641738,0.013805615315288783,0,0,7.846599420753021,47.12974495177402,CDC42;DLG4;PAK3;MAPK8IP2,Biological_Process
Intrinsic Apoptotic Signaling Pathway By P53 Class Mediator ,GO:0072332,4/35,0.002462960731641738,0.013805615315288783,0,0,7.846599420753021,47.12974495177402,DYRK2;HIPK1;TP53;HIPK2,Biological_Process
Negative Regulation Of Cell Cycle G1/S Phase Transition ,GO:1902807,4/35,0.002462960731641738,0.013805615315288783,0,0,7.846599420753021,47.12974495177402,RB1;RBL2;CDKN1A;KLF4,Biological_Process
Platelet Aggregation ,GO:0070527,4/35,0.002462960731641738,0.013805615315288783,0,0,7.846599420753021,47.12974495177402,PLEK;TLN1;GATA1;VCL,Biological_Process
G Protein-Coupled Acetylcholine Receptor Signaling Pathway ,GO:0007213,3/17,0.0024841135599808816,0.013805615315288783,0,0,13.001984126984128,77.98381266690524,CHRM1;CHRM4;GNAQ,Biological_Process
Regulation Of Establishment Of Cell Polarity ,GO:2000114,3/17,0.0024841135599808816,0.013805615315288783,0,0,13.001984126984128,77.98381266690524,RAP1B;ROCK1;ROCK2,Biological_Process
Regulation Of Inflammatory Response To Antigenic Stimulus ,GO:0002861,3/17,0.0024841135599808816,0.013805615315288783,0,0,13.001984126984128,77.98381266690524,PLK2;PLCG1;MAPK14,Biological_Process
Cellular Response To Alkaloid ,GO:0071312,3/17,0.0024841135599808816,0.013805615315288783,0,0,13.001984126984128,77.98381266690524,RYR1;TRPV1;CACNA1S,Biological_Process
Positive Regulation Of Cardiac Muscle Hypertrophy ,GO:0010613,3/17,0.0024841135599808816,0.013805615315288783,0,0,13.001984126984128,77.98381266690524,ROCK1;ROCK2;PRKCA,Biological_Process
Positive Regulation Of Leukocyte Proliferation ,GO:0070665,3/17,0.0024841135599808816,0.013805615315288783,0,0,13.001984126984128,77.98381266690524,CSF1R;MAPK1;MAPK3,Biological_Process
Regulation Of Cysteine-Type Endopeptidase Activity Involved In Apoptotic Process ,GO:0043281,6/84,0.0025463555071653706,0.013836327349869063,0,0,4.695662592858855,28.047625395871243,RPS6KA3;BAD;RPS6KA1;RAF1;KLF4;MAP2K5,Biological_Process
PERK-mediated Unfolded Protein Response ,GO:0036499,2/5,0.002579558998208733,0.013836327349869063,0,0,40.34871794871795,240.4838797113292,DDIT3;NFE2L2,Biological_Process
Regulation Of Histone Deacetylase Activity ,GO:1901725,2/5,0.002579558998208733,0.013836327349869063,0,0,40.34871794871795,240.4838797113292,PRKD2;PRKD1,Biological_Process
Regulation Of Macrophage Proliferation ,GO:0120040,2/5,0.002579558998208733,0.013836327349869063,0,0,40.34871794871795,240.4838797113292,MAPK1;MAPK3,Biological_Process
Aspartate Metabolic Process ,GO:0006531,2/5,0.002579558998208733,0.013836327349869063,0,0,40.34871794871795,240.4838797113292,GOT1;ASS1,Biological_Process
Regulation Of Relaxation Of Cardiac Muscle ,GO:1901897,2/5,0.002579558998208733,0.013836327349869063,0,0,40.34871794871795,240.4838797113292,PLN;PDE4B,Biological_Process
Regulation Of System Process ,GO:0044057,2/5,0.002579558998208733,0.013836327349869063,0,0,40.34871794871795,240.4838797113292,NOS3;ROCK2,Biological_Process
Regulation Of Thymocyte Apoptotic Process ,GO:0070243,2/5,0.002579558998208733,0.013836327349869063,0,0,40.34871794871795,240.4838797113292,JAK3;TP53,Biological_Process
Cellular Response To Lipoteichoic Acid ,GO:0071223,2/5,0.002579558998208733,0.013836327349869063,0,0,40.34871794871795,240.4838797113292,MAPK14;RELA,Biological_Process
Response To Lipoteichoic Acid ,GO:0070391,2/5,0.002579558998208733,0.013836327349869063,0,0,40.34871794871795,240.4838797113292,MAPK14;RELA,Biological_Process
Immunoglobulin V(D)J Recombination ,GO:0033152,2/5,0.002579558998208733,0.013836327349869063,0,0,40.34871794871795,240.4838797113292,PRKDC;TCF3,Biological_Process
Lipid Droplet Disassembly ,GO:1905691,2/5,0.002579558998208733,0.013836327349869063,0,0,40.34871794871795,240.4838797113292,PRKAA1;PRKAA2,Biological_Process
Morphogenesis Of An Endothelium ,GO:0003159,2/5,0.002579558998208733,0.013836327349869063,0,0,40.34871794871795,240.4838797113292,CTNNB1;PRKD2,Biological_Process
Negative Regulation Of Relaxation Of Muscle ,GO:1901078,2/5,0.002579558998208733,0.013836327349869063,0,0,40.34871794871795,240.4838797113292,PDE4B;NEUROG1,Biological_Process
Neurotransmitter Loading Into Synaptic Vesicle ,GO:0098700,2/5,0.002579558998208733,0.013836327349869063,0,0,40.34871794871795,240.4838797113292,SLC17A7;SLC18A2,Biological_Process
Positive Regulation Of Granulocyte Differentiation ,GO:0030854,2/5,0.002579558998208733,0.013836327349869063,0,0,40.34871794871795,240.4838797113292,LEF1;RUNX1,Biological_Process
Response To Interleukin-1 ,GO:0070555,6/85,0.002702873040479847,0.014403622133466198,0,0,4.635987223470957,27.4146322063125,MAPK11;ANXA1;PRKCA;RELA;NFKB1;MAPK13,Biological_Process
Mitotic Spindle Organization ,GO:0007052,6/85,0.002702873040479847,0.014403622133466198,0,0,4.635987223470957,27.4146322063125,PTPA;GPSM2;PLK3;PLK2;PLK1;AURKA,Biological_Process
Positive Regulation Of Protein Localization ,GO:1903829,6/85,0.002702873040479847,0.014403622133466198,0,0,4.635987223470957,27.4146322063125,CDK9;PRKAA1;CREBBP;PRKAA2;PLK1;CDK1,Biological_Process
DNA-templated Transcription Initiation ,GO:0006352,5/59,0.002755618073219034,0.014589960637129596,0,0,5.641534391534392,33.25184410554373,CDK9;CDK7;TBP;CCNH;E2F3,Biological_Process
Glucose Metabolic Process ,GO:0006006,5/59,0.002755618073219034,0.014589960637129596,0,0,5.641534391534392,33.25184410554373,GPI;HK3;IRS2;HK2;PGM1,Biological_Process
Positive Regulation Of Protein Binding ,GO:0032092,5/59,0.002755618073219034,0.014589960637129596,0,0,5.641534391534392,33.25184410554373,PPP2CB;VTN;ADD1;ADD2;HIPK2,Biological_Process
Negative Regulation Of Response To External Stimulus ,GO:0032102,8/146,0.002811722689953703,0.014855067087266131,0,0,3.550043160238063,20.85280416069658,RB1;MAPK7;PRKDC;PRKCD;TRAFD1;ARNT;KLF4;CRK,Biological_Process
Regulation Of Epidermal Cell Differentiation ,GO:0045604,3/18,0.002945118737063249,0.01532956095274782,0,0,12.134567901234568,70.7154824621293,ROCK1;ROCK2;MAFF,Biological_Process
Regulation Of Establishment Or Maintenance Of Cell Polarity ,GO:0032878,3/18,0.002945118737063249,0.01532956095274782,0,0,12.134567901234568,70.7154824621293,RAP1B;ROCK1;ROCK2,Biological_Process
Excitatory Postsynaptic Potential ,GO:0060079,3/18,0.002945118737063249,0.01532956095274782,0,0,12.134567901234568,70.7154824621293,NPAS4;MAPK8IP2;GRIN1,Biological_Process
Glucose 6-Phosphate Metabolic Process ,GO:0051156,3/18,0.002945118737063249,0.01532956095274782,0,0,12.134567901234568,70.7154824621293,GPI;HK3;HK2,Biological_Process
Positive Regulation Of Focal Adhesion Assembly ,GO:0051894,3/18,0.002945118737063249,0.01532956095274782,0,0,12.134567901234568,70.7154824621293,ROCK1;TSC1;S100A10,Biological_Process
Positive Regulation Of Macrophage Migration ,GO:1905523,3/18,0.002945118737063249,0.01532956095274782,0,0,12.134567901234568,70.7154824621293,CSF1R;MAPK1;MAPK3,Biological_Process
"Protein Localization To Chromosome, Centromeric Region ",GO:0071459,3/18,0.002945118737063249,0.01532956095274782,0,0,12.134567901234568,70.7154824621293,RB1;CDK1;CENPA,Biological_Process
Negative Regulation Of Transferase Activity ,GO:0051348,4/37,0.0030282401524456635,0.01566287238512862,0,0,7.370297401257154,42.74605655706016,CDC20;BUB1B;IRS2;TP53,Biological_Process
Positive Regulation Of Signaling ,GO:0023056,4/37,0.0030282401524456635,0.01566287238512862,0,0,7.370297401257154,42.74605655706016,LGI1;DLG4;CD80;GRIK2,Biological_Process
Regulation Of Cellular Component Biogenesis ,GO:0044087,4/37,0.0030282401524456635,0.01566287238512862,0,0,7.370297401257154,42.74605655706016,RAP1B;ROCK1;ROCK2;EZR,Biological_Process
Protein-Containing Complex Assembly ,GO:0065003,13/328,0.003053157408722893,0.01575864473852361,0,0,2.544272571024164,14.735355612603891,CREBBP;SMAD4;BAD;CSNK1D;ADRB2;MAPK8IP2;CENPA;PRLR;ADD2;SLC9A3R1;DLG4;NCKAP1L;TP53,Biological_Process
Positive Regulation Of Protein Serine/Threonine Kinase Activity ,GO:0071902,7/117,0.003134777236600356,0.016146070201903926,0,0,3.890369318181818,22.428746161369315,CSF1R;MAP2K1;MAP2K2;NTRK3;ERBB2;ADRB2;MAP2K5,Biological_Process
Negative Regulation Of Autophagy ,GO:0010507,5/61,0.003189021660189549,0.0163911718734586,0,0,5.439496450754215,31.266449155820798,PIK3CA;BCL2;TSC1;EIF4E;MTOR,Biological_Process
Regulation Of Protein Import Into Nucleus ,GO:0042306,4/38,0.0033415347866425594,0.0170681714620622,0,0,7.1531597158987434,40.7824887505867,JUP;SUFU;PRKCD;DMAP1,Biological_Process
Response To cAMP ,GO:0051591,4/38,0.0033415347866425594,0.0170681714620622,0,0,7.1531597158987434,40.7824887505867,RAP1B;WT1;EZR;CFTR,Biological_Process
mRNA Transcription By RNA Polymerase II ,GO:0042789,4/38,0.0033415347866425594,0.0170681714620622,0,0,7.1531597158987434,40.7824887505867,NCOA2;TBP;CREB1;S100A10,Biological_Process
Regulation Of Granulocyte Chemotaxis ,GO:0071622,3/19,0.0034553405427599866,0.017432476262858786,0,0,11.375578703703704,64.47489472034835,CSF1R;MAPK1;MAPK3,Biological_Process
Establishment Of Epithelial Cell Polarity ,GO:0090162,3/19,0.0034553405427599866,0.017432476262858786,0,0,11.375578703703704,64.47489472034835,CDC42;SLC9A3R1;EZR,Biological_Process
Multicellular Organismal-Level Water Homeostasis ,GO:0050891,3/19,0.0034553405427599866,0.017432476262858786,0,0,11.375578703703704,64.47489472034835,PRKACA;PRKACB;CFTR,Biological_Process
Negative Regulation Of Cyclin-Dependent Protein Serine/Threonine Kinase Activity ,GO:0045736,3/19,0.0034553405427599866,0.017432476262858786,0,0,11.375578703703704,64.47489472034835,CEBPA;CDKN1A;PLK1,Biological_Process
Neuron Apoptotic Process ,GO:0051402,3/19,0.0034553405427599866,0.017432476262858786,0,0,11.375578703703704,64.47489472034835,CDK5;BCL2;CIT,Biological_Process
Regulation Of B Cell Differentiation ,GO:0045577,3/19,0.0034553405427599866,0.017432476262858786,0,0,11.375578703703704,64.47489472034835,SPI1;CD27;NCKAP1L,Biological_Process
Regulation Of Peptidyl-Tyrosine Phosphorylation ,GO:0050730,6/90,0.0035959618086968985,0.018104822030698905,0,0,4.358923008455719,24.531773645687178,VTN;CD80;PRKCD;TP53;GATA1;PAK2,Biological_Process
Regulation Of Protein Tyrosine Kinase Activity ,GO:0061097,4/39,0.003676179533344524,0.018395841485963856,0,0,6.9484298982751,38.95207278890428,CSF1R;SHC1;DLG4;PTK6,Biological_Process
Positive Regulation Of Intrinsic Apoptotic Signaling Pathway ,GO:2001244,4/39,0.003676179533344524,0.018395841485963856,0,0,6.9484298982751,38.95207278890428,SLC9A3R1;NACC2;DDIT3;TP53,Biological_Process
Positive Regulation Of Lymphocyte Differentiation ,GO:0045621,4/39,0.003676179533344524,0.018395841485963856,0,0,6.9484298982751,38.95207278890428,SPI1;PRKDC;CD27;NCKAP1L,Biological_Process
Positive Regulation Of MAP Kinase Activity ,GO:0043406,6/91,0.0037980782904911063,0.018712586203433183,0,0,4.307421660252886,24.00638107135177,PAK1;NTRK3;ERBB2;DVL3;MAP2K7;MAP2K5,Biological_Process
Regulation Of Glial Cell Apoptotic Process ,GO:0034350,2/6,0.003827592257760513,0.018712586203433183,0,0,30.26,168.41261482900362,PRKCD;PRKCA,Biological_Process
Regulation Of Microtubule Binding ,GO:1904526,2/6,0.003827592257760513,0.018712586203433183,0,0,30.26,168.41261482900362,PPP2CB;TTBK2,Biological_Process
Regulation Of Relaxation Of Muscle ,GO:1901077,2/6,0.003827592257760513,0.018712586203433183,0,0,30.26,168.41261482900362,PLN;NEUROG1,Biological_Process
Cellular Response To Histamine ,GO:0071420,2/6,0.003827592257760513,0.018712586203433183,0,0,30.26,168.41261482900362,GABRB2;GABRG2,Biological_Process
Response To Alkaloid ,GO:0043279,2/6,0.003827592257760513,0.018712586203433183,0,0,30.26,168.41261482900362,RYR1;TRPV1,Biological_Process
Detection Of Stimulus Involved In Sensory Perception Of Pain ,GO:0062149,2/6,0.003827592257760513,0.018712586203433183,0,0,30.26,168.41261482900362,KCNA1;PRDM12,Biological_Process
Mitotic Nuclear Membrane Disassembly ,GO:0007077,2/6,0.003827592257760513,0.018712586203433183,0,0,30.26,168.41261482900362,PLK1;PRKCA,Biological_Process
Regulation Of T-helper 1 Cell Differentiation ,GO:0045625,2/6,0.003827592257760513,0.018712586203433183,0,0,30.26,168.41261482900362,CD80;JAK3,Biological_Process
Regulation Of Atrial Cardiac Muscle Cell Membrane Depolarization ,GO:0060371,2/6,0.003827592257760513,0.018712586203433183,0,0,30.26,168.41261482900362,SCN5A;SCN1B,Biological_Process
Regulation Of Cardiac Muscle Cell Membrane Potential ,GO:0086036,2/6,0.003827592257760513,0.018712586203433183,0,0,30.26,168.41261482900362,PLN;FXYD1,Biological_Process
Cellular Component Assembly ,GO:0022607,11/260,0.003830683771945704,0.018712586203433183,0,0,2.715469472828021,15.11080545569276,CYFIP2;EPS8;CDC42;SLC9A3R1;CREBBP;DLG4;NCKAP1L;EZR;TP53;ADD1;ADD2,Biological_Process
Positive Regulation Of Neuron Projection Development ,GO:0010976,6/92,0.004008497518874154,0.01920476745746463,0,0,4.257118017822212,23.49647661553673,PLK5;NTRK3;STMN2;PTK6;PRKD1;SCN1B,Biological_Process
Regulation Of Macrophage Chemotaxis ,GO:0010758,3/20,0.004016342009925771,0.01920476745746463,0,0,10.705882352941176,59.06846119917701,CSF1R;MAPK1;MAPK3,Biological_Process
Cell Projection Organization ,GO:0030030,3/20,0.004016342009925771,0.01920476745746463,0,0,10.705882352941176,59.06846119917701,CYFIP2;PLEK;NCKAP1L,Biological_Process
Gamma-Aminobutyric Acid Signaling Pathway ,GO:0007214,3/20,0.004016342009925771,0.01920476745746463,0,0,10.705882352941176,59.06846119917701,GABRB2;GABRG2;GNAI2,Biological_Process
Negative Regulation Of Cyclin-Dependent Protein Kinase Activity ,GO:1904030,3/20,0.004016342009925771,0.01920476745746463,0,0,10.705882352941176,59.06846119917701,CEBPA;CDKN1A;PLK1,Biological_Process
Negative Regulation Of Phosphate Metabolic Process ,GO:0045936,3/20,0.004016342009925771,0.01920476745746463,0,0,10.705882352941176,59.06846119917701,CDKN1A;ROCK1;PLEK,Biological_Process
Positive Regulation Of Phospholipase Activity ,GO:0010518,3/20,0.004016342009925771,0.01920476745746463,0,0,10.705882352941176,59.06846119917701,GNA13;PDPK1;ESR1,Biological_Process
Regulation Of Cardiac Muscle Contraction By Calcium Ion Signaling ,GO:0010882,3/20,0.004016342009925771,0.01920476745746463,0,0,10.705882352941176,59.06846119917701,TNNI3;CACNA1C;PRKACA,Biological_Process
Regulation Of Microtubule Cytoskeleton Organization ,GO:0070507,4/40,0.004032845156583758,0.01920476745746463,0,0,6.755073959408325,37.2426354909821,PRKAA1;PRKAA2;ROCK1;STMN2,Biological_Process
Endothelial Cell Migration ,GO:0043542,4/40,0.004032845156583758,0.01920476745746463,0,0,6.755073959408325,37.2426354909821,NR4A1;PIK3CA;NOS3;PRKX,Biological_Process
Establishment Or Maintenance Of Epithelial Cell Apical/Basal Polarity ,GO:0045197,4/40,0.004032845156583758,0.01920476745746463,0,0,6.755073959408325,37.2426354909821,CDC42;SLC9A3R1;DLG4;EZR,Biological_Process
Negative Regulation Of Mitotic Cell Cycle Phase Transition ,GO:1901991,4/40,0.004032845156583758,0.01920476745746463,0,0,6.755073959408325,37.2426354909821,RB1;RBL2;CDKN1A;KLF4,Biological_Process
Positive Regulation Of Monoatomic Ion Transport ,GO:0043270,4/40,0.004032845156583758,0.01920476745746463,0,0,6.755073959408325,37.2426354909821,CHRM1;ANK2;SCN5A;SCN1B,Biological_Process
Cellular Response To Light Stimulus ,GO:0071482,5/65,0.0041997391571644074,0.019922462051905145,0,0,5.075828157349896,27.778651553814704,CREBBP;PRKCD;TP53;CDC25A;MAPK13,Biological_Process
Positive Regulation Of Cell Cycle ,GO:0045787,5/65,0.0041997391571644074,0.019922462051905145,0,0,5.075828157349896,27.778651553814704,RPS6KB1;PRKCA;PTK6;EIF4E;AURKA,Biological_Process
Carbohydrate Catabolic Process ,GO:0016052,4/41,0.004412190092016632,0.020890023089509515,0,0,6.572169692912727,35.643400570966094,GPI;HK3;HK2;PGM1,Biological_Process
Anaphase-Promoting Complex-Dependent Catabolic Process ,GO:0031145,3/21,0.004629569206522529,0.02179349787085749,0,0,10.11059670781893,54.34740413055505,CDC20;FZR1;UBE2C,Biological_Process
Negative Regulation Of Biomineral Tissue Development ,GO:0070168,3/21,0.004629569206522529,0.02179349787085749,0,0,10.11059670781893,54.34740413055505,ROCK1;NOS3;ROCK2,Biological_Process
Positive Regulation Of Translational Initiation ,GO:0045948,3/21,0.004629569206522529,0.02179349787085749,0,0,10.11059670781893,54.34740413055505,RPS6KB1;RPS6KB2;MTOR,Biological_Process
Negative Regulation Of Signal Transduction ,GO:0009968,11/267,0.004669998500365507,0.021941863183015036,0,0,2.6402665150316458,14.169245113678366,RB1;GPI;SLC9A3R1;RPS6KB1;SUFU;PRKCD;PLEK;BCL2;PRKCQ;PTPN12;MAPK8IP2,Biological_Process
Positive Regulation Of Intracellular Protein Transport ,GO:0090316,7/126,0.00471553891722263,0.022081576505809268,0,0,3.5944852941176477,19.25526977128334,PLK3;MAPK8;JUP;PRKCD;ERBB2;RAC2;DMAP1,Biological_Process
Response To Lipopolysaccharide ,GO:0032496,8/159,0.004717672316025863,0.022081576505809268,0,0,3.242251240424339,17.3669234379913,RPS6KA3;MAPK8;NOS3;CD80;PDE4B;MAPK14;NFKB1;RELA,Biological_Process
Cellular Response To Glucose Starvation ,GO:0042149,4/42,0.004814859793473699,0.02240866694051465,0,0,6.3988919667590025,34.14479693930903,PRKAA1;PRKAA2;FOXO3;TP53,Biological_Process
Modulation By Host Of Symbiont Process ,GO:0051851,4/42,0.004814859793473699,0.02240866694051465,0,0,6.3988919667590025,34.14479693930903,CDC42;CDK9;ROCK2;LEF1,Biological_Process
Positive Regulation Of Calcium Ion Transmembrane Transport ,GO:1904427,4/42,0.004814859793473699,0.02240866694051465,0,0,6.3988919667590025,34.14479693930903,PDPK1;ANK2;PLCG1;GRIN1,Biological_Process
Regulation Of Programmed Cell Death ,GO:0043067,9/195,0.004922449670054562,0.022866171863536476,0,0,2.9651552038953133,15.75668344747577,TIGAR;PLK5;CDK5;AKT1S1;ACTN4;DMAP1;RAF1;TP53;JAK3,Biological_Process
Positive Regulation Of Supramolecular Fiber Organization ,GO:1902905,6/96,0.004937257882257447,0.02289176818477935,0,0,4.067082035306334,21.600049758356437,RB1;VASP;PAK1;PLEK;STMN2;NCKAP1L,Biological_Process
Positive Regulation Of Apoptotic Process ,GO:0043065,11/270,0.005071644200453336,0.023388516224274205,0,0,2.609281071306388,13.787676574623934,TOP2A;PTPA;MAPK8;CDK5;BAD;RPS6KA2;DDIT3;BCL2;CTNNB1;FOXO3;TP53,Biological_Process
Learning ,GO:0007612,4/43,0.005241486142692092,0.023388516224274205,0,0,6.234500277843931,32.73829741732683,NPAS4;TH;DLG4;MAPK8IP2,Biological_Process
Positive Regulation Of Stress Fiber Assembly ,GO:0051496,4/43,0.005241486142692092,0.023388516224274205,0,0,6.234500277843931,32.73829741732683,CDC42;PAK1;ROCK2;S100A10,Biological_Process
Positive Regulation Of Transcription Elongation By RNA Polymerase II ,GO:0032968,4/43,0.005241486142692092,0.023388516224274205,0,0,6.234500277843931,32.73829741732683,CDK9;MED14;CDK12;CDK13,Biological_Process
Regulation Of JUN Kinase Activity ,GO:0043506,4/43,0.005241486142692092,0.023388516224274205,0,0,6.234500277843931,32.73829741732683,PAK1;DVL3;MAP2K7;HIPK3,Biological_Process
Regulation Of Cellular Component Size ,GO:0032535,4/43,0.005241486142692092,0.023388516224274205,0,0,6.234500277843931,32.73829741732683,EPS8;SLC9A3R1;EZR;MTOR,Biological_Process
Acetylcholine Receptor Signaling Pathway ,GO:0095500,3/22,0.005296355464534767,0.023388516224274205,0,0,9.577972709551656,50.1956296727757,CHRM1;CHRM4;GNAQ,Biological_Process
Regulation Of Mononuclear Cell Migration ,GO:0071675,3/22,0.005296355464534767,0.023388516224274205,0,0,9.577972709551656,50.1956296727757,CSF1R;MAPK1;MAPK3,Biological_Process
Regulation Of Release Of Sequestered Calcium Ion Into Cytosol By Sarcoplasmic Reticulum ,GO:0010880,3/22,0.005296355464534767,0.023388516224274205,0,0,9.577972709551656,50.1956296727757,ANK2;CACNA1C;PRKACA,Biological_Process
Negative Regulation Of Macroautophagy ,GO:0016242,3/22,0.005296355464534767,0.023388516224274205,0,0,9.577972709551656,50.1956296727757,PIK3CA;TSC1;MTOR,Biological_Process
ER Overload Response ,GO:0006983,2/7,0.005300890354648662,0.023388516224274205,0,0,24.20676923076923,126.84057760255526,DDIT3;TP53,Biological_Process
Regulation Of Lymphocyte Apoptotic Process ,GO:0070228,2/7,0.005300890354648662,0.023388516224274205,0,0,24.20676923076923,126.84057760255526,PRKD2;JAK3,Biological_Process
Regulation Of Protein Localization To Cell Cortex ,GO:1904776,2/7,0.005300890354648662,0.023388516224274205,0,0,24.20676923076923,126.84057760255526,GPSM2;PLK1,Biological_Process
Cellular Response To Epinephrine Stimulus ,GO:0071872,2/7,0.005300890354648662,0.023388516224274205,0,0,24.20676923076923,126.84057760255526,PDE4B;PRKACA,Biological_Process
Response To Epinephrine ,GO:0071871,2/7,0.005300890354648662,0.023388516224274205,0,0,24.20676923076923,126.84057760255526,PDE4B;PRKACA,Biological_Process
Response To Hydroperoxide ,GO:0033194,2/7,0.005300890354648662,0.023388516224274205,0,0,24.20676923076923,126.84057760255526,PRKCD;PRKD1,Biological_Process
Establishment Of Golgi Localization ,GO:0051683,2/7,0.005300890354648662,0.023388516224274205,0,0,24.20676923076923,126.84057760255526,CDC42;SLC9A3R1,Biological_Process
Growth Hormone Receptor Signaling Pathway Via JAK-STAT ,GO:0060397,2/7,0.005300890354648662,0.023388516224274205,0,0,24.20676923076923,126.84057760255526,STAT5B;JAK3,Biological_Process
Myoblast Migration ,GO:0051451,2/7,0.005300890354648662,0.023388516224274205,0,0,24.20676923076923,126.84057760255526,ANXA1;ROCK1,Biological_Process
Negative Regulation Of T Cell Apoptotic Process ,GO:0070233,2/7,0.005300890354648662,0.023388516224274205,0,0,24.20676923076923,126.84057760255526,PRKCQ;JAK3,Biological_Process
Negative Regulation Of Glial Cell Apoptotic Process ,GO:0034351,2/7,0.005300890354648662,0.023388516224274205,0,0,24.20676923076923,126.84057760255526,PRKCD;PRKCA,Biological_Process
Peptidyl-Serine Autophosphorylation ,GO:0036289,2/7,0.005300890354648662,0.023388516224274205,0,0,24.20676923076923,126.84057760255526,MAP2K2;DYRK1A,Biological_Process
Positive Regulation Of Adipose Tissue Development ,GO:1904179,2/7,0.005300890354648662,0.023388516224274205,0,0,24.20676923076923,126.84057760255526,NCOA2;PRKAA1,Biological_Process
Positive Regulation Of Cell Migration By Vascular Endothelial Growth Factor Signaling Pathway ,GO:0038089,2/7,0.005300890354648662,0.023388516224274205,0,0,24.20676923076923,126.84057760255526,PRKD2;PRKD1,Biological_Process
Positive Regulation Of Leukocyte Differentiation ,GO:1902107,2/7,0.005300890354648662,0.023388516224274205,0,0,24.20676923076923,126.84057760255526,PRKDC;NCKAP1L,Biological_Process
Positive Regulation Of Neuron Projection Arborization ,GO:0150012,2/7,0.005300890354648662,0.023388516224274205,0,0,24.20676923076923,126.84057760255526,NCOA2;DVL3,Biological_Process
"Regulation Of CD8-positive, Alpha-Beta T Cell Differentiation ",GO:0043376,2/7,0.005300890354648662,0.023388516224274205,0,0,24.20676923076923,126.84057760255526,NCKAP1L;RUNX1,Biological_Process
Nervous System Development ,GO:0007399,15/433,0.005341550800078589,0.023525756833262048,0,0,2.214643908722856,11.587546797661265,LGI1;PPP1R17;CHRM1;ADAM22;DYRK1A;PRDM12;PHOX2B;RPS6KA3;RPS6KA6;MARCKS;CDK5;DLG4;ERBB2;DCX;NEUROG1,Biological_Process
Regulation Of Monoatomic Ion Transmembrane Transporter Activity ,GO:0032412,5/69,0.00542053064313576,0.023830975791786144,0,0,4.757618400621118,24.823166901762843,DLG4;FXYD1;ANK2;MAPK8IP2;SCN1B,Biological_Process
Positive Regulation Of Protein-Containing Complex Assembly ,GO:0031334,6/98,0.005456734057874762,0.023947378343115264,0,0,3.978260869565217,20.73033876466846,RAP1B;MAPK8;PLEK;PRKD1;TP53;TTBK1,Biological_Process
Regulation Of Cell Cycle Process ,GO:0010564,7/130,0.005584736826067379,0.02446551968999625,0,0,3.476880081300813,18.03707327429114,CDC42;PLK3;PLK1;CTNNB1;NEK2;KIF2C;AURKA,Biological_Process
Cellular Response To Ketone ,GO:1901655,4/44,0.0056926868925264405,0.02484999136418457,0,0,6.078328173374613,31.41628245171973,CREB1;ROCK2;NR3C1;CFTR,Biological_Process
Positive Regulation Of Biosynthetic Process ,GO:0009891,4/44,0.0056926868925264405,0.02484999136418457,0,0,6.078328173374613,31.41628245171973,CREB1;MTOR;GRIN1;RUNX1,Biological_Process
Regulation Of Interleukin-4 Production ,GO:0032673,3/23,0.006017925495722701,0.02608474044096706,0,0,9.098611111111111,46.52131399141524,DDIT3;LEF1;PRKCQ,Biological_Process
Negative Regulation Of Protein Depolymerization ,GO:1901880,3/23,0.006017925495722701,0.02608474044096706,0,0,9.098611111111111,46.52131399141524,PIK3CA;STMN2;TTBK2,Biological_Process
Positive Regulation Of Cell-Substrate Junction Organization ,GO:0150117,3/23,0.006017925495722701,0.02608474044096706,0,0,9.098611111111111,46.52131399141524,ROCK1;TSC1;S100A10,Biological_Process
Positive Regulation Of Lamellipodium Assembly ,GO:0010592,3/23,0.006017925495722701,0.02608474044096706,0,0,9.098611111111111,46.52131399141524,CDC42;PIK3CA;RAC2,Biological_Process
Circulatory System Development ,GO:0072359,7/132,0.006061836025053622,0.02622889331051321,0,0,3.4209,17.46623469051663,CDKN1A;TH;PIK3CA;WT1;NTRK3;TNNI3;CACNA1C,Biological_Process
Positive Regulation Of Cell-Substrate Adhesion ,GO:0010811,5/71,0.006116433096021565,0.026418698741061564,0,0,4.612977602108037,23.51131436044573,CDC42;CDK6;JUP;CRK;S100A10,Biological_Process
Hexose Metabolic Process ,GO:0019318,4/45,0.006169065159442684,0.02655286437508372,0,0,5.929774220342822,30.17192442696627,HK3;IRS2;HK2;PGM1,Biological_Process
Mitotic Nuclear Division ,GO:0140014,4/45,0.006169065159442684,0.02655286437508372,0,0,5.929774220342822,30.17192442696627,EPS8;ESPL1;UBE2C;PLK1,Biological_Process
Response To Ionizing Radiation ,GO:0010212,5/72,0.006486917110929714,0.02787223372968405,0,0,4.543895429683879,22.891999236426532,CDKN1A;PRKAA1;ANXA1;MAPK14;TP53,Biological_Process
Response To Glucose ,GO:0009749,4/46,0.006671208964586401,0.02851478553960368,0,0,5.788294265074451,28.99908905658878,PRKAA1;PRKAA2;IRS2;PRKACA,Biological_Process
Mitotic G2/M Transition Checkpoint ,GO:0044818,4/46,0.006671208964586401,0.02851478553960368,0,0,5.788294265074451,28.99908905658878,CDKN1A;FZR1;PLK1;CDK1,Biological_Process
Negative Regulation Of Cellular Metabolic Process ,GO:0031324,4/46,0.006671208964586401,0.02851478553960368,0,0,5.788294265074451,28.99908905658878,BCKDK;FZR1;TIGAR;CDK6,Biological_Process
Monoatomic Cation Transmembrane Transport ,GO:0098655,11/281,0.006783627398379575,0.0287375777851284,0,0,2.501558837318331,12.490891917976276,KCNA1;KCNA2;KCNA3;KCNA4;KCNA6;CACNA1C;CACNA1S;TRPV1;SCN5A;SCN1B;GRIN1,Biological_Process
Regulation Of Heterotypic Cell-Cell Adhesion ,GO:0034114,3/24,0.006795399390794502,0.0287375777851284,0,0,8.664902998236332,43.25094525056426,MAPK7;KLF4;MAP2K5,Biological_Process
Gliogenesis ,GO:0042063,3/24,0.006795399390794502,0.0287375777851284,0,0,8.664902998236332,43.25094525056426,ANXA1;CDK6;PHOX2B,Biological_Process
Positive Regulation Of Cellular Response To Transforming Growth Factor Beta Stimulus ,GO:1903846,3/24,0.006795399390794502,0.0287375777851284,0,0,8.664902998236332,43.25094525056426,CREBBP;SMAD4;HIPK2,Biological_Process
Positive Regulation Of Transforming Growth Factor Beta Receptor Signaling Pathway ,GO:0030511,3/24,0.006795399390794502,0.0287375777851284,0,0,8.664902998236332,43.25094525056426,CREBBP;SMAD4;HIPK2,Biological_Process
Inorganic Cation Import Across Plasma Membrane ,GO:0098659,6/103,0.006929157293886676,0.0287375777851284,0,0,3.772232392330668,18.75560386850975,CACNA2D1;SCN7A;CACNA1C;CACNA1S;TRPV1;SCN5A,Biological_Process
Regulation Of miRNA Metabolic Process ,GO:2000628,2/8,0.006991798981840745,0.0287375777851284,0,0,20.17128205128205,100.11042361481952,NFKB1;RELA,Biological_Process
Anoikis ,GO:0043276,2/8,0.006991798981840745,0.0287375777851284,0,0,20.17128205128205,100.11042361481952,PIK3CA;MTOR,Biological_Process
Regulation Of Neutrophil Migration ,GO:1902622,2/8,0.006991798981840745,0.0287375777851284,0,0,20.17128205128205,100.11042361481952,RAC2;NCKAP1L,Biological_Process
Regulation Of Protein Localization To Early Endosome ,GO:1902965,2/8,0.006991798981840745,0.0287375777851284,0,0,20.17128205128205,100.11042361481952,ROCK2;EZR,Biological_Process
Regulation Of Sister Chromatid Cohesion ,GO:0007063,2/8,0.006991798981840745,0.0287375777851284,0,0,20.17128205128205,100.11042361481952,ESPL1;CTNNB1,Biological_Process
Somatic Recombination Of Immunoglobulin Gene Segments ,GO:0016447,2/8,0.006991798981840745,0.0287375777851284,0,0,20.17128205128205,100.11042361481952,PRKDC;TCF3,Biological_Process
Sympathetic Ganglion Development ,GO:0061549,2/8,0.006991798981840745,0.0287375777851284,0,0,20.17128205128205,100.11042361481952,CTNNB1;PHOX2B,Biological_Process
Tyrosine Phosphorylation Of STAT Protein ,GO:0007260,2/8,0.006991798981840745,0.0287375777851284,0,0,20.17128205128205,100.11042361481952,PTK6;JAK3,Biological_Process
Negative Regulation Of Chromosome Organization ,GO:2001251,2/8,0.006991798981840745,0.0287375777851284,0,0,20.17128205128205,100.11042361481952,TOP2A;ESPL1,Biological_Process
Negative Regulation Of Leukocyte Degranulation ,GO:0043301,2/8,0.006991798981840745,0.0287375777851284,0,0,20.17128205128205,100.11042361481952,SPI1;NCKAP1L,Biological_Process
Negative Regulation Of Platelet Aggregation ,GO:0090331,2/8,0.006991798981840745,0.0287375777851284,0,0,20.17128205128205,100.11042361481952,PRKCD;PRKG1,Biological_Process
Neuronal Action Potential ,GO:0019228,2/8,0.006991798981840745,0.0287375777851284,0,0,20.17128205128205,100.11042361481952,KCNA1;KCNA2,Biological_Process
Nuclear Membrane Disassembly ,GO:0051081,2/8,0.006991798981840745,0.0287375777851284,0,0,20.17128205128205,100.11042361481952,PLK1;PRKCA,Biological_Process
"Positive Regulation Of CD8-positive, Alpha-Beta T Cell Activation ",GO:2001187,2/8,0.006991798981840745,0.0287375777851284,0,0,20.17128205128205,100.11042361481952,NCKAP1L;RUNX1,Biological_Process
Positive Regulation Of Protein Localization To Early Endosome ,GO:1902966,2/8,0.006991798981840745,0.0287375777851284,0,0,20.17128205128205,100.11042361481952,ROCK2;EZR,Biological_Process
Positive Regulation Of Protein Localization To Endosome ,GO:1905668,2/8,0.006991798981840745,0.0287375777851284,0,0,20.17128205128205,100.11042361481952,ROCK2;EZR,Biological_Process
Regulation Of Cell Killing ,GO:0031341,2/8,0.006991798981840745,0.0287375777851284,0,0,20.17128205128205,100.11042361481952,MAPK8;ICAM1,Biological_Process
Heart Development ,GO:0007507,8/171,0.007238814344583114,0.02970326819393938,0,0,3.001711637209839,14.793329009649383,MYBPC3;CDKN1A;TH;WT1;NTRK3;TNNI3;CACNA1C;MYH6,Biological_Process
Regulation Of mRNA Stability ,GO:0043488,5/74,0.007274570151717745,0.02975081679988221,0,0,4.41173823026375,21.720622091945803,ROCK1;ROCK2;PRKCD;PRKCA;AXIN2,Biological_Process
Positive Regulation Of Lymphocyte Proliferation ,GO:0050671,5/74,0.007274570151717745,0.02975081679988221,0,0,4.41173823026375,21.720622091945803,ANXA1;CD80;BCL2;IRS2;NCKAP1L,Biological_Process
Protein Localization To Plasma Membrane ,GO:0072659,7/137,0.007387295753136195,0.03016172826570699,0,0,3.288485576923077,16.13986598193631,SLC9A3R1;JUP;ROCK1;ROCK2;ANK2;EZR;S100A10,Biological_Process
Generation Of Neurons ,GO:0048699,8/172,0.007487361283975755,0.03051967463766276,0,0,2.983255600581084,14.601660412835146,MAP2K1;CDK6;CDK5;ERBB2;DCX;PHOX2B;RUNX1;CIT,Biological_Process
Regulation Of Hippo Signaling ,GO:0035330,3/25,0.007629796495672581,0.03074395903820932,0,0,8.270622895622896,40.32502730219295,MAP2K3;MAPK14;CIT,Biological_Process
Activation Of Protein Kinase B Activity ,GO:0032148,3/25,0.007629796495672581,0.03074395903820932,0,0,8.270622895622896,40.32502730219295,PDPK1;NTRK3;MTOR,Biological_Process
Cellular Response To Hexose Stimulus ,GO:0071331,3/25,0.007629796495672581,0.03074395903820932,0,0,8.270622895622896,40.32502730219295,PRKAA1;PRKAA2;PRKACA,Biological_Process
"Chemical Synaptic Transmission, Postsynaptic ",GO:0099565,3/25,0.007629796495672581,0.03074395903820932,0,0,8.270622895622896,40.32502730219295,NPAS4;MAPK8IP2;GRIN1,Biological_Process
Ventricular Cardiac Muscle Tissue Development ,GO:0003229,3/25,0.007629796495672581,0.03074395903820932,0,0,8.270622895622896,40.32502730219295,MYBPC3;TNNI3;MYH6,Biological_Process
Regulation Of Biomineral Tissue Development ,GO:0070167,3/25,0.007629796495672581,0.03074395903820932,0,0,8.270622895622896,40.32502730219295,ROCK1;ROCK2;NOS3,Biological_Process
Regulation Of Cell Cycle Phase Transition ,GO:1901987,3/25,0.007629796495672581,0.03074395903820932,0,0,8.270622895622896,40.32502730219295,CDKN1A;PLK1;TP53,Biological_Process
Negative Regulation Of Phosphorylation ,GO:0042326,5/75,0.0076923770155923376,0.030945477471222768,0,0,4.34849157054126,21.16639333857841,CDKN1A;ROCK1;PRKDC;NTRK3;IRS2,Biological_Process
Regulation Of Intrinsic Apoptotic Signaling Pathway ,GO:2001242,4/48,0.007755067256630409,0.0310960514427102,0,0,5.524627075710667,26.8464214820798,SLC9A3R1;DDIT3;BCL2;TP53,Biological_Process
Negative Regulation Of ERK1 And ERK2 Cascade ,GO:0070373,4/48,0.007755067256630409,0.0310960514427102,0,0,5.524627075710667,26.8464214820798,SLC9A3R1;RPS6KA6;SMAD4;EZR,Biological_Process
Response To Calcium Ion ,GO:0051592,6/106,0.00793981860499402,0.031785094968285,0,0,3.658504672897197,17.692034150136617,RYR1;PRKAA1;PRKAA2;BRAF;SCN5A;ADD1,Biological_Process
Intracellular Calcium Ion Homeostasis ,GO:0006874,7/139,0.007973434739148652,0.0318678511814675,0,0,3.2383285984848484,15.646437732227014,RYR1;PLN;DMPK;BCL2;ANK2;TNNI3;PRKACA,Biological_Process
Regulation Of Cellular Response To Stress ,GO:0080135,6/107,0.008299107336097277,0.03311572489703646,0,0,3.622096789118164,17.35566548787599,CDK9;CREBBP;DYRK3;ROCK2;MTOR;NFE2L2,Biological_Process
Erythrocyte Differentiation ,GO:0030218,4/49,0.008337878661945455,0.033162935808900985,0,0,5.401582387340901,25.85708564451899,DYRK3;NCKAP1L;GATA1;HIPK2,Biological_Process
Neurogenesis ,GO:0022008,4/49,0.008337878661945455,0.033162935808900985,0,0,5.401582387340901,25.85708564451899,CDK6;ERBB2;PRDM12;CIT,Biological_Process
cAMP-mediated Signaling ,GO:0019933,3/26,0.00852203919441491,0.03335653497082593,0,0,7.910628019323671,37.69493060610896,MAPK7;CREB1;KSR1,Biological_Process
Response To Glucocorticoid ,GO:0051384,3/26,0.00852203919441491,0.03335653497082593,0,0,7.910628019323671,37.69493060610896,ANXA1;GOT1;NR3C1,Biological_Process
Dendritic Spine Organization ,GO:0097061,3/26,0.00852203919441491,0.03335653497082593,0,0,7.910628019323671,37.69493060610896,CDC42;DLG4;PAK3,Biological_Process
Spindle Assembly Checkpoint Signaling ,GO:0071173,3/26,0.00852203919441491,0.03335653497082593,0,0,7.910628019323671,37.69493060610896,CDC20;PLK1;BUB1B,Biological_Process
Mitotic Spindle Assembly Checkpoint Signaling ,GO:0007094,3/26,0.00852203919441491,0.03335653497082593,0,0,7.910628019323671,37.69493060610896,CDC20;PLK1;BUB1B,Biological_Process
Mitotic Spindle Checkpoint Signaling ,GO:0071174,3/26,0.00852203919441491,0.03335653497082593,0,0,7.910628019323671,37.69493060610896,CDC20;PLK1;BUB1B,Biological_Process
Negative Regulation Of Insulin Receptor Signaling Pathway ,GO:0046627,3/26,0.00852203919441491,0.03335653497082593,0,0,7.910628019323671,37.69493060610896,RPS6KB1;PRKCD;PRKCQ,Biological_Process
Negative Regulation Of Protein Polymerization ,GO:0032272,3/26,0.00852203919441491,0.03335653497082593,0,0,7.910628019323671,37.69493060610896,PRKCD;STMN2;DYRK1A,Biological_Process
Positive Regulation Of Adenylate Cyclase Activity ,GO:0045762,3/26,0.00852203919441491,0.03335653497082593,0,0,7.910628019323671,37.69493060610896,ADRB2;CACNA1C;RAF1,Biological_Process
Protein Localization To Cell Surface ,GO:0034394,3/26,0.00852203919441491,0.03335653497082593,0,0,7.910628019323671,37.69493060610896,CTNNB1;ANK2;VCL,Biological_Process
Regulation Of Transcription Elongation By RNA Polymerase II ,GO:0034243,5/77,0.00857751861542647,0.03341432093541134,0,0,4.227268806073154,20.115926204463232,CDK9;MED14;SRCAP;CDK12;CDK13,Biological_Process
Chloride Transport ,GO:0006821,5/77,0.00857751861542647,0.03341432093541134,0,0,4.227268806073154,20.115926204463232,GABRB2;FXYD1;SLC17A7;GABRG2;CFTR,Biological_Process
Positive Regulation Of Synaptic Transmission ,GO:0050806,5/77,0.00857751861542647,0.03341432093541134,0,0,4.227268806073154,20.115926204463232,LGI1;DLG4;PLK2;GRIK2;GRIN1,Biological_Process
Regulation Of Granulocyte Differentiation ,GO:0030852,2/9,0.008892852538305072,0.033839571791819296,0,0,17.28879120879121,81.64644460164943,LEF1;RUNX1,Biological_Process
Calcium Ion Transport Into Cytosol ,GO:0060402,2/9,0.008892852538305072,0.033839571791819296,0,0,17.28879120879121,81.64644460164943,CACNA2D1;CACNA1C,Biological_Process
Carbohydrate Phosphorylation ,GO:0046835,2/9,0.008892852538305072,0.033839571791819296,0,0,17.28879120879121,81.64644460164943,HK3;HK2,Biological_Process
Regulation Of Tau-Protein Kinase Activity ,GO:1902947,2/9,0.008892852538305072,0.033839571791819296,0,0,17.28879120879121,81.64644460164943,RB1;EGR1,Biological_Process
Regulation Of Transmembrane Transporter Activity ,GO:0022898,2/9,0.008892852538305072,0.033839571791819296,0,0,17.28879120879121,81.64644460164943,BCL2;PIM1,Biological_Process
Response To Histamine ,GO:0034776,2/9,0.008892852538305072,0.033839571791819296,0,0,17.28879120879121,81.64644460164943,GABRB2;GABRG2,Biological_Process
Dopamine Transport ,GO:0015872,2/9,0.008892852538305072,0.033839571791819296,0,0,17.28879120879121,81.64644460164943,MAPK15;SLC18A2,Biological_Process
Endothelial Tube Morphogenesis ,GO:0061154,2/9,0.008892852538305072,0.033839571791819296,0,0,17.28879120879121,81.64644460164943,CTNNB1;PRKD2,Biological_Process
Fructose 6-Phosphate Metabolic Process ,GO:0006002,2/9,0.008892852538305072,0.033839571791819296,0,0,17.28879120879121,81.64644460164943,HK3;HK2,Biological_Process
High-Density Lipoprotein Particle Assembly ,GO:0034380,2/9,0.008892852538305072,0.033839571791819296,0,0,17.28879120879121,81.64644460164943,PRKACA;PRKACB,Biological_Process
Negative Regulation Of Lymphocyte Apoptotic Process ,GO:0070229,2/9,0.008892852538305072,0.033839571791819296,0,0,17.28879120879121,81.64644460164943,IRS2;PRKCQ,Biological_Process
Positive Regulation Of Protein Acetylation ,GO:1901985,2/9,0.008892852538305072,0.033839571791819296,0,0,17.28879120879121,81.64644460164943,PRKAA1;PRKAA2,Biological_Process
Positive Regulation Of Tissue Remodeling ,GO:0034105,2/9,0.008892852538305072,0.033839571791819296,0,0,17.28879120879121,81.64644460164943,ROCK1;ROCK2,Biological_Process
Positive Regulation Of Vascular Endothelial Growth Factor Receptor Signaling Pathway ,GO:0030949,2/9,0.008892852538305072,0.033839571791819296,0,0,17.28879120879121,81.64644460164943,VTN;PRKD2,Biological_Process
Regulation Of Attachment Of Spindle Microtubules To Kinetochore ,GO:0051988,2/9,0.008892852538305072,0.033839571791819296,0,0,17.28879120879121,81.64644460164943,CDC42;NEK2,Biological_Process
Protein Localization To Cell Periphery ,GO:1990778,7/142,0.008916006421958859,0.03387532069577579,0,0,3.1658796296296297,14.942657878353522,SLC9A3R1;JUP;ROCK1;ROCK2;ANK2;EZR;S100A10,Biological_Process
Cell Chemotaxis ,GO:0060326,4/50,0.00894864878049931,0.03394695423357365,0,0,5.283887468030691,24.920148708471643,NR4A1;PRKCD;LEF1;PRKCQ,Biological_Process
Negative Regulation Of Developmental Process ,GO:0051093,6/109,0.009052472256582384,0.03428797953185512,0,0,3.5514018691588785,16.70834210093792,RPS6KA6;SPI1;CDK6;ROCK1;ROCK2;NOS3,Biological_Process
Regulation Of Insulin Secretion Involved In Cellular Response To Glucose Stimulus ,GO:0061178,3/27,0.009472956559967704,0.03571580252778023,0,0,7.580632716049383,35.32054979355995,PIM3;CFTR;CDK16,Biological_Process
Negative Regulation Of Cellular Response To Insulin Stimulus ,GO:1900077,3/27,0.009472956559967704,0.03571580252778023,0,0,7.580632716049383,35.32054979355995,RPS6KB1;PRKCD;PRKCQ,Biological_Process
Peptide Cross-Linking ,GO:0018149,3/27,0.009472956559967704,0.03571580252778023,0,0,7.580632716049383,35.32054979355995,DSP;ANXA1;EPB42,Biological_Process
Regulation Of Release Of Sequestered Calcium Ion Into Cytosol ,GO:0051279,4/51,0.00958788453230868,0.03603873544815874,0,0,5.1712008431592125,24.0318890024074,PDPK1;ANK2;PLCG1;PRKACA,Biological_Process
Regulation Of Substrate Adhesion-Dependent Cell Spreading ,GO:1900024,4/51,0.00958788453230868,0.03603873544815874,0,0,5.1712008431592125,24.0318890024074,CDC42;ACTN4;CRK;S100A10,Biological_Process
Regulation Of Cytokinesis ,GO:0032465,5/80,0.010033631765910545,0.037599393314568894,0,0,4.057556935817805,18.672116844378117,CDC42;PLK3;PLK1;CIT;AURKA,Biological_Process
Calcium Ion Transmembrane Transport ,GO:0070588,5/80,0.010033631765910545,0.037599393314568894,0,0,4.057556935817805,18.672116844378117,CACNA2D1;CACNA1C;CACNA1S;TRPV1;GRIN1,Biological_Process
Regulation Of Protein Localization To Nucleus ,GO:1900180,4/52,0.010256075746064948,0.03820039105417837,0,0,5.063209494324045,23.18891718096013,CREBBP;PLK1;CDK1;MTOR,Biological_Process
Regulation Of Proteolysis ,GO:0030162,4/52,0.010256075746064948,0.03820039105417837,0,0,5.063209494324045,23.18891718096013,CYFIP2;CDK5;BAD;PLK1,Biological_Process
Negative Regulation Of Response To Stimulus ,GO:0048585,4/52,0.010256075746064948,0.03820039105417837,0,0,5.063209494324045,23.18891718096013,MAPK7;PIM3;KLF4;MAP2K5,Biological_Process
Positive Regulation Of Transcription Initiation By RNA Polymerase II ,GO:0060261,4/52,0.010256075746064948,0.03820039105417837,0,0,5.063209494324045,23.18891718096013,MED14;MED13;TBP;TP53,Biological_Process
Calcium Ion Transport ,GO:0006816,6/112,0.010272410147081627,0.03820343471618575,0,0,3.450361488273673,15.79676793388182,RYR1;CACNA2D1;ITPR1;CACNA1C;CACNA1S;TRPV1,Biological_Process
Regulation Of Glucose Metabolic Process ,GO:0010906,3/28,0.010483287921652474,0.03857975315860746,0,0,7.277037037037037,33.16853772580712,BCKDK;IRS2;PDK1,Biological_Process
Regulation Of Sodium Ion Transmembrane Transport ,GO:1902305,3/28,0.010483287921652474,0.03857975315860746,0,0,7.277037037037037,33.16853772580712,FXYD1;SCN5A;SCN1B,Biological_Process
Establishment Of Endothelial Barrier ,GO:0061028,3/28,0.010483287921652474,0.03857975315860746,0,0,7.277037037037037,33.16853772580712,RAP1B;EZR;ICAM1,Biological_Process
Negative Regulation Of Cytoskeleton Organization ,GO:0051494,3/28,0.010483287921652474,0.03857975315860746,0,0,7.277037037037037,33.16853772580712,SMAD4;PIK3CA;PRKCD,Biological_Process
Negative Regulation Of Mitotic Metaphase/Anaphase Transition ,GO:0045841,3/28,0.010483287921652474,0.03857975315860746,0,0,7.277037037037037,33.16853772580712,CDC20;PLK1;BUB1B,Biological_Process
Positive Regulation Of Fibroblast Proliferation ,GO:0048146,3/28,0.010483287921652474,0.03857975315860746,0,0,7.277037037037037,33.16853772580712,CDKN1A;CDK6;CDK4,Biological_Process
Positive Regulation Of Protein Import Into Nucleus ,GO:0042307,3/28,0.010483287921652474,0.03857975315860746,0,0,7.277037037037037,33.16853772580712,JUP;PRKCD;DMAP1,Biological_Process
Negative Regulation Of NF-kappaB Transcription Factor Activity ,GO:0032088,5/81,0.010554434118288537,0.038783607163024446,0,0,4.003963713631906,18.222876537142945,PPP2CB;SPI1;DDIT3;KLF4;MAP2K5,Biological_Process
Positive Regulation Of Cell Motility ,GO:2000147,9/221,0.01078740480497521,0.039580611966988026,0,0,2.5980331078675687,11.767468928554145,CDC42;CSF1R;PAK1;ROCK2;NTRK3;LEF1;PRKCA;ACTN4;CGA,Biological_Process
Regulation Of Receptor Signaling Pathway Via JAK-STAT ,GO:0046425,4/53,0.01095369495026573,0.03963989442736245,0,0,4.959625955645416,22.38814060308616,GPI;SOCS3;PRL;JAK3,Biological_Process
Cellular Response To Alcohol ,GO:0097306,4/53,0.01095369495026573,0.03963989442736245,0,0,4.959625955645416,22.38814060308616,CREB1;JUP;CTNNB1;CFTR,Biological_Process
Arginine Metabolic Process ,GO:0006525,2/10,0.010996770062505504,0.03963989442736245,0,0,15.126923076923076,68.22474778220459,NOS3;ASS1,Biological_Process
Cellular Response To Forskolin ,GO:1904322,2/10,0.010996770062505504,0.03963989442736245,0,0,15.126923076923076,68.22474778220459,CREB1;CFTR,Biological_Process
Response To Forskolin ,GO:1904321,2/10,0.010996770062505504,0.03963989442736245,0,0,15.126923076923076,68.22474778220459,CREB1;CFTR,Biological_Process
Steroid Hormone Mediated Signaling Pathway ,GO:0043401,2/10,0.010996770062505504,0.03963989442736245,0,0,15.126923076923076,68.22474778220459,MAPK1;ESR1,Biological_Process
Fatty Acid Homeostasis ,GO:0055089,2/10,0.010996770062505504,0.03963989442736245,0,0,15.126923076923076,68.22474778220459,PRKAA1;PRKAA2,Biological_Process
Negative Regulation Of Homotypic Cell-Cell Adhesion ,GO:0034111,2/10,0.010996770062505504,0.03963989442736245,0,0,15.126923076923076,68.22474778220459,PRKCD;PRKG1,Biological_Process
Positive Regulation Of Integrin Activation ,GO:0033625,2/10,0.010996770062505504,0.03963989442736245,0,0,15.126923076923076,68.22474778220459,RAP1B;PLEK,Biological_Process
Positive Regulation Of Protein Depolymerization ,GO:1901881,2/10,0.010996770062505504,0.03963989442736245,0,0,15.126923076923076,68.22474778220459,PLEK;STMN2,Biological_Process
Positive Regulation Of Transcription From RNA Polymerase II Promoter In Response To Endoplasmic Reticulum Stress ,GO:1990440,2/10,0.010996770062505504,0.03963989442736245,0,0,15.126923076923076,68.22474778220459,DDIT3;TP53,Biological_Process
Protein Kinase C-activating G Protein-Coupled Receptor Signaling Pathway ,GO:0007205,2/10,0.010996770062505504,0.03963989442736245,0,0,15.126923076923076,68.22474778220459,CHRM1;PRKD3,Biological_Process
Cellular Response To Organic Substance ,GO:0071310,5/82,0.011093434865153818,0.03992987812574372,0,0,3.9517625231910944,17.78847093202708,CDK9;NCOA2;CSF1R;STAT5B;LEF1,Biological_Process
Response To Endoplasmic Reticulum Stress ,GO:0034976,6/114,0.011147868671983084,0.04000882313472646,0,0,3.386119764624437,15.22571105463244,DDIT3;ITPR1;BCL2;TP53;ATF3;CFTR,Biological_Process
Regulation Of MAP Kinase Activity ,GO:0043405,6/114,0.011147868671983084,0.04000882313472646,0,0,3.386119764624437,15.22571105463244,KSR1;NTRK3;PRKCD;ERBB2;CDK12;MAP2K5,Biological_Process
TOR Signaling ,GO:0031929,3/29,0.01155368631878017,0.04098728489457749,0,0,6.996794871794871,31.21095783997093,RPS6KB1;RPS6KB2;MTOR,Biological_Process
Regulation Of Muscle Contraction ,GO:0006937,3/29,0.01155368631878017,0.04098728489457749,0,0,6.996794871794871,31.21095783997093,MYBPC3;KCNA1;CACNA1S,Biological_Process
Establishment Of Mitotic Spindle Orientation ,GO:0000132,3/29,0.01155368631878017,0.04098728489457749,0,0,6.996794871794871,31.21095783997093,GPSM2;PLK1;CENPA,Biological_Process
Heterotypic Cell-Cell Adhesion ,GO:0034113,3/29,0.01155368631878017,0.04098728489457749,0,0,6.996794871794871,31.21095783997093,DSP;JUP;DSC2,Biological_Process
Morphogenesis Of An Epithelium ,GO:0002009,3/29,0.01155368631878017,0.04098728489457749,0,0,6.996794871794871,31.21095783997093,SLC9A3R1;PRKX;VCL,Biological_Process
Positive Regulation Of B Cell Proliferation ,GO:0030890,3/29,0.01155368631878017,0.04098728489457749,0,0,6.996794871794871,31.21095783997093,BCL2;IRS2;NCKAP1L,Biological_Process
Positive Regulation Of Dephosphorylation ,GO:0035306,3/29,0.01155368631878017,0.04098728489457749,0,0,6.996794871794871,31.21095783997093,PTPA;ROCK1;PRKCD,Biological_Process
Positive Regulation Of Endopeptidase Activity ,GO:0010950,3/29,0.01155368631878017,0.04098728489457749,0,0,6.996794871794871,31.21095783997093,ROCK2;TTBK1;GRIN1,Biological_Process
Regulation Of Epithelial To Mesenchymal Transition ,GO:0010717,5/83,0.011650916279337445,0.04127274227299106,0,0,3.900899824812868,17.368251114165957,SMAD4;LEF1;CTNNB1;AXIN2;MTOR,Biological_Process
Axonogenesis ,GO:0007409,8/188,0.012398731913800231,0.04385873271806922,0,0,2.715848136537792,11.923010779030154,CYFIP2;VASP;LGI1;RPS6KA5;CDK5;PRKCQ;PAK3;SCN1B,Biological_Process
Cellular Response To Molecule Of Bacterial Origin ,GO:0071219,6/117,0.01255806505222523,0.04435861715721452,0,0,3.294097836153911,14.41955812843156,MAPK8;CD80;PDE4B;MAPK14;NFKB1;RELA,Biological_Process
Extrinsic Apoptotic Signaling Pathway Via Death Domain Receptors ,GO:0008625,3/30,0.012684721846906038,0.04442359201576482,0,0,6.737311385459534,29.424244134038275,SPI1;BCL2;GABARAP,Biological_Process
Intrinsic Apoptotic Signaling Pathway In Response To Endoplasmic Reticulum Stress ,GO:0070059,3/30,0.012684721846906038,0.04442359201576482,0,0,6.737311385459534,29.424244134038275,DDIT3;ITPR1;BCL2,Biological_Process
Negative Regulation Of Blood Coagulation ,GO:0030195,3/30,0.012684721846906038,0.04442359201576482,0,0,6.737311385459534,29.424244134038275,VTN;NOS3;PLG,Biological_Process
Negative Regulation Of Peptidyl-Tyrosine Phosphorylation ,GO:0050732,3/30,0.012684721846906038,0.04442359201576482,0,0,6.737311385459534,29.424244134038275,SOCS3;PRKCD;PTK6,Biological_Process
Positive Regulation Of JUN Kinase Activity ,GO:0043507,3/30,0.012684721846906038,0.04442359201576482,0,0,6.737311385459534,29.424244134038275,PAK1;DVL3;MAP2K7,Biological_Process
Regulation Of Cell Migration Involved In Sprouting Angiogenesis ,GO:0090049,3/30,0.012684721846906038,0.04442359201576482,0,0,6.737311385459534,29.424244134038275,ANXA1;KLF4;MAP2K5,Biological_Process
Endocytosis ,GO:0006897,8/189,0.012769147399890443,0.04465573991268505,0,0,2.700704896170699,11.7770269751982,CDC42;ANXA1;MAPK1;CSNK1D;CSNK1E;ADRB2;RHOQ;MAPK3,Biological_Process
Regulation Of Reactive Oxygen Species Metabolic Process ,GO:2000377,4/56,0.013227582621520878,0.04527781865863272,0,0,4.672779233150751,20.211877779761316,CDKN1A;RAC2;MAPK14;TP53,Biological_Process
"Positive Regulation Of DNA-templated Transcription, Elongation ",GO:0032786,4/56,0.013227582621520878,0.04527781865863272,0,0,4.672779233150751,20.211877779761316,CDK9;MED14;CDK12;CDK13,Biological_Process
Positive Regulation Of Cellular Metabolic Process ,GO:0031325,4/56,0.013227582621520878,0.04527781865863272,0,0,4.672779233150751,20.211877779761316,CDKN1A;CDK1;MAPK14;TP53,Biological_Process
Regulation Of Homotypic Cell-Cell Adhesion ,GO:0034110,2/11,0.013296451214537555,0.04527781865863272,0,0,13.445470085470085,58.08790111677033,PRKCA;PRKCQ,Biological_Process
Regulation Of Lipid Kinase Activity ,GO:0043550,2/11,0.013296451214537555,0.04527781865863272,0,0,13.445470085470085,58.08790111677033,RB1;RBL2,Biological_Process
Cellular Response To UV-B ,GO:0071493,2/11,0.013296451214537555,0.04527781865863272,0,0,13.445470085470085,58.08790111677033,MAPK11;MAPK14,Biological_Process
Cellular Response To Thyroid Hormone Stimulus ,GO:0097067,2/11,0.013296451214537555,0.04527781865863272,0,0,13.445470085470085,58.08790111677033,LMO2;GATA1,Biological_Process
Erythrocyte Development ,GO:0048821,2/11,0.013296451214537555,0.04527781865863272,0,0,13.445470085470085,58.08790111677033,NCKAP1L;GATA1,Biological_Process
Exit From Mitosis ,GO:0010458,2/11,0.013296451214537555,0.04527781865863272,0,0,13.445470085470085,58.08790111677033,EPS8;UBE2C,Biological_Process
Ganglion Development ,GO:0061548,2/11,0.013296451214537555,0.04527781865863272,0,0,13.445470085470085,58.08790111677033,CTNNB1;PHOX2B,Biological_Process
Intrinsic Apoptotic Signaling Pathway In Response To Oxidative Stress ,GO:0008631,2/11,0.013296451214537555,0.04527781865863272,0,0,13.445470085470085,58.08790111677033,PRKCD;PDK1,Biological_Process
Negative Regulation Of Fibrinolysis ,GO:0051918,2/11,0.013296451214537555,0.04527781865863272,0,0,13.445470085470085,58.08790111677033,VTN;PLG,Biological_Process
Negative Regulation Of Microtubule Polymerization ,GO:0031115,2/11,0.013296451214537555,0.04527781865863272,0,0,13.445470085470085,58.08790111677033,DYRK1A;STMN2,Biological_Process
Negative Regulation Of Platelet-Derived Growth Factor Receptor Signaling Pathway ,GO:0010642,2/11,0.013296451214537555,0.04527781865863272,0,0,13.445470085470085,58.08790111677033,SLC9A3R1;PTPN12,Biological_Process
Nucleotide-Binding Oligomerization Domain Containing Signaling Pathway ,GO:0070423,2/11,0.013296451214537555,0.04527781865863272,0,0,13.445470085470085,58.08790111677033,RELA;MAP2K6,Biological_Process
Podocyte Differentiation ,GO:0072112,2/11,0.013296451214537555,0.04527781865863272,0,0,13.445470085470085,58.08790111677033,NPHS1;WT1,Biological_Process
"Regulation Of CD4-positive, Alpha-Beta T Cell Differentiation ",GO:0043370,2/11,0.013296451214537555,0.04527781865863272,0,0,13.445470085470085,58.08790111677033,NCKAP1L;RUNX1,Biological_Process
Regulation Of Actin Filament Depolymerization ,GO:0030834,2/11,0.013296451214537555,0.04527781865863272,0,0,13.445470085470085,58.08790111677033,PIK3CA;PLEK,Biological_Process
Regulation Of Amyloid Precursor Protein Catabolic Process ,GO:1902991,2/11,0.013296451214537555,0.04527781865863272,0,0,13.445470085470085,58.08790111677033,ROCK1;ROCK2,Biological_Process
Cardiac Muscle Tissue Morphogenesis ,GO:0055008,3/31,0.013876884925764029,0.04686541932404806,0,0,6.4963624338624335,27.788390256350574,MYBPC3;TNNI3;MYH6,Biological_Process
Response To Estradiol ,GO:0032355,3/31,0.013876884925764029,0.04686541932404806,0,0,6.4963624338624335,27.788390256350574,STAT5B;CTNNB1;ESR1,Biological_Process
Leukocyte Cell-Cell Adhesion ,GO:0007159,3/31,0.013876884925764029,0.04686541932404806,0,0,6.4963624338624335,27.788390256350574,ROCK1;EZR;ICAM1,Biological_Process
Negative Regulation Of Microtubule Polymerization Or Depolymerization ,GO:0031111,3/31,0.013876884925764029,0.04686541932404806,0,0,6.4963624338624335,27.788390256350574,STMN2;DYRK1A;TTBK2,Biological_Process
Positive Regulation Of Glucose Transmembrane Transport ,GO:0010828,3/31,0.013876884925764029,0.04686541932404806,0,0,6.4963624338624335,27.788390256350574,IRS2;BRAF;RHOQ,Biological_Process
Positive Regulation Of Lamellipodium Organization ,GO:1902745,3/31,0.013876884925764029,0.04686541932404806,0,0,6.4963624338624335,27.788390256350574,CDC42;PIK3CA;RAC2,Biological_Process
Protein Localization To Membrane ,GO:0072657,8/192,0.013929096756885464,0.04697730988418084,0,0,2.656262777702058,11.35227034226549,SLC9A3R1;JUP;ROCK1;ROCK2;ANK2;BRAF;EZR;S100A10,Biological_Process
Regulation Of Transcription Initiation By RNA Polymerase II ,GO:0060260,4/57,0.014047287224196745,0.047246476975372105,0,0,4.584379928734155,19.55387482126576,MED14;MED13;TBP;CDK4,Biological_Process
Post-Transcriptional Regulation Of Gene Expression ,GO:0010608,4/57,0.014047287224196745,0.047246476975372105,0,0,4.584379928734155,19.55387482126576,TSC1;MAPKAPK5;FOXO3;EIF4E,Biological_Process
Regulation Of Endothelial Cell Migration ,GO:0010594,5/88,0.014725044965827725,0.04939109087992896,0,0,3.664970440769289,15.459598454987496,GPI;ROCK2;PRKCA;PRKD2;PRKD1,Biological_Process
Positive Regulation Of Plasma Membrane Bounded Cell Projection Assembly ,GO:0120034,5/88,0.014725044965827725,0.04939109087992896,0,0,3.664970440769289,15.459598454987496,EPS8;CDC42;PIK3CA;RAC2;RHOQ,Biological_Process
Regulation Of Neuron Death ,GO:1901214,4/58,0.014898517501157787,0.04983716044544901,0,0,4.499254672629285,18.926085839172792,EGR1;CDK5;AKT1S1;TSC1,Biological_Process
Eye Development ,GO:0001654,4/58,0.014898517501157787,0.04983716044544901,0,0,4.499254672629285,18.926085839172792,WT1;CACNA1C;HIPK1;HIPK2,Biological_Process
Protein Serine/Threonine Kinase Activity ,GO:0004674,91/342,8.469811772006281e-86,3.0914812967822934e-83,0,0,29.836619623202107,5844.570393959133,GPI;DYRK4;DYRK3;DYRK2;ARAF;RPS6KA4;RPS6KA3;RPS6KA6;RPS6KA5;RPS6KA2;RPS6KA1;CDK20;PIM1;PIM3;NEK2;NEK3;PIM2;PRKACA;PRKACB;MAP2K1;MAP2K2;PDPK1;PRKCD;DYRK1A;DYRK1B;PRKCA;CSNK1D;CSNK1E;CIT;PRKD3;PRKCQ;PRKD2;MAPKAPK5;PRKD1;RAF1;PRKAA1;PRKAA2;ROCK1;PRKDC;ROCK2;TTBK1;TTBK2;AURKA;PAK1;MAPK8;MAPK7;MAPK1;PAK3;MAPK6;PAK2;MAPK4;MAP2K6;MAPK3;PLK4;PLK3;HIPK4;CDK19;DMPK;CSNK1A1;PLK2;CDC42BPG;PLK1;BRAF;CDC42BPB;HIPK1;MAPK14;CDC42BPA;CDK11B;MAPK15;HIPK3;MAPK12;MTOR;HIPK2;MAPK13;CDK9;BCKDK;CDK8;MAPK11;CDK7;CDK6;CDK5;RPS6KB1;CDK4;CDK2;RPS6KB2;CDK1;CDK10;CDK12;CDK13;CDK14;CDK16,Molecular_Function
Protein Serine/Threonine/Tyrosine Kinase Activity ,GO:0004712,17/26,7.681957352832659e-25,1.4019572168919604e-22,0,0,119.81648745519712,6652.900681356334,MAP2K3;MAP2K1;PRKAA2;MAP2K2;BRAF;MAPK14;AURKA;MAPK10;RPS6KB1;RPS6KA2;RPS6KA1;MAPKAPK5;MAP2K7;PAK3;PRKACA;MAP2K5;MAP2K6,Molecular_Function
Cyclin-Dependent Protein Kinase Activity ,GO:0097472,15/23,5.0377596005358e-22,4.596955635488917e-20,0,0,118.17908653846152,5795.491837018996,CDK19;CDK11B;CDK9;CDK8;CDK7;CDK6;CDK5;CDK4;CDK2;CDK1;CDK20;CDK10;CDK12;CDK13;CDK14,Molecular_Function
Cyclin-Dependent Protein Serine/Threonine Kinase Activity ,GO:0004693,15/23,5.0377596005358e-22,4.596955635488917e-20,0,0,118.17908653846152,5795.491837018996,CDK19;CDK11B;CDK9;CDK8;CDK7;CDK6;CDK5;CDK4;CDK2;CDK1;CDK20;CDK10;CDK12;CDK13;CDK14,Molecular_Function
Protein Kinase Binding ,GO:0019901,42/511,5.7017442402354326e-18,3.9989836696092406e-16,0,0,6.034249803613512,239.59447169935385,TOP2A;ATF2;CDKN1A;PLEK;NR3C1;FOXO3;RELA;ADD2;AURKA;CDC42;MAPK8;MAPK7;SUFU;PRKG2;TNNI3;PLCG1;SCN5A;PRKACA;MAP2K7;PAK2;MAPK4;MAP2K6;MAP2K3;DSP;BAD;PRKCD;PLK1;ANK2;AXIN2;MAPK8IP2;MAPK8IP3;ESR1;CDC25A;CIT;PRKAR1B;DCX;PRKD2;MAPKAPK5;TCF3;EZR;CRK;MYH6,Molecular_Function
MAP Kinase Kinase Activity ,GO:0004708,11/14,6.5736717856590246e-18,3.9989836696092406e-16,0,0,228.23839662447256,9029.900475840986,MAP2K3;MAPK10;MAP2K4;MAP2K1;MAP2K2;MAPKAPK5;MAPK14;MAP2K7;PAK3;MAP2K5;MAP2K6,Molecular_Function
MAP Kinase Activity ,GO:0004707,10/11,1.2899566283661656e-17,6.726202419337865e-16,0,0,620.5678233438485,24133.47182433185,MAPK10;MAPK11;MAPK9;MAPK8;MAPK1;MAPK14;MAPK6;MAPK15;MAPK13;MAPK3,Molecular_Function
DNA-binding Transcription Factor Binding ,GO:0140297,28/282,2.3900330208264995e-14,1.0904525657520904e-12,0,0,7.159455402522845,224.55548906117167,RB1;ATF2;GPI;CEBPA;SPI1;PRKDC;PRDM5;CREM;FOXO4;GATA1;RELA;DMAP1;EIF4E;MAPK3;CREBBP;TBP;JUP;LMO2;ARNT;KLF4;HIPK2;CREB1;DDIT3;BCL2;CTNNB1;TCF3;TP53;NFE2L2,Molecular_Function
Kinase Binding ,GO:0019900,35/460,4.0576968905246375e-14,1.6456215167127697e-12,0,0,5.428525382755842,167.39170569204532,RB1;ATF2;CEBPA;CDKN1A;PLG;NR3C1;FOXO3;RELA;ADD2;AURKA;CDC42;SUFU;TNNI3;PLCG1;SCN5A;PRKACA;MAP2K7;PAK2;MAPK4;MAP2K6;MAP2K3;BAD;PRKCD;PLK1;ANK2;AXIN2;MAPK8IP2;ESR1;CDC25A;CIT;DLG4;DCX;CTNNB1;CRK;MYH6,Molecular_Function
"DNA-binding Transcription Activator Activity, RNA Polymerase II-specific ",GO:0001228,30/348,1.1787069037096104e-13,4.302280198540078e-12,0,0,6.147957563051903,183.01970583623063,ATF2;CEBPA;LEF1;FOXO4;NR3C1;FOXO3;GATA1;RELA;NKRF;E2F3;MLXIP;EGR1;STAT5B;SMAD4;NFYC;KLF4;ESR1;NFKB1;PHOX2B;RUNX1;NPAS4;NR4A1;CREB1;WT1;DDIT3;MAFF;REL;TCF3;TP53;ATF3,Molecular_Function
RNA Polymerase II CTD Heptapeptide Repeat Kinase Activity ,GO:0008353,7/8,2.3111021466294346e-12,7.66865712290676e-11,0,0,430.325,11529.825353123995,CDK9;CDK7;CDK1;DYRK1A;MAPK1;CDK12;CDK13,Molecular_Function
RNA Polymerase II-specific DNA-binding Transcription Factor Binding ,GO:0061629,23/228,3.828692306446086e-12,1.1645605765440179e-10,0,0,7.184916559691913,188.8806632113442,ATF2;NCOA2;CEBPA;CREBBP;SPI1;TBP;PRKDC;LMO2;ARNT;ACTN4;KLF4;MAPK14;GATA1;RELA;ADD1;HIPK2;CREB1;DDIT3;CTNNB1;DMAP1;TCF3;TP53;NFE2L2,Molecular_Function
Transcription Cis-Regulatory Region Binding ,GO:0000976,32/474,1.2931613693796383e-11,3.6307992294120606e-10,0,0,4.719625738170105,118.3273704792418,RB1;ATF2;CEBPA;SPI1;PRDM5;TCF7;LEF1;CREM;NR3C1;FOXO3;GATA1;RELA;E2F3;MLXIP;EGR1;SMAD4;TBP;NFYC;ARNT;KLF4;NFKB1;PHOX2B;RUNX1;NPAS4;RBL2;PER3;WT1;DDIT3;TCF3;TP53;ATF3;NFE2L2,Molecular_Function
Tau-Protein Kinase Activity ,GO:0050321,8/20,4.978011079358586e-10,1.2978386028327746e-8,0,0,41.08881922675026,880.1562212268442,PRKAA1;ROCK1;CDK5;ROCK2;DYRK1A;CSNK1D;TTBK1;TTBK2,Molecular_Function
Sequence-Specific Double-Stranded DNA Binding ,GO:1990837,37/715,6.401556728136138e-10,1.5577121371797942e-8,0,0,3.5744837758112094,75.66935417637036,ATF2;CEBPA;SPI1;PRDM5;TCF7;LEF1;CREM;FOXO4;NR3C1;FOXO3;GATA1;RELA;E2F3;JUNB;EGR1;SMAD4;TCF7L1;TBP;NFYC;ARNT;KLF4;ESR1;NFKB1;PHOX2B;RUNX1;NR4A1;PER3;CREB1;TEF;WT1;DDIT3;MAFF;KIF2C;TP53;NEUROG1;ATF3;NFE2L2,Molecular_Function
Transcription Regulatory Region Nucleic Acid Binding ,GO:0001067,20/224,8.885486997947231e-10,2.0270017214067124e-8,0,0,6.217346873602861,129.5784099639232,EGR1;CEBPA;SMAD4;SPI1;TBP;NFYC;PRDM5;TCF7;FOXO3;KLF4;GATA1;RELA;NFKB1;RUNX1;PER3;WT1;DDIT3;TP53;ATF3;NFE2L2,Molecular_Function
Purine Ribonucleoside Triphosphate Binding ,GO:0035639,28/476,5.706028082156542e-9,1.225117794110081e-7,0,0,4.0186036789297654,76.28010089663793,RYR1;GPI;DYRK3;DYRK2;EPB42;PYGL;RPS6KA4;PTPA;RAP1B;CDC42;NRAS;RPS6KA5;RAC2;PIM1;PRKACB;DMPK;KSR1;CDC42BPG;PLK1;TRPV1;CDC42BPB;CDC42BPA;CDK11B;BCKDK;CDK6;GNAQ;KRAS;RHOQ,Molecular_Function
ATP Binding ,GO:0005524,21/279,7.320302182560979e-9,1.484394609241532e-7,0,0,5.164348685210518,96.74175165920978,RYR1;GPI;DYRK3;DYRK2;EPB42;DMPK;KSR1;CDC42BPG;PLK1;PYGL;TRPV1;CDC42BPB;CDC42BPA;CDK11B;RPS6KA4;PTPA;BCKDK;RPS6KA5;CDK6;PIM1;PRKACB,Molecular_Function
Protein Tyrosine Kinase Activity ,GO:0004713,13/99,8.236724780743405e-9,1.5823181815638646e-7,0,0,9.429380832469263,175.5247469675386,CSF1R;HIPK4;DYRK2;NTRK3;DYRK1A;PTK6;HIPK1;TTBK1;HIPK3;HIPK2;RPS6KA5;ERBB2;JAK3,Molecular_Function
Adenyl Ribonucleotide Binding ,GO:0032559,22/309,8.843414393596083e-9,1.613923126831285e-7,0,0,4.872245387559262,90.34893444594626,RYR1;GPI;DYRK3;DYRK2;EPB42;DMPK;KSR1;CDC42BPG;PLK1;PYGL;TRPV1;CDC42BPB;CDC42BPA;CDK11B;RPS6KA4;PTPA;BCKDK;RPS6KA5;CDK6;PIM1;PDE4B;PRKACB,Molecular_Function
Cyclic Nucleotide-Dependent Protein Kinase Activity ,GO:0004690,5/7,2.316781529500988e-8,4.026786944132669e-7,0,0,152.7251552795031,2684.984866257032,PRKG2;PRKX;PRKACA;PRKACB;PRKG1,Molecular_Function
Protein Kinase C Activity ,GO:0004697,6/14,4.9067334409640717e-8,8.140716845235845e-7,0,0,45.94626168224299,773.2789065102336,PRKD3;PRKCD;PRKCA;PRKCQ;PRKD2;PRKD1,Molecular_Function
RNA Polymerase II Cis-Regulatory Region Sequence-Specific DNA Binding ,GO:0000978,44/1122,6.627217556938731e-8,1.0517106122967986e-6,0,0,2.6819066849354583,44.33056502318029,ATF2;CEBPA;SPI1;PRDM5;TCF7;LEF1;CREM;FOXO4;NR3C1;FOXO3;GATA1;RELA;NKRF;NACC2;E2F3;JUNB;HDX;MLXIP;EGR1;STAT5B;SMAD4;TCF7L1;NFYC;ARNT;KLF4;ESR1;FOXP2;NFKB1;ESR2;PHOX2B;RUNX1;NPAS4;NR4A1;CREB1;TEF;WT1;DDIT3;MAFF;REL;TCF3;TP53;NEUROG1;ATF3;NFE2L2,Molecular_Function
Transcription Coregulator Binding ,GO:0001221,12/99,7.729856157980848e-8,1.1755822906929207e-6,0,0,8.576245210727969,140.441079511059,CDK9;CREBBP;SMAD4;PER3;EHMT2;LMO2;LEF1;CTNNB1;GATA1;ESR1;RELA;CIT,Molecular_Function
Cis-Regulatory Region Sequence-Specific DNA Binding ,GO:0000987,43/1098,9.881072551433761e-8,1.4426365925093289e-6,0,0,2.671964488351912,43.09894666061736,ATF2;CEBPA;SPI1;PRDM5;TCF7;LEF1;CREM;FOXO4;NR3C1;FOXO3;GATA1;RELA;NKRF;NACC2;E2F3;JUNB;HDX;MLXIP;EGR1;STAT5B;SMAD4;TCF7L1;NFYC;ARNT;KLF4;ESR1;FOXP2;NFKB1;ESR2;PHOX2B;RUNX1;NPAS4;NR4A1;CREB1;TEF;WT1;DDIT3;MAFF;REL;TCF3;TP53;ATF3;NFE2L2,Molecular_Function
RNA Polymerase II Transcription Regulatory Region Sequence-Specific DNA Binding ,GO:0000977,46/1225,1.1506988274299809e-7,1.6154041231228575e-6,0,0,2.5678435491806497,41.02830119719947,RB1;ATF2;CEBPA;SPI1;PRDM5;TCF7;LEF1;CREM;FOXO4;NR3C1;FOXO3;GATA1;RELA;NKRF;NACC2;E2F3;JUNB;HDX;MLXIP;EGR1;STAT5B;SMAD4;TCF7L1;TBP;NFYC;ARNT;KLF4;ESR1;FOXP2;NFKB1;ESR2;PHOX2B;RUNX1;NPAS4;RBL2;NR4A1;CREB1;TEF;WT1;DDIT3;MAFF;REL;TCF3;TP53;ATF3;NFE2L2,Molecular_Function
Tau Protein Binding ,GO:0048156,8/39,1.8550295516901562e-7,2.5077251346922483e-6,0,0,15.889978764283548,246.29776977672068,PPP2CB;PRKAA1;ROCK1;CDK5;ROCK2;DYRK1A;TTBK1;TTBK2,Molecular_Function
MAP-kinase Scaffold Activity ,GO:0005078,5/10,2.669918524328801e-7,3.4804295049286154e-6,0,0,61.08074534161491,924.5210746906808,MAP2K1;MAP2K2;KSR1;MAPK8IP2;MAPK8IP3,Molecular_Function
Phosphatase Binding ,GO:0019902,11/112,2.2791467724739604e-6,2.8685812825965363e-5,0,0,6.745582153152024,87.6366431190854,SLC9A3R1;MAPK8;JUP;DLG4;MAPK1;CTNNB1;NEK2;MAP2K7;MAPK14;JAK3;MAPK3,Molecular_Function
Protein Heterodimerization Activity ,GO:0046982,14/190,3.125003051510669e-6,3.802087046004647e-5,0,0,4.954944815567819,62.80925358102405,TOP2A;CYBB;ARNT;ADD1;ADD2;AURKA;NPAS4;NR4A1;DDIT3;ERBB2;BCL2;TCF3;TP53;ATF3,Molecular_Function
Voltage-Gated Monoatomic Cation Channel Activity ,GO:0022843,9/76,4.072161279800082e-6,4.794641506861387e-5,0,0,8.281892424669108,102.78935516780346,RYR1;CACNA2D1;KCNA1;KCNA2;KCNA4;CACNA1C;KCNA6;CACNA1S;TRPV1,Molecular_Function
Protein Kinase Regulator Activity ,GO:0019887,10/103,7.316890485105848e-6,8.329486853307507e-5,0,0,6.641565754214579,78.538674331909,CCNB3;SOCS3;CCNA1;MAP2K1;CDKN1A;PRKAR1B;CCNH;CCNE1;CDK4;NCKAP1L,Molecular_Function
Sequence-Specific DNA Binding ,GO:0043565,29/717,7.530768935867061e-6,8.329486853307507e-5,0,0,2.6853685422194475,31.677986005788554,ATF2;SPI1;PRDM5;TCF7;LEF1;CREM;FOXO4;NR3C1;FOXO3;GATA1;E2F3;JUNB;EGR1;SMAD4;TCF7L1;ARNT;KLF4;ESR1;FOXP2;PHOX2B;NR4A1;CREB1;TEF;WT1;MAFF;BCL2;NEUROG1;ATF3;NFE2L2,Molecular_Function
Histone H3 Kinase Activity ,GO:0140996,4/9,8.285726294942978e-6,8.640828850440535e-5,0,0,48.71331269349845,569.9933147434276,RPS6KA4;RPS6KA5;DYRK1A;PRKCA,Molecular_Function
Protein Serine Kinase Activity ,GO:0106310,4/9,8.285726294942978e-6,8.640828850440535e-5,0,0,48.71331269349845,569.9933147434276,PRKCD;DYRK1A;PRKG2;TTBK1,Molecular_Function
Magnesium Ion Binding ,GO:0000287,12/155,9.596150720727834e-6,9.728683575753272e-5,0,0,5.2027972027972025,60.11389153026929,TOP2A;GPI;DYRK3;DYRK2;CDC42BPG;PLK1;CDC42BPB;MAP2K7;CDC42BPA;PRKACB;PGM1;MAPK12,Molecular_Function
DNA Binding ,GO:0003677,32/846,9.861953213777288e-6,9.728683575753272e-5,0,0,2.5131720318160995,28.968897508610933,TOP2A;CEBPA;DNMT1;SPI1;PRKDC;PRDM5;LEF1;CREM;FOXO4;FOXO3;GATA1;RELA;E2F3;JUNB;EGR1;CREBBP;SMAD4;TCF7L1;NFYC;ARNT;ACTN4;FOXP2;ESR2;CDK9;NR4A1;WT1;DDIT3;MAFF;BCL2;TCF3;TP53;NFE2L2,Molecular_Function
Voltage-Gated Calcium Channel Activity ,GO:0005245,7/47,1.050667520484616e-5,1.0091938025707496e-4,0,0,10.736796875,123.0812684963522,RYR1;CACNA2D1;SCN7A;CACNA1C;CACNA1S;SCN5A;TRPV1,Molecular_Function
Transcription Coactivator Binding ,GO:0001223,6/34,1.6677946199308683e-5,1.5608847083968384e-4,0,0,13.11415220293725,144.27433958091294,CDK9;CREBBP;SMAD4;ESR1;RELA;CIT,Molecular_Function
Protein Phosphatase Binding ,GO:0019903,10/115,1.945244533098445e-5,1.775035636452331e-4,0,0,5.878924440438636,63.77185492547698,PTPA;MAPK8;JUP;DLG4;CTNNB1;NEK2;MAP2K7;MAPK14;TP53;JAK3,Molecular_Function
cAMP-dependent Protein Kinase Activity ,GO:0004691,3/5,4.226561598325519e-5,3.762670691192231e-4,0,0,91.06944444444444,917.20924863574,PRKX;PRKACA;PRKACB,Molecular_Function
Promoter-Specific Chromatin Binding ,GO:1990841,6/42,5.828010436901102e-5,5.064818593973576e-4,0,0,10.195742471443406,99.41103584845172,RBL2;EGR1;DNMT1;EHMT2;KLF4;TP53,Molecular_Function
Kinase Activity ,GO:0016301,9/106,6.115507200294585e-5,5.191070065366334e-4,0,0,5.711729235557285,55.415755397130525,CDK9;BCKDK;CDK5;PIK3CA;PRKD3;CDK1;PRKD1;MAPK15;MTOR,Molecular_Function
Ubiquitin-Like Protein Ligase Binding ,GO:0044389,15/289,8.927541839206211e-5,7.405801752977879e-4,0,0,3.403811061201572,31.736400397894887,RB1;GPI;CDKN1A;UBE2C;AXIN2;GABARAP;RELA;BCL2;CTNNB1;SCN5A;PRKACA;PRKACB;TP53;VCL;NFE2L2,Molecular_Function
Ubiquitin Protein Ligase Binding ,GO:0031625,14/271,1.6019472364964734e-4,0.0012993572029360283,0,0,3.379172312626645,29.53099389477641,RB1;GPI;CDKN1A;AXIN2;GABARAP;RELA;BCL2;CTNNB1;SCN5A;PRKACA;PRKACB;TP53;VCL;NFE2L2,Molecular_Function
Ligand-Gated Calcium Channel Activity ,GO:0099604,4/18,1.790978662098936e-4,0.0014211026340567646,0,0,17.389650597080937,150.03056975232084,RYR1;ITPR1;TRPV1;GRIN1,Molecular_Function
Double-Stranded DNA Binding ,GO:0003690,24/650,1.8897779638121025e-4,0.001467593525088122,0,0,2.410021193812672,20.663234993770025,ATF2;EGR1;TCF7L1;PRKDC;TCF7;LEF1;CREM;ARNT;FOXO4;NR3C1;FOXO3;KLF4;GATA1;ESR1;PHOX2B;NR4A1;CREB1;TEF;WT1;MAFF;E2F3;JUNB;NEUROG1;ATF3,Molecular_Function
Protein Homodimerization Activity ,GO:0042803,24/662,2.474668292432904e-4,0.0018817790140375208,0,0,2.363201837425122,19.624581066579054,TOP2A;STAT5B;CSF1R;CEBPA;SMAD4;JUP;PLEK;ARNT;ACTN4;ADRB2;RELA;FOXP2;ADD1;ADD2;PTPA;PLN;DDIT3;NACC2;BCL2;TCF3;NEUROG1;ATF3;MAPK4;S100A10,Molecular_Function
Protein Binding Involved In Heterotypic Cell-Cell Adhesion ,GO:0086080,3/9,3.381376004557636e-4,0.002518780085027627,0,0,30.35030864197531,242.5614161611816,DSP;JUP;DSC2,Molecular_Function
Estrogen Response Element Binding ,GO:0034056,3/10,4.772126061766476e-4,0.003410682548570717,0,0,26.013227513227516,198.93741777747883,NR3C1;ESR1;ESR2,Molecular_Function
High Voltage-Gated Calcium Channel Activity ,GO:0008331,4/23,4.859054589744583e-4,0.003410682548570717,0,0,12.810167834446798,97.73513042477008,SCN7A;CACNA1C;CACNA1S;SCN5A,Molecular_Function
Mitogen-Activated Protein Kinase Binding ,GO:0051019,4/23,4.859054589744583e-4,0.003410682548570717,0,0,12.810167834446798,97.73513042477008,MAPK7;PRKG2;MAPKAPK5;MAPK14,Molecular_Function
PDZ Domain Binding ,GO:0030165,6/62,5.194232116647054e-4,0.0035771598539173105,0,0,6.547730307076101,49.51911957129839,SLC9A3R1;MAP2K2;DLG4;GNG12;CFTR;CIT,Molecular_Function
Transcription Corepressor Binding ,GO:0001222,5/42,5.868403161053054e-4,0.003966605840341416,0,0,8.240725197246936,61.317240363537046,PER3;EHMT2;LEF1;CTNNB1;ESR1,Molecular_Function
Nuclear Receptor Binding ,GO:0016922,8/115,6.092157527991664e-4,0.004042977268576286,0,0,4.585826033457358,33.950420497642675,STAT5B;NR4A1;NCOA2;MED14;MED13;LEF1;CTNNB1;ESR1,Molecular_Function
C2H2 Zinc Finger Domain Binding ,GO:0070742,3/11,6.482390220234961e-4,0.004225129339974573,0,0,22.760416666666668,167.08993317315245,WT1;LEF1;GATA1,Molecular_Function
Intracellular Ligand-Gated Monoatomic Ion Channel Activity ,GO:0005217,3/12,8.538834664060881e-4,0.00546785026733723,0,0,20.23045267489712,142.94262970672716,RYR1;ITPR1;TRPV1,Molecular_Function
Cyclin-Dependent Protein Serine/Threonine Kinase Regulator Activity ,GO:0016538,5/46,8.965705143015206e-4,0.005642210995173362,0,0,7.435237085290107,52.17256502370752,CCNB3;CDKN1A;CCNH;CCNE1;CDK4,Molecular_Function
Delayed Rectifier Potassium Channel Activity ,GO:0005251,4/28,0.001053552586827006,0.006517740579523004,0,0,10.138802889576883,69.5074494388189,KCNA2;KCNA3;KCNA4;KCNA6,Molecular_Function
I-SMAD Binding ,GO:0070411,3/13,0.0010966570233353352,0.006671330225289956,0,0,18.20648148148148,124.08607055567624,SMAD4;CTNNB1;AXIN2,Molecular_Function
General Transcription Initiation Factor Binding ,GO:0140296,4/30,0.001374393472735406,0.00822382979587579,0,0,9.357942367230294,61.666432924767534,TBP;ESR1;TP53;RELA,Molecular_Function
Monoatomic Anion Channel Activity ,GO:0005253,5/53,0.0017102611099686705,0.010068472663525237,0,0,6.34866718426501,40.44805205927703,GABRB2;FXYD1;SLC17A7;GABRG2;CFTR,Molecular_Function
Chloride Transmembrane Transporter Activity ,GO:0015108,5/55,0.0020189802020203714,0.011697266249800563,0,0,6.094099378881988,37.8148784334198,GABRB2;FXYD1;SLC17A7;GABRG2;CFTR,Molecular_Function
Kinase Inhibitor Activity ,GO:0019210,4/34,0.0022095792865296747,0.012601506868489551,0,0,8.108565531475747,49.58349833592943,SOCS3;CDKN1A;FZR1;CDK1,Molecular_Function
"DNA-binding Transcription Repressor Activity, RNA Polymerase II-specific ",GO:0001227,11/243,0.00228600898304748,0.012836819674035847,0,0,2.9169985814055,17.738116059602326,NACC2;PRDM5;CREM;TCF3;NR3C1;FOXO3;TP53;ATF3;RELA;FOXP2;NFKB1,Molecular_Function
Metal Ion Binding ,GO:0046872,18/521,0.002452985829031282,0.01307693103258594,0,0,2.2200775926962497,13.34366379235891,TOP2A;RYR1;GPI;DYRK3;ANXA1;DYRK2;CDC42BPG;PLK1;BRAF;CALML4;CDC42BPB;CDC42BPA;MAPK12;GRIN1;MAP2K7;PRKACB;DSC2;PGM1,Molecular_Function
Ion Channel Inhibitor Activity ,GO:0008200,4/35,0.002462960731641738,0.01307693103258594,0,0,7.846599420753021,47.12974495177402,ITPR1;TNNI3;SCN1B;CFTR,Molecular_Function
Core Promoter Sequence-Specific DNA Binding ,GO:0001046,4/35,0.002462960731641738,0.01307693103258594,0,0,7.846599420753021,47.12974495177402,TBP;NR3C1;TP53;RELA,Molecular_Function
Calcium-Release Channel Activity ,GO:0015278,3/17,0.0024841135599808816,0.01307693103258594,0,0,13.001984126984128,77.98381266690524,RYR1;ITPR1;TRPV1,Molecular_Function
Neurotrophin TRK Receptor Binding ,GO:0005167,2/5,0.002579558998208733,0.01307693103258594,0,0,40.34871794871795,240.4838797113292,SHC1;PLCG1,Molecular_Function
Neurotrophin TRKA Receptor Binding ,GO:0005168,2/5,0.002579558998208733,0.01307693103258594,0,0,40.34871794871795,240.4838797113292,SHC1;PLCG1,Molecular_Function
Double-Stranded Methylated DNA Binding ,GO:0010385,2/5,0.002579558998208733,0.01307693103258594,0,0,40.34871794871795,240.4838797113292,EGR1;WT1,Molecular_Function
Protein Kinase C Binding ,GO:0005080,4/36,0.002735613229620196,0.013591899955742531,0,0,7.601006191950464,44.85657530102396,TOP2A;DSP;PLEK;PRKD2,Molecular_Function
SH3 Domain Binding ,GO:0017124,5/59,0.002755618073219034,0.013591899955742531,0,0,5.641534391534392,33.25184410554373,VASP;NCF1;PTPN12;CRK;MAPK15,Molecular_Function
Cysteine-Type Endopeptidase Inhibitor Activity Involved In Apoptotic Process ,GO:0043027,3/19,0.0034553405427599866,0.016815990641431935,0,0,11.375578703703704,64.47489472034835,RPS6KA3;RPS6KA1;CD27,Molecular_Function
Calcium Channel Activity ,GO:0005262,6/91,0.0037980782904911063,0.017463389676032337,0,0,4.307421660252886,24.00638107135177,RYR1;CACNA2D1;CACNA1C;CACNA1S;TRPV1;GRIN1,Molecular_Function
Sugar-Phosphatase Activity ,GO:0050308,2/6,0.003827592257760513,0.017463389676032337,0,0,30.26,168.41261482900362,TIGAR;PFKFB3,Molecular_Function
Ubiquitin Ligase Activator Activity ,GO:1990757,2/6,0.003827592257760513,0.017463389676032337,0,0,30.26,168.41261482900362,CDC20;FZR1,Molecular_Function
Aryl Hydrocarbon Receptor Binding ,GO:0017162,2/6,0.003827592257760513,0.017463389676032337,0,0,30.26,168.41261482900362,NCOA2;TBP,Molecular_Function
Dopamine Receptor Binding ,GO:0050780,2/6,0.003827592257760513,0.017463389676032337,0,0,30.26,168.41261482900362,GNA13;DLG4,Molecular_Function
Chloride Channel Activity ,GO:0005254,5/64,0.003928214453443755,0.017701213277863833,0,0,5.162122328666175,28.59593950530366,GABRB2;FXYD1;SLC17A7;GABRG2;CFTR,Molecular_Function
bHLH Transcription Factor Binding ,GO:0043425,3/22,0.005296355464534767,0.02331114433068387,0,0,9.577972709551656,50.1956296727757,CREBBP;LMO2;TCF3,Molecular_Function
"Oxidoreductase Activity, Acting On The Aldehyde Or Oxo Group Of Donors, Disulfide As Acceptor ",GO:0016624,2/7,0.005300890354648662,0.02331114433068387,0,0,24.20676923076923,126.84057760255526,PDHA2;PDHB,Molecular_Function
Histone Deacetylase Binding ,GO:0042826,6/99,0.005730957944568651,0.02490237678294711,0,0,3.935282886142096,20.31342883111413,MAPK8;SPI1;NACC2;LEF1;TP53;RELA,Molecular_Function
Disordered Domain Specific Binding ,GO:0097718,3/23,0.006017925495722701,0.02584168006986807,0,0,9.098611111111111,46.52131399141524,RB1;KCNA1;TP53,Molecular_Function
Superoxide-Generating NAD(P)H Oxidase Activity ,GO:0016175,2/8,0.006991798981840745,0.02867423177945923,0,0,20.17128205128205,100.11042361481952,NCF1;CYBB,Molecular_Function
Nuclear Glucocorticoid Receptor Binding ,GO:0035259,2/8,0.006991798981840745,0.02867423177945923,0,0,20.17128205128205,100.11042361481952,NR4A1;STAT5B,Molecular_Function
cAMP Response Element Binding Protein Binding ,GO:0008140,2/8,0.006991798981840745,0.02867423177945923,0,0,20.17128205128205,100.11042361481952,DDIT3;CREM,Molecular_Function
Calcium-Dependent Protein Serine/Threonine Kinase Activity ,GO:0009931,2/8,0.006991798981840745,0.02867423177945923,0,0,20.17128205128205,100.11042361481952,MAPKAPK5;PRKCA,Molecular_Function
JUN Kinase Binding ,GO:0008432,2/9,0.008892852538305072,0.03550279135741574,0,0,17.28879120879121,81.64644460164943,MAPK8IP2;MAPK8IP3,Molecular_Function
RNA Polymerase II General Transcription Initiation Factor Binding ,GO:0001091,2/9,0.008892852538305072,0.03550279135741574,0,0,17.28879120879121,81.64644460164943,TBP;ESR1,Molecular_Function
Nuclear Receptor Coactivator Activity ,GO:0030374,4/50,0.00894864878049931,0.03550279135741574,0,0,5.283887468030691,24.920148708471643,NCOA2;MED14;MED13;ACTN4,Molecular_Function
Histone Acetyltransferase Activity ,GO:0004402,3/27,0.009472956559967704,0.03700766278756597,0,0,7.580632716049383,35.32054979355995,ATF2;CREBBP;SRCAP,Molecular_Function
Potassium Channel Activity ,GO:0005267,5/79,0.00953074055351014,0.03700766278756597,0,0,4.112598623468188,19.136879041250296,KCNA1;KCNA2;KCNA4;GRIK2;KCNA6,Molecular_Function
Voltage-Gated Potassium Channel Activity ,GO:0005249,5/80,0.010033631765910545,0.03855026941639315,0,0,4.057556935817805,18.672116844378117,KCNA1;KCNA2;KCNA3;KCNA4;KCNA6,Molecular_Function
Actin Binding ,GO:0003779,8/183,0.010664045084069169,0.04054558808005464,0,0,2.7941603224361846,12.687939651321123,EPS8;NOS3;TNNI3;ACTN4;EZR;VCL;ADD1;ADD2,Molecular_Function
Calcium Channel Inhibitor Activity ,GO:0019855,2/10,0.010996770062505504,0.04095735788586234,0,0,15.126923076923076,68.22474778220459,ITPR1;TNNI3,Molecular_Function
Extracellular Ligand-Gated Monoatomic Ion Channel Activity ,GO:0005230,2/10,0.010996770062505504,0.04095735788586234,0,0,15.126923076923076,68.22474778220459,TRPV1;GABRG2,Molecular_Function
Chromatin DNA Binding ,GO:0031490,5/83,0.011650916279337445,0.04295539840361785,0,0,3.900899824812868,17.368251114165957,CREBBP;ACTN4;FOXO3;GATA1;RELA,Molecular_Function
Histone Methyltransferase Binding ,GO:1990226,2/11,0.013296451214537555,0.04805153161689315,0,0,13.445470085470085,58.08790111677033,CTNNB1;PRDM12,Molecular_Function
Carbohydrate Kinase Activity ,GO:0019200,2/11,0.013296451214537555,0.04805153161689315,0,0,13.445470085470085,58.08790111677033,HK3;HK2,Molecular_Function
Kinesin Binding ,GO:0019894,3/31,0.013876884925764029,0.04965748037160657,0,0,6.4963624338624335,27.788390256350574,MAPK8IP2;MAPK8IP3;TTBK2,Molecular_Function
Nucleus ,GO:0005634,164/4487,1.8662099684600166e-28,3.620447338812433e-26,0,0,3.572558820065025,228.10242530827293,RB1;ATF2;SPI1;CCNH;EHMT2;PRDM5;NR3C1;RPS6KA4;RPS6KA5;RPS6KA2;RASSF5;CDK20;PIM1;NEK2;NEK3;PRKACA;PRKACB;JUNB;MAP2K1;MAP2K2;PRKCD;LMO2;DYRK1A;DYRK1B;CSNK1D;TSC1;RPSA;CSNK1E;ACTN4;FOXP2;CDC25A;RUNX1;CCNE1;DDIT3;PRKD2;MAPKAPK5;TP53;ATF3;CFTR;DNMT1;SRCAP;PRKDC;TCF7;CREM;PRDM12;FOXO4;FOXO3;GATA1;TTBK1;TTBK2;CCNB3;SLC9A3R1;NACC2;DMAP1;MAP2K7;CDK17;EGR1;STAT5B;PLK3;CDK19;CREBBP;SMAD4;PDHA2;JUP;GOT1;UBE2C;PLK2;PLK1;PTK6;ESR1;NFKB1;ESR2;CDK9;CDK8;NR4A1;CDK7;CDK6;TH;CDK5;CDK4;MAFF;CDK2;REL;CDK1;BCL2;CDK10;CDK12;TCF3;CDK13;CDK14;CDK16;NFE2L2;TOP2A;GPI;DYRK4;CDKN1A;DYRK3;DYRK2;TCF20;MED14;MED13;NKRF;SUFU;PDE4B;DSP;NCOA2;ANXA1;TBP;ARNT;AXIN2;CCNA1;ASPM;CREB1;ESPL1;DLD;CRK;CEBPA;PRKAA1;PRKAA2;ZBTB47;LEF1;PRKX;PDHB;CENPA;RELA;ADD1;AURKA;PTPA;GNA13;MAPK9;MAPK8;FZR1;MAPK7;ERBB2;MAPK1;E2F3;MAPK6;PAK2;MAPK4;MAPK3;MLXIP;HIPK4;TIGAR;TCF7L1;CSNK1A1;NOS3;NFYC;PTPN12;HIPK1;MAPK14;CDK11B;MAPK15;HIPK3;MAPK12;MTOR;HIPK2;MAPK13;MAPK10;MAPK11;PER3;TEF;WT1;CTNNB1;NEUROG1,Cellular_Component
Intracellular Membrane-Bounded Organelle ,GO:0043231,172/5175,2.959526168526529e-25,2.870740383470733e-23,0,0,3.2538412436409123,183.77564587669653,RB1;ATF2;SPI1;CCNH;EHMT2;PRDM5;NR3C1;RPS6KA4;RPS6KA5;RPS6KA2;RASSF5;CDK20;PIM1;NEK2;NEK3;PRKACA;PRKACB;JUNB;MAP2K1;MAP2K2;PRKCD;LMO2;DYRK1A;DYRK1B;CSNK1D;TSC1;RPSA;CSNK1E;ACTN4;FOXP2;CDC25A;RUNX1;CCNE1;DDIT3;PRKD2;MAPKAPK5;TP53;ATF3;CFTR;CSF1R;DNMT1;SRCAP;PRKDC;TCF7;CREM;ITPR1;PRDM12;FOXO4;FOXO3;GATA1;TTBK1;TTBK2;CCNB3;VTN;SLC9A3R1;NACC2;DMAP1;MAP2K7;CDK17;EGR1;STAT5B;PLK3;CDK19;CREBBP;SMAD4;PDHA2;JUP;GOT1;UBE2C;PLK2;PLK1;PTK6;BRAF;ESR1;NFKB1;ESR2;CDK9;CDK8;NR4A1;CDK7;CDK6;TH;CDK5;CDK4;MAFF;CDK2;REL;CDK1;BCL2;CDK10;CDK12;TCF3;CDK13;CDK14;CDK16;NFE2L2;TOP2A;GPI;DYRK4;CDKN1A;DYRK3;DYRK2;TCF20;HK2;MED14;MED13;NKRF;SUFU;PDE4B;SLC18A2;DSP;NCOA2;ANXA1;TBP;KSR1;ARNT;AXIN2;CCNA1;ASPM;CREB1;ESPL1;DLD;CRK;CEBPA;PRKAA1;PRKAA2;ZBTB47;LEF1;PRKX;KCNA6;PDHB;CENPA;RELA;ADD1;AURKA;PTPA;GNA13;MAPK9;MAPK8;FZR1;MAPK7;ERBB2;MAPK1;E2F3;MAPK6;PAK2;MAPK4;MAPK3;MLXIP;HIPK4;TIGAR;TCF7L1;CSNK1A1;NOS3;NFYC;PTPN12;HIPK1;MAPK14;CDK11B;MAPK15;HIPK3;MAPK12;MTOR;HIPK2;MAPK13;MAPK10;MAPK11;PER3;TEF;WT1;CTNNB1;NEUROG1,Cellular_Component
Cyclin-Dependent Protein Kinase Holoenzyme Complex ,GO:0000307,12/40,1.1062692045902102e-12,7.15387418968336e-11,0,0,26.727891156462587,735.8195876060275,CCNB3;CDKN1A;CDK6;CDK5;CCNE1;CDK4;CDK2;CDK1;CDK12;CDK13;CDK14;CDK16,Cellular_Component
Intercalated Disc ,GO:0014704,9/31,1.0989769148025264e-9,5.330038036792255e-8,0,0,25.28001715265866,521.4985961517293,DSP;PAK1;JUP;PIK3CA;FXYD1;ANK2;SCN5A;SCN1B;DSC2,Cellular_Component
Cell-Cell Contact Zone ,GO:0044291,10/47,3.604836036025268e-9,1.398676381977804e-7,0,0,16.741410179895983,325.46958035330016,DSP;PAK1;JUP;PIK3CA;FXYD1;ANK2;SCN5A;SCN1B;DSC2;VCL,Cellular_Component
Intracellular Non-Membrane-Bounded Organelle ,GO:0043232,47/1195,2.035589589292372e-8,6.581739672045336e-7,0,0,2.7086703583872573,47.97026829364368,TOP2A;DYRK4;CDKN1A;DYRK3;DYRK2;EPB42;ROCK1;PRKDC;ROCK2;PRDM5;BUB1B;RELA;ADD1;ADD2;AURKA;CDC20;RAP1B;RPS6KA3;LIPE;RPS6KA6;NKRF;NACC2;PIM1;MAPK1;SCN5A;MAPK3;PLK4;PLK3;PDHA2;JUP;CSNK1A1;CDC42BPG;PLK1;DYRK1A;DYRK1B;CSNK1D;TSC1;CDC42BPB;CDC42BPA;RBL2;CDK8;CDK4;DCX;KIF2C;TP53;ATF3;VCL,Cellular_Component
Neuron Projection ,GO:0043005,28/557,1.587526323049427e-7,4.399715809594126e-6,0,0,3.388939818297918,53.05696599610635,CYFIP2;GABRB2;PRKAA1;CHRM1;PRKAA2;KCNA1;CHRM4;KCNA2;STMN2;KCNA3;ADAM22;KCNA4;CDC42;PAK1;MAPK8;SLC18A2;NCOA2;PLK2;NTRK3;DYRK1A;ANK2;MAPK8IP3;GABRG2;GRIN1;TH;CDK5;DLG4;DCX,Cellular_Component
Cytoskeleton ,GO:0005856,29/599,2.083196874417282e-7,5.0517524204619085e-6,0,0,3.2614329447780523,50.17451054682785,DYRK4;DYRK3;DYRK2;EPB42;ROCK1;ROCK2;ADD1;ADD2;AURKA;SLC9A3R1;MAPK1;MAPK3;VASP;JUP;CDC42BPG;PLK1;DYRK1A;ACTN4;CDC42BPB;KLF4;CDC42BPA;CCNA1;MARCKS;DLG4;DCX;KIF2C;EZR;VCL;CDK16,Cellular_Component
Calcium Channel Complex ,GO:0034704,9/59,4.581968682103189e-7,9.876688048089097e-6,0,0,11.107358490566035,162.12263689622193,RYR1;PTPA;CACNA2D1;PDE4B;SCN7A;SCN5A;CACNA1C;CACNA1S;PRKACA,Cellular_Component
Serine/Threonine Protein Kinase Complex ,GO:1902554,9/60,5.313813917586311e-7,1.0308799000117444e-5,0,0,10.889012208657048,157.3221161997306,CCNB3;CDKN1A;CDK6;CDK5;CDK4;CDK2;CDK1;CDK14;CDK16,Cellular_Component
Cell-Cell Junction ,GO:0005911,18/299,2.332297863436325e-6,4.1133253227877e-5,0,0,4.020039387762154,52.1345102132836,DSP;ANXA1;MAP2K2;JUP;CDC42BPB;CDC42BPA;MAPK15;ADD1;RAP1B;PAK1;NPHS1;DLG4;CTNNB1;EZR;TLN1;PAK2;DSC2;VCL,Cellular_Component
Extrinsic Component Of Cytoplasmic Side Of Plasma Membrane ,GO:0031234,9/77,4.545616709990218e-6,7.348747014484186e-5,0,0,8.159683684794672,100.37510163899844,GNA13;DLG4;GNAQ;PTK6;KRAS;KCNAB2;JAK3;GNAI2;CDK16,Cellular_Component
Cytoplasmic Side Of Plasma Membrane ,GO:0009898,11/124,6.172542088617695e-6,9.211332039937176e-5,0,0,6.025540495127142,72.27876723217925,SOCS3;MAP2K2;JUP;TH;DLG4;PTK6;KRAS;KCNAB2;EZR;JAK3;CDK16,Cellular_Component
Axon ,GO:0030424,14/205,7.541442968512664e-6,1.045028525636755e-4,0,0,4.562300319488818,53.812774898732734,PRKAA1;PRKAA2;NTRK3;KCNA2;ADAM22;KCNA3;DYRK1A;KCNA4;MAPK8IP3;PAK1;MAPK8;TH;CDK5;SLC18A2,Cellular_Component
Dendrite ,GO:0030425,16/270,1.0380994308017764e-5,1.3426085971702975e-4,0,0,3.933260753981315,45.13626709649257,PRKAA1;CHRM1;PRKAA2;PLK2;KCNA1;CHRM4;KCNA2;DYRK1A;MAPK8IP3;GABRG2;GRIN1;PAK1;MAPK8;CDK5;DLG4;SLC18A2,Cellular_Component
Focal Adhesion ,GO:0005925,19/387,2.2731738710935917e-5,2.75622331870098e-4,0,0,3.236121894409938,34.59980118036226,VASP;MAP2K1;ANXA1;MAP2K2;JUP;ACTN4;ADD1;ICAM1;GNA13;CDC42;MARCKS;RAC2;CTNNB1;MAPK1;KRAS;EZR;TLN1;VCL;MAPK3,Cellular_Component
Cell-Substrate Junction ,GO:0030055,19/395,3.0080138098049828e-5,3.3744737090730394e-4,0,0,3.1659557198121027,32.96280852165113,VASP;MAP2K1;ANXA1;MAP2K2;JUP;ACTN4;ADD1;ICAM1;GNA13;CDC42;MARCKS;RAC2;CTNNB1;MAPK1;KRAS;EZR;TLN1;VCL;MAPK3,Cellular_Component
beta-catenin-TCF Complex ,GO:1990907,4/12,3.130954987799727e-5,3.3744737090730394e-4,0,0,30.44117647058824,315.7233222940285,TCF7L1;LEF1;TCF7;CTNNB1,Cellular_Component
cyclin/CDK Positive Transcription Elongation Factor Complex ,GO:0008024,3/5,4.226561598325519e-5,4.3155418425007934e-4,0,0,91.06944444444444,917.20924863574,CDK9;CDK12;CDK13,Cellular_Component
Plasma Membrane Raft ,GO:0044853,8/82,5.842377239021152e-5,5.667105921850516e-4,0,0,6.642040159281539,64.74519729768244,NOS3;FXYD1;MAPK1;SCN5A;PRKACA;EZR;ADD2;MAPK3,Cellular_Component
Voltage-Gated Calcium Channel Complex ,GO:0005891,6/49,1.4113941382045607e-4,0.0013038593467223083,0,0,8.532927624429473,75.6509089421867,CACNA2D1;PDE4B;SCN7A;SCN5A;CACNA1C;CACNA1S,Cellular_Component
Ficolin-1-Rich Granule Lumen ,GO:1904813,9/123,1.923947456987057e-4,0.0016446194085823604,0,0,4.855759682224429,41.54569206579635,GPI;HK3;JUP;MAPK1;PYGL;CDK13;MAPK14;VCL;PGM1,Cellular_Component
Mitochondrial Outer Membrane ,GO:0005741,10/151,1.9498065153296024e-4,0.0016446194085823604,0,0,4.369868223818154,37.33008098044221,ATF2;TIGAR;DMPK;BAD;BCL2;RAC2;KRAS;RAF1;FOXO3;HK2,Cellular_Component
Ficolin-1-Rich Granule ,GO:0101002,11/184,2.319984109397156e-4,0.001875320488429368,0,0,3.923684788175898,32.83645492174157,DSP;GPI;HK3;JUP;MAPK1;NCKAP1L;PYGL;CDK13;MAPK14;VCL;PGM1,Cellular_Component
Anaphase-Promoting Complex ,GO:0005680,4/20,2.763449874145082e-4,0.002144437102336584,0,0,15.21439628482972,124.6646410293962,CDC20;FZR1;UBE2C;BUB1B,Cellular_Component
Potassium Channel Complex ,GO:0034705,7/81,3.615932662751335e-4,0.002698042063745227,0,0,5.793623310810811,45.91440999797389,KCNA1;KCNA2;KCNA3;KCNA4;GRIK2;KCNAB2;KCNA6,Cellular_Component
Organelle Outer Membrane ,GO:0031968,10/170,5.032177015871833e-4,0.003615712374367169,0,0,3.847200315457413,29.21751537962004,ATF2;TIGAR;DMPK;BAD;BCL2;RAC2;KRAS;RAF1;FOXO3;HK2,Cellular_Component
Spindle ,GO:0005819,11/210,7.099462349325336e-4,0.004880053131670567,0,0,3.406494497805483,24.698179671104832,CDC20;CDC42;ESPL1;CSNK1A1;PLK1;CDK1;BUB1B;MAPK1;CSNK1D;KIF2C;AURKA,Cellular_Component
Euchromatin ,GO:0000791,5/44,7.294924784456002e-4,0.004880053131670567,0,0,7.817327599936296,56.46581975756112,TBP;CREB1;CTNNB1;TCF3;ESR1,Cellular_Component
Adherens Junction ,GO:0005912,9/150,8.267955697621057e-4,0.005346611351128284,0,0,3.920513849859494,27.82762338898204,DSP;ANXA1;JUP;DLG4;CTNNB1;EZR;TLN1;VCL;ADD1,Cellular_Component
Actin Filament ,GO:0005884,6/71,0.001070430714793746,0.006698824473225377,0,0,5.638533429187635,38.5658442472909,PAK1;ANXA1;RAC2;TSC1;EZR;RHOQ,Cellular_Component
Voltage-Gated Potassium Channel Complex ,GO:0008076,6/73,0.001238162935801247,0.007506362798295059,0,0,5.469661040591435,36.61460292474628,KCNA1;KCNA2;KCNA3;KCNA4;KCNAB2;KCNA6,Cellular_Component
Sarcolemma ,GO:0042383,5/52,0.0015696098214455906,0.009227403192740746,0,0,6.48407559138364,41.86721061397211,RYR1;FXYD1;ANK2;SCN5A;VCL,Cellular_Component
NADPH Oxidase Complex ,GO:0043020,3/17,0.0024841135599808816,0.013769086589608317,0,0,13.001984126984128,77.98381266690524,NCF1;RAC2;CYBB,Cellular_Component
Desmosome ,GO:0030057,3/17,0.0024841135599808816,0.013769086589608317,0,0,13.001984126984128,77.98381266690524,DSP;JUP;DSC2,Cellular_Component
Mitochondrial Alpha-Ketoglutarate Dehydrogenase Complex ,GO:0005947,2/5,0.002579558998208733,0.013900956823680395,0,0,40.34871794871795,240.4838797113292,BCKDK;DLD,Cellular_Component
Cytoplasmic Vesicle Lumen ,GO:0060205,7/115,0.002846704922358488,0.01492596634966342,0,0,3.962818287037037,23.228428411752684,GPI;HK3;ROCK1;PYGL;MAPK14;VCL;NFKB1,Cellular_Component
Sodium Channel Complex ,GO:0034706,3/18,0.002945118737063249,0.015035606183954484,0,0,12.134567901234568,70.7154824621293,GRIK2;SCN5A;SCN1B,Cellular_Component
Caveola ,GO:0005901,5/62,0.0034231977168151413,0.01676055065653989,0,0,5.343794268279394,30.33768279811968,NOS3;FXYD1;MAPK1;SCN5A;MAPK3,Cellular_Component
Postsynaptic Density ,GO:0014069,8/151,0.003455783640523689,0.01676055065653989,0,0,3.425038910932328,19.412113702227927,CDK5;DLG4;CACNA1C;GRIK2;MAPK8IP2;ADD1;ADD2;GRIN1,Cellular_Component
Microtubule Cytoskeleton ,GO:0015630,13/342,0.004339595047259487,0.020400377692508118,0,0,2.4342438967726947,13.242224097934695,MAP2K2;CSNK1A1;PLK1;BUB1B;CSNK1D;KCNAB2;KLF4;AURKA;CDC20;CCNA1;CDK5;KIF2C;CDK16,Cellular_Component
Polymeric Cytoskeletal Fiber ,GO:0099513,11/265,0.004416576613841964,0.020400377692508118,0,0,2.6613301106349048,14.430770855764809,DSP;PAK1;ANXA1;MAP2K2;CDK5;RAC2;KIF2C;TSC1;KCNAB2;EZR;RHOQ,Cellular_Component
Dihydrolipoyl Dehydrogenase Complex ,GO:0045240,2/7,0.005300890354648662,0.0233721074727691,0,0,24.20676923076923,126.84057760255526,BCKDK;DLD,Cellular_Component
Voltage-Gated Sodium Channel Complex ,GO:0001518,2/7,0.005300890354648662,0.0233721074727691,0,0,24.20676923076923,126.84057760255526,SCN5A;SCN1B,Cellular_Component
Secretory Granule Lumen ,GO:0034774,12/316,0.006066930034471965,0.026017361759388714,0,0,2.42719298245614,12.39058367517718,GPI;HK3;JUP;ROCK1;PRKCD;MAPK1;PLG;ACTN4;PYGL;MAPK14;VCL;NFKB1,Cellular_Component
Sarcoplasmic Reticulum ,GO:0016529,4/45,0.006169065159442684,0.026017361759388714,0,0,5.929774220342822,30.17192442696627,RYR1;PLN;DMPK;ITPR1,Cellular_Component
Asymmetric Synapse ,GO:0032279,7/133,0.006311487588016843,0.026051672171814203,0,0,3.393576388888889,17.189767133585217,CDK5;DLG4;CACNA1C;MAPK8IP2;ADD1;ADD2;GRIN1,Cellular_Component
Excitatory Synapse ,GO:0060076,3/24,0.006795399390794502,0.026904234322737416,0,0,8.664902998236332,43.25094525056426,DLG4;SLC17A7;GRIN1,Cellular_Component
Heterotrimeric G-protein Complex ,GO:0005834,3/24,0.006795399390794502,0.026904234322737416,0,0,8.664902998236332,43.25094525056426,GNA13;GNAQ;GNAI2,Cellular_Component
Cytoplasmic Stress Granule ,GO:0010494,5/76,0.008126589977401687,0.03153116911231855,0,0,4.28702650686729,20.63180327252654,DYRK3;PRKAA2;ROCK1;EIF4E;HIPK2,Cellular_Component
Sarcoplasmic Reticulum Membrane ,GO:0033017,3/27,0.009472956559967704,0.036034383777132056,0,0,7.580632716049383,35.32054979355995,RYR1;PLN;DMPK,Cellular_Component
Cation Channel Complex ,GO:0034703,4/53,0.01095369495026573,0.040865708083683686,0,0,4.959625955645416,22.38814060308616,RYR1;PTPA;KCNA6;PRKACA,Cellular_Component
Microtubule ,GO:0005874,8/185,0.0113348322522078,0.04148976333827006,0,0,2.76230451800294,12.37477838419343,MAP2K2;CDK5;PLK1;CDK1;CSNK1D;KIF2C;KCNAB2;AURKA,Cellular_Component
Myofibril ,GO:0030016,3/29,0.01155368631878017,0.041507687885988014,0,0,6.996794871794871,31.21095783997093,MYBPC3;TNNI3;MYH6,Cellular_Component
