Kinase,Score,Rank,Method,Perc,Qrt,group,KinaseFamily,subfamily,hgnc_symbol
SGK1,0,53,PTM-SEA,0,1,AGC,SGK,SGK,SGK1
PIK3C2A,0,53,PTM-SEA,0,1,NA,NA,NA,PIK3C2A
CHEK1,69.98975922464484,21,PTM-SEA,0.7530864197530864,4,CAMK,CAMKL,CHK1,CHEK1
AURKA,80.38735391444469,15,PTM-SEA,0.8271604938271605,4,OTHER,AUR,AUR,AURKA
PDPK1,0,53,PTM-SEA,0,1,AGC,PDK1,PDK1,PDPK1
DAPK3,0,53,PTM-SEA,0,1,CAMK,DAPK,DAPK,DAPK3
RPS6KA5,47.53415122895123,32,PTM-SEA,0.5432098765432098,3,AGC,RSK,MSK,RPS6KA5
CHEK2,32.25860898826576,39,PTM-SEA,0.4567901234567901,2,CAMK,RAD53,RAD53,CHEK2
RAF1,35.28935143462551,38,PTM-SEA,0.4691358024691358,2,TKL,RAF,RAF,RAF1
PRKCG,0,53,PTM-SEA,0,1,AGC,PKC,ALPHA,PRKCG
PRKCB,-25.052105458323997,42,PTM-SEA,0.41975308641975306,2,AGC,PKC,ALPHA,PRKCB
CDK1,-50.09450453473292,30,PTM-SEA,0.5802469135802469,3,CMGC,CDK,CDC2,CDK1
ARAF,60.015368468087146,26,PTM-SEA,0.6666666666666666,3,TKL,RAF,RAF,ARAF
PIM1,95.961894385779,8,PTM-SEA,0.9135802469135802,4,CAMK,PIM,PIM,PIM1
CDK4,-80.1749894234188,18,PTM-SEA,0.7901234567901234,4,CMGC,CDK,CDK4,CDK4
SRC,0,53,PTM-SEA,0,1,TK,SRC,SRCA,SRC
BRAF,60.015368468087146,26,PTM-SEA,0.6666666666666666,3,TKL,RAF,RAF,BRAF
PRKCA,43.225076458967166,35,PTM-SEA,0.5061728395061729,3,AGC,PKC,ALPHA,PRKCA
PRKACA,18.28947187906334,43,PTM-SEA,0.4074074074074074,2,AGC,PKA,PKA,PRKACA
PRKACG,80.35888854747758,16,PTM-SEA,0.8148148148148148,4,AGC,PKA,PKA,PRKACG
PRKACB,55.24568965698497,27,PTM-SEA,0.6172839506172839,3,AGC,PKA,PKA,PRKACB
RPS6KB1,112.28757029035494,6,PTM-SEA,0.9382716049382716,4,AGC,RSK,P70,RPS6KB1
CDK2,-50.68575142569434,29,PTM-SEA,0.5925925925925926,3,CMGC,CDK,CDC2,CDK2
MAPK3,51.54663768473985,28,PTM-SEA,0.6049382716049383,3,CMGC,MAPK,ERK1,MAPK3
MAPK1,-44.48342211021627,33,PTM-SEA,0.5308641975308642,3,CMGC,MAPK,ERK1,MAPK1
AKT1,80.286649076108,17,PTM-SEA,0.8024691358024691,4,AGC,AKT,AKT,AKT1
AKT2,68.77538871671054,22,PTM-SEA,0.7407407407407407,3,AGC,AKT,AKT,AKT2
MAP3K8,-92.94123828623862,12,PTM-SEA,0.8641975308641975,4,STE,STE-UNIQUE,STE-UNIQUE,MAP3K8
PRKCI,55.24568965698497,27,PTM-SEA,0.6172839506172839,3,AGC,PKC,IOTA,PRKCI
MTOR,0,53,PTM-SEA,0,1,ATYPICAL,PIKK,FRAP,MTOR
MAPK8,-13.721432483223868,46,PTM-SEA,0.37037037037037035,2,CMGC,MAPK,JNK,MAPK8
MAPK9,-11.342401621566601,47,PTM-SEA,0.35802469135802467,2,CMGC,MAPK,JNK,MAPK9
CSNK1A1,0,53,PTM-SEA,0,1,CK1,CK1,CK1-A,CSNK1A1
CSNK1D,0,53,PTM-SEA,0,1,CK1,CK1,CK1-D,CSNK1D
MAPKAPK2,4.387378125583098,50,PTM-SEA,0.32098765432098764,2,CAMK,MAPKAPK,MAPKAPK,MAPKAPK2
GSK3A,0,53,PTM-SEA,0,1,CMGC,GSK,GSK,GSK3A
GSK3B,-92.959002425244,11,PTM-SEA,0.8765432098765432,4,CMGC,GSK,GSK,GSK3B
CDK7,-121.34561403508772,3,PTM-SEA,0.9753086419753086,4,CMGC,CDK,CDK7,CDK7
CDK9,-49.847368421052636,31,PTM-SEA,0.5555555555555556,3,CMGC,CDK,CDK9,CDK9
RPS6KA3,103.679292868412,7,PTM-SEA,0.9259259259259259,4,AGC,RSK,RSK,RPS6KA3
NEK2,0,53,PTM-SEA,0,1,OTHER,NEK,NEK2,NEK2
DAPK1,116.77791222705106,4,PTM-SEA,0.9629629629629629,4,CAMK,DAPK,DAPK,DAPK1
MAPK10,-61.931578947368415,24,PTM-SEA,0.7160493827160493,3,CMGC,MAPK,JNK,MAPK10
PRKAA2,116.35466867284363,5,PTM-SEA,0.9506172839506173,4,CAMK,CAMKL,AMPK,PRKAA2
SIK1,-62.93859649122807,23,PTM-SEA,0.7283950617283951,3,CAMK,CAMKL,QIK,SIK1
CSNK2A1,88.70544356031408,13,PTM-SEA,0.8518518518518519,4,CMGC,CK2,CK2,CSNK2A1
PRKDC,16.136115892717484,45,PTM-SEA,0.38271604938271603,2,ATYPICAL,PIKK,DNAPK,PRKDC
ATM,0,53,PTM-SEA,0,1,ATYPICAL,PIKK,ATM,ATM
IKBKE,0,53,PTM-SEA,0,1,OTHER,IKK,IKK,IKBKE
AURKB,29.70525973958814,41,PTM-SEA,0.43209876543209874,2,OTHER,AUR,AUR,AURKB
CDK3,0,53,PTM-SEA,0,1,CMGC,CDK,CDC2,CDK3
CDK6,-49.847368421052636,31,PTM-SEA,0.5555555555555556,3,CMGC,CDK,CDK4,CDK6
CDK5,-31.43153480132432,40,PTM-SEA,0.4444444444444444,2,CMGC,CDK,CDK5,CDK5
PRKCE,55.24568965698497,27,PTM-SEA,0.6172839506172839,3,AGC,PKC,ETA,PRKCE
PRKCQ,-38.353134181313,37,PTM-SEA,0.48148148148148145,2,AGC,PKC,DELTA,PRKCQ
PRKCZ,94.20042675157025,10,PTM-SEA,0.8888888888888888,4,AGC,PKC,IOTA,PRKCZ
PRKCD,128.17890186325803,2,PTM-SEA,0.9876543209876543,4,AGC,PKC,DELTA,PRKCD
PRKAA1,16.337478830050337,44,PTM-SEA,0.3950617283950617,2,CAMK,CAMKL,AMPK,PRKAA1
PAK1,41.560813310578766,36,PTM-SEA,0.49382716049382713,2,STE,STE20,PAKA,PAK1
PAK2,136.45087719298243,1,PTM-SEA,1,4,STE,STE20,PAKA,PAK2
PRKG2,3.1769428576682643,52,PTM-SEA,0.2962962962962963,2,AGC,PKG,PKG,PRKG2
ROCK1,-44.3916787715649,34,PTM-SEA,0.5185185185185185,3,AGC,DMPK,ROCK,ROCK1
ATR,73.00742142753646,20,PTM-SEA,0.7654320987654321,4,ATYPICAL,PIKK,ATR,ATR
CAMK2G,0,53,PTM-SEA,0,1,CAMK,CAMK2,CAMK2,CAMK2G
DYRK1A,-10.423398528835008,49,PTM-SEA,0.3333333333333333,2,CMGC,DYRK,DYRK1,DYRK1A
PRKG1,11.077708759840531,48,PTM-SEA,0.345679012345679,2,AGC,PKG,PKG,PRKG1
PRKD1,-4.272196237846218,51,PTM-SEA,0.30864197530864196,2,CAMK,PKD,PKD,PRKD1
RPS6KA2,60.45517574328999,25,PTM-SEA,0.7037037037037037,3,AGC,RSK,RSK,RPS6KA2
RPS6KA1,94.62095730439886,9,PTM-SEA,0.9012345679012346,4,AGC,RSK,RSK,RPS6KA1
PKN1,76.42680282882625,19,PTM-SEA,0.7777777777777778,4,AGC,PKN,PKN,PKN1
MAPK14,0,53,PTM-SEA,0,1,CMGC,MAPK,P38,MAPK14
PIM3,55.24568965698497,27,PTM-SEA,0.6172839506172839,3,CAMK,PIM,PIM,PIM3
BRSK2,0,53,PTM-SEA,0,1,CAMK,CAMKL,BRSK,BRSK2
BRSK1,0,53,PTM-SEA,0,1,CAMK,CAMKL,BRSK,BRSK1
DYRK2,0,53,PTM-SEA,0,1,CMGC,DYRK,DYRK2,DYRK2
PASK,0,53,PTM-SEA,0,1,CAMK,CAMKL,PASK,PASK
PRKD2,0,53,PTM-SEA,0,1,CAMK,PKD,PKD,PRKD2
PLK3,0,53,PTM-SEA,0,1,OTHER,PLK,PLK2,PLK3
NEK6,0,53,PTM-SEA,0,1,OTHER,NEK,NEK6,NEK6
PIM2,83.19483003827284,14,PTM-SEA,0.8395061728395061,4,CAMK,PIM,PIM,PIM2
TBK1,0,53,PTM-SEA,0,1,OTHER,IKK,IKK,TBK1
AKT3,60.015368468087146,26,PTM-SEA,0.6666666666666666,3,AGC,AKT,AKT,AKT3
AAK1,305,267,KEA3,0.08285714285714285,1,OTHER,NAK,BIKE,AAK1
ABL1,57.333333333333336,36,KEA3,0.8914285714285715,4,TK,ABL,ABL,ABL1
ABL2,167.33333333333334,169,KEA3,0.4085714285714286,2,TK,ABL,ABL,ABL2
ACVR1,96,81,KEA3,0.7171428571428572,3,TKL,STKR,TYPE1,ACVR1
ACVR1B,194.5,196,KEA3,0.3142857142857143,2,TKL,STKR,TYPE1,ACVR1B
ACVR2B,213,208,KEA3,0.2742857142857143,2,TKL,STKR,TYPE2,ACVR2B
AKT1,76,56,KEA3,0.82,4,AGC,AKT,AKT,AKT1
AKT2,45.666666666666664,26,KEA3,0.9228571428571428,4,AGC,AKT,AKT,AKT2
AKT3,137,141,KEA3,0.5057142857142857,3,AGC,AKT,AKT,AKT3
ALK,119,114,KEA3,0.5914285714285714,3,TK,ALK,ALK,ALK
ARAF,158,162,KEA3,0.43142857142857144,2,TKL,RAF,RAF,ARAF
ATM,105.33333333333333,93,KEA3,0.6742857142857143,3,ATYPICAL,PIKK,ATM,ATM
ATR,77.33333333333333,58,KEA3,0.8114285714285714,4,ATYPICAL,PIKK,ATR,ATR
AURKA,64.66666666666667,44,KEA3,0.8542857142857143,4,OTHER,AUR,AUR,AURKA
AURKB,76.33333333333333,57,KEA3,0.8171428571428572,4,OTHER,AUR,AUR,AURKB
AURKC,185.5,186,KEA3,0.34285714285714286,2,OTHER,AUR,AUR,AURKC
AXL,152,155,KEA3,0.4542857142857143,2,TK,AXL,AXL,AXL
BLK,261,242,KEA3,0.15428571428571428,1,TK,SRC,SRCB,BLK
BMP2K,327,286,KEA3,0.02857142857142857,1,OTHER,NAK,BIKE,BMP2K
BMPR1A,139.5,143,KEA3,0.5,3,TKL,STKR,TYPE1,BMPR1A
BMPR1B,108,95,KEA3,0.6657142857142857,3,TKL,STKR,TYPE1,BMPR1B
BMPR2,161.5,164,KEA3,0.4228571428571429,2,TKL,STKR,TYPE2,BMPR2
BMX,84.33333333333333,64,KEA3,0.7742857142857142,4,TK,TEC,TEC,BMX
BRAF,155.5,159,KEA3,0.44285714285714284,2,TKL,RAF,RAF,BRAF
BRSK1,129.66666666666666,129,KEA3,0.5428571428571428,3,CAMK,CAMKL,BRSK,BRSK1
BRSK2,312,274,KEA3,0.06285714285714286,1,CAMK,CAMKL,BRSK,BRSK2
BTK,85.33333333333333,67,KEA3,0.7657142857142857,4,TK,TEC,TEC,BTK
BUB1,167,168,KEA3,0.4114285714285714,2,OTHER,BUB,BUB,BUB1
CAMK1,174,175,KEA3,0.38857142857142857,2,CAMK,CAMK1,CAMK1,CAMK1
CAMK1D,236,227,KEA3,0.20285714285714285,1,CAMK,CAMK1,CAMK1,CAMK1D
CAMK2A,49.666666666666664,29,KEA3,0.9142857142857143,4,CAMK,CAMK2,CAMK2,CAMK2A
CAMK2B,177,179,KEA3,0.37714285714285717,2,CAMK,CAMK2,CAMK2,CAMK2B
CAMK2D,91.66666666666667,73,KEA3,0.7485714285714286,3,CAMK,CAMK2,CAMK2,CAMK2D
CAMK2G,44,24,KEA3,0.9314285714285714,4,CAMK,CAMK2,CAMK2,CAMK2G
CAMK4,85.66666666666667,68,KEA3,0.7628571428571429,4,CAMK,CAMK1,CAMK1,CAMK4
CAMKK1,140.33333333333334,144,KEA3,0.49714285714285716,2,OTHER,CAMKK,META,CAMKK1
CAMKK2,133.5,135,KEA3,0.5228571428571429,3,OTHER,CAMKK,META,CAMKK2
CDC42BPA,291,256,KEA3,0.11428571428571428,1,AGC,DMPK,GEK,CDC42BPA
CDC7,175,176,KEA3,0.38571428571428573,2,OTHER,CDC7,CDC7,CDC7
CDK1,56.5,35,KEA3,0.8942857142857142,4,CMGC,CDK,CDC2,CDK1
CDK11A,218,213,KEA3,0.2571428571428571,2,CMGC,CDK,CDK11,CDK11A
CDK11A,218,213,KEA3,0.2571428571428571,2,NA,NA,NA,CDK11A
CDK12,226,219,KEA3,0.2342857142857143,1,CMGC,CDK,CRK7,CDK12
CDK15,281,250,KEA3,0.13142857142857142,1,CMGC,CDK,PFTAIRE,CDK15
CDK16,270,244,KEA3,0.14857142857142858,1,CMGC,CDK,PCTAIRE,CDK16
CDK18,212,207,KEA3,0.28,2,CMGC,CDK,PCTAIRE,CDK18
CDK19,80,60,KEA3,0.8,4,CMGC,CDK,CDK8,CDK19
CDK2,31.666666666666668,13,KEA3,0.9628571428571429,4,CMGC,CDK,CDC2,CDK2
CDK20,155,158,KEA3,0.44571428571428573,2,CMGC,CDK,CCRK,CDK20
CDK3,78.33333333333333,59,KEA3,0.8057142857142857,4,CMGC,CDK,CDC2,CDK3
CDK4,61.333333333333336,39,KEA3,0.88,4,CMGC,CDK,CDK4,CDK4
CDK5,105.33333333333333,93,KEA3,0.6742857142857143,3,CMGC,CDK,CDK5,CDK5
CDK6,63.333333333333336,42,KEA3,0.8628571428571429,4,CMGC,CDK,CDK4,CDK6
CDK7,129,128,KEA3,0.5457142857142857,3,CMGC,CDK,CDK7,CDK7
CDK8,180.5,182,KEA3,0.3657142857142857,2,CMGC,CDK,CDK8,CDK8
CDK9,101.66666666666667,88,KEA3,0.6914285714285714,3,CMGC,CDK,CDK9,CDK9
CDKL3,309,271,KEA3,0.07142857142857142,1,CMGC,CDKL,CDKL,CDKL3
CDKL5,143,146,KEA3,0.49142857142857144,2,CMGC,CDKL,CDKL,CDKL5
CHEK1,21,6,KEA3,0.9828571428571429,4,CAMK,CAMKL,CHK1,CHEK1
CHEK2,84.66666666666667,65,KEA3,0.7714285714285715,4,CAMK,RAD53,RAD53,CHEK2
CHUK,63.333333333333336,42,KEA3,0.8628571428571429,4,OTHER,IKK,IKK,CHUK
CLK1,92.5,76,KEA3,0.74,3,CMGC,CLK,CLK,CLK1
CLK2,115.5,106,KEA3,0.6285714285714286,3,CMGC,CLK,CLK,CLK2
CLK3,213,208,KEA3,0.2742857142857143,2,CMGC,CLK,CLK,CLK3
CLK4,324,284,KEA3,0.03428571428571429,1,CMGC,CLK,CLK,CLK4
CSF1R,334,291,KEA3,0.014285714285714285,1,TK,PDGFR,PDGFR,CSF1R
CSK,147,151,KEA3,0.4742857142857143,2,TK,CSK,CSK,CSK
CSNK1A1,78.33333333333333,59,KEA3,0.8057142857142857,4,CK1,CK1,CK1-A,CSNK1A1
CSNK1A1L,338,295,KEA3,0.002857142857142857,1,CK1,CK1,CK1-A,CSNK1A1L
CSNK1D,69.66666666666667,50,KEA3,0.8371428571428572,4,CK1,CK1,CK1-D,CSNK1D
CSNK1E,96,81,KEA3,0.7171428571428572,3,CK1,CK1,CK1-D,CSNK1E
CSNK1G1,136.5,139,KEA3,0.5114285714285715,3,CK1,CK1,CK1-G,CSNK1G1
CSNK1G2,216,210,KEA3,0.26571428571428574,2,CK1,CK1,CK1-G,CSNK1G2
CSNK1G3,278,248,KEA3,0.13714285714285715,1,CK1,CK1,CK1-G,CSNK1G3
CSNK2A1,105,92,KEA3,0.68,3,CMGC,CK2,CK2,CSNK2A1
CSNK2A2,117.33333333333333,110,KEA3,0.6142857142857143,3,CMGC,CK2,CK2,CSNK2A2
DAPK1,158,162,KEA3,0.43142857142857144,2,CAMK,DAPK,DAPK,DAPK1
DAPK3,46.333333333333336,27,KEA3,0.92,4,CAMK,DAPK,DAPK,DAPK3
DCLK1,194,195,KEA3,0.3171428571428571,2,CAMK,DCAMKL,DCAMKL,DCLK1
DDR1,64.5,43,KEA3,0.8571428571428571,4,TK,DDR,DDR,DDR1
DDR2,188,191,KEA3,0.32857142857142857,2,TK,DDR,DDR,DDR2
DMPK,203,202,KEA3,0.29428571428571426,2,AGC,DMPK,GEK,DMPK
DYRK1A,101.66666666666667,88,KEA3,0.6914285714285714,3,CMGC,DYRK,DYRK1,DYRK1A
DYRK1B,25.333333333333332,8,KEA3,0.9771428571428571,4,CMGC,DYRK,DYRK1,DYRK1B
DYRK2,120.66666666666667,118,KEA3,0.58,3,CMGC,DYRK,DYRK2,DYRK2
DYRK3,187.5,190,KEA3,0.3314285714285714,2,CMGC,DYRK,DYRK2,DYRK3
DYRK4,119,114,KEA3,0.5914285714285714,3,CMGC,DYRK,DYRK2,DYRK4
EEF2K,232.5,223,KEA3,0.21428571428571427,1,ATYPICAL,ALPHA,EEF2K,EEF2K
EGFR,41,18,KEA3,0.9485714285714286,4,TK,EGFR,EGFR,EGFR
EIF2AK1,319,280,KEA3,0.045714285714285714,1,OTHER,PEK,HRI,EIF2AK1
EIF2AK2,143.66666666666666,147,KEA3,0.48857142857142855,2,OTHER,PEK,PKR,EIF2AK2
EIF2AK3,336,293,KEA3,0.008571428571428572,1,OTHER,PEK,PEK,EIF2AK3
EPHA2,323,283,KEA3,0.037142857142857144,1,TK,EPH,EPH,EPHA2
EPHA3,126,123,KEA3,0.56,3,TK,EPH,EPH,EPHA3
EPHA4,328,287,KEA3,0.025714285714285714,1,TK,EPH,EPH,EPHA4
EPHA8,335,292,KEA3,0.011428571428571429,1,TK,EPH,EPH,EPHA8
EPHB1,325,285,KEA3,0.03142857142857143,1,TK,EPH,EPH,EPHB1
EPHB2,297,261,KEA3,0.1,1,TK,EPH,EPH,EPHB2
EPHB3,192,193,KEA3,0.32285714285714284,2,TK,EPH,EPH,EPHB3
ERBB2,61.5,40,KEA3,0.8771428571428571,4,TK,EGFR,EGFR,ERBB2
ERBB4,222,217,KEA3,0.24,1,TK,EGFR,EGFR,ERBB4
FASTK,244,230,KEA3,0.19428571428571428,1,ATYPICAL,FAST,FAST,FASTK
FER,27.5,10,KEA3,0.9714285714285714,4,TK,FER,FER,FER
FES,261,242,KEA3,0.15428571428571428,1,TK,FER,FER,FES
FGFR1,128.66666666666666,127,KEA3,0.5485714285714286,3,TK,FGFR,FGFR,FGFR1
FGFR2,172,173,KEA3,0.39714285714285713,2,TK,FGFR,FGFR,FGFR2
FGFR3,146.5,150,KEA3,0.48,2,TK,FGFR,FGFR,FGFR3
FGFR4,63,41,KEA3,0.8685714285714285,4,TK,FGFR,FGFR,FGFR4
FGR,64.5,43,KEA3,0.8571428571428571,4,TK,SRC,SRCA,FGR
FLT1,313,275,KEA3,0.06,1,TK,VEGFR,VEGFR,FLT1
FLT3,113,103,KEA3,0.64,3,TK,PDGFR,PDGFR,FLT3
FLT4,283,251,KEA3,0.12857142857142856,1,TK,VEGFR,VEGFR,FLT4
FRK,205.5,204,KEA3,0.2885714285714286,2,TK,SRC,FRK,FRK
FYN,65.33333333333333,46,KEA3,0.8485714285714285,4,TK,SRC,SRCA,FYN
GRK1,217,212,KEA3,0.26,2,AGC,GRK,GRK,GRK1
GRK2,11.333333333333334,2,KEA3,0.9971428571428571,4,AGC,GRK,BARK,GRK2
GRK3,130.5,132,KEA3,0.5342857142857143,3,AGC,GRK,BARK,GRK3
GRK5,29.333333333333332,12,KEA3,0.9657142857142857,4,AGC,GRK,GRK,GRK5
GRK6,124,121,KEA3,0.5685714285714286,3,AGC,GRK,GRK,GRK6
GSK3A,77.33333333333333,58,KEA3,0.8114285714285714,4,CMGC,GSK,GSK,GSK3A
GSK3B,38,17,KEA3,0.9514285714285714,4,CMGC,GSK,GSK,GSK3B
HASPIN,222,217,KEA3,0.24,1,OTHER,HASPIN,HASPIN,HASPIN
HCK,121.66666666666667,119,KEA3,0.5742857142857143,3,TK,SRC,SRCB,HCK
HIPK1,84,63,KEA3,0.78,4,CMGC,DYRK,HIPK,HIPK1
HIPK2,136.66666666666666,140,KEA3,0.5085714285714286,3,CMGC,DYRK,HIPK,HIPK2
HIPK3,298,262,KEA3,0.09714285714285714,1,CMGC,DYRK,HIPK,HIPK3
HIPK4,96.5,82,KEA3,0.7114285714285714,3,CMGC,DYRK,HIPK,HIPK4
ICK,253,236,KEA3,0.17714285714285713,1,CMGC,RCK,RCK,CILK1
IGF1R,74.66666666666667,55,KEA3,0.8228571428571428,4,TK,INSR,INSR,IGF1R
IKBKB,45,25,KEA3,0.9257142857142857,4,OTHER,IKK,IKK,IKBKB
IKBKE,94.66666666666667,79,KEA3,0.7285714285714285,3,OTHER,IKK,IKK,IKBKE
ILK,59,37,KEA3,0.8885714285714286,4,TKL,MLK,ILK,ILK
INSR,118,111,KEA3,0.6085714285714285,3,TK,INSR,INSR,INSR
IRAK1,96,81,KEA3,0.7171428571428572,3,TKL,IRAK,IRAK,IRAK1
IRAK3,253.5,237,KEA3,0.1742857142857143,1,TKL,IRAK,IRAK,IRAK3
IRAK4,156,160,KEA3,0.44,2,TKL,IRAK,IRAK,IRAK4
ITK,115.66666666666667,107,KEA3,0.6257142857142857,3,TK,TEC,TEC,ITK
JAK1,150,153,KEA3,0.4657142857142857,2,TK,JAKA,JAKA,JAK1
JAK2,66.33333333333333,48,KEA3,0.8428571428571429,4,TK,JAKA,JAKA,JAK2
JAK3,135.66666666666666,137,KEA3,0.5171428571428571,3,TK,JAKA,JAKA,JAK3
KDR,307,269,KEA3,0.07714285714285714,1,TK,VEGFR,VEGFR,KDR
KIT,119,114,KEA3,0.5914285714285714,3,TK,PDGFR,PDGFR,KIT
KSR1,191,192,KEA3,0.32571428571428573,2,TKL,RAF,KSR,KSR1
KSR2,292,257,KEA3,0.11142857142857143,1,TKL,RAF,KSR,KSR2
LATS1,202.66666666666666,201,KEA3,0.3,2,AGC,NDR,NDR,LATS1
LATS2,102.5,89,KEA3,0.6885714285714286,3,AGC,NDR,NDR,LATS2
LCK,50.666666666666664,31,KEA3,0.9057142857142857,4,TK,SRC,SRCB,LCK
LIMK1,290,255,KEA3,0.11714285714285715,1,TKL,LISK,LIMK,LIMK1
LIMK2,216.5,211,KEA3,0.26285714285714284,2,TKL,LISK,LIMK,LIMK2
LRRK2,96.5,82,KEA3,0.7114285714285714,3,TKL,LRRK,LRRK,LRRK2
LYN,100.33333333333333,86,KEA3,0.7,3,TK,SRC,SRCB,LYN
MAK,280,249,KEA3,0.13428571428571429,1,CMGC,RCK,RCK,MAK
MAP2K1,113.33333333333333,104,KEA3,0.6371428571428571,3,STE,STE7,MEK1,MAP2K1
MAP2K2,115.5,106,KEA3,0.6285714285714286,3,STE,STE7,MEK1,MAP2K2
MAP2K3,209,206,KEA3,0.28285714285714286,2,STE,STE7,MEK3,MAP2K3
MAP2K4,182,184,KEA3,0.3514285714285714,2,STE,STE7,MEK4,MAP2K4
MAP2K6,175.66666666666666,177,KEA3,0.38285714285714284,2,STE,STE7,MEK3,MAP2K6
MAP2K7,97.5,83,KEA3,0.7085714285714285,3,STE,STE7,MEK7,MAP2K7
MAP3K1,276,246,KEA3,0.14285714285714285,1,STE,STE11,MEKK1,MAP3K1
MAP3K10,284,252,KEA3,0.12571428571428572,1,TKL,MLK,MLK,MAP3K10
MAP3K11,199,200,KEA3,0.3028571428571429,2,TKL,MLK,MLK,MAP3K11
MAP3K13,255,238,KEA3,0.16857142857142857,1,TKL,MLK,LZK,MAP3K13
MAP3K14,119,114,KEA3,0.5914285714285714,3,STE,STE-UNIQUE,STE-UNIQUE,MAP3K14
MAP3K20,83,62,KEA3,0.7914285714285715,4,TKL,MLK,ZAK,MAP3K20
MAP3K3,251,233,KEA3,0.18571428571428572,1,STE,STE11,MEKK2,MAP3K3
MAP3K4,310,272,KEA3,0.06857142857142857,1,STE,STE11,MEKK4,MAP3K4
MAP3K5,112.66666666666667,102,KEA3,0.6428571428571429,3,STE,STE11,ASK,MAP3K5
MAP3K6,197,198,KEA3,0.30857142857142855,2,STE,STE11,ASK,MAP3K6
MAP3K7,118.33333333333333,112,KEA3,0.6057142857142858,3,TKL,MLK,TAK1,MAP3K7
MAP3K8,105.5,94,KEA3,0.6714285714285714,3,STE,STE-UNIQUE,STE-UNIQUE,MAP3K8
MAP4K1,263,243,KEA3,0.15142857142857144,1,STE,STE20,KHS,MAP4K1
MAP4K2,161,163,KEA3,0.42857142857142855,2,STE,STE20,KHS,MAP4K2
MAP4K3,245,231,KEA3,0.19142857142857142,1,STE,STE20,KHS,MAP4K3
MAP4K4,228,221,KEA3,0.22285714285714286,1,STE,STE20,MSN,MAP4K4
MAP4K5,120.5,117,KEA3,0.5828571428571429,3,STE,STE20,KHS,MAP4K5
MAPK1,54,33,KEA3,0.9,4,CMGC,MAPK,ERK1,MAPK1
MAPK10,90,72,KEA3,0.7514285714285714,4,CMGC,MAPK,JNK,MAPK10
MAPK11,130.33333333333334,131,KEA3,0.5371428571428571,3,CMGC,MAPK,P38,MAPK11
MAPK12,108.66666666666667,96,KEA3,0.6628571428571428,3,CMGC,MAPK,P38,MAPK12
MAPK13,177.66666666666666,180,KEA3,0.3742857142857143,2,CMGC,MAPK,P38,MAPK13
MAPK14,72.66666666666667,52,KEA3,0.8314285714285714,4,CMGC,MAPK,P38,MAPK14
MAPK15,181,183,KEA3,0.35714285714285715,2,CMGC,MAPK,ERK7,MAPK15
MAPK3,65,45,KEA3,0.8514285714285714,4,CMGC,MAPK,ERK1,MAPK3
MAPK6,242,229,KEA3,0.19714285714285715,1,CMGC,MAPK,ERK3,MAPK6
MAPK7,149.33333333333334,152,KEA3,0.4714285714285714,2,CMGC,MAPK,ERK5,MAPK7
MAPK8,92,74,KEA3,0.7457142857142857,3,CMGC,MAPK,JNK,MAPK8
MAPK9,37.666666666666664,16,KEA3,0.9542857142857143,4,CMGC,MAPK,JNK,MAPK9
MAPKAPK2,84,63,KEA3,0.78,4,CAMK,MAPKAPK,MAPKAPK,MAPKAPK2
MAPKAPK3,304,266,KEA3,0.08571428571428572,1,CAMK,MAPKAPK,MAPKAPK,MAPKAPK3
MAPKAPK5,66,47,KEA3,0.8457142857142858,4,CAMK,MAPKAPK,MAPKAPK,MAPKAPK5
MARK2,127,125,KEA3,0.5542857142857143,3,CAMK,CAMKL,MARK,MARK2
MARK3,108,95,KEA3,0.6657142857142857,3,CAMK,CAMKL,MARK,MARK3
MARK4,333,290,KEA3,0.017142857142857144,1,CAMK,CAMKL,MARK,MARK4
MAST1,170.5,172,KEA3,0.4,2,AGC,MAST,MAST,MAST1
MAST2,318,279,KEA3,0.04857142857142857,1,AGC,MAST,MAST,MAST2
MATK,221,216,KEA3,0.24857142857142858,1,TK,CSK,CSK,MATK
MELK,311,273,KEA3,0.06571428571428571,1,CAMK,CAMKL,MELK,MELK
MERTK,34,15,KEA3,0.9571428571428572,4,TK,AXL,AXL,MERTK
MET,110.66666666666667,98,KEA3,0.6542857142857142,3,TK,MET,MET,MET
MKNK1,170,171,KEA3,0.40285714285714286,2,CAMK,MAPKAPK,MNK,MKNK1
MKNK2,232.5,223,KEA3,0.21428571428571427,1,CAMK,MAPKAPK,MNK,MKNK2
MOK,208.5,205,KEA3,0.2857142857142857,2,CMGC,RCK,RCK,MOK
MOS,308,270,KEA3,0.07428571428571429,1,OTHER,MOS,MOS,MOS
MST1R,257,240,KEA3,0.16285714285714287,1,TK,MET,MET,MST1R
MTOR,118,111,KEA3,0.6085714285714285,3,ATYPICAL,PIKK,FRAP,MTOR
MYLK2,233,224,KEA3,0.21142857142857144,1,CAMK,MLCK,MLCK,MYLK2
MYO3A,259,241,KEA3,0.16,1,STE,STE20,NINAC,MYO3A
NEK10,294,258,KEA3,0.10857142857142857,1,OTHER,NEK,NEK10,NEK10
NEK11,317,278,KEA3,0.05142857142857143,1,OTHER,NEK,NEK11,NEK11
NEK2,95.66666666666667,80,KEA3,0.7257142857142858,3,OTHER,NEK,NEK2,NEK2
NEK3,181,183,KEA3,0.35714285714285715,2,OTHER,NEK,NEK1,NEK3
NEK4,195,197,KEA3,0.31142857142857144,2,OTHER,NEK,NEK4,NEK4
NEK6,54.333333333333336,34,KEA3,0.8971428571428571,4,OTHER,NEK,NEK6,NEK6
NEK8,228,221,KEA3,0.22285714285714286,1,OTHER,NEK,NEK8,NEK8
NEK9,81.5,61,KEA3,0.7971428571428572,4,OTHER,NEK,NEK8,NEK9
NIM1K,285,253,KEA3,0.12285714285714286,1,CAMK,CAMKL,NIM1,NIM1K
NLK,178,181,KEA3,0.36857142857142855,2,CMGC,MAPK,NMO,NLK
NPR2,87,69,KEA3,0.76,4,RGC,RGC,RGC,NPR2
NRBP2,227,220,KEA3,0.22857142857142856,1,OTHER,NRBP,NRBP,NRBP2
NTRK1,13,3,KEA3,0.9942857142857143,4,TK,TRK,TRK,NTRK1
NTRK2,116,108,KEA3,0.6228571428571429,3,TK,TRK,TRK,NTRK2
NTRK3,204,203,KEA3,0.2914285714285714,2,TK,TRK,TRK,NTRK3
NUAK1,144,148,KEA3,0.4857142857142857,2,CAMK,CAMKL,NUAK,NUAK1
NUAK2,300,263,KEA3,0.09428571428571429,1,CAMK,CAMKL,NUAK,NUAK2
OXSR1,274.5,245,KEA3,0.1457142857142857,1,STE,STE20,FRAY,OXSR1
PAK1,93,77,KEA3,0.7342857142857143,3,STE,STE20,PAKA,PAK1
PAK2,110.66666666666667,98,KEA3,0.6542857142857142,3,STE,STE20,PAKA,PAK2
PAK3,193,194,KEA3,0.32,2,STE,STE20,PAKA,PAK3
PAK4,111.66666666666667,100,KEA3,0.6485714285714286,3,STE,STE20,PAKB,PAK4
PAK5,216,210,KEA3,0.26571428571428574,2,STE,STE20,PAKB,PAK5
PAK6,220.5,215,KEA3,0.25142857142857145,2,STE,STE20,PAKB,PAK6
PASK,302,265,KEA3,0.08857142857142856,1,CAMK,CAMKL,PASK,PASK
PBK,186.33333333333334,187,KEA3,0.34,2,OTHER,TOPK,TOPK,PBK
PDGFRA,182,184,KEA3,0.3514285714285714,2,TK,PDGFR,PDGFR,PDGFRA
PDGFRB,141,145,KEA3,0.4942857142857143,2,TK,PDGFR,PDGFR,PDGFRB
PDIK1L,306,268,KEA3,0.08,1,OTHER,NKF4,NKF4,PDIK1L
PDK1,151,154,KEA3,0.46,2,ATYPICAL,PDHK,PDHK,PDK1
PDPK1,84,63,KEA3,0.78,4,AGC,PDK1,PDK1,PDPK1
PIK3CA,234,226,KEA3,0.2057142857142857,1,NA,NA,NA,PIK3CA
PIK3CB,337,294,KEA3,0.005714285714285714,1,NA,NA,NA,PIK3CB
PIK3CG,316,277,KEA3,0.054285714285714284,1,NA,NA,NA,PIK3CG
PIK3R4,117,109,KEA3,0.6171428571428571,3,OTHER,VPS15,VPS15,PIK3R4
PIM1,52.333333333333336,32,KEA3,0.9028571428571428,4,CAMK,PIM,PIM,PIM1
PIM2,100.5,87,KEA3,0.6971428571428572,3,CAMK,PIM,PIM,PIM2
PINK1,151,154,KEA3,0.46,2,OTHER,NKF2,NKF2,PINK1
PKMYT1,252,234,KEA3,0.18285714285714286,1,OTHER,WEE,WEE,PKMYT1
PKN1,123.66666666666667,120,KEA3,0.5714285714285714,3,AGC,PKN,PKN,PKN1
PLK1,60,38,KEA3,0.8828571428571429,4,OTHER,PLK,PLK1,PLK1
PLK2,156.5,161,KEA3,0.43714285714285717,2,OTHER,PLK,PLK2,PLK2
PLK3,32.666666666666664,14,KEA3,0.96,4,OTHER,PLK,PLK2,PLK3
PLK4,135,136,KEA3,0.52,3,OTHER,PLK,SAK,PLK4
PNCK,176,178,KEA3,0.38,2,CAMK,CAMK1,CAMK1,PNCK
PRKAA1,42.333333333333336,22,KEA3,0.9371428571428572,4,CAMK,CAMKL,AMPK,PRKAA1
PRKAA2,121.66666666666667,119,KEA3,0.5742857142857143,3,CAMK,CAMKL,AMPK,PRKAA2
PRKACA,43,23,KEA3,0.9342857142857143,4,AGC,PKA,PKA,PRKACA
PRKACB,252.5,235,KEA3,0.18,1,AGC,PKA,PKA,PRKACB
PRKCA,19,5,KEA3,0.9885714285714285,4,AGC,PKC,ALPHA,PRKCA
PRKCB,22.666666666666668,7,KEA3,0.98,4,AGC,PKC,ALPHA,PRKCB
PRKCD,73.33333333333333,54,KEA3,0.8257142857142857,4,AGC,PKC,DELTA,PRKCD
PRKCE,97.66666666666667,84,KEA3,0.7057142857142857,3,AGC,PKC,ETA,PRKCE
PRKCG,83,62,KEA3,0.7914285714285715,4,AGC,PKC,ALPHA,PRKCG
PRKCH,131.66666666666666,134,KEA3,0.5257142857142857,3,AGC,PKC,ETA,PRKCH
PRKCI,41.333333333333336,19,KEA3,0.9457142857142857,4,AGC,PKC,IOTA,PRKCI
PRKCQ,41.666666666666664,20,KEA3,0.9428571428571428,4,AGC,PKC,DELTA,PRKCQ
PRKCZ,115.33333333333333,105,KEA3,0.6342857142857142,3,AGC,PKC,IOTA,PRKCZ
PRKD1,5.333333333333333,1,KEA3,1,4,CAMK,PKD,PKD,PRKD1
PRKD2,126.33333333333333,124,KEA3,0.5571428571428572,3,CAMK,PKD,PKD,PRKD2
PRKD3,125,122,KEA3,0.5657142857142857,3,CAMK,PKD,PKD,PRKD3
PRKDC,21,6,KEA3,0.9828571428571429,4,ATYPICAL,PIKK,DNAPK,PRKDC
PRKG1,50,30,KEA3,0.9085714285714286,4,AGC,PKG,PKG,PRKG1
PRKG2,184,185,KEA3,0.3457142857142857,2,AGC,PKG,PKG,PRKG2
PRKX,181,183,KEA3,0.35714285714285715,2,AGC,PKA,PKA,PRKX
PRKY,145,149,KEA3,0.4828571428571429,2,AGC,PKA,PKA,PRKY
PRPF4B,150,153,KEA3,0.4657142857142857,2,CMGC,DYRK,PRP4,PRPF4B
PTK2,87.33333333333333,70,KEA3,0.7571428571428571,4,TK,FAK,FAK,PTK2
PTK2B,84.33333333333333,64,KEA3,0.7742857142857142,4,TK,FAK,FAK,PTK2B
PTK6,60,38,KEA3,0.8828571428571429,4,TK,SRC,SRM,PTK6
PXK,117,109,KEA3,0.6171428571428571,3,OTHER,SLOB,SLOB,PXK
RAF1,120.33333333333333,116,KEA3,0.5857142857142857,3,TKL,RAF,RAF,RAF1
RET,47,28,KEA3,0.9171428571428571,4,TK,RET,RET,RET
RIOK1,295,259,KEA3,0.10571428571428572,1,ATYPICAL,RIO,RIO1,RIOK1
RIPK1,184,185,KEA3,0.3457142857142857,2,TKL,RIPK,RIPK,RIPK1
RIPK2,220,214,KEA3,0.2542857142857143,2,TKL,RIPK,RIPK,RIPK2
RIPK3,165,166,KEA3,0.41714285714285715,2,TKL,RIPK,RIPK,RIPK3
ROCK1,50,30,KEA3,0.9085714285714286,4,AGC,DMPK,ROCK,ROCK1
ROCK2,187,189,KEA3,0.3342857142857143,2,AGC,DMPK,ROCK,ROCK2
RPS6KA1,17.333333333333332,4,KEA3,0.9914285714285714,4,AGC,RSK,RSK,RPS6KA1
RPS6KA2,85,66,KEA3,0.7685714285714286,4,AGC,RSK,RSK,RPS6KA2
RPS6KA3,27.666666666666668,11,KEA3,0.9685714285714285,4,AGC,RSK,RSK,RPS6KA3
RPS6KA4,63,41,KEA3,0.8685714285714285,4,AGC,RSK,MSK,RPS6KA4
RPS6KA5,42,21,KEA3,0.94,4,AGC,RSK,MSK,RPS6KA5
RPS6KB1,92.33333333333333,75,KEA3,0.7428571428571429,3,AGC,RSK,P70,RPS6KB1
RPS6KB2,154,157,KEA3,0.44857142857142857,2,AGC,RSK,P70,RPS6KB2
RPS6KL1,230,222,KEA3,0.22,1,AGC,RSKL,RSKL,RPS6KL1
SCYL1,329,288,KEA3,0.022857142857142857,1,OTHER,SCY1,SCY1,SCYL1
SCYL2,178,181,KEA3,0.36857142857142855,2,OTHER,SCY1,SCY1,SCYL2
SCYL3,277,247,KEA3,0.14,1,OTHER,SCY1,SCY1,SCYL3
SGK1,103,90,KEA3,0.6857142857142857,3,AGC,SGK,SGK,SGK1
SGK2,296,260,KEA3,0.10285714285714286,1,AGC,SGK,SGK,SGK2
SGK3,93,77,KEA3,0.7342857142857143,3,AGC,SGK,SGK,SGK3
SIK1,233.5,225,KEA3,0.20857142857142857,1,CAMK,CAMKL,QIK,SIK1
SIK2,237,228,KEA3,0.2,1,CAMK,CAMKL,QIK,SIK2
SMG1,331,289,KEA3,0.02,1,ATYPICAL,PIKK,SMG1,SMG1
SNRK,152,155,KEA3,0.4542857142857143,2,CAMK,CAMKL,SNRK,SNRK
SRC,27.333333333333332,9,KEA3,0.9742857142857143,4,TK,SRC,SRCA,SRC
SRMS,223,218,KEA3,0.23714285714285716,1,TK,SRC,SRM,SRMS
SRPK1,153.5,156,KEA3,0.4514285714285714,2,CMGC,SRPK,SRPK,SRPK1
SRPK2,71.5,51,KEA3,0.8342857142857143,4,CMGC,SRPK,SRPK,SRPK2
STK10,255,238,KEA3,0.16857142857142857,1,STE,STE20,SLK,STK10
STK11,89,71,KEA3,0.7542857142857143,4,CAMK,CAMKL,LKB,STK11
STK16,111,99,KEA3,0.6514285714285715,3,OTHER,NAK,MPSK,STK16
STK17A,98.5,85,KEA3,0.7028571428571428,3,CAMK,DAPK,DRAK,STK17A
STK24,104.5,91,KEA3,0.6828571428571428,3,STE,STE20,YSK,STK24
STK25,214,209,KEA3,0.2714285714285714,2,STE,STE20,YSK,STK25
STK26,128.5,126,KEA3,0.5514285714285714,3,STE,STE20,YSK,STK26
STK3,130,130,KEA3,0.54,3,STE,STE20,MST,STK3
STK33,286,254,KEA3,0.12,1,CAMK,CAMK-UNIQUE,CAMK-UNIQUE,STK33
STK36,227,220,KEA3,0.22857142857142856,1,OTHER,ULK,FUSED,STK36
STK38,161.5,164,KEA3,0.4228571428571429,2,AGC,NDR,NDR,STK38
STK38L,174,175,KEA3,0.38857142857142857,2,AGC,NDR,NDR,STK38L
STK39,126,123,KEA3,0.56,3,STE,STE20,FRAY,STK39
STK4,131,133,KEA3,0.5285714285714286,3,STE,STE20,MST,STK4
STK40,222,217,KEA3,0.24,1,CAMK,SGK495,SGK495,STK40
STYK1,186.5,188,KEA3,0.33714285714285713,2,TK,TK-UNIQUE,TK-UNIQUE,STYK1
SYK,63,41,KEA3,0.8685714285714285,4,TK,SYK,SYK,SYK
TAOK1,314,276,KEA3,0.05714285714285714,1,STE,STE20,TAO,TAOK1
TBK1,67.66666666666667,49,KEA3,0.84,4,OTHER,IKK,IKK,TBK1
TEC,173.5,174,KEA3,0.3942857142857143,2,TK,TEC,TEC,TEC
TEK,321,281,KEA3,0.04285714285714286,1,TK,TIE,TIE,TEK
TESK1,301,264,KEA3,0.09142857142857143,1,TKL,LISK,TESK,TESK1
TESK2,166.5,167,KEA3,0.4142857142857143,2,TKL,LISK,TESK,TESK2
TGFBR1,198,199,KEA3,0.3057142857142857,2,TKL,STKR,TYPE1,TGFBR1
TGFBR2,73,53,KEA3,0.8285714285714286,4,TKL,STKR,TYPE2,TGFBR2
TLK1,169,170,KEA3,0.4057142857142857,2,OTHER,TLK,TLK,TLK1
TNIK,322,282,KEA3,0.04,1,STE,STE20,MSN,TNIK
TNK2,112.33333333333333,101,KEA3,0.6457142857142857,3,TK,ACK,ACK,TNK2
TNNI3K,131,133,KEA3,0.5285714285714286,3,TKL,MLK,HH498,TNNI3K
TP53RK,339,296,KEA3,0,1,OTHER,BUD32,BUD32,TP53RK
TRIB3,136,138,KEA3,0.5142857142857142,3,CAMK,TRBL,TRBL,TRIB3
TRPM7,162,165,KEA3,0.42,2,ATYPICAL,ALPHA,CHAK,TRPM7
TTK,147,151,KEA3,0.4742857142857143,2,OTHER,TTK,TTK,TTK
TXK,256,239,KEA3,0.1657142857142857,1,TK,TEC,TEC,TXK
TYK2,118.66666666666667,113,KEA3,0.6028571428571429,3,TK,JAKA,JAKA,TYK2
TYRO3,119.5,115,KEA3,0.5885714285714285,3,TK,AXL,AXL,TYRO3
UHMK1,45,25,KEA3,0.9257142857142857,4,OTHER,KIS,KIS,UHMK1
ULK1,203,202,KEA3,0.29428571428571426,2,OTHER,ULK,ULK,ULK1
VRK1,137.66666666666666,142,KEA3,0.5028571428571429,3,CK1,VRK,VRK,VRK1
VRK3,249.5,232,KEA3,0.18857142857142858,1,CK1,VRK,VRK,VRK3
WEE1,84,63,KEA3,0.78,4,OTHER,WEE,WEE,WEE1
WNK1,110.33333333333333,97,KEA3,0.66,3,OTHER,WNK,WNK,WNK1
YES1,94.33333333333333,78,KEA3,0.7314285714285714,3,TK,SRC,SRCA,YES1
ZAP70,80,60,KEA3,0.8,4,TK,SYK,SYK,ZAP70
PIM1,1.9470753162922712,3,UKA,0.9841269841269841,4,CAMK,PIM,PIM,PIM1
PRKX,1.8513973451939063,4,UKA,0.9761904761904762,4,AGC,PKA,PKA,PRKX
RAF1,1.768938389385046,6,UKA,0.9603174603174603,4,TKL,RAF,RAF,RAF1
DAPK1,1.6094703946290667,11,UKA,0.9206349206349206,4,CAMK,DAPK,DAPK,DAPK1
CDK2,1.534855183351678,12,UKA,0.9126984126984127,4,CMGC,CDK,CDC2,CDK2
DAPK3,1.1378686206869628,22,UKA,0.8253968253968254,4,CAMK,DAPK,DAPK,DAPK3
CDK4,1.1202849609573289,23,UKA,0.8174603174603174,4,CMGC,CDK,CDK4,CDK4
MAPK14,0.9856474993489912,30,UKA,0.7619047619047619,4,CMGC,MAPK,P38,MAPK14
PIM2,0.9366215998767684,34,UKA,0.7301587301587301,3,CAMK,PIM,PIM,PIM2
TBK1,0.9100948885606022,35,UKA,0.7222222222222222,3,OTHER,IKK,IKK,TBK1
CAMK4,0.9049143760568218,36,UKA,0.7142857142857143,3,CAMK,CAMK1,CAMK1,CAMK4
CAMK4,0.9049143760568218,36,UKA,0.7142857142857143,3,OTHER,CAMKK,META,CAMKK1
ARAF,0.8742455562903698,38,UKA,0.6904761904761905,3,TKL,RAF,RAF,ARAF
PIM3,0.8742455562903698,38,UKA,0.6904761904761905,3,CAMK,PIM,PIM,PIM3
BRAF,0.8486914518179817,41,UKA,0.6666666666666666,3,TKL,RAF,RAF,BRAF
CDK3,0.8287065943885357,42,UKA,0.6587301587301587,3,CMGC,CDK,CDC2,CDK3
CDK7,0.7807508849000881,45,UKA,0.6349206349206349,3,CMGC,CDK,CDK7,CDK7
CDKL2,0.7366440825696156,49,UKA,0.6031746031746031,3,CMGC,CDKL,CDKL,CDKL2
SGK1,0.7292559663606489,50,UKA,0.5952380952380952,3,AGC,SGK,SGK,SGK1
CDK6,0.6960613077288448,53,UKA,0.5714285714285714,3,CMGC,CDK,CDK4,CDK6
NUAK1,0.6550970919445942,55,UKA,0.5555555555555556,3,CAMK,CAMKL,NUAK,NUAK1
PAK1,0.5772394959302267,59,UKA,0.5238095238095238,3,STE,STE20,PAKA,PAK1
CDKL5,0.4166975308185849,74,UKA,0.40476190476190477,2,CMGC,CDKL,CDKL,CDKL5
SGK2,0.3746875490383262,78,UKA,0.373015873015873,2,AGC,SGK,SGK,SGK2
SGK2,0.3746875490383262,78,UKA,0.373015873015873,2,AGC,SGK,SGK,SGK3
MAPKAPK2,0.34931178596786083,82,UKA,0.3412698412698413,2,CAMK,MAPKAPK,MAPKAPK,MAPKAPK2
DYRK1A,0.3315871899322848,83,UKA,0.3333333333333333,2,CMGC,DYRK,DYRK1,DYRK1A
ATR,0.328086987558413,84,UKA,0.3253968253968254,2,ATYPICAL,PIKK,ATR,ATR
CDKL1,0.3205175928572692,85,UKA,0.31746031746031744,2,CMGC,CDKL,CDKL,CDKL1
DAPK2,0.30697693207630594,87,UKA,0.30158730158730157,2,CAMK,DAPK,DAPK,DAPK2
CDK5,0.2093827312200367,99,UKA,0.1984126984126984,1,CMGC,CDK,CDK5,CDK5
PLK3,0.1894905899107458,101,UKA,0.18253968253968253,1,OTHER,PLK,PLK2,PLK3
PRKY,0.1817741063860445,103,UKA,0.16666666666666666,1,AGC,PKA,PKA,PRKY
CDK9,0.15366288787019475,109,UKA,0.11904761904761904,1,CMGC,CDK,CDK9,CDK9
MAPKAPK3,0.1524273408578878,110,UKA,0.1111111111111111,1,CAMK,MAPKAPK,MAPKAPK,MAPKAPK3
ROCK2,0.1205338731843394,114,UKA,0.07936507936507936,1,AGC,DMPK,ROCK,ROCK2
CDK10,0.11231969778090505,117,UKA,0.05555555555555555,1,CMGC,CDK,CDK10,CDK10
ROCK1,0.06794043312284394,120,UKA,0.031746031746031744,1,AGC,DMPK,ROCK,ROCK1
STE7,-1.66,6,KRSA,0.9259645464025026,4,STE,STE7,MEK1,MAP2K1
STE7,-1.66,6,KRSA,0.9259645464025026,4,STE,STE7,MEK1,MAP2K2
STE7,-1.66,6,KRSA,0.9259645464025026,4,STE,STE7,MEK3,MAP2K3
STE7,-1.66,6,KRSA,0.9259645464025026,4,STE,STE7,MEK4,MAP2K4
STE7,-1.66,6,KRSA,0.9259645464025026,4,STE,STE7,MEK5,MAP2K5
STE7,-1.66,6,KRSA,0.9259645464025026,4,STE,STE7,MEK3,MAP2K6
STE7,-1.66,6,KRSA,0.9259645464025026,4,STE,STE7,MEK7,MAP2K7
NMO,-1.7591666666666663,3,KRSA,0.9635036496350365,4,CMGC,MAPK,NMO,NLK
DAPK,1.1891666666666667,20,KRSA,0.7507820646506778,4,CAMK,DAPK,DAPK,DAPK1
DAPK,1.1891666666666667,20,KRSA,0.7507820646506778,4,CAMK,DAPK,DAPK,DAPK2
DAPK,1.1891666666666667,20,KRSA,0.7507820646506778,4,CAMK,DAPK,DAPK,DAPK3
DAPK,1.1891666666666667,20,KRSA,0.7507820646506778,4,CAMK,DAPK,DRAK,STK17A
DAPK,1.1891666666666667,20,KRSA,0.7507820646506778,4,CAMK,DAPK,DRAK,STK17B
QIK,-1.255,18,KRSA,0.7758081334723671,4,CAMK,CAMKL,QIK,SIK1
QIK,-1.255,18,KRSA,0.7758081334723671,4,CAMK,CAMKL,QIK,SIK2
PEK,-1.65,7,KRSA,0.913451511991658,4,OTHER,PEK,HRI,EIF2AK1
PEK,-1.65,7,KRSA,0.913451511991658,4,OTHER,PEK,PKR,EIF2AK2
PEK,-1.65,7,KRSA,0.913451511991658,4,OTHER,PEK,PEK,EIF2AK3
PEK,-1.65,7,KRSA,0.913451511991658,4,OTHER,PEK,GCN2,EIF2AK4
DYRK,-1.2141666666666666,19,KRSA,0.7632950990615224,4,CMGC,DYRK,DYRK1,DYRK1A
DYRK,-1.2141666666666666,19,KRSA,0.7632950990615224,4,CMGC,DYRK,DYRK1,DYRK1B
DYRK,-1.2141666666666666,19,KRSA,0.7632950990615224,4,CMGC,DYRK,DYRK2,DYRK2
DYRK,-1.2141666666666666,19,KRSA,0.7632950990615224,4,CMGC,DYRK,DYRK2,DYRK3
DYRK,-1.2141666666666666,19,KRSA,0.7632950990615224,4,CMGC,DYRK,DYRK2,DYRK4
DYRK,-1.2141666666666666,19,KRSA,0.7632950990615224,4,CMGC,DYRK,HIPK,HIPK1
DYRK,-1.2141666666666666,19,KRSA,0.7632950990615224,4,CMGC,DYRK,HIPK,HIPK2
DYRK,-1.2141666666666666,19,KRSA,0.7632950990615224,4,CMGC,DYRK,HIPK,HIPK3
DYRK,-1.2141666666666666,19,KRSA,0.7632950990615224,4,CMGC,DYRK,HIPK,HIPK4
DYRK,-1.2141666666666666,19,KRSA,0.7632950990615224,4,CMGC,DYRK,PRP4,PRPF4B
PKA,1.669166666666667,5,KRSA,0.9384775808133472,4,AGC,PKA,PKA,PRKACA
PKA,1.669166666666667,5,KRSA,0.9384775808133472,4,AGC,PKA,PKA,PRKACB
PKA,1.669166666666667,5,KRSA,0.9384775808133472,4,AGC,PKA,PKA,PRKACG
PKA,1.669166666666667,5,KRSA,0.9384775808133472,4,AGC,PKA,PKA,PRKX
PKA,1.669166666666667,5,KRSA,0.9384775808133472,4,AGC,PKA,PKA,PRKY
PKG,1.8525,2,KRSA,0.9760166840458812,4,AGC,PKG,PKG,PRKG1
PKG,1.8525,2,KRSA,0.9760166840458812,4,AGC,PKG,PKG,PRKG2
ERK,-1.909166666666667,1,KRSA,0.9885297184567258,4,CMGC,MAPK,ERK1,MAPK1
ERK,-1.909166666666667,1,KRSA,0.9885297184567258,4,CMGC,MAPK,ERK7,MAPK15
ERK,-1.909166666666667,1,KRSA,0.9885297184567258,4,CMGC,MAPK,ERK1,MAPK3
ERK,-1.909166666666667,1,KRSA,0.9885297184567258,4,CMGC,MAPK,ERK3,MAPK4
ERK,-1.909166666666667,1,KRSA,0.9885297184567258,4,CMGC,MAPK,ERK3,MAPK6
ERK,-1.909166666666667,1,KRSA,0.9885297184567258,4,CMGC,MAPK,ERK5,MAPK7
PDK1,-1.7266666666666666,4,KRSA,0.9509906152241918,4,ATYPICAL,PDHK,PDHK,PDK1
PDK1,-1.7266666666666666,4,KRSA,0.9509906152241918,4,AGC,PDK1,PDK1,PDPK1
JNK,-1.475,10,KRSA,0.8759124087591241,4,CMGC,MAPK,JNK,MAPK10
JNK,-1.475,10,KRSA,0.8759124087591241,4,CMGC,MAPK,JNK,MAPK8
JNK,-1.475,10,KRSA,0.8759124087591241,4,CMGC,MAPK,JNK,MAPK9
P38,-1.045,25,KRSA,0.6882168925964547,3,CMGC,MAPK,P38,MAPK11
P38,-1.045,25,KRSA,0.6882168925964547,3,CMGC,MAPK,P38,MAPK12
P38,-1.045,25,KRSA,0.6882168925964547,3,CMGC,MAPK,P38,MAPK13
P38,-1.045,25,KRSA,0.6882168925964547,3,CMGC,MAPK,P38,MAPK14
VRK1,-0.885,32,KRSA,0.6006256517205423,3,CK1,VRK,VRK,VRK1
STE11,-0.3466666666666667,56,KRSA,0.28779979144942647,2,TKL,MLK,TAK1,MAP3K7
STE11,-0.3466666666666667,56,KRSA,0.28779979144942647,2,STE,STE11,MEKK1,MAP3K1
STE11,-0.3466666666666667,56,KRSA,0.28779979144942647,2,STE,STE11,ASK,MAP3K15
STE11,-0.3466666666666667,56,KRSA,0.28779979144942647,2,STE,STE11,MEKK2,MAP3K2
STE11,-0.3466666666666667,56,KRSA,0.28779979144942647,2,STE,STE11,MEKK2,MAP3K3
STE11,-0.3466666666666667,56,KRSA,0.28779979144942647,2,STE,STE11,MEKK4,MAP3K4
STE11,-0.3466666666666667,56,KRSA,0.28779979144942647,2,STE,STE11,ASK,MAP3K5
STE11,-0.3466666666666667,56,KRSA,0.28779979144942647,2,STE,STE11,ASK,MAP3K6
PLK,-0.86,34,KRSA,0.5755995828988529,3,NA,NA,NA,PLK5
PLK,-0.86,34,KRSA,0.5755995828988529,3,OTHER,PLK,PLK1,PLK1
PLK,-0.86,34,KRSA,0.5755995828988529,3,OTHER,PLK,PLK2,PLK2
PLK,-0.86,34,KRSA,0.5755995828988529,3,OTHER,PLK,PLK2,PLK3
PLK,-0.86,34,KRSA,0.5755995828988529,3,OTHER,PLK,SAK,PLK4
GRK,0.21666666666666667,67,KRSA,0.15015641293013557,1,AGC,GRK,GRK,GRK1
GRK,0.21666666666666667,67,KRSA,0.15015641293013557,1,AGC,GRK,GRK,GRK4
GRK,0.21666666666666667,67,KRSA,0.15015641293013557,1,AGC,GRK,GRK,GRK5
GRK,0.21666666666666667,67,KRSA,0.15015641293013557,1,AGC,GRK,GRK,GRK6
GRK,0.21666666666666667,67,KRSA,0.15015641293013557,1,AGC,GRK,GRK,GRK7
PRKDC,-0.9908333333333332,28,KRSA,0.6506777893639207,3,ATYPICAL,PIKK,DNAPK,PRKDC
TLK,-1.044166666666667,26,KRSA,0.67570385818561,3,OTHER,TLK,TLK,TLK1
TLK,-1.044166666666667,26,KRSA,0.67570385818561,3,OTHER,TLK,TLK,TLK2
MLK,0.4066666666666667,52,KRSA,0.337851929092805,2,TKL,MLK,ILK,ILK
MLK,0.4066666666666667,52,KRSA,0.337851929092805,2,TKL,MLK,MLK,MAP3K10
MLK,0.4066666666666667,52,KRSA,0.337851929092805,2,TKL,MLK,MLK,MAP3K11
MLK,0.4066666666666667,52,KRSA,0.337851929092805,2,TKL,MLK,LZK,MAP3K12
MLK,0.4066666666666667,52,KRSA,0.337851929092805,2,TKL,MLK,LZK,MAP3K13
MLK,0.4066666666666667,52,KRSA,0.337851929092805,2,TKL,MLK,MLK,MAP3K9
MLK,0.4066666666666667,52,KRSA,0.337851929092805,2,TKL,MLK,HH498,TNNI3K
RIPK,1.4966666666666666,9,KRSA,0.8884254431699687,4,TKL,RIPK,RIPK,ANKK1
RIPK,1.4966666666666666,9,KRSA,0.8884254431699687,4,TKL,RIPK,RIPK,RIPK1
RIPK,1.4966666666666666,9,KRSA,0.8884254431699687,4,TKL,RIPK,RIPK,RIPK2
RIPK,1.4966666666666666,9,KRSA,0.8884254431699687,4,TKL,RIPK,RIPK,RIPK3
RIPK,1.4966666666666666,9,KRSA,0.8884254431699687,4,TKL,RIPK,RIPK,RIPK4
RAF,-0.9583333333333334,30,KRSA,0.6256517205422315,3,TKL,RAF,RAF,ARAF
RAF,-0.9583333333333334,30,KRSA,0.6256517205422315,3,TKL,RAF,RAF,BRAF
RAF,-0.9583333333333334,30,KRSA,0.6256517205422315,3,TKL,RAF,KSR,KSR1
RAF,-0.9583333333333334,30,KRSA,0.6256517205422315,3,TKL,RAF,KSR,KSR2
RAF,-0.9583333333333334,30,KRSA,0.6256517205422315,3,TKL,RAF,RAF,RAF1
DMPK,1.4016666666666666,14,KRSA,0.8258602711157456,4,AGC,DMPK,GEK,CDC42BPA
DMPK,1.4016666666666666,14,KRSA,0.8258602711157456,4,AGC,DMPK,GEK,CDC42BPB
DMPK,1.4016666666666666,14,KRSA,0.8258602711157456,4,AGC,DMPK,GEK,CDC42BPG
DMPK,1.4016666666666666,14,KRSA,0.8258602711157456,4,AGC,DMPK,CRIK,CIT
DMPK,1.4016666666666666,14,KRSA,0.8258602711157456,4,AGC,DMPK,GEK,DMPK
DMPK,1.4016666666666666,14,KRSA,0.8258602711157456,4,AGC,DMPK,ROCK,ROCK1
DMPK,1.4016666666666666,14,KRSA,0.8258602711157456,4,AGC,DMPK,ROCK,ROCK2
AKT,1.0566666666666666,24,KRSA,0.7007299270072993,3,AGC,AKT,AKT,AKT1
AKT,1.0566666666666666,24,KRSA,0.7007299270072993,3,AGC,AKT,AKT,AKT2
AKT,1.0566666666666666,24,KRSA,0.7007299270072993,3,AGC,AKT,AKT,AKT3
PKN,-0.2025,68,KRSA,0.13764337851929093,1,AGC,PKN,PKN,PKN1
PKN,-0.2025,68,KRSA,0.13764337851929093,1,AGC,PKN,PKN,PKN2
PKN,-0.2025,68,KRSA,0.13764337851929093,1,AGC,PKN,PKN,PKN3
ATM,-0.9458333333333332,31,KRSA,0.6131386861313869,3,ATYPICAL,PIKK,ATM,ATM
CDK,-1.33,15,KRSA,0.8133472367049009,4,CMGC,CDK,CDC2,CDK1
CDK,-1.33,15,KRSA,0.8133472367049009,4,CMGC,CDK,CDK10,CDK10
CDK,-1.33,15,KRSA,0.8133472367049009,4,CMGC,CDK,CRK7,CDK12
CDK,-1.33,15,KRSA,0.8133472367049009,4,CMGC,CDK,CRK7,CDK13
CDK,-1.33,15,KRSA,0.8133472367049009,4,CMGC,CDK,PFTAIRE,CDK14
CDK,-1.33,15,KRSA,0.8133472367049009,4,CMGC,CDK,PFTAIRE,CDK15
CDK,-1.33,15,KRSA,0.8133472367049009,4,CMGC,CDK,PCTAIRE,CDK16
CDK,-1.33,15,KRSA,0.8133472367049009,4,CMGC,CDK,PCTAIRE,CDK17
CDK,-1.33,15,KRSA,0.8133472367049009,4,CMGC,CDK,PCTAIRE,CDK18
CDK,-1.33,15,KRSA,0.8133472367049009,4,CMGC,CDK,CDK8,CDK19
CDK,-1.33,15,KRSA,0.8133472367049009,4,CMGC,CDK,CDC2,CDK2
CDK,-1.33,15,KRSA,0.8133472367049009,4,CMGC,CDK,CCRK,CDK20
CDK,-1.33,15,KRSA,0.8133472367049009,4,CMGC,CDK,CDC2,CDK3
CDK,-1.33,15,KRSA,0.8133472367049009,4,CMGC,CDK,CDK4,CDK4
CDK,-1.33,15,KRSA,0.8133472367049009,4,CMGC,CDK,CDK5,CDK5
CDK,-1.33,15,KRSA,0.8133472367049009,4,CMGC,CDK,CDK4,CDK6
CDK,-1.33,15,KRSA,0.8133472367049009,4,CMGC,CDK,CDK7,CDK7
CDK,-1.33,15,KRSA,0.8133472367049009,4,CMGC,CDK,CDK8,CDK8
CDK,-1.33,15,KRSA,0.8133472367049009,4,CMGC,CDK,CDK9,CDK9
CDK,-1.33,15,KRSA,0.8133472367049009,4,NA,NA,NA,CDK11A
CDK,-1.33,15,KRSA,0.8133472367049009,4,NA,NA,NA,CDK11B
MST,-0.4558333333333333,47,KRSA,0.4129301355578728,2,STE,STE20,MST,STK3
MST,-0.4558333333333333,47,KRSA,0.4129301355578728,2,STE,STE20,MST,STK4
AMPK,0.1875,69,KRSA,0.1251303441084463,1,CAMK,CAMKL,AMPK,PRKAA1
AMPK,0.1875,69,KRSA,0.1251303441084463,1,CAMK,CAMKL,AMPK,PRKAA2
PKCH,-0.595,41,KRSA,0.4880083420229406,2,AGC,PKC,ETA,PRKCE
PKCH,-0.595,41,KRSA,0.4880083420229406,2,AGC,PKC,ETA,PRKCH
ULK,-0.7433333333333333,36,KRSA,0.5505735140771637,3,OTHER,ULK,FUSED,STK36
ULK,-0.7433333333333333,36,KRSA,0.5505735140771637,3,OTHER,ULK,ULK,ULK1
ULK,-0.7433333333333333,36,KRSA,0.5505735140771637,3,OTHER,ULK,ULK,ULK2
ULK,-0.7433333333333333,36,KRSA,0.5505735140771637,3,OTHER,ULK,ULK,ULK3
ULK,-0.7433333333333333,36,KRSA,0.5505735140771637,3,OTHER,ULK,ULK,ULK4
BRSK,0.3416666666666667,57,KRSA,0.27528675703858185,2,CAMK,CAMKL,BRSK,BRSK1
BRSK,0.3416666666666667,57,KRSA,0.27528675703858185,2,CAMK,CAMKL,BRSK,BRSK2
CLK,-0.7325,37,KRSA,0.5380604796663191,3,CMGC,CLK,CLK,CLK1
CLK,-0.7325,37,KRSA,0.5380604796663191,3,CMGC,CLK,CLK,CLK2
CLK,-0.7325,37,KRSA,0.5380604796663191,3,CMGC,CLK,CLK,CLK3
CLK,-0.7325,37,KRSA,0.5380604796663191,3,CMGC,CLK,CLK,CLK4
CAMK1,0.9666666666666668,29,KRSA,0.6381647549530761,3,CAMK,CAMK1,CAMK1,CAMK1
CAMK1,0.9666666666666668,29,KRSA,0.6381647549530761,3,CAMK,CAMK1,CAMK1,CAMK1D
CAMK1,0.9666666666666668,29,KRSA,0.6381647549530761,3,CAMK,CAMK1,CAMK1,CAMK1G
CAMK1,0.9666666666666668,29,KRSA,0.6381647549530761,3,CAMK,CAMK1,CAMK1,CAMK4
CAMK1,0.9666666666666668,29,KRSA,0.6381647549530761,3,CAMK,CAMK1,CAMK1,PNCK
NIK,-0.7291666666666666,38,KRSA,0.5255474452554745,3,STE,STE-UNIQUE,STE-UNIQUE,MAP3K14
NDR,0.29083333333333333,62,KRSA,0.2127215849843587,1,AGC,NDR,NDR,LATS1
NDR,0.29083333333333333,62,KRSA,0.2127215849843587,1,AGC,NDR,NDR,LATS2
NDR,0.29083333333333333,62,KRSA,0.2127215849843587,1,AGC,NDR,NDR,STK38
NDR,0.29083333333333333,62,KRSA,0.2127215849843587,1,AGC,NDR,NDR,STK38L
IKK,0.02499999999999999,78,KRSA,0.01251303441084463,1,OTHER,IKK,IKK,CHUK
IKK,0.02499999999999999,78,KRSA,0.01251303441084463,1,OTHER,IKK,IKK,IKBKB
IKK,0.02499999999999999,78,KRSA,0.01251303441084463,1,OTHER,IKK,IKK,IKBKE
IKK,0.02499999999999999,78,KRSA,0.01251303441084463,1,OTHER,IKK,IKK,TBK1
BUD32,0.31416666666666665,59,KRSA,0.2502606882168926,2,OTHER,BUD32,BUD32,TP53RK
CAMKK,1.455833333333333,12,KRSA,0.8508863399374348,4,OTHER,CAMKK,META,CAMKK1
CAMKK,1.455833333333333,12,KRSA,0.8508863399374348,4,OTHER,CAMKK,META,CAMKK2
WNK,-0.3975,53,KRSA,0.32533889468196037,2,OTHER,WNK,WNK,WNK1
WNK,-0.3975,53,KRSA,0.32533889468196037,2,OTHER,WNK,WNK,WNK2
WNK,-0.3975,53,KRSA,0.32533889468196037,2,OTHER,WNK,WNK,WNK3
WNK,-0.3975,53,KRSA,0.32533889468196037,2,OTHER,WNK,WNK,WNK4
SLK,1.0633333333333332,23,KRSA,0.7132429614181439,3,STE,STE20,SLK,SLK
SLK,1.0633333333333332,23,KRSA,0.7132429614181439,3,STE,STE20,SLK,STK10
KHS,-0.22666666666666663,64,KRSA,0.18769551616266944,1,STE,STE20,KHS,MAP4K1
KHS,-0.22666666666666663,64,KRSA,0.18769551616266944,1,STE,STE20,KHS,MAP4K2
KHS,-0.22666666666666663,64,KRSA,0.18769551616266944,1,STE,STE20,KHS,MAP4K3
KHS,-0.22666666666666663,64,KRSA,0.18769551616266944,1,STE,STE20,KHS,MAP4K5
MOS,1.0433333333333332,27,KRSA,0.6631908237747653,3,OTHER,MOS,MOS,MOS
PAKA,-0.8558333333333333,35,KRSA,0.5630865484880083,3,STE,STE20,PAKA,PAK1
PAKA,-0.8558333333333333,35,KRSA,0.5630865484880083,3,STE,STE20,PAKA,PAK2
PAKA,-0.8558333333333333,35,KRSA,0.5630865484880083,3,STE,STE20,PAKA,PAK3
PASK,1.4433333333333334,13,KRSA,0.8383733055265902,4,CAMK,CAMKL,PASK,PASK
TAO,0.3175,58,KRSA,0.26277372262773724,2,STE,STE20,TAO,TAOK1
TAO,0.3175,58,KRSA,0.26277372262773724,2,STE,STE20,TAO,TAOK2
TAO,0.3175,58,KRSA,0.26277372262773724,2,STE,STE20,TAO,TAOK3
PKD,0.35583333333333333,55,KRSA,0.30031282586027114,2,CAMK,PKD,PKD,PRKD1
PKD,0.35583333333333333,55,KRSA,0.30031282586027114,2,CAMK,PKD,PKD,PRKD2
PKD,0.35583333333333333,55,KRSA,0.30031282586027114,2,CAMK,PKD,PKD,PRKD3
MTOR,-0.09166666666666667,73,KRSA,0.07507820646506778,1,ATYPICAL,PIKK,FRAP,MTOR
MSN,1.315,16,KRSA,0.8008342022940563,4,STE,STE20,MSN,MAP4K4
MSN,1.315,16,KRSA,0.8008342022940563,4,STE,STE20,MSN,NRK
MSN,1.315,16,KRSA,0.8008342022940563,4,STE,STE20,MSN,TNIK
CAMK2,-0.21916666666666668,66,KRSA,0.16266944734098018,1,CAMK,CAMK2,CAMK2,CAMK2A
CAMK2,-0.21916666666666668,66,KRSA,0.16266944734098018,1,CAMK,CAMK2,CAMK2,CAMK2B
CAMK2,-0.21916666666666668,66,KRSA,0.16266944734098018,1,CAMK,CAMK2,CAMK2,CAMK2D
CAMK2,-0.21916666666666668,66,KRSA,0.16266944734098018,1,CAMK,CAMK2,CAMK2,CAMK2G
NEK,-1.5566666666666666,8,KRSA,0.9009384775808134,4,OTHER,NEK,NEK11,NEK11
NEK,-1.5566666666666666,8,KRSA,0.9009384775808134,4,OTHER,NEK,NEK2,NEK2
NEK,-1.5566666666666666,8,KRSA,0.9009384775808134,4,OTHER,NEK,NEK1,NEK3
NEK,-1.5566666666666666,8,KRSA,0.9009384775808134,4,OTHER,NEK,NEK4,NEK4
NEK,-1.5566666666666666,8,KRSA,0.9009384775808134,4,OTHER,NEK,NEK1,NEK5
NEK,-1.5566666666666666,8,KRSA,0.9009384775808134,4,OTHER,NEK,NEK6,NEK6
NEK,-1.5566666666666666,8,KRSA,0.9009384775808134,4,OTHER,NEK,NEK6,NEK7
NEK,-1.5566666666666666,8,KRSA,0.9009384775808134,4,OTHER,NEK,NEK8,NEK8
NEK,-1.5566666666666666,8,KRSA,0.9009384775808134,4,OTHER,NEK,NEK8,NEK9
ATR,-0.6258333333333334,40,KRSA,0.5005213764337852,3,ATYPICAL,PIKK,ATR,ATR
LKB,-0.8708333333333333,33,KRSA,0.5881126173096975,3,CAMK,CAMKL,LKB,STK11
RSK,0.44416666666666665,49,KRSA,0.38790406673618355,2,AGC,RSK,RSK,RPS6KA1
RSK,0.44416666666666665,49,KRSA,0.38790406673618355,2,AGC,RSK,RSK,RPS6KA2
RSK,0.44416666666666665,49,KRSA,0.38790406673618355,2,AGC,RSK,RSK,RPS6KA3
RSK,0.44416666666666665,49,KRSA,0.38790406673618355,2,AGC,RSK,MSK,RPS6KA4
RSK,0.44416666666666665,49,KRSA,0.38790406673618355,2,AGC,RSK,MSK,RPS6KA5
RSK,0.44416666666666665,49,KRSA,0.38790406673618355,2,AGC,RSK,RSK,RPS6KA6
RSK,0.44416666666666665,49,KRSA,0.38790406673618355,2,AGC,RSK,P70,RPS6KB1
RSK,0.44416666666666665,49,KRSA,0.38790406673618355,2,AGC,RSK,P70,RPS6KB2
COT,0.02666666666666666,77,KRSA,0.02502606882168926,1,STE,STE-UNIQUE,STE-UNIQUE,MAP3K8
CK1,-1.275,17,KRSA,0.7883211678832117,4,CK1,CK1,CK1-A,CSNK1A1
CK1,-1.275,17,KRSA,0.7883211678832117,4,CK1,CK1,CK1-A,CSNK1A1L
CK1,-1.275,17,KRSA,0.7883211678832117,4,CK1,CK1,CK1-D,CSNK1D
CK1,-1.275,17,KRSA,0.7883211678832117,4,CK1,CK1,CK1-D,CSNK1E
CK1,-1.275,17,KRSA,0.7883211678832117,4,CK1,CK1,CK1-G,CSNK1G1
CK1,-1.275,17,KRSA,0.7883211678832117,4,CK1,CK1,CK1-G,CSNK1G2
CK1,-1.275,17,KRSA,0.7883211678832117,4,CK1,CK1,CK1-G,CSNK1G3
CK1,-1.275,17,KRSA,0.7883211678832117,4,CK1,TTBK,TTBK,TTBK1
CK1,-1.275,17,KRSA,0.7883211678832117,4,CK1,TTBK,TTBK,TTBK2
CK1,-1.275,17,KRSA,0.7883211678832117,4,CK1,VRK,VRK,VRK3
MELK,-0.05583333333333335,76,KRSA,0.03753910323253389,1,CAMK,CAMKL,MELK,MELK
AUR,1.0983333333333334,22,KRSA,0.7257559958289885,3,OTHER,AUR,AUR,AURKA
AUR,1.0983333333333334,22,KRSA,0.7257559958289885,3,OTHER,AUR,AUR,AURKB
AUR,1.0983333333333334,22,KRSA,0.7257559958289885,3,OTHER,AUR,AUR,AURKC
PKCA,0.4916666666666667,45,KRSA,0.43795620437956206,2,AGC,PKC,ALPHA,PRKCA
PKCA,0.4916666666666667,45,KRSA,0.43795620437956206,2,AGC,PKC,ALPHA,PRKCB
PKCA,0.4916666666666667,45,KRSA,0.43795620437956206,2,AGC,PKC,ALPHA,PRKCG
FRAY,-1.465833333333333,11,KRSA,0.8633993743482794,4,STE,STE20,FRAY,OXSR1
FRAY,-1.465833333333333,11,KRSA,0.8633993743482794,4,STE,STE20,FRAY,STK39
CHK1,0.545,43,KRSA,0.4629822732012513,2,CAMK,CAMKL,CHK1,CHEK1
BARK2,-0.45,48,KRSA,0.40041710114702816,2,AGC,GRK,BARK,GRK3
GSK,-0.1525,70,KRSA,0.11261730969760167,1,CMGC,GSK,GSK,GSK3A
GSK,-0.1525,70,KRSA,0.11261730969760167,1,CMGC,GSK,GSK,GSK3B
CK2,-0.01249999999999999,79,KRSA,0,1,CMGC,CK2,CK2,CSNK2A1
CK2,-0.01249999999999999,79,KRSA,0,1,CMGC,CK2,CK2,CSNK2A2
CK2,-0.01249999999999999,79,KRSA,0,1,NA,NA,NA,CSNK2A3
RAD53,0.13083333333333333,72,KRSA,0.08759124087591241,1,CAMK,RAD53,RAD53,CHEK2
SGK,0.43583333333333335,50,KRSA,0.36287799791449427,2,AGC,SGK,SGK,SGK1
SGK,0.43583333333333335,50,KRSA,0.36287799791449427,2,AGC,SGK,SGK,SGK2
SGK,0.43583333333333335,50,KRSA,0.36287799791449427,2,AGC,SGK,SGK,SGK3
PIM,0.15083333333333335,71,KRSA,0.10010427528675704,1,CAMK,PIM,PIM,PIM1
PIM,0.15083333333333335,71,KRSA,0.10010427528675704,1,CAMK,PIM,PIM,PIM2
PIM,0.15083333333333335,71,KRSA,0.10010427528675704,1,CAMK,PIM,PIM,PIM3
MLCK,-0.49583333333333335,44,KRSA,0.4504692387904067,2,CAMK,MLCK,MLCK,MYLK
MLCK,-0.49583333333333335,44,KRSA,0.4504692387904067,2,CAMK,MLCK,MLCK,MYLK2
MLCK,-0.49583333333333335,44,KRSA,0.4504692387904067,2,CAMK,MLCK,MLCK,TTN
PAKB,-0.065,74,KRSA,0.06256517205422316,1,STE,STE20,PAKB,PAK4
PAKB,-0.065,74,KRSA,0.06256517205422316,1,STE,STE20,PAKB,PAK5
PAKB,-0.065,74,KRSA,0.06256517205422316,1,STE,STE20,PAKB,PAK6
NUAK,-0.2925,61,KRSA,0.22523461939520334,1,CAMK,CAMKL,NUAK,NUAK1
NUAK,-0.2925,61,KRSA,0.22523461939520334,1,CAMK,CAMKL,NUAK,NUAK2
TTK,-0.3016666666666667,60,KRSA,0.23774765380604795,1,OTHER,TTK,TTK,TTK
NAK,-0.42583333333333334,51,KRSA,0.35036496350364965,2,OTHER,NAK,BIKE,AAK1
NAK,-0.42583333333333334,51,KRSA,0.35036496350364965,2,OTHER,NAK,BIKE,BMP2K
NAK,-0.42583333333333334,51,KRSA,0.35036496350364965,2,OTHER,NAK,GAK,GAK
NAK,-0.42583333333333334,51,KRSA,0.35036496350364965,2,OTHER,NAK,MPSK,STK16
PHK,0.2425,63,KRSA,0.20020855057351408,1,CAMK,PHK,PHK,PHKG1
PHK,0.2425,63,KRSA,0.20020855057351408,1,CAMK,PHK,PHK,PHKG2
IRAK,0.22583333333333333,65,KRSA,0.17518248175182483,1,TKL,IRAK,IRAK,IRAK1
IRAK,0.22583333333333333,65,KRSA,0.17518248175182483,1,TKL,IRAK,IRAK,IRAK2
IRAK,0.22583333333333333,65,KRSA,0.17518248175182483,1,TKL,IRAK,IRAK,IRAK3
IRAK,0.22583333333333333,65,KRSA,0.17518248175182483,1,TKL,IRAK,IRAK,IRAK4
HAL,0.06333333333333332,75,KRSA,0.05005213764337852,1,RGC,RGC,RGC,NPR1
PDHK,-1.1125,21,KRSA,0.7382690302398331,3,ATYPICAL,PDHK,BCKDK,BCKDK
PDHK,-1.1125,21,KRSA,0.7382690302398331,3,ATYPICAL,PDHK,PDHK,PDK2
PDHK,-1.1125,21,KRSA,0.7382690302398331,3,ATYPICAL,PDHK,PDHK,PDK3
PDHK,-1.1125,21,KRSA,0.7382690302398331,3,ATYPICAL,PDHK,PDHK,PDK4
PKCD,0.72,39,KRSA,0.5130344108446299,3,AGC,PKC,DELTA,PRKCD
PKCD,0.72,39,KRSA,0.5130344108446299,3,AGC,PKC,DELTA,PRKCQ
STKR,0.5675,42,KRSA,0.4754953076120959,2,TKL,STKR,TYPE1,ACVR1
STKR,0.5675,42,KRSA,0.4754953076120959,2,TKL,STKR,TYPE1,ACVR1B
STKR,0.5675,42,KRSA,0.4754953076120959,2,TKL,STKR,TYPE1,ACVR1C
STKR,0.5675,42,KRSA,0.4754953076120959,2,TKL,STKR,TYPE2,ACVR2A
STKR,0.5675,42,KRSA,0.4754953076120959,2,TKL,STKR,TYPE2,ACVR2B
STKR,0.5675,42,KRSA,0.4754953076120959,2,TKL,STKR,TYPE1,ACVRL1
STKR,0.5675,42,KRSA,0.4754953076120959,2,TKL,STKR,TYPE2,AMHR2
STKR,0.5675,42,KRSA,0.4754953076120959,2,TKL,STKR,TYPE1,BMPR1A
STKR,0.5675,42,KRSA,0.4754953076120959,2,TKL,STKR,TYPE1,BMPR1B
STKR,0.5675,42,KRSA,0.4754953076120959,2,TKL,STKR,TYPE2,BMPR2
STKR,0.5675,42,KRSA,0.4754953076120959,2,TKL,STKR,TYPE1,TGFBR1
STKR,0.5675,42,KRSA,0.4754953076120959,2,TKL,STKR,TYPE2,TGFBR2
PKCI,0.43583333333333335,50,KRSA,0.36287799791449427,2,AGC,PKC,IOTA,PRKCI
PKCI,0.43583333333333335,50,KRSA,0.36287799791449427,2,AGC,PKC,IOTA,PRKCZ
MAPKAPK,0.49166666666666664,46,KRSA,0.4254431699687174,2,CAMK,MAPKAPK,MAPKAPK,MAPKAPK2
MAPKAPK,0.49166666666666664,46,KRSA,0.4254431699687174,2,CAMK,MAPKAPK,MAPKAPK,MAPKAPK3
MAPKAPK,0.49166666666666664,46,KRSA,0.4254431699687174,2,CAMK,MAPKAPK,MAPKAPK,MAPKAPK5
MAPKAPK,0.49166666666666664,46,KRSA,0.4254431699687174,2,CAMK,MAPKAPK,MNK,MKNK1
MAPKAPK,0.49166666666666664,46,KRSA,0.4254431699687174,2,CAMK,MAPKAPK,MNK,MKNK2
PKG,1.8525,2,KRSA,0.9760166840458812,4,AGC,PKG,PKG,PRKG1
PKG,1.8525,2,KRSA,0.9760166840458812,4,AGC,PKG,PKG,PRKG2
STE7,-1.66,6,KRSA,0.9259645464025026,4,STE,STE7,MEK1,MAP2K1
STE7,-1.66,6,KRSA,0.9259645464025026,4,STE,STE7,MEK1,MAP2K2
STE7,-1.66,6,KRSA,0.9259645464025026,4,STE,STE7,MEK3,MAP2K3
STE7,-1.66,6,KRSA,0.9259645464025026,4,STE,STE7,MEK4,MAP2K4
STE7,-1.66,6,KRSA,0.9259645464025026,4,STE,STE7,MEK5,MAP2K5
STE7,-1.66,6,KRSA,0.9259645464025026,4,STE,STE7,MEK3,MAP2K6
STE7,-1.66,6,KRSA,0.9259645464025026,4,STE,STE7,MEK7,MAP2K7
QIK,-1.255,18,KRSA,0.7758081334723671,4,CAMK,CAMKL,QIK,SIK1
QIK,-1.255,18,KRSA,0.7758081334723671,4,CAMK,CAMKL,QIK,SIK2
DYRK,-1.2141666666666666,19,KRSA,0.7632950990615224,4,CMGC,DYRK,DYRK1,DYRK1A
DYRK,-1.2141666666666666,19,KRSA,0.7632950990615224,4,CMGC,DYRK,DYRK1,DYRK1B
DYRK,-1.2141666666666666,19,KRSA,0.7632950990615224,4,CMGC,DYRK,DYRK2,DYRK2
DYRK,-1.2141666666666666,19,KRSA,0.7632950990615224,4,CMGC,DYRK,DYRK2,DYRK3
DYRK,-1.2141666666666666,19,KRSA,0.7632950990615224,4,CMGC,DYRK,DYRK2,DYRK4
DYRK,-1.2141666666666666,19,KRSA,0.7632950990615224,4,CMGC,DYRK,HIPK,HIPK1
DYRK,-1.2141666666666666,19,KRSA,0.7632950990615224,4,CMGC,DYRK,HIPK,HIPK2
DYRK,-1.2141666666666666,19,KRSA,0.7632950990615224,4,CMGC,DYRK,HIPK,HIPK3
DYRK,-1.2141666666666666,19,KRSA,0.7632950990615224,4,CMGC,DYRK,HIPK,HIPK4
DYRK,-1.2141666666666666,19,KRSA,0.7632950990615224,4,CMGC,DYRK,PRP4,PRPF4B
RAF,-0.9583333333333334,30,KRSA,0.6256517205422315,3,TKL,RAF,RAF,ARAF
RAF,-0.9583333333333334,30,KRSA,0.6256517205422315,3,TKL,RAF,RAF,BRAF
RAF,-0.9583333333333334,30,KRSA,0.6256517205422315,3,TKL,RAF,KSR,KSR1
RAF,-0.9583333333333334,30,KRSA,0.6256517205422315,3,TKL,RAF,KSR,KSR2
RAF,-0.9583333333333334,30,KRSA,0.6256517205422315,3,TKL,RAF,RAF,RAF1
DAPK,1.1891666666666667,20,KRSA,0.7507820646506778,4,CAMK,DAPK,DAPK,DAPK1
DAPK,1.1891666666666667,20,KRSA,0.7507820646506778,4,CAMK,DAPK,DAPK,DAPK2
DAPK,1.1891666666666667,20,KRSA,0.7507820646506778,4,CAMK,DAPK,DAPK,DAPK3
DAPK,1.1891666666666667,20,KRSA,0.7507820646506778,4,CAMK,DAPK,DRAK,STK17A
DAPK,1.1891666666666667,20,KRSA,0.7507820646506778,4,CAMK,DAPK,DRAK,STK17B
VRK1,-0.885,32,KRSA,0.6006256517205423,3,CK1,VRK,VRK,VRK1
PRKDC,-0.9908333333333332,28,KRSA,0.6506777893639207,3,ATYPICAL,PIKK,DNAPK,PRKDC
ERK,-1.909166666666667,1,KRSA,0.9885297184567258,4,CMGC,MAPK,ERK1,MAPK1
ERK,-1.909166666666667,1,KRSA,0.9885297184567258,4,CMGC,MAPK,ERK7,MAPK15
ERK,-1.909166666666667,1,KRSA,0.9885297184567258,4,CMGC,MAPK,ERK1,MAPK3
ERK,-1.909166666666667,1,KRSA,0.9885297184567258,4,CMGC,MAPK,ERK3,MAPK4
ERK,-1.909166666666667,1,KRSA,0.9885297184567258,4,CMGC,MAPK,ERK3,MAPK6
ERK,-1.909166666666667,1,KRSA,0.9885297184567258,4,CMGC,MAPK,ERK5,MAPK7
PEK,-1.65,7,KRSA,0.913451511991658,4,OTHER,PEK,HRI,EIF2AK1
PEK,-1.65,7,KRSA,0.913451511991658,4,OTHER,PEK,PKR,EIF2AK2
PEK,-1.65,7,KRSA,0.913451511991658,4,OTHER,PEK,PEK,EIF2AK3
PEK,-1.65,7,KRSA,0.913451511991658,4,OTHER,PEK,GCN2,EIF2AK4
NMO,-1.7591666666666663,3,KRSA,0.9635036496350365,4,CMGC,MAPK,NMO,NLK
CDK,-1.33,15,KRSA,0.8133472367049009,4,CMGC,CDK,CDC2,CDK1
CDK,-1.33,15,KRSA,0.8133472367049009,4,CMGC,CDK,CDK10,CDK10
CDK,-1.33,15,KRSA,0.8133472367049009,4,CMGC,CDK,CRK7,CDK12
CDK,-1.33,15,KRSA,0.8133472367049009,4,CMGC,CDK,CRK7,CDK13
CDK,-1.33,15,KRSA,0.8133472367049009,4,CMGC,CDK,PFTAIRE,CDK14
CDK,-1.33,15,KRSA,0.8133472367049009,4,CMGC,CDK,PFTAIRE,CDK15
CDK,-1.33,15,KRSA,0.8133472367049009,4,CMGC,CDK,PCTAIRE,CDK16
CDK,-1.33,15,KRSA,0.8133472367049009,4,CMGC,CDK,PCTAIRE,CDK17
CDK,-1.33,15,KRSA,0.8133472367049009,4,CMGC,CDK,PCTAIRE,CDK18
CDK,-1.33,15,KRSA,0.8133472367049009,4,CMGC,CDK,CDK8,CDK19
CDK,-1.33,15,KRSA,0.8133472367049009,4,CMGC,CDK,CDC2,CDK2
CDK,-1.33,15,KRSA,0.8133472367049009,4,CMGC,CDK,CCRK,CDK20
CDK,-1.33,15,KRSA,0.8133472367049009,4,CMGC,CDK,CDC2,CDK3
CDK,-1.33,15,KRSA,0.8133472367049009,4,CMGC,CDK,CDK4,CDK4
CDK,-1.33,15,KRSA,0.8133472367049009,4,CMGC,CDK,CDK5,CDK5
CDK,-1.33,15,KRSA,0.8133472367049009,4,CMGC,CDK,CDK4,CDK6
CDK,-1.33,15,KRSA,0.8133472367049009,4,CMGC,CDK,CDK7,CDK7
CDK,-1.33,15,KRSA,0.8133472367049009,4,CMGC,CDK,CDK8,CDK8
CDK,-1.33,15,KRSA,0.8133472367049009,4,CMGC,CDK,CDK9,CDK9
CDK,-1.33,15,KRSA,0.8133472367049009,4,NA,NA,NA,CDK11A
CDK,-1.33,15,KRSA,0.8133472367049009,4,NA,NA,NA,CDK11B
ATM,-0.9458333333333332,31,KRSA,0.6131386861313869,3,ATYPICAL,PIKK,ATM,ATM
PKA,1.669166666666667,5,KRSA,0.9384775808133472,4,AGC,PKA,PKA,PRKACA
PKA,1.669166666666667,5,KRSA,0.9384775808133472,4,AGC,PKA,PKA,PRKACB
PKA,1.669166666666667,5,KRSA,0.9384775808133472,4,AGC,PKA,PKA,PRKACG
PKA,1.669166666666667,5,KRSA,0.9384775808133472,4,AGC,PKA,PKA,PRKX
PKA,1.669166666666667,5,KRSA,0.9384775808133472,4,AGC,PKA,PKA,PRKY
AKT,1.0566666666666666,24,KRSA,0.7007299270072993,3,AGC,AKT,AKT,AKT1
AKT,1.0566666666666666,24,KRSA,0.7007299270072993,3,AGC,AKT,AKT,AKT2
AKT,1.0566666666666666,24,KRSA,0.7007299270072993,3,AGC,AKT,AKT,AKT3
JNK,-1.475,10,KRSA,0.8759124087591241,4,CMGC,MAPK,JNK,MAPK10
JNK,-1.475,10,KRSA,0.8759124087591241,4,CMGC,MAPK,JNK,MAPK8
JNK,-1.475,10,KRSA,0.8759124087591241,4,CMGC,MAPK,JNK,MAPK9
DMPK,1.4016666666666666,14,KRSA,0.8258602711157456,4,AGC,DMPK,GEK,CDC42BPA
DMPK,1.4016666666666666,14,KRSA,0.8258602711157456,4,AGC,DMPK,GEK,CDC42BPB
DMPK,1.4016666666666666,14,KRSA,0.8258602711157456,4,AGC,DMPK,GEK,CDC42BPG
DMPK,1.4016666666666666,14,KRSA,0.8258602711157456,4,AGC,DMPK,CRIK,CIT
DMPK,1.4016666666666666,14,KRSA,0.8258602711157456,4,AGC,DMPK,GEK,DMPK
DMPK,1.4016666666666666,14,KRSA,0.8258602711157456,4,AGC,DMPK,ROCK,ROCK1
DMPK,1.4016666666666666,14,KRSA,0.8258602711157456,4,AGC,DMPK,ROCK,ROCK2
CAMK1,0.9666666666666668,29,KRSA,0.6381647549530761,3,CAMK,CAMK1,CAMK1,CAMK1
CAMK1,0.9666666666666668,29,KRSA,0.6381647549530761,3,CAMK,CAMK1,CAMK1,CAMK1D
CAMK1,0.9666666666666668,29,KRSA,0.6381647549530761,3,CAMK,CAMK1,CAMK1,CAMK1G
CAMK1,0.9666666666666668,29,KRSA,0.6381647549530761,3,CAMK,CAMK1,CAMK1,CAMK4
CAMK1,0.9666666666666668,29,KRSA,0.6381647549530761,3,CAMK,CAMK1,CAMK1,PNCK
PLK,-0.86,34,KRSA,0.5755995828988529,3,NA,NA,NA,PLK5
PLK,-0.86,34,KRSA,0.5755995828988529,3,OTHER,PLK,PLK1,PLK1
PLK,-0.86,34,KRSA,0.5755995828988529,3,OTHER,PLK,PLK2,PLK2
PLK,-0.86,34,KRSA,0.5755995828988529,3,OTHER,PLK,PLK2,PLK3
PLK,-0.86,34,KRSA,0.5755995828988529,3,OTHER,PLK,SAK,PLK4
PKCA,0.4916666666666667,45,KRSA,0.43795620437956206,2,AGC,PKC,ALPHA,PRKCA
PKCA,0.4916666666666667,45,KRSA,0.43795620437956206,2,AGC,PKC,ALPHA,PRKCB
PKCA,0.4916666666666667,45,KRSA,0.43795620437956206,2,AGC,PKC,ALPHA,PRKCG
PKN,-0.2025,68,KRSA,0.13764337851929093,1,AGC,PKN,PKN,PKN1
PKN,-0.2025,68,KRSA,0.13764337851929093,1,AGC,PKN,PKN,PKN2
PKN,-0.2025,68,KRSA,0.13764337851929093,1,AGC,PKN,PKN,PKN3
PKCH,-0.595,41,KRSA,0.4880083420229406,2,AGC,PKC,ETA,PRKCE
PKCH,-0.595,41,KRSA,0.4880083420229406,2,AGC,PKC,ETA,PRKCH
P38,-1.045,25,KRSA,0.6882168925964547,3,CMGC,MAPK,P38,MAPK11
P38,-1.045,25,KRSA,0.6882168925964547,3,CMGC,MAPK,P38,MAPK12
P38,-1.045,25,KRSA,0.6882168925964547,3,CMGC,MAPK,P38,MAPK13
P38,-1.045,25,KRSA,0.6882168925964547,3,CMGC,MAPK,P38,MAPK14
RSK,0.44416666666666665,49,KRSA,0.38790406673618355,2,AGC,RSK,RSK,RPS6KA1
RSK,0.44416666666666665,49,KRSA,0.38790406673618355,2,AGC,RSK,RSK,RPS6KA2
RSK,0.44416666666666665,49,KRSA,0.38790406673618355,2,AGC,RSK,RSK,RPS6KA3
RSK,0.44416666666666665,49,KRSA,0.38790406673618355,2,AGC,RSK,MSK,RPS6KA4
RSK,0.44416666666666665,49,KRSA,0.38790406673618355,2,AGC,RSK,MSK,RPS6KA5
RSK,0.44416666666666665,49,KRSA,0.38790406673618355,2,AGC,RSK,RSK,RPS6KA6
RSK,0.44416666666666665,49,KRSA,0.38790406673618355,2,AGC,RSK,P70,RPS6KB1
RSK,0.44416666666666665,49,KRSA,0.38790406673618355,2,AGC,RSK,P70,RPS6KB2
RIPK,1.4966666666666666,9,KRSA,0.8884254431699687,4,TKL,RIPK,RIPK,ANKK1
RIPK,1.4966666666666666,9,KRSA,0.8884254431699687,4,TKL,RIPK,RIPK,RIPK1
RIPK,1.4966666666666666,9,KRSA,0.8884254431699687,4,TKL,RIPK,RIPK,RIPK2
RIPK,1.4966666666666666,9,KRSA,0.8884254431699687,4,TKL,RIPK,RIPK,RIPK3
RIPK,1.4966666666666666,9,KRSA,0.8884254431699687,4,TKL,RIPK,RIPK,RIPK4
AMPK,0.1875,69,KRSA,0.1251303441084463,1,CAMK,CAMKL,AMPK,PRKAA1
AMPK,0.1875,69,KRSA,0.1251303441084463,1,CAMK,CAMKL,AMPK,PRKAA2
TTK,-0.3016666666666667,60,KRSA,0.23774765380604795,1,OTHER,TTK,TTK,TTK
TLK,-1.044166666666667,26,KRSA,0.67570385818561,3,OTHER,TLK,TLK,TLK1
TLK,-1.044166666666667,26,KRSA,0.67570385818561,3,OTHER,TLK,TLK,TLK2
NUAK,-0.2925,61,KRSA,0.22523461939520334,1,CAMK,CAMKL,NUAK,NUAK1
NUAK,-0.2925,61,KRSA,0.22523461939520334,1,CAMK,CAMKL,NUAK,NUAK2
LKB,-0.8708333333333333,33,KRSA,0.5881126173096975,3,CAMK,CAMKL,LKB,STK11
NEK,-1.5566666666666666,8,KRSA,0.9009384775808134,4,OTHER,NEK,NEK11,NEK11
NEK,-1.5566666666666666,8,KRSA,0.9009384775808134,4,OTHER,NEK,NEK2,NEK2
NEK,-1.5566666666666666,8,KRSA,0.9009384775808134,4,OTHER,NEK,NEK1,NEK3
NEK,-1.5566666666666666,8,KRSA,0.9009384775808134,4,OTHER,NEK,NEK4,NEK4
NEK,-1.5566666666666666,8,KRSA,0.9009384775808134,4,OTHER,NEK,NEK1,NEK5
NEK,-1.5566666666666666,8,KRSA,0.9009384775808134,4,OTHER,NEK,NEK6,NEK6
NEK,-1.5566666666666666,8,KRSA,0.9009384775808134,4,OTHER,NEK,NEK6,NEK7
NEK,-1.5566666666666666,8,KRSA,0.9009384775808134,4,OTHER,NEK,NEK8,NEK8
NEK,-1.5566666666666666,8,KRSA,0.9009384775808134,4,OTHER,NEK,NEK8,NEK9
ATR,-0.6258333333333334,40,KRSA,0.5005213764337852,3,ATYPICAL,PIKK,ATR,ATR
MSN,1.315,16,KRSA,0.8008342022940563,4,STE,STE20,MSN,MAP4K4
MSN,1.315,16,KRSA,0.8008342022940563,4,STE,STE20,MSN,NRK
MSN,1.315,16,KRSA,0.8008342022940563,4,STE,STE20,MSN,TNIK
FRAY,-1.465833333333333,11,KRSA,0.8633993743482794,4,STE,STE20,FRAY,OXSR1
FRAY,-1.465833333333333,11,KRSA,0.8633993743482794,4,STE,STE20,FRAY,STK39
CAMKK,1.455833333333333,12,KRSA,0.8508863399374348,4,OTHER,CAMKK,META,CAMKK1
CAMKK,1.455833333333333,12,KRSA,0.8508863399374348,4,OTHER,CAMKK,META,CAMKK2
KHS,-0.22666666666666663,64,KRSA,0.18769551616266944,1,STE,STE20,KHS,MAP4K1
KHS,-0.22666666666666663,64,KRSA,0.18769551616266944,1,STE,STE20,KHS,MAP4K2
KHS,-0.22666666666666663,64,KRSA,0.18769551616266944,1,STE,STE20,KHS,MAP4K3
KHS,-0.22666666666666663,64,KRSA,0.18769551616266944,1,STE,STE20,KHS,MAP4K5
MTOR,-0.09166666666666667,73,KRSA,0.07507820646506778,1,ATYPICAL,PIKK,FRAP,MTOR
PIM,0.15083333333333335,71,KRSA,0.10010427528675704,1,CAMK,PIM,PIM,PIM1
PIM,0.15083333333333335,71,KRSA,0.10010427528675704,1,CAMK,PIM,PIM,PIM2
PIM,0.15083333333333335,71,KRSA,0.10010427528675704,1,CAMK,PIM,PIM,PIM3
SLK,1.0633333333333332,23,KRSA,0.7132429614181439,3,STE,STE20,SLK,SLK
SLK,1.0633333333333332,23,KRSA,0.7132429614181439,3,STE,STE20,SLK,STK10
CK1,-1.275,17,KRSA,0.7883211678832117,4,CK1,CK1,CK1-A,CSNK1A1
CK1,-1.275,17,KRSA,0.7883211678832117,4,CK1,CK1,CK1-A,CSNK1A1L
CK1,-1.275,17,KRSA,0.7883211678832117,4,CK1,CK1,CK1-D,CSNK1D
CK1,-1.275,17,KRSA,0.7883211678832117,4,CK1,CK1,CK1-D,CSNK1E
CK1,-1.275,17,KRSA,0.7883211678832117,4,CK1,CK1,CK1-G,CSNK1G1
CK1,-1.275,17,KRSA,0.7883211678832117,4,CK1,CK1,CK1-G,CSNK1G2
CK1,-1.275,17,KRSA,0.7883211678832117,4,CK1,CK1,CK1-G,CSNK1G3
CK1,-1.275,17,KRSA,0.7883211678832117,4,CK1,TTBK,TTBK,TTBK1
CK1,-1.275,17,KRSA,0.7883211678832117,4,CK1,TTBK,TTBK,TTBK2
CK1,-1.275,17,KRSA,0.7883211678832117,4,CK1,VRK,VRK,VRK3
TAO,0.3175,58,KRSA,0.26277372262773724,2,STE,STE20,TAO,TAOK1
TAO,0.3175,58,KRSA,0.26277372262773724,2,STE,STE20,TAO,TAOK2
TAO,0.3175,58,KRSA,0.26277372262773724,2,STE,STE20,TAO,TAOK3
WNK,-0.3975,53,KRSA,0.32533889468196037,2,OTHER,WNK,WNK,WNK1
WNK,-0.3975,53,KRSA,0.32533889468196037,2,OTHER,WNK,WNK,WNK2
WNK,-0.3975,53,KRSA,0.32533889468196037,2,OTHER,WNK,WNK,WNK3
WNK,-0.3975,53,KRSA,0.32533889468196037,2,OTHER,WNK,WNK,WNK4
PASK,1.4433333333333334,13,KRSA,0.8383733055265902,4,CAMK,CAMKL,PASK,PASK
STE11,-0.3466666666666667,56,KRSA,0.28779979144942647,2,TKL,MLK,TAK1,MAP3K7
STE11,-0.3466666666666667,56,KRSA,0.28779979144942647,2,STE,STE11,MEKK1,MAP3K1
STE11,-0.3466666666666667,56,KRSA,0.28779979144942647,2,STE,STE11,ASK,MAP3K15
STE11,-0.3466666666666667,56,KRSA,0.28779979144942647,2,STE,STE11,MEKK2,MAP3K2
STE11,-0.3466666666666667,56,KRSA,0.28779979144942647,2,STE,STE11,MEKK2,MAP3K3
STE11,-0.3466666666666667,56,KRSA,0.28779979144942647,2,STE,STE11,MEKK4,MAP3K4
STE11,-0.3466666666666667,56,KRSA,0.28779979144942647,2,STE,STE11,ASK,MAP3K5
STE11,-0.3466666666666667,56,KRSA,0.28779979144942647,2,STE,STE11,ASK,MAP3K6
MOS,1.0433333333333332,27,KRSA,0.6631908237747653,3,OTHER,MOS,MOS,MOS
PDK1,-1.7266666666666666,4,KRSA,0.9509906152241918,4,ATYPICAL,PDHK,PDHK,PDK1
PDK1,-1.7266666666666666,4,KRSA,0.9509906152241918,4,AGC,PDK1,PDK1,PDPK1
BUD32,0.31416666666666665,59,KRSA,0.2502606882168926,2,OTHER,BUD32,BUD32,TP53RK
ULK,-0.7433333333333333,36,KRSA,0.5505735140771637,3,OTHER,ULK,FUSED,STK36
ULK,-0.7433333333333333,36,KRSA,0.5505735140771637,3,OTHER,ULK,ULK,ULK1
ULK,-0.7433333333333333,36,KRSA,0.5505735140771637,3,OTHER,ULK,ULK,ULK2
ULK,-0.7433333333333333,36,KRSA,0.5505735140771637,3,OTHER,ULK,ULK,ULK3
ULK,-0.7433333333333333,36,KRSA,0.5505735140771637,3,OTHER,ULK,ULK,ULK4
CLK,-0.7325,37,KRSA,0.5380604796663191,3,CMGC,CLK,CLK,CLK1
CLK,-0.7325,37,KRSA,0.5380604796663191,3,CMGC,CLK,CLK,CLK2
CLK,-0.7325,37,KRSA,0.5380604796663191,3,CMGC,CLK,CLK,CLK3
CLK,-0.7325,37,KRSA,0.5380604796663191,3,CMGC,CLK,CLK,CLK4
IKK,0.02499999999999999,78,KRSA,0.01251303441084463,1,OTHER,IKK,IKK,CHUK
IKK,0.02499999999999999,78,KRSA,0.01251303441084463,1,OTHER,IKK,IKK,IKBKB
IKK,0.02499999999999999,78,KRSA,0.01251303441084463,1,OTHER,IKK,IKK,IKBKE
IKK,0.02499999999999999,78,KRSA,0.01251303441084463,1,OTHER,IKK,IKK,TBK1
GRK,0.21666666666666667,67,KRSA,0.15015641293013557,1,AGC,GRK,GRK,GRK1
GRK,0.21666666666666667,67,KRSA,0.15015641293013557,1,AGC,GRK,GRK,GRK4
GRK,0.21666666666666667,67,KRSA,0.15015641293013557,1,AGC,GRK,GRK,GRK5
GRK,0.21666666666666667,67,KRSA,0.15015641293013557,1,AGC,GRK,GRK,GRK6
GRK,0.21666666666666667,67,KRSA,0.15015641293013557,1,AGC,GRK,GRK,GRK7
BRSK,0.3416666666666667,57,KRSA,0.27528675703858185,2,CAMK,CAMKL,BRSK,BRSK1
BRSK,0.3416666666666667,57,KRSA,0.27528675703858185,2,CAMK,CAMKL,BRSK,BRSK2
NIK,-0.7291666666666666,38,KRSA,0.5255474452554745,3,STE,STE-UNIQUE,STE-UNIQUE,MAP3K14
SGK,0.43583333333333335,50,KRSA,0.36287799791449427,2,AGC,SGK,SGK,SGK1
SGK,0.43583333333333335,50,KRSA,0.36287799791449427,2,AGC,SGK,SGK,SGK2
SGK,0.43583333333333335,50,KRSA,0.36287799791449427,2,AGC,SGK,SGK,SGK3
PKD,0.35583333333333333,55,KRSA,0.30031282586027114,2,CAMK,PKD,PKD,PRKD1
PKD,0.35583333333333333,55,KRSA,0.30031282586027114,2,CAMK,PKD,PKD,PRKD2
PKD,0.35583333333333333,55,KRSA,0.30031282586027114,2,CAMK,PKD,PKD,PRKD3
MLK,0.4066666666666667,52,KRSA,0.337851929092805,2,TKL,MLK,ILK,ILK
MLK,0.4066666666666667,52,KRSA,0.337851929092805,2,TKL,MLK,MLK,MAP3K10
MLK,0.4066666666666667,52,KRSA,0.337851929092805,2,TKL,MLK,MLK,MAP3K11
MLK,0.4066666666666667,52,KRSA,0.337851929092805,2,TKL,MLK,LZK,MAP3K12
MLK,0.4066666666666667,52,KRSA,0.337851929092805,2,TKL,MLK,LZK,MAP3K13
MLK,0.4066666666666667,52,KRSA,0.337851929092805,2,TKL,MLK,MLK,MAP3K9
MLK,0.4066666666666667,52,KRSA,0.337851929092805,2,TKL,MLK,HH498,TNNI3K
GSK,-0.1525,70,KRSA,0.11261730969760167,1,CMGC,GSK,GSK,GSK3A
GSK,-0.1525,70,KRSA,0.11261730969760167,1,CMGC,GSK,GSK,GSK3B
BARK2,-0.45,48,KRSA,0.40041710114702816,2,AGC,GRK,BARK,GRK3
MST,-0.4558333333333333,47,KRSA,0.4129301355578728,2,STE,STE20,MST,STK3
MST,-0.4558333333333333,47,KRSA,0.4129301355578728,2,STE,STE20,MST,STK4
AUR,1.0983333333333334,22,KRSA,0.7257559958289885,3,OTHER,AUR,AUR,AURKA
AUR,1.0983333333333334,22,KRSA,0.7257559958289885,3,OTHER,AUR,AUR,AURKB
AUR,1.0983333333333334,22,KRSA,0.7257559958289885,3,OTHER,AUR,AUR,AURKC
NDR,0.29083333333333333,62,KRSA,0.2127215849843587,1,AGC,NDR,NDR,LATS1
NDR,0.29083333333333333,62,KRSA,0.2127215849843587,1,AGC,NDR,NDR,LATS2
NDR,0.29083333333333333,62,KRSA,0.2127215849843587,1,AGC,NDR,NDR,STK38
NDR,0.29083333333333333,62,KRSA,0.2127215849843587,1,AGC,NDR,NDR,STK38L
CAMK2,-0.21916666666666668,66,KRSA,0.16266944734098018,1,CAMK,CAMK2,CAMK2,CAMK2A
CAMK2,-0.21916666666666668,66,KRSA,0.16266944734098018,1,CAMK,CAMK2,CAMK2,CAMK2B
CAMK2,-0.21916666666666668,66,KRSA,0.16266944734098018,1,CAMK,CAMK2,CAMK2,CAMK2D
CAMK2,-0.21916666666666668,66,KRSA,0.16266944734098018,1,CAMK,CAMK2,CAMK2,CAMK2G
STKR,0.5675,42,KRSA,0.4754953076120959,2,TKL,STKR,TYPE1,ACVR1
STKR,0.5675,42,KRSA,0.4754953076120959,2,TKL,STKR,TYPE1,ACVR1B
STKR,0.5675,42,KRSA,0.4754953076120959,2,TKL,STKR,TYPE1,ACVR1C
STKR,0.5675,42,KRSA,0.4754953076120959,2,TKL,STKR,TYPE2,ACVR2A
STKR,0.5675,42,KRSA,0.4754953076120959,2,TKL,STKR,TYPE2,ACVR2B
STKR,0.5675,42,KRSA,0.4754953076120959,2,TKL,STKR,TYPE1,ACVRL1
STKR,0.5675,42,KRSA,0.4754953076120959,2,TKL,STKR,TYPE2,AMHR2
STKR,0.5675,42,KRSA,0.4754953076120959,2,TKL,STKR,TYPE1,BMPR1A
STKR,0.5675,42,KRSA,0.4754953076120959,2,TKL,STKR,TYPE1,BMPR1B
STKR,0.5675,42,KRSA,0.4754953076120959,2,TKL,STKR,TYPE2,BMPR2
STKR,0.5675,42,KRSA,0.4754953076120959,2,TKL,STKR,TYPE1,TGFBR1
STKR,0.5675,42,KRSA,0.4754953076120959,2,TKL,STKR,TYPE2,TGFBR2
MLCK,-0.49583333333333335,44,KRSA,0.4504692387904067,2,CAMK,MLCK,MLCK,MYLK
MLCK,-0.49583333333333335,44,KRSA,0.4504692387904067,2,CAMK,MLCK,MLCK,MYLK2
MLCK,-0.49583333333333335,44,KRSA,0.4504692387904067,2,CAMK,MLCK,MLCK,TTN
CHK1,0.545,43,KRSA,0.4629822732012513,2,CAMK,CAMKL,CHK1,CHEK1
PKCI,0.43583333333333335,50,KRSA,0.36287799791449427,2,AGC,PKC,IOTA,PRKCI
PKCI,0.43583333333333335,50,KRSA,0.36287799791449427,2,AGC,PKC,IOTA,PRKCZ
PAKA,-0.8558333333333333,35,KRSA,0.5630865484880083,3,STE,STE20,PAKA,PAK1
PAKA,-0.8558333333333333,35,KRSA,0.5630865484880083,3,STE,STE20,PAKA,PAK2
PAKA,-0.8558333333333333,35,KRSA,0.5630865484880083,3,STE,STE20,PAKA,PAK3
MELK,-0.05583333333333335,76,KRSA,0.03753910323253389,1,CAMK,CAMKL,MELK,MELK
IRAK,0.22583333333333333,65,KRSA,0.17518248175182483,1,TKL,IRAK,IRAK,IRAK1
IRAK,0.22583333333333333,65,KRSA,0.17518248175182483,1,TKL,IRAK,IRAK,IRAK2
IRAK,0.22583333333333333,65,KRSA,0.17518248175182483,1,TKL,IRAK,IRAK,IRAK3
IRAK,0.22583333333333333,65,KRSA,0.17518248175182483,1,TKL,IRAK,IRAK,IRAK4
COT,0.02666666666666666,77,KRSA,0.02502606882168926,1,STE,STE-UNIQUE,STE-UNIQUE,MAP3K8
PDHK,-1.1125,21,KRSA,0.7382690302398331,3,ATYPICAL,PDHK,BCKDK,BCKDK
PDHK,-1.1125,21,KRSA,0.7382690302398331,3,ATYPICAL,PDHK,PDHK,PDK2
PDHK,-1.1125,21,KRSA,0.7382690302398331,3,ATYPICAL,PDHK,PDHK,PDK3
PDHK,-1.1125,21,KRSA,0.7382690302398331,3,ATYPICAL,PDHK,PDHK,PDK4
CK2,-0.01249999999999999,79,KRSA,0,1,CMGC,CK2,CK2,CSNK2A1
CK2,-0.01249999999999999,79,KRSA,0,1,CMGC,CK2,CK2,CSNK2A2
CK2,-0.01249999999999999,79,KRSA,0,1,NA,NA,NA,CSNK2A3
PAKB,-0.065,74,KRSA,0.06256517205422316,1,STE,STE20,PAKB,PAK4
PAKB,-0.065,74,KRSA,0.06256517205422316,1,STE,STE20,PAKB,PAK5
PAKB,-0.065,74,KRSA,0.06256517205422316,1,STE,STE20,PAKB,PAK6
PHK,0.2425,63,KRSA,0.20020855057351408,1,CAMK,PHK,PHK,PHKG1
PHK,0.2425,63,KRSA,0.20020855057351408,1,CAMK,PHK,PHK,PHKG2
MAPKAPK,0.49166666666666664,46,KRSA,0.4254431699687174,2,CAMK,MAPKAPK,MAPKAPK,MAPKAPK2
MAPKAPK,0.49166666666666664,46,KRSA,0.4254431699687174,2,CAMK,MAPKAPK,MAPKAPK,MAPKAPK3
MAPKAPK,0.49166666666666664,46,KRSA,0.4254431699687174,2,CAMK,MAPKAPK,MAPKAPK,MAPKAPK5
MAPKAPK,0.49166666666666664,46,KRSA,0.4254431699687174,2,CAMK,MAPKAPK,MNK,MKNK1
MAPKAPK,0.49166666666666664,46,KRSA,0.4254431699687174,2,CAMK,MAPKAPK,MNK,MKNK2
HAL,0.06333333333333332,75,KRSA,0.05005213764337852,1,RGC,RGC,RGC,NPR1
NAK,-0.42583333333333334,51,KRSA,0.35036496350364965,2,OTHER,NAK,BIKE,AAK1
NAK,-0.42583333333333334,51,KRSA,0.35036496350364965,2,OTHER,NAK,BIKE,BMP2K
NAK,-0.42583333333333334,51,KRSA,0.35036496350364965,2,OTHER,NAK,GAK,GAK
NAK,-0.42583333333333334,51,KRSA,0.35036496350364965,2,OTHER,NAK,MPSK,STK16
RAD53,0.13083333333333333,72,KRSA,0.08759124087591241,1,CAMK,RAD53,RAD53,CHEK2
PKCD,0.72,39,KRSA,0.5130344108446299,3,AGC,PKC,DELTA,PRKCD
PKCD,0.72,39,KRSA,0.5130344108446299,3,AGC,PKC,DELTA,PRKCQ
PKG,1.8525,2,KRSA,0.9760166840458812,4,AGC,PKG,PKG,PRKG1
PKG,1.8525,2,KRSA,0.9760166840458812,4,AGC,PKG,PKG,PRKG2
PKA,1.669166666666667,5,KRSA,0.9384775808133472,4,AGC,PKA,PKA,PRKACA
PKA,1.669166666666667,5,KRSA,0.9384775808133472,4,AGC,PKA,PKA,PRKACB
PKA,1.669166666666667,5,KRSA,0.9384775808133472,4,AGC,PKA,PKA,PRKACG
PKA,1.669166666666667,5,KRSA,0.9384775808133472,4,AGC,PKA,PKA,PRKX
PKA,1.669166666666667,5,KRSA,0.9384775808133472,4,AGC,PKA,PKA,PRKY
PEK,-1.65,7,KRSA,0.913451511991658,4,OTHER,PEK,HRI,EIF2AK1
PEK,-1.65,7,KRSA,0.913451511991658,4,OTHER,PEK,PKR,EIF2AK2
PEK,-1.65,7,KRSA,0.913451511991658,4,OTHER,PEK,PEK,EIF2AK3
PEK,-1.65,7,KRSA,0.913451511991658,4,OTHER,PEK,GCN2,EIF2AK4
AKT,1.0566666666666666,24,KRSA,0.7007299270072993,3,AGC,AKT,AKT,AKT1
AKT,1.0566666666666666,24,KRSA,0.7007299270072993,3,AGC,AKT,AKT,AKT2
AKT,1.0566666666666666,24,KRSA,0.7007299270072993,3,AGC,AKT,AKT,AKT3
ERK,-1.909166666666667,1,KRSA,0.9885297184567258,4,CMGC,MAPK,ERK1,MAPK1
ERK,-1.909166666666667,1,KRSA,0.9885297184567258,4,CMGC,MAPK,ERK7,MAPK15
ERK,-1.909166666666667,1,KRSA,0.9885297184567258,4,CMGC,MAPK,ERK1,MAPK3
ERK,-1.909166666666667,1,KRSA,0.9885297184567258,4,CMGC,MAPK,ERK3,MAPK4
ERK,-1.909166666666667,1,KRSA,0.9885297184567258,4,CMGC,MAPK,ERK3,MAPK6
ERK,-1.909166666666667,1,KRSA,0.9885297184567258,4,CMGC,MAPK,ERK5,MAPK7
CAMK1,0.9666666666666668,29,KRSA,0.6381647549530761,3,CAMK,CAMK1,CAMK1,CAMK1
CAMK1,0.9666666666666668,29,KRSA,0.6381647549530761,3,CAMK,CAMK1,CAMK1,CAMK1D
CAMK1,0.9666666666666668,29,KRSA,0.6381647549530761,3,CAMK,CAMK1,CAMK1,CAMK1G
CAMK1,0.9666666666666668,29,KRSA,0.6381647549530761,3,CAMK,CAMK1,CAMK1,CAMK4
CAMK1,0.9666666666666668,29,KRSA,0.6381647549530761,3,CAMK,CAMK1,CAMK1,PNCK
DAPK,1.1891666666666667,20,KRSA,0.7507820646506778,4,CAMK,DAPK,DAPK,DAPK1
DAPK,1.1891666666666667,20,KRSA,0.7507820646506778,4,CAMK,DAPK,DAPK,DAPK2
DAPK,1.1891666666666667,20,KRSA,0.7507820646506778,4,CAMK,DAPK,DAPK,DAPK3
DAPK,1.1891666666666667,20,KRSA,0.7507820646506778,4,CAMK,DAPK,DRAK,STK17A
DAPK,1.1891666666666667,20,KRSA,0.7507820646506778,4,CAMK,DAPK,DRAK,STK17B
RSK,0.44416666666666665,49,KRSA,0.38790406673618355,2,AGC,RSK,RSK,RPS6KA1
RSK,0.44416666666666665,49,KRSA,0.38790406673618355,2,AGC,RSK,RSK,RPS6KA2
RSK,0.44416666666666665,49,KRSA,0.38790406673618355,2,AGC,RSK,RSK,RPS6KA3
RSK,0.44416666666666665,49,KRSA,0.38790406673618355,2,AGC,RSK,MSK,RPS6KA4
RSK,0.44416666666666665,49,KRSA,0.38790406673618355,2,AGC,RSK,MSK,RPS6KA5
RSK,0.44416666666666665,49,KRSA,0.38790406673618355,2,AGC,RSK,RSK,RPS6KA6
RSK,0.44416666666666665,49,KRSA,0.38790406673618355,2,AGC,RSK,P70,RPS6KB1
RSK,0.44416666666666665,49,KRSA,0.38790406673618355,2,AGC,RSK,P70,RPS6KB2
JNK,-1.475,10,KRSA,0.8759124087591241,4,CMGC,MAPK,JNK,MAPK10
JNK,-1.475,10,KRSA,0.8759124087591241,4,CMGC,MAPK,JNK,MAPK8
JNK,-1.475,10,KRSA,0.8759124087591241,4,CMGC,MAPK,JNK,MAPK9
FRAY,-1.465833333333333,11,KRSA,0.8633993743482794,4,STE,STE20,FRAY,OXSR1
FRAY,-1.465833333333333,11,KRSA,0.8633993743482794,4,STE,STE20,FRAY,STK39
DMPK,1.4016666666666666,14,KRSA,0.8258602711157456,4,AGC,DMPK,GEK,CDC42BPA
DMPK,1.4016666666666666,14,KRSA,0.8258602711157456,4,AGC,DMPK,GEK,CDC42BPB
DMPK,1.4016666666666666,14,KRSA,0.8258602711157456,4,AGC,DMPK,GEK,CDC42BPG
DMPK,1.4016666666666666,14,KRSA,0.8258602711157456,4,AGC,DMPK,CRIK,CIT
DMPK,1.4016666666666666,14,KRSA,0.8258602711157456,4,AGC,DMPK,GEK,DMPK
DMPK,1.4016666666666666,14,KRSA,0.8258602711157456,4,AGC,DMPK,ROCK,ROCK1
DMPK,1.4016666666666666,14,KRSA,0.8258602711157456,4,AGC,DMPK,ROCK,ROCK2
PDK1,-1.7266666666666666,4,KRSA,0.9509906152241918,4,ATYPICAL,PDHK,PDHK,PDK1
PDK1,-1.7266666666666666,4,KRSA,0.9509906152241918,4,AGC,PDK1,PDK1,PDPK1
MSN,1.315,16,KRSA,0.8008342022940563,4,STE,STE20,MSN,MAP4K4
MSN,1.315,16,KRSA,0.8008342022940563,4,STE,STE20,MSN,NRK
MSN,1.315,16,KRSA,0.8008342022940563,4,STE,STE20,MSN,TNIK
NMO,-1.7591666666666663,3,KRSA,0.9635036496350365,4,CMGC,MAPK,NMO,NLK
DYRK,-1.2141666666666666,19,KRSA,0.7632950990615224,4,CMGC,DYRK,DYRK1,DYRK1A
DYRK,-1.2141666666666666,19,KRSA,0.7632950990615224,4,CMGC,DYRK,DYRK1,DYRK1B
DYRK,-1.2141666666666666,19,KRSA,0.7632950990615224,4,CMGC,DYRK,DYRK2,DYRK2
DYRK,-1.2141666666666666,19,KRSA,0.7632950990615224,4,CMGC,DYRK,DYRK2,DYRK3
DYRK,-1.2141666666666666,19,KRSA,0.7632950990615224,4,CMGC,DYRK,DYRK2,DYRK4
DYRK,-1.2141666666666666,19,KRSA,0.7632950990615224,4,CMGC,DYRK,HIPK,HIPK1
DYRK,-1.2141666666666666,19,KRSA,0.7632950990615224,4,CMGC,DYRK,HIPK,HIPK2
DYRK,-1.2141666666666666,19,KRSA,0.7632950990615224,4,CMGC,DYRK,HIPK,HIPK3
DYRK,-1.2141666666666666,19,KRSA,0.7632950990615224,4,CMGC,DYRK,HIPK,HIPK4
DYRK,-1.2141666666666666,19,KRSA,0.7632950990615224,4,CMGC,DYRK,PRP4,PRPF4B
QIK,-1.255,18,KRSA,0.7758081334723671,4,CAMK,CAMKL,QIK,SIK1
QIK,-1.255,18,KRSA,0.7758081334723671,4,CAMK,CAMKL,QIK,SIK2
VRK1,-0.885,32,KRSA,0.6006256517205423,3,CK1,VRK,VRK,VRK1
CAMKK,1.455833333333333,12,KRSA,0.8508863399374348,4,OTHER,CAMKK,META,CAMKK1
CAMKK,1.455833333333333,12,KRSA,0.8508863399374348,4,OTHER,CAMKK,META,CAMKK2
RAF,-0.9583333333333334,30,KRSA,0.6256517205422315,3,TKL,RAF,RAF,ARAF
RAF,-0.9583333333333334,30,KRSA,0.6256517205422315,3,TKL,RAF,RAF,BRAF
RAF,-0.9583333333333334,30,KRSA,0.6256517205422315,3,TKL,RAF,KSR,KSR1
RAF,-0.9583333333333334,30,KRSA,0.6256517205422315,3,TKL,RAF,KSR,KSR2
RAF,-0.9583333333333334,30,KRSA,0.6256517205422315,3,TKL,RAF,RAF,RAF1
TAO,0.3175,58,KRSA,0.26277372262773724,2,STE,STE20,TAO,TAOK1
TAO,0.3175,58,KRSA,0.26277372262773724,2,STE,STE20,TAO,TAOK2
TAO,0.3175,58,KRSA,0.26277372262773724,2,STE,STE20,TAO,TAOK3
PASK,1.4433333333333334,13,KRSA,0.8383733055265902,4,CAMK,CAMKL,PASK,PASK
KHS,-0.22666666666666663,64,KRSA,0.18769551616266944,1,STE,STE20,KHS,MAP4K1
KHS,-0.22666666666666663,64,KRSA,0.18769551616266944,1,STE,STE20,KHS,MAP4K2
KHS,-0.22666666666666663,64,KRSA,0.18769551616266944,1,STE,STE20,KHS,MAP4K3
KHS,-0.22666666666666663,64,KRSA,0.18769551616266944,1,STE,STE20,KHS,MAP4K5
SLK,1.0633333333333332,23,KRSA,0.7132429614181439,3,STE,STE20,SLK,SLK
SLK,1.0633333333333332,23,KRSA,0.7132429614181439,3,STE,STE20,SLK,STK10
MOS,1.0433333333333332,27,KRSA,0.6631908237747653,3,OTHER,MOS,MOS,MOS
ATM,-0.9458333333333332,31,KRSA,0.6131386861313869,3,ATYPICAL,PIKK,ATM,ATM
RIPK,1.4966666666666666,9,KRSA,0.8884254431699687,4,TKL,RIPK,RIPK,ANKK1
RIPK,1.4966666666666666,9,KRSA,0.8884254431699687,4,TKL,RIPK,RIPK,RIPK1
RIPK,1.4966666666666666,9,KRSA,0.8884254431699687,4,TKL,RIPK,RIPK,RIPK2
RIPK,1.4966666666666666,9,KRSA,0.8884254431699687,4,TKL,RIPK,RIPK,RIPK3
RIPK,1.4966666666666666,9,KRSA,0.8884254431699687,4,TKL,RIPK,RIPK,RIPK4
CDK,-1.33,15,KRSA,0.8133472367049009,4,CMGC,CDK,CDC2,CDK1
CDK,-1.33,15,KRSA,0.8133472367049009,4,CMGC,CDK,CDK10,CDK10
CDK,-1.33,15,KRSA,0.8133472367049009,4,CMGC,CDK,CRK7,CDK12
CDK,-1.33,15,KRSA,0.8133472367049009,4,CMGC,CDK,CRK7,CDK13
CDK,-1.33,15,KRSA,0.8133472367049009,4,CMGC,CDK,PFTAIRE,CDK14
CDK,-1.33,15,KRSA,0.8133472367049009,4,CMGC,CDK,PFTAIRE,CDK15
CDK,-1.33,15,KRSA,0.8133472367049009,4,CMGC,CDK,PCTAIRE,CDK16
CDK,-1.33,15,KRSA,0.8133472367049009,4,CMGC,CDK,PCTAIRE,CDK17
CDK,-1.33,15,KRSA,0.8133472367049009,4,CMGC,CDK,PCTAIRE,CDK18
CDK,-1.33,15,KRSA,0.8133472367049009,4,CMGC,CDK,CDK8,CDK19
CDK,-1.33,15,KRSA,0.8133472367049009,4,CMGC,CDK,CDC2,CDK2
CDK,-1.33,15,KRSA,0.8133472367049009,4,CMGC,CDK,CCRK,CDK20
CDK,-1.33,15,KRSA,0.8133472367049009,4,CMGC,CDK,CDC2,CDK3
CDK,-1.33,15,KRSA,0.8133472367049009,4,CMGC,CDK,CDK4,CDK4
CDK,-1.33,15,KRSA,0.8133472367049009,4,CMGC,CDK,CDK5,CDK5
CDK,-1.33,15,KRSA,0.8133472367049009,4,CMGC,CDK,CDK4,CDK6
CDK,-1.33,15,KRSA,0.8133472367049009,4,CMGC,CDK,CDK7,CDK7
CDK,-1.33,15,KRSA,0.8133472367049009,4,CMGC,CDK,CDK8,CDK8
CDK,-1.33,15,KRSA,0.8133472367049009,4,CMGC,CDK,CDK9,CDK9
CDK,-1.33,15,KRSA,0.8133472367049009,4,NA,NA,NA,CDK11A
CDK,-1.33,15,KRSA,0.8133472367049009,4,NA,NA,NA,CDK11B
NDR,0.29083333333333333,62,KRSA,0.2127215849843587,1,AGC,NDR,NDR,LATS1
NDR,0.29083333333333333,62,KRSA,0.2127215849843587,1,AGC,NDR,NDR,LATS2
NDR,0.29083333333333333,62,KRSA,0.2127215849843587,1,AGC,NDR,NDR,STK38
NDR,0.29083333333333333,62,KRSA,0.2127215849843587,1,AGC,NDR,NDR,STK38L
PRKDC,-0.9908333333333332,28,KRSA,0.6506777893639207,3,ATYPICAL,PIKK,DNAPK,PRKDC
BARK2,-0.45,48,KRSA,0.40041710114702816,2,AGC,GRK,BARK,GRK3
MLK,0.4066666666666667,52,KRSA,0.337851929092805,2,TKL,MLK,ILK,ILK
MLK,0.4066666666666667,52,KRSA,0.337851929092805,2,TKL,MLK,MLK,MAP3K10
MLK,0.4066666666666667,52,KRSA,0.337851929092805,2,TKL,MLK,MLK,MAP3K11
MLK,0.4066666666666667,52,KRSA,0.337851929092805,2,TKL,MLK,LZK,MAP3K12
MLK,0.4066666666666667,52,KRSA,0.337851929092805,2,TKL,MLK,LZK,MAP3K13
MLK,0.4066666666666667,52,KRSA,0.337851929092805,2,TKL,MLK,MLK,MAP3K9
MLK,0.4066666666666667,52,KRSA,0.337851929092805,2,TKL,MLK,HH498,TNNI3K
CK1,-1.275,17,KRSA,0.7883211678832117,4,CK1,CK1,CK1-A,CSNK1A1
CK1,-1.275,17,KRSA,0.7883211678832117,4,CK1,CK1,CK1-A,CSNK1A1L
CK1,-1.275,17,KRSA,0.7883211678832117,4,CK1,CK1,CK1-D,CSNK1D
CK1,-1.275,17,KRSA,0.7883211678832117,4,CK1,CK1,CK1-D,CSNK1E
CK1,-1.275,17,KRSA,0.7883211678832117,4,CK1,CK1,CK1-G,CSNK1G1
CK1,-1.275,17,KRSA,0.7883211678832117,4,CK1,CK1,CK1-G,CSNK1G2
CK1,-1.275,17,KRSA,0.7883211678832117,4,CK1,CK1,CK1-G,CSNK1G3
CK1,-1.275,17,KRSA,0.7883211678832117,4,CK1,TTBK,TTBK,TTBK1
CK1,-1.275,17,KRSA,0.7883211678832117,4,CK1,TTBK,TTBK,TTBK2
CK1,-1.275,17,KRSA,0.7883211678832117,4,CK1,VRK,VRK,VRK3
PKCD,0.72,39,KRSA,0.5130344108446299,3,AGC,PKC,DELTA,PRKCD
PKCD,0.72,39,KRSA,0.5130344108446299,3,AGC,PKC,DELTA,PRKCQ
CK2,-0.01249999999999999,79,KRSA,0,1,CMGC,CK2,CK2,CSNK2A1
CK2,-0.01249999999999999,79,KRSA,0,1,CMGC,CK2,CK2,CSNK2A2
CK2,-0.01249999999999999,79,KRSA,0,1,NA,NA,NA,CSNK2A3
TTK,-0.3016666666666667,60,KRSA,0.23774765380604795,1,OTHER,TTK,TTK,TTK
TLK,-1.044166666666667,26,KRSA,0.67570385818561,3,OTHER,TLK,TLK,TLK1
TLK,-1.044166666666667,26,KRSA,0.67570385818561,3,OTHER,TLK,TLK,TLK2
PKN,-0.2025,68,KRSA,0.13764337851929093,1,AGC,PKN,PKN,PKN1
PKN,-0.2025,68,KRSA,0.13764337851929093,1,AGC,PKN,PKN,PKN2
PKN,-0.2025,68,KRSA,0.13764337851929093,1,AGC,PKN,PKN,PKN3
NUAK,-0.2925,61,KRSA,0.22523461939520334,1,CAMK,CAMKL,NUAK,NUAK1
NUAK,-0.2925,61,KRSA,0.22523461939520334,1,CAMK,CAMKL,NUAK,NUAK2
AMPK,0.1875,69,KRSA,0.1251303441084463,1,CAMK,CAMKL,AMPK,PRKAA1
AMPK,0.1875,69,KRSA,0.1251303441084463,1,CAMK,CAMKL,AMPK,PRKAA2
RAD53,0.13083333333333333,72,KRSA,0.08759124087591241,1,CAMK,RAD53,RAD53,CHEK2
PLK,-0.86,34,KRSA,0.5755995828988529,3,NA,NA,NA,PLK5
PLK,-0.86,34,KRSA,0.5755995828988529,3,OTHER,PLK,PLK1,PLK1
PLK,-0.86,34,KRSA,0.5755995828988529,3,OTHER,PLK,PLK2,PLK2
PLK,-0.86,34,KRSA,0.5755995828988529,3,OTHER,PLK,PLK2,PLK3
PLK,-0.86,34,KRSA,0.5755995828988529,3,OTHER,PLK,SAK,PLK4
P38,-1.045,25,KRSA,0.6882168925964547,3,CMGC,MAPK,P38,MAPK11
P38,-1.045,25,KRSA,0.6882168925964547,3,CMGC,MAPK,P38,MAPK12
P38,-1.045,25,KRSA,0.6882168925964547,3,CMGC,MAPK,P38,MAPK13
P38,-1.045,25,KRSA,0.6882168925964547,3,CMGC,MAPK,P38,MAPK14
ATR,-0.6258333333333334,40,KRSA,0.5005213764337852,3,ATYPICAL,PIKK,ATR,ATR
MST,-0.4558333333333333,47,KRSA,0.4129301355578728,2,STE,STE20,MST,STK3
MST,-0.4558333333333333,47,KRSA,0.4129301355578728,2,STE,STE20,MST,STK4
MELK,-0.05583333333333335,76,KRSA,0.03753910323253389,1,CAMK,CAMKL,MELK,MELK
CAMK2,-0.21916666666666668,66,KRSA,0.16266944734098018,1,CAMK,CAMK2,CAMK2,CAMK2A
CAMK2,-0.21916666666666668,66,KRSA,0.16266944734098018,1,CAMK,CAMK2,CAMK2,CAMK2B
CAMK2,-0.21916666666666668,66,KRSA,0.16266944734098018,1,CAMK,CAMK2,CAMK2,CAMK2D
CAMK2,-0.21916666666666668,66,KRSA,0.16266944734098018,1,CAMK,CAMK2,CAMK2,CAMK2G
ULK,-0.7433333333333333,36,KRSA,0.5505735140771637,3,OTHER,ULK,FUSED,STK36
ULK,-0.7433333333333333,36,KRSA,0.5505735140771637,3,OTHER,ULK,ULK,ULK1
ULK,-0.7433333333333333,36,KRSA,0.5505735140771637,3,OTHER,ULK,ULK,ULK2
ULK,-0.7433333333333333,36,KRSA,0.5505735140771637,3,OTHER,ULK,ULK,ULK3
ULK,-0.7433333333333333,36,KRSA,0.5505735140771637,3,OTHER,ULK,ULK,ULK4
NIK,-0.7291666666666666,38,KRSA,0.5255474452554745,3,STE,STE-UNIQUE,STE-UNIQUE,MAP3K14
WNK,-0.3975,53,KRSA,0.32533889468196037,2,OTHER,WNK,WNK,WNK1
WNK,-0.3975,53,KRSA,0.32533889468196037,2,OTHER,WNK,WNK,WNK2
WNK,-0.3975,53,KRSA,0.32533889468196037,2,OTHER,WNK,WNK,WNK3
WNK,-0.3975,53,KRSA,0.32533889468196037,2,OTHER,WNK,WNK,WNK4
STE7,-1.66,6,KRSA,0.9259645464025026,4,STE,STE7,MEK1,MAP2K1
STE7,-1.66,6,KRSA,0.9259645464025026,4,STE,STE7,MEK1,MAP2K2
STE7,-1.66,6,KRSA,0.9259645464025026,4,STE,STE7,MEK3,MAP2K3
STE7,-1.66,6,KRSA,0.9259645464025026,4,STE,STE7,MEK4,MAP2K4
STE7,-1.66,6,KRSA,0.9259645464025026,4,STE,STE7,MEK5,MAP2K5
STE7,-1.66,6,KRSA,0.9259645464025026,4,STE,STE7,MEK3,MAP2K6
STE7,-1.66,6,KRSA,0.9259645464025026,4,STE,STE7,MEK7,MAP2K7
BUD32,0.31416666666666665,59,KRSA,0.2502606882168926,2,OTHER,BUD32,BUD32,TP53RK
BRSK,0.3416666666666667,57,KRSA,0.27528675703858185,2,CAMK,CAMKL,BRSK,BRSK1
BRSK,0.3416666666666667,57,KRSA,0.27528675703858185,2,CAMK,CAMKL,BRSK,BRSK2
CLK,-0.7325,37,KRSA,0.5380604796663191,3,CMGC,CLK,CLK,CLK1
CLK,-0.7325,37,KRSA,0.5380604796663191,3,CMGC,CLK,CLK,CLK2
CLK,-0.7325,37,KRSA,0.5380604796663191,3,CMGC,CLK,CLK,CLK3
CLK,-0.7325,37,KRSA,0.5380604796663191,3,CMGC,CLK,CLK,CLK4
PKD,0.35583333333333333,55,KRSA,0.30031282586027114,2,CAMK,PKD,PKD,PRKD1
PKD,0.35583333333333333,55,KRSA,0.30031282586027114,2,CAMK,PKD,PKD,PRKD2
PKD,0.35583333333333333,55,KRSA,0.30031282586027114,2,CAMK,PKD,PKD,PRKD3
SGK,0.43583333333333335,50,KRSA,0.36287799791449427,2,AGC,SGK,SGK,SGK1
SGK,0.43583333333333335,50,KRSA,0.36287799791449427,2,AGC,SGK,SGK,SGK2
SGK,0.43583333333333335,50,KRSA,0.36287799791449427,2,AGC,SGK,SGK,SGK3
PDHK,-1.1125,21,KRSA,0.7382690302398331,3,ATYPICAL,PDHK,BCKDK,BCKDK
PDHK,-1.1125,21,KRSA,0.7382690302398331,3,ATYPICAL,PDHK,PDHK,PDK2
PDHK,-1.1125,21,KRSA,0.7382690302398331,3,ATYPICAL,PDHK,PDHK,PDK3
PDHK,-1.1125,21,KRSA,0.7382690302398331,3,ATYPICAL,PDHK,PDHK,PDK4
MLCK,-0.49583333333333335,44,KRSA,0.4504692387904067,2,CAMK,MLCK,MLCK,MYLK
MLCK,-0.49583333333333335,44,KRSA,0.4504692387904067,2,CAMK,MLCK,MLCK,MYLK2
MLCK,-0.49583333333333335,44,KRSA,0.4504692387904067,2,CAMK,MLCK,MLCK,TTN
GSK,-0.1525,70,KRSA,0.11261730969760167,1,CMGC,GSK,GSK,GSK3A
GSK,-0.1525,70,KRSA,0.11261730969760167,1,CMGC,GSK,GSK,GSK3B
NAK,-0.42583333333333334,51,KRSA,0.35036496350364965,2,OTHER,NAK,BIKE,AAK1
NAK,-0.42583333333333334,51,KRSA,0.35036496350364965,2,OTHER,NAK,BIKE,BMP2K
NAK,-0.42583333333333334,51,KRSA,0.35036496350364965,2,OTHER,NAK,GAK,GAK
NAK,-0.42583333333333334,51,KRSA,0.35036496350364965,2,OTHER,NAK,MPSK,STK16
STKR,0.5675,42,KRSA,0.4754953076120959,2,TKL,STKR,TYPE1,ACVR1
STKR,0.5675,42,KRSA,0.4754953076120959,2,TKL,STKR,TYPE1,ACVR1B
STKR,0.5675,42,KRSA,0.4754953076120959,2,TKL,STKR,TYPE1,ACVR1C
STKR,0.5675,42,KRSA,0.4754953076120959,2,TKL,STKR,TYPE2,ACVR2A
STKR,0.5675,42,KRSA,0.4754953076120959,2,TKL,STKR,TYPE2,ACVR2B
STKR,0.5675,42,KRSA,0.4754953076120959,2,TKL,STKR,TYPE1,ACVRL1
STKR,0.5675,42,KRSA,0.4754953076120959,2,TKL,STKR,TYPE2,AMHR2
STKR,0.5675,42,KRSA,0.4754953076120959,2,TKL,STKR,TYPE1,BMPR1A
STKR,0.5675,42,KRSA,0.4754953076120959,2,TKL,STKR,TYPE1,BMPR1B
STKR,0.5675,42,KRSA,0.4754953076120959,2,TKL,STKR,TYPE2,BMPR2
STKR,0.5675,42,KRSA,0.4754953076120959,2,TKL,STKR,TYPE1,TGFBR1
STKR,0.5675,42,KRSA,0.4754953076120959,2,TKL,STKR,TYPE2,TGFBR2
NEK,-1.5566666666666666,8,KRSA,0.9009384775808134,4,OTHER,NEK,NEK11,NEK11
NEK,-1.5566666666666666,8,KRSA,0.9009384775808134,4,OTHER,NEK,NEK2,NEK2
NEK,-1.5566666666666666,8,KRSA,0.9009384775808134,4,OTHER,NEK,NEK1,NEK3
NEK,-1.5566666666666666,8,KRSA,0.9009384775808134,4,OTHER,NEK,NEK4,NEK4
NEK,-1.5566666666666666,8,KRSA,0.9009384775808134,4,OTHER,NEK,NEK1,NEK5
NEK,-1.5566666666666666,8,KRSA,0.9009384775808134,4,OTHER,NEK,NEK6,NEK6
NEK,-1.5566666666666666,8,KRSA,0.9009384775808134,4,OTHER,NEK,NEK6,NEK7
NEK,-1.5566666666666666,8,KRSA,0.9009384775808134,4,OTHER,NEK,NEK8,NEK8
NEK,-1.5566666666666666,8,KRSA,0.9009384775808134,4,OTHER,NEK,NEK8,NEK9
PAKB,-0.065,74,KRSA,0.06256517205422316,1,STE,STE20,PAKB,PAK4
PAKB,-0.065,74,KRSA,0.06256517205422316,1,STE,STE20,PAKB,PAK5
PAKB,-0.065,74,KRSA,0.06256517205422316,1,STE,STE20,PAKB,PAK6
PKCI,0.43583333333333335,50,KRSA,0.36287799791449427,2,AGC,PKC,IOTA,PRKCI
PKCI,0.43583333333333335,50,KRSA,0.36287799791449427,2,AGC,PKC,IOTA,PRKCZ
LKB,-0.8708333333333333,33,KRSA,0.5881126173096975,3,CAMK,CAMKL,LKB,STK11
HAL,0.06333333333333332,75,KRSA,0.05005213764337852,1,RGC,RGC,RGC,NPR1
PIM,0.15083333333333335,71,KRSA,0.10010427528675704,1,CAMK,PIM,PIM,PIM1
PIM,0.15083333333333335,71,KRSA,0.10010427528675704,1,CAMK,PIM,PIM,PIM2
PIM,0.15083333333333335,71,KRSA,0.10010427528675704,1,CAMK,PIM,PIM,PIM3
PAKA,-0.8558333333333333,35,KRSA,0.5630865484880083,3,STE,STE20,PAKA,PAK1
PAKA,-0.8558333333333333,35,KRSA,0.5630865484880083,3,STE,STE20,PAKA,PAK2
PAKA,-0.8558333333333333,35,KRSA,0.5630865484880083,3,STE,STE20,PAKA,PAK3
CHK1,0.545,43,KRSA,0.4629822732012513,2,CAMK,CAMKL,CHK1,CHEK1
COT,0.02666666666666666,77,KRSA,0.02502606882168926,1,STE,STE-UNIQUE,STE-UNIQUE,MAP3K8
PKCA,0.4916666666666667,45,KRSA,0.43795620437956206,2,AGC,PKC,ALPHA,PRKCA
PKCA,0.4916666666666667,45,KRSA,0.43795620437956206,2,AGC,PKC,ALPHA,PRKCB
PKCA,0.4916666666666667,45,KRSA,0.43795620437956206,2,AGC,PKC,ALPHA,PRKCG
PHK,0.2425,63,KRSA,0.20020855057351408,1,CAMK,PHK,PHK,PHKG1
PHK,0.2425,63,KRSA,0.20020855057351408,1,CAMK,PHK,PHK,PHKG2
IKK,0.02499999999999999,78,KRSA,0.01251303441084463,1,OTHER,IKK,IKK,CHUK
IKK,0.02499999999999999,78,KRSA,0.01251303441084463,1,OTHER,IKK,IKK,IKBKB
IKK,0.02499999999999999,78,KRSA,0.01251303441084463,1,OTHER,IKK,IKK,IKBKE
IKK,0.02499999999999999,78,KRSA,0.01251303441084463,1,OTHER,IKK,IKK,TBK1
MAPKAPK,0.49166666666666664,46,KRSA,0.4254431699687174,2,CAMK,MAPKAPK,MAPKAPK,MAPKAPK2
MAPKAPK,0.49166666666666664,46,KRSA,0.4254431699687174,2,CAMK,MAPKAPK,MAPKAPK,MAPKAPK3
MAPKAPK,0.49166666666666664,46,KRSA,0.4254431699687174,2,CAMK,MAPKAPK,MAPKAPK,MAPKAPK5
MAPKAPK,0.49166666666666664,46,KRSA,0.4254431699687174,2,CAMK,MAPKAPK,MNK,MKNK1
MAPKAPK,0.49166666666666664,46,KRSA,0.4254431699687174,2,CAMK,MAPKAPK,MNK,MKNK2
IRAK,0.22583333333333333,65,KRSA,0.17518248175182483,1,TKL,IRAK,IRAK,IRAK1
IRAK,0.22583333333333333,65,KRSA,0.17518248175182483,1,TKL,IRAK,IRAK,IRAK2
IRAK,0.22583333333333333,65,KRSA,0.17518248175182483,1,TKL,IRAK,IRAK,IRAK3
IRAK,0.22583333333333333,65,KRSA,0.17518248175182483,1,TKL,IRAK,IRAK,IRAK4
STE11,-0.3466666666666667,56,KRSA,0.28779979144942647,2,TKL,MLK,TAK1,MAP3K7
STE11,-0.3466666666666667,56,KRSA,0.28779979144942647,2,STE,STE11,MEKK1,MAP3K1
STE11,-0.3466666666666667,56,KRSA,0.28779979144942647,2,STE,STE11,ASK,MAP3K15
STE11,-0.3466666666666667,56,KRSA,0.28779979144942647,2,STE,STE11,MEKK2,MAP3K2
STE11,-0.3466666666666667,56,KRSA,0.28779979144942647,2,STE,STE11,MEKK2,MAP3K3
STE11,-0.3466666666666667,56,KRSA,0.28779979144942647,2,STE,STE11,MEKK4,MAP3K4
STE11,-0.3466666666666667,56,KRSA,0.28779979144942647,2,STE,STE11,ASK,MAP3K5
STE11,-0.3466666666666667,56,KRSA,0.28779979144942647,2,STE,STE11,ASK,MAP3K6
PKCH,-0.595,41,KRSA,0.4880083420229406,2,AGC,PKC,ETA,PRKCE
PKCH,-0.595,41,KRSA,0.4880083420229406,2,AGC,PKC,ETA,PRKCH
MTOR,-0.09166666666666667,73,KRSA,0.07507820646506778,1,ATYPICAL,PIKK,FRAP,MTOR
AUR,1.0983333333333334,22,KRSA,0.7257559958289885,3,OTHER,AUR,AUR,AURKA
AUR,1.0983333333333334,22,KRSA,0.7257559958289885,3,OTHER,AUR,AUR,AURKB
AUR,1.0983333333333334,22,KRSA,0.7257559958289885,3,OTHER,AUR,AUR,AURKC
GRK,0.21666666666666667,67,KRSA,0.15015641293013557,1,AGC,GRK,GRK,GRK1
GRK,0.21666666666666667,67,KRSA,0.15015641293013557,1,AGC,GRK,GRK,GRK4
GRK,0.21666666666666667,67,KRSA,0.15015641293013557,1,AGC,GRK,GRK,GRK5
GRK,0.21666666666666667,67,KRSA,0.15015641293013557,1,AGC,GRK,GRK,GRK6
GRK,0.21666666666666667,67,KRSA,0.15015641293013557,1,AGC,GRK,GRK,GRK7
PKG,1.8525,2,KRSA,0.9760166840458812,4,AGC,PKG,PKG,PRKG1
PKG,1.8525,2,KRSA,0.9760166840458812,4,AGC,PKG,PKG,PRKG2
ERK,-1.909166666666667,1,KRSA,0.9885297184567258,4,CMGC,MAPK,ERK1,MAPK1
ERK,-1.909166666666667,1,KRSA,0.9885297184567258,4,CMGC,MAPK,ERK7,MAPK15
ERK,-1.909166666666667,1,KRSA,0.9885297184567258,4,CMGC,MAPK,ERK1,MAPK3
ERK,-1.909166666666667,1,KRSA,0.9885297184567258,4,CMGC,MAPK,ERK3,MAPK4
ERK,-1.909166666666667,1,KRSA,0.9885297184567258,4,CMGC,MAPK,ERK3,MAPK6
ERK,-1.909166666666667,1,KRSA,0.9885297184567258,4,CMGC,MAPK,ERK5,MAPK7
PKA,1.669166666666667,5,KRSA,0.9384775808133472,4,AGC,PKA,PKA,PRKACA
PKA,1.669166666666667,5,KRSA,0.9384775808133472,4,AGC,PKA,PKA,PRKACB
PKA,1.669166666666667,5,KRSA,0.9384775808133472,4,AGC,PKA,PKA,PRKACG
PKA,1.669166666666667,5,KRSA,0.9384775808133472,4,AGC,PKA,PKA,PRKX
PKA,1.669166666666667,5,KRSA,0.9384775808133472,4,AGC,PKA,PKA,PRKY
DAPK,1.1891666666666667,20,KRSA,0.7507820646506778,4,CAMK,DAPK,DAPK,DAPK1
DAPK,1.1891666666666667,20,KRSA,0.7507820646506778,4,CAMK,DAPK,DAPK,DAPK2
DAPK,1.1891666666666667,20,KRSA,0.7507820646506778,4,CAMK,DAPK,DAPK,DAPK3
DAPK,1.1891666666666667,20,KRSA,0.7507820646506778,4,CAMK,DAPK,DRAK,STK17A
DAPK,1.1891666666666667,20,KRSA,0.7507820646506778,4,CAMK,DAPK,DRAK,STK17B
AKT,1.0566666666666666,24,KRSA,0.7007299270072993,3,AGC,AKT,AKT,AKT1
AKT,1.0566666666666666,24,KRSA,0.7007299270072993,3,AGC,AKT,AKT,AKT2
AKT,1.0566666666666666,24,KRSA,0.7007299270072993,3,AGC,AKT,AKT,AKT3
CAMK1,0.9666666666666668,29,KRSA,0.6381647549530761,3,CAMK,CAMK1,CAMK1,CAMK1
CAMK1,0.9666666666666668,29,KRSA,0.6381647549530761,3,CAMK,CAMK1,CAMK1,CAMK1D
CAMK1,0.9666666666666668,29,KRSA,0.6381647549530761,3,CAMK,CAMK1,CAMK1,CAMK1G
CAMK1,0.9666666666666668,29,KRSA,0.6381647549530761,3,CAMK,CAMK1,CAMK1,CAMK4
CAMK1,0.9666666666666668,29,KRSA,0.6381647549530761,3,CAMK,CAMK1,CAMK1,PNCK
RIPK,1.4966666666666666,9,KRSA,0.8884254431699687,4,TKL,RIPK,RIPK,ANKK1
RIPK,1.4966666666666666,9,KRSA,0.8884254431699687,4,TKL,RIPK,RIPK,RIPK1
RIPK,1.4966666666666666,9,KRSA,0.8884254431699687,4,TKL,RIPK,RIPK,RIPK2
RIPK,1.4966666666666666,9,KRSA,0.8884254431699687,4,TKL,RIPK,RIPK,RIPK3
RIPK,1.4966666666666666,9,KRSA,0.8884254431699687,4,TKL,RIPK,RIPK,RIPK4
DMPK,1.4016666666666666,14,KRSA,0.8258602711157456,4,AGC,DMPK,GEK,CDC42BPA
DMPK,1.4016666666666666,14,KRSA,0.8258602711157456,4,AGC,DMPK,GEK,CDC42BPB
DMPK,1.4016666666666666,14,KRSA,0.8258602711157456,4,AGC,DMPK,GEK,CDC42BPG
DMPK,1.4016666666666666,14,KRSA,0.8258602711157456,4,AGC,DMPK,CRIK,CIT
DMPK,1.4016666666666666,14,KRSA,0.8258602711157456,4,AGC,DMPK,GEK,DMPK
DMPK,1.4016666666666666,14,KRSA,0.8258602711157456,4,AGC,DMPK,ROCK,ROCK1
DMPK,1.4016666666666666,14,KRSA,0.8258602711157456,4,AGC,DMPK,ROCK,ROCK2
FRAY,-1.465833333333333,11,KRSA,0.8633993743482794,4,STE,STE20,FRAY,OXSR1
FRAY,-1.465833333333333,11,KRSA,0.8633993743482794,4,STE,STE20,FRAY,STK39
PKCD,0.72,39,KRSA,0.5130344108446299,3,AGC,PKC,DELTA,PRKCD
PKCD,0.72,39,KRSA,0.5130344108446299,3,AGC,PKC,DELTA,PRKCQ
SGK,0.43583333333333335,50,KRSA,0.36287799791449427,2,AGC,SGK,SGK,SGK1
SGK,0.43583333333333335,50,KRSA,0.36287799791449427,2,AGC,SGK,SGK,SGK2
SGK,0.43583333333333335,50,KRSA,0.36287799791449427,2,AGC,SGK,SGK,SGK3
NMO,-1.7591666666666663,3,KRSA,0.9635036496350365,4,CMGC,MAPK,NMO,NLK
DYRK,-1.2141666666666666,19,KRSA,0.7632950990615224,4,CMGC,DYRK,DYRK1,DYRK1A
DYRK,-1.2141666666666666,19,KRSA,0.7632950990615224,4,CMGC,DYRK,DYRK1,DYRK1B
DYRK,-1.2141666666666666,19,KRSA,0.7632950990615224,4,CMGC,DYRK,DYRK2,DYRK2
DYRK,-1.2141666666666666,19,KRSA,0.7632950990615224,4,CMGC,DYRK,DYRK2,DYRK3
DYRK,-1.2141666666666666,19,KRSA,0.7632950990615224,4,CMGC,DYRK,DYRK2,DYRK4
DYRK,-1.2141666666666666,19,KRSA,0.7632950990615224,4,CMGC,DYRK,HIPK,HIPK1
DYRK,-1.2141666666666666,19,KRSA,0.7632950990615224,4,CMGC,DYRK,HIPK,HIPK2
DYRK,-1.2141666666666666,19,KRSA,0.7632950990615224,4,CMGC,DYRK,HIPK,HIPK3
DYRK,-1.2141666666666666,19,KRSA,0.7632950990615224,4,CMGC,DYRK,HIPK,HIPK4
DYRK,-1.2141666666666666,19,KRSA,0.7632950990615224,4,CMGC,DYRK,PRP4,PRPF4B
PDK1,-1.7266666666666666,4,KRSA,0.9509906152241918,4,ATYPICAL,PDHK,PDHK,PDK1
PDK1,-1.7266666666666666,4,KRSA,0.9509906152241918,4,AGC,PDK1,PDK1,PDPK1
CK2,-0.01249999999999999,79,KRSA,0,1,CMGC,CK2,CK2,CSNK2A1
CK2,-0.01249999999999999,79,KRSA,0,1,CMGC,CK2,CK2,CSNK2A2
CK2,-0.01249999999999999,79,KRSA,0,1,NA,NA,NA,CSNK2A3
PASK,1.4433333333333334,13,KRSA,0.8383733055265902,4,CAMK,CAMKL,PASK,PASK
RSK,0.44416666666666665,49,KRSA,0.38790406673618355,2,AGC,RSK,RSK,RPS6KA1
RSK,0.44416666666666665,49,KRSA,0.38790406673618355,2,AGC,RSK,RSK,RPS6KA2
RSK,0.44416666666666665,49,KRSA,0.38790406673618355,2,AGC,RSK,RSK,RPS6KA3
RSK,0.44416666666666665,49,KRSA,0.38790406673618355,2,AGC,RSK,MSK,RPS6KA4
RSK,0.44416666666666665,49,KRSA,0.38790406673618355,2,AGC,RSK,MSK,RPS6KA5
RSK,0.44416666666666665,49,KRSA,0.38790406673618355,2,AGC,RSK,RSK,RPS6KA6
RSK,0.44416666666666665,49,KRSA,0.38790406673618355,2,AGC,RSK,P70,RPS6KB1
RSK,0.44416666666666665,49,KRSA,0.38790406673618355,2,AGC,RSK,P70,RPS6KB2
TAO,0.3175,58,KRSA,0.26277372262773724,2,STE,STE20,TAO,TAOK1
TAO,0.3175,58,KRSA,0.26277372262773724,2,STE,STE20,TAO,TAOK2
TAO,0.3175,58,KRSA,0.26277372262773724,2,STE,STE20,TAO,TAOK3
BARK2,-0.45,48,KRSA,0.40041710114702816,2,AGC,GRK,BARK,GRK3
CAMKK,1.455833333333333,12,KRSA,0.8508863399374348,4,OTHER,CAMKK,META,CAMKK1
CAMKK,1.455833333333333,12,KRSA,0.8508863399374348,4,OTHER,CAMKK,META,CAMKK2
JNK,-1.475,10,KRSA,0.8759124087591241,4,CMGC,MAPK,JNK,MAPK10
JNK,-1.475,10,KRSA,0.8759124087591241,4,CMGC,MAPK,JNK,MAPK8
JNK,-1.475,10,KRSA,0.8759124087591241,4,CMGC,MAPK,JNK,MAPK9
MLK,0.4066666666666667,52,KRSA,0.337851929092805,2,TKL,MLK,ILK,ILK
MLK,0.4066666666666667,52,KRSA,0.337851929092805,2,TKL,MLK,MLK,MAP3K10
MLK,0.4066666666666667,52,KRSA,0.337851929092805,2,TKL,MLK,MLK,MAP3K11
MLK,0.4066666666666667,52,KRSA,0.337851929092805,2,TKL,MLK,LZK,MAP3K12
MLK,0.4066666666666667,52,KRSA,0.337851929092805,2,TKL,MLK,LZK,MAP3K13
MLK,0.4066666666666667,52,KRSA,0.337851929092805,2,TKL,MLK,MLK,MAP3K9
MLK,0.4066666666666667,52,KRSA,0.337851929092805,2,TKL,MLK,HH498,TNNI3K
PEK,-1.65,7,KRSA,0.913451511991658,4,OTHER,PEK,HRI,EIF2AK1
PEK,-1.65,7,KRSA,0.913451511991658,4,OTHER,PEK,PKR,EIF2AK2
PEK,-1.65,7,KRSA,0.913451511991658,4,OTHER,PEK,PEK,EIF2AK3
PEK,-1.65,7,KRSA,0.913451511991658,4,OTHER,PEK,GCN2,EIF2AK4
CDK,-1.33,15,KRSA,0.8133472367049009,4,CMGC,CDK,CDC2,CDK1
CDK,-1.33,15,KRSA,0.8133472367049009,4,CMGC,CDK,CDK10,CDK10
CDK,-1.33,15,KRSA,0.8133472367049009,4,CMGC,CDK,CRK7,CDK12
CDK,-1.33,15,KRSA,0.8133472367049009,4,CMGC,CDK,CRK7,CDK13
CDK,-1.33,15,KRSA,0.8133472367049009,4,CMGC,CDK,PFTAIRE,CDK14
CDK,-1.33,15,KRSA,0.8133472367049009,4,CMGC,CDK,PFTAIRE,CDK15
CDK,-1.33,15,KRSA,0.8133472367049009,4,CMGC,CDK,PCTAIRE,CDK16
CDK,-1.33,15,KRSA,0.8133472367049009,4,CMGC,CDK,PCTAIRE,CDK17
CDK,-1.33,15,KRSA,0.8133472367049009,4,CMGC,CDK,PCTAIRE,CDK18
CDK,-1.33,15,KRSA,0.8133472367049009,4,CMGC,CDK,CDK8,CDK19
CDK,-1.33,15,KRSA,0.8133472367049009,4,CMGC,CDK,CDC2,CDK2
CDK,-1.33,15,KRSA,0.8133472367049009,4,CMGC,CDK,CCRK,CDK20
CDK,-1.33,15,KRSA,0.8133472367049009,4,CMGC,CDK,CDC2,CDK3
CDK,-1.33,15,KRSA,0.8133472367049009,4,CMGC,CDK,CDK4,CDK4
CDK,-1.33,15,KRSA,0.8133472367049009,4,CMGC,CDK,CDK5,CDK5
CDK,-1.33,15,KRSA,0.8133472367049009,4,CMGC,CDK,CDK4,CDK6
CDK,-1.33,15,KRSA,0.8133472367049009,4,CMGC,CDK,CDK7,CDK7
CDK,-1.33,15,KRSA,0.8133472367049009,4,CMGC,CDK,CDK8,CDK8
CDK,-1.33,15,KRSA,0.8133472367049009,4,CMGC,CDK,CDK9,CDK9
CDK,-1.33,15,KRSA,0.8133472367049009,4,NA,NA,NA,CDK11A
CDK,-1.33,15,KRSA,0.8133472367049009,4,NA,NA,NA,CDK11B
RAF,-0.9583333333333334,30,KRSA,0.6256517205422315,3,TKL,RAF,RAF,ARAF
RAF,-0.9583333333333334,30,KRSA,0.6256517205422315,3,TKL,RAF,RAF,BRAF
RAF,-0.9583333333333334,30,KRSA,0.6256517205422315,3,TKL,RAF,KSR,KSR1
RAF,-0.9583333333333334,30,KRSA,0.6256517205422315,3,TKL,RAF,KSR,KSR2
RAF,-0.9583333333333334,30,KRSA,0.6256517205422315,3,TKL,RAF,RAF,RAF1
MSN,1.315,16,KRSA,0.8008342022940563,4,STE,STE20,MSN,MAP4K4
MSN,1.315,16,KRSA,0.8008342022940563,4,STE,STE20,MSN,NRK
MSN,1.315,16,KRSA,0.8008342022940563,4,STE,STE20,MSN,TNIK
PRKDC,-0.9908333333333332,28,KRSA,0.6506777893639207,3,ATYPICAL,PIKK,DNAPK,PRKDC
VRK1,-0.885,32,KRSA,0.6006256517205423,3,CK1,VRK,VRK,VRK1
AMPK,0.1875,69,KRSA,0.1251303441084463,1,CAMK,CAMKL,AMPK,PRKAA1
AMPK,0.1875,69,KRSA,0.1251303441084463,1,CAMK,CAMKL,AMPK,PRKAA2
STKR,0.5675,42,KRSA,0.4754953076120959,2,TKL,STKR,TYPE1,ACVR1
STKR,0.5675,42,KRSA,0.4754953076120959,2,TKL,STKR,TYPE1,ACVR1B
STKR,0.5675,42,KRSA,0.4754953076120959,2,TKL,STKR,TYPE1,ACVR1C
STKR,0.5675,42,KRSA,0.4754953076120959,2,TKL,STKR,TYPE2,ACVR2A
STKR,0.5675,42,KRSA,0.4754953076120959,2,TKL,STKR,TYPE2,ACVR2B
STKR,0.5675,42,KRSA,0.4754953076120959,2,TKL,STKR,TYPE1,ACVRL1
STKR,0.5675,42,KRSA,0.4754953076120959,2,TKL,STKR,TYPE2,AMHR2
STKR,0.5675,42,KRSA,0.4754953076120959,2,TKL,STKR,TYPE1,BMPR1A
STKR,0.5675,42,KRSA,0.4754953076120959,2,TKL,STKR,TYPE1,BMPR1B
STKR,0.5675,42,KRSA,0.4754953076120959,2,TKL,STKR,TYPE2,BMPR2
STKR,0.5675,42,KRSA,0.4754953076120959,2,TKL,STKR,TYPE1,TGFBR1
STKR,0.5675,42,KRSA,0.4754953076120959,2,TKL,STKR,TYPE2,TGFBR2
MELK,-0.05583333333333335,76,KRSA,0.03753910323253389,1,CAMK,CAMKL,MELK,MELK
LKB,-0.8708333333333333,33,KRSA,0.5881126173096975,3,CAMK,CAMKL,LKB,STK11
ATM,-0.9458333333333332,31,KRSA,0.6131386861313869,3,ATYPICAL,PIKK,ATM,ATM
AUR,1.0983333333333334,22,KRSA,0.7257559958289885,3,OTHER,AUR,AUR,AURKA
AUR,1.0983333333333334,22,KRSA,0.7257559958289885,3,OTHER,AUR,AUR,AURKB
AUR,1.0983333333333334,22,KRSA,0.7257559958289885,3,OTHER,AUR,AUR,AURKC
IKK,0.02499999999999999,78,KRSA,0.01251303441084463,1,OTHER,IKK,IKK,CHUK
IKK,0.02499999999999999,78,KRSA,0.01251303441084463,1,OTHER,IKK,IKK,IKBKB
IKK,0.02499999999999999,78,KRSA,0.01251303441084463,1,OTHER,IKK,IKK,IKBKE
IKK,0.02499999999999999,78,KRSA,0.01251303441084463,1,OTHER,IKK,IKK,TBK1
PDHK,-1.1125,21,KRSA,0.7382690302398331,3,ATYPICAL,PDHK,BCKDK,BCKDK
PDHK,-1.1125,21,KRSA,0.7382690302398331,3,ATYPICAL,PDHK,PDHK,PDK2
PDHK,-1.1125,21,KRSA,0.7382690302398331,3,ATYPICAL,PDHK,PDHK,PDK3
PDHK,-1.1125,21,KRSA,0.7382690302398331,3,ATYPICAL,PDHK,PDHK,PDK4
NAK,-0.42583333333333334,51,KRSA,0.35036496350364965,2,OTHER,NAK,BIKE,AAK1
NAK,-0.42583333333333334,51,KRSA,0.35036496350364965,2,OTHER,NAK,BIKE,BMP2K
NAK,-0.42583333333333334,51,KRSA,0.35036496350364965,2,OTHER,NAK,GAK,GAK
NAK,-0.42583333333333334,51,KRSA,0.35036496350364965,2,OTHER,NAK,MPSK,STK16
P38,-1.045,25,KRSA,0.6882168925964547,3,CMGC,MAPK,P38,MAPK11
P38,-1.045,25,KRSA,0.6882168925964547,3,CMGC,MAPK,P38,MAPK12
P38,-1.045,25,KRSA,0.6882168925964547,3,CMGC,MAPK,P38,MAPK13
P38,-1.045,25,KRSA,0.6882168925964547,3,CMGC,MAPK,P38,MAPK14
NDR,0.29083333333333333,62,KRSA,0.2127215849843587,1,AGC,NDR,NDR,LATS1
NDR,0.29083333333333333,62,KRSA,0.2127215849843587,1,AGC,NDR,NDR,LATS2
NDR,0.29083333333333333,62,KRSA,0.2127215849843587,1,AGC,NDR,NDR,STK38
NDR,0.29083333333333333,62,KRSA,0.2127215849843587,1,AGC,NDR,NDR,STK38L
HAL,0.06333333333333332,75,KRSA,0.05005213764337852,1,RGC,RGC,RGC,NPR1
PAKB,-0.065,74,KRSA,0.06256517205422316,1,STE,STE20,PAKB,PAK4
PAKB,-0.065,74,KRSA,0.06256517205422316,1,STE,STE20,PAKB,PAK5
PAKB,-0.065,74,KRSA,0.06256517205422316,1,STE,STE20,PAKB,PAK6
GRK,0.21666666666666667,67,KRSA,0.15015641293013557,1,AGC,GRK,GRK,GRK1
GRK,0.21666666666666667,67,KRSA,0.15015641293013557,1,AGC,GRK,GRK,GRK4
GRK,0.21666666666666667,67,KRSA,0.15015641293013557,1,AGC,GRK,GRK,GRK5
GRK,0.21666666666666667,67,KRSA,0.15015641293013557,1,AGC,GRK,GRK,GRK6
GRK,0.21666666666666667,67,KRSA,0.15015641293013557,1,AGC,GRK,GRK,GRK7
PKD,0.35583333333333333,55,KRSA,0.30031282586027114,2,CAMK,PKD,PKD,PRKD1
PKD,0.35583333333333333,55,KRSA,0.30031282586027114,2,CAMK,PKD,PKD,PRKD2
PKD,0.35583333333333333,55,KRSA,0.30031282586027114,2,CAMK,PKD,PKD,PRKD3
STE7,-1.66,6,KRSA,0.9259645464025026,4,STE,STE7,MEK1,MAP2K1
STE7,-1.66,6,KRSA,0.9259645464025026,4,STE,STE7,MEK1,MAP2K2
STE7,-1.66,6,KRSA,0.9259645464025026,4,STE,STE7,MEK3,MAP2K3
STE7,-1.66,6,KRSA,0.9259645464025026,4,STE,STE7,MEK4,MAP2K4
STE7,-1.66,6,KRSA,0.9259645464025026,4,STE,STE7,MEK5,MAP2K5
STE7,-1.66,6,KRSA,0.9259645464025026,4,STE,STE7,MEK3,MAP2K6
STE7,-1.66,6,KRSA,0.9259645464025026,4,STE,STE7,MEK7,MAP2K7
TTK,-0.3016666666666667,60,KRSA,0.23774765380604795,1,OTHER,TTK,TTK,TTK
PKN,-0.2025,68,KRSA,0.13764337851929093,1,AGC,PKN,PKN,PKN1
PKN,-0.2025,68,KRSA,0.13764337851929093,1,AGC,PKN,PKN,PKN2
PKN,-0.2025,68,KRSA,0.13764337851929093,1,AGC,PKN,PKN,PKN3
TLK,-1.044166666666667,26,KRSA,0.67570385818561,3,OTHER,TLK,TLK,TLK1
TLK,-1.044166666666667,26,KRSA,0.67570385818561,3,OTHER,TLK,TLK,TLK2
NUAK,-0.2925,61,KRSA,0.22523461939520334,1,CAMK,CAMKL,NUAK,NUAK1
NUAK,-0.2925,61,KRSA,0.22523461939520334,1,CAMK,CAMKL,NUAK,NUAK2
ATR,-0.6258333333333334,40,KRSA,0.5005213764337852,3,ATYPICAL,PIKK,ATR,ATR
CHK1,0.545,43,KRSA,0.4629822732012513,2,CAMK,CAMKL,CHK1,CHEK1
MAPKAPK,0.49166666666666664,46,KRSA,0.4254431699687174,2,CAMK,MAPKAPK,MAPKAPK,MAPKAPK2
MAPKAPK,0.49166666666666664,46,KRSA,0.4254431699687174,2,CAMK,MAPKAPK,MAPKAPK,MAPKAPK3
MAPKAPK,0.49166666666666664,46,KRSA,0.4254431699687174,2,CAMK,MAPKAPK,MAPKAPK,MAPKAPK5
MAPKAPK,0.49166666666666664,46,KRSA,0.4254431699687174,2,CAMK,MAPKAPK,MNK,MKNK1
MAPKAPK,0.49166666666666664,46,KRSA,0.4254431699687174,2,CAMK,MAPKAPK,MNK,MKNK2
CAMK2,-0.21916666666666668,66,KRSA,0.16266944734098018,1,CAMK,CAMK2,CAMK2,CAMK2A
CAMK2,-0.21916666666666668,66,KRSA,0.16266944734098018,1,CAMK,CAMK2,CAMK2,CAMK2B
CAMK2,-0.21916666666666668,66,KRSA,0.16266944734098018,1,CAMK,CAMK2,CAMK2,CAMK2D
CAMK2,-0.21916666666666668,66,KRSA,0.16266944734098018,1,CAMK,CAMK2,CAMK2,CAMK2G
NIK,-0.7291666666666666,38,KRSA,0.5255474452554745,3,STE,STE-UNIQUE,STE-UNIQUE,MAP3K14
BUD32,0.31416666666666665,59,KRSA,0.2502606882168926,2,OTHER,BUD32,BUD32,TP53RK
CLK,-0.7325,37,KRSA,0.5380604796663191,3,CMGC,CLK,CLK,CLK1
CLK,-0.7325,37,KRSA,0.5380604796663191,3,CMGC,CLK,CLK,CLK2
CLK,-0.7325,37,KRSA,0.5380604796663191,3,CMGC,CLK,CLK,CLK3
CLK,-0.7325,37,KRSA,0.5380604796663191,3,CMGC,CLK,CLK,CLK4
ULK,-0.7433333333333333,36,KRSA,0.5505735140771637,3,OTHER,ULK,FUSED,STK36
ULK,-0.7433333333333333,36,KRSA,0.5505735140771637,3,OTHER,ULK,ULK,ULK1
ULK,-0.7433333333333333,36,KRSA,0.5505735140771637,3,OTHER,ULK,ULK,ULK2
ULK,-0.7433333333333333,36,KRSA,0.5505735140771637,3,OTHER,ULK,ULK,ULK3
ULK,-0.7433333333333333,36,KRSA,0.5505735140771637,3,OTHER,ULK,ULK,ULK4
KHS,-0.22666666666666663,64,KRSA,0.18769551616266944,1,STE,STE20,KHS,MAP4K1
KHS,-0.22666666666666663,64,KRSA,0.18769551616266944,1,STE,STE20,KHS,MAP4K2
KHS,-0.22666666666666663,64,KRSA,0.18769551616266944,1,STE,STE20,KHS,MAP4K3
KHS,-0.22666666666666663,64,KRSA,0.18769551616266944,1,STE,STE20,KHS,MAP4K5
SLK,1.0633333333333332,23,KRSA,0.7132429614181439,3,STE,STE20,SLK,SLK
SLK,1.0633333333333332,23,KRSA,0.7132429614181439,3,STE,STE20,SLK,STK10
BRSK,0.3416666666666667,57,KRSA,0.27528675703858185,2,CAMK,CAMKL,BRSK,BRSK1
BRSK,0.3416666666666667,57,KRSA,0.27528675703858185,2,CAMK,CAMKL,BRSK,BRSK2
WNK,-0.3975,53,KRSA,0.32533889468196037,2,OTHER,WNK,WNK,WNK1
WNK,-0.3975,53,KRSA,0.32533889468196037,2,OTHER,WNK,WNK,WNK2
WNK,-0.3975,53,KRSA,0.32533889468196037,2,OTHER,WNK,WNK,WNK3
WNK,-0.3975,53,KRSA,0.32533889468196037,2,OTHER,WNK,WNK,WNK4
MOS,1.0433333333333332,27,KRSA,0.6631908237747653,3,OTHER,MOS,MOS,MOS
GSK,-0.1525,70,KRSA,0.11261730969760167,1,CMGC,GSK,GSK,GSK3A
GSK,-0.1525,70,KRSA,0.11261730969760167,1,CMGC,GSK,GSK,GSK3B
PKCH,-0.595,41,KRSA,0.4880083420229406,2,AGC,PKC,ETA,PRKCE
PKCH,-0.595,41,KRSA,0.4880083420229406,2,AGC,PKC,ETA,PRKCH
PKCI,0.43583333333333335,50,KRSA,0.36287799791449427,2,AGC,PKC,IOTA,PRKCI
PKCI,0.43583333333333335,50,KRSA,0.36287799791449427,2,AGC,PKC,IOTA,PRKCZ
RAD53,0.13083333333333333,72,KRSA,0.08759124087591241,1,CAMK,RAD53,RAD53,CHEK2
PKCA,0.4916666666666667,45,KRSA,0.43795620437956206,2,AGC,PKC,ALPHA,PRKCA
PKCA,0.4916666666666667,45,KRSA,0.43795620437956206,2,AGC,PKC,ALPHA,PRKCB
PKCA,0.4916666666666667,45,KRSA,0.43795620437956206,2,AGC,PKC,ALPHA,PRKCG
STE11,-0.3466666666666667,56,KRSA,0.28779979144942647,2,TKL,MLK,TAK1,MAP3K7
STE11,-0.3466666666666667,56,KRSA,0.28779979144942647,2,STE,STE11,MEKK1,MAP3K1
STE11,-0.3466666666666667,56,KRSA,0.28779979144942647,2,STE,STE11,ASK,MAP3K15
STE11,-0.3466666666666667,56,KRSA,0.28779979144942647,2,STE,STE11,MEKK2,MAP3K2
STE11,-0.3466666666666667,56,KRSA,0.28779979144942647,2,STE,STE11,MEKK2,MAP3K3
STE11,-0.3466666666666667,56,KRSA,0.28779979144942647,2,STE,STE11,MEKK4,MAP3K4
STE11,-0.3466666666666667,56,KRSA,0.28779979144942647,2,STE,STE11,ASK,MAP3K5
STE11,-0.3466666666666667,56,KRSA,0.28779979144942647,2,STE,STE11,ASK,MAP3K6
QIK,-1.255,18,KRSA,0.7758081334723671,4,CAMK,CAMKL,QIK,SIK1
QIK,-1.255,18,KRSA,0.7758081334723671,4,CAMK,CAMKL,QIK,SIK2
PIM,0.15083333333333335,71,KRSA,0.10010427528675704,1,CAMK,PIM,PIM,PIM1
PIM,0.15083333333333335,71,KRSA,0.10010427528675704,1,CAMK,PIM,PIM,PIM2
PIM,0.15083333333333335,71,KRSA,0.10010427528675704,1,CAMK,PIM,PIM,PIM3
IRAK,0.22583333333333333,65,KRSA,0.17518248175182483,1,TKL,IRAK,IRAK,IRAK1
IRAK,0.22583333333333333,65,KRSA,0.17518248175182483,1,TKL,IRAK,IRAK,IRAK2
IRAK,0.22583333333333333,65,KRSA,0.17518248175182483,1,TKL,IRAK,IRAK,IRAK3
IRAK,0.22583333333333333,65,KRSA,0.17518248175182483,1,TKL,IRAK,IRAK,IRAK4
MLCK,-0.49583333333333335,44,KRSA,0.4504692387904067,2,CAMK,MLCK,MLCK,MYLK
MLCK,-0.49583333333333335,44,KRSA,0.4504692387904067,2,CAMK,MLCK,MLCK,MYLK2
MLCK,-0.49583333333333335,44,KRSA,0.4504692387904067,2,CAMK,MLCK,MLCK,TTN
COT,0.02666666666666666,77,KRSA,0.02502606882168926,1,STE,STE-UNIQUE,STE-UNIQUE,MAP3K8
CK1,-1.275,17,KRSA,0.7883211678832117,4,CK1,CK1,CK1-A,CSNK1A1
CK1,-1.275,17,KRSA,0.7883211678832117,4,CK1,CK1,CK1-A,CSNK1A1L
CK1,-1.275,17,KRSA,0.7883211678832117,4,CK1,CK1,CK1-D,CSNK1D
CK1,-1.275,17,KRSA,0.7883211678832117,4,CK1,CK1,CK1-D,CSNK1E
CK1,-1.275,17,KRSA,0.7883211678832117,4,CK1,CK1,CK1-G,CSNK1G1
CK1,-1.275,17,KRSA,0.7883211678832117,4,CK1,CK1,CK1-G,CSNK1G2
CK1,-1.275,17,KRSA,0.7883211678832117,4,CK1,CK1,CK1-G,CSNK1G3
CK1,-1.275,17,KRSA,0.7883211678832117,4,CK1,TTBK,TTBK,TTBK1
CK1,-1.275,17,KRSA,0.7883211678832117,4,CK1,TTBK,TTBK,TTBK2
CK1,-1.275,17,KRSA,0.7883211678832117,4,CK1,VRK,VRK,VRK3
PAKA,-0.8558333333333333,35,KRSA,0.5630865484880083,3,STE,STE20,PAKA,PAK1
PAKA,-0.8558333333333333,35,KRSA,0.5630865484880083,3,STE,STE20,PAKA,PAK2
PAKA,-0.8558333333333333,35,KRSA,0.5630865484880083,3,STE,STE20,PAKA,PAK3
PHK,0.2425,63,KRSA,0.20020855057351408,1,CAMK,PHK,PHK,PHKG1
PHK,0.2425,63,KRSA,0.20020855057351408,1,CAMK,PHK,PHK,PHKG2
MST,-0.4558333333333333,47,KRSA,0.4129301355578728,2,STE,STE20,MST,STK3
MST,-0.4558333333333333,47,KRSA,0.4129301355578728,2,STE,STE20,MST,STK4
PLK,-0.86,34,KRSA,0.5755995828988529,3,NA,NA,NA,PLK5
PLK,-0.86,34,KRSA,0.5755995828988529,3,OTHER,PLK,PLK1,PLK1
PLK,-0.86,34,KRSA,0.5755995828988529,3,OTHER,PLK,PLK2,PLK2
PLK,-0.86,34,KRSA,0.5755995828988529,3,OTHER,PLK,PLK2,PLK3
PLK,-0.86,34,KRSA,0.5755995828988529,3,OTHER,PLK,SAK,PLK4
MTOR,-0.09166666666666667,73,KRSA,0.07507820646506778,1,ATYPICAL,PIKK,FRAP,MTOR
NEK,-1.5566666666666666,8,KRSA,0.9009384775808134,4,OTHER,NEK,NEK11,NEK11
NEK,-1.5566666666666666,8,KRSA,0.9009384775808134,4,OTHER,NEK,NEK2,NEK2
NEK,-1.5566666666666666,8,KRSA,0.9009384775808134,4,OTHER,NEK,NEK1,NEK3
NEK,-1.5566666666666666,8,KRSA,0.9009384775808134,4,OTHER,NEK,NEK4,NEK4
NEK,-1.5566666666666666,8,KRSA,0.9009384775808134,4,OTHER,NEK,NEK1,NEK5
NEK,-1.5566666666666666,8,KRSA,0.9009384775808134,4,OTHER,NEK,NEK6,NEK6
NEK,-1.5566666666666666,8,KRSA,0.9009384775808134,4,OTHER,NEK,NEK6,NEK7
NEK,-1.5566666666666666,8,KRSA,0.9009384775808134,4,OTHER,NEK,NEK8,NEK8
NEK,-1.5566666666666666,8,KRSA,0.9009384775808134,4,OTHER,NEK,NEK8,NEK9
NEK,-1.5566666666666666,8,KRSA,0.9009384775808134,4,OTHER,NEK,NEK11,NEK11
NEK,-1.5566666666666666,8,KRSA,0.9009384775808134,4,OTHER,NEK,NEK2,NEK2
NEK,-1.5566666666666666,8,KRSA,0.9009384775808134,4,OTHER,NEK,NEK1,NEK3
NEK,-1.5566666666666666,8,KRSA,0.9009384775808134,4,OTHER,NEK,NEK4,NEK4
NEK,-1.5566666666666666,8,KRSA,0.9009384775808134,4,OTHER,NEK,NEK1,NEK5
NEK,-1.5566666666666666,8,KRSA,0.9009384775808134,4,OTHER,NEK,NEK6,NEK6
NEK,-1.5566666666666666,8,KRSA,0.9009384775808134,4,OTHER,NEK,NEK6,NEK7
NEK,-1.5566666666666666,8,KRSA,0.9009384775808134,4,OTHER,NEK,NEK8,NEK8
NEK,-1.5566666666666666,8,KRSA,0.9009384775808134,4,OTHER,NEK,NEK8,NEK9
CK1,-1.275,17,KRSA,0.7883211678832117,4,CK1,CK1,CK1-A,CSNK1A1
CK1,-1.275,17,KRSA,0.7883211678832117,4,CK1,CK1,CK1-A,CSNK1A1L
CK1,-1.275,17,KRSA,0.7883211678832117,4,CK1,CK1,CK1-D,CSNK1D
CK1,-1.275,17,KRSA,0.7883211678832117,4,CK1,CK1,CK1-D,CSNK1E
CK1,-1.275,17,KRSA,0.7883211678832117,4,CK1,CK1,CK1-G,CSNK1G1
CK1,-1.275,17,KRSA,0.7883211678832117,4,CK1,CK1,CK1-G,CSNK1G2
CK1,-1.275,17,KRSA,0.7883211678832117,4,CK1,CK1,CK1-G,CSNK1G3
CK1,-1.275,17,KRSA,0.7883211678832117,4,CK1,TTBK,TTBK,TTBK1
CK1,-1.275,17,KRSA,0.7883211678832117,4,CK1,TTBK,TTBK,TTBK2
CK1,-1.275,17,KRSA,0.7883211678832117,4,CK1,VRK,VRK,VRK3
QIK,-1.255,18,KRSA,0.7758081334723671,4,CAMK,CAMKL,QIK,SIK1
QIK,-1.255,18,KRSA,0.7758081334723671,4,CAMK,CAMKL,QIK,SIK2
JNK,-1.475,10,KRSA,0.8759124087591241,4,CMGC,MAPK,JNK,MAPK10
JNK,-1.475,10,KRSA,0.8759124087591241,4,CMGC,MAPK,JNK,MAPK8
JNK,-1.475,10,KRSA,0.8759124087591241,4,CMGC,MAPK,JNK,MAPK9
PKG,1.8525,2,KRSA,0.9760166840458812,4,AGC,PKG,PKG,PRKG1
PKG,1.8525,2,KRSA,0.9760166840458812,4,AGC,PKG,PKG,PRKG2
RAF,-0.9583333333333334,30,KRSA,0.6256517205422315,3,TKL,RAF,RAF,ARAF
RAF,-0.9583333333333334,30,KRSA,0.6256517205422315,3,TKL,RAF,RAF,BRAF
RAF,-0.9583333333333334,30,KRSA,0.6256517205422315,3,TKL,RAF,KSR,KSR1
RAF,-0.9583333333333334,30,KRSA,0.6256517205422315,3,TKL,RAF,KSR,KSR2
RAF,-0.9583333333333334,30,KRSA,0.6256517205422315,3,TKL,RAF,RAF,RAF1
FRAY,-1.465833333333333,11,KRSA,0.8633993743482794,4,STE,STE20,FRAY,OXSR1
FRAY,-1.465833333333333,11,KRSA,0.8633993743482794,4,STE,STE20,FRAY,STK39
PDHK,-1.1125,21,KRSA,0.7382690302398331,3,ATYPICAL,PDHK,BCKDK,BCKDK
PDHK,-1.1125,21,KRSA,0.7382690302398331,3,ATYPICAL,PDHK,PDHK,PDK2
PDHK,-1.1125,21,KRSA,0.7382690302398331,3,ATYPICAL,PDHK,PDHK,PDK3
PDHK,-1.1125,21,KRSA,0.7382690302398331,3,ATYPICAL,PDHK,PDHK,PDK4
PDK1,-1.7266666666666666,4,KRSA,0.9509906152241918,4,ATYPICAL,PDHK,PDHK,PDK1
PDK1,-1.7266666666666666,4,KRSA,0.9509906152241918,4,AGC,PDK1,PDK1,PDPK1
PAKA,-0.8558333333333333,35,KRSA,0.5630865484880083,3,STE,STE20,PAKA,PAK1
PAKA,-0.8558333333333333,35,KRSA,0.5630865484880083,3,STE,STE20,PAKA,PAK2
PAKA,-0.8558333333333333,35,KRSA,0.5630865484880083,3,STE,STE20,PAKA,PAK3
ERK,-1.909166666666667,1,KRSA,0.9885297184567258,4,CMGC,MAPK,ERK1,MAPK1
ERK,-1.909166666666667,1,KRSA,0.9885297184567258,4,CMGC,MAPK,ERK7,MAPK15
ERK,-1.909166666666667,1,KRSA,0.9885297184567258,4,CMGC,MAPK,ERK1,MAPK3
ERK,-1.909166666666667,1,KRSA,0.9885297184567258,4,CMGC,MAPK,ERK3,MAPK4
ERK,-1.909166666666667,1,KRSA,0.9885297184567258,4,CMGC,MAPK,ERK3,MAPK6
ERK,-1.909166666666667,1,KRSA,0.9885297184567258,4,CMGC,MAPK,ERK5,MAPK7
STE7,-1.66,6,KRSA,0.9259645464025026,4,STE,STE7,MEK1,MAP2K1
STE7,-1.66,6,KRSA,0.9259645464025026,4,STE,STE7,MEK1,MAP2K2
STE7,-1.66,6,KRSA,0.9259645464025026,4,STE,STE7,MEK3,MAP2K3
STE7,-1.66,6,KRSA,0.9259645464025026,4,STE,STE7,MEK4,MAP2K4
STE7,-1.66,6,KRSA,0.9259645464025026,4,STE,STE7,MEK5,MAP2K5
STE7,-1.66,6,KRSA,0.9259645464025026,4,STE,STE7,MEK3,MAP2K6
STE7,-1.66,6,KRSA,0.9259645464025026,4,STE,STE7,MEK7,MAP2K7
RIPK,1.4966666666666666,9,KRSA,0.8884254431699687,4,TKL,RIPK,RIPK,ANKK1
RIPK,1.4966666666666666,9,KRSA,0.8884254431699687,4,TKL,RIPK,RIPK,RIPK1
RIPK,1.4966666666666666,9,KRSA,0.8884254431699687,4,TKL,RIPK,RIPK,RIPK2
RIPK,1.4966666666666666,9,KRSA,0.8884254431699687,4,TKL,RIPK,RIPK,RIPK3
RIPK,1.4966666666666666,9,KRSA,0.8884254431699687,4,TKL,RIPK,RIPK,RIPK4
NMO,-1.7591666666666663,3,KRSA,0.9635036496350365,4,CMGC,MAPK,NMO,NLK
PKA,1.669166666666667,5,KRSA,0.9384775808133472,4,AGC,PKA,PKA,PRKACA
PKA,1.669166666666667,5,KRSA,0.9384775808133472,4,AGC,PKA,PKA,PRKACB
PKA,1.669166666666667,5,KRSA,0.9384775808133472,4,AGC,PKA,PKA,PRKACG
PKA,1.669166666666667,5,KRSA,0.9384775808133472,4,AGC,PKA,PKA,PRKX
PKA,1.669166666666667,5,KRSA,0.9384775808133472,4,AGC,PKA,PKA,PRKY
BARK2,-0.45,48,KRSA,0.40041710114702816,2,AGC,GRK,BARK,GRK3
MELK,-0.05583333333333335,76,KRSA,0.03753910323253389,1,CAMK,CAMKL,MELK,MELK
P38,-1.045,25,KRSA,0.6882168925964547,3,CMGC,MAPK,P38,MAPK11
P38,-1.045,25,KRSA,0.6882168925964547,3,CMGC,MAPK,P38,MAPK12
P38,-1.045,25,KRSA,0.6882168925964547,3,CMGC,MAPK,P38,MAPK13
P38,-1.045,25,KRSA,0.6882168925964547,3,CMGC,MAPK,P38,MAPK14
PKCH,-0.595,41,KRSA,0.4880083420229406,2,AGC,PKC,ETA,PRKCE
PKCH,-0.595,41,KRSA,0.4880083420229406,2,AGC,PKC,ETA,PRKCH
MOS,1.0433333333333332,27,KRSA,0.6631908237747653,3,OTHER,MOS,MOS,MOS
RAD53,0.13083333333333333,72,KRSA,0.08759124087591241,1,CAMK,RAD53,RAD53,CHEK2
BRSK,0.3416666666666667,57,KRSA,0.27528675703858185,2,CAMK,CAMKL,BRSK,BRSK1
BRSK,0.3416666666666667,57,KRSA,0.27528675703858185,2,CAMK,CAMKL,BRSK,BRSK2
BUD32,0.31416666666666665,59,KRSA,0.2502606882168926,2,OTHER,BUD32,BUD32,TP53RK
SLK,1.0633333333333332,23,KRSA,0.7132429614181439,3,STE,STE20,SLK,SLK
SLK,1.0633333333333332,23,KRSA,0.7132429614181439,3,STE,STE20,SLK,STK10
CAMKK,1.455833333333333,12,KRSA,0.8508863399374348,4,OTHER,CAMKK,META,CAMKK1
CAMKK,1.455833333333333,12,KRSA,0.8508863399374348,4,OTHER,CAMKK,META,CAMKK2
PASK,1.4433333333333334,13,KRSA,0.8383733055265902,4,CAMK,CAMKL,PASK,PASK
PAKB,-0.065,74,KRSA,0.06256517205422316,1,STE,STE20,PAKB,PAK4
PAKB,-0.065,74,KRSA,0.06256517205422316,1,STE,STE20,PAKB,PAK5
PAKB,-0.065,74,KRSA,0.06256517205422316,1,STE,STE20,PAKB,PAK6
NAK,-0.42583333333333334,51,KRSA,0.35036496350364965,2,OTHER,NAK,BIKE,AAK1
NAK,-0.42583333333333334,51,KRSA,0.35036496350364965,2,OTHER,NAK,BIKE,BMP2K
NAK,-0.42583333333333334,51,KRSA,0.35036496350364965,2,OTHER,NAK,GAK,GAK
NAK,-0.42583333333333334,51,KRSA,0.35036496350364965,2,OTHER,NAK,MPSK,STK16
TLK,-1.044166666666667,26,KRSA,0.67570385818561,3,OTHER,TLK,TLK,TLK1
TLK,-1.044166666666667,26,KRSA,0.67570385818561,3,OTHER,TLK,TLK,TLK2
PKN,-0.2025,68,KRSA,0.13764337851929093,1,AGC,PKN,PKN,PKN1
PKN,-0.2025,68,KRSA,0.13764337851929093,1,AGC,PKN,PKN,PKN2
PKN,-0.2025,68,KRSA,0.13764337851929093,1,AGC,PKN,PKN,PKN3
AMPK,0.1875,69,KRSA,0.1251303441084463,1,CAMK,CAMKL,AMPK,PRKAA1
AMPK,0.1875,69,KRSA,0.1251303441084463,1,CAMK,CAMKL,AMPK,PRKAA2
AUR,1.0983333333333334,22,KRSA,0.7257559958289885,3,OTHER,AUR,AUR,AURKA
AUR,1.0983333333333334,22,KRSA,0.7257559958289885,3,OTHER,AUR,AUR,AURKB
AUR,1.0983333333333334,22,KRSA,0.7257559958289885,3,OTHER,AUR,AUR,AURKC
PEK,-1.65,7,KRSA,0.913451511991658,4,OTHER,PEK,HRI,EIF2AK1
PEK,-1.65,7,KRSA,0.913451511991658,4,OTHER,PEK,PKR,EIF2AK2
PEK,-1.65,7,KRSA,0.913451511991658,4,OTHER,PEK,PEK,EIF2AK3
PEK,-1.65,7,KRSA,0.913451511991658,4,OTHER,PEK,GCN2,EIF2AK4
MST,-0.4558333333333333,47,KRSA,0.4129301355578728,2,STE,STE20,MST,STK3
MST,-0.4558333333333333,47,KRSA,0.4129301355578728,2,STE,STE20,MST,STK4
MLCK,-0.49583333333333335,44,KRSA,0.4504692387904067,2,CAMK,MLCK,MLCK,MYLK
MLCK,-0.49583333333333335,44,KRSA,0.4504692387904067,2,CAMK,MLCK,MLCK,MYLK2
MLCK,-0.49583333333333335,44,KRSA,0.4504692387904067,2,CAMK,MLCK,MLCK,TTN
KHS,-0.22666666666666663,64,KRSA,0.18769551616266944,1,STE,STE20,KHS,MAP4K1
KHS,-0.22666666666666663,64,KRSA,0.18769551616266944,1,STE,STE20,KHS,MAP4K2
KHS,-0.22666666666666663,64,KRSA,0.18769551616266944,1,STE,STE20,KHS,MAP4K3
KHS,-0.22666666666666663,64,KRSA,0.18769551616266944,1,STE,STE20,KHS,MAP4K5
CLK,-0.7325,37,KRSA,0.5380604796663191,3,CMGC,CLK,CLK,CLK1
CLK,-0.7325,37,KRSA,0.5380604796663191,3,CMGC,CLK,CLK,CLK2
CLK,-0.7325,37,KRSA,0.5380604796663191,3,CMGC,CLK,CLK,CLK3
CLK,-0.7325,37,KRSA,0.5380604796663191,3,CMGC,CLK,CLK,CLK4
PLK,-0.86,34,KRSA,0.5755995828988529,3,NA,NA,NA,PLK5
PLK,-0.86,34,KRSA,0.5755995828988529,3,OTHER,PLK,PLK1,PLK1
PLK,-0.86,34,KRSA,0.5755995828988529,3,OTHER,PLK,PLK2,PLK2
PLK,-0.86,34,KRSA,0.5755995828988529,3,OTHER,PLK,PLK2,PLK3
PLK,-0.86,34,KRSA,0.5755995828988529,3,OTHER,PLK,SAK,PLK4
NIK,-0.7291666666666666,38,KRSA,0.5255474452554745,3,STE,STE-UNIQUE,STE-UNIQUE,MAP3K14
WNK,-0.3975,53,KRSA,0.32533889468196037,2,OTHER,WNK,WNK,WNK1
WNK,-0.3975,53,KRSA,0.32533889468196037,2,OTHER,WNK,WNK,WNK2
WNK,-0.3975,53,KRSA,0.32533889468196037,2,OTHER,WNK,WNK,WNK3
WNK,-0.3975,53,KRSA,0.32533889468196037,2,OTHER,WNK,WNK,WNK4
TAO,0.3175,58,KRSA,0.26277372262773724,2,STE,STE20,TAO,TAOK1
TAO,0.3175,58,KRSA,0.26277372262773724,2,STE,STE20,TAO,TAOK2
TAO,0.3175,58,KRSA,0.26277372262773724,2,STE,STE20,TAO,TAOK3
ULK,-0.7433333333333333,36,KRSA,0.5505735140771637,3,OTHER,ULK,FUSED,STK36
ULK,-0.7433333333333333,36,KRSA,0.5505735140771637,3,OTHER,ULK,ULK,ULK1
ULK,-0.7433333333333333,36,KRSA,0.5505735140771637,3,OTHER,ULK,ULK,ULK2
ULK,-0.7433333333333333,36,KRSA,0.5505735140771637,3,OTHER,ULK,ULK,ULK3
ULK,-0.7433333333333333,36,KRSA,0.5505735140771637,3,OTHER,ULK,ULK,ULK4
GRK,0.21666666666666667,67,KRSA,0.15015641293013557,1,AGC,GRK,GRK,GRK1
GRK,0.21666666666666667,67,KRSA,0.15015641293013557,1,AGC,GRK,GRK,GRK4
GRK,0.21666666666666667,67,KRSA,0.15015641293013557,1,AGC,GRK,GRK,GRK5
GRK,0.21666666666666667,67,KRSA,0.15015641293013557,1,AGC,GRK,GRK,GRK6
GRK,0.21666666666666667,67,KRSA,0.15015641293013557,1,AGC,GRK,GRK,GRK7
DMPK,1.4016666666666666,14,KRSA,0.8258602711157456,4,AGC,DMPK,GEK,CDC42BPA
DMPK,1.4016666666666666,14,KRSA,0.8258602711157456,4,AGC,DMPK,GEK,CDC42BPB
DMPK,1.4016666666666666,14,KRSA,0.8258602711157456,4,AGC,DMPK,GEK,CDC42BPG
DMPK,1.4016666666666666,14,KRSA,0.8258602711157456,4,AGC,DMPK,CRIK,CIT
DMPK,1.4016666666666666,14,KRSA,0.8258602711157456,4,AGC,DMPK,GEK,DMPK
DMPK,1.4016666666666666,14,KRSA,0.8258602711157456,4,AGC,DMPK,ROCK,ROCK1
DMPK,1.4016666666666666,14,KRSA,0.8258602711157456,4,AGC,DMPK,ROCK,ROCK2
DAPK,1.1891666666666667,20,KRSA,0.7507820646506778,4,CAMK,DAPK,DAPK,DAPK1
DAPK,1.1891666666666667,20,KRSA,0.7507820646506778,4,CAMK,DAPK,DAPK,DAPK2
DAPK,1.1891666666666667,20,KRSA,0.7507820646506778,4,CAMK,DAPK,DAPK,DAPK3
DAPK,1.1891666666666667,20,KRSA,0.7507820646506778,4,CAMK,DAPK,DRAK,STK17A
DAPK,1.1891666666666667,20,KRSA,0.7507820646506778,4,CAMK,DAPK,DRAK,STK17B
STE11,-0.3466666666666667,56,KRSA,0.28779979144942647,2,TKL,MLK,TAK1,MAP3K7
STE11,-0.3466666666666667,56,KRSA,0.28779979144942647,2,STE,STE11,MEKK1,MAP3K1
STE11,-0.3466666666666667,56,KRSA,0.28779979144942647,2,STE,STE11,ASK,MAP3K15
STE11,-0.3466666666666667,56,KRSA,0.28779979144942647,2,STE,STE11,MEKK2,MAP3K2
STE11,-0.3466666666666667,56,KRSA,0.28779979144942647,2,STE,STE11,MEKK2,MAP3K3
STE11,-0.3466666666666667,56,KRSA,0.28779979144942647,2,STE,STE11,MEKK4,MAP3K4
STE11,-0.3466666666666667,56,KRSA,0.28779979144942647,2,STE,STE11,ASK,MAP3K5
STE11,-0.3466666666666667,56,KRSA,0.28779979144942647,2,STE,STE11,ASK,MAP3K6
AKT,1.0566666666666666,24,KRSA,0.7007299270072993,3,AGC,AKT,AKT,AKT1
AKT,1.0566666666666666,24,KRSA,0.7007299270072993,3,AGC,AKT,AKT,AKT2
AKT,1.0566666666666666,24,KRSA,0.7007299270072993,3,AGC,AKT,AKT,AKT3
CDK,-1.33,15,KRSA,0.8133472367049009,4,CMGC,CDK,CDC2,CDK1
CDK,-1.33,15,KRSA,0.8133472367049009,4,CMGC,CDK,CDK10,CDK10
CDK,-1.33,15,KRSA,0.8133472367049009,4,CMGC,CDK,CRK7,CDK12
CDK,-1.33,15,KRSA,0.8133472367049009,4,CMGC,CDK,CRK7,CDK13
CDK,-1.33,15,KRSA,0.8133472367049009,4,CMGC,CDK,PFTAIRE,CDK14
CDK,-1.33,15,KRSA,0.8133472367049009,4,CMGC,CDK,PFTAIRE,CDK15
CDK,-1.33,15,KRSA,0.8133472367049009,4,CMGC,CDK,PCTAIRE,CDK16
CDK,-1.33,15,KRSA,0.8133472367049009,4,CMGC,CDK,PCTAIRE,CDK17
CDK,-1.33,15,KRSA,0.8133472367049009,4,CMGC,CDK,PCTAIRE,CDK18
CDK,-1.33,15,KRSA,0.8133472367049009,4,CMGC,CDK,CDK8,CDK19
CDK,-1.33,15,KRSA,0.8133472367049009,4,CMGC,CDK,CDC2,CDK2
CDK,-1.33,15,KRSA,0.8133472367049009,4,CMGC,CDK,CCRK,CDK20
CDK,-1.33,15,KRSA,0.8133472367049009,4,CMGC,CDK,CDC2,CDK3
CDK,-1.33,15,KRSA,0.8133472367049009,4,CMGC,CDK,CDK4,CDK4
CDK,-1.33,15,KRSA,0.8133472367049009,4,CMGC,CDK,CDK5,CDK5
CDK,-1.33,15,KRSA,0.8133472367049009,4,CMGC,CDK,CDK4,CDK6
CDK,-1.33,15,KRSA,0.8133472367049009,4,CMGC,CDK,CDK7,CDK7
CDK,-1.33,15,KRSA,0.8133472367049009,4,CMGC,CDK,CDK8,CDK8
CDK,-1.33,15,KRSA,0.8133472367049009,4,CMGC,CDK,CDK9,CDK9
CDK,-1.33,15,KRSA,0.8133472367049009,4,NA,NA,NA,CDK11A
CDK,-1.33,15,KRSA,0.8133472367049009,4,NA,NA,NA,CDK11B
CAMK1,0.9666666666666668,29,KRSA,0.6381647549530761,3,CAMK,CAMK1,CAMK1,CAMK1
CAMK1,0.9666666666666668,29,KRSA,0.6381647549530761,3,CAMK,CAMK1,CAMK1,CAMK1D
CAMK1,0.9666666666666668,29,KRSA,0.6381647549530761,3,CAMK,CAMK1,CAMK1,CAMK1G
CAMK1,0.9666666666666668,29,KRSA,0.6381647549530761,3,CAMK,CAMK1,CAMK1,CAMK4
CAMK1,0.9666666666666668,29,KRSA,0.6381647549530761,3,CAMK,CAMK1,CAMK1,PNCK
SGK,0.43583333333333335,50,KRSA,0.36287799791449427,2,AGC,SGK,SGK,SGK1
SGK,0.43583333333333335,50,KRSA,0.36287799791449427,2,AGC,SGK,SGK,SGK2
SGK,0.43583333333333335,50,KRSA,0.36287799791449427,2,AGC,SGK,SGK,SGK3
MLK,0.4066666666666667,52,KRSA,0.337851929092805,2,TKL,MLK,ILK,ILK
MLK,0.4066666666666667,52,KRSA,0.337851929092805,2,TKL,MLK,MLK,MAP3K10
MLK,0.4066666666666667,52,KRSA,0.337851929092805,2,TKL,MLK,MLK,MAP3K11
MLK,0.4066666666666667,52,KRSA,0.337851929092805,2,TKL,MLK,LZK,MAP3K12
MLK,0.4066666666666667,52,KRSA,0.337851929092805,2,TKL,MLK,LZK,MAP3K13
MLK,0.4066666666666667,52,KRSA,0.337851929092805,2,TKL,MLK,MLK,MAP3K9
MLK,0.4066666666666667,52,KRSA,0.337851929092805,2,TKL,MLK,HH498,TNNI3K
ATM,-0.9458333333333332,31,KRSA,0.6131386861313869,3,ATYPICAL,PIKK,ATM,ATM
PRKDC,-0.9908333333333332,28,KRSA,0.6506777893639207,3,ATYPICAL,PIKK,DNAPK,PRKDC
MTOR,-0.09166666666666667,73,KRSA,0.07507820646506778,1,ATYPICAL,PIKK,FRAP,MTOR
MSN,1.315,16,KRSA,0.8008342022940563,4,STE,STE20,MSN,MAP4K4
MSN,1.315,16,KRSA,0.8008342022940563,4,STE,STE20,MSN,NRK
MSN,1.315,16,KRSA,0.8008342022940563,4,STE,STE20,MSN,TNIK
PIM,0.15083333333333335,71,KRSA,0.10010427528675704,1,CAMK,PIM,PIM,PIM1
PIM,0.15083333333333335,71,KRSA,0.10010427528675704,1,CAMK,PIM,PIM,PIM2
PIM,0.15083333333333335,71,KRSA,0.10010427528675704,1,CAMK,PIM,PIM,PIM3
PKD,0.35583333333333333,55,KRSA,0.30031282586027114,2,CAMK,PKD,PKD,PRKD1
PKD,0.35583333333333333,55,KRSA,0.30031282586027114,2,CAMK,PKD,PKD,PRKD2
PKD,0.35583333333333333,55,KRSA,0.30031282586027114,2,CAMK,PKD,PKD,PRKD3
PKCI,0.43583333333333335,50,KRSA,0.36287799791449427,2,AGC,PKC,IOTA,PRKCI
PKCI,0.43583333333333335,50,KRSA,0.36287799791449427,2,AGC,PKC,IOTA,PRKCZ
HAL,0.06333333333333332,75,KRSA,0.05005213764337852,1,RGC,RGC,RGC,NPR1
NUAK,-0.2925,61,KRSA,0.22523461939520334,1,CAMK,CAMKL,NUAK,NUAK1
NUAK,-0.2925,61,KRSA,0.22523461939520334,1,CAMK,CAMKL,NUAK,NUAK2
IRAK,0.22583333333333333,65,KRSA,0.17518248175182483,1,TKL,IRAK,IRAK,IRAK1
IRAK,0.22583333333333333,65,KRSA,0.17518248175182483,1,TKL,IRAK,IRAK,IRAK2
IRAK,0.22583333333333333,65,KRSA,0.17518248175182483,1,TKL,IRAK,IRAK,IRAK3
IRAK,0.22583333333333333,65,KRSA,0.17518248175182483,1,TKL,IRAK,IRAK,IRAK4
TTK,-0.3016666666666667,60,KRSA,0.23774765380604795,1,OTHER,TTK,TTK,TTK
LKB,-0.8708333333333333,33,KRSA,0.5881126173096975,3,CAMK,CAMKL,LKB,STK11
MAPKAPK,0.49166666666666664,46,KRSA,0.4254431699687174,2,CAMK,MAPKAPK,MAPKAPK,MAPKAPK2
MAPKAPK,0.49166666666666664,46,KRSA,0.4254431699687174,2,CAMK,MAPKAPK,MAPKAPK,MAPKAPK3
MAPKAPK,0.49166666666666664,46,KRSA,0.4254431699687174,2,CAMK,MAPKAPK,MAPKAPK,MAPKAPK5
MAPKAPK,0.49166666666666664,46,KRSA,0.4254431699687174,2,CAMK,MAPKAPK,MNK,MKNK1
MAPKAPK,0.49166666666666664,46,KRSA,0.4254431699687174,2,CAMK,MAPKAPK,MNK,MKNK2
PHK,0.2425,63,KRSA,0.20020855057351408,1,CAMK,PHK,PHK,PHKG1
PHK,0.2425,63,KRSA,0.20020855057351408,1,CAMK,PHK,PHK,PHKG2
STKR,0.5675,42,KRSA,0.4754953076120959,2,TKL,STKR,TYPE1,ACVR1
STKR,0.5675,42,KRSA,0.4754953076120959,2,TKL,STKR,TYPE1,ACVR1B
STKR,0.5675,42,KRSA,0.4754953076120959,2,TKL,STKR,TYPE1,ACVR1C
STKR,0.5675,42,KRSA,0.4754953076120959,2,TKL,STKR,TYPE2,ACVR2A
STKR,0.5675,42,KRSA,0.4754953076120959,2,TKL,STKR,TYPE2,ACVR2B
STKR,0.5675,42,KRSA,0.4754953076120959,2,TKL,STKR,TYPE1,ACVRL1
STKR,0.5675,42,KRSA,0.4754953076120959,2,TKL,STKR,TYPE2,AMHR2
STKR,0.5675,42,KRSA,0.4754953076120959,2,TKL,STKR,TYPE1,BMPR1A
STKR,0.5675,42,KRSA,0.4754953076120959,2,TKL,STKR,TYPE1,BMPR1B
STKR,0.5675,42,KRSA,0.4754953076120959,2,TKL,STKR,TYPE2,BMPR2
STKR,0.5675,42,KRSA,0.4754953076120959,2,TKL,STKR,TYPE1,TGFBR1
STKR,0.5675,42,KRSA,0.4754953076120959,2,TKL,STKR,TYPE2,TGFBR2
GSK,-0.1525,70,KRSA,0.11261730969760167,1,CMGC,GSK,GSK,GSK3A
GSK,-0.1525,70,KRSA,0.11261730969760167,1,CMGC,GSK,GSK,GSK3B
DYRK,-1.2141666666666666,19,KRSA,0.7632950990615224,4,CMGC,DYRK,DYRK1,DYRK1A
DYRK,-1.2141666666666666,19,KRSA,0.7632950990615224,4,CMGC,DYRK,DYRK1,DYRK1B
DYRK,-1.2141666666666666,19,KRSA,0.7632950990615224,4,CMGC,DYRK,DYRK2,DYRK2
DYRK,-1.2141666666666666,19,KRSA,0.7632950990615224,4,CMGC,DYRK,DYRK2,DYRK3
DYRK,-1.2141666666666666,19,KRSA,0.7632950990615224,4,CMGC,DYRK,DYRK2,DYRK4
DYRK,-1.2141666666666666,19,KRSA,0.7632950990615224,4,CMGC,DYRK,HIPK,HIPK1
DYRK,-1.2141666666666666,19,KRSA,0.7632950990615224,4,CMGC,DYRK,HIPK,HIPK2
DYRK,-1.2141666666666666,19,KRSA,0.7632950990615224,4,CMGC,DYRK,HIPK,HIPK3
DYRK,-1.2141666666666666,19,KRSA,0.7632950990615224,4,CMGC,DYRK,HIPK,HIPK4
DYRK,-1.2141666666666666,19,KRSA,0.7632950990615224,4,CMGC,DYRK,PRP4,PRPF4B
CK2,-0.01249999999999999,79,KRSA,0,1,CMGC,CK2,CK2,CSNK2A1
CK2,-0.01249999999999999,79,KRSA,0,1,CMGC,CK2,CK2,CSNK2A2
CK2,-0.01249999999999999,79,KRSA,0,1,NA,NA,NA,CSNK2A3
CAMK2,-0.21916666666666668,66,KRSA,0.16266944734098018,1,CAMK,CAMK2,CAMK2,CAMK2A
CAMK2,-0.21916666666666668,66,KRSA,0.16266944734098018,1,CAMK,CAMK2,CAMK2,CAMK2B
CAMK2,-0.21916666666666668,66,KRSA,0.16266944734098018,1,CAMK,CAMK2,CAMK2,CAMK2D
CAMK2,-0.21916666666666668,66,KRSA,0.16266944734098018,1,CAMK,CAMK2,CAMK2,CAMK2G
PKCD,0.72,39,KRSA,0.5130344108446299,3,AGC,PKC,DELTA,PRKCD
PKCD,0.72,39,KRSA,0.5130344108446299,3,AGC,PKC,DELTA,PRKCQ
ATR,-0.6258333333333334,40,KRSA,0.5005213764337852,3,ATYPICAL,PIKK,ATR,ATR
CHK1,0.545,43,KRSA,0.4629822732012513,2,CAMK,CAMKL,CHK1,CHEK1
VRK1,-0.885,32,KRSA,0.6006256517205423,3,CK1,VRK,VRK,VRK1
NDR,0.29083333333333333,62,KRSA,0.2127215849843587,1,AGC,NDR,NDR,LATS1
NDR,0.29083333333333333,62,KRSA,0.2127215849843587,1,AGC,NDR,NDR,LATS2
NDR,0.29083333333333333,62,KRSA,0.2127215849843587,1,AGC,NDR,NDR,STK38
NDR,0.29083333333333333,62,KRSA,0.2127215849843587,1,AGC,NDR,NDR,STK38L
COT,0.02666666666666666,77,KRSA,0.02502606882168926,1,STE,STE-UNIQUE,STE-UNIQUE,MAP3K8
IKK,0.02499999999999999,78,KRSA,0.01251303441084463,1,OTHER,IKK,IKK,CHUK
IKK,0.02499999999999999,78,KRSA,0.01251303441084463,1,OTHER,IKK,IKK,IKBKB
IKK,0.02499999999999999,78,KRSA,0.01251303441084463,1,OTHER,IKK,IKK,IKBKE
IKK,0.02499999999999999,78,KRSA,0.01251303441084463,1,OTHER,IKK,IKK,TBK1
RSK,0.44416666666666665,49,KRSA,0.38790406673618355,2,AGC,RSK,RSK,RPS6KA1
RSK,0.44416666666666665,49,KRSA,0.38790406673618355,2,AGC,RSK,RSK,RPS6KA2
RSK,0.44416666666666665,49,KRSA,0.38790406673618355,2,AGC,RSK,RSK,RPS6KA3
RSK,0.44416666666666665,49,KRSA,0.38790406673618355,2,AGC,RSK,MSK,RPS6KA4
RSK,0.44416666666666665,49,KRSA,0.38790406673618355,2,AGC,RSK,MSK,RPS6KA5
RSK,0.44416666666666665,49,KRSA,0.38790406673618355,2,AGC,RSK,RSK,RPS6KA6
RSK,0.44416666666666665,49,KRSA,0.38790406673618355,2,AGC,RSK,P70,RPS6KB1
RSK,0.44416666666666665,49,KRSA,0.38790406673618355,2,AGC,RSK,P70,RPS6KB2
PKCA,0.4916666666666667,45,KRSA,0.43795620437956206,2,AGC,PKC,ALPHA,PRKCA
PKCA,0.4916666666666667,45,KRSA,0.43795620437956206,2,AGC,PKC,ALPHA,PRKCB
PKCA,0.4916666666666667,45,KRSA,0.43795620437956206,2,AGC,PKC,ALPHA,PRKCG
NEK,-1.5566666666666666,8,KRSA,0.9009384775808134,4,OTHER,NEK,NEK11,NEK11
NEK,-1.5566666666666666,8,KRSA,0.9009384775808134,4,OTHER,NEK,NEK2,NEK2
NEK,-1.5566666666666666,8,KRSA,0.9009384775808134,4,OTHER,NEK,NEK1,NEK3
NEK,-1.5566666666666666,8,KRSA,0.9009384775808134,4,OTHER,NEK,NEK4,NEK4
NEK,-1.5566666666666666,8,KRSA,0.9009384775808134,4,OTHER,NEK,NEK1,NEK5
NEK,-1.5566666666666666,8,KRSA,0.9009384775808134,4,OTHER,NEK,NEK6,NEK6
NEK,-1.5566666666666666,8,KRSA,0.9009384775808134,4,OTHER,NEK,NEK6,NEK7
NEK,-1.5566666666666666,8,KRSA,0.9009384775808134,4,OTHER,NEK,NEK8,NEK8
NEK,-1.5566666666666666,8,KRSA,0.9009384775808134,4,OTHER,NEK,NEK8,NEK9
PDHK,-1.1125,21,KRSA,0.7382690302398331,3,ATYPICAL,PDHK,BCKDK,BCKDK
PDHK,-1.1125,21,KRSA,0.7382690302398331,3,ATYPICAL,PDHK,PDHK,PDK2
PDHK,-1.1125,21,KRSA,0.7382690302398331,3,ATYPICAL,PDHK,PDHK,PDK3
PDHK,-1.1125,21,KRSA,0.7382690302398331,3,ATYPICAL,PDHK,PDHK,PDK4
CK1,-1.275,17,KRSA,0.7883211678832117,4,CK1,CK1,CK1-A,CSNK1A1
CK1,-1.275,17,KRSA,0.7883211678832117,4,CK1,CK1,CK1-A,CSNK1A1L
CK1,-1.275,17,KRSA,0.7883211678832117,4,CK1,CK1,CK1-D,CSNK1D
CK1,-1.275,17,KRSA,0.7883211678832117,4,CK1,CK1,CK1-D,CSNK1E
CK1,-1.275,17,KRSA,0.7883211678832117,4,CK1,CK1,CK1-G,CSNK1G1
CK1,-1.275,17,KRSA,0.7883211678832117,4,CK1,CK1,CK1-G,CSNK1G2
CK1,-1.275,17,KRSA,0.7883211678832117,4,CK1,CK1,CK1-G,CSNK1G3
CK1,-1.275,17,KRSA,0.7883211678832117,4,CK1,TTBK,TTBK,TTBK1
CK1,-1.275,17,KRSA,0.7883211678832117,4,CK1,TTBK,TTBK,TTBK2
CK1,-1.275,17,KRSA,0.7883211678832117,4,CK1,VRK,VRK,VRK3
PKG,1.8525,2,KRSA,0.9760166840458812,4,AGC,PKG,PKG,PRKG1
PKG,1.8525,2,KRSA,0.9760166840458812,4,AGC,PKG,PKG,PRKG2
QIK,-1.255,18,KRSA,0.7758081334723671,4,CAMK,CAMKL,QIK,SIK1
QIK,-1.255,18,KRSA,0.7758081334723671,4,CAMK,CAMKL,QIK,SIK2
FRAY,-1.465833333333333,11,KRSA,0.8633993743482794,4,STE,STE20,FRAY,OXSR1
FRAY,-1.465833333333333,11,KRSA,0.8633993743482794,4,STE,STE20,FRAY,STK39
PKA,1.669166666666667,5,KRSA,0.9384775808133472,4,AGC,PKA,PKA,PRKACA
PKA,1.669166666666667,5,KRSA,0.9384775808133472,4,AGC,PKA,PKA,PRKACB
PKA,1.669166666666667,5,KRSA,0.9384775808133472,4,AGC,PKA,PKA,PRKACG
PKA,1.669166666666667,5,KRSA,0.9384775808133472,4,AGC,PKA,PKA,PRKX
PKA,1.669166666666667,5,KRSA,0.9384775808133472,4,AGC,PKA,PKA,PRKY
PDK1,-1.7266666666666666,4,KRSA,0.9509906152241918,4,ATYPICAL,PDHK,PDHK,PDK1
PDK1,-1.7266666666666666,4,KRSA,0.9509906152241918,4,AGC,PDK1,PDK1,PDPK1
RIPK,1.4966666666666666,9,KRSA,0.8884254431699687,4,TKL,RIPK,RIPK,ANKK1
RIPK,1.4966666666666666,9,KRSA,0.8884254431699687,4,TKL,RIPK,RIPK,RIPK1
RIPK,1.4966666666666666,9,KRSA,0.8884254431699687,4,TKL,RIPK,RIPK,RIPK2
RIPK,1.4966666666666666,9,KRSA,0.8884254431699687,4,TKL,RIPK,RIPK,RIPK3
RIPK,1.4966666666666666,9,KRSA,0.8884254431699687,4,TKL,RIPK,RIPK,RIPK4
ERK,-1.909166666666667,1,KRSA,0.9885297184567258,4,CMGC,MAPK,ERK1,MAPK1
ERK,-1.909166666666667,1,KRSA,0.9885297184567258,4,CMGC,MAPK,ERK7,MAPK15
ERK,-1.909166666666667,1,KRSA,0.9885297184567258,4,CMGC,MAPK,ERK1,MAPK3
ERK,-1.909166666666667,1,KRSA,0.9885297184567258,4,CMGC,MAPK,ERK3,MAPK4
ERK,-1.909166666666667,1,KRSA,0.9885297184567258,4,CMGC,MAPK,ERK3,MAPK6
ERK,-1.909166666666667,1,KRSA,0.9885297184567258,4,CMGC,MAPK,ERK5,MAPK7
PEK,-1.65,7,KRSA,0.913451511991658,4,OTHER,PEK,HRI,EIF2AK1
PEK,-1.65,7,KRSA,0.913451511991658,4,OTHER,PEK,PKR,EIF2AK2
PEK,-1.65,7,KRSA,0.913451511991658,4,OTHER,PEK,PEK,EIF2AK3
PEK,-1.65,7,KRSA,0.913451511991658,4,OTHER,PEK,GCN2,EIF2AK4
MLCK,-0.49583333333333335,44,KRSA,0.4504692387904067,2,CAMK,MLCK,MLCK,MYLK
MLCK,-0.49583333333333335,44,KRSA,0.4504692387904067,2,CAMK,MLCK,MLCK,MYLK2
MLCK,-0.49583333333333335,44,KRSA,0.4504692387904067,2,CAMK,MLCK,MLCK,TTN
JNK,-1.475,10,KRSA,0.8759124087591241,4,CMGC,MAPK,JNK,MAPK10
JNK,-1.475,10,KRSA,0.8759124087591241,4,CMGC,MAPK,JNK,MAPK8
JNK,-1.475,10,KRSA,0.8759124087591241,4,CMGC,MAPK,JNK,MAPK9
DMPK,1.4016666666666666,14,KRSA,0.8258602711157456,4,AGC,DMPK,GEK,CDC42BPA
DMPK,1.4016666666666666,14,KRSA,0.8258602711157456,4,AGC,DMPK,GEK,CDC42BPB
DMPK,1.4016666666666666,14,KRSA,0.8258602711157456,4,AGC,DMPK,GEK,CDC42BPG
DMPK,1.4016666666666666,14,KRSA,0.8258602711157456,4,AGC,DMPK,CRIK,CIT
DMPK,1.4016666666666666,14,KRSA,0.8258602711157456,4,AGC,DMPK,GEK,DMPK
DMPK,1.4016666666666666,14,KRSA,0.8258602711157456,4,AGC,DMPK,ROCK,ROCK1
DMPK,1.4016666666666666,14,KRSA,0.8258602711157456,4,AGC,DMPK,ROCK,ROCK2
CAMKK,1.455833333333333,12,KRSA,0.8508863399374348,4,OTHER,CAMKK,META,CAMKK1
CAMKK,1.455833333333333,12,KRSA,0.8508863399374348,4,OTHER,CAMKK,META,CAMKK2
RAF,-0.9583333333333334,30,KRSA,0.6256517205422315,3,TKL,RAF,RAF,ARAF
RAF,-0.9583333333333334,30,KRSA,0.6256517205422315,3,TKL,RAF,RAF,BRAF
RAF,-0.9583333333333334,30,KRSA,0.6256517205422315,3,TKL,RAF,KSR,KSR1
RAF,-0.9583333333333334,30,KRSA,0.6256517205422315,3,TKL,RAF,KSR,KSR2
RAF,-0.9583333333333334,30,KRSA,0.6256517205422315,3,TKL,RAF,RAF,RAF1
BRSK,0.3416666666666667,57,KRSA,0.27528675703858185,2,CAMK,CAMKL,BRSK,BRSK1
BRSK,0.3416666666666667,57,KRSA,0.27528675703858185,2,CAMK,CAMKL,BRSK,BRSK2
BUD32,0.31416666666666665,59,KRSA,0.2502606882168926,2,OTHER,BUD32,BUD32,TP53RK
PASK,1.4433333333333334,13,KRSA,0.8383733055265902,4,CAMK,CAMKL,PASK,PASK
STE7,-1.66,6,KRSA,0.9259645464025026,4,STE,STE7,MEK1,MAP2K1
STE7,-1.66,6,KRSA,0.9259645464025026,4,STE,STE7,MEK1,MAP2K2
STE7,-1.66,6,KRSA,0.9259645464025026,4,STE,STE7,MEK3,MAP2K3
STE7,-1.66,6,KRSA,0.9259645464025026,4,STE,STE7,MEK4,MAP2K4
STE7,-1.66,6,KRSA,0.9259645464025026,4,STE,STE7,MEK5,MAP2K5
STE7,-1.66,6,KRSA,0.9259645464025026,4,STE,STE7,MEK3,MAP2K6
STE7,-1.66,6,KRSA,0.9259645464025026,4,STE,STE7,MEK7,MAP2K7
SLK,1.0633333333333332,23,KRSA,0.7132429614181439,3,STE,STE20,SLK,SLK
SLK,1.0633333333333332,23,KRSA,0.7132429614181439,3,STE,STE20,SLK,STK10
MOS,1.0433333333333332,27,KRSA,0.6631908237747653,3,OTHER,MOS,MOS,MOS
PKCH,-0.595,41,KRSA,0.4880083420229406,2,AGC,PKC,ETA,PRKCE
PKCH,-0.595,41,KRSA,0.4880083420229406,2,AGC,PKC,ETA,PRKCH
CK2,-0.01249999999999999,79,KRSA,0,1,CMGC,CK2,CK2,CSNK2A1
CK2,-0.01249999999999999,79,KRSA,0,1,CMGC,CK2,CK2,CSNK2A2
CK2,-0.01249999999999999,79,KRSA,0,1,NA,NA,NA,CSNK2A3
GRK,0.21666666666666667,67,KRSA,0.15015641293013557,1,AGC,GRK,GRK,GRK1
GRK,0.21666666666666667,67,KRSA,0.15015641293013557,1,AGC,GRK,GRK,GRK4
GRK,0.21666666666666667,67,KRSA,0.15015641293013557,1,AGC,GRK,GRK,GRK5
GRK,0.21666666666666667,67,KRSA,0.15015641293013557,1,AGC,GRK,GRK,GRK6
GRK,0.21666666666666667,67,KRSA,0.15015641293013557,1,AGC,GRK,GRK,GRK7
BARK2,-0.45,48,KRSA,0.40041710114702816,2,AGC,GRK,BARK,GRK3
PAKA,-0.8558333333333333,35,KRSA,0.5630865484880083,3,STE,STE20,PAKA,PAK1
PAKA,-0.8558333333333333,35,KRSA,0.5630865484880083,3,STE,STE20,PAKA,PAK2
PAKA,-0.8558333333333333,35,KRSA,0.5630865484880083,3,STE,STE20,PAKA,PAK3
NMO,-1.7591666666666663,3,KRSA,0.9635036496350365,4,CMGC,MAPK,NMO,NLK
MELK,-0.05583333333333335,76,KRSA,0.03753910323253389,1,CAMK,CAMKL,MELK,MELK
PAKB,-0.065,74,KRSA,0.06256517205422316,1,STE,STE20,PAKB,PAK4
PAKB,-0.065,74,KRSA,0.06256517205422316,1,STE,STE20,PAKB,PAK5
PAKB,-0.065,74,KRSA,0.06256517205422316,1,STE,STE20,PAKB,PAK6
TLK,-1.044166666666667,26,KRSA,0.67570385818561,3,OTHER,TLK,TLK,TLK1
TLK,-1.044166666666667,26,KRSA,0.67570385818561,3,OTHER,TLK,TLK,TLK2
PKN,-0.2025,68,KRSA,0.13764337851929093,1,AGC,PKN,PKN,PKN1
PKN,-0.2025,68,KRSA,0.13764337851929093,1,AGC,PKN,PKN,PKN2
PKN,-0.2025,68,KRSA,0.13764337851929093,1,AGC,PKN,PKN,PKN3
NAK,-0.42583333333333334,51,KRSA,0.35036496350364965,2,OTHER,NAK,BIKE,AAK1
NAK,-0.42583333333333334,51,KRSA,0.35036496350364965,2,OTHER,NAK,BIKE,BMP2K
NAK,-0.42583333333333334,51,KRSA,0.35036496350364965,2,OTHER,NAK,GAK,GAK
NAK,-0.42583333333333334,51,KRSA,0.35036496350364965,2,OTHER,NAK,MPSK,STK16
DAPK,1.1891666666666667,20,KRSA,0.7507820646506778,4,CAMK,DAPK,DAPK,DAPK1
DAPK,1.1891666666666667,20,KRSA,0.7507820646506778,4,CAMK,DAPK,DAPK,DAPK2
DAPK,1.1891666666666667,20,KRSA,0.7507820646506778,4,CAMK,DAPK,DAPK,DAPK3
DAPK,1.1891666666666667,20,KRSA,0.7507820646506778,4,CAMK,DAPK,DRAK,STK17A
DAPK,1.1891666666666667,20,KRSA,0.7507820646506778,4,CAMK,DAPK,DRAK,STK17B
AKT,1.0566666666666666,24,KRSA,0.7007299270072993,3,AGC,AKT,AKT,AKT1
AKT,1.0566666666666666,24,KRSA,0.7007299270072993,3,AGC,AKT,AKT,AKT2
AKT,1.0566666666666666,24,KRSA,0.7007299270072993,3,AGC,AKT,AKT,AKT3
CAMK2,-0.21916666666666668,66,KRSA,0.16266944734098018,1,CAMK,CAMK2,CAMK2,CAMK2A
CAMK2,-0.21916666666666668,66,KRSA,0.16266944734098018,1,CAMK,CAMK2,CAMK2,CAMK2B
CAMK2,-0.21916666666666668,66,KRSA,0.16266944734098018,1,CAMK,CAMK2,CAMK2,CAMK2D
CAMK2,-0.21916666666666668,66,KRSA,0.16266944734098018,1,CAMK,CAMK2,CAMK2,CAMK2G
AUR,1.0983333333333334,22,KRSA,0.7257559958289885,3,OTHER,AUR,AUR,AURKA
AUR,1.0983333333333334,22,KRSA,0.7257559958289885,3,OTHER,AUR,AUR,AURKB
AUR,1.0983333333333334,22,KRSA,0.7257559958289885,3,OTHER,AUR,AUR,AURKC
P38,-1.045,25,KRSA,0.6882168925964547,3,CMGC,MAPK,P38,MAPK11
P38,-1.045,25,KRSA,0.6882168925964547,3,CMGC,MAPK,P38,MAPK12
P38,-1.045,25,KRSA,0.6882168925964547,3,CMGC,MAPK,P38,MAPK13
P38,-1.045,25,KRSA,0.6882168925964547,3,CMGC,MAPK,P38,MAPK14
SGK,0.43583333333333335,50,KRSA,0.36287799791449427,2,AGC,SGK,SGK,SGK1
SGK,0.43583333333333335,50,KRSA,0.36287799791449427,2,AGC,SGK,SGK,SGK2
SGK,0.43583333333333335,50,KRSA,0.36287799791449427,2,AGC,SGK,SGK,SGK3
ULK,-0.7433333333333333,36,KRSA,0.5505735140771637,3,OTHER,ULK,FUSED,STK36
ULK,-0.7433333333333333,36,KRSA,0.5505735140771637,3,OTHER,ULK,ULK,ULK1
ULK,-0.7433333333333333,36,KRSA,0.5505735140771637,3,OTHER,ULK,ULK,ULK2
ULK,-0.7433333333333333,36,KRSA,0.5505735140771637,3,OTHER,ULK,ULK,ULK3
ULK,-0.7433333333333333,36,KRSA,0.5505735140771637,3,OTHER,ULK,ULK,ULK4
NIK,-0.7291666666666666,38,KRSA,0.5255474452554745,3,STE,STE-UNIQUE,STE-UNIQUE,MAP3K14
WNK,-0.3975,53,KRSA,0.32533889468196037,2,OTHER,WNK,WNK,WNK1
WNK,-0.3975,53,KRSA,0.32533889468196037,2,OTHER,WNK,WNK,WNK2
WNK,-0.3975,53,KRSA,0.32533889468196037,2,OTHER,WNK,WNK,WNK3
WNK,-0.3975,53,KRSA,0.32533889468196037,2,OTHER,WNK,WNK,WNK4
KHS,-0.22666666666666663,64,KRSA,0.18769551616266944,1,STE,STE20,KHS,MAP4K1
KHS,-0.22666666666666663,64,KRSA,0.18769551616266944,1,STE,STE20,KHS,MAP4K2
KHS,-0.22666666666666663,64,KRSA,0.18769551616266944,1,STE,STE20,KHS,MAP4K3
KHS,-0.22666666666666663,64,KRSA,0.18769551616266944,1,STE,STE20,KHS,MAP4K5
TAO,0.3175,58,KRSA,0.26277372262773724,2,STE,STE20,TAO,TAOK1
TAO,0.3175,58,KRSA,0.26277372262773724,2,STE,STE20,TAO,TAOK2
TAO,0.3175,58,KRSA,0.26277372262773724,2,STE,STE20,TAO,TAOK3
CLK,-0.7325,37,KRSA,0.5380604796663191,3,CMGC,CLK,CLK,CLK1
CLK,-0.7325,37,KRSA,0.5380604796663191,3,CMGC,CLK,CLK,CLK2
CLK,-0.7325,37,KRSA,0.5380604796663191,3,CMGC,CLK,CLK,CLK3
CLK,-0.7325,37,KRSA,0.5380604796663191,3,CMGC,CLK,CLK,CLK4
MSN,1.315,16,KRSA,0.8008342022940563,4,STE,STE20,MSN,MAP4K4
MSN,1.315,16,KRSA,0.8008342022940563,4,STE,STE20,MSN,NRK
MSN,1.315,16,KRSA,0.8008342022940563,4,STE,STE20,MSN,TNIK
IKK,0.02499999999999999,78,KRSA,0.01251303441084463,1,OTHER,IKK,IKK,CHUK
IKK,0.02499999999999999,78,KRSA,0.01251303441084463,1,OTHER,IKK,IKK,IKBKB
IKK,0.02499999999999999,78,KRSA,0.01251303441084463,1,OTHER,IKK,IKK,IKBKE
IKK,0.02499999999999999,78,KRSA,0.01251303441084463,1,OTHER,IKK,IKK,TBK1
MST,-0.4558333333333333,47,KRSA,0.4129301355578728,2,STE,STE20,MST,STK3
MST,-0.4558333333333333,47,KRSA,0.4129301355578728,2,STE,STE20,MST,STK4
STKR,0.5675,42,KRSA,0.4754953076120959,2,TKL,STKR,TYPE1,ACVR1
STKR,0.5675,42,KRSA,0.4754953076120959,2,TKL,STKR,TYPE1,ACVR1B
STKR,0.5675,42,KRSA,0.4754953076120959,2,TKL,STKR,TYPE1,ACVR1C
STKR,0.5675,42,KRSA,0.4754953076120959,2,TKL,STKR,TYPE2,ACVR2A
STKR,0.5675,42,KRSA,0.4754953076120959,2,TKL,STKR,TYPE2,ACVR2B
STKR,0.5675,42,KRSA,0.4754953076120959,2,TKL,STKR,TYPE1,ACVRL1
STKR,0.5675,42,KRSA,0.4754953076120959,2,TKL,STKR,TYPE2,AMHR2
STKR,0.5675,42,KRSA,0.4754953076120959,2,TKL,STKR,TYPE1,BMPR1A
STKR,0.5675,42,KRSA,0.4754953076120959,2,TKL,STKR,TYPE1,BMPR1B
STKR,0.5675,42,KRSA,0.4754953076120959,2,TKL,STKR,TYPE2,BMPR2
STKR,0.5675,42,KRSA,0.4754953076120959,2,TKL,STKR,TYPE1,TGFBR1
STKR,0.5675,42,KRSA,0.4754953076120959,2,TKL,STKR,TYPE2,TGFBR2
AMPK,0.1875,69,KRSA,0.1251303441084463,1,CAMK,CAMKL,AMPK,PRKAA1
AMPK,0.1875,69,KRSA,0.1251303441084463,1,CAMK,CAMKL,AMPK,PRKAA2
NUAK,-0.2925,61,KRSA,0.22523461939520334,1,CAMK,CAMKL,NUAK,NUAK1
NUAK,-0.2925,61,KRSA,0.22523461939520334,1,CAMK,CAMKL,NUAK,NUAK2
PLK,-0.86,34,KRSA,0.5755995828988529,3,NA,NA,NA,PLK5
PLK,-0.86,34,KRSA,0.5755995828988529,3,OTHER,PLK,PLK1,PLK1
PLK,-0.86,34,KRSA,0.5755995828988529,3,OTHER,PLK,PLK2,PLK2
PLK,-0.86,34,KRSA,0.5755995828988529,3,OTHER,PLK,PLK2,PLK3
PLK,-0.86,34,KRSA,0.5755995828988529,3,OTHER,PLK,SAK,PLK4
TTK,-0.3016666666666667,60,KRSA,0.23774765380604795,1,OTHER,TTK,TTK,TTK
LKB,-0.8708333333333333,33,KRSA,0.5881126173096975,3,CAMK,CAMKL,LKB,STK11
RAD53,0.13083333333333333,72,KRSA,0.08759124087591241,1,CAMK,RAD53,RAD53,CHEK2
HAL,0.06333333333333332,75,KRSA,0.05005213764337852,1,RGC,RGC,RGC,NPR1
PKCD,0.72,39,KRSA,0.5130344108446299,3,AGC,PKC,DELTA,PRKCD
PKCD,0.72,39,KRSA,0.5130344108446299,3,AGC,PKC,DELTA,PRKCQ
CHK1,0.545,43,KRSA,0.4629822732012513,2,CAMK,CAMKL,CHK1,CHEK1
ATR,-0.6258333333333334,40,KRSA,0.5005213764337852,3,ATYPICAL,PIKK,ATR,ATR
NDR,0.29083333333333333,62,KRSA,0.2127215849843587,1,AGC,NDR,NDR,LATS1
NDR,0.29083333333333333,62,KRSA,0.2127215849843587,1,AGC,NDR,NDR,LATS2
NDR,0.29083333333333333,62,KRSA,0.2127215849843587,1,AGC,NDR,NDR,STK38
NDR,0.29083333333333333,62,KRSA,0.2127215849843587,1,AGC,NDR,NDR,STK38L
ATM,-0.9458333333333332,31,KRSA,0.6131386861313869,3,ATYPICAL,PIKK,ATM,ATM
COT,0.02666666666666666,77,KRSA,0.02502606882168926,1,STE,STE-UNIQUE,STE-UNIQUE,MAP3K8
VRK1,-0.885,32,KRSA,0.6006256517205423,3,CK1,VRK,VRK,VRK1
PIM,0.15083333333333335,71,KRSA,0.10010427528675704,1,CAMK,PIM,PIM,PIM1
PIM,0.15083333333333335,71,KRSA,0.10010427528675704,1,CAMK,PIM,PIM,PIM2
PIM,0.15083333333333335,71,KRSA,0.10010427528675704,1,CAMK,PIM,PIM,PIM3
PHK,0.2425,63,KRSA,0.20020855057351408,1,CAMK,PHK,PHK,PHKG1
PHK,0.2425,63,KRSA,0.20020855057351408,1,CAMK,PHK,PHK,PHKG2
MAPKAPK,0.49166666666666664,46,KRSA,0.4254431699687174,2,CAMK,MAPKAPK,MAPKAPK,MAPKAPK2
MAPKAPK,0.49166666666666664,46,KRSA,0.4254431699687174,2,CAMK,MAPKAPK,MAPKAPK,MAPKAPK3
MAPKAPK,0.49166666666666664,46,KRSA,0.4254431699687174,2,CAMK,MAPKAPK,MAPKAPK,MAPKAPK5
MAPKAPK,0.49166666666666664,46,KRSA,0.4254431699687174,2,CAMK,MAPKAPK,MNK,MKNK1
MAPKAPK,0.49166666666666664,46,KRSA,0.4254431699687174,2,CAMK,MAPKAPK,MNK,MKNK2
IRAK,0.22583333333333333,65,KRSA,0.17518248175182483,1,TKL,IRAK,IRAK,IRAK1
IRAK,0.22583333333333333,65,KRSA,0.17518248175182483,1,TKL,IRAK,IRAK,IRAK2
IRAK,0.22583333333333333,65,KRSA,0.17518248175182483,1,TKL,IRAK,IRAK,IRAK3
IRAK,0.22583333333333333,65,KRSA,0.17518248175182483,1,TKL,IRAK,IRAK,IRAK4
STE11,-0.3466666666666667,56,KRSA,0.28779979144942647,2,TKL,MLK,TAK1,MAP3K7
STE11,-0.3466666666666667,56,KRSA,0.28779979144942647,2,STE,STE11,MEKK1,MAP3K1
STE11,-0.3466666666666667,56,KRSA,0.28779979144942647,2,STE,STE11,ASK,MAP3K15
STE11,-0.3466666666666667,56,KRSA,0.28779979144942647,2,STE,STE11,MEKK2,MAP3K2
STE11,-0.3466666666666667,56,KRSA,0.28779979144942647,2,STE,STE11,MEKK2,MAP3K3
STE11,-0.3466666666666667,56,KRSA,0.28779979144942647,2,STE,STE11,MEKK4,MAP3K4
STE11,-0.3466666666666667,56,KRSA,0.28779979144942647,2,STE,STE11,ASK,MAP3K5
STE11,-0.3466666666666667,56,KRSA,0.28779979144942647,2,STE,STE11,ASK,MAP3K6
PKCI,0.43583333333333335,50,KRSA,0.36287799791449427,2,AGC,PKC,IOTA,PRKCI
PKCI,0.43583333333333335,50,KRSA,0.36287799791449427,2,AGC,PKC,IOTA,PRKCZ
MTOR,-0.09166666666666667,73,KRSA,0.07507820646506778,1,ATYPICAL,PIKK,FRAP,MTOR
PKCA,0.4916666666666667,45,KRSA,0.43795620437956206,2,AGC,PKC,ALPHA,PRKCA
PKCA,0.4916666666666667,45,KRSA,0.43795620437956206,2,AGC,PKC,ALPHA,PRKCB
PKCA,0.4916666666666667,45,KRSA,0.43795620437956206,2,AGC,PKC,ALPHA,PRKCG
CDK,-1.33,15,KRSA,0.8133472367049009,4,CMGC,CDK,CDC2,CDK1
CDK,-1.33,15,KRSA,0.8133472367049009,4,CMGC,CDK,CDK10,CDK10
CDK,-1.33,15,KRSA,0.8133472367049009,4,CMGC,CDK,CRK7,CDK12
CDK,-1.33,15,KRSA,0.8133472367049009,4,CMGC,CDK,CRK7,CDK13
CDK,-1.33,15,KRSA,0.8133472367049009,4,CMGC,CDK,PFTAIRE,CDK14
CDK,-1.33,15,KRSA,0.8133472367049009,4,CMGC,CDK,PFTAIRE,CDK15
CDK,-1.33,15,KRSA,0.8133472367049009,4,CMGC,CDK,PCTAIRE,CDK16
CDK,-1.33,15,KRSA,0.8133472367049009,4,CMGC,CDK,PCTAIRE,CDK17
CDK,-1.33,15,KRSA,0.8133472367049009,4,CMGC,CDK,PCTAIRE,CDK18
CDK,-1.33,15,KRSA,0.8133472367049009,4,CMGC,CDK,CDK8,CDK19
CDK,-1.33,15,KRSA,0.8133472367049009,4,CMGC,CDK,CDC2,CDK2
CDK,-1.33,15,KRSA,0.8133472367049009,4,CMGC,CDK,CCRK,CDK20
CDK,-1.33,15,KRSA,0.8133472367049009,4,CMGC,CDK,CDC2,CDK3
CDK,-1.33,15,KRSA,0.8133472367049009,4,CMGC,CDK,CDK4,CDK4
CDK,-1.33,15,KRSA,0.8133472367049009,4,CMGC,CDK,CDK5,CDK5
CDK,-1.33,15,KRSA,0.8133472367049009,4,CMGC,CDK,CDK4,CDK6
CDK,-1.33,15,KRSA,0.8133472367049009,4,CMGC,CDK,CDK7,CDK7
CDK,-1.33,15,KRSA,0.8133472367049009,4,CMGC,CDK,CDK8,CDK8
CDK,-1.33,15,KRSA,0.8133472367049009,4,CMGC,CDK,CDK9,CDK9
CDK,-1.33,15,KRSA,0.8133472367049009,4,NA,NA,NA,CDK11A
CDK,-1.33,15,KRSA,0.8133472367049009,4,NA,NA,NA,CDK11B
PKD,0.35583333333333333,55,KRSA,0.30031282586027114,2,CAMK,PKD,PKD,PRKD1
PKD,0.35583333333333333,55,KRSA,0.30031282586027114,2,CAMK,PKD,PKD,PRKD2
PKD,0.35583333333333333,55,KRSA,0.30031282586027114,2,CAMK,PKD,PKD,PRKD3
RSK,0.44416666666666665,49,KRSA,0.38790406673618355,2,AGC,RSK,RSK,RPS6KA1
RSK,0.44416666666666665,49,KRSA,0.38790406673618355,2,AGC,RSK,RSK,RPS6KA2
RSK,0.44416666666666665,49,KRSA,0.38790406673618355,2,AGC,RSK,RSK,RPS6KA3
RSK,0.44416666666666665,49,KRSA,0.38790406673618355,2,AGC,RSK,MSK,RPS6KA4
RSK,0.44416666666666665,49,KRSA,0.38790406673618355,2,AGC,RSK,MSK,RPS6KA5
RSK,0.44416666666666665,49,KRSA,0.38790406673618355,2,AGC,RSK,RSK,RPS6KA6
RSK,0.44416666666666665,49,KRSA,0.38790406673618355,2,AGC,RSK,P70,RPS6KB1
RSK,0.44416666666666665,49,KRSA,0.38790406673618355,2,AGC,RSK,P70,RPS6KB2
DYRK,-1.2141666666666666,19,KRSA,0.7632950990615224,4,CMGC,DYRK,DYRK1,DYRK1A
DYRK,-1.2141666666666666,19,KRSA,0.7632950990615224,4,CMGC,DYRK,DYRK1,DYRK1B
DYRK,-1.2141666666666666,19,KRSA,0.7632950990615224,4,CMGC,DYRK,DYRK2,DYRK2
DYRK,-1.2141666666666666,19,KRSA,0.7632950990615224,4,CMGC,DYRK,DYRK2,DYRK3
DYRK,-1.2141666666666666,19,KRSA,0.7632950990615224,4,CMGC,DYRK,DYRK2,DYRK4
DYRK,-1.2141666666666666,19,KRSA,0.7632950990615224,4,CMGC,DYRK,HIPK,HIPK1
DYRK,-1.2141666666666666,19,KRSA,0.7632950990615224,4,CMGC,DYRK,HIPK,HIPK2
DYRK,-1.2141666666666666,19,KRSA,0.7632950990615224,4,CMGC,DYRK,HIPK,HIPK3
DYRK,-1.2141666666666666,19,KRSA,0.7632950990615224,4,CMGC,DYRK,HIPK,HIPK4
DYRK,-1.2141666666666666,19,KRSA,0.7632950990615224,4,CMGC,DYRK,PRP4,PRPF4B
GSK,-0.1525,70,KRSA,0.11261730969760167,1,CMGC,GSK,GSK,GSK3A
GSK,-0.1525,70,KRSA,0.11261730969760167,1,CMGC,GSK,GSK,GSK3B
MLK,0.4066666666666667,52,KRSA,0.337851929092805,2,TKL,MLK,ILK,ILK
MLK,0.4066666666666667,52,KRSA,0.337851929092805,2,TKL,MLK,MLK,MAP3K10
MLK,0.4066666666666667,52,KRSA,0.337851929092805,2,TKL,MLK,MLK,MAP3K11
MLK,0.4066666666666667,52,KRSA,0.337851929092805,2,TKL,MLK,LZK,MAP3K12
MLK,0.4066666666666667,52,KRSA,0.337851929092805,2,TKL,MLK,LZK,MAP3K13
MLK,0.4066666666666667,52,KRSA,0.337851929092805,2,TKL,MLK,MLK,MAP3K9
MLK,0.4066666666666667,52,KRSA,0.337851929092805,2,TKL,MLK,HH498,TNNI3K
CAMK1,0.9666666666666668,29,KRSA,0.6381647549530761,3,CAMK,CAMK1,CAMK1,CAMK1
CAMK1,0.9666666666666668,29,KRSA,0.6381647549530761,3,CAMK,CAMK1,CAMK1,CAMK1D
CAMK1,0.9666666666666668,29,KRSA,0.6381647549530761,3,CAMK,CAMK1,CAMK1,CAMK1G
CAMK1,0.9666666666666668,29,KRSA,0.6381647549530761,3,CAMK,CAMK1,CAMK1,CAMK4
CAMK1,0.9666666666666668,29,KRSA,0.6381647549530761,3,CAMK,CAMK1,CAMK1,PNCK
PRKDC,-0.9908333333333332,28,KRSA,0.6506777893639207,3,ATYPICAL,PIKK,DNAPK,PRKDC
NEK,-1.5566666666666666,8,KRSA,0.9009384775808134,4,OTHER,NEK,NEK11,NEK11
NEK,-1.5566666666666666,8,KRSA,0.9009384775808134,4,OTHER,NEK,NEK2,NEK2
NEK,-1.5566666666666666,8,KRSA,0.9009384775808134,4,OTHER,NEK,NEK1,NEK3
NEK,-1.5566666666666666,8,KRSA,0.9009384775808134,4,OTHER,NEK,NEK4,NEK4
NEK,-1.5566666666666666,8,KRSA,0.9009384775808134,4,OTHER,NEK,NEK1,NEK5
NEK,-1.5566666666666666,8,KRSA,0.9009384775808134,4,OTHER,NEK,NEK6,NEK6
NEK,-1.5566666666666666,8,KRSA,0.9009384775808134,4,OTHER,NEK,NEK6,NEK7
NEK,-1.5566666666666666,8,KRSA,0.9009384775808134,4,OTHER,NEK,NEK8,NEK8
NEK,-1.5566666666666666,8,KRSA,0.9009384775808134,4,OTHER,NEK,NEK8,NEK9
ERK,-1.909166666666667,1,KRSA,0.9885297184567258,4,CMGC,MAPK,ERK1,MAPK1
ERK,-1.909166666666667,1,KRSA,0.9885297184567258,4,CMGC,MAPK,ERK7,MAPK15
ERK,-1.909166666666667,1,KRSA,0.9885297184567258,4,CMGC,MAPK,ERK1,MAPK3
ERK,-1.909166666666667,1,KRSA,0.9885297184567258,4,CMGC,MAPK,ERK3,MAPK4
ERK,-1.909166666666667,1,KRSA,0.9885297184567258,4,CMGC,MAPK,ERK3,MAPK6
ERK,-1.909166666666667,1,KRSA,0.9885297184567258,4,CMGC,MAPK,ERK5,MAPK7
PDK1,-1.7266666666666666,4,KRSA,0.9509906152241918,4,ATYPICAL,PDHK,PDHK,PDK1
PDK1,-1.7266666666666666,4,KRSA,0.9509906152241918,4,AGC,PDK1,PDK1,PDPK1
PKG,1.8525,2,KRSA,0.9760166840458812,4,AGC,PKG,PKG,PRKG1
PKG,1.8525,2,KRSA,0.9760166840458812,4,AGC,PKG,PKG,PRKG2
SLK,1.0633333333333332,23,KRSA,0.7132429614181439,3,STE,STE20,SLK,SLK
SLK,1.0633333333333332,23,KRSA,0.7132429614181439,3,STE,STE20,SLK,STK10
MOS,1.0433333333333332,27,KRSA,0.6631908237747653,3,OTHER,MOS,MOS,MOS
PASK,1.4433333333333334,13,KRSA,0.8383733055265902,4,CAMK,CAMKL,PASK,PASK
PKA,1.669166666666667,5,KRSA,0.9384775808133472,4,AGC,PKA,PKA,PRKACA
PKA,1.669166666666667,5,KRSA,0.9384775808133472,4,AGC,PKA,PKA,PRKACB
PKA,1.669166666666667,5,KRSA,0.9384775808133472,4,AGC,PKA,PKA,PRKACG
PKA,1.669166666666667,5,KRSA,0.9384775808133472,4,AGC,PKA,PKA,PRKX
PKA,1.669166666666667,5,KRSA,0.9384775808133472,4,AGC,PKA,PKA,PRKY
AUR,1.0983333333333334,22,KRSA,0.7257559958289885,3,OTHER,AUR,AUR,AURKA
AUR,1.0983333333333334,22,KRSA,0.7257559958289885,3,OTHER,AUR,AUR,AURKB
AUR,1.0983333333333334,22,KRSA,0.7257559958289885,3,OTHER,AUR,AUR,AURKC
CAMKK,1.455833333333333,12,KRSA,0.8508863399374348,4,OTHER,CAMKK,META,CAMKK1
CAMKK,1.455833333333333,12,KRSA,0.8508863399374348,4,OTHER,CAMKK,META,CAMKK2
BUD32,0.31416666666666665,59,KRSA,0.2502606882168926,2,OTHER,BUD32,BUD32,TP53RK
QIK,-1.255,18,KRSA,0.7758081334723671,4,CAMK,CAMKL,QIK,SIK1
QIK,-1.255,18,KRSA,0.7758081334723671,4,CAMK,CAMKL,QIK,SIK2
DAPK,1.1891666666666667,20,KRSA,0.7507820646506778,4,CAMK,DAPK,DAPK,DAPK1
DAPK,1.1891666666666667,20,KRSA,0.7507820646506778,4,CAMK,DAPK,DAPK,DAPK2
DAPK,1.1891666666666667,20,KRSA,0.7507820646506778,4,CAMK,DAPK,DAPK,DAPK3
DAPK,1.1891666666666667,20,KRSA,0.7507820646506778,4,CAMK,DAPK,DRAK,STK17A
DAPK,1.1891666666666667,20,KRSA,0.7507820646506778,4,CAMK,DAPK,DRAK,STK17B
JNK,-1.475,10,KRSA,0.8759124087591241,4,CMGC,MAPK,JNK,MAPK10
JNK,-1.475,10,KRSA,0.8759124087591241,4,CMGC,MAPK,JNK,MAPK8
JNK,-1.475,10,KRSA,0.8759124087591241,4,CMGC,MAPK,JNK,MAPK9
DMPK,1.4016666666666666,14,KRSA,0.8258602711157456,4,AGC,DMPK,GEK,CDC42BPA
DMPK,1.4016666666666666,14,KRSA,0.8258602711157456,4,AGC,DMPK,GEK,CDC42BPB
DMPK,1.4016666666666666,14,KRSA,0.8258602711157456,4,AGC,DMPK,GEK,CDC42BPG
DMPK,1.4016666666666666,14,KRSA,0.8258602711157456,4,AGC,DMPK,CRIK,CIT
DMPK,1.4016666666666666,14,KRSA,0.8258602711157456,4,AGC,DMPK,GEK,DMPK
DMPK,1.4016666666666666,14,KRSA,0.8258602711157456,4,AGC,DMPK,ROCK,ROCK1
DMPK,1.4016666666666666,14,KRSA,0.8258602711157456,4,AGC,DMPK,ROCK,ROCK2
MLCK,-0.49583333333333335,44,KRSA,0.4504692387904067,2,CAMK,MLCK,MLCK,MYLK
MLCK,-0.49583333333333335,44,KRSA,0.4504692387904067,2,CAMK,MLCK,MLCK,MYLK2
MLCK,-0.49583333333333335,44,KRSA,0.4504692387904067,2,CAMK,MLCK,MLCK,TTN
CK1,-1.275,17,KRSA,0.7883211678832117,4,CK1,CK1,CK1-A,CSNK1A1
CK1,-1.275,17,KRSA,0.7883211678832117,4,CK1,CK1,CK1-A,CSNK1A1L
CK1,-1.275,17,KRSA,0.7883211678832117,4,CK1,CK1,CK1-D,CSNK1D
CK1,-1.275,17,KRSA,0.7883211678832117,4,CK1,CK1,CK1-D,CSNK1E
CK1,-1.275,17,KRSA,0.7883211678832117,4,CK1,CK1,CK1-G,CSNK1G1
CK1,-1.275,17,KRSA,0.7883211678832117,4,CK1,CK1,CK1-G,CSNK1G2
CK1,-1.275,17,KRSA,0.7883211678832117,4,CK1,CK1,CK1-G,CSNK1G3
CK1,-1.275,17,KRSA,0.7883211678832117,4,CK1,TTBK,TTBK,TTBK1
CK1,-1.275,17,KRSA,0.7883211678832117,4,CK1,TTBK,TTBK,TTBK2
CK1,-1.275,17,KRSA,0.7883211678832117,4,CK1,VRK,VRK,VRK3
PKCD,0.72,39,KRSA,0.5130344108446299,3,AGC,PKC,DELTA,PRKCD
PKCD,0.72,39,KRSA,0.5130344108446299,3,AGC,PKC,DELTA,PRKCQ
NMO,-1.7591666666666663,3,KRSA,0.9635036496350365,4,CMGC,MAPK,NMO,NLK
MSN,1.315,16,KRSA,0.8008342022940563,4,STE,STE20,MSN,MAP4K4
MSN,1.315,16,KRSA,0.8008342022940563,4,STE,STE20,MSN,NRK
MSN,1.315,16,KRSA,0.8008342022940563,4,STE,STE20,MSN,TNIK
PKCH,-0.595,41,KRSA,0.4880083420229406,2,AGC,PKC,ETA,PRKCE
PKCH,-0.595,41,KRSA,0.4880083420229406,2,AGC,PKC,ETA,PRKCH
PDHK,-1.1125,21,KRSA,0.7382690302398331,3,ATYPICAL,PDHK,BCKDK,BCKDK
PDHK,-1.1125,21,KRSA,0.7382690302398331,3,ATYPICAL,PDHK,PDHK,PDK2
PDHK,-1.1125,21,KRSA,0.7382690302398331,3,ATYPICAL,PDHK,PDHK,PDK3
PDHK,-1.1125,21,KRSA,0.7382690302398331,3,ATYPICAL,PDHK,PDHK,PDK4
PEK,-1.65,7,KRSA,0.913451511991658,4,OTHER,PEK,HRI,EIF2AK1
PEK,-1.65,7,KRSA,0.913451511991658,4,OTHER,PEK,PKR,EIF2AK2
PEK,-1.65,7,KRSA,0.913451511991658,4,OTHER,PEK,PEK,EIF2AK3
PEK,-1.65,7,KRSA,0.913451511991658,4,OTHER,PEK,GCN2,EIF2AK4
FRAY,-1.465833333333333,11,KRSA,0.8633993743482794,4,STE,STE20,FRAY,OXSR1
FRAY,-1.465833333333333,11,KRSA,0.8633993743482794,4,STE,STE20,FRAY,STK39
PKCI,0.43583333333333335,50,KRSA,0.36287799791449427,2,AGC,PKC,IOTA,PRKCI
PKCI,0.43583333333333335,50,KRSA,0.36287799791449427,2,AGC,PKC,IOTA,PRKCZ
BARK2,-0.45,48,KRSA,0.40041710114702816,2,AGC,GRK,BARK,GRK3
RAF,-0.9583333333333334,30,KRSA,0.6256517205422315,3,TKL,RAF,RAF,ARAF
RAF,-0.9583333333333334,30,KRSA,0.6256517205422315,3,TKL,RAF,RAF,BRAF
RAF,-0.9583333333333334,30,KRSA,0.6256517205422315,3,TKL,RAF,KSR,KSR1
RAF,-0.9583333333333334,30,KRSA,0.6256517205422315,3,TKL,RAF,KSR,KSR2
RAF,-0.9583333333333334,30,KRSA,0.6256517205422315,3,TKL,RAF,RAF,RAF1
NUAK,-0.2925,61,KRSA,0.22523461939520334,1,CAMK,CAMKL,NUAK,NUAK1
NUAK,-0.2925,61,KRSA,0.22523461939520334,1,CAMK,CAMKL,NUAK,NUAK2
MELK,-0.05583333333333335,76,KRSA,0.03753910323253389,1,CAMK,CAMKL,MELK,MELK
NDR,0.29083333333333333,62,KRSA,0.2127215849843587,1,AGC,NDR,NDR,LATS1
NDR,0.29083333333333333,62,KRSA,0.2127215849843587,1,AGC,NDR,NDR,LATS2
NDR,0.29083333333333333,62,KRSA,0.2127215849843587,1,AGC,NDR,NDR,STK38
NDR,0.29083333333333333,62,KRSA,0.2127215849843587,1,AGC,NDR,NDR,STK38L
TTK,-0.3016666666666667,60,KRSA,0.23774765380604795,1,OTHER,TTK,TTK,TTK
NAK,-0.42583333333333334,51,KRSA,0.35036496350364965,2,OTHER,NAK,BIKE,AAK1
NAK,-0.42583333333333334,51,KRSA,0.35036496350364965,2,OTHER,NAK,BIKE,BMP2K
NAK,-0.42583333333333334,51,KRSA,0.35036496350364965,2,OTHER,NAK,GAK,GAK
NAK,-0.42583333333333334,51,KRSA,0.35036496350364965,2,OTHER,NAK,MPSK,STK16
TLK,-1.044166666666667,26,KRSA,0.67570385818561,3,OTHER,TLK,TLK,TLK1
TLK,-1.044166666666667,26,KRSA,0.67570385818561,3,OTHER,TLK,TLK,TLK2
PKN,-0.2025,68,KRSA,0.13764337851929093,1,AGC,PKN,PKN,PKN1
PKN,-0.2025,68,KRSA,0.13764337851929093,1,AGC,PKN,PKN,PKN2
PKN,-0.2025,68,KRSA,0.13764337851929093,1,AGC,PKN,PKN,PKN3
PAKB,-0.065,74,KRSA,0.06256517205422316,1,STE,STE20,PAKB,PAK4
PAKB,-0.065,74,KRSA,0.06256517205422316,1,STE,STE20,PAKB,PAK5
PAKB,-0.065,74,KRSA,0.06256517205422316,1,STE,STE20,PAKB,PAK6
HAL,0.06333333333333332,75,KRSA,0.05005213764337852,1,RGC,RGC,RGC,NPR1
CK2,-0.01249999999999999,79,KRSA,0,1,CMGC,CK2,CK2,CSNK2A1
CK2,-0.01249999999999999,79,KRSA,0,1,CMGC,CK2,CK2,CSNK2A2
CK2,-0.01249999999999999,79,KRSA,0,1,NA,NA,NA,CSNK2A3
GRK,0.21666666666666667,67,KRSA,0.15015641293013557,1,AGC,GRK,GRK,GRK1
GRK,0.21666666666666667,67,KRSA,0.15015641293013557,1,AGC,GRK,GRK,GRK4
GRK,0.21666666666666667,67,KRSA,0.15015641293013557,1,AGC,GRK,GRK,GRK5
GRK,0.21666666666666667,67,KRSA,0.15015641293013557,1,AGC,GRK,GRK,GRK6
GRK,0.21666666666666667,67,KRSA,0.15015641293013557,1,AGC,GRK,GRK,GRK7
CAMK2,-0.21916666666666668,66,KRSA,0.16266944734098018,1,CAMK,CAMK2,CAMK2,CAMK2A
CAMK2,-0.21916666666666668,66,KRSA,0.16266944734098018,1,CAMK,CAMK2,CAMK2,CAMK2B
CAMK2,-0.21916666666666668,66,KRSA,0.16266944734098018,1,CAMK,CAMK2,CAMK2,CAMK2D
CAMK2,-0.21916666666666668,66,KRSA,0.16266944734098018,1,CAMK,CAMK2,CAMK2,CAMK2G
P38,-1.045,25,KRSA,0.6882168925964547,3,CMGC,MAPK,P38,MAPK11
P38,-1.045,25,KRSA,0.6882168925964547,3,CMGC,MAPK,P38,MAPK12
P38,-1.045,25,KRSA,0.6882168925964547,3,CMGC,MAPK,P38,MAPK13
P38,-1.045,25,KRSA,0.6882168925964547,3,CMGC,MAPK,P38,MAPK14
CHK1,0.545,43,KRSA,0.4629822732012513,2,CAMK,CAMKL,CHK1,CHEK1
AMPK,0.1875,69,KRSA,0.1251303441084463,1,CAMK,CAMKL,AMPK,PRKAA1
AMPK,0.1875,69,KRSA,0.1251303441084463,1,CAMK,CAMKL,AMPK,PRKAA2
BRSK,0.3416666666666667,57,KRSA,0.27528675703858185,2,CAMK,CAMKL,BRSK,BRSK1
BRSK,0.3416666666666667,57,KRSA,0.27528675703858185,2,CAMK,CAMKL,BRSK,BRSK2
GSK,-0.1525,70,KRSA,0.11261730969760167,1,CMGC,GSK,GSK,GSK3A
GSK,-0.1525,70,KRSA,0.11261730969760167,1,CMGC,GSK,GSK,GSK3B
NIK,-0.7291666666666666,38,KRSA,0.5255474452554745,3,STE,STE-UNIQUE,STE-UNIQUE,MAP3K14
KHS,-0.22666666666666663,64,KRSA,0.18769551616266944,1,STE,STE20,KHS,MAP4K1
KHS,-0.22666666666666663,64,KRSA,0.18769551616266944,1,STE,STE20,KHS,MAP4K2
KHS,-0.22666666666666663,64,KRSA,0.18769551616266944,1,STE,STE20,KHS,MAP4K3
KHS,-0.22666666666666663,64,KRSA,0.18769551616266944,1,STE,STE20,KHS,MAP4K5
TAO,0.3175,58,KRSA,0.26277372262773724,2,STE,STE20,TAO,TAOK1
TAO,0.3175,58,KRSA,0.26277372262773724,2,STE,STE20,TAO,TAOK2
TAO,0.3175,58,KRSA,0.26277372262773724,2,STE,STE20,TAO,TAOK3
WNK,-0.3975,53,KRSA,0.32533889468196037,2,OTHER,WNK,WNK,WNK1
WNK,-0.3975,53,KRSA,0.32533889468196037,2,OTHER,WNK,WNK,WNK2
WNK,-0.3975,53,KRSA,0.32533889468196037,2,OTHER,WNK,WNK,WNK3
WNK,-0.3975,53,KRSA,0.32533889468196037,2,OTHER,WNK,WNK,WNK4
ULK,-0.7433333333333333,36,KRSA,0.5505735140771637,3,OTHER,ULK,FUSED,STK36
ULK,-0.7433333333333333,36,KRSA,0.5505735140771637,3,OTHER,ULK,ULK,ULK1
ULK,-0.7433333333333333,36,KRSA,0.5505735140771637,3,OTHER,ULK,ULK,ULK2
ULK,-0.7433333333333333,36,KRSA,0.5505735140771637,3,OTHER,ULK,ULK,ULK3
ULK,-0.7433333333333333,36,KRSA,0.5505735140771637,3,OTHER,ULK,ULK,ULK4
CLK,-0.7325,37,KRSA,0.5380604796663191,3,CMGC,CLK,CLK,CLK1
CLK,-0.7325,37,KRSA,0.5380604796663191,3,CMGC,CLK,CLK,CLK2
CLK,-0.7325,37,KRSA,0.5380604796663191,3,CMGC,CLK,CLK,CLK3
CLK,-0.7325,37,KRSA,0.5380604796663191,3,CMGC,CLK,CLK,CLK4
STE7,-1.66,6,KRSA,0.9259645464025026,4,STE,STE7,MEK1,MAP2K1
STE7,-1.66,6,KRSA,0.9259645464025026,4,STE,STE7,MEK1,MAP2K2
STE7,-1.66,6,KRSA,0.9259645464025026,4,STE,STE7,MEK3,MAP2K3
STE7,-1.66,6,KRSA,0.9259645464025026,4,STE,STE7,MEK4,MAP2K4
STE7,-1.66,6,KRSA,0.9259645464025026,4,STE,STE7,MEK5,MAP2K5
STE7,-1.66,6,KRSA,0.9259645464025026,4,STE,STE7,MEK3,MAP2K6
STE7,-1.66,6,KRSA,0.9259645464025026,4,STE,STE7,MEK7,MAP2K7
RAD53,0.13083333333333333,72,KRSA,0.08759124087591241,1,CAMK,RAD53,RAD53,CHEK2
MST,-0.4558333333333333,47,KRSA,0.4129301355578728,2,STE,STE20,MST,STK3
MST,-0.4558333333333333,47,KRSA,0.4129301355578728,2,STE,STE20,MST,STK4
PKCA,0.4916666666666667,45,KRSA,0.43795620437956206,2,AGC,PKC,ALPHA,PRKCA
PKCA,0.4916666666666667,45,KRSA,0.43795620437956206,2,AGC,PKC,ALPHA,PRKCB
PKCA,0.4916666666666667,45,KRSA,0.43795620437956206,2,AGC,PKC,ALPHA,PRKCG
LKB,-0.8708333333333333,33,KRSA,0.5881126173096975,3,CAMK,CAMKL,LKB,STK11
PAKA,-0.8558333333333333,35,KRSA,0.5630865484880083,3,STE,STE20,PAKA,PAK1
PAKA,-0.8558333333333333,35,KRSA,0.5630865484880083,3,STE,STE20,PAKA,PAK2
PAKA,-0.8558333333333333,35,KRSA,0.5630865484880083,3,STE,STE20,PAKA,PAK3
IKK,0.02499999999999999,78,KRSA,0.01251303441084463,1,OTHER,IKK,IKK,CHUK
IKK,0.02499999999999999,78,KRSA,0.01251303441084463,1,OTHER,IKK,IKK,IKBKB
IKK,0.02499999999999999,78,KRSA,0.01251303441084463,1,OTHER,IKK,IKK,IKBKE
IKK,0.02499999999999999,78,KRSA,0.01251303441084463,1,OTHER,IKK,IKK,TBK1
PIM,0.15083333333333335,71,KRSA,0.10010427528675704,1,CAMK,PIM,PIM,PIM1
PIM,0.15083333333333335,71,KRSA,0.10010427528675704,1,CAMK,PIM,PIM,PIM2
PIM,0.15083333333333335,71,KRSA,0.10010427528675704,1,CAMK,PIM,PIM,PIM3
RSK,0.44416666666666665,49,KRSA,0.38790406673618355,2,AGC,RSK,RSK,RPS6KA1
RSK,0.44416666666666665,49,KRSA,0.38790406673618355,2,AGC,RSK,RSK,RPS6KA2
RSK,0.44416666666666665,49,KRSA,0.38790406673618355,2,AGC,RSK,RSK,RPS6KA3
RSK,0.44416666666666665,49,KRSA,0.38790406673618355,2,AGC,RSK,MSK,RPS6KA4
RSK,0.44416666666666665,49,KRSA,0.38790406673618355,2,AGC,RSK,MSK,RPS6KA5
RSK,0.44416666666666665,49,KRSA,0.38790406673618355,2,AGC,RSK,RSK,RPS6KA6
RSK,0.44416666666666665,49,KRSA,0.38790406673618355,2,AGC,RSK,P70,RPS6KB1
RSK,0.44416666666666665,49,KRSA,0.38790406673618355,2,AGC,RSK,P70,RPS6KB2
PLK,-0.86,34,KRSA,0.5755995828988529,3,NA,NA,NA,PLK5
PLK,-0.86,34,KRSA,0.5755995828988529,3,OTHER,PLK,PLK1,PLK1
PLK,-0.86,34,KRSA,0.5755995828988529,3,OTHER,PLK,PLK2,PLK2
PLK,-0.86,34,KRSA,0.5755995828988529,3,OTHER,PLK,PLK2,PLK3
PLK,-0.86,34,KRSA,0.5755995828988529,3,OTHER,PLK,SAK,PLK4
DYRK,-1.2141666666666666,19,KRSA,0.7632950990615224,4,CMGC,DYRK,DYRK1,DYRK1A
DYRK,-1.2141666666666666,19,KRSA,0.7632950990615224,4,CMGC,DYRK,DYRK1,DYRK1B
DYRK,-1.2141666666666666,19,KRSA,0.7632950990615224,4,CMGC,DYRK,DYRK2,DYRK2
DYRK,-1.2141666666666666,19,KRSA,0.7632950990615224,4,CMGC,DYRK,DYRK2,DYRK3
DYRK,-1.2141666666666666,19,KRSA,0.7632950990615224,4,CMGC,DYRK,DYRK2,DYRK4
DYRK,-1.2141666666666666,19,KRSA,0.7632950990615224,4,CMGC,DYRK,HIPK,HIPK1
DYRK,-1.2141666666666666,19,KRSA,0.7632950990615224,4,CMGC,DYRK,HIPK,HIPK2
DYRK,-1.2141666666666666,19,KRSA,0.7632950990615224,4,CMGC,DYRK,HIPK,HIPK3
DYRK,-1.2141666666666666,19,KRSA,0.7632950990615224,4,CMGC,DYRK,HIPK,HIPK4
DYRK,-1.2141666666666666,19,KRSA,0.7632950990615224,4,CMGC,DYRK,PRP4,PRPF4B
IRAK,0.22583333333333333,65,KRSA,0.17518248175182483,1,TKL,IRAK,IRAK,IRAK1
IRAK,0.22583333333333333,65,KRSA,0.17518248175182483,1,TKL,IRAK,IRAK,IRAK2
IRAK,0.22583333333333333,65,KRSA,0.17518248175182483,1,TKL,IRAK,IRAK,IRAK3
IRAK,0.22583333333333333,65,KRSA,0.17518248175182483,1,TKL,IRAK,IRAK,IRAK4
STE11,-0.3466666666666667,56,KRSA,0.28779979144942647,2,TKL,MLK,TAK1,MAP3K7
STE11,-0.3466666666666667,56,KRSA,0.28779979144942647,2,STE,STE11,MEKK1,MAP3K1
STE11,-0.3466666666666667,56,KRSA,0.28779979144942647,2,STE,STE11,ASK,MAP3K15
STE11,-0.3466666666666667,56,KRSA,0.28779979144942647,2,STE,STE11,MEKK2,MAP3K2
STE11,-0.3466666666666667,56,KRSA,0.28779979144942647,2,STE,STE11,MEKK2,MAP3K3
STE11,-0.3466666666666667,56,KRSA,0.28779979144942647,2,STE,STE11,MEKK4,MAP3K4
STE11,-0.3466666666666667,56,KRSA,0.28779979144942647,2,STE,STE11,ASK,MAP3K5
STE11,-0.3466666666666667,56,KRSA,0.28779979144942647,2,STE,STE11,ASK,MAP3K6
STKR,0.5675,42,KRSA,0.4754953076120959,2,TKL,STKR,TYPE1,ACVR1
STKR,0.5675,42,KRSA,0.4754953076120959,2,TKL,STKR,TYPE1,ACVR1B
STKR,0.5675,42,KRSA,0.4754953076120959,2,TKL,STKR,TYPE1,ACVR1C
STKR,0.5675,42,KRSA,0.4754953076120959,2,TKL,STKR,TYPE2,ACVR2A
STKR,0.5675,42,KRSA,0.4754953076120959,2,TKL,STKR,TYPE2,ACVR2B
STKR,0.5675,42,KRSA,0.4754953076120959,2,TKL,STKR,TYPE1,ACVRL1
STKR,0.5675,42,KRSA,0.4754953076120959,2,TKL,STKR,TYPE2,AMHR2
STKR,0.5675,42,KRSA,0.4754953076120959,2,TKL,STKR,TYPE1,BMPR1A
STKR,0.5675,42,KRSA,0.4754953076120959,2,TKL,STKR,TYPE1,BMPR1B
STKR,0.5675,42,KRSA,0.4754953076120959,2,TKL,STKR,TYPE2,BMPR2
STKR,0.5675,42,KRSA,0.4754953076120959,2,TKL,STKR,TYPE1,TGFBR1
STKR,0.5675,42,KRSA,0.4754953076120959,2,TKL,STKR,TYPE2,TGFBR2
PKD,0.35583333333333333,55,KRSA,0.30031282586027114,2,CAMK,PKD,PKD,PRKD1
PKD,0.35583333333333333,55,KRSA,0.30031282586027114,2,CAMK,PKD,PKD,PRKD2
PKD,0.35583333333333333,55,KRSA,0.30031282586027114,2,CAMK,PKD,PKD,PRKD3
PHK,0.2425,63,KRSA,0.20020855057351408,1,CAMK,PHK,PHK,PHKG1
PHK,0.2425,63,KRSA,0.20020855057351408,1,CAMK,PHK,PHK,PHKG2
VRK1,-0.885,32,KRSA,0.6006256517205423,3,CK1,VRK,VRK,VRK1
COT,0.02666666666666666,77,KRSA,0.02502606882168926,1,STE,STE-UNIQUE,STE-UNIQUE,MAP3K8
MLK,0.4066666666666667,52,KRSA,0.337851929092805,2,TKL,MLK,ILK,ILK
MLK,0.4066666666666667,52,KRSA,0.337851929092805,2,TKL,MLK,MLK,MAP3K10
MLK,0.4066666666666667,52,KRSA,0.337851929092805,2,TKL,MLK,MLK,MAP3K11
MLK,0.4066666666666667,52,KRSA,0.337851929092805,2,TKL,MLK,LZK,MAP3K12
MLK,0.4066666666666667,52,KRSA,0.337851929092805,2,TKL,MLK,LZK,MAP3K13
MLK,0.4066666666666667,52,KRSA,0.337851929092805,2,TKL,MLK,MLK,MAP3K9
MLK,0.4066666666666667,52,KRSA,0.337851929092805,2,TKL,MLK,HH498,TNNI3K
SGK,0.43583333333333335,50,KRSA,0.36287799791449427,2,AGC,SGK,SGK,SGK1
SGK,0.43583333333333335,50,KRSA,0.36287799791449427,2,AGC,SGK,SGK,SGK2
SGK,0.43583333333333335,50,KRSA,0.36287799791449427,2,AGC,SGK,SGK,SGK3
AKT,1.0566666666666666,24,KRSA,0.7007299270072993,3,AGC,AKT,AKT,AKT1
AKT,1.0566666666666666,24,KRSA,0.7007299270072993,3,AGC,AKT,AKT,AKT2
AKT,1.0566666666666666,24,KRSA,0.7007299270072993,3,AGC,AKT,AKT,AKT3
MAPKAPK,0.49166666666666664,46,KRSA,0.4254431699687174,2,CAMK,MAPKAPK,MAPKAPK,MAPKAPK2
MAPKAPK,0.49166666666666664,46,KRSA,0.4254431699687174,2,CAMK,MAPKAPK,MAPKAPK,MAPKAPK3
MAPKAPK,0.49166666666666664,46,KRSA,0.4254431699687174,2,CAMK,MAPKAPK,MAPKAPK,MAPKAPK5
MAPKAPK,0.49166666666666664,46,KRSA,0.4254431699687174,2,CAMK,MAPKAPK,MNK,MKNK1
MAPKAPK,0.49166666666666664,46,KRSA,0.4254431699687174,2,CAMK,MAPKAPK,MNK,MKNK2
ATR,-0.6258333333333334,40,KRSA,0.5005213764337852,3,ATYPICAL,PIKK,ATR,ATR
RIPK,1.4966666666666666,9,KRSA,0.8884254431699687,4,TKL,RIPK,RIPK,ANKK1
RIPK,1.4966666666666666,9,KRSA,0.8884254431699687,4,TKL,RIPK,RIPK,RIPK1
RIPK,1.4966666666666666,9,KRSA,0.8884254431699687,4,TKL,RIPK,RIPK,RIPK2
RIPK,1.4966666666666666,9,KRSA,0.8884254431699687,4,TKL,RIPK,RIPK,RIPK3
RIPK,1.4966666666666666,9,KRSA,0.8884254431699687,4,TKL,RIPK,RIPK,RIPK4
PRKDC,-0.9908333333333332,28,KRSA,0.6506777893639207,3,ATYPICAL,PIKK,DNAPK,PRKDC
CDK,-1.33,15,KRSA,0.8133472367049009,4,CMGC,CDK,CDC2,CDK1
CDK,-1.33,15,KRSA,0.8133472367049009,4,CMGC,CDK,CDK10,CDK10
CDK,-1.33,15,KRSA,0.8133472367049009,4,CMGC,CDK,CRK7,CDK12
CDK,-1.33,15,KRSA,0.8133472367049009,4,CMGC,CDK,CRK7,CDK13
CDK,-1.33,15,KRSA,0.8133472367049009,4,CMGC,CDK,PFTAIRE,CDK14
CDK,-1.33,15,KRSA,0.8133472367049009,4,CMGC,CDK,PFTAIRE,CDK15
CDK,-1.33,15,KRSA,0.8133472367049009,4,CMGC,CDK,PCTAIRE,CDK16
CDK,-1.33,15,KRSA,0.8133472367049009,4,CMGC,CDK,PCTAIRE,CDK17
CDK,-1.33,15,KRSA,0.8133472367049009,4,CMGC,CDK,PCTAIRE,CDK18
CDK,-1.33,15,KRSA,0.8133472367049009,4,CMGC,CDK,CDK8,CDK19
CDK,-1.33,15,KRSA,0.8133472367049009,4,CMGC,CDK,CDC2,CDK2
CDK,-1.33,15,KRSA,0.8133472367049009,4,CMGC,CDK,CCRK,CDK20
CDK,-1.33,15,KRSA,0.8133472367049009,4,CMGC,CDK,CDC2,CDK3
CDK,-1.33,15,KRSA,0.8133472367049009,4,CMGC,CDK,CDK4,CDK4
CDK,-1.33,15,KRSA,0.8133472367049009,4,CMGC,CDK,CDK5,CDK5
CDK,-1.33,15,KRSA,0.8133472367049009,4,CMGC,CDK,CDK4,CDK6
CDK,-1.33,15,KRSA,0.8133472367049009,4,CMGC,CDK,CDK7,CDK7
CDK,-1.33,15,KRSA,0.8133472367049009,4,CMGC,CDK,CDK8,CDK8
CDK,-1.33,15,KRSA,0.8133472367049009,4,CMGC,CDK,CDK9,CDK9
CDK,-1.33,15,KRSA,0.8133472367049009,4,NA,NA,NA,CDK11A
CDK,-1.33,15,KRSA,0.8133472367049009,4,NA,NA,NA,CDK11B
MTOR,-0.09166666666666667,73,KRSA,0.07507820646506778,1,ATYPICAL,PIKK,FRAP,MTOR
CAMK1,0.9666666666666668,29,KRSA,0.6381647549530761,3,CAMK,CAMK1,CAMK1,CAMK1
CAMK1,0.9666666666666668,29,KRSA,0.6381647549530761,3,CAMK,CAMK1,CAMK1,CAMK1D
CAMK1,0.9666666666666668,29,KRSA,0.6381647549530761,3,CAMK,CAMK1,CAMK1,CAMK1G
CAMK1,0.9666666666666668,29,KRSA,0.6381647549530761,3,CAMK,CAMK1,CAMK1,CAMK4
CAMK1,0.9666666666666668,29,KRSA,0.6381647549530761,3,CAMK,CAMK1,CAMK1,PNCK
ATM,-0.9458333333333332,31,KRSA,0.6131386861313869,3,ATYPICAL,PIKK,ATM,ATM
PASK,1.4433333333333334,13,KRSA,0.8383733055265902,4,CAMK,CAMKL,PASK,PASK
ERK,-1.909166666666667,1,KRSA,0.9885297184567258,4,CMGC,MAPK,ERK1,MAPK1
ERK,-1.909166666666667,1,KRSA,0.9885297184567258,4,CMGC,MAPK,ERK7,MAPK15
ERK,-1.909166666666667,1,KRSA,0.9885297184567258,4,CMGC,MAPK,ERK1,MAPK3
ERK,-1.909166666666667,1,KRSA,0.9885297184567258,4,CMGC,MAPK,ERK3,MAPK4
ERK,-1.909166666666667,1,KRSA,0.9885297184567258,4,CMGC,MAPK,ERK3,MAPK6
ERK,-1.909166666666667,1,KRSA,0.9885297184567258,4,CMGC,MAPK,ERK5,MAPK7
SLK,1.0633333333333332,23,KRSA,0.7132429614181439,3,STE,STE20,SLK,SLK
SLK,1.0633333333333332,23,KRSA,0.7132429614181439,3,STE,STE20,SLK,STK10
DMPK,1.4016666666666666,14,KRSA,0.8258602711157456,4,AGC,DMPK,GEK,CDC42BPA
DMPK,1.4016666666666666,14,KRSA,0.8258602711157456,4,AGC,DMPK,GEK,CDC42BPB
DMPK,1.4016666666666666,14,KRSA,0.8258602711157456,4,AGC,DMPK,GEK,CDC42BPG
DMPK,1.4016666666666666,14,KRSA,0.8258602711157456,4,AGC,DMPK,CRIK,CIT
DMPK,1.4016666666666666,14,KRSA,0.8258602711157456,4,AGC,DMPK,GEK,DMPK
DMPK,1.4016666666666666,14,KRSA,0.8258602711157456,4,AGC,DMPK,ROCK,ROCK1
DMPK,1.4016666666666666,14,KRSA,0.8258602711157456,4,AGC,DMPK,ROCK,ROCK2
CAMKK,1.455833333333333,12,KRSA,0.8508863399374348,4,OTHER,CAMKK,META,CAMKK1
CAMKK,1.455833333333333,12,KRSA,0.8508863399374348,4,OTHER,CAMKK,META,CAMKK2
PKCD,0.72,39,KRSA,0.5130344108446299,3,AGC,PKC,DELTA,PRKCD
PKCD,0.72,39,KRSA,0.5130344108446299,3,AGC,PKC,DELTA,PRKCQ
AUR,1.0983333333333334,22,KRSA,0.7257559958289885,3,OTHER,AUR,AUR,AURKA
AUR,1.0983333333333334,22,KRSA,0.7257559958289885,3,OTHER,AUR,AUR,AURKB
AUR,1.0983333333333334,22,KRSA,0.7257559958289885,3,OTHER,AUR,AUR,AURKC
MSN,1.315,16,KRSA,0.8008342022940563,4,STE,STE20,MSN,MAP4K4
MSN,1.315,16,KRSA,0.8008342022940563,4,STE,STE20,MSN,NRK
MSN,1.315,16,KRSA,0.8008342022940563,4,STE,STE20,MSN,TNIK
PEK,-1.65,7,KRSA,0.913451511991658,4,OTHER,PEK,HRI,EIF2AK1
PEK,-1.65,7,KRSA,0.913451511991658,4,OTHER,PEK,PKR,EIF2AK2
PEK,-1.65,7,KRSA,0.913451511991658,4,OTHER,PEK,PEK,EIF2AK3
PEK,-1.65,7,KRSA,0.913451511991658,4,OTHER,PEK,GCN2,EIF2AK4
PDK1,-1.7266666666666666,4,KRSA,0.9509906152241918,4,ATYPICAL,PDHK,PDHK,PDK1
PDK1,-1.7266666666666666,4,KRSA,0.9509906152241918,4,AGC,PDK1,PDK1,PDPK1
NEK,-1.5566666666666666,8,KRSA,0.9009384775808134,4,OTHER,NEK,NEK11,NEK11
NEK,-1.5566666666666666,8,KRSA,0.9009384775808134,4,OTHER,NEK,NEK2,NEK2
NEK,-1.5566666666666666,8,KRSA,0.9009384775808134,4,OTHER,NEK,NEK1,NEK3
NEK,-1.5566666666666666,8,KRSA,0.9009384775808134,4,OTHER,NEK,NEK4,NEK4
NEK,-1.5566666666666666,8,KRSA,0.9009384775808134,4,OTHER,NEK,NEK1,NEK5
NEK,-1.5566666666666666,8,KRSA,0.9009384775808134,4,OTHER,NEK,NEK6,NEK6
NEK,-1.5566666666666666,8,KRSA,0.9009384775808134,4,OTHER,NEK,NEK6,NEK7
NEK,-1.5566666666666666,8,KRSA,0.9009384775808134,4,OTHER,NEK,NEK8,NEK8
NEK,-1.5566666666666666,8,KRSA,0.9009384775808134,4,OTHER,NEK,NEK8,NEK9
NMO,-1.7591666666666663,3,KRSA,0.9635036496350365,4,CMGC,MAPK,NMO,NLK
JNK,-1.475,10,KRSA,0.8759124087591241,4,CMGC,MAPK,JNK,MAPK10
JNK,-1.475,10,KRSA,0.8759124087591241,4,CMGC,MAPK,JNK,MAPK8
JNK,-1.475,10,KRSA,0.8759124087591241,4,CMGC,MAPK,JNK,MAPK9
QIK,-1.255,18,KRSA,0.7758081334723671,4,CAMK,CAMKL,QIK,SIK1
QIK,-1.255,18,KRSA,0.7758081334723671,4,CAMK,CAMKL,QIK,SIK2
CAMK2,-0.21916666666666668,66,KRSA,0.16266944734098018,1,CAMK,CAMK2,CAMK2,CAMK2A
CAMK2,-0.21916666666666668,66,KRSA,0.16266944734098018,1,CAMK,CAMK2,CAMK2,CAMK2B
CAMK2,-0.21916666666666668,66,KRSA,0.16266944734098018,1,CAMK,CAMK2,CAMK2,CAMK2D
CAMK2,-0.21916666666666668,66,KRSA,0.16266944734098018,1,CAMK,CAMK2,CAMK2,CAMK2G
PKA,1.669166666666667,5,KRSA,0.9384775808133472,4,AGC,PKA,PKA,PRKACA
PKA,1.669166666666667,5,KRSA,0.9384775808133472,4,AGC,PKA,PKA,PRKACB
PKA,1.669166666666667,5,KRSA,0.9384775808133472,4,AGC,PKA,PKA,PRKACG
PKA,1.669166666666667,5,KRSA,0.9384775808133472,4,AGC,PKA,PKA,PRKX
PKA,1.669166666666667,5,KRSA,0.9384775808133472,4,AGC,PKA,PKA,PRKY
IRAK,0.22583333333333333,65,KRSA,0.17518248175182483,1,TKL,IRAK,IRAK,IRAK1
IRAK,0.22583333333333333,65,KRSA,0.17518248175182483,1,TKL,IRAK,IRAK,IRAK2
IRAK,0.22583333333333333,65,KRSA,0.17518248175182483,1,TKL,IRAK,IRAK,IRAK3
IRAK,0.22583333333333333,65,KRSA,0.17518248175182483,1,TKL,IRAK,IRAK,IRAK4
PDHK,-1.1125,21,KRSA,0.7382690302398331,3,ATYPICAL,PDHK,BCKDK,BCKDK
PDHK,-1.1125,21,KRSA,0.7382690302398331,3,ATYPICAL,PDHK,PDHK,PDK2
PDHK,-1.1125,21,KRSA,0.7382690302398331,3,ATYPICAL,PDHK,PDHK,PDK3
PDHK,-1.1125,21,KRSA,0.7382690302398331,3,ATYPICAL,PDHK,PDHK,PDK4
RSK,0.44416666666666665,49,KRSA,0.38790406673618355,2,AGC,RSK,RSK,RPS6KA1
RSK,0.44416666666666665,49,KRSA,0.38790406673618355,2,AGC,RSK,RSK,RPS6KA2
RSK,0.44416666666666665,49,KRSA,0.38790406673618355,2,AGC,RSK,RSK,RPS6KA3
RSK,0.44416666666666665,49,KRSA,0.38790406673618355,2,AGC,RSK,MSK,RPS6KA4
RSK,0.44416666666666665,49,KRSA,0.38790406673618355,2,AGC,RSK,MSK,RPS6KA5
RSK,0.44416666666666665,49,KRSA,0.38790406673618355,2,AGC,RSK,RSK,RPS6KA6
RSK,0.44416666666666665,49,KRSA,0.38790406673618355,2,AGC,RSK,P70,RPS6KB1
RSK,0.44416666666666665,49,KRSA,0.38790406673618355,2,AGC,RSK,P70,RPS6KB2
VRK1,-0.885,32,KRSA,0.6006256517205423,3,CK1,VRK,VRK,VRK1
MST,-0.4558333333333333,47,KRSA,0.4129301355578728,2,STE,STE20,MST,STK3
MST,-0.4558333333333333,47,KRSA,0.4129301355578728,2,STE,STE20,MST,STK4
MLCK,-0.49583333333333335,44,KRSA,0.4504692387904067,2,CAMK,MLCK,MLCK,MYLK
MLCK,-0.49583333333333335,44,KRSA,0.4504692387904067,2,CAMK,MLCK,MLCK,MYLK2
MLCK,-0.49583333333333335,44,KRSA,0.4504692387904067,2,CAMK,MLCK,MLCK,TTN
DYRK,-1.2141666666666666,19,KRSA,0.7632950990615224,4,CMGC,DYRK,DYRK1,DYRK1A
DYRK,-1.2141666666666666,19,KRSA,0.7632950990615224,4,CMGC,DYRK,DYRK1,DYRK1B
DYRK,-1.2141666666666666,19,KRSA,0.7632950990615224,4,CMGC,DYRK,DYRK2,DYRK2
DYRK,-1.2141666666666666,19,KRSA,0.7632950990615224,4,CMGC,DYRK,DYRK2,DYRK3
DYRK,-1.2141666666666666,19,KRSA,0.7632950990615224,4,CMGC,DYRK,DYRK2,DYRK4
DYRK,-1.2141666666666666,19,KRSA,0.7632950990615224,4,CMGC,DYRK,HIPK,HIPK1
DYRK,-1.2141666666666666,19,KRSA,0.7632950990615224,4,CMGC,DYRK,HIPK,HIPK2
DYRK,-1.2141666666666666,19,KRSA,0.7632950990615224,4,CMGC,DYRK,HIPK,HIPK3
DYRK,-1.2141666666666666,19,KRSA,0.7632950990615224,4,CMGC,DYRK,HIPK,HIPK4
DYRK,-1.2141666666666666,19,KRSA,0.7632950990615224,4,CMGC,DYRK,PRP4,PRPF4B
CK1,-1.275,17,KRSA,0.7883211678832117,4,CK1,CK1,CK1-A,CSNK1A1
CK1,-1.275,17,KRSA,0.7883211678832117,4,CK1,CK1,CK1-A,CSNK1A1L
CK1,-1.275,17,KRSA,0.7883211678832117,4,CK1,CK1,CK1-D,CSNK1D
CK1,-1.275,17,KRSA,0.7883211678832117,4,CK1,CK1,CK1-D,CSNK1E
CK1,-1.275,17,KRSA,0.7883211678832117,4,CK1,CK1,CK1-G,CSNK1G1
CK1,-1.275,17,KRSA,0.7883211678832117,4,CK1,CK1,CK1-G,CSNK1G2
CK1,-1.275,17,KRSA,0.7883211678832117,4,CK1,CK1,CK1-G,CSNK1G3
CK1,-1.275,17,KRSA,0.7883211678832117,4,CK1,TTBK,TTBK,TTBK1
CK1,-1.275,17,KRSA,0.7883211678832117,4,CK1,TTBK,TTBK,TTBK2
CK1,-1.275,17,KRSA,0.7883211678832117,4,CK1,VRK,VRK,VRK3
ATR,-0.6258333333333334,40,KRSA,0.5005213764337852,3,ATYPICAL,PIKK,ATR,ATR
CDK,-1.33,15,KRSA,0.8133472367049009,4,CMGC,CDK,CDC2,CDK1
CDK,-1.33,15,KRSA,0.8133472367049009,4,CMGC,CDK,CDK10,CDK10
CDK,-1.33,15,KRSA,0.8133472367049009,4,CMGC,CDK,CRK7,CDK12
CDK,-1.33,15,KRSA,0.8133472367049009,4,CMGC,CDK,CRK7,CDK13
CDK,-1.33,15,KRSA,0.8133472367049009,4,CMGC,CDK,PFTAIRE,CDK14
CDK,-1.33,15,KRSA,0.8133472367049009,4,CMGC,CDK,PFTAIRE,CDK15
CDK,-1.33,15,KRSA,0.8133472367049009,4,CMGC,CDK,PCTAIRE,CDK16
CDK,-1.33,15,KRSA,0.8133472367049009,4,CMGC,CDK,PCTAIRE,CDK17
CDK,-1.33,15,KRSA,0.8133472367049009,4,CMGC,CDK,PCTAIRE,CDK18
CDK,-1.33,15,KRSA,0.8133472367049009,4,CMGC,CDK,CDK8,CDK19
CDK,-1.33,15,KRSA,0.8133472367049009,4,CMGC,CDK,CDC2,CDK2
CDK,-1.33,15,KRSA,0.8133472367049009,4,CMGC,CDK,CCRK,CDK20
CDK,-1.33,15,KRSA,0.8133472367049009,4,CMGC,CDK,CDC2,CDK3
CDK,-1.33,15,KRSA,0.8133472367049009,4,CMGC,CDK,CDK4,CDK4
CDK,-1.33,15,KRSA,0.8133472367049009,4,CMGC,CDK,CDK5,CDK5
CDK,-1.33,15,KRSA,0.8133472367049009,4,CMGC,CDK,CDK4,CDK6
CDK,-1.33,15,KRSA,0.8133472367049009,4,CMGC,CDK,CDK7,CDK7
CDK,-1.33,15,KRSA,0.8133472367049009,4,CMGC,CDK,CDK8,CDK8
CDK,-1.33,15,KRSA,0.8133472367049009,4,CMGC,CDK,CDK9,CDK9
CDK,-1.33,15,KRSA,0.8133472367049009,4,NA,NA,NA,CDK11A
CDK,-1.33,15,KRSA,0.8133472367049009,4,NA,NA,NA,CDK11B
PKCA,0.4916666666666667,45,KRSA,0.43795620437956206,2,AGC,PKC,ALPHA,PRKCA
PKCA,0.4916666666666667,45,KRSA,0.43795620437956206,2,AGC,PKC,ALPHA,PRKCB
PKCA,0.4916666666666667,45,KRSA,0.43795620437956206,2,AGC,PKC,ALPHA,PRKCG
ATM,-0.9458333333333332,31,KRSA,0.6131386861313869,3,ATYPICAL,PIKK,ATM,ATM
FRAY,-1.465833333333333,11,KRSA,0.8633993743482794,4,STE,STE20,FRAY,OXSR1
FRAY,-1.465833333333333,11,KRSA,0.8633993743482794,4,STE,STE20,FRAY,STK39
PKCI,0.43583333333333335,50,KRSA,0.36287799791449427,2,AGC,PKC,IOTA,PRKCI
PKCI,0.43583333333333335,50,KRSA,0.36287799791449427,2,AGC,PKC,IOTA,PRKCZ
PKD,0.35583333333333333,55,KRSA,0.30031282586027114,2,CAMK,PKD,PKD,PRKD1
PKD,0.35583333333333333,55,KRSA,0.30031282586027114,2,CAMK,PKD,PKD,PRKD2
PKD,0.35583333333333333,55,KRSA,0.30031282586027114,2,CAMK,PKD,PKD,PRKD3
STKR,0.5675,42,KRSA,0.4754953076120959,2,TKL,STKR,TYPE1,ACVR1
STKR,0.5675,42,KRSA,0.4754953076120959,2,TKL,STKR,TYPE1,ACVR1B
STKR,0.5675,42,KRSA,0.4754953076120959,2,TKL,STKR,TYPE1,ACVR1C
STKR,0.5675,42,KRSA,0.4754953076120959,2,TKL,STKR,TYPE2,ACVR2A
STKR,0.5675,42,KRSA,0.4754953076120959,2,TKL,STKR,TYPE2,ACVR2B
STKR,0.5675,42,KRSA,0.4754953076120959,2,TKL,STKR,TYPE1,ACVRL1
STKR,0.5675,42,KRSA,0.4754953076120959,2,TKL,STKR,TYPE2,AMHR2
STKR,0.5675,42,KRSA,0.4754953076120959,2,TKL,STKR,TYPE1,BMPR1A
STKR,0.5675,42,KRSA,0.4754953076120959,2,TKL,STKR,TYPE1,BMPR1B
STKR,0.5675,42,KRSA,0.4754953076120959,2,TKL,STKR,TYPE2,BMPR2
STKR,0.5675,42,KRSA,0.4754953076120959,2,TKL,STKR,TYPE1,TGFBR1
STKR,0.5675,42,KRSA,0.4754953076120959,2,TKL,STKR,TYPE2,TGFBR2
PKG,1.8525,2,KRSA,0.9760166840458812,4,AGC,PKG,PKG,PRKG1
PKG,1.8525,2,KRSA,0.9760166840458812,4,AGC,PKG,PKG,PRKG2
PRKDC,-0.9908333333333332,28,KRSA,0.6506777893639207,3,ATYPICAL,PIKK,DNAPK,PRKDC
BARK2,-0.45,48,KRSA,0.40041710114702816,2,AGC,GRK,BARK,GRK3
MTOR,-0.09166666666666667,73,KRSA,0.07507820646506778,1,ATYPICAL,PIKK,FRAP,MTOR
RIPK,1.4966666666666666,9,KRSA,0.8884254431699687,4,TKL,RIPK,RIPK,ANKK1
RIPK,1.4966666666666666,9,KRSA,0.8884254431699687,4,TKL,RIPK,RIPK,RIPK1
RIPK,1.4966666666666666,9,KRSA,0.8884254431699687,4,TKL,RIPK,RIPK,RIPK2
RIPK,1.4966666666666666,9,KRSA,0.8884254431699687,4,TKL,RIPK,RIPK,RIPK3
RIPK,1.4966666666666666,9,KRSA,0.8884254431699687,4,TKL,RIPK,RIPK,RIPK4
LKB,-0.8708333333333333,33,KRSA,0.5881126173096975,3,CAMK,CAMKL,LKB,STK11
MLK,0.4066666666666667,52,KRSA,0.337851929092805,2,TKL,MLK,ILK,ILK
MLK,0.4066666666666667,52,KRSA,0.337851929092805,2,TKL,MLK,MLK,MAP3K10
MLK,0.4066666666666667,52,KRSA,0.337851929092805,2,TKL,MLK,MLK,MAP3K11
MLK,0.4066666666666667,52,KRSA,0.337851929092805,2,TKL,MLK,LZK,MAP3K12
MLK,0.4066666666666667,52,KRSA,0.337851929092805,2,TKL,MLK,LZK,MAP3K13
MLK,0.4066666666666667,52,KRSA,0.337851929092805,2,TKL,MLK,MLK,MAP3K9
MLK,0.4066666666666667,52,KRSA,0.337851929092805,2,TKL,MLK,HH498,TNNI3K
PKN,-0.2025,68,KRSA,0.13764337851929093,1,AGC,PKN,PKN,PKN1
PKN,-0.2025,68,KRSA,0.13764337851929093,1,AGC,PKN,PKN,PKN2
PKN,-0.2025,68,KRSA,0.13764337851929093,1,AGC,PKN,PKN,PKN3
NUAK,-0.2925,61,KRSA,0.22523461939520334,1,CAMK,CAMKL,NUAK,NUAK1
NUAK,-0.2925,61,KRSA,0.22523461939520334,1,CAMK,CAMKL,NUAK,NUAK2
TLK,-1.044166666666667,26,KRSA,0.67570385818561,3,OTHER,TLK,TLK,TLK1
TLK,-1.044166666666667,26,KRSA,0.67570385818561,3,OTHER,TLK,TLK,TLK2
HAL,0.06333333333333332,75,KRSA,0.05005213764337852,1,RGC,RGC,RGC,NPR1
RAF,-0.9583333333333334,30,KRSA,0.6256517205422315,3,TKL,RAF,RAF,ARAF
RAF,-0.9583333333333334,30,KRSA,0.6256517205422315,3,TKL,RAF,RAF,BRAF
RAF,-0.9583333333333334,30,KRSA,0.6256517205422315,3,TKL,RAF,KSR,KSR1
RAF,-0.9583333333333334,30,KRSA,0.6256517205422315,3,TKL,RAF,KSR,KSR2
RAF,-0.9583333333333334,30,KRSA,0.6256517205422315,3,TKL,RAF,RAF,RAF1
TTK,-0.3016666666666667,60,KRSA,0.23774765380604795,1,OTHER,TTK,TTK,TTK
PAKB,-0.065,74,KRSA,0.06256517205422316,1,STE,STE20,PAKB,PAK4
PAKB,-0.065,74,KRSA,0.06256517205422316,1,STE,STE20,PAKB,PAK5
PAKB,-0.065,74,KRSA,0.06256517205422316,1,STE,STE20,PAKB,PAK6
NAK,-0.42583333333333334,51,KRSA,0.35036496350364965,2,OTHER,NAK,BIKE,AAK1
NAK,-0.42583333333333334,51,KRSA,0.35036496350364965,2,OTHER,NAK,BIKE,BMP2K
NAK,-0.42583333333333334,51,KRSA,0.35036496350364965,2,OTHER,NAK,GAK,GAK
NAK,-0.42583333333333334,51,KRSA,0.35036496350364965,2,OTHER,NAK,MPSK,STK16
DAPK,1.1891666666666667,20,KRSA,0.7507820646506778,4,CAMK,DAPK,DAPK,DAPK1
DAPK,1.1891666666666667,20,KRSA,0.7507820646506778,4,CAMK,DAPK,DAPK,DAPK2
DAPK,1.1891666666666667,20,KRSA,0.7507820646506778,4,CAMK,DAPK,DAPK,DAPK3
DAPK,1.1891666666666667,20,KRSA,0.7507820646506778,4,CAMK,DAPK,DRAK,STK17A
DAPK,1.1891666666666667,20,KRSA,0.7507820646506778,4,CAMK,DAPK,DRAK,STK17B
PKCH,-0.595,41,KRSA,0.4880083420229406,2,AGC,PKC,ETA,PRKCE
PKCH,-0.595,41,KRSA,0.4880083420229406,2,AGC,PKC,ETA,PRKCH
KHS,-0.22666666666666663,64,KRSA,0.18769551616266944,1,STE,STE20,KHS,MAP4K1
KHS,-0.22666666666666663,64,KRSA,0.18769551616266944,1,STE,STE20,KHS,MAP4K2
KHS,-0.22666666666666663,64,KRSA,0.18769551616266944,1,STE,STE20,KHS,MAP4K3
KHS,-0.22666666666666663,64,KRSA,0.18769551616266944,1,STE,STE20,KHS,MAP4K5
IKK,0.02499999999999999,78,KRSA,0.01251303441084463,1,OTHER,IKK,IKK,CHUK
IKK,0.02499999999999999,78,KRSA,0.01251303441084463,1,OTHER,IKK,IKK,IKBKB
IKK,0.02499999999999999,78,KRSA,0.01251303441084463,1,OTHER,IKK,IKK,IKBKE
IKK,0.02499999999999999,78,KRSA,0.01251303441084463,1,OTHER,IKK,IKK,TBK1
ULK,-0.7433333333333333,36,KRSA,0.5505735140771637,3,OTHER,ULK,FUSED,STK36
ULK,-0.7433333333333333,36,KRSA,0.5505735140771637,3,OTHER,ULK,ULK,ULK1
ULK,-0.7433333333333333,36,KRSA,0.5505735140771637,3,OTHER,ULK,ULK,ULK2
ULK,-0.7433333333333333,36,KRSA,0.5505735140771637,3,OTHER,ULK,ULK,ULK3
ULK,-0.7433333333333333,36,KRSA,0.5505735140771637,3,OTHER,ULK,ULK,ULK4
TAO,0.3175,58,KRSA,0.26277372262773724,2,STE,STE20,TAO,TAOK1
TAO,0.3175,58,KRSA,0.26277372262773724,2,STE,STE20,TAO,TAOK2
TAO,0.3175,58,KRSA,0.26277372262773724,2,STE,STE20,TAO,TAOK3
BUD32,0.31416666666666665,59,KRSA,0.2502606882168926,2,OTHER,BUD32,BUD32,TP53RK
NIK,-0.7291666666666666,38,KRSA,0.5255474452554745,3,STE,STE-UNIQUE,STE-UNIQUE,MAP3K14
MOS,1.0433333333333332,27,KRSA,0.6631908237747653,3,OTHER,MOS,MOS,MOS
CLK,-0.7325,37,KRSA,0.5380604796663191,3,CMGC,CLK,CLK,CLK1
CLK,-0.7325,37,KRSA,0.5380604796663191,3,CMGC,CLK,CLK,CLK2
CLK,-0.7325,37,KRSA,0.5380604796663191,3,CMGC,CLK,CLK,CLK3
CLK,-0.7325,37,KRSA,0.5380604796663191,3,CMGC,CLK,CLK,CLK4
WNK,-0.3975,53,KRSA,0.32533889468196037,2,OTHER,WNK,WNK,WNK1
WNK,-0.3975,53,KRSA,0.32533889468196037,2,OTHER,WNK,WNK,WNK2
WNK,-0.3975,53,KRSA,0.32533889468196037,2,OTHER,WNK,WNK,WNK3
WNK,-0.3975,53,KRSA,0.32533889468196037,2,OTHER,WNK,WNK,WNK4
BRSK,0.3416666666666667,57,KRSA,0.27528675703858185,2,CAMK,CAMKL,BRSK,BRSK1
BRSK,0.3416666666666667,57,KRSA,0.27528675703858185,2,CAMK,CAMKL,BRSK,BRSK2
PIM,0.15083333333333335,71,KRSA,0.10010427528675704,1,CAMK,PIM,PIM,PIM1
PIM,0.15083333333333335,71,KRSA,0.10010427528675704,1,CAMK,PIM,PIM,PIM2
PIM,0.15083333333333335,71,KRSA,0.10010427528675704,1,CAMK,PIM,PIM,PIM3
CK2,-0.01249999999999999,79,KRSA,0,1,CMGC,CK2,CK2,CSNK2A1
CK2,-0.01249999999999999,79,KRSA,0,1,CMGC,CK2,CK2,CSNK2A2
CK2,-0.01249999999999999,79,KRSA,0,1,NA,NA,NA,CSNK2A3
GSK,-0.1525,70,KRSA,0.11261730969760167,1,CMGC,GSK,GSK,GSK3A
GSK,-0.1525,70,KRSA,0.11261730969760167,1,CMGC,GSK,GSK,GSK3B
RAD53,0.13083333333333333,72,KRSA,0.08759124087591241,1,CAMK,RAD53,RAD53,CHEK2
PAKA,-0.8558333333333333,35,KRSA,0.5630865484880083,3,STE,STE20,PAKA,PAK1
PAKA,-0.8558333333333333,35,KRSA,0.5630865484880083,3,STE,STE20,PAKA,PAK2
PAKA,-0.8558333333333333,35,KRSA,0.5630865484880083,3,STE,STE20,PAKA,PAK3
SGK,0.43583333333333335,50,KRSA,0.36287799791449427,2,AGC,SGK,SGK,SGK1
SGK,0.43583333333333335,50,KRSA,0.36287799791449427,2,AGC,SGK,SGK,SGK2
SGK,0.43583333333333335,50,KRSA,0.36287799791449427,2,AGC,SGK,SGK,SGK3
STE11,-0.3466666666666667,56,KRSA,0.28779979144942647,2,TKL,MLK,TAK1,MAP3K7
STE11,-0.3466666666666667,56,KRSA,0.28779979144942647,2,STE,STE11,MEKK1,MAP3K1
STE11,-0.3466666666666667,56,KRSA,0.28779979144942647,2,STE,STE11,ASK,MAP3K15
STE11,-0.3466666666666667,56,KRSA,0.28779979144942647,2,STE,STE11,MEKK2,MAP3K2
STE11,-0.3466666666666667,56,KRSA,0.28779979144942647,2,STE,STE11,MEKK2,MAP3K3
STE11,-0.3466666666666667,56,KRSA,0.28779979144942647,2,STE,STE11,MEKK4,MAP3K4
STE11,-0.3466666666666667,56,KRSA,0.28779979144942647,2,STE,STE11,ASK,MAP3K5
STE11,-0.3466666666666667,56,KRSA,0.28779979144942647,2,STE,STE11,ASK,MAP3K6
STE7,-1.66,6,KRSA,0.9259645464025026,4,STE,STE7,MEK1,MAP2K1
STE7,-1.66,6,KRSA,0.9259645464025026,4,STE,STE7,MEK1,MAP2K2
STE7,-1.66,6,KRSA,0.9259645464025026,4,STE,STE7,MEK3,MAP2K3
STE7,-1.66,6,KRSA,0.9259645464025026,4,STE,STE7,MEK4,MAP2K4
STE7,-1.66,6,KRSA,0.9259645464025026,4,STE,STE7,MEK5,MAP2K5
STE7,-1.66,6,KRSA,0.9259645464025026,4,STE,STE7,MEK3,MAP2K6
STE7,-1.66,6,KRSA,0.9259645464025026,4,STE,STE7,MEK7,MAP2K7
CAMK1,0.9666666666666668,29,KRSA,0.6381647549530761,3,CAMK,CAMK1,CAMK1,CAMK1
CAMK1,0.9666666666666668,29,KRSA,0.6381647549530761,3,CAMK,CAMK1,CAMK1,CAMK1D
CAMK1,0.9666666666666668,29,KRSA,0.6381647549530761,3,CAMK,CAMK1,CAMK1,CAMK1G
CAMK1,0.9666666666666668,29,KRSA,0.6381647549530761,3,CAMK,CAMK1,CAMK1,CAMK4
CAMK1,0.9666666666666668,29,KRSA,0.6381647549530761,3,CAMK,CAMK1,CAMK1,PNCK
NDR,0.29083333333333333,62,KRSA,0.2127215849843587,1,AGC,NDR,NDR,LATS1
NDR,0.29083333333333333,62,KRSA,0.2127215849843587,1,AGC,NDR,NDR,LATS2
NDR,0.29083333333333333,62,KRSA,0.2127215849843587,1,AGC,NDR,NDR,STK38
NDR,0.29083333333333333,62,KRSA,0.2127215849843587,1,AGC,NDR,NDR,STK38L
PHK,0.2425,63,KRSA,0.20020855057351408,1,CAMK,PHK,PHK,PHKG1
PHK,0.2425,63,KRSA,0.20020855057351408,1,CAMK,PHK,PHK,PHKG2
COT,0.02666666666666666,77,KRSA,0.02502606882168926,1,STE,STE-UNIQUE,STE-UNIQUE,MAP3K8
CHK1,0.545,43,KRSA,0.4629822732012513,2,CAMK,CAMKL,CHK1,CHEK1
MAPKAPK,0.49166666666666664,46,KRSA,0.4254431699687174,2,CAMK,MAPKAPK,MAPKAPK,MAPKAPK2
MAPKAPK,0.49166666666666664,46,KRSA,0.4254431699687174,2,CAMK,MAPKAPK,MAPKAPK,MAPKAPK3
MAPKAPK,0.49166666666666664,46,KRSA,0.4254431699687174,2,CAMK,MAPKAPK,MAPKAPK,MAPKAPK5
MAPKAPK,0.49166666666666664,46,KRSA,0.4254431699687174,2,CAMK,MAPKAPK,MNK,MKNK1
MAPKAPK,0.49166666666666664,46,KRSA,0.4254431699687174,2,CAMK,MAPKAPK,MNK,MKNK2
MELK,-0.05583333333333335,76,KRSA,0.03753910323253389,1,CAMK,CAMKL,MELK,MELK
AKT,1.0566666666666666,24,KRSA,0.7007299270072993,3,AGC,AKT,AKT,AKT1
AKT,1.0566666666666666,24,KRSA,0.7007299270072993,3,AGC,AKT,AKT,AKT2
AKT,1.0566666666666666,24,KRSA,0.7007299270072993,3,AGC,AKT,AKT,AKT3
PLK,-0.86,34,KRSA,0.5755995828988529,3,NA,NA,NA,PLK5
PLK,-0.86,34,KRSA,0.5755995828988529,3,OTHER,PLK,PLK1,PLK1
PLK,-0.86,34,KRSA,0.5755995828988529,3,OTHER,PLK,PLK2,PLK2
PLK,-0.86,34,KRSA,0.5755995828988529,3,OTHER,PLK,PLK2,PLK3
PLK,-0.86,34,KRSA,0.5755995828988529,3,OTHER,PLK,SAK,PLK4
AMPK,0.1875,69,KRSA,0.1251303441084463,1,CAMK,CAMKL,AMPK,PRKAA1
AMPK,0.1875,69,KRSA,0.1251303441084463,1,CAMK,CAMKL,AMPK,PRKAA2
P38,-1.045,25,KRSA,0.6882168925964547,3,CMGC,MAPK,P38,MAPK11
P38,-1.045,25,KRSA,0.6882168925964547,3,CMGC,MAPK,P38,MAPK12
P38,-1.045,25,KRSA,0.6882168925964547,3,CMGC,MAPK,P38,MAPK13
P38,-1.045,25,KRSA,0.6882168925964547,3,CMGC,MAPK,P38,MAPK14
GRK,0.21666666666666667,67,KRSA,0.15015641293013557,1,AGC,GRK,GRK,GRK1
GRK,0.21666666666666667,67,KRSA,0.15015641293013557,1,AGC,GRK,GRK,GRK4
GRK,0.21666666666666667,67,KRSA,0.15015641293013557,1,AGC,GRK,GRK,GRK5
GRK,0.21666666666666667,67,KRSA,0.15015641293013557,1,AGC,GRK,GRK,GRK6
GRK,0.21666666666666667,67,KRSA,0.15015641293013557,1,AGC,GRK,GRK,GRK7
STE7,-1.66,6,KRSA,0.9259645464025026,4,STE,STE7,MEK1,MAP2K1
STE7,-1.66,6,KRSA,0.9259645464025026,4,STE,STE7,MEK1,MAP2K2
STE7,-1.66,6,KRSA,0.9259645464025026,4,STE,STE7,MEK3,MAP2K3
STE7,-1.66,6,KRSA,0.9259645464025026,4,STE,STE7,MEK4,MAP2K4
STE7,-1.66,6,KRSA,0.9259645464025026,4,STE,STE7,MEK5,MAP2K5
STE7,-1.66,6,KRSA,0.9259645464025026,4,STE,STE7,MEK3,MAP2K6
STE7,-1.66,6,KRSA,0.9259645464025026,4,STE,STE7,MEK7,MAP2K7
NMO,-1.7591666666666663,3,KRSA,0.9635036496350365,4,CMGC,MAPK,NMO,NLK
PLK,-0.86,34,KRSA,0.5755995828988529,3,NA,NA,NA,PLK5
PLK,-0.86,34,KRSA,0.5755995828988529,3,OTHER,PLK,PLK1,PLK1
PLK,-0.86,34,KRSA,0.5755995828988529,3,OTHER,PLK,PLK2,PLK2
PLK,-0.86,34,KRSA,0.5755995828988529,3,OTHER,PLK,PLK2,PLK3
PLK,-0.86,34,KRSA,0.5755995828988529,3,OTHER,PLK,SAK,PLK4
MSN,1.315,16,KRSA,0.8008342022940563,4,STE,STE20,MSN,MAP4K4
MSN,1.315,16,KRSA,0.8008342022940563,4,STE,STE20,MSN,NRK
MSN,1.315,16,KRSA,0.8008342022940563,4,STE,STE20,MSN,TNIK
AKT,1.0566666666666666,24,KRSA,0.7007299270072993,3,AGC,AKT,AKT,AKT1
AKT,1.0566666666666666,24,KRSA,0.7007299270072993,3,AGC,AKT,AKT,AKT2
AKT,1.0566666666666666,24,KRSA,0.7007299270072993,3,AGC,AKT,AKT,AKT3
CDK,-1.33,15,KRSA,0.8133472367049009,4,CMGC,CDK,CDC2,CDK1
CDK,-1.33,15,KRSA,0.8133472367049009,4,CMGC,CDK,CDK10,CDK10
CDK,-1.33,15,KRSA,0.8133472367049009,4,CMGC,CDK,CRK7,CDK12
CDK,-1.33,15,KRSA,0.8133472367049009,4,CMGC,CDK,CRK7,CDK13
CDK,-1.33,15,KRSA,0.8133472367049009,4,CMGC,CDK,PFTAIRE,CDK14
CDK,-1.33,15,KRSA,0.8133472367049009,4,CMGC,CDK,PFTAIRE,CDK15
CDK,-1.33,15,KRSA,0.8133472367049009,4,CMGC,CDK,PCTAIRE,CDK16
CDK,-1.33,15,KRSA,0.8133472367049009,4,CMGC,CDK,PCTAIRE,CDK17
CDK,-1.33,15,KRSA,0.8133472367049009,4,CMGC,CDK,PCTAIRE,CDK18
CDK,-1.33,15,KRSA,0.8133472367049009,4,CMGC,CDK,CDK8,CDK19
CDK,-1.33,15,KRSA,0.8133472367049009,4,CMGC,CDK,CDC2,CDK2
CDK,-1.33,15,KRSA,0.8133472367049009,4,CMGC,CDK,CCRK,CDK20
CDK,-1.33,15,KRSA,0.8133472367049009,4,CMGC,CDK,CDC2,CDK3
CDK,-1.33,15,KRSA,0.8133472367049009,4,CMGC,CDK,CDK4,CDK4
CDK,-1.33,15,KRSA,0.8133472367049009,4,CMGC,CDK,CDK5,CDK5
CDK,-1.33,15,KRSA,0.8133472367049009,4,CMGC,CDK,CDK4,CDK6
CDK,-1.33,15,KRSA,0.8133472367049009,4,CMGC,CDK,CDK7,CDK7
CDK,-1.33,15,KRSA,0.8133472367049009,4,CMGC,CDK,CDK8,CDK8
CDK,-1.33,15,KRSA,0.8133472367049009,4,CMGC,CDK,CDK9,CDK9
CDK,-1.33,15,KRSA,0.8133472367049009,4,NA,NA,NA,CDK11A
CDK,-1.33,15,KRSA,0.8133472367049009,4,NA,NA,NA,CDK11B
SGK,0.43583333333333335,50,KRSA,0.36287799791449427,2,AGC,SGK,SGK,SGK1
SGK,0.43583333333333335,50,KRSA,0.36287799791449427,2,AGC,SGK,SGK,SGK2
SGK,0.43583333333333335,50,KRSA,0.36287799791449427,2,AGC,SGK,SGK,SGK3
NEK,-1.5566666666666666,8,KRSA,0.9009384775808134,4,OTHER,NEK,NEK11,NEK11
NEK,-1.5566666666666666,8,KRSA,0.9009384775808134,4,OTHER,NEK,NEK2,NEK2
NEK,-1.5566666666666666,8,KRSA,0.9009384775808134,4,OTHER,NEK,NEK1,NEK3
NEK,-1.5566666666666666,8,KRSA,0.9009384775808134,4,OTHER,NEK,NEK4,NEK4
NEK,-1.5566666666666666,8,KRSA,0.9009384775808134,4,OTHER,NEK,NEK1,NEK5
NEK,-1.5566666666666666,8,KRSA,0.9009384775808134,4,OTHER,NEK,NEK6,NEK6
NEK,-1.5566666666666666,8,KRSA,0.9009384775808134,4,OTHER,NEK,NEK6,NEK7
NEK,-1.5566666666666666,8,KRSA,0.9009384775808134,4,OTHER,NEK,NEK8,NEK8
NEK,-1.5566666666666666,8,KRSA,0.9009384775808134,4,OTHER,NEK,NEK8,NEK9
ERK,-1.909166666666667,1,KRSA,0.9885297184567258,4,CMGC,MAPK,ERK1,MAPK1
ERK,-1.909166666666667,1,KRSA,0.9885297184567258,4,CMGC,MAPK,ERK7,MAPK15
ERK,-1.909166666666667,1,KRSA,0.9885297184567258,4,CMGC,MAPK,ERK1,MAPK3
ERK,-1.909166666666667,1,KRSA,0.9885297184567258,4,CMGC,MAPK,ERK3,MAPK4
ERK,-1.909166666666667,1,KRSA,0.9885297184567258,4,CMGC,MAPK,ERK3,MAPK6
ERK,-1.909166666666667,1,KRSA,0.9885297184567258,4,CMGC,MAPK,ERK5,MAPK7
RIPK,1.4966666666666666,9,KRSA,0.8884254431699687,4,TKL,RIPK,RIPK,ANKK1
RIPK,1.4966666666666666,9,KRSA,0.8884254431699687,4,TKL,RIPK,RIPK,RIPK1
RIPK,1.4966666666666666,9,KRSA,0.8884254431699687,4,TKL,RIPK,RIPK,RIPK2
RIPK,1.4966666666666666,9,KRSA,0.8884254431699687,4,TKL,RIPK,RIPK,RIPK3
RIPK,1.4966666666666666,9,KRSA,0.8884254431699687,4,TKL,RIPK,RIPK,RIPK4
FRAY,-1.465833333333333,11,KRSA,0.8633993743482794,4,STE,STE20,FRAY,OXSR1
FRAY,-1.465833333333333,11,KRSA,0.8633993743482794,4,STE,STE20,FRAY,STK39
BARK2,-0.45,48,KRSA,0.40041710114702816,2,AGC,GRK,BARK,GRK3
PAKB,-0.065,74,KRSA,0.06256517205422316,1,STE,STE20,PAKB,PAK4
PAKB,-0.065,74,KRSA,0.06256517205422316,1,STE,STE20,PAKB,PAK5
PAKB,-0.065,74,KRSA,0.06256517205422316,1,STE,STE20,PAKB,PAK6
PKA,1.669166666666667,5,KRSA,0.9384775808133472,4,AGC,PKA,PKA,PRKACA
PKA,1.669166666666667,5,KRSA,0.9384775808133472,4,AGC,PKA,PKA,PRKACB
PKA,1.669166666666667,5,KRSA,0.9384775808133472,4,AGC,PKA,PKA,PRKACG
PKA,1.669166666666667,5,KRSA,0.9384775808133472,4,AGC,PKA,PKA,PRKX
PKA,1.669166666666667,5,KRSA,0.9384775808133472,4,AGC,PKA,PKA,PRKY
JNK,-1.475,10,KRSA,0.8759124087591241,4,CMGC,MAPK,JNK,MAPK10
JNK,-1.475,10,KRSA,0.8759124087591241,4,CMGC,MAPK,JNK,MAPK8
JNK,-1.475,10,KRSA,0.8759124087591241,4,CMGC,MAPK,JNK,MAPK9
PDK1,-1.7266666666666666,4,KRSA,0.9509906152241918,4,ATYPICAL,PDHK,PDHK,PDK1
PDK1,-1.7266666666666666,4,KRSA,0.9509906152241918,4,AGC,PDK1,PDK1,PDPK1
STKR,0.5675,42,KRSA,0.4754953076120959,2,TKL,STKR,TYPE1,ACVR1
STKR,0.5675,42,KRSA,0.4754953076120959,2,TKL,STKR,TYPE1,ACVR1B
STKR,0.5675,42,KRSA,0.4754953076120959,2,TKL,STKR,TYPE1,ACVR1C
STKR,0.5675,42,KRSA,0.4754953076120959,2,TKL,STKR,TYPE2,ACVR2A
STKR,0.5675,42,KRSA,0.4754953076120959,2,TKL,STKR,TYPE2,ACVR2B
STKR,0.5675,42,KRSA,0.4754953076120959,2,TKL,STKR,TYPE1,ACVRL1
STKR,0.5675,42,KRSA,0.4754953076120959,2,TKL,STKR,TYPE2,AMHR2
STKR,0.5675,42,KRSA,0.4754953076120959,2,TKL,STKR,TYPE1,BMPR1A
STKR,0.5675,42,KRSA,0.4754953076120959,2,TKL,STKR,TYPE1,BMPR1B
STKR,0.5675,42,KRSA,0.4754953076120959,2,TKL,STKR,TYPE2,BMPR2
STKR,0.5675,42,KRSA,0.4754953076120959,2,TKL,STKR,TYPE1,TGFBR1
STKR,0.5675,42,KRSA,0.4754953076120959,2,TKL,STKR,TYPE2,TGFBR2
DMPK,1.4016666666666666,14,KRSA,0.8258602711157456,4,AGC,DMPK,GEK,CDC42BPA
DMPK,1.4016666666666666,14,KRSA,0.8258602711157456,4,AGC,DMPK,GEK,CDC42BPB
DMPK,1.4016666666666666,14,KRSA,0.8258602711157456,4,AGC,DMPK,GEK,CDC42BPG
DMPK,1.4016666666666666,14,KRSA,0.8258602711157456,4,AGC,DMPK,CRIK,CIT
DMPK,1.4016666666666666,14,KRSA,0.8258602711157456,4,AGC,DMPK,GEK,DMPK
DMPK,1.4016666666666666,14,KRSA,0.8258602711157456,4,AGC,DMPK,ROCK,ROCK1
DMPK,1.4016666666666666,14,KRSA,0.8258602711157456,4,AGC,DMPK,ROCK,ROCK2
PEK,-1.65,7,KRSA,0.913451511991658,4,OTHER,PEK,HRI,EIF2AK1
PEK,-1.65,7,KRSA,0.913451511991658,4,OTHER,PEK,PKR,EIF2AK2
PEK,-1.65,7,KRSA,0.913451511991658,4,OTHER,PEK,PEK,EIF2AK3
PEK,-1.65,7,KRSA,0.913451511991658,4,OTHER,PEK,GCN2,EIF2AK4
TLK,-1.044166666666667,26,KRSA,0.67570385818561,3,OTHER,TLK,TLK,TLK1
TLK,-1.044166666666667,26,KRSA,0.67570385818561,3,OTHER,TLK,TLK,TLK2
DAPK,1.1891666666666667,20,KRSA,0.7507820646506778,4,CAMK,DAPK,DAPK,DAPK1
DAPK,1.1891666666666667,20,KRSA,0.7507820646506778,4,CAMK,DAPK,DAPK,DAPK2
DAPK,1.1891666666666667,20,KRSA,0.7507820646506778,4,CAMK,DAPK,DAPK,DAPK3
DAPK,1.1891666666666667,20,KRSA,0.7507820646506778,4,CAMK,DAPK,DRAK,STK17A
DAPK,1.1891666666666667,20,KRSA,0.7507820646506778,4,CAMK,DAPK,DRAK,STK17B
LKB,-0.8708333333333333,33,KRSA,0.5881126173096975,3,CAMK,CAMKL,LKB,STK11
PKCH,-0.595,41,KRSA,0.4880083420229406,2,AGC,PKC,ETA,PRKCE
PKCH,-0.595,41,KRSA,0.4880083420229406,2,AGC,PKC,ETA,PRKCH
PAKA,-0.8558333333333333,35,KRSA,0.5630865484880083,3,STE,STE20,PAKA,PAK1
PAKA,-0.8558333333333333,35,KRSA,0.5630865484880083,3,STE,STE20,PAKA,PAK2
PAKA,-0.8558333333333333,35,KRSA,0.5630865484880083,3,STE,STE20,PAKA,PAK3
AUR,1.0983333333333334,22,KRSA,0.7257559958289885,3,OTHER,AUR,AUR,AURKA
AUR,1.0983333333333334,22,KRSA,0.7257559958289885,3,OTHER,AUR,AUR,AURKB
AUR,1.0983333333333334,22,KRSA,0.7257559958289885,3,OTHER,AUR,AUR,AURKC
CHK1,0.545,43,KRSA,0.4629822732012513,2,CAMK,CAMKL,CHK1,CHEK1
RAD53,0.13083333333333333,72,KRSA,0.08759124087591241,1,CAMK,RAD53,RAD53,CHEK2
CAMK1,0.9666666666666668,29,KRSA,0.6381647549530761,3,CAMK,CAMK1,CAMK1,CAMK1
CAMK1,0.9666666666666668,29,KRSA,0.6381647549530761,3,CAMK,CAMK1,CAMK1,CAMK1D
CAMK1,0.9666666666666668,29,KRSA,0.6381647549530761,3,CAMK,CAMK1,CAMK1,CAMK1G
CAMK1,0.9666666666666668,29,KRSA,0.6381647549530761,3,CAMK,CAMK1,CAMK1,CAMK4
CAMK1,0.9666666666666668,29,KRSA,0.6381647549530761,3,CAMK,CAMK1,CAMK1,PNCK
CAMKK,1.455833333333333,12,KRSA,0.8508863399374348,4,OTHER,CAMKK,META,CAMKK1
CAMKK,1.455833333333333,12,KRSA,0.8508863399374348,4,OTHER,CAMKK,META,CAMKK2
BRSK,0.3416666666666667,57,KRSA,0.27528675703858185,2,CAMK,CAMKL,BRSK,BRSK1
BRSK,0.3416666666666667,57,KRSA,0.27528675703858185,2,CAMK,CAMKL,BRSK,BRSK2
PIM,0.15083333333333335,71,KRSA,0.10010427528675704,1,CAMK,PIM,PIM,PIM1
PIM,0.15083333333333335,71,KRSA,0.10010427528675704,1,CAMK,PIM,PIM,PIM2
PIM,0.15083333333333335,71,KRSA,0.10010427528675704,1,CAMK,PIM,PIM,PIM3
SLK,1.0633333333333332,23,KRSA,0.7132429614181439,3,STE,STE20,SLK,SLK
SLK,1.0633333333333332,23,KRSA,0.7132429614181439,3,STE,STE20,SLK,STK10
TAO,0.3175,58,KRSA,0.26277372262773724,2,STE,STE20,TAO,TAOK1
TAO,0.3175,58,KRSA,0.26277372262773724,2,STE,STE20,TAO,TAOK2
TAO,0.3175,58,KRSA,0.26277372262773724,2,STE,STE20,TAO,TAOK3
PASK,1.4433333333333334,13,KRSA,0.8383733055265902,4,CAMK,CAMKL,PASK,PASK
DYRK,-1.2141666666666666,19,KRSA,0.7632950990615224,4,CMGC,DYRK,DYRK1,DYRK1A
DYRK,-1.2141666666666666,19,KRSA,0.7632950990615224,4,CMGC,DYRK,DYRK1,DYRK1B
DYRK,-1.2141666666666666,19,KRSA,0.7632950990615224,4,CMGC,DYRK,DYRK2,DYRK2
DYRK,-1.2141666666666666,19,KRSA,0.7632950990615224,4,CMGC,DYRK,DYRK2,DYRK3
DYRK,-1.2141666666666666,19,KRSA,0.7632950990615224,4,CMGC,DYRK,DYRK2,DYRK4
DYRK,-1.2141666666666666,19,KRSA,0.7632950990615224,4,CMGC,DYRK,HIPK,HIPK1
DYRK,-1.2141666666666666,19,KRSA,0.7632950990615224,4,CMGC,DYRK,HIPK,HIPK2
DYRK,-1.2141666666666666,19,KRSA,0.7632950990615224,4,CMGC,DYRK,HIPK,HIPK3
DYRK,-1.2141666666666666,19,KRSA,0.7632950990615224,4,CMGC,DYRK,HIPK,HIPK4
DYRK,-1.2141666666666666,19,KRSA,0.7632950990615224,4,CMGC,DYRK,PRP4,PRPF4B
BUD32,0.31416666666666665,59,KRSA,0.2502606882168926,2,OTHER,BUD32,BUD32,TP53RK
MOS,1.0433333333333332,27,KRSA,0.6631908237747653,3,OTHER,MOS,MOS,MOS
P38,-1.045,25,KRSA,0.6882168925964547,3,CMGC,MAPK,P38,MAPK11
P38,-1.045,25,KRSA,0.6882168925964547,3,CMGC,MAPK,P38,MAPK12
P38,-1.045,25,KRSA,0.6882168925964547,3,CMGC,MAPK,P38,MAPK13
P38,-1.045,25,KRSA,0.6882168925964547,3,CMGC,MAPK,P38,MAPK14
ULK,-0.7433333333333333,36,KRSA,0.5505735140771637,3,OTHER,ULK,FUSED,STK36
ULK,-0.7433333333333333,36,KRSA,0.5505735140771637,3,OTHER,ULK,ULK,ULK1
ULK,-0.7433333333333333,36,KRSA,0.5505735140771637,3,OTHER,ULK,ULK,ULK2
ULK,-0.7433333333333333,36,KRSA,0.5505735140771637,3,OTHER,ULK,ULK,ULK3
ULK,-0.7433333333333333,36,KRSA,0.5505735140771637,3,OTHER,ULK,ULK,ULK4
CLK,-0.7325,37,KRSA,0.5380604796663191,3,CMGC,CLK,CLK,CLK1
CLK,-0.7325,37,KRSA,0.5380604796663191,3,CMGC,CLK,CLK,CLK2
CLK,-0.7325,37,KRSA,0.5380604796663191,3,CMGC,CLK,CLK,CLK3
CLK,-0.7325,37,KRSA,0.5380604796663191,3,CMGC,CLK,CLK,CLK4
CAMK2,-0.21916666666666668,66,KRSA,0.16266944734098018,1,CAMK,CAMK2,CAMK2,CAMK2A
CAMK2,-0.21916666666666668,66,KRSA,0.16266944734098018,1,CAMK,CAMK2,CAMK2,CAMK2B
CAMK2,-0.21916666666666668,66,KRSA,0.16266944734098018,1,CAMK,CAMK2,CAMK2,CAMK2D
CAMK2,-0.21916666666666668,66,KRSA,0.16266944734098018,1,CAMK,CAMK2,CAMK2,CAMK2G
CK2,-0.01249999999999999,79,KRSA,0,1,CMGC,CK2,CK2,CSNK2A1
CK2,-0.01249999999999999,79,KRSA,0,1,CMGC,CK2,CK2,CSNK2A2
CK2,-0.01249999999999999,79,KRSA,0,1,NA,NA,NA,CSNK2A3
WNK,-0.3975,53,KRSA,0.32533889468196037,2,OTHER,WNK,WNK,WNK1
WNK,-0.3975,53,KRSA,0.32533889468196037,2,OTHER,WNK,WNK,WNK2
WNK,-0.3975,53,KRSA,0.32533889468196037,2,OTHER,WNK,WNK,WNK3
WNK,-0.3975,53,KRSA,0.32533889468196037,2,OTHER,WNK,WNK,WNK4
PDHK,-1.1125,21,KRSA,0.7382690302398331,3,ATYPICAL,PDHK,BCKDK,BCKDK
PDHK,-1.1125,21,KRSA,0.7382690302398331,3,ATYPICAL,PDHK,PDHK,PDK2
PDHK,-1.1125,21,KRSA,0.7382690302398331,3,ATYPICAL,PDHK,PDHK,PDK3
PDHK,-1.1125,21,KRSA,0.7382690302398331,3,ATYPICAL,PDHK,PDHK,PDK4
KHS,-0.22666666666666663,64,KRSA,0.18769551616266944,1,STE,STE20,KHS,MAP4K1
KHS,-0.22666666666666663,64,KRSA,0.18769551616266944,1,STE,STE20,KHS,MAP4K2
KHS,-0.22666666666666663,64,KRSA,0.18769551616266944,1,STE,STE20,KHS,MAP4K3
KHS,-0.22666666666666663,64,KRSA,0.18769551616266944,1,STE,STE20,KHS,MAP4K5
PRKDC,-0.9908333333333332,28,KRSA,0.6506777893639207,3,ATYPICAL,PIKK,DNAPK,PRKDC
NIK,-0.7291666666666666,38,KRSA,0.5255474452554745,3,STE,STE-UNIQUE,STE-UNIQUE,MAP3K14
IRAK,0.22583333333333333,65,KRSA,0.17518248175182483,1,TKL,IRAK,IRAK,IRAK1
IRAK,0.22583333333333333,65,KRSA,0.17518248175182483,1,TKL,IRAK,IRAK,IRAK2
IRAK,0.22583333333333333,65,KRSA,0.17518248175182483,1,TKL,IRAK,IRAK,IRAK3
IRAK,0.22583333333333333,65,KRSA,0.17518248175182483,1,TKL,IRAK,IRAK,IRAK4
PHK,0.2425,63,KRSA,0.20020855057351408,1,CAMK,PHK,PHK,PHKG1
PHK,0.2425,63,KRSA,0.20020855057351408,1,CAMK,PHK,PHK,PHKG2
ATM,-0.9458333333333332,31,KRSA,0.6131386861313869,3,ATYPICAL,PIKK,ATM,ATM
MAPKAPK,0.49166666666666664,46,KRSA,0.4254431699687174,2,CAMK,MAPKAPK,MAPKAPK,MAPKAPK2
MAPKAPK,0.49166666666666664,46,KRSA,0.4254431699687174,2,CAMK,MAPKAPK,MAPKAPK,MAPKAPK3
MAPKAPK,0.49166666666666664,46,KRSA,0.4254431699687174,2,CAMK,MAPKAPK,MAPKAPK,MAPKAPK5
MAPKAPK,0.49166666666666664,46,KRSA,0.4254431699687174,2,CAMK,MAPKAPK,MNK,MKNK1
MAPKAPK,0.49166666666666664,46,KRSA,0.4254431699687174,2,CAMK,MAPKAPK,MNK,MKNK2
MLK,0.4066666666666667,52,KRSA,0.337851929092805,2,TKL,MLK,ILK,ILK
MLK,0.4066666666666667,52,KRSA,0.337851929092805,2,TKL,MLK,MLK,MAP3K10
MLK,0.4066666666666667,52,KRSA,0.337851929092805,2,TKL,MLK,MLK,MAP3K11
MLK,0.4066666666666667,52,KRSA,0.337851929092805,2,TKL,MLK,LZK,MAP3K12
MLK,0.4066666666666667,52,KRSA,0.337851929092805,2,TKL,MLK,LZK,MAP3K13
MLK,0.4066666666666667,52,KRSA,0.337851929092805,2,TKL,MLK,MLK,MAP3K9
MLK,0.4066666666666667,52,KRSA,0.337851929092805,2,TKL,MLK,HH498,TNNI3K
CK1,-1.275,17,KRSA,0.7883211678832117,4,CK1,CK1,CK1-A,CSNK1A1
CK1,-1.275,17,KRSA,0.7883211678832117,4,CK1,CK1,CK1-A,CSNK1A1L
CK1,-1.275,17,KRSA,0.7883211678832117,4,CK1,CK1,CK1-D,CSNK1D
CK1,-1.275,17,KRSA,0.7883211678832117,4,CK1,CK1,CK1-D,CSNK1E
CK1,-1.275,17,KRSA,0.7883211678832117,4,CK1,CK1,CK1-G,CSNK1G1
CK1,-1.275,17,KRSA,0.7883211678832117,4,CK1,CK1,CK1-G,CSNK1G2
CK1,-1.275,17,KRSA,0.7883211678832117,4,CK1,CK1,CK1-G,CSNK1G3
CK1,-1.275,17,KRSA,0.7883211678832117,4,CK1,TTBK,TTBK,TTBK1
CK1,-1.275,17,KRSA,0.7883211678832117,4,CK1,TTBK,TTBK,TTBK2
CK1,-1.275,17,KRSA,0.7883211678832117,4,CK1,VRK,VRK,VRK3
MST,-0.4558333333333333,47,KRSA,0.4129301355578728,2,STE,STE20,MST,STK3
MST,-0.4558333333333333,47,KRSA,0.4129301355578728,2,STE,STE20,MST,STK4
COT,0.02666666666666666,77,KRSA,0.02502606882168926,1,STE,STE-UNIQUE,STE-UNIQUE,MAP3K8
RSK,0.44416666666666665,49,KRSA,0.38790406673618355,2,AGC,RSK,RSK,RPS6KA1
RSK,0.44416666666666665,49,KRSA,0.38790406673618355,2,AGC,RSK,RSK,RPS6KA2
RSK,0.44416666666666665,49,KRSA,0.38790406673618355,2,AGC,RSK,RSK,RPS6KA3
RSK,0.44416666666666665,49,KRSA,0.38790406673618355,2,AGC,RSK,MSK,RPS6KA4
RSK,0.44416666666666665,49,KRSA,0.38790406673618355,2,AGC,RSK,MSK,RPS6KA5
RSK,0.44416666666666665,49,KRSA,0.38790406673618355,2,AGC,RSK,RSK,RPS6KA6
RSK,0.44416666666666665,49,KRSA,0.38790406673618355,2,AGC,RSK,P70,RPS6KB1
RSK,0.44416666666666665,49,KRSA,0.38790406673618355,2,AGC,RSK,P70,RPS6KB2
ATR,-0.6258333333333334,40,KRSA,0.5005213764337852,3,ATYPICAL,PIKK,ATR,ATR
IKK,0.02499999999999999,78,KRSA,0.01251303441084463,1,OTHER,IKK,IKK,CHUK
IKK,0.02499999999999999,78,KRSA,0.01251303441084463,1,OTHER,IKK,IKK,IKBKB
IKK,0.02499999999999999,78,KRSA,0.01251303441084463,1,OTHER,IKK,IKK,IKBKE
IKK,0.02499999999999999,78,KRSA,0.01251303441084463,1,OTHER,IKK,IKK,TBK1
MLCK,-0.49583333333333335,44,KRSA,0.4504692387904067,2,CAMK,MLCK,MLCK,MYLK
MLCK,-0.49583333333333335,44,KRSA,0.4504692387904067,2,CAMK,MLCK,MLCK,MYLK2
MLCK,-0.49583333333333335,44,KRSA,0.4504692387904067,2,CAMK,MLCK,MLCK,TTN
PKCI,0.43583333333333335,50,KRSA,0.36287799791449427,2,AGC,PKC,IOTA,PRKCI
PKCI,0.43583333333333335,50,KRSA,0.36287799791449427,2,AGC,PKC,IOTA,PRKCZ
PKCA,0.4916666666666667,45,KRSA,0.43795620437956206,2,AGC,PKC,ALPHA,PRKCA
PKCA,0.4916666666666667,45,KRSA,0.43795620437956206,2,AGC,PKC,ALPHA,PRKCB
PKCA,0.4916666666666667,45,KRSA,0.43795620437956206,2,AGC,PKC,ALPHA,PRKCG
RAF,-0.9583333333333334,30,KRSA,0.6256517205422315,3,TKL,RAF,RAF,ARAF
RAF,-0.9583333333333334,30,KRSA,0.6256517205422315,3,TKL,RAF,RAF,BRAF
RAF,-0.9583333333333334,30,KRSA,0.6256517205422315,3,TKL,RAF,KSR,KSR1
RAF,-0.9583333333333334,30,KRSA,0.6256517205422315,3,TKL,RAF,KSR,KSR2
RAF,-0.9583333333333334,30,KRSA,0.6256517205422315,3,TKL,RAF,RAF,RAF1
STE11,-0.3466666666666667,56,KRSA,0.28779979144942647,2,TKL,MLK,TAK1,MAP3K7
STE11,-0.3466666666666667,56,KRSA,0.28779979144942647,2,STE,STE11,MEKK1,MAP3K1
STE11,-0.3466666666666667,56,KRSA,0.28779979144942647,2,STE,STE11,ASK,MAP3K15
STE11,-0.3466666666666667,56,KRSA,0.28779979144942647,2,STE,STE11,MEKK2,MAP3K2
STE11,-0.3466666666666667,56,KRSA,0.28779979144942647,2,STE,STE11,MEKK2,MAP3K3
STE11,-0.3466666666666667,56,KRSA,0.28779979144942647,2,STE,STE11,MEKK4,MAP3K4
STE11,-0.3466666666666667,56,KRSA,0.28779979144942647,2,STE,STE11,ASK,MAP3K5
STE11,-0.3466666666666667,56,KRSA,0.28779979144942647,2,STE,STE11,ASK,MAP3K6
AMPK,0.1875,69,KRSA,0.1251303441084463,1,CAMK,CAMKL,AMPK,PRKAA1
AMPK,0.1875,69,KRSA,0.1251303441084463,1,CAMK,CAMKL,AMPK,PRKAA2
PKG,1.8525,2,KRSA,0.9760166840458812,4,AGC,PKG,PKG,PRKG1
PKG,1.8525,2,KRSA,0.9760166840458812,4,AGC,PKG,PKG,PRKG2
GSK,-0.1525,70,KRSA,0.11261730969760167,1,CMGC,GSK,GSK,GSK3A
GSK,-0.1525,70,KRSA,0.11261730969760167,1,CMGC,GSK,GSK,GSK3B
NDR,0.29083333333333333,62,KRSA,0.2127215849843587,1,AGC,NDR,NDR,LATS1
NDR,0.29083333333333333,62,KRSA,0.2127215849843587,1,AGC,NDR,NDR,LATS2
NDR,0.29083333333333333,62,KRSA,0.2127215849843587,1,AGC,NDR,NDR,STK38
NDR,0.29083333333333333,62,KRSA,0.2127215849843587,1,AGC,NDR,NDR,STK38L
PKD,0.35583333333333333,55,KRSA,0.30031282586027114,2,CAMK,PKD,PKD,PRKD1
PKD,0.35583333333333333,55,KRSA,0.30031282586027114,2,CAMK,PKD,PKD,PRKD2
PKD,0.35583333333333333,55,KRSA,0.30031282586027114,2,CAMK,PKD,PKD,PRKD3
GRK,0.21666666666666667,67,KRSA,0.15015641293013557,1,AGC,GRK,GRK,GRK1
GRK,0.21666666666666667,67,KRSA,0.15015641293013557,1,AGC,GRK,GRK,GRK4
GRK,0.21666666666666667,67,KRSA,0.15015641293013557,1,AGC,GRK,GRK,GRK5
GRK,0.21666666666666667,67,KRSA,0.15015641293013557,1,AGC,GRK,GRK,GRK6
GRK,0.21666666666666667,67,KRSA,0.15015641293013557,1,AGC,GRK,GRK,GRK7
VRK1,-0.885,32,KRSA,0.6006256517205423,3,CK1,VRK,VRK,VRK1
QIK,-1.255,18,KRSA,0.7758081334723671,4,CAMK,CAMKL,QIK,SIK1
QIK,-1.255,18,KRSA,0.7758081334723671,4,CAMK,CAMKL,QIK,SIK2
MTOR,-0.09166666666666667,73,KRSA,0.07507820646506778,1,ATYPICAL,PIKK,FRAP,MTOR
TTK,-0.3016666666666667,60,KRSA,0.23774765380604795,1,OTHER,TTK,TTK,TTK
NUAK,-0.2925,61,KRSA,0.22523461939520334,1,CAMK,CAMKL,NUAK,NUAK1
NUAK,-0.2925,61,KRSA,0.22523461939520334,1,CAMK,CAMKL,NUAK,NUAK2
PKN,-0.2025,68,KRSA,0.13764337851929093,1,AGC,PKN,PKN,PKN1
PKN,-0.2025,68,KRSA,0.13764337851929093,1,AGC,PKN,PKN,PKN2
PKN,-0.2025,68,KRSA,0.13764337851929093,1,AGC,PKN,PKN,PKN3
HAL,0.06333333333333332,75,KRSA,0.05005213764337852,1,RGC,RGC,RGC,NPR1
NAK,-0.42583333333333334,51,KRSA,0.35036496350364965,2,OTHER,NAK,BIKE,AAK1
NAK,-0.42583333333333334,51,KRSA,0.35036496350364965,2,OTHER,NAK,BIKE,BMP2K
NAK,-0.42583333333333334,51,KRSA,0.35036496350364965,2,OTHER,NAK,GAK,GAK
NAK,-0.42583333333333334,51,KRSA,0.35036496350364965,2,OTHER,NAK,MPSK,STK16
PKCD,0.72,39,KRSA,0.5130344108446299,3,AGC,PKC,DELTA,PRKCD
PKCD,0.72,39,KRSA,0.5130344108446299,3,AGC,PKC,DELTA,PRKCQ
MELK,-0.05583333333333335,76,KRSA,0.03753910323253389,1,CAMK,CAMKL,MELK,MELK
STE7,-1.66,6,KRSA,0.9259645464025026,4,STE,STE7,MEK1,MAP2K1
STE7,-1.66,6,KRSA,0.9259645464025026,4,STE,STE7,MEK1,MAP2K2
STE7,-1.66,6,KRSA,0.9259645464025026,4,STE,STE7,MEK3,MAP2K3
STE7,-1.66,6,KRSA,0.9259645464025026,4,STE,STE7,MEK4,MAP2K4
STE7,-1.66,6,KRSA,0.9259645464025026,4,STE,STE7,MEK5,MAP2K5
STE7,-1.66,6,KRSA,0.9259645464025026,4,STE,STE7,MEK3,MAP2K6
STE7,-1.66,6,KRSA,0.9259645464025026,4,STE,STE7,MEK7,MAP2K7
MSN,1.315,16,KRSA,0.8008342022940563,4,STE,STE20,MSN,MAP4K4
MSN,1.315,16,KRSA,0.8008342022940563,4,STE,STE20,MSN,NRK
MSN,1.315,16,KRSA,0.8008342022940563,4,STE,STE20,MSN,TNIK
NMO,-1.7591666666666663,3,KRSA,0.9635036496350365,4,CMGC,MAPK,NMO,NLK
NEK,-1.5566666666666666,8,KRSA,0.9009384775808134,4,OTHER,NEK,NEK11,NEK11
NEK,-1.5566666666666666,8,KRSA,0.9009384775808134,4,OTHER,NEK,NEK2,NEK2
NEK,-1.5566666666666666,8,KRSA,0.9009384775808134,4,OTHER,NEK,NEK1,NEK3
NEK,-1.5566666666666666,8,KRSA,0.9009384775808134,4,OTHER,NEK,NEK4,NEK4
NEK,-1.5566666666666666,8,KRSA,0.9009384775808134,4,OTHER,NEK,NEK1,NEK5
NEK,-1.5566666666666666,8,KRSA,0.9009384775808134,4,OTHER,NEK,NEK6,NEK6
NEK,-1.5566666666666666,8,KRSA,0.9009384775808134,4,OTHER,NEK,NEK6,NEK7
NEK,-1.5566666666666666,8,KRSA,0.9009384775808134,4,OTHER,NEK,NEK8,NEK8
NEK,-1.5566666666666666,8,KRSA,0.9009384775808134,4,OTHER,NEK,NEK8,NEK9
PAKB,-0.065,74,KRSA,0.06256517205422316,1,STE,STE20,PAKB,PAK4
PAKB,-0.065,74,KRSA,0.06256517205422316,1,STE,STE20,PAKB,PAK5
PAKB,-0.065,74,KRSA,0.06256517205422316,1,STE,STE20,PAKB,PAK6
PDK1,-1.7266666666666666,4,KRSA,0.9509906152241918,4,ATYPICAL,PDHK,PDHK,PDK1
PDK1,-1.7266666666666666,4,KRSA,0.9509906152241918,4,AGC,PDK1,PDK1,PDPK1
FRAY,-1.465833333333333,11,KRSA,0.8633993743482794,4,STE,STE20,FRAY,OXSR1
FRAY,-1.465833333333333,11,KRSA,0.8633993743482794,4,STE,STE20,FRAY,STK39
CDK,-1.33,15,KRSA,0.8133472367049009,4,CMGC,CDK,CDC2,CDK1
CDK,-1.33,15,KRSA,0.8133472367049009,4,CMGC,CDK,CDK10,CDK10
CDK,-1.33,15,KRSA,0.8133472367049009,4,CMGC,CDK,CRK7,CDK12
CDK,-1.33,15,KRSA,0.8133472367049009,4,CMGC,CDK,CRK7,CDK13
CDK,-1.33,15,KRSA,0.8133472367049009,4,CMGC,CDK,PFTAIRE,CDK14
CDK,-1.33,15,KRSA,0.8133472367049009,4,CMGC,CDK,PFTAIRE,CDK15
CDK,-1.33,15,KRSA,0.8133472367049009,4,CMGC,CDK,PCTAIRE,CDK16
CDK,-1.33,15,KRSA,0.8133472367049009,4,CMGC,CDK,PCTAIRE,CDK17
CDK,-1.33,15,KRSA,0.8133472367049009,4,CMGC,CDK,PCTAIRE,CDK18
CDK,-1.33,15,KRSA,0.8133472367049009,4,CMGC,CDK,CDK8,CDK19
CDK,-1.33,15,KRSA,0.8133472367049009,4,CMGC,CDK,CDC2,CDK2
CDK,-1.33,15,KRSA,0.8133472367049009,4,CMGC,CDK,CCRK,CDK20
CDK,-1.33,15,KRSA,0.8133472367049009,4,CMGC,CDK,CDC2,CDK3
CDK,-1.33,15,KRSA,0.8133472367049009,4,CMGC,CDK,CDK4,CDK4
CDK,-1.33,15,KRSA,0.8133472367049009,4,CMGC,CDK,CDK5,CDK5
CDK,-1.33,15,KRSA,0.8133472367049009,4,CMGC,CDK,CDK4,CDK6
CDK,-1.33,15,KRSA,0.8133472367049009,4,CMGC,CDK,CDK7,CDK7
CDK,-1.33,15,KRSA,0.8133472367049009,4,CMGC,CDK,CDK8,CDK8
CDK,-1.33,15,KRSA,0.8133472367049009,4,CMGC,CDK,CDK9,CDK9
CDK,-1.33,15,KRSA,0.8133472367049009,4,NA,NA,NA,CDK11A
CDK,-1.33,15,KRSA,0.8133472367049009,4,NA,NA,NA,CDK11B
ERK,-1.909166666666667,1,KRSA,0.9885297184567258,4,CMGC,MAPK,ERK1,MAPK1
ERK,-1.909166666666667,1,KRSA,0.9885297184567258,4,CMGC,MAPK,ERK7,MAPK15
ERK,-1.909166666666667,1,KRSA,0.9885297184567258,4,CMGC,MAPK,ERK1,MAPK3
ERK,-1.909166666666667,1,KRSA,0.9885297184567258,4,CMGC,MAPK,ERK3,MAPK4
ERK,-1.909166666666667,1,KRSA,0.9885297184567258,4,CMGC,MAPK,ERK3,MAPK6
ERK,-1.909166666666667,1,KRSA,0.9885297184567258,4,CMGC,MAPK,ERK5,MAPK7
PLK,-0.86,34,KRSA,0.5755995828988529,3,NA,NA,NA,PLK5
PLK,-0.86,34,KRSA,0.5755995828988529,3,OTHER,PLK,PLK1,PLK1
PLK,-0.86,34,KRSA,0.5755995828988529,3,OTHER,PLK,PLK2,PLK2
PLK,-0.86,34,KRSA,0.5755995828988529,3,OTHER,PLK,PLK2,PLK3
PLK,-0.86,34,KRSA,0.5755995828988529,3,OTHER,PLK,SAK,PLK4
BARK2,-0.45,48,KRSA,0.40041710114702816,2,AGC,GRK,BARK,GRK3
AKT,1.0566666666666666,24,KRSA,0.7007299270072993,3,AGC,AKT,AKT,AKT1
AKT,1.0566666666666666,24,KRSA,0.7007299270072993,3,AGC,AKT,AKT,AKT2
AKT,1.0566666666666666,24,KRSA,0.7007299270072993,3,AGC,AKT,AKT,AKT3
PKCH,-0.595,41,KRSA,0.4880083420229406,2,AGC,PKC,ETA,PRKCE
PKCH,-0.595,41,KRSA,0.4880083420229406,2,AGC,PKC,ETA,PRKCH
RIPK,1.4966666666666666,9,KRSA,0.8884254431699687,4,TKL,RIPK,RIPK,ANKK1
RIPK,1.4966666666666666,9,KRSA,0.8884254431699687,4,TKL,RIPK,RIPK,RIPK1
RIPK,1.4966666666666666,9,KRSA,0.8884254431699687,4,TKL,RIPK,RIPK,RIPK2
RIPK,1.4966666666666666,9,KRSA,0.8884254431699687,4,TKL,RIPK,RIPK,RIPK3
RIPK,1.4966666666666666,9,KRSA,0.8884254431699687,4,TKL,RIPK,RIPK,RIPK4
TAO,0.3175,58,KRSA,0.26277372262773724,2,STE,STE20,TAO,TAOK1
TAO,0.3175,58,KRSA,0.26277372262773724,2,STE,STE20,TAO,TAOK2
TAO,0.3175,58,KRSA,0.26277372262773724,2,STE,STE20,TAO,TAOK3
NAK,-0.42583333333333334,51,KRSA,0.35036496350364965,2,OTHER,NAK,BIKE,AAK1
NAK,-0.42583333333333334,51,KRSA,0.35036496350364965,2,OTHER,NAK,BIKE,BMP2K
NAK,-0.42583333333333334,51,KRSA,0.35036496350364965,2,OTHER,NAK,GAK,GAK
NAK,-0.42583333333333334,51,KRSA,0.35036496350364965,2,OTHER,NAK,MPSK,STK16
TLK,-1.044166666666667,26,KRSA,0.67570385818561,3,OTHER,TLK,TLK,TLK1
TLK,-1.044166666666667,26,KRSA,0.67570385818561,3,OTHER,TLK,TLK,TLK2
BUD32,0.31416666666666665,59,KRSA,0.2502606882168926,2,OTHER,BUD32,BUD32,TP53RK
BRSK,0.3416666666666667,57,KRSA,0.27528675703858185,2,CAMK,CAMKL,BRSK,BRSK1
BRSK,0.3416666666666667,57,KRSA,0.27528675703858185,2,CAMK,CAMKL,BRSK,BRSK2
SLK,1.0633333333333332,23,KRSA,0.7132429614181439,3,STE,STE20,SLK,SLK
SLK,1.0633333333333332,23,KRSA,0.7132429614181439,3,STE,STE20,SLK,STK10
PASK,1.4433333333333334,13,KRSA,0.8383733055265902,4,CAMK,CAMKL,PASK,PASK
CAMKK,1.455833333333333,12,KRSA,0.8508863399374348,4,OTHER,CAMKK,META,CAMKK1
CAMKK,1.455833333333333,12,KRSA,0.8508863399374348,4,OTHER,CAMKK,META,CAMKK2
MOS,1.0433333333333332,27,KRSA,0.6631908237747653,3,OTHER,MOS,MOS,MOS
PAKA,-0.8558333333333333,35,KRSA,0.5630865484880083,3,STE,STE20,PAKA,PAK1
PAKA,-0.8558333333333333,35,KRSA,0.5630865484880083,3,STE,STE20,PAKA,PAK2
PAKA,-0.8558333333333333,35,KRSA,0.5630865484880083,3,STE,STE20,PAKA,PAK3
PEK,-1.65,7,KRSA,0.913451511991658,4,OTHER,PEK,HRI,EIF2AK1
PEK,-1.65,7,KRSA,0.913451511991658,4,OTHER,PEK,PKR,EIF2AK2
PEK,-1.65,7,KRSA,0.913451511991658,4,OTHER,PEK,PEK,EIF2AK3
PEK,-1.65,7,KRSA,0.913451511991658,4,OTHER,PEK,GCN2,EIF2AK4
MST,-0.4558333333333333,47,KRSA,0.4129301355578728,2,STE,STE20,MST,STK3
MST,-0.4558333333333333,47,KRSA,0.4129301355578728,2,STE,STE20,MST,STK4
MAPKAPK,0.49166666666666664,46,KRSA,0.4254431699687174,2,CAMK,MAPKAPK,MAPKAPK,MAPKAPK2
MAPKAPK,0.49166666666666664,46,KRSA,0.4254431699687174,2,CAMK,MAPKAPK,MAPKAPK,MAPKAPK3
MAPKAPK,0.49166666666666664,46,KRSA,0.4254431699687174,2,CAMK,MAPKAPK,MAPKAPK,MAPKAPK5
MAPKAPK,0.49166666666666664,46,KRSA,0.4254431699687174,2,CAMK,MAPKAPK,MNK,MKNK1
MAPKAPK,0.49166666666666664,46,KRSA,0.4254431699687174,2,CAMK,MAPKAPK,MNK,MKNK2
CAMK2,-0.21916666666666668,66,KRSA,0.16266944734098018,1,CAMK,CAMK2,CAMK2,CAMK2A
CAMK2,-0.21916666666666668,66,KRSA,0.16266944734098018,1,CAMK,CAMK2,CAMK2,CAMK2B
CAMK2,-0.21916666666666668,66,KRSA,0.16266944734098018,1,CAMK,CAMK2,CAMK2,CAMK2D
CAMK2,-0.21916666666666668,66,KRSA,0.16266944734098018,1,CAMK,CAMK2,CAMK2,CAMK2G
DMPK,1.4016666666666666,14,KRSA,0.8258602711157456,4,AGC,DMPK,GEK,CDC42BPA
DMPK,1.4016666666666666,14,KRSA,0.8258602711157456,4,AGC,DMPK,GEK,CDC42BPB
DMPK,1.4016666666666666,14,KRSA,0.8258602711157456,4,AGC,DMPK,GEK,CDC42BPG
DMPK,1.4016666666666666,14,KRSA,0.8258602711157456,4,AGC,DMPK,CRIK,CIT
DMPK,1.4016666666666666,14,KRSA,0.8258602711157456,4,AGC,DMPK,GEK,DMPK
DMPK,1.4016666666666666,14,KRSA,0.8258602711157456,4,AGC,DMPK,ROCK,ROCK1
DMPK,1.4016666666666666,14,KRSA,0.8258602711157456,4,AGC,DMPK,ROCK,ROCK2
LKB,-0.8708333333333333,33,KRSA,0.5881126173096975,3,CAMK,CAMKL,LKB,STK11
SGK,0.43583333333333335,50,KRSA,0.36287799791449427,2,AGC,SGK,SGK,SGK1
SGK,0.43583333333333335,50,KRSA,0.36287799791449427,2,AGC,SGK,SGK,SGK2
SGK,0.43583333333333335,50,KRSA,0.36287799791449427,2,AGC,SGK,SGK,SGK3
JNK,-1.475,10,KRSA,0.8759124087591241,4,CMGC,MAPK,JNK,MAPK10
JNK,-1.475,10,KRSA,0.8759124087591241,4,CMGC,MAPK,JNK,MAPK8
JNK,-1.475,10,KRSA,0.8759124087591241,4,CMGC,MAPK,JNK,MAPK9
RAD53,0.13083333333333333,72,KRSA,0.08759124087591241,1,CAMK,RAD53,RAD53,CHEK2
NDR,0.29083333333333333,62,KRSA,0.2127215849843587,1,AGC,NDR,NDR,LATS1
NDR,0.29083333333333333,62,KRSA,0.2127215849843587,1,AGC,NDR,NDR,LATS2
NDR,0.29083333333333333,62,KRSA,0.2127215849843587,1,AGC,NDR,NDR,STK38
NDR,0.29083333333333333,62,KRSA,0.2127215849843587,1,AGC,NDR,NDR,STK38L
AUR,1.0983333333333334,22,KRSA,0.7257559958289885,3,OTHER,AUR,AUR,AURKA
AUR,1.0983333333333334,22,KRSA,0.7257559958289885,3,OTHER,AUR,AUR,AURKB
AUR,1.0983333333333334,22,KRSA,0.7257559958289885,3,OTHER,AUR,AUR,AURKC
PKCI,0.43583333333333335,50,KRSA,0.36287799791449427,2,AGC,PKC,IOTA,PRKCI
PKCI,0.43583333333333335,50,KRSA,0.36287799791449427,2,AGC,PKC,IOTA,PRKCZ
COT,0.02666666666666666,77,KRSA,0.02502606882168926,1,STE,STE-UNIQUE,STE-UNIQUE,MAP3K8
STKR,0.5675,42,KRSA,0.4754953076120959,2,TKL,STKR,TYPE1,ACVR1
STKR,0.5675,42,KRSA,0.4754953076120959,2,TKL,STKR,TYPE1,ACVR1B
STKR,0.5675,42,KRSA,0.4754953076120959,2,TKL,STKR,TYPE1,ACVR1C
STKR,0.5675,42,KRSA,0.4754953076120959,2,TKL,STKR,TYPE2,ACVR2A
STKR,0.5675,42,KRSA,0.4754953076120959,2,TKL,STKR,TYPE2,ACVR2B
STKR,0.5675,42,KRSA,0.4754953076120959,2,TKL,STKR,TYPE1,ACVRL1
STKR,0.5675,42,KRSA,0.4754953076120959,2,TKL,STKR,TYPE2,AMHR2
STKR,0.5675,42,KRSA,0.4754953076120959,2,TKL,STKR,TYPE1,BMPR1A
STKR,0.5675,42,KRSA,0.4754953076120959,2,TKL,STKR,TYPE1,BMPR1B
STKR,0.5675,42,KRSA,0.4754953076120959,2,TKL,STKR,TYPE2,BMPR2
STKR,0.5675,42,KRSA,0.4754953076120959,2,TKL,STKR,TYPE1,TGFBR1
STKR,0.5675,42,KRSA,0.4754953076120959,2,TKL,STKR,TYPE2,TGFBR2
KHS,-0.22666666666666663,64,KRSA,0.18769551616266944,1,STE,STE20,KHS,MAP4K1
KHS,-0.22666666666666663,64,KRSA,0.18769551616266944,1,STE,STE20,KHS,MAP4K2
KHS,-0.22666666666666663,64,KRSA,0.18769551616266944,1,STE,STE20,KHS,MAP4K3
KHS,-0.22666666666666663,64,KRSA,0.18769551616266944,1,STE,STE20,KHS,MAP4K5
P38,-1.045,25,KRSA,0.6882168925964547,3,CMGC,MAPK,P38,MAPK11
P38,-1.045,25,KRSA,0.6882168925964547,3,CMGC,MAPK,P38,MAPK12
P38,-1.045,25,KRSA,0.6882168925964547,3,CMGC,MAPK,P38,MAPK13
P38,-1.045,25,KRSA,0.6882168925964547,3,CMGC,MAPK,P38,MAPK14
WNK,-0.3975,53,KRSA,0.32533889468196037,2,OTHER,WNK,WNK,WNK1
WNK,-0.3975,53,KRSA,0.32533889468196037,2,OTHER,WNK,WNK,WNK2
WNK,-0.3975,53,KRSA,0.32533889468196037,2,OTHER,WNK,WNK,WNK3
WNK,-0.3975,53,KRSA,0.32533889468196037,2,OTHER,WNK,WNK,WNK4
NIK,-0.7291666666666666,38,KRSA,0.5255474452554745,3,STE,STE-UNIQUE,STE-UNIQUE,MAP3K14
ULK,-0.7433333333333333,36,KRSA,0.5505735140771637,3,OTHER,ULK,FUSED,STK36
ULK,-0.7433333333333333,36,KRSA,0.5505735140771637,3,OTHER,ULK,ULK,ULK1
ULK,-0.7433333333333333,36,KRSA,0.5505735140771637,3,OTHER,ULK,ULK,ULK2
ULK,-0.7433333333333333,36,KRSA,0.5505735140771637,3,OTHER,ULK,ULK,ULK3
ULK,-0.7433333333333333,36,KRSA,0.5505735140771637,3,OTHER,ULK,ULK,ULK4
PDHK,-1.1125,21,KRSA,0.7382690302398331,3,ATYPICAL,PDHK,BCKDK,BCKDK
PDHK,-1.1125,21,KRSA,0.7382690302398331,3,ATYPICAL,PDHK,PDHK,PDK2
PDHK,-1.1125,21,KRSA,0.7382690302398331,3,ATYPICAL,PDHK,PDHK,PDK3
PDHK,-1.1125,21,KRSA,0.7382690302398331,3,ATYPICAL,PDHK,PDHK,PDK4
ATR,-0.6258333333333334,40,KRSA,0.5005213764337852,3,ATYPICAL,PIKK,ATR,ATR
CLK,-0.7325,37,KRSA,0.5380604796663191,3,CMGC,CLK,CLK,CLK1
CLK,-0.7325,37,KRSA,0.5380604796663191,3,CMGC,CLK,CLK,CLK2
CLK,-0.7325,37,KRSA,0.5380604796663191,3,CMGC,CLK,CLK,CLK3
CLK,-0.7325,37,KRSA,0.5380604796663191,3,CMGC,CLK,CLK,CLK4
PKA,1.669166666666667,5,KRSA,0.9384775808133472,4,AGC,PKA,PKA,PRKACA
PKA,1.669166666666667,5,KRSA,0.9384775808133472,4,AGC,PKA,PKA,PRKACB
PKA,1.669166666666667,5,KRSA,0.9384775808133472,4,AGC,PKA,PKA,PRKACG
PKA,1.669166666666667,5,KRSA,0.9384775808133472,4,AGC,PKA,PKA,PRKX
PKA,1.669166666666667,5,KRSA,0.9384775808133472,4,AGC,PKA,PKA,PRKY
DYRK,-1.2141666666666666,19,KRSA,0.7632950990615224,4,CMGC,DYRK,DYRK1,DYRK1A
DYRK,-1.2141666666666666,19,KRSA,0.7632950990615224,4,CMGC,DYRK,DYRK1,DYRK1B
DYRK,-1.2141666666666666,19,KRSA,0.7632950990615224,4,CMGC,DYRK,DYRK2,DYRK2
DYRK,-1.2141666666666666,19,KRSA,0.7632950990615224,4,CMGC,DYRK,DYRK2,DYRK3
DYRK,-1.2141666666666666,19,KRSA,0.7632950990615224,4,CMGC,DYRK,DYRK2,DYRK4
DYRK,-1.2141666666666666,19,KRSA,0.7632950990615224,4,CMGC,DYRK,HIPK,HIPK1
DYRK,-1.2141666666666666,19,KRSA,0.7632950990615224,4,CMGC,DYRK,HIPK,HIPK2
DYRK,-1.2141666666666666,19,KRSA,0.7632950990615224,4,CMGC,DYRK,HIPK,HIPK3
DYRK,-1.2141666666666666,19,KRSA,0.7632950990615224,4,CMGC,DYRK,HIPK,HIPK4
DYRK,-1.2141666666666666,19,KRSA,0.7632950990615224,4,CMGC,DYRK,PRP4,PRPF4B
MTOR,-0.09166666666666667,73,KRSA,0.07507820646506778,1,ATYPICAL,PIKK,FRAP,MTOR
IRAK,0.22583333333333333,65,KRSA,0.17518248175182483,1,TKL,IRAK,IRAK,IRAK1
IRAK,0.22583333333333333,65,KRSA,0.17518248175182483,1,TKL,IRAK,IRAK,IRAK2
IRAK,0.22583333333333333,65,KRSA,0.17518248175182483,1,TKL,IRAK,IRAK,IRAK3
IRAK,0.22583333333333333,65,KRSA,0.17518248175182483,1,TKL,IRAK,IRAK,IRAK4
STE11,-0.3466666666666667,56,KRSA,0.28779979144942647,2,TKL,MLK,TAK1,MAP3K7
STE11,-0.3466666666666667,56,KRSA,0.28779979144942647,2,STE,STE11,MEKK1,MAP3K1
STE11,-0.3466666666666667,56,KRSA,0.28779979144942647,2,STE,STE11,ASK,MAP3K15
STE11,-0.3466666666666667,56,KRSA,0.28779979144942647,2,STE,STE11,MEKK2,MAP3K2
STE11,-0.3466666666666667,56,KRSA,0.28779979144942647,2,STE,STE11,MEKK2,MAP3K3
STE11,-0.3466666666666667,56,KRSA,0.28779979144942647,2,STE,STE11,MEKK4,MAP3K4
STE11,-0.3466666666666667,56,KRSA,0.28779979144942647,2,STE,STE11,ASK,MAP3K5
STE11,-0.3466666666666667,56,KRSA,0.28779979144942647,2,STE,STE11,ASK,MAP3K6
PHK,0.2425,63,KRSA,0.20020855057351408,1,CAMK,PHK,PHK,PHKG1
PHK,0.2425,63,KRSA,0.20020855057351408,1,CAMK,PHK,PHK,PHKG2
MLK,0.4066666666666667,52,KRSA,0.337851929092805,2,TKL,MLK,ILK,ILK
MLK,0.4066666666666667,52,KRSA,0.337851929092805,2,TKL,MLK,MLK,MAP3K10
MLK,0.4066666666666667,52,KRSA,0.337851929092805,2,TKL,MLK,MLK,MAP3K11
MLK,0.4066666666666667,52,KRSA,0.337851929092805,2,TKL,MLK,LZK,MAP3K12
MLK,0.4066666666666667,52,KRSA,0.337851929092805,2,TKL,MLK,LZK,MAP3K13
MLK,0.4066666666666667,52,KRSA,0.337851929092805,2,TKL,MLK,MLK,MAP3K9
MLK,0.4066666666666667,52,KRSA,0.337851929092805,2,TKL,MLK,HH498,TNNI3K
CK1,-1.275,17,KRSA,0.7883211678832117,4,CK1,CK1,CK1-A,CSNK1A1
CK1,-1.275,17,KRSA,0.7883211678832117,4,CK1,CK1,CK1-A,CSNK1A1L
CK1,-1.275,17,KRSA,0.7883211678832117,4,CK1,CK1,CK1-D,CSNK1D
CK1,-1.275,17,KRSA,0.7883211678832117,4,CK1,CK1,CK1-D,CSNK1E
CK1,-1.275,17,KRSA,0.7883211678832117,4,CK1,CK1,CK1-G,CSNK1G1
CK1,-1.275,17,KRSA,0.7883211678832117,4,CK1,CK1,CK1-G,CSNK1G2
CK1,-1.275,17,KRSA,0.7883211678832117,4,CK1,CK1,CK1-G,CSNK1G3
CK1,-1.275,17,KRSA,0.7883211678832117,4,CK1,TTBK,TTBK,TTBK1
CK1,-1.275,17,KRSA,0.7883211678832117,4,CK1,TTBK,TTBK,TTBK2
CK1,-1.275,17,KRSA,0.7883211678832117,4,CK1,VRK,VRK,VRK3
MELK,-0.05583333333333335,76,KRSA,0.03753910323253389,1,CAMK,CAMKL,MELK,MELK
ATM,-0.9458333333333332,31,KRSA,0.6131386861313869,3,ATYPICAL,PIKK,ATM,ATM
CAMK1,0.9666666666666668,29,KRSA,0.6381647549530761,3,CAMK,CAMK1,CAMK1,CAMK1
CAMK1,0.9666666666666668,29,KRSA,0.6381647549530761,3,CAMK,CAMK1,CAMK1,CAMK1D
CAMK1,0.9666666666666668,29,KRSA,0.6381647549530761,3,CAMK,CAMK1,CAMK1,CAMK1G
CAMK1,0.9666666666666668,29,KRSA,0.6381647549530761,3,CAMK,CAMK1,CAMK1,CAMK4
CAMK1,0.9666666666666668,29,KRSA,0.6381647549530761,3,CAMK,CAMK1,CAMK1,PNCK
PRKDC,-0.9908333333333332,28,KRSA,0.6506777893639207,3,ATYPICAL,PIKK,DNAPK,PRKDC
PKCA,0.4916666666666667,45,KRSA,0.43795620437956206,2,AGC,PKC,ALPHA,PRKCA
PKCA,0.4916666666666667,45,KRSA,0.43795620437956206,2,AGC,PKC,ALPHA,PRKCB
PKCA,0.4916666666666667,45,KRSA,0.43795620437956206,2,AGC,PKC,ALPHA,PRKCG
DAPK,1.1891666666666667,20,KRSA,0.7507820646506778,4,CAMK,DAPK,DAPK,DAPK1
DAPK,1.1891666666666667,20,KRSA,0.7507820646506778,4,CAMK,DAPK,DAPK,DAPK2
DAPK,1.1891666666666667,20,KRSA,0.7507820646506778,4,CAMK,DAPK,DAPK,DAPK3
DAPK,1.1891666666666667,20,KRSA,0.7507820646506778,4,CAMK,DAPK,DRAK,STK17A
DAPK,1.1891666666666667,20,KRSA,0.7507820646506778,4,CAMK,DAPK,DRAK,STK17B
PKG,1.8525,2,KRSA,0.9760166840458812,4,AGC,PKG,PKG,PRKG1
PKG,1.8525,2,KRSA,0.9760166840458812,4,AGC,PKG,PKG,PRKG2
CHK1,0.545,43,KRSA,0.4629822732012513,2,CAMK,CAMKL,CHK1,CHEK1
AMPK,0.1875,69,KRSA,0.1251303441084463,1,CAMK,CAMKL,AMPK,PRKAA1
AMPK,0.1875,69,KRSA,0.1251303441084463,1,CAMK,CAMKL,AMPK,PRKAA2
IKK,0.02499999999999999,78,KRSA,0.01251303441084463,1,OTHER,IKK,IKK,CHUK
IKK,0.02499999999999999,78,KRSA,0.01251303441084463,1,OTHER,IKK,IKK,IKBKB
IKK,0.02499999999999999,78,KRSA,0.01251303441084463,1,OTHER,IKK,IKK,IKBKE
IKK,0.02499999999999999,78,KRSA,0.01251303441084463,1,OTHER,IKK,IKK,TBK1
NUAK,-0.2925,61,KRSA,0.22523461939520334,1,CAMK,CAMKL,NUAK,NUAK1
NUAK,-0.2925,61,KRSA,0.22523461939520334,1,CAMK,CAMKL,NUAK,NUAK2
PKD,0.35583333333333333,55,KRSA,0.30031282586027114,2,CAMK,PKD,PKD,PRKD1
PKD,0.35583333333333333,55,KRSA,0.30031282586027114,2,CAMK,PKD,PKD,PRKD2
PKD,0.35583333333333333,55,KRSA,0.30031282586027114,2,CAMK,PKD,PKD,PRKD3
TTK,-0.3016666666666667,60,KRSA,0.23774765380604795,1,OTHER,TTK,TTK,TTK
PKN,-0.2025,68,KRSA,0.13764337851929093,1,AGC,PKN,PKN,PKN1
PKN,-0.2025,68,KRSA,0.13764337851929093,1,AGC,PKN,PKN,PKN2
PKN,-0.2025,68,KRSA,0.13764337851929093,1,AGC,PKN,PKN,PKN3
PIM,0.15083333333333335,71,KRSA,0.10010427528675704,1,CAMK,PIM,PIM,PIM1
PIM,0.15083333333333335,71,KRSA,0.10010427528675704,1,CAMK,PIM,PIM,PIM2
PIM,0.15083333333333335,71,KRSA,0.10010427528675704,1,CAMK,PIM,PIM,PIM3
HAL,0.06333333333333332,75,KRSA,0.05005213764337852,1,RGC,RGC,RGC,NPR1
CK2,-0.01249999999999999,79,KRSA,0,1,CMGC,CK2,CK2,CSNK2A1
CK2,-0.01249999999999999,79,KRSA,0,1,CMGC,CK2,CK2,CSNK2A2
CK2,-0.01249999999999999,79,KRSA,0,1,NA,NA,NA,CSNK2A3
PKCD,0.72,39,KRSA,0.5130344108446299,3,AGC,PKC,DELTA,PRKCD
PKCD,0.72,39,KRSA,0.5130344108446299,3,AGC,PKC,DELTA,PRKCQ
GSK,-0.1525,70,KRSA,0.11261730969760167,1,CMGC,GSK,GSK,GSK3A
GSK,-0.1525,70,KRSA,0.11261730969760167,1,CMGC,GSK,GSK,GSK3B
RAF,-0.9583333333333334,30,KRSA,0.6256517205422315,3,TKL,RAF,RAF,ARAF
RAF,-0.9583333333333334,30,KRSA,0.6256517205422315,3,TKL,RAF,RAF,BRAF
RAF,-0.9583333333333334,30,KRSA,0.6256517205422315,3,TKL,RAF,KSR,KSR1
RAF,-0.9583333333333334,30,KRSA,0.6256517205422315,3,TKL,RAF,KSR,KSR2
RAF,-0.9583333333333334,30,KRSA,0.6256517205422315,3,TKL,RAF,RAF,RAF1
QIK,-1.255,18,KRSA,0.7758081334723671,4,CAMK,CAMKL,QIK,SIK1
QIK,-1.255,18,KRSA,0.7758081334723671,4,CAMK,CAMKL,QIK,SIK2
GRK,0.21666666666666667,67,KRSA,0.15015641293013557,1,AGC,GRK,GRK,GRK1
GRK,0.21666666666666667,67,KRSA,0.15015641293013557,1,AGC,GRK,GRK,GRK4
GRK,0.21666666666666667,67,KRSA,0.15015641293013557,1,AGC,GRK,GRK,GRK5
GRK,0.21666666666666667,67,KRSA,0.15015641293013557,1,AGC,GRK,GRK,GRK6
GRK,0.21666666666666667,67,KRSA,0.15015641293013557,1,AGC,GRK,GRK,GRK7
MLCK,-0.49583333333333335,44,KRSA,0.4504692387904067,2,CAMK,MLCK,MLCK,MYLK
MLCK,-0.49583333333333335,44,KRSA,0.4504692387904067,2,CAMK,MLCK,MLCK,MYLK2
MLCK,-0.49583333333333335,44,KRSA,0.4504692387904067,2,CAMK,MLCK,MLCK,TTN
VRK1,-0.885,32,KRSA,0.6006256517205423,3,CK1,VRK,VRK,VRK1
RSK,0.44416666666666665,49,KRSA,0.38790406673618355,2,AGC,RSK,RSK,RPS6KA1
RSK,0.44416666666666665,49,KRSA,0.38790406673618355,2,AGC,RSK,RSK,RPS6KA2
RSK,0.44416666666666665,49,KRSA,0.38790406673618355,2,AGC,RSK,RSK,RPS6KA3
RSK,0.44416666666666665,49,KRSA,0.38790406673618355,2,AGC,RSK,MSK,RPS6KA4
RSK,0.44416666666666665,49,KRSA,0.38790406673618355,2,AGC,RSK,MSK,RPS6KA5
RSK,0.44416666666666665,49,KRSA,0.38790406673618355,2,AGC,RSK,RSK,RPS6KA6
RSK,0.44416666666666665,49,KRSA,0.38790406673618355,2,AGC,RSK,P70,RPS6KB1
RSK,0.44416666666666665,49,KRSA,0.38790406673618355,2,AGC,RSK,P70,RPS6KB2
CDK,-1.33,15,KRSA,0.8133472367049009,4,CMGC,CDK,CDC2,CDK1
CDK,-1.33,15,KRSA,0.8133472367049009,4,CMGC,CDK,CDK10,CDK10
CDK,-1.33,15,KRSA,0.8133472367049009,4,CMGC,CDK,CRK7,CDK12
CDK,-1.33,15,KRSA,0.8133472367049009,4,CMGC,CDK,CRK7,CDK13
CDK,-1.33,15,KRSA,0.8133472367049009,4,CMGC,CDK,PFTAIRE,CDK14
CDK,-1.33,15,KRSA,0.8133472367049009,4,CMGC,CDK,PFTAIRE,CDK15
CDK,-1.33,15,KRSA,0.8133472367049009,4,CMGC,CDK,PCTAIRE,CDK16
CDK,-1.33,15,KRSA,0.8133472367049009,4,CMGC,CDK,PCTAIRE,CDK17
CDK,-1.33,15,KRSA,0.8133472367049009,4,CMGC,CDK,PCTAIRE,CDK18
CDK,-1.33,15,KRSA,0.8133472367049009,4,CMGC,CDK,CDK8,CDK19
CDK,-1.33,15,KRSA,0.8133472367049009,4,CMGC,CDK,CDC2,CDK2
CDK,-1.33,15,KRSA,0.8133472367049009,4,CMGC,CDK,CCRK,CDK20
CDK,-1.33,15,KRSA,0.8133472367049009,4,CMGC,CDK,CDC2,CDK3
CDK,-1.33,15,KRSA,0.8133472367049009,4,CMGC,CDK,CDK4,CDK4
CDK,-1.33,15,KRSA,0.8133472367049009,4,CMGC,CDK,CDK5,CDK5
CDK,-1.33,15,KRSA,0.8133472367049009,4,CMGC,CDK,CDK4,CDK6
CDK,-1.33,15,KRSA,0.8133472367049009,4,CMGC,CDK,CDK7,CDK7
CDK,-1.33,15,KRSA,0.8133472367049009,4,CMGC,CDK,CDK8,CDK8
CDK,-1.33,15,KRSA,0.8133472367049009,4,CMGC,CDK,CDK9,CDK9
CDK,-1.33,15,KRSA,0.8133472367049009,4,NA,NA,NA,CDK11A
CDK,-1.33,15,KRSA,0.8133472367049009,4,NA,NA,NA,CDK11B
RIPK,1.4966666666666666,9,KRSA,0.8884254431699687,4,TKL,RIPK,RIPK,ANKK1
RIPK,1.4966666666666666,9,KRSA,0.8884254431699687,4,TKL,RIPK,RIPK,RIPK1
RIPK,1.4966666666666666,9,KRSA,0.8884254431699687,4,TKL,RIPK,RIPK,RIPK2
RIPK,1.4966666666666666,9,KRSA,0.8884254431699687,4,TKL,RIPK,RIPK,RIPK3
RIPK,1.4966666666666666,9,KRSA,0.8884254431699687,4,TKL,RIPK,RIPK,RIPK4
PDK1,-1.7266666666666666,4,KRSA,0.9509906152241918,4,ATYPICAL,PDHK,PDHK,PDK1
PDK1,-1.7266666666666666,4,KRSA,0.9509906152241918,4,AGC,PDK1,PDK1,PDPK1
MSN,1.315,16,KRSA,0.8008342022940563,4,STE,STE20,MSN,MAP4K4
MSN,1.315,16,KRSA,0.8008342022940563,4,STE,STE20,MSN,NRK
MSN,1.315,16,KRSA,0.8008342022940563,4,STE,STE20,MSN,TNIK
PRKDC,-0.9908333333333332,28,KRSA,0.6506777893639207,3,ATYPICAL,PIKK,DNAPK,PRKDC
AUR,1.0983333333333334,22,KRSA,0.7257559958289885,3,OTHER,AUR,AUR,AURKA
AUR,1.0983333333333334,22,KRSA,0.7257559958289885,3,OTHER,AUR,AUR,AURKB
AUR,1.0983333333333334,22,KRSA,0.7257559958289885,3,OTHER,AUR,AUR,AURKC
PEK,-1.65,7,KRSA,0.913451511991658,4,OTHER,PEK,HRI,EIF2AK1
PEK,-1.65,7,KRSA,0.913451511991658,4,OTHER,PEK,PKR,EIF2AK2
PEK,-1.65,7,KRSA,0.913451511991658,4,OTHER,PEK,PEK,EIF2AK3
PEK,-1.65,7,KRSA,0.913451511991658,4,OTHER,PEK,GCN2,EIF2AK4
NMO,-1.7591666666666663,3,KRSA,0.9635036496350365,4,CMGC,MAPK,NMO,NLK
LKB,-0.8708333333333333,33,KRSA,0.5881126173096975,3,CAMK,CAMKL,LKB,STK11
P38,-1.045,25,KRSA,0.6882168925964547,3,CMGC,MAPK,P38,MAPK11
P38,-1.045,25,KRSA,0.6882168925964547,3,CMGC,MAPK,P38,MAPK12
P38,-1.045,25,KRSA,0.6882168925964547,3,CMGC,MAPK,P38,MAPK13
P38,-1.045,25,KRSA,0.6882168925964547,3,CMGC,MAPK,P38,MAPK14
ERK,-1.909166666666667,1,KRSA,0.9885297184567258,4,CMGC,MAPK,ERK1,MAPK1
ERK,-1.909166666666667,1,KRSA,0.9885297184567258,4,CMGC,MAPK,ERK7,MAPK15
ERK,-1.909166666666667,1,KRSA,0.9885297184567258,4,CMGC,MAPK,ERK1,MAPK3
ERK,-1.909166666666667,1,KRSA,0.9885297184567258,4,CMGC,MAPK,ERK3,MAPK4
ERK,-1.909166666666667,1,KRSA,0.9885297184567258,4,CMGC,MAPK,ERK3,MAPK6
ERK,-1.909166666666667,1,KRSA,0.9885297184567258,4,CMGC,MAPK,ERK5,MAPK7
VRK1,-0.885,32,KRSA,0.6006256517205423,3,CK1,VRK,VRK,VRK1
STE7,-1.66,6,KRSA,0.9259645464025026,4,STE,STE7,MEK1,MAP2K1
STE7,-1.66,6,KRSA,0.9259645464025026,4,STE,STE7,MEK1,MAP2K2
STE7,-1.66,6,KRSA,0.9259645464025026,4,STE,STE7,MEK3,MAP2K3
STE7,-1.66,6,KRSA,0.9259645464025026,4,STE,STE7,MEK4,MAP2K4
STE7,-1.66,6,KRSA,0.9259645464025026,4,STE,STE7,MEK5,MAP2K5
STE7,-1.66,6,KRSA,0.9259645464025026,4,STE,STE7,MEK3,MAP2K6
STE7,-1.66,6,KRSA,0.9259645464025026,4,STE,STE7,MEK7,MAP2K7
MOS,1.0433333333333332,27,KRSA,0.6631908237747653,3,OTHER,MOS,MOS,MOS
BRSK,0.3416666666666667,57,KRSA,0.27528675703858185,2,CAMK,CAMKL,BRSK,BRSK1
BRSK,0.3416666666666667,57,KRSA,0.27528675703858185,2,CAMK,CAMKL,BRSK,BRSK2
SLK,1.0633333333333332,23,KRSA,0.7132429614181439,3,STE,STE20,SLK,SLK
SLK,1.0633333333333332,23,KRSA,0.7132429614181439,3,STE,STE20,SLK,STK10
CAMKK,1.455833333333333,12,KRSA,0.8508863399374348,4,OTHER,CAMKK,META,CAMKK1
CAMKK,1.455833333333333,12,KRSA,0.8508863399374348,4,OTHER,CAMKK,META,CAMKK2
DYRK,-1.2141666666666666,19,KRSA,0.7632950990615224,4,CMGC,DYRK,DYRK1,DYRK1A
DYRK,-1.2141666666666666,19,KRSA,0.7632950990615224,4,CMGC,DYRK,DYRK1,DYRK1B
DYRK,-1.2141666666666666,19,KRSA,0.7632950990615224,4,CMGC,DYRK,DYRK2,DYRK2
DYRK,-1.2141666666666666,19,KRSA,0.7632950990615224,4,CMGC,DYRK,DYRK2,DYRK3
DYRK,-1.2141666666666666,19,KRSA,0.7632950990615224,4,CMGC,DYRK,DYRK2,DYRK4
DYRK,-1.2141666666666666,19,KRSA,0.7632950990615224,4,CMGC,DYRK,HIPK,HIPK1
DYRK,-1.2141666666666666,19,KRSA,0.7632950990615224,4,CMGC,DYRK,HIPK,HIPK2
DYRK,-1.2141666666666666,19,KRSA,0.7632950990615224,4,CMGC,DYRK,HIPK,HIPK3
DYRK,-1.2141666666666666,19,KRSA,0.7632950990615224,4,CMGC,DYRK,HIPK,HIPK4
DYRK,-1.2141666666666666,19,KRSA,0.7632950990615224,4,CMGC,DYRK,PRP4,PRPF4B
PASK,1.4433333333333334,13,KRSA,0.8383733055265902,4,CAMK,CAMKL,PASK,PASK
MAPKAPK,0.49166666666666664,46,KRSA,0.4254431699687174,2,CAMK,MAPKAPK,MAPKAPK,MAPKAPK2
MAPKAPK,0.49166666666666664,46,KRSA,0.4254431699687174,2,CAMK,MAPKAPK,MAPKAPK,MAPKAPK3
MAPKAPK,0.49166666666666664,46,KRSA,0.4254431699687174,2,CAMK,MAPKAPK,MAPKAPK,MAPKAPK5
MAPKAPK,0.49166666666666664,46,KRSA,0.4254431699687174,2,CAMK,MAPKAPK,MNK,MKNK1
MAPKAPK,0.49166666666666664,46,KRSA,0.4254431699687174,2,CAMK,MAPKAPK,MNK,MKNK2
PLK,-0.86,34,KRSA,0.5755995828988529,3,NA,NA,NA,PLK5
PLK,-0.86,34,KRSA,0.5755995828988529,3,OTHER,PLK,PLK1,PLK1
PLK,-0.86,34,KRSA,0.5755995828988529,3,OTHER,PLK,PLK2,PLK2
PLK,-0.86,34,KRSA,0.5755995828988529,3,OTHER,PLK,PLK2,PLK3
PLK,-0.86,34,KRSA,0.5755995828988529,3,OTHER,PLK,SAK,PLK4
MST,-0.4558333333333333,47,KRSA,0.4129301355578728,2,STE,STE20,MST,STK3
MST,-0.4558333333333333,47,KRSA,0.4129301355578728,2,STE,STE20,MST,STK4
ATM,-0.9458333333333332,31,KRSA,0.6131386861313869,3,ATYPICAL,PIKK,ATM,ATM
CAMK1,0.9666666666666668,29,KRSA,0.6381647549530761,3,CAMK,CAMK1,CAMK1,CAMK1
CAMK1,0.9666666666666668,29,KRSA,0.6381647549530761,3,CAMK,CAMK1,CAMK1,CAMK1D
CAMK1,0.9666666666666668,29,KRSA,0.6381647549530761,3,CAMK,CAMK1,CAMK1,CAMK1G
CAMK1,0.9666666666666668,29,KRSA,0.6381647549530761,3,CAMK,CAMK1,CAMK1,CAMK4
CAMK1,0.9666666666666668,29,KRSA,0.6381647549530761,3,CAMK,CAMK1,CAMK1,PNCK
ATR,-0.6258333333333334,40,KRSA,0.5005213764337852,3,ATYPICAL,PIKK,ATR,ATR
NEK,-1.5566666666666666,8,KRSA,0.9009384775808134,4,OTHER,NEK,NEK11,NEK11
NEK,-1.5566666666666666,8,KRSA,0.9009384775808134,4,OTHER,NEK,NEK2,NEK2
NEK,-1.5566666666666666,8,KRSA,0.9009384775808134,4,OTHER,NEK,NEK1,NEK3
NEK,-1.5566666666666666,8,KRSA,0.9009384775808134,4,OTHER,NEK,NEK4,NEK4
NEK,-1.5566666666666666,8,KRSA,0.9009384775808134,4,OTHER,NEK,NEK1,NEK5
NEK,-1.5566666666666666,8,KRSA,0.9009384775808134,4,OTHER,NEK,NEK6,NEK6
NEK,-1.5566666666666666,8,KRSA,0.9009384775808134,4,OTHER,NEK,NEK6,NEK7
NEK,-1.5566666666666666,8,KRSA,0.9009384775808134,4,OTHER,NEK,NEK8,NEK8
NEK,-1.5566666666666666,8,KRSA,0.9009384775808134,4,OTHER,NEK,NEK8,NEK9
PDHK,-1.1125,21,KRSA,0.7382690302398331,3,ATYPICAL,PDHK,BCKDK,BCKDK
PDHK,-1.1125,21,KRSA,0.7382690302398331,3,ATYPICAL,PDHK,PDHK,PDK2
PDHK,-1.1125,21,KRSA,0.7382690302398331,3,ATYPICAL,PDHK,PDHK,PDK3
PDHK,-1.1125,21,KRSA,0.7382690302398331,3,ATYPICAL,PDHK,PDHK,PDK4
PKG,1.8525,2,KRSA,0.9760166840458812,4,AGC,PKG,PKG,PRKG1
PKG,1.8525,2,KRSA,0.9760166840458812,4,AGC,PKG,PKG,PRKG2
RAD53,0.13083333333333333,72,KRSA,0.08759124087591241,1,CAMK,RAD53,RAD53,CHEK2
FRAY,-1.465833333333333,11,KRSA,0.8633993743482794,4,STE,STE20,FRAY,OXSR1
FRAY,-1.465833333333333,11,KRSA,0.8633993743482794,4,STE,STE20,FRAY,STK39
PKCH,-0.595,41,KRSA,0.4880083420229406,2,AGC,PKC,ETA,PRKCE
PKCH,-0.595,41,KRSA,0.4880083420229406,2,AGC,PKC,ETA,PRKCH
BARK2,-0.45,48,KRSA,0.40041710114702816,2,AGC,GRK,BARK,GRK3
CK1,-1.275,17,KRSA,0.7883211678832117,4,CK1,CK1,CK1-A,CSNK1A1
CK1,-1.275,17,KRSA,0.7883211678832117,4,CK1,CK1,CK1-A,CSNK1A1L
CK1,-1.275,17,KRSA,0.7883211678832117,4,CK1,CK1,CK1-D,CSNK1D
CK1,-1.275,17,KRSA,0.7883211678832117,4,CK1,CK1,CK1-D,CSNK1E
CK1,-1.275,17,KRSA,0.7883211678832117,4,CK1,CK1,CK1-G,CSNK1G1
CK1,-1.275,17,KRSA,0.7883211678832117,4,CK1,CK1,CK1-G,CSNK1G2
CK1,-1.275,17,KRSA,0.7883211678832117,4,CK1,CK1,CK1-G,CSNK1G3
CK1,-1.275,17,KRSA,0.7883211678832117,4,CK1,TTBK,TTBK,TTBK1
CK1,-1.275,17,KRSA,0.7883211678832117,4,CK1,TTBK,TTBK,TTBK2
CK1,-1.275,17,KRSA,0.7883211678832117,4,CK1,VRK,VRK,VRK3
AKT,1.0566666666666666,24,KRSA,0.7007299270072993,3,AGC,AKT,AKT,AKT1
AKT,1.0566666666666666,24,KRSA,0.7007299270072993,3,AGC,AKT,AKT,AKT2
AKT,1.0566666666666666,24,KRSA,0.7007299270072993,3,AGC,AKT,AKT,AKT3
PAKA,-0.8558333333333333,35,KRSA,0.5630865484880083,3,STE,STE20,PAKA,PAK1
PAKA,-0.8558333333333333,35,KRSA,0.5630865484880083,3,STE,STE20,PAKA,PAK2
PAKA,-0.8558333333333333,35,KRSA,0.5630865484880083,3,STE,STE20,PAKA,PAK3
NAK,-0.42583333333333334,51,KRSA,0.35036496350364965,2,OTHER,NAK,BIKE,AAK1
NAK,-0.42583333333333334,51,KRSA,0.35036496350364965,2,OTHER,NAK,BIKE,BMP2K
NAK,-0.42583333333333334,51,KRSA,0.35036496350364965,2,OTHER,NAK,GAK,GAK
NAK,-0.42583333333333334,51,KRSA,0.35036496350364965,2,OTHER,NAK,MPSK,STK16
PAKB,-0.065,74,KRSA,0.06256517205422316,1,STE,STE20,PAKB,PAK4
PAKB,-0.065,74,KRSA,0.06256517205422316,1,STE,STE20,PAKB,PAK5
PAKB,-0.065,74,KRSA,0.06256517205422316,1,STE,STE20,PAKB,PAK6
NUAK,-0.2925,61,KRSA,0.22523461939520334,1,CAMK,CAMKL,NUAK,NUAK1
NUAK,-0.2925,61,KRSA,0.22523461939520334,1,CAMK,CAMKL,NUAK,NUAK2
TLK,-1.044166666666667,26,KRSA,0.67570385818561,3,OTHER,TLK,TLK,TLK1
TLK,-1.044166666666667,26,KRSA,0.67570385818561,3,OTHER,TLK,TLK,TLK2
TTK,-0.3016666666666667,60,KRSA,0.23774765380604795,1,OTHER,TTK,TTK,TTK
IRAK,0.22583333333333333,65,KRSA,0.17518248175182483,1,TKL,IRAK,IRAK,IRAK1
IRAK,0.22583333333333333,65,KRSA,0.17518248175182483,1,TKL,IRAK,IRAK,IRAK2
IRAK,0.22583333333333333,65,KRSA,0.17518248175182483,1,TKL,IRAK,IRAK,IRAK3
IRAK,0.22583333333333333,65,KRSA,0.17518248175182483,1,TKL,IRAK,IRAK,IRAK4
JNK,-1.475,10,KRSA,0.8759124087591241,4,CMGC,MAPK,JNK,MAPK10
JNK,-1.475,10,KRSA,0.8759124087591241,4,CMGC,MAPK,JNK,MAPK8
JNK,-1.475,10,KRSA,0.8759124087591241,4,CMGC,MAPK,JNK,MAPK9
PKA,1.669166666666667,5,KRSA,0.9384775808133472,4,AGC,PKA,PKA,PRKACA
PKA,1.669166666666667,5,KRSA,0.9384775808133472,4,AGC,PKA,PKA,PRKACB
PKA,1.669166666666667,5,KRSA,0.9384775808133472,4,AGC,PKA,PKA,PRKACG
PKA,1.669166666666667,5,KRSA,0.9384775808133472,4,AGC,PKA,PKA,PRKX
PKA,1.669166666666667,5,KRSA,0.9384775808133472,4,AGC,PKA,PKA,PRKY
GSK,-0.1525,70,KRSA,0.11261730969760167,1,CMGC,GSK,GSK,GSK3A
GSK,-0.1525,70,KRSA,0.11261730969760167,1,CMGC,GSK,GSK,GSK3B
AMPK,0.1875,69,KRSA,0.1251303441084463,1,CAMK,CAMKL,AMPK,PRKAA1
AMPK,0.1875,69,KRSA,0.1251303441084463,1,CAMK,CAMKL,AMPK,PRKAA2
DMPK,1.4016666666666666,14,KRSA,0.8258602711157456,4,AGC,DMPK,GEK,CDC42BPA
DMPK,1.4016666666666666,14,KRSA,0.8258602711157456,4,AGC,DMPK,GEK,CDC42BPB
DMPK,1.4016666666666666,14,KRSA,0.8258602711157456,4,AGC,DMPK,GEK,CDC42BPG
DMPK,1.4016666666666666,14,KRSA,0.8258602711157456,4,AGC,DMPK,CRIK,CIT
DMPK,1.4016666666666666,14,KRSA,0.8258602711157456,4,AGC,DMPK,GEK,DMPK
DMPK,1.4016666666666666,14,KRSA,0.8258602711157456,4,AGC,DMPK,ROCK,ROCK1
DMPK,1.4016666666666666,14,KRSA,0.8258602711157456,4,AGC,DMPK,ROCK,ROCK2
ULK,-0.7433333333333333,36,KRSA,0.5505735140771637,3,OTHER,ULK,FUSED,STK36
ULK,-0.7433333333333333,36,KRSA,0.5505735140771637,3,OTHER,ULK,ULK,ULK1
ULK,-0.7433333333333333,36,KRSA,0.5505735140771637,3,OTHER,ULK,ULK,ULK2
ULK,-0.7433333333333333,36,KRSA,0.5505735140771637,3,OTHER,ULK,ULK,ULK3
ULK,-0.7433333333333333,36,KRSA,0.5505735140771637,3,OTHER,ULK,ULK,ULK4
KHS,-0.22666666666666663,64,KRSA,0.18769551616266944,1,STE,STE20,KHS,MAP4K1
KHS,-0.22666666666666663,64,KRSA,0.18769551616266944,1,STE,STE20,KHS,MAP4K2
KHS,-0.22666666666666663,64,KRSA,0.18769551616266944,1,STE,STE20,KHS,MAP4K3
KHS,-0.22666666666666663,64,KRSA,0.18769551616266944,1,STE,STE20,KHS,MAP4K5
CLK,-0.7325,37,KRSA,0.5380604796663191,3,CMGC,CLK,CLK,CLK1
CLK,-0.7325,37,KRSA,0.5380604796663191,3,CMGC,CLK,CLK,CLK2
CLK,-0.7325,37,KRSA,0.5380604796663191,3,CMGC,CLK,CLK,CLK3
CLK,-0.7325,37,KRSA,0.5380604796663191,3,CMGC,CLK,CLK,CLK4
TAO,0.3175,58,KRSA,0.26277372262773724,2,STE,STE20,TAO,TAOK1
TAO,0.3175,58,KRSA,0.26277372262773724,2,STE,STE20,TAO,TAOK2
TAO,0.3175,58,KRSA,0.26277372262773724,2,STE,STE20,TAO,TAOK3
NIK,-0.7291666666666666,38,KRSA,0.5255474452554745,3,STE,STE-UNIQUE,STE-UNIQUE,MAP3K14
BUD32,0.31416666666666665,59,KRSA,0.2502606882168926,2,OTHER,BUD32,BUD32,TP53RK
WNK,-0.3975,53,KRSA,0.32533889468196037,2,OTHER,WNK,WNK,WNK1
WNK,-0.3975,53,KRSA,0.32533889468196037,2,OTHER,WNK,WNK,WNK2
WNK,-0.3975,53,KRSA,0.32533889468196037,2,OTHER,WNK,WNK,WNK3
WNK,-0.3975,53,KRSA,0.32533889468196037,2,OTHER,WNK,WNK,WNK4
PKCA,0.4916666666666667,45,KRSA,0.43795620437956206,2,AGC,PKC,ALPHA,PRKCA
PKCA,0.4916666666666667,45,KRSA,0.43795620437956206,2,AGC,PKC,ALPHA,PRKCB
PKCA,0.4916666666666667,45,KRSA,0.43795620437956206,2,AGC,PKC,ALPHA,PRKCG
PKN,-0.2025,68,KRSA,0.13764337851929093,1,AGC,PKN,PKN,PKN1
PKN,-0.2025,68,KRSA,0.13764337851929093,1,AGC,PKN,PKN,PKN2
PKN,-0.2025,68,KRSA,0.13764337851929093,1,AGC,PKN,PKN,PKN3
CHK1,0.545,43,KRSA,0.4629822732012513,2,CAMK,CAMKL,CHK1,CHEK1
PKCD,0.72,39,KRSA,0.5130344108446299,3,AGC,PKC,DELTA,PRKCD
PKCD,0.72,39,KRSA,0.5130344108446299,3,AGC,PKC,DELTA,PRKCQ
MTOR,-0.09166666666666667,73,KRSA,0.07507820646506778,1,ATYPICAL,PIKK,FRAP,MTOR
HAL,0.06333333333333332,75,KRSA,0.05005213764337852,1,RGC,RGC,RGC,NPR1
MLCK,-0.49583333333333335,44,KRSA,0.4504692387904067,2,CAMK,MLCK,MLCK,MYLK
MLCK,-0.49583333333333335,44,KRSA,0.4504692387904067,2,CAMK,MLCK,MLCK,MYLK2
MLCK,-0.49583333333333335,44,KRSA,0.4504692387904067,2,CAMK,MLCK,MLCK,TTN
NDR,0.29083333333333333,62,KRSA,0.2127215849843587,1,AGC,NDR,NDR,LATS1
NDR,0.29083333333333333,62,KRSA,0.2127215849843587,1,AGC,NDR,NDR,LATS2
NDR,0.29083333333333333,62,KRSA,0.2127215849843587,1,AGC,NDR,NDR,STK38
NDR,0.29083333333333333,62,KRSA,0.2127215849843587,1,AGC,NDR,NDR,STK38L
COT,0.02666666666666666,77,KRSA,0.02502606882168926,1,STE,STE-UNIQUE,STE-UNIQUE,MAP3K8
SGK,0.43583333333333335,50,KRSA,0.36287799791449427,2,AGC,SGK,SGK,SGK1
SGK,0.43583333333333335,50,KRSA,0.36287799791449427,2,AGC,SGK,SGK,SGK2
SGK,0.43583333333333335,50,KRSA,0.36287799791449427,2,AGC,SGK,SGK,SGK3
PKCI,0.43583333333333335,50,KRSA,0.36287799791449427,2,AGC,PKC,IOTA,PRKCI
PKCI,0.43583333333333335,50,KRSA,0.36287799791449427,2,AGC,PKC,IOTA,PRKCZ
CK2,-0.01249999999999999,79,KRSA,0,1,CMGC,CK2,CK2,CSNK2A1
CK2,-0.01249999999999999,79,KRSA,0,1,CMGC,CK2,CK2,CSNK2A2
CK2,-0.01249999999999999,79,KRSA,0,1,NA,NA,NA,CSNK2A3
IKK,0.02499999999999999,78,KRSA,0.01251303441084463,1,OTHER,IKK,IKK,CHUK
IKK,0.02499999999999999,78,KRSA,0.01251303441084463,1,OTHER,IKK,IKK,IKBKB
IKK,0.02499999999999999,78,KRSA,0.01251303441084463,1,OTHER,IKK,IKK,IKBKE
IKK,0.02499999999999999,78,KRSA,0.01251303441084463,1,OTHER,IKK,IKK,TBK1
MELK,-0.05583333333333335,76,KRSA,0.03753910323253389,1,CAMK,CAMKL,MELK,MELK
MLK,0.4066666666666667,52,KRSA,0.337851929092805,2,TKL,MLK,ILK,ILK
MLK,0.4066666666666667,52,KRSA,0.337851929092805,2,TKL,MLK,MLK,MAP3K10
MLK,0.4066666666666667,52,KRSA,0.337851929092805,2,TKL,MLK,MLK,MAP3K11
MLK,0.4066666666666667,52,KRSA,0.337851929092805,2,TKL,MLK,LZK,MAP3K12
MLK,0.4066666666666667,52,KRSA,0.337851929092805,2,TKL,MLK,LZK,MAP3K13
MLK,0.4066666666666667,52,KRSA,0.337851929092805,2,TKL,MLK,MLK,MAP3K9
MLK,0.4066666666666667,52,KRSA,0.337851929092805,2,TKL,MLK,HH498,TNNI3K
PHK,0.2425,63,KRSA,0.20020855057351408,1,CAMK,PHK,PHK,PHKG1
PHK,0.2425,63,KRSA,0.20020855057351408,1,CAMK,PHK,PHK,PHKG2
PKD,0.35583333333333333,55,KRSA,0.30031282586027114,2,CAMK,PKD,PKD,PRKD1
PKD,0.35583333333333333,55,KRSA,0.30031282586027114,2,CAMK,PKD,PKD,PRKD2
PKD,0.35583333333333333,55,KRSA,0.30031282586027114,2,CAMK,PKD,PKD,PRKD3
DAPK,1.1891666666666667,20,KRSA,0.7507820646506778,4,CAMK,DAPK,DAPK,DAPK1
DAPK,1.1891666666666667,20,KRSA,0.7507820646506778,4,CAMK,DAPK,DAPK,DAPK2
DAPK,1.1891666666666667,20,KRSA,0.7507820646506778,4,CAMK,DAPK,DAPK,DAPK3
DAPK,1.1891666666666667,20,KRSA,0.7507820646506778,4,CAMK,DAPK,DRAK,STK17A
DAPK,1.1891666666666667,20,KRSA,0.7507820646506778,4,CAMK,DAPK,DRAK,STK17B
RAF,-0.9583333333333334,30,KRSA,0.6256517205422315,3,TKL,RAF,RAF,ARAF
RAF,-0.9583333333333334,30,KRSA,0.6256517205422315,3,TKL,RAF,RAF,BRAF
RAF,-0.9583333333333334,30,KRSA,0.6256517205422315,3,TKL,RAF,KSR,KSR1
RAF,-0.9583333333333334,30,KRSA,0.6256517205422315,3,TKL,RAF,KSR,KSR2
RAF,-0.9583333333333334,30,KRSA,0.6256517205422315,3,TKL,RAF,RAF,RAF1
CAMK2,-0.21916666666666668,66,KRSA,0.16266944734098018,1,CAMK,CAMK2,CAMK2,CAMK2A
CAMK2,-0.21916666666666668,66,KRSA,0.16266944734098018,1,CAMK,CAMK2,CAMK2,CAMK2B
CAMK2,-0.21916666666666668,66,KRSA,0.16266944734098018,1,CAMK,CAMK2,CAMK2,CAMK2D
CAMK2,-0.21916666666666668,66,KRSA,0.16266944734098018,1,CAMK,CAMK2,CAMK2,CAMK2G
GRK,0.21666666666666667,67,KRSA,0.15015641293013557,1,AGC,GRK,GRK,GRK1
GRK,0.21666666666666667,67,KRSA,0.15015641293013557,1,AGC,GRK,GRK,GRK4
GRK,0.21666666666666667,67,KRSA,0.15015641293013557,1,AGC,GRK,GRK,GRK5
GRK,0.21666666666666667,67,KRSA,0.15015641293013557,1,AGC,GRK,GRK,GRK6
GRK,0.21666666666666667,67,KRSA,0.15015641293013557,1,AGC,GRK,GRK,GRK7
STKR,0.5675,42,KRSA,0.4754953076120959,2,TKL,STKR,TYPE1,ACVR1
STKR,0.5675,42,KRSA,0.4754953076120959,2,TKL,STKR,TYPE1,ACVR1B
STKR,0.5675,42,KRSA,0.4754953076120959,2,TKL,STKR,TYPE1,ACVR1C
STKR,0.5675,42,KRSA,0.4754953076120959,2,TKL,STKR,TYPE2,ACVR2A
STKR,0.5675,42,KRSA,0.4754953076120959,2,TKL,STKR,TYPE2,ACVR2B
STKR,0.5675,42,KRSA,0.4754953076120959,2,TKL,STKR,TYPE1,ACVRL1
STKR,0.5675,42,KRSA,0.4754953076120959,2,TKL,STKR,TYPE2,AMHR2
STKR,0.5675,42,KRSA,0.4754953076120959,2,TKL,STKR,TYPE1,BMPR1A
STKR,0.5675,42,KRSA,0.4754953076120959,2,TKL,STKR,TYPE1,BMPR1B
STKR,0.5675,42,KRSA,0.4754953076120959,2,TKL,STKR,TYPE2,BMPR2
STKR,0.5675,42,KRSA,0.4754953076120959,2,TKL,STKR,TYPE1,TGFBR1
STKR,0.5675,42,KRSA,0.4754953076120959,2,TKL,STKR,TYPE2,TGFBR2
STE11,-0.3466666666666667,56,KRSA,0.28779979144942647,2,TKL,MLK,TAK1,MAP3K7
STE11,-0.3466666666666667,56,KRSA,0.28779979144942647,2,STE,STE11,MEKK1,MAP3K1
STE11,-0.3466666666666667,56,KRSA,0.28779979144942647,2,STE,STE11,ASK,MAP3K15
STE11,-0.3466666666666667,56,KRSA,0.28779979144942647,2,STE,STE11,MEKK2,MAP3K2
STE11,-0.3466666666666667,56,KRSA,0.28779979144942647,2,STE,STE11,MEKK2,MAP3K3
STE11,-0.3466666666666667,56,KRSA,0.28779979144942647,2,STE,STE11,MEKK4,MAP3K4
STE11,-0.3466666666666667,56,KRSA,0.28779979144942647,2,STE,STE11,ASK,MAP3K5
STE11,-0.3466666666666667,56,KRSA,0.28779979144942647,2,STE,STE11,ASK,MAP3K6
PIM,0.15083333333333335,71,KRSA,0.10010427528675704,1,CAMK,PIM,PIM,PIM1
PIM,0.15083333333333335,71,KRSA,0.10010427528675704,1,CAMK,PIM,PIM,PIM2
PIM,0.15083333333333335,71,KRSA,0.10010427528675704,1,CAMK,PIM,PIM,PIM3
QIK,-1.255,18,KRSA,0.7758081334723671,4,CAMK,CAMKL,QIK,SIK1
QIK,-1.255,18,KRSA,0.7758081334723671,4,CAMK,CAMKL,QIK,SIK2
RSK,0.44416666666666665,49,KRSA,0.38790406673618355,2,AGC,RSK,RSK,RPS6KA1
RSK,0.44416666666666665,49,KRSA,0.38790406673618355,2,AGC,RSK,RSK,RPS6KA2
RSK,0.44416666666666665,49,KRSA,0.38790406673618355,2,AGC,RSK,RSK,RPS6KA3
RSK,0.44416666666666665,49,KRSA,0.38790406673618355,2,AGC,RSK,MSK,RPS6KA4
RSK,0.44416666666666665,49,KRSA,0.38790406673618355,2,AGC,RSK,MSK,RPS6KA5
RSK,0.44416666666666665,49,KRSA,0.38790406673618355,2,AGC,RSK,RSK,RPS6KA6
RSK,0.44416666666666665,49,KRSA,0.38790406673618355,2,AGC,RSK,P70,RPS6KB1
RSK,0.44416666666666665,49,KRSA,0.38790406673618355,2,AGC,RSK,P70,RPS6KB2
AUR,1.0983333333333334,22,KRSA,0.7257559958289885,3,OTHER,AUR,AUR,AURKA
AUR,1.0983333333333334,22,KRSA,0.7257559958289885,3,OTHER,AUR,AUR,AURKB
AUR,1.0983333333333334,22,KRSA,0.7257559958289885,3,OTHER,AUR,AUR,AURKC
RIPK,1.4966666666666666,9,KRSA,0.8884254431699687,4,TKL,RIPK,RIPK,ANKK1
RIPK,1.4966666666666666,9,KRSA,0.8884254431699687,4,TKL,RIPK,RIPK,RIPK1
RIPK,1.4966666666666666,9,KRSA,0.8884254431699687,4,TKL,RIPK,RIPK,RIPK2
RIPK,1.4966666666666666,9,KRSA,0.8884254431699687,4,TKL,RIPK,RIPK,RIPK3
RIPK,1.4966666666666666,9,KRSA,0.8884254431699687,4,TKL,RIPK,RIPK,RIPK4
PEK,-1.65,7,KRSA,0.913451511991658,4,OTHER,PEK,HRI,EIF2AK1
PEK,-1.65,7,KRSA,0.913451511991658,4,OTHER,PEK,PKR,EIF2AK2
PEK,-1.65,7,KRSA,0.913451511991658,4,OTHER,PEK,PEK,EIF2AK3
PEK,-1.65,7,KRSA,0.913451511991658,4,OTHER,PEK,GCN2,EIF2AK4
CK1,-1.275,17,KRSA,0.7883211678832117,4,CK1,CK1,CK1-A,CSNK1A1
CK1,-1.275,17,KRSA,0.7883211678832117,4,CK1,CK1,CK1-A,CSNK1A1L
CK1,-1.275,17,KRSA,0.7883211678832117,4,CK1,CK1,CK1-D,CSNK1D
CK1,-1.275,17,KRSA,0.7883211678832117,4,CK1,CK1,CK1-D,CSNK1E
CK1,-1.275,17,KRSA,0.7883211678832117,4,CK1,CK1,CK1-G,CSNK1G1
CK1,-1.275,17,KRSA,0.7883211678832117,4,CK1,CK1,CK1-G,CSNK1G2
CK1,-1.275,17,KRSA,0.7883211678832117,4,CK1,CK1,CK1-G,CSNK1G3
CK1,-1.275,17,KRSA,0.7883211678832117,4,CK1,TTBK,TTBK,TTBK1
CK1,-1.275,17,KRSA,0.7883211678832117,4,CK1,TTBK,TTBK,TTBK2
CK1,-1.275,17,KRSA,0.7883211678832117,4,CK1,VRK,VRK,VRK3
CDK,-1.33,15,KRSA,0.8133472367049009,4,CMGC,CDK,CDC2,CDK1
CDK,-1.33,15,KRSA,0.8133472367049009,4,CMGC,CDK,CDK10,CDK10
CDK,-1.33,15,KRSA,0.8133472367049009,4,CMGC,CDK,CRK7,CDK12
CDK,-1.33,15,KRSA,0.8133472367049009,4,CMGC,CDK,CRK7,CDK13
CDK,-1.33,15,KRSA,0.8133472367049009,4,CMGC,CDK,PFTAIRE,CDK14
CDK,-1.33,15,KRSA,0.8133472367049009,4,CMGC,CDK,PFTAIRE,CDK15
CDK,-1.33,15,KRSA,0.8133472367049009,4,CMGC,CDK,PCTAIRE,CDK16
CDK,-1.33,15,KRSA,0.8133472367049009,4,CMGC,CDK,PCTAIRE,CDK17
CDK,-1.33,15,KRSA,0.8133472367049009,4,CMGC,CDK,PCTAIRE,CDK18
CDK,-1.33,15,KRSA,0.8133472367049009,4,CMGC,CDK,CDK8,CDK19
CDK,-1.33,15,KRSA,0.8133472367049009,4,CMGC,CDK,CDC2,CDK2
CDK,-1.33,15,KRSA,0.8133472367049009,4,CMGC,CDK,CCRK,CDK20
CDK,-1.33,15,KRSA,0.8133472367049009,4,CMGC,CDK,CDC2,CDK3
CDK,-1.33,15,KRSA,0.8133472367049009,4,CMGC,CDK,CDK4,CDK4
CDK,-1.33,15,KRSA,0.8133472367049009,4,CMGC,CDK,CDK5,CDK5
CDK,-1.33,15,KRSA,0.8133472367049009,4,CMGC,CDK,CDK4,CDK6
CDK,-1.33,15,KRSA,0.8133472367049009,4,CMGC,CDK,CDK7,CDK7
CDK,-1.33,15,KRSA,0.8133472367049009,4,CMGC,CDK,CDK8,CDK8
CDK,-1.33,15,KRSA,0.8133472367049009,4,CMGC,CDK,CDK9,CDK9
CDK,-1.33,15,KRSA,0.8133472367049009,4,NA,NA,NA,CDK11A
CDK,-1.33,15,KRSA,0.8133472367049009,4,NA,NA,NA,CDK11B
CAMK1,0.9666666666666668,29,KRSA,0.6381647549530761,3,CAMK,CAMK1,CAMK1,CAMK1
CAMK1,0.9666666666666668,29,KRSA,0.6381647549530761,3,CAMK,CAMK1,CAMK1,CAMK1D
CAMK1,0.9666666666666668,29,KRSA,0.6381647549530761,3,CAMK,CAMK1,CAMK1,CAMK1G
CAMK1,0.9666666666666668,29,KRSA,0.6381647549530761,3,CAMK,CAMK1,CAMK1,CAMK4
CAMK1,0.9666666666666668,29,KRSA,0.6381647549530761,3,CAMK,CAMK1,CAMK1,PNCK
PDK1,-1.7266666666666666,4,KRSA,0.9509906152241918,4,ATYPICAL,PDHK,PDHK,PDK1
PDK1,-1.7266666666666666,4,KRSA,0.9509906152241918,4,AGC,PDK1,PDK1,PDPK1
MOS,1.0433333333333332,27,KRSA,0.6631908237747653,3,OTHER,MOS,MOS,MOS
FRAY,-1.465833333333333,11,KRSA,0.8633993743482794,4,STE,STE20,FRAY,OXSR1
FRAY,-1.465833333333333,11,KRSA,0.8633993743482794,4,STE,STE20,FRAY,STK39
BRSK,0.3416666666666667,57,KRSA,0.27528675703858185,2,CAMK,CAMKL,BRSK,BRSK1
BRSK,0.3416666666666667,57,KRSA,0.27528675703858185,2,CAMK,CAMKL,BRSK,BRSK2
CAMKK,1.455833333333333,12,KRSA,0.8508863399374348,4,OTHER,CAMKK,META,CAMKK1
CAMKK,1.455833333333333,12,KRSA,0.8508863399374348,4,OTHER,CAMKK,META,CAMKK2
STE7,-1.66,6,KRSA,0.9259645464025026,4,STE,STE7,MEK1,MAP2K1
STE7,-1.66,6,KRSA,0.9259645464025026,4,STE,STE7,MEK1,MAP2K2
STE7,-1.66,6,KRSA,0.9259645464025026,4,STE,STE7,MEK3,MAP2K3
STE7,-1.66,6,KRSA,0.9259645464025026,4,STE,STE7,MEK4,MAP2K4
STE7,-1.66,6,KRSA,0.9259645464025026,4,STE,STE7,MEK5,MAP2K5
STE7,-1.66,6,KRSA,0.9259645464025026,4,STE,STE7,MEK3,MAP2K6
STE7,-1.66,6,KRSA,0.9259645464025026,4,STE,STE7,MEK7,MAP2K7
PASK,1.4433333333333334,13,KRSA,0.8383733055265902,4,CAMK,CAMKL,PASK,PASK
ERK,-1.909166666666667,1,KRSA,0.9885297184567258,4,CMGC,MAPK,ERK1,MAPK1
ERK,-1.909166666666667,1,KRSA,0.9885297184567258,4,CMGC,MAPK,ERK7,MAPK15
ERK,-1.909166666666667,1,KRSA,0.9885297184567258,4,CMGC,MAPK,ERK1,MAPK3
ERK,-1.909166666666667,1,KRSA,0.9885297184567258,4,CMGC,MAPK,ERK3,MAPK4
ERK,-1.909166666666667,1,KRSA,0.9885297184567258,4,CMGC,MAPK,ERK3,MAPK6
ERK,-1.909166666666667,1,KRSA,0.9885297184567258,4,CMGC,MAPK,ERK5,MAPK7
DYRK,-1.2141666666666666,19,KRSA,0.7632950990615224,4,CMGC,DYRK,DYRK1,DYRK1A
DYRK,-1.2141666666666666,19,KRSA,0.7632950990615224,4,CMGC,DYRK,DYRK1,DYRK1B
DYRK,-1.2141666666666666,19,KRSA,0.7632950990615224,4,CMGC,DYRK,DYRK2,DYRK2
DYRK,-1.2141666666666666,19,KRSA,0.7632950990615224,4,CMGC,DYRK,DYRK2,DYRK3
DYRK,-1.2141666666666666,19,KRSA,0.7632950990615224,4,CMGC,DYRK,DYRK2,DYRK4
DYRK,-1.2141666666666666,19,KRSA,0.7632950990615224,4,CMGC,DYRK,HIPK,HIPK1
DYRK,-1.2141666666666666,19,KRSA,0.7632950990615224,4,CMGC,DYRK,HIPK,HIPK2
DYRK,-1.2141666666666666,19,KRSA,0.7632950990615224,4,CMGC,DYRK,HIPK,HIPK3
DYRK,-1.2141666666666666,19,KRSA,0.7632950990615224,4,CMGC,DYRK,HIPK,HIPK4
DYRK,-1.2141666666666666,19,KRSA,0.7632950990615224,4,CMGC,DYRK,PRP4,PRPF4B
PAKA,-0.8558333333333333,35,KRSA,0.5630865484880083,3,STE,STE20,PAKA,PAK1
PAKA,-0.8558333333333333,35,KRSA,0.5630865484880083,3,STE,STE20,PAKA,PAK2
PAKA,-0.8558333333333333,35,KRSA,0.5630865484880083,3,STE,STE20,PAKA,PAK3
CHK1,0.545,43,KRSA,0.4629822732012513,2,CAMK,CAMKL,CHK1,CHEK1
PKCD,0.72,39,KRSA,0.5130344108446299,3,AGC,PKC,DELTA,PRKCD
PKCD,0.72,39,KRSA,0.5130344108446299,3,AGC,PKC,DELTA,PRKCQ
PDHK,-1.1125,21,KRSA,0.7382690302398331,3,ATYPICAL,PDHK,BCKDK,BCKDK
PDHK,-1.1125,21,KRSA,0.7382690302398331,3,ATYPICAL,PDHK,PDHK,PDK2
PDHK,-1.1125,21,KRSA,0.7382690302398331,3,ATYPICAL,PDHK,PDHK,PDK3
PDHK,-1.1125,21,KRSA,0.7382690302398331,3,ATYPICAL,PDHK,PDHK,PDK4
AKT,1.0566666666666666,24,KRSA,0.7007299270072993,3,AGC,AKT,AKT,AKT1
AKT,1.0566666666666666,24,KRSA,0.7007299270072993,3,AGC,AKT,AKT,AKT2
AKT,1.0566666666666666,24,KRSA,0.7007299270072993,3,AGC,AKT,AKT,AKT3
P38,-1.045,25,KRSA,0.6882168925964547,3,CMGC,MAPK,P38,MAPK11
P38,-1.045,25,KRSA,0.6882168925964547,3,CMGC,MAPK,P38,MAPK12
P38,-1.045,25,KRSA,0.6882168925964547,3,CMGC,MAPK,P38,MAPK13
P38,-1.045,25,KRSA,0.6882168925964547,3,CMGC,MAPK,P38,MAPK14
NEK,-1.5566666666666666,8,KRSA,0.9009384775808134,4,OTHER,NEK,NEK11,NEK11
NEK,-1.5566666666666666,8,KRSA,0.9009384775808134,4,OTHER,NEK,NEK2,NEK2
NEK,-1.5566666666666666,8,KRSA,0.9009384775808134,4,OTHER,NEK,NEK1,NEK3
NEK,-1.5566666666666666,8,KRSA,0.9009384775808134,4,OTHER,NEK,NEK4,NEK4
NEK,-1.5566666666666666,8,KRSA,0.9009384775808134,4,OTHER,NEK,NEK1,NEK5
NEK,-1.5566666666666666,8,KRSA,0.9009384775808134,4,OTHER,NEK,NEK6,NEK6
NEK,-1.5566666666666666,8,KRSA,0.9009384775808134,4,OTHER,NEK,NEK6,NEK7
NEK,-1.5566666666666666,8,KRSA,0.9009384775808134,4,OTHER,NEK,NEK8,NEK8
NEK,-1.5566666666666666,8,KRSA,0.9009384775808134,4,OTHER,NEK,NEK8,NEK9
PKG,1.8525,2,KRSA,0.9760166840458812,4,AGC,PKG,PKG,PRKG1
PKG,1.8525,2,KRSA,0.9760166840458812,4,AGC,PKG,PKG,PRKG2
MST,-0.4558333333333333,47,KRSA,0.4129301355578728,2,STE,STE20,MST,STK3
MST,-0.4558333333333333,47,KRSA,0.4129301355578728,2,STE,STE20,MST,STK4
MAPKAPK,0.49166666666666664,46,KRSA,0.4254431699687174,2,CAMK,MAPKAPK,MAPKAPK,MAPKAPK2
MAPKAPK,0.49166666666666664,46,KRSA,0.4254431699687174,2,CAMK,MAPKAPK,MAPKAPK,MAPKAPK3
MAPKAPK,0.49166666666666664,46,KRSA,0.4254431699687174,2,CAMK,MAPKAPK,MAPKAPK,MAPKAPK5
MAPKAPK,0.49166666666666664,46,KRSA,0.4254431699687174,2,CAMK,MAPKAPK,MNK,MKNK1
MAPKAPK,0.49166666666666664,46,KRSA,0.4254431699687174,2,CAMK,MAPKAPK,MNK,MKNK2
COT,0.02666666666666666,77,KRSA,0.02502606882168926,1,STE,STE-UNIQUE,STE-UNIQUE,MAP3K8
VRK1,-0.885,32,KRSA,0.6006256517205423,3,CK1,VRK,VRK,VRK1
PRKDC,-0.9908333333333332,28,KRSA,0.6506777893639207,3,ATYPICAL,PIKK,DNAPK,PRKDC
MLCK,-0.49583333333333335,44,KRSA,0.4504692387904067,2,CAMK,MLCK,MLCK,MYLK
MLCK,-0.49583333333333335,44,KRSA,0.4504692387904067,2,CAMK,MLCK,MLCK,MYLK2
MLCK,-0.49583333333333335,44,KRSA,0.4504692387904067,2,CAMK,MLCK,MLCK,TTN
PKA,1.669166666666667,5,KRSA,0.9384775808133472,4,AGC,PKA,PKA,PRKACA
PKA,1.669166666666667,5,KRSA,0.9384775808133472,4,AGC,PKA,PKA,PRKACB
PKA,1.669166666666667,5,KRSA,0.9384775808133472,4,AGC,PKA,PKA,PRKACG
PKA,1.669166666666667,5,KRSA,0.9384775808133472,4,AGC,PKA,PKA,PRKX
PKA,1.669166666666667,5,KRSA,0.9384775808133472,4,AGC,PKA,PKA,PRKY
NMO,-1.7591666666666663,3,KRSA,0.9635036496350365,4,CMGC,MAPK,NMO,NLK
ATM,-0.9458333333333332,31,KRSA,0.6131386861313869,3,ATYPICAL,PIKK,ATM,ATM
LKB,-0.8708333333333333,33,KRSA,0.5881126173096975,3,CAMK,CAMKL,LKB,STK11
PKCH,-0.595,41,KRSA,0.4880083420229406,2,AGC,PKC,ETA,PRKCE
PKCH,-0.595,41,KRSA,0.4880083420229406,2,AGC,PKC,ETA,PRKCH
GRK,0.21666666666666667,67,KRSA,0.15015641293013557,1,AGC,GRK,GRK,GRK1
GRK,0.21666666666666667,67,KRSA,0.15015641293013557,1,AGC,GRK,GRK,GRK4
GRK,0.21666666666666667,67,KRSA,0.15015641293013557,1,AGC,GRK,GRK,GRK5
GRK,0.21666666666666667,67,KRSA,0.15015641293013557,1,AGC,GRK,GRK,GRK6
GRK,0.21666666666666667,67,KRSA,0.15015641293013557,1,AGC,GRK,GRK,GRK7
BARK2,-0.45,48,KRSA,0.40041710114702816,2,AGC,GRK,BARK,GRK3
RAD53,0.13083333333333333,72,KRSA,0.08759124087591241,1,CAMK,RAD53,RAD53,CHEK2
MTOR,-0.09166666666666667,73,KRSA,0.07507820646506778,1,ATYPICAL,PIKK,FRAP,MTOR
GSK,-0.1525,70,KRSA,0.11261730969760167,1,CMGC,GSK,GSK,GSK3A
GSK,-0.1525,70,KRSA,0.11261730969760167,1,CMGC,GSK,GSK,GSK3B
NUAK,-0.2925,61,KRSA,0.22523461939520334,1,CAMK,CAMKL,NUAK,NUAK1
NUAK,-0.2925,61,KRSA,0.22523461939520334,1,CAMK,CAMKL,NUAK,NUAK2
PAKB,-0.065,74,KRSA,0.06256517205422316,1,STE,STE20,PAKB,PAK4
PAKB,-0.065,74,KRSA,0.06256517205422316,1,STE,STE20,PAKB,PAK5
PAKB,-0.065,74,KRSA,0.06256517205422316,1,STE,STE20,PAKB,PAK6
NAK,-0.42583333333333334,51,KRSA,0.35036496350364965,2,OTHER,NAK,BIKE,AAK1
NAK,-0.42583333333333334,51,KRSA,0.35036496350364965,2,OTHER,NAK,BIKE,BMP2K
NAK,-0.42583333333333334,51,KRSA,0.35036496350364965,2,OTHER,NAK,GAK,GAK
NAK,-0.42583333333333334,51,KRSA,0.35036496350364965,2,OTHER,NAK,MPSK,STK16
HAL,0.06333333333333332,75,KRSA,0.05005213764337852,1,RGC,RGC,RGC,NPR1
TTK,-0.3016666666666667,60,KRSA,0.23774765380604795,1,OTHER,TTK,TTK,TTK
TLK,-1.044166666666667,26,KRSA,0.67570385818561,3,OTHER,TLK,TLK,TLK1
TLK,-1.044166666666667,26,KRSA,0.67570385818561,3,OTHER,TLK,TLK,TLK2
PKN,-0.2025,68,KRSA,0.13764337851929093,1,AGC,PKN,PKN,PKN1
PKN,-0.2025,68,KRSA,0.13764337851929093,1,AGC,PKN,PKN,PKN2
PKN,-0.2025,68,KRSA,0.13764337851929093,1,AGC,PKN,PKN,PKN3
CAMK2,-0.21916666666666668,66,KRSA,0.16266944734098018,1,CAMK,CAMK2,CAMK2,CAMK2A
CAMK2,-0.21916666666666668,66,KRSA,0.16266944734098018,1,CAMK,CAMK2,CAMK2,CAMK2B
CAMK2,-0.21916666666666668,66,KRSA,0.16266944734098018,1,CAMK,CAMK2,CAMK2,CAMK2D
CAMK2,-0.21916666666666668,66,KRSA,0.16266944734098018,1,CAMK,CAMK2,CAMK2,CAMK2G
IRAK,0.22583333333333333,65,KRSA,0.17518248175182483,1,TKL,IRAK,IRAK,IRAK1
IRAK,0.22583333333333333,65,KRSA,0.17518248175182483,1,TKL,IRAK,IRAK,IRAK2
IRAK,0.22583333333333333,65,KRSA,0.17518248175182483,1,TKL,IRAK,IRAK,IRAK3
IRAK,0.22583333333333333,65,KRSA,0.17518248175182483,1,TKL,IRAK,IRAK,IRAK4
PKD,0.35583333333333333,55,KRSA,0.30031282586027114,2,CAMK,PKD,PKD,PRKD1
PKD,0.35583333333333333,55,KRSA,0.30031282586027114,2,CAMK,PKD,PKD,PRKD2
PKD,0.35583333333333333,55,KRSA,0.30031282586027114,2,CAMK,PKD,PKD,PRKD3
JNK,-1.475,10,KRSA,0.8759124087591241,4,CMGC,MAPK,JNK,MAPK10
JNK,-1.475,10,KRSA,0.8759124087591241,4,CMGC,MAPK,JNK,MAPK8
JNK,-1.475,10,KRSA,0.8759124087591241,4,CMGC,MAPK,JNK,MAPK9
CK2,-0.01249999999999999,79,KRSA,0,1,CMGC,CK2,CK2,CSNK2A1
CK2,-0.01249999999999999,79,KRSA,0,1,CMGC,CK2,CK2,CSNK2A2
CK2,-0.01249999999999999,79,KRSA,0,1,NA,NA,NA,CSNK2A3
RAF,-0.9583333333333334,30,KRSA,0.6256517205422315,3,TKL,RAF,RAF,ARAF
RAF,-0.9583333333333334,30,KRSA,0.6256517205422315,3,TKL,RAF,RAF,BRAF
RAF,-0.9583333333333334,30,KRSA,0.6256517205422315,3,TKL,RAF,KSR,KSR1
RAF,-0.9583333333333334,30,KRSA,0.6256517205422315,3,TKL,RAF,KSR,KSR2
RAF,-0.9583333333333334,30,KRSA,0.6256517205422315,3,TKL,RAF,RAF,RAF1
AMPK,0.1875,69,KRSA,0.1251303441084463,1,CAMK,CAMKL,AMPK,PRKAA1
AMPK,0.1875,69,KRSA,0.1251303441084463,1,CAMK,CAMKL,AMPK,PRKAA2
QIK,-1.255,18,KRSA,0.7758081334723671,4,CAMK,CAMKL,QIK,SIK1
QIK,-1.255,18,KRSA,0.7758081334723671,4,CAMK,CAMKL,QIK,SIK2
DMPK,1.4016666666666666,14,KRSA,0.8258602711157456,4,AGC,DMPK,GEK,CDC42BPA
DMPK,1.4016666666666666,14,KRSA,0.8258602711157456,4,AGC,DMPK,GEK,CDC42BPB
DMPK,1.4016666666666666,14,KRSA,0.8258602711157456,4,AGC,DMPK,GEK,CDC42BPG
DMPK,1.4016666666666666,14,KRSA,0.8258602711157456,4,AGC,DMPK,CRIK,CIT
DMPK,1.4016666666666666,14,KRSA,0.8258602711157456,4,AGC,DMPK,GEK,DMPK
DMPK,1.4016666666666666,14,KRSA,0.8258602711157456,4,AGC,DMPK,ROCK,ROCK1
DMPK,1.4016666666666666,14,KRSA,0.8258602711157456,4,AGC,DMPK,ROCK,ROCK2
ATR,-0.6258333333333334,40,KRSA,0.5005213764337852,3,ATYPICAL,PIKK,ATR,ATR
WNK,-0.3975,53,KRSA,0.32533889468196037,2,OTHER,WNK,WNK,WNK1
WNK,-0.3975,53,KRSA,0.32533889468196037,2,OTHER,WNK,WNK,WNK2
WNK,-0.3975,53,KRSA,0.32533889468196037,2,OTHER,WNK,WNK,WNK3
WNK,-0.3975,53,KRSA,0.32533889468196037,2,OTHER,WNK,WNK,WNK4
ULK,-0.7433333333333333,36,KRSA,0.5505735140771637,3,OTHER,ULK,FUSED,STK36
ULK,-0.7433333333333333,36,KRSA,0.5505735140771637,3,OTHER,ULK,ULK,ULK1
ULK,-0.7433333333333333,36,KRSA,0.5505735140771637,3,OTHER,ULK,ULK,ULK2
ULK,-0.7433333333333333,36,KRSA,0.5505735140771637,3,OTHER,ULK,ULK,ULK3
ULK,-0.7433333333333333,36,KRSA,0.5505735140771637,3,OTHER,ULK,ULK,ULK4
CLK,-0.7325,37,KRSA,0.5380604796663191,3,CMGC,CLK,CLK,CLK1
CLK,-0.7325,37,KRSA,0.5380604796663191,3,CMGC,CLK,CLK,CLK2
CLK,-0.7325,37,KRSA,0.5380604796663191,3,CMGC,CLK,CLK,CLK3
CLK,-0.7325,37,KRSA,0.5380604796663191,3,CMGC,CLK,CLK,CLK4
TAO,0.3175,58,KRSA,0.26277372262773724,2,STE,STE20,TAO,TAOK1
TAO,0.3175,58,KRSA,0.26277372262773724,2,STE,STE20,TAO,TAOK2
TAO,0.3175,58,KRSA,0.26277372262773724,2,STE,STE20,TAO,TAOK3
KHS,-0.22666666666666663,64,KRSA,0.18769551616266944,1,STE,STE20,KHS,MAP4K1
KHS,-0.22666666666666663,64,KRSA,0.18769551616266944,1,STE,STE20,KHS,MAP4K2
KHS,-0.22666666666666663,64,KRSA,0.18769551616266944,1,STE,STE20,KHS,MAP4K3
KHS,-0.22666666666666663,64,KRSA,0.18769551616266944,1,STE,STE20,KHS,MAP4K5
PLK,-0.86,34,KRSA,0.5755995828988529,3,NA,NA,NA,PLK5
PLK,-0.86,34,KRSA,0.5755995828988529,3,OTHER,PLK,PLK1,PLK1
PLK,-0.86,34,KRSA,0.5755995828988529,3,OTHER,PLK,PLK2,PLK2
PLK,-0.86,34,KRSA,0.5755995828988529,3,OTHER,PLK,PLK2,PLK3
PLK,-0.86,34,KRSA,0.5755995828988529,3,OTHER,PLK,SAK,PLK4
SLK,1.0633333333333332,23,KRSA,0.7132429614181439,3,STE,STE20,SLK,SLK
SLK,1.0633333333333332,23,KRSA,0.7132429614181439,3,STE,STE20,SLK,STK10
BUD32,0.31416666666666665,59,KRSA,0.2502606882168926,2,OTHER,BUD32,BUD32,TP53RK
NIK,-0.7291666666666666,38,KRSA,0.5255474452554745,3,STE,STE-UNIQUE,STE-UNIQUE,MAP3K14
STKR,0.5675,42,KRSA,0.4754953076120959,2,TKL,STKR,TYPE1,ACVR1
STKR,0.5675,42,KRSA,0.4754953076120959,2,TKL,STKR,TYPE1,ACVR1B
STKR,0.5675,42,KRSA,0.4754953076120959,2,TKL,STKR,TYPE1,ACVR1C
STKR,0.5675,42,KRSA,0.4754953076120959,2,TKL,STKR,TYPE2,ACVR2A
STKR,0.5675,42,KRSA,0.4754953076120959,2,TKL,STKR,TYPE2,ACVR2B
STKR,0.5675,42,KRSA,0.4754953076120959,2,TKL,STKR,TYPE1,ACVRL1
STKR,0.5675,42,KRSA,0.4754953076120959,2,TKL,STKR,TYPE2,AMHR2
STKR,0.5675,42,KRSA,0.4754953076120959,2,TKL,STKR,TYPE1,BMPR1A
STKR,0.5675,42,KRSA,0.4754953076120959,2,TKL,STKR,TYPE1,BMPR1B
STKR,0.5675,42,KRSA,0.4754953076120959,2,TKL,STKR,TYPE2,BMPR2
STKR,0.5675,42,KRSA,0.4754953076120959,2,TKL,STKR,TYPE1,TGFBR1
STKR,0.5675,42,KRSA,0.4754953076120959,2,TKL,STKR,TYPE2,TGFBR2
PKCI,0.43583333333333335,50,KRSA,0.36287799791449427,2,AGC,PKC,IOTA,PRKCI
PKCI,0.43583333333333335,50,KRSA,0.36287799791449427,2,AGC,PKC,IOTA,PRKCZ
MELK,-0.05583333333333335,76,KRSA,0.03753910323253389,1,CAMK,CAMKL,MELK,MELK
SGK,0.43583333333333335,50,KRSA,0.36287799791449427,2,AGC,SGK,SGK,SGK1
SGK,0.43583333333333335,50,KRSA,0.36287799791449427,2,AGC,SGK,SGK,SGK2
SGK,0.43583333333333335,50,KRSA,0.36287799791449427,2,AGC,SGK,SGK,SGK3
RSK,0.44416666666666665,49,KRSA,0.38790406673618355,2,AGC,RSK,RSK,RPS6KA1
RSK,0.44416666666666665,49,KRSA,0.38790406673618355,2,AGC,RSK,RSK,RPS6KA2
RSK,0.44416666666666665,49,KRSA,0.38790406673618355,2,AGC,RSK,RSK,RPS6KA3
RSK,0.44416666666666665,49,KRSA,0.38790406673618355,2,AGC,RSK,MSK,RPS6KA4
RSK,0.44416666666666665,49,KRSA,0.38790406673618355,2,AGC,RSK,MSK,RPS6KA5
RSK,0.44416666666666665,49,KRSA,0.38790406673618355,2,AGC,RSK,RSK,RPS6KA6
RSK,0.44416666666666665,49,KRSA,0.38790406673618355,2,AGC,RSK,P70,RPS6KB1
RSK,0.44416666666666665,49,KRSA,0.38790406673618355,2,AGC,RSK,P70,RPS6KB2
PIM,0.15083333333333335,71,KRSA,0.10010427528675704,1,CAMK,PIM,PIM,PIM1
PIM,0.15083333333333335,71,KRSA,0.10010427528675704,1,CAMK,PIM,PIM,PIM2
PIM,0.15083333333333335,71,KRSA,0.10010427528675704,1,CAMK,PIM,PIM,PIM3
PKCA,0.4916666666666667,45,KRSA,0.43795620437956206,2,AGC,PKC,ALPHA,PRKCA
PKCA,0.4916666666666667,45,KRSA,0.43795620437956206,2,AGC,PKC,ALPHA,PRKCB
PKCA,0.4916666666666667,45,KRSA,0.43795620437956206,2,AGC,PKC,ALPHA,PRKCG
DAPK,1.1891666666666667,20,KRSA,0.7507820646506778,4,CAMK,DAPK,DAPK,DAPK1
DAPK,1.1891666666666667,20,KRSA,0.7507820646506778,4,CAMK,DAPK,DAPK,DAPK2
DAPK,1.1891666666666667,20,KRSA,0.7507820646506778,4,CAMK,DAPK,DAPK,DAPK3
DAPK,1.1891666666666667,20,KRSA,0.7507820646506778,4,CAMK,DAPK,DRAK,STK17A
DAPK,1.1891666666666667,20,KRSA,0.7507820646506778,4,CAMK,DAPK,DRAK,STK17B
PHK,0.2425,63,KRSA,0.20020855057351408,1,CAMK,PHK,PHK,PHKG1
PHK,0.2425,63,KRSA,0.20020855057351408,1,CAMK,PHK,PHK,PHKG2
STE11,-0.3466666666666667,56,KRSA,0.28779979144942647,2,TKL,MLK,TAK1,MAP3K7
STE11,-0.3466666666666667,56,KRSA,0.28779979144942647,2,STE,STE11,MEKK1,MAP3K1
STE11,-0.3466666666666667,56,KRSA,0.28779979144942647,2,STE,STE11,ASK,MAP3K15
STE11,-0.3466666666666667,56,KRSA,0.28779979144942647,2,STE,STE11,MEKK2,MAP3K2
STE11,-0.3466666666666667,56,KRSA,0.28779979144942647,2,STE,STE11,MEKK2,MAP3K3
STE11,-0.3466666666666667,56,KRSA,0.28779979144942647,2,STE,STE11,MEKK4,MAP3K4
STE11,-0.3466666666666667,56,KRSA,0.28779979144942647,2,STE,STE11,ASK,MAP3K5
STE11,-0.3466666666666667,56,KRSA,0.28779979144942647,2,STE,STE11,ASK,MAP3K6
MSN,1.315,16,KRSA,0.8008342022940563,4,STE,STE20,MSN,MAP4K4
MSN,1.315,16,KRSA,0.8008342022940563,4,STE,STE20,MSN,NRK
MSN,1.315,16,KRSA,0.8008342022940563,4,STE,STE20,MSN,TNIK
NDR,0.29083333333333333,62,KRSA,0.2127215849843587,1,AGC,NDR,NDR,LATS1
NDR,0.29083333333333333,62,KRSA,0.2127215849843587,1,AGC,NDR,NDR,LATS2
NDR,0.29083333333333333,62,KRSA,0.2127215849843587,1,AGC,NDR,NDR,STK38
NDR,0.29083333333333333,62,KRSA,0.2127215849843587,1,AGC,NDR,NDR,STK38L
IKK,0.02499999999999999,78,KRSA,0.01251303441084463,1,OTHER,IKK,IKK,CHUK
IKK,0.02499999999999999,78,KRSA,0.01251303441084463,1,OTHER,IKK,IKK,IKBKB
IKK,0.02499999999999999,78,KRSA,0.01251303441084463,1,OTHER,IKK,IKK,IKBKE
IKK,0.02499999999999999,78,KRSA,0.01251303441084463,1,OTHER,IKK,IKK,TBK1
MLK,0.4066666666666667,52,KRSA,0.337851929092805,2,TKL,MLK,ILK,ILK
MLK,0.4066666666666667,52,KRSA,0.337851929092805,2,TKL,MLK,MLK,MAP3K10
MLK,0.4066666666666667,52,KRSA,0.337851929092805,2,TKL,MLK,MLK,MAP3K11
MLK,0.4066666666666667,52,KRSA,0.337851929092805,2,TKL,MLK,LZK,MAP3K12
MLK,0.4066666666666667,52,KRSA,0.337851929092805,2,TKL,MLK,LZK,MAP3K13
MLK,0.4066666666666667,52,KRSA,0.337851929092805,2,TKL,MLK,MLK,MAP3K9
MLK,0.4066666666666667,52,KRSA,0.337851929092805,2,TKL,MLK,HH498,TNNI3K
