Kinase,Score,Rank,Method,Perc,Qrt,group,KinaseFamily,subfamily,hgnc_symbol
SGK1,0,53,PTM-SEA,0,1,AGC,SGK,SGK,SGK1
PIK3C2A,0,53,PTM-SEA,0,1,NA,NA,NA,PIK3C2A
CHEK1,77.2701049593166,10,PTM-SEA,0.8765432098765432,4,CAMK,CAMKL,CHK1,CHEK1
AURKA,36.10412285060874,31,PTM-SEA,0.5925925925925926,3,OTHER,AUR,AUR,AURKA
PDPK1,0,53,PTM-SEA,0,1,AGC,PDK1,PDK1,PDPK1
DAPK3,0,53,PTM-SEA,0,1,CAMK,DAPK,DAPK,DAPK3
RPS6KA5,12.914289551878799,43,PTM-SEA,0.4444444444444444,2,AGC,RSK,MSK,RPS6KA5
CHEK2,50.11147030103473,21,PTM-SEA,0.7407407407407407,3,CAMK,RAD53,RAD53,CHEK2
RAF1,23.398445133136804,38,PTM-SEA,0.5061728395061729,3,TKL,RAF,RAF,RAF1
PRKCG,0,53,PTM-SEA,0,1,AGC,PKC,ALPHA,PRKCG
PRKCB,-28.534764896598112,35,PTM-SEA,0.5432098765432098,3,AGC,PKC,ALPHA,PRKCB
CDK1,61.93035472996636,15,PTM-SEA,0.8148148148148148,4,CMGC,CDK,CDC2,CDK1
ARAF,49.537686261867066,23,PTM-SEA,0.691358024691358,3,TKL,RAF,RAF,ARAF
PIM1,48.93374305272805,25,PTM-SEA,0.6666666666666666,3,CAMK,PIM,PIM,PIM1
CDK4,-17.19211311091461,40,PTM-SEA,0.48148148148148145,2,CMGC,CDK,CDK4,CDK4
SRC,0,53,PTM-SEA,0,1,TK,SRC,SRCA,SRC
BRAF,49.537686261867066,23,PTM-SEA,0.691358024691358,3,TKL,RAF,RAF,BRAF
PRKCA,36.00109924479361,32,PTM-SEA,0.5802469135802469,3,AGC,PKC,ALPHA,PRKCA
PRKACA,3.823646277212353,52,PTM-SEA,0.2962962962962963,2,AGC,PKA,PKA,PRKACA
PRKACG,36.21031762349348,30,PTM-SEA,0.6049382716049383,3,AGC,PKA,PKA,PRKACG
PRKACB,-10.15831947386571,46,PTM-SEA,0.37037037037037035,2,AGC,PKA,PKA,PRKACB
RPS6KB1,106.40956193659476,4,PTM-SEA,0.9629629629629629,4,AGC,RSK,P70,RPS6KB1
CDK2,6.493272785967982,48,PTM-SEA,0.345679012345679,2,CMGC,CDK,CDC2,CDK2
MAPK3,16.17594009246423,42,PTM-SEA,0.4567901234567901,2,CMGC,MAPK,ERK1,MAPK3
MAPK1,-30.857173297549412,33,PTM-SEA,0.5679012345679012,3,CMGC,MAPK,ERK1,MAPK1
AKT1,48.80035915344104,26,PTM-SEA,0.654320987654321,3,AGC,AKT,AKT,AKT1
AKT2,44.1123942133515,27,PTM-SEA,0.6419753086419753,3,AGC,AKT,AKT,AKT2
MAP3K8,-63.08402902262998,14,PTM-SEA,0.8271604938271605,4,STE,STE-UNIQUE,STE-UNIQUE,MAP3K8
PRKCI,-10.15831947386571,46,PTM-SEA,0.37037037037037035,2,AGC,PKC,IOTA,PRKCI
MTOR,0,53,PTM-SEA,0,1,ATYPICAL,PIKK,FRAP,MTOR
MAPK8,4.841036911680525,49,PTM-SEA,0.3333333333333333,2,CMGC,MAPK,JNK,MAPK8
MAPK9,49.2235648938174,24,PTM-SEA,0.6790123456790124,3,CMGC,MAPK,JNK,MAPK9
CSNK1A1,0,53,PTM-SEA,0,1,CK1,CK1,CK1-A,CSNK1A1
CSNK1D,0,53,PTM-SEA,0,1,CK1,CK1,CK1-D,CSNK1D
MAPKAPK2,-17.11385895735445,41,PTM-SEA,0.4691358024691358,2,CAMK,MAPKAPK,MAPKAPK,MAPKAPK2
GSK3A,0,53,PTM-SEA,0,1,CMGC,GSK,GSK,GSK3A
GSK3B,-21.77296393737915,39,PTM-SEA,0.49382716049382713,2,CMGC,GSK,GSK,GSK3B
CDK7,76.0298245614035,11,PTM-SEA,0.8641975308641975,4,CMGC,CDK,CDK7,CDK7
CDK9,97.17719298245613,6,PTM-SEA,0.9259259259259259,4,CMGC,CDK,CDK9,CDK9
RPS6KA3,88.11186261322977,8,PTM-SEA,0.9012345679012346,4,AGC,RSK,RSK,RPS6KA3
NEK2,0,53,PTM-SEA,0,1,OTHER,NEK,NEK2,NEK2
DAPK1,108.96533037773263,3,PTM-SEA,0.9753086419753086,4,CAMK,DAPK,DAPK,DAPK1
MAPK10,53.87543859649122,18,PTM-SEA,0.7777777777777778,4,CMGC,MAPK,JNK,MAPK10
PRKAA2,100.60811789128904,5,PTM-SEA,0.9506172839506173,4,CAMK,CAMKL,AMPK,PRKAA2
SIK1,52.868421052631575,19,PTM-SEA,0.7654320987654321,4,CAMK,CAMKL,QIK,SIK1
CSNK2A1,65.4130236002729,13,PTM-SEA,0.8395061728395061,4,CMGC,CK2,CK2,CSNK2A1
PRKDC,-10.802558166784882,45,PTM-SEA,0.41975308641975306,2,ATYPICAL,PIKK,DNAPK,PRKDC
ATM,0,53,PTM-SEA,0,1,ATYPICAL,PIKK,ATM,ATM
IKBKE,0,53,PTM-SEA,0,1,OTHER,IKK,IKK,IKBKE
AURKB,-8.331681199175579,47,PTM-SEA,0.35802469135802467,2,OTHER,AUR,AUR,AURKB
CDK3,0,53,PTM-SEA,0,1,CMGC,CDK,CDC2,CDK3
CDK6,97.17719298245613,6,PTM-SEA,0.9259259259259259,4,CMGC,CDK,CDK4,CDK6
CDK5,49.69094924832987,22,PTM-SEA,0.7283950617283951,3,CMGC,CDK,CDK5,CDK5
PRKCE,-10.15831947386571,46,PTM-SEA,0.37037037037037035,2,AGC,PKC,ETA,PRKCE
PRKCQ,-66.67016708891741,12,PTM-SEA,0.8518518518518519,4,AGC,PKC,DELTA,PRKCQ
PRKCZ,96.54691472723142,7,PTM-SEA,0.9135802469135802,4,AGC,PKC,IOTA,PRKCZ
PRKCD,126.08770408540501,2,PTM-SEA,0.9876543209876543,4,AGC,PKC,DELTA,PRKCD
PRKAA1,39.995072494428904,28,PTM-SEA,0.6296296296296297,3,CAMK,CAMKL,AMPK,PRKAA1
PAK1,-4.699210066734038,50,PTM-SEA,0.32098765432098764,2,STE,STE20,PAKA,PAK1
PAK2,136.45087719298243,1,PTM-SEA,1,4,STE,STE20,PAKA,PAK2
PRKG2,11.061307180635819,44,PTM-SEA,0.43209876543209874,2,AGC,PKG,PKG,PRKG2
ROCK1,-61.16571842481109,16,PTM-SEA,0.8024691358024691,4,AGC,DMPK,ROCK,ROCK1
ATR,38.63474974002866,29,PTM-SEA,0.6172839506172839,3,ATYPICAL,PIKK,ATR,ATR
CAMK2G,0,53,PTM-SEA,0,1,CAMK,CAMK2,CAMK2,CAMK2G
DYRK1A,50.16090716192715,20,PTM-SEA,0.7530864197530864,4,CMGC,DYRK,DYRK1,DYRK1A
PRKG1,3.9529955293115755,51,PTM-SEA,0.30864197530864196,2,AGC,PKG,PKG,PRKG1
PRKD1,-54.25902527877429,17,PTM-SEA,0.7901234567901234,4,CAMK,PKD,PKD,PRKD1
RPS6KA2,-26.201582675590117,36,PTM-SEA,0.5308641975308642,3,AGC,RSK,RSK,RPS6KA2
RPS6KA1,82.54775335915345,9,PTM-SEA,0.8888888888888888,4,AGC,RSK,RSK,RPS6KA1
PKN1,25.53830463248725,37,PTM-SEA,0.5185185185185185,3,AGC,PKN,PKN,PKN1
MAPK14,0,53,PTM-SEA,0,1,CMGC,MAPK,P38,MAPK14
PIM3,-10.15831947386571,46,PTM-SEA,0.37037037037037035,2,CAMK,PIM,PIM,PIM3
BRSK2,0,53,PTM-SEA,0,1,CAMK,CAMKL,BRSK,BRSK2
BRSK1,0,53,PTM-SEA,0,1,CAMK,CAMKL,BRSK,BRSK1
DYRK2,0,53,PTM-SEA,0,1,CMGC,DYRK,DYRK2,DYRK2
PASK,0,53,PTM-SEA,0,1,CAMK,CAMKL,PASK,PASK
PRKD2,0,53,PTM-SEA,0,1,CAMK,PKD,PKD,PRKD2
PLK3,0,53,PTM-SEA,0,1,OTHER,PLK,PLK2,PLK3
NEK6,0,53,PTM-SEA,0,1,OTHER,NEK,NEK6,NEK6
PIM2,29.052048553774277,34,PTM-SEA,0.5555555555555556,3,CAMK,PIM,PIM,PIM2
TBK1,0,53,PTM-SEA,0,1,OTHER,IKK,IKK,TBK1
AKT3,49.537686261867066,23,PTM-SEA,0.691358024691358,3,AGC,AKT,AKT,AKT3
AAK1,300,268,KEA3,0.09428571428571429,1,OTHER,NAK,BIKE,AAK1
ABL1,59.333333333333336,37,KEA3,0.8885714285714286,4,TK,ABL,ABL,ABL1
ABL2,154.33333333333334,167,KEA3,0.4228571428571429,2,TK,ABL,ABL,ABL2
ACVR1,64.5,47,KEA3,0.8571428571428571,4,TKL,STKR,TYPE1,ACVR1
ACVR1B,217.5,221,KEA3,0.23714285714285716,1,TKL,STKR,TYPE1,ACVR1B
ACVR2B,211,214,KEA3,0.26,2,TKL,STKR,TYPE2,ACVR2B
AKT1,54.333333333333336,30,KEA3,0.9114285714285715,4,AGC,AKT,AKT,AKT1
AKT2,77.66666666666667,64,KEA3,0.7971428571428572,4,AGC,AKT,AKT,AKT2
AKT3,88,81,KEA3,0.7457142857142857,3,AGC,AKT,AKT,AKT3
ALK,78.5,65,KEA3,0.7942857142857143,4,TK,ALK,ALK,ALK
ARAF,147,160,KEA3,0.44857142857142857,2,TKL,RAF,RAF,ARAF
ATM,120.66666666666667,133,KEA3,0.54,3,ATYPICAL,PIKK,ATM,ATM
ATR,108,109,KEA3,0.6428571428571429,3,ATYPICAL,PIKK,ATR,ATR
AURKA,58.666666666666664,36,KEA3,0.8914285714285715,4,OTHER,AUR,AUR,AURKA
AURKB,71,55,KEA3,0.8257142857142857,4,OTHER,AUR,AUR,AURKB
AURKC,184.5,194,KEA3,0.3342857142857143,2,OTHER,AUR,AUR,AURKC
AXL,170.5,182,KEA3,0.3742857142857143,2,TK,AXL,AXL,AXL
BLK,257.5,237,KEA3,0.18285714285714286,1,TK,SRC,SRCB,BLK
BMP2K,326,290,KEA3,0.03142857142857143,1,OTHER,NAK,BIKE,BMP2K
BMPR1A,147.5,161,KEA3,0.44571428571428573,2,TKL,STKR,TYPE1,BMPR1A
BMPR1B,99,93,KEA3,0.7,3,TKL,STKR,TYPE1,BMPR1B
BMPR2,136.5,151,KEA3,0.48,2,TKL,STKR,TYPE2,BMPR2
BMX,116.33333333333333,124,KEA3,0.58,3,TK,TEC,TEC,BMX
BRAF,87,79,KEA3,0.7514285714285714,4,TKL,RAF,RAF,BRAF
BRSK1,224.66666666666666,226,KEA3,0.22285714285714286,1,CAMK,CAMKL,BRSK,BRSK1
BRSK2,307,275,KEA3,0.07428571428571429,1,CAMK,CAMKL,BRSK,BRSK2
BTK,116.33333333333333,124,KEA3,0.58,3,TK,TEC,TEC,BTK
BUB1,164,179,KEA3,0.38571428571428573,2,OTHER,BUB,BUB,BUB1
CAMK1,174,184,KEA3,0.3657142857142857,2,CAMK,CAMK1,CAMK1,CAMK1
CAMK1D,202,210,KEA3,0.28,2,CAMK,CAMK1,CAMK1,CAMK1D
CAMK2A,39.666666666666664,19,KEA3,0.9485714285714286,4,CAMK,CAMK2,CAMK2,CAMK2A
CAMK2B,112.5,117,KEA3,0.6114285714285714,3,CAMK,CAMK2,CAMK2,CAMK2B
CAMK2D,87.66666666666667,80,KEA3,0.7485714285714286,3,CAMK,CAMK2,CAMK2,CAMK2D
CAMK2G,5,1,KEA3,1,4,CAMK,CAMK2,CAMK2,CAMK2G
CAMK4,92.33333333333333,83,KEA3,0.7371428571428571,3,CAMK,CAMK1,CAMK1,CAMK4
CAMKK1,142.33333333333334,155,KEA3,0.4685714285714286,2,OTHER,CAMKK,META,CAMKK1
CAMKK2,193,203,KEA3,0.3028571428571429,2,OTHER,CAMKK,META,CAMKK2
CDC42BPA,281,254,KEA3,0.13428571428571429,1,AGC,DMPK,GEK,CDC42BPA
CDC7,196.5,207,KEA3,0.2914285714285714,2,OTHER,CDC7,CDC7,CDC7
CDK1,93,85,KEA3,0.7285714285714285,3,CMGC,CDK,CDC2,CDK1
CDK11A,332,294,KEA3,0.02,1,CMGC,CDK,CDK11,CDK11A
CDK11A,332,294,KEA3,0.02,1,NA,NA,NA,CDK11A
CDK12,317,284,KEA3,0.04857142857142857,1,CMGC,CDK,CRK7,CDK12
CDK15,266,243,KEA3,0.1657142857142857,1,CMGC,CDK,PFTAIRE,CDK15
CDK16,230,229,KEA3,0.21428571428571427,1,CMGC,CDK,PCTAIRE,CDK16
CDK18,217,220,KEA3,0.24,1,CMGC,CDK,PCTAIRE,CDK18
CDK19,37,17,KEA3,0.9542857142857143,4,CMGC,CDK,CDK8,CDK19
CDK2,51.666666666666664,29,KEA3,0.9142857142857143,4,CMGC,CDK,CDC2,CDK2
CDK20,290,261,KEA3,0.11428571428571428,1,CMGC,CDK,CCRK,CDK20
CDK3,75.66666666666667,61,KEA3,0.8057142857142857,4,CMGC,CDK,CDC2,CDK3
CDK4,57.333333333333336,34,KEA3,0.8971428571428571,4,CMGC,CDK,CDK4,CDK4
CDK5,105.33333333333333,104,KEA3,0.6657142857142857,3,CMGC,CDK,CDK5,CDK5
CDK6,56.333333333333336,32,KEA3,0.9028571428571428,4,CMGC,CDK,CDK4,CDK6
CDK7,121.66666666666667,134,KEA3,0.5371428571428571,3,CMGC,CDK,CDK7,CDK7
CDK8,120,131,KEA3,0.5514285714285714,3,CMGC,CDK,CDK8,CDK8
CDK9,61.333333333333336,40,KEA3,0.88,4,CMGC,CDK,CDK9,CDK9
CDKL3,304,272,KEA3,0.08285714285714285,1,CMGC,CDKL,CDKL,CDKL3
CDKL5,157.5,172,KEA3,0.4057142857142857,2,CMGC,CDKL,CDKL,CDKL5
CHEK1,46.666666666666664,25,KEA3,0.9285714285714286,4,CAMK,CAMKL,CHK1,CHEK1
CHEK2,105.66666666666667,105,KEA3,0.6628571428571428,3,CAMK,RAD53,RAD53,CHEK2
CHUK,125.66666666666667,142,KEA3,0.5114285714285715,3,OTHER,IKK,IKK,CHUK
CLK1,104.5,102,KEA3,0.6714285714285714,3,CMGC,CLK,CLK,CLK1
CLK2,146,158,KEA3,0.45714285714285713,2,CMGC,CLK,CLK,CLK2
CLK3,208,212,KEA3,0.26857142857142857,2,CMGC,CLK,CLK,CLK3
CLK4,322,288,KEA3,0.037142857142857144,1,CMGC,CLK,CLK,CLK4
CSF1R,334,296,KEA3,0.014285714285714285,1,TK,PDGFR,PDGFR,CSF1R
CSK,114.33333333333333,120,KEA3,0.5971428571428572,3,TK,CSK,CSK,CSK
CSNK1A1,116.66666666666667,125,KEA3,0.5771428571428572,3,CK1,CK1,CK1-A,CSNK1A1
CSNK1A1L,338,300,KEA3,0.002857142857142857,1,CK1,CK1,CK1-A,CSNK1A1L
CSNK1D,83.33333333333333,73,KEA3,0.7714285714285715,4,CK1,CK1,CK1-D,CSNK1D
CSNK1E,103.66666666666667,100,KEA3,0.6771428571428572,3,CK1,CK1,CK1-D,CSNK1E
CSNK1G1,181,191,KEA3,0.34285714285714286,2,CK1,CK1,CK1-G,CSNK1G1
CSNK1G2,155,168,KEA3,0.42,2,CK1,CK1,CK1-G,CSNK1G2
CSNK1G3,261,240,KEA3,0.1742857142857143,1,CK1,CK1,CK1-G,CSNK1G3
CSNK2A1,86.66666666666667,78,KEA3,0.7542857142857143,4,CMGC,CK2,CK2,CSNK2A1
CSNK2A2,132.33333333333334,148,KEA3,0.49142857142857144,2,CMGC,CK2,CK2,CSNK2A2
DAPK1,162,176,KEA3,0.3942857142857143,2,CAMK,DAPK,DAPK,DAPK1
DAPK3,25.666666666666668,10,KEA3,0.9742857142857143,4,CAMK,DAPK,DAPK,DAPK3
DCLK1,202,210,KEA3,0.28,2,CAMK,DCAMKL,DCAMKL,DCLK1
DDR1,62.5,43,KEA3,0.8685714285714285,4,TK,DDR,DDR,DDR1
DDR2,147,160,KEA3,0.44857142857142857,2,TK,DDR,DDR,DDR2
DMPK,262,241,KEA3,0.17142857142857143,1,AGC,DMPK,GEK,DMPK
DYRK1A,91.33333333333333,82,KEA3,0.74,3,CMGC,DYRK,DYRK1,DYRK1A
DYRK1B,40.666666666666664,20,KEA3,0.9457142857142857,4,CMGC,DYRK,DYRK1,DYRK1B
DYRK2,56.333333333333336,32,KEA3,0.9028571428571428,4,CMGC,DYRK,DYRK2,DYRK2
DYRK3,185,195,KEA3,0.32857142857142857,2,CMGC,DYRK,DYRK2,DYRK3
DYRK4,112.5,117,KEA3,0.6114285714285714,3,CMGC,DYRK,DYRK2,DYRK4
EEF2K,221.5,224,KEA3,0.22857142857142856,1,ATYPICAL,ALPHA,EEF2K,EEF2K
EGFR,71.33333333333333,56,KEA3,0.8228571428571428,4,TK,EGFR,EGFR,EGFR
EIF2AK1,316,283,KEA3,0.05142857142857143,1,OTHER,PEK,HRI,EIF2AK1
EIF2AK2,183,192,KEA3,0.34,2,OTHER,PEK,PKR,EIF2AK2
EIF2AK3,336,298,KEA3,0.008571428571428572,1,OTHER,PEK,PEK,EIF2AK3
EPHA2,321,287,KEA3,0.04,1,TK,EPH,EPH,EPHA2
EPHA3,110.5,112,KEA3,0.6342857142857142,3,TK,EPH,EPH,EPHA3
EPHA4,327,291,KEA3,0.02857142857142857,1,TK,EPH,EPH,EPHA4
EPHA8,335,297,KEA3,0.011428571428571429,1,TK,EPH,EPH,EPHA8
EPHB1,323,289,KEA3,0.03428571428571429,1,TK,EPH,EPH,EPHB1
EPHB2,291,262,KEA3,0.11142857142857143,1,TK,EPH,EPH,EPHB2
EPHB3,240,233,KEA3,0.2,1,TK,EPH,EPH,EPHB3
ERBB2,46,24,KEA3,0.9314285714285714,4,TK,EGFR,EGFR,ERBB2
ERBB4,119,129,KEA3,0.5628571428571428,3,TK,EGFR,EGFR,ERBB4
FASTK,233.5,230,KEA3,0.20857142857142857,1,ATYPICAL,FAST,FAST,FASTK
FER,65,48,KEA3,0.8485714285714285,4,TK,FER,FER,FER
FES,269,245,KEA3,0.16,1,TK,FER,FER,FES
FGFR1,118,127,KEA3,0.5714285714285714,3,TK,FGFR,FGFR,FGFR1
FGFR2,170,181,KEA3,0.37714285714285717,2,TK,FGFR,FGFR,FGFR2
FGFR3,107,106,KEA3,0.6542857142857142,3,TK,FGFR,FGFR,FGFR3
FGFR4,92.5,84,KEA3,0.7342857142857143,3,TK,FGFR,FGFR,FGFR4
FGR,32.5,14,KEA3,0.9628571428571429,4,TK,SRC,SRCA,FGR
FLT1,308,276,KEA3,0.07142857142857142,1,TK,VEGFR,VEGFR,FLT1
FLT3,132,147,KEA3,0.4942857142857143,2,TK,PDGFR,PDGFR,FLT3
FLT4,268,244,KEA3,0.16285714285714287,1,TK,VEGFR,VEGFR,FLT4
FRK,194,205,KEA3,0.29714285714285715,2,TK,SRC,FRK,FRK
FYN,60,39,KEA3,0.8828571428571429,4,TK,SRC,SRCA,FYN
GRK1,112,116,KEA3,0.6171428571428571,3,AGC,GRK,GRK,GRK1
GRK2,29.666666666666668,12,KEA3,0.9685714285714285,4,AGC,GRK,BARK,GRK2
GRK3,76,62,KEA3,0.8028571428571428,4,AGC,GRK,BARK,GRK3
GRK5,18,6,KEA3,0.9857142857142858,4,AGC,GRK,GRK,GRK5
GRK6,125.66666666666667,142,KEA3,0.5114285714285715,3,AGC,GRK,GRK,GRK6
GSK3A,64,46,KEA3,0.86,4,CMGC,GSK,GSK,GSK3A
GSK3B,62.666666666666664,44,KEA3,0.8657142857142858,4,CMGC,GSK,GSK,GSK3B
HASPIN,221,223,KEA3,0.23142857142857143,1,OTHER,HASPIN,HASPIN,HASPIN
HCK,105,103,KEA3,0.6685714285714286,3,TK,SRC,SRCB,HCK
HIPK1,82,71,KEA3,0.7771428571428571,4,CMGC,DYRK,HIPK,HIPK1
HIPK2,153.33333333333334,165,KEA3,0.43142857142857144,2,CMGC,DYRK,HIPK,HIPK2
HIPK3,292,263,KEA3,0.10857142857142857,1,CMGC,DYRK,HIPK,HIPK3
HIPK4,65.5,49,KEA3,0.8457142857142858,4,CMGC,DYRK,HIPK,HIPK4
ICK,177,186,KEA3,0.36,2,CMGC,RCK,RCK,CILK1
IGF1R,80.33333333333333,68,KEA3,0.7857142857142857,4,TK,INSR,INSR,IGF1R
IKBKB,114,119,KEA3,0.6028571428571429,3,OTHER,IKK,IKK,IKBKB
IKBKE,102.33333333333333,97,KEA3,0.6885714285714286,3,OTHER,IKK,IKK,IKBKE
ILK,75,59,KEA3,0.8114285714285714,4,TKL,MLK,ILK,ILK
INSR,96.33333333333333,89,KEA3,0.7171428571428572,3,TK,INSR,INSR,INSR
IRAK1,102.5,98,KEA3,0.6857142857142857,3,TKL,IRAK,IRAK,IRAK1
IRAK3,248,235,KEA3,0.18857142857142858,1,TKL,IRAK,IRAK,IRAK3
IRAK4,170,181,KEA3,0.37714285714285717,2,TKL,IRAK,IRAK,IRAK4
ITK,108.33333333333333,110,KEA3,0.64,3,TK,TEC,TEC,ITK
JAK1,109,111,KEA3,0.6371428571428571,3,TK,JAKA,JAKA,JAK1
JAK2,71.66666666666667,57,KEA3,0.82,4,TK,JAKA,JAKA,JAK2
JAK3,160.66666666666666,175,KEA3,0.39714285714285713,2,TK,JAKA,JAKA,JAK3
KDR,302,270,KEA3,0.08857142857142856,1,TK,VEGFR,VEGFR,KDR
KIT,38,18,KEA3,0.9514285714285714,4,TK,PDGFR,PDGFR,KIT
KSR1,65,48,KEA3,0.8485714285714285,4,TKL,RAF,KSR,KSR1
KSR2,282,255,KEA3,0.13142857142857142,1,TKL,RAF,KSR,KSR2
LATS1,195.33333333333334,206,KEA3,0.29428571428571426,2,AGC,NDR,NDR,LATS1
LATS2,58.5,35,KEA3,0.8942857142857142,4,AGC,NDR,NDR,LATS2
LCK,59.666666666666664,38,KEA3,0.8857142857142857,4,TK,SRC,SRCB,LCK
LIMK1,280,253,KEA3,0.13714285714285715,1,TKL,LISK,LIMK,LIMK1
LIMK2,210,213,KEA3,0.26571428571428574,2,TKL,LISK,LIMK,LIMK2
LRRK2,141,153,KEA3,0.4742857142857143,2,TKL,LRRK,LRRK,LRRK2
LYN,104,101,KEA3,0.6742857142857143,3,TK,SRC,SRCB,LYN
MAK,265,242,KEA3,0.16857142857142857,1,CMGC,RCK,RCK,MAK
MAP2K1,123.66666666666667,139,KEA3,0.5228571428571429,3,STE,STE7,MEK1,MAP2K1
MAP2K2,157,171,KEA3,0.4085714285714286,2,STE,STE7,MEK1,MAP2K2
MAP2K3,215,219,KEA3,0.24285714285714285,1,STE,STE7,MEK3,MAP2K3
MAP2K4,154.33333333333334,167,KEA3,0.4228571428571429,2,STE,STE7,MEK4,MAP2K4
MAP2K6,193.66666666666666,204,KEA3,0.3,2,STE,STE7,MEK3,MAP2K6
MAP2K7,155.5,169,KEA3,0.41714285714285715,2,STE,STE7,MEK7,MAP2K7
MAP3K1,258,238,KEA3,0.18,1,STE,STE11,MEKK1,MAP3K1
MAP3K10,270,246,KEA3,0.15714285714285714,1,TKL,MLK,MLK,MAP3K10
MAP3K11,162.33333333333334,177,KEA3,0.3914285714285714,2,TKL,MLK,MLK,MAP3K11
MAP3K13,248,235,KEA3,0.18857142857142858,1,TKL,MLK,LZK,MAP3K13
MAP3K14,113.66666666666667,118,KEA3,0.6085714285714285,3,STE,STE-UNIQUE,STE-UNIQUE,MAP3K14
MAP3K20,41,21,KEA3,0.9428571428571428,4,TKL,MLK,ZAK,MAP3K20
MAP3K3,288,259,KEA3,0.12,1,STE,STE11,MEKK2,MAP3K3
MAP3K4,305,273,KEA3,0.08,1,STE,STE11,MEKK4,MAP3K4
MAP3K5,99,93,KEA3,0.7,3,STE,STE11,ASK,MAP3K5
MAP3K6,208,212,KEA3,0.26857142857142857,2,STE,STE11,ASK,MAP3K6
MAP3K7,134.33333333333334,149,KEA3,0.4857142857142857,2,TKL,MLK,TAK1,MAP3K7
MAP3K8,119.5,130,KEA3,0.5571428571428572,3,STE,STE-UNIQUE,STE-UNIQUE,MAP3K8
MAP4K1,205,211,KEA3,0.27714285714285714,2,STE,STE20,KHS,MAP4K1
MAP4K2,141.5,154,KEA3,0.4714285714285714,2,STE,STE20,KHS,MAP4K2
MAP4K3,157,171,KEA3,0.4085714285714286,2,STE,STE20,KHS,MAP4K3
MAP4K4,311,278,KEA3,0.06571428571428571,1,STE,STE20,MSN,MAP4K4
MAP4K5,111.5,115,KEA3,0.62,3,STE,STE20,KHS,MAP4K5
MAPK1,61.666666666666664,41,KEA3,0.8742857142857143,4,CMGC,MAPK,ERK1,MAPK1
MAPK10,84,75,KEA3,0.7628571428571429,4,CMGC,MAPK,JNK,MAPK10
MAPK11,98,91,KEA3,0.7114285714285714,3,CMGC,MAPK,P38,MAPK11
MAPK12,107.66666666666667,108,KEA3,0.6485714285714286,3,CMGC,MAPK,P38,MAPK12
MAPK13,178,188,KEA3,0.35428571428571426,2,CMGC,MAPK,P38,MAPK13
MAPK14,51.666666666666664,29,KEA3,0.9142857142857143,4,CMGC,MAPK,P38,MAPK14
MAPK15,144,157,KEA3,0.46,2,CMGC,MAPK,ERK7,MAPK15
MAPK3,96,88,KEA3,0.72,3,CMGC,MAPK,ERK1,MAPK3
MAPK6,233.5,230,KEA3,0.20857142857142857,1,CMGC,MAPK,ERK3,MAPK6
MAPK7,99,93,KEA3,0.7,3,CMGC,MAPK,ERK5,MAPK7
MAPK8,76.33333333333333,63,KEA3,0.8,4,CMGC,MAPK,JNK,MAPK8
MAPK9,23.333333333333332,9,KEA3,0.9771428571428571,4,CMGC,MAPK,JNK,MAPK9
MAPKAPK2,65,48,KEA3,0.8485714285714285,4,CAMK,MAPKAPK,MAPKAPK,MAPKAPK2
MAPKAPK3,299,267,KEA3,0.09714285714285714,1,CAMK,MAPKAPK,MAPKAPK,MAPKAPK3
MAPKAPK5,61.666666666666664,41,KEA3,0.8742857142857143,4,CAMK,MAPKAPK,MAPKAPK,MAPKAPK5
MARK2,128.33333333333334,144,KEA3,0.5057142857142857,3,CAMK,CAMKL,MARK,MARK2
MARK3,211.66666666666666,215,KEA3,0.2571428571428571,2,CAMK,CAMKL,MARK,MARK3
MARK4,333,295,KEA3,0.017142857142857144,1,CAMK,CAMKL,MARK,MARK4
MAST1,213,217,KEA3,0.25142857142857145,2,AGC,MAST,MAST,MAST1
MAST2,315,282,KEA3,0.054285714285714284,1,AGC,MAST,MAST,MAST2
MATK,220,222,KEA3,0.2342857142857143,1,TK,CSK,CSK,MATK
MELK,306,274,KEA3,0.07714285714285714,1,CAMK,CAMKL,MELK,MELK
MERTK,22,7,KEA3,0.9828571428571429,4,TK,AXL,AXL,MERTK
MET,120.33333333333333,132,KEA3,0.5457142857142857,3,TK,MET,MET,MET
MKNK1,186.33333333333334,197,KEA3,0.32285714285714284,2,CAMK,MAPKAPK,MNK,MKNK1
MKNK2,222,225,KEA3,0.2257142857142857,1,CAMK,MAPKAPK,MNK,MKNK2
MOK,213.5,218,KEA3,0.24571428571428572,1,CMGC,RCK,RCK,MOK
MOS,303,271,KEA3,0.08571428571428572,1,OTHER,MOS,MOS,MOS
MST1R,188,199,KEA3,0.3171428571428571,2,TK,MET,MET,MST1R
MTOR,107,106,KEA3,0.6542857142857142,3,ATYPICAL,PIKK,FRAP,MTOR
MYLK2,229,228,KEA3,0.21714285714285714,1,CAMK,MLCK,MLCK,MYLK2
MYO3A,273,249,KEA3,0.14857142857142858,1,STE,STE20,NINAC,MYO3A
NEK10,285,257,KEA3,0.12571428571428572,1,OTHER,NEK,NEK10,NEK10
NEK11,314,281,KEA3,0.05714285714285714,1,OTHER,NEK,NEK11,NEK11
NEK2,81.66666666666667,70,KEA3,0.78,4,OTHER,NEK,NEK2,NEK2
NEK3,166,180,KEA3,0.38285714285714284,2,OTHER,NEK,NEK1,NEK3
NEK4,180.5,190,KEA3,0.3457142857142857,2,OTHER,NEK,NEK4,NEK4
NEK6,91.33333333333333,82,KEA3,0.74,3,OTHER,NEK,NEK6,NEK6
NEK8,200,209,KEA3,0.2857142857142857,2,OTHER,NEK,NEK8,NEK8
NEK9,116,123,KEA3,0.5857142857142857,3,OTHER,NEK,NEK8,NEK9
NIM1K,271,247,KEA3,0.15428571428571428,1,CAMK,CAMKL,NIM1,NIM1K
NLK,176.33333333333334,185,KEA3,0.3628571428571429,2,CMGC,MAPK,NMO,NLK
NPR2,119.5,130,KEA3,0.5571428571428572,3,RGC,RGC,RGC,NPR2
NRBP2,227,227,KEA3,0.22,1,OTHER,NRBP,NRBP,NRBP2
NTRK1,70,54,KEA3,0.8285714285714286,4,TK,TRK,TRK,NTRK1
NTRK2,130,145,KEA3,0.5028571428571429,3,TK,TRK,TRK,NTRK2
NTRK3,84,75,KEA3,0.7628571428571429,4,TK,TRK,TRK,NTRK3
NUAK1,163.66666666666666,178,KEA3,0.38857142857142857,2,CAMK,CAMKL,NUAK,NUAK1
NUAK2,294,264,KEA3,0.10571428571428572,1,CAMK,CAMKL,NUAK,NUAK2
OXSR1,273.5,250,KEA3,0.1457142857142857,1,STE,STE20,FRAY,OXSR1
PAK1,97.33333333333333,90,KEA3,0.7142857142857143,3,STE,STE20,PAKA,PAK1
PAK2,122,135,KEA3,0.5342857142857143,3,STE,STE20,PAKA,PAK2
PAK3,67,51,KEA3,0.84,4,STE,STE20,PAKA,PAK3
PAK4,120.33333333333333,132,KEA3,0.5457142857142857,3,STE,STE20,PAKB,PAK4
PAK5,111,114,KEA3,0.6257142857142857,3,STE,STE20,PAKB,PAK5
PAK6,211,214,KEA3,0.26,2,STE,STE20,PAKB,PAK6
PASK,296,266,KEA3,0.1,1,CAMK,CAMKL,PASK,PASK
PBK,184,193,KEA3,0.33714285714285713,2,OTHER,TOPK,TOPK,PBK
PDGFRA,42,22,KEA3,0.94,4,TK,PDGFR,PDGFR,PDGFRA
PDGFRB,131,146,KEA3,0.5,3,TK,PDGFR,PDGFR,PDGFRB
PDIK1L,301,269,KEA3,0.09142857142857143,1,OTHER,NKF4,NKF4,PDIK1L
PDK1,140.5,152,KEA3,0.47714285714285715,2,ATYPICAL,PDHK,PDHK,PDK1
PDPK1,111,114,KEA3,0.6257142857142857,3,AGC,PDK1,PDK1,PDPK1
PIK3CA,126,143,KEA3,0.5085714285714286,3,NA,NA,NA,PIK3CA
PIK3CB,337,299,KEA3,0.005714285714285714,1,NA,NA,NA,PIK3CB
PIK3CG,312,279,KEA3,0.06285714285714286,1,NA,NA,NA,PIK3CG
PIK3R4,68,52,KEA3,0.8371428571428572,4,OTHER,VPS15,VPS15,PIK3R4
PIM1,47.333333333333336,26,KEA3,0.9257142857142857,4,CAMK,PIM,PIM,PIM1
PIM2,23,8,KEA3,0.98,4,CAMK,PIM,PIM,PIM2
PINK1,151,164,KEA3,0.4342857142857143,2,OTHER,NKF2,NKF2,PINK1
PKMYT1,283,256,KEA3,0.12857142857142856,1,OTHER,WEE,WEE,PKMYT1
PKN1,134.33333333333334,149,KEA3,0.4857142857142857,2,AGC,PKN,PKN,PKN1
PLK1,100.33333333333333,94,KEA3,0.6971428571428572,3,OTHER,PLK,PLK1,PLK1
PLK2,153.5,166,KEA3,0.42857142857142855,2,OTHER,PLK,PLK2,PLK2
PLK3,115,121,KEA3,0.5942857142857143,3,OTHER,PLK,PLK2,PLK3
PLK4,132,147,KEA3,0.4942857142857143,2,OTHER,PLK,SAK,PLK4
PNCK,174,184,KEA3,0.3657142857142857,2,CAMK,CAMK1,CAMK1,PNCK
PRKAA1,30,13,KEA3,0.9657142857142857,4,CAMK,CAMKL,AMPK,PRKAA1
PRKAA2,103.33333333333333,99,KEA3,0.68,3,CAMK,CAMKL,AMPK,PRKAA2
PRKACA,57,33,KEA3,0.9,4,AGC,PKA,PKA,PRKACA
PRKACB,248.5,236,KEA3,0.18571428571428572,1,AGC,PKA,PKA,PRKACB
PRKCA,11.666666666666666,3,KEA3,0.9942857142857143,4,AGC,PKC,ALPHA,PRKCA
PRKCB,10,2,KEA3,0.9971428571428571,4,AGC,PKC,ALPHA,PRKCB
PRKCD,78.66666666666667,66,KEA3,0.7914285714285715,4,AGC,PKC,DELTA,PRKCD
PRKCE,114.33333333333333,120,KEA3,0.5971428571428572,3,AGC,PKC,ETA,PRKCE
PRKCG,83.66666666666667,74,KEA3,0.7685714285714286,4,AGC,PKC,ALPHA,PRKCG
PRKCH,100.66666666666667,96,KEA3,0.6914285714285714,3,AGC,PKC,ETA,PRKCH
PRKCI,82.66666666666667,72,KEA3,0.7742857142857142,4,AGC,PKC,IOTA,PRKCI
PRKCQ,84.66666666666667,76,KEA3,0.76,4,AGC,PKC,DELTA,PRKCQ
PRKCZ,93.33333333333333,86,KEA3,0.7257142857142858,3,AGC,PKC,IOTA,PRKCZ
PRKD1,35,16,KEA3,0.9571428571428572,4,CAMK,PKD,PKD,PRKD1
PRKD2,103.33333333333333,99,KEA3,0.68,3,CAMK,PKD,PKD,PRKD2
PRKD3,75,59,KEA3,0.8114285714285714,4,CAMK,PKD,PKD,PRKD3
PRKDC,42.666666666666664,23,KEA3,0.9371428571428572,4,ATYPICAL,PIKK,DNAPK,PRKDC
PRKG1,32.666666666666664,15,KEA3,0.96,4,AGC,PKG,PKG,PRKG1
PRKG2,177.5,187,KEA3,0.35714285714285715,2,AGC,PKG,PKG,PRKG2
PRKX,275,251,KEA3,0.14285714285714285,1,AGC,PKA,PKA,PRKX
PRKY,143,156,KEA3,0.4657142857142857,2,AGC,PKA,PKA,PRKY
PRPF4B,123.5,138,KEA3,0.5257142857142857,3,CMGC,DYRK,PRP4,PRPF4B
PTK2,120.66666666666667,133,KEA3,0.54,3,TK,FAK,FAK,PTK2
PTK2B,98.66666666666667,92,KEA3,0.7085714285714285,3,TK,FAK,FAK,PTK2B
PTK6,62,42,KEA3,0.8714285714285714,4,TK,SRC,SRM,PTK6
PXK,107,106,KEA3,0.6542857142857142,3,OTHER,SLOB,SLOB,PXK
RAF1,124.33333333333333,140,KEA3,0.52,3,TKL,RAF,RAF,RAF1
RET,51,28,KEA3,0.92,4,TK,RET,RET,RET
RIOK1,286,258,KEA3,0.12285714285714286,1,ATYPICAL,RIO,RIO1,RIOK1
RIPK1,193,203,KEA3,0.3028571428571429,2,TKL,RIPK,RIPK,RIPK1
RIPK2,213.5,218,KEA3,0.24571428571428572,1,TKL,RIPK,RIPK,RIPK2
RIPK3,172.5,183,KEA3,0.37142857142857144,2,TKL,RIPK,RIPK,RIPK3
ROCK1,70,54,KEA3,0.8285714285714286,4,AGC,DMPK,ROCK,ROCK1
ROCK2,180,189,KEA3,0.3485714285714286,2,AGC,DMPK,ROCK,ROCK2
RPS6KA1,14.333333333333334,5,KEA3,0.9885714285714285,4,AGC,RSK,RSK,RPS6KA1
RPS6KA2,73.5,58,KEA3,0.8171428571428572,4,AGC,RSK,RSK,RPS6KA2
RPS6KA3,12,4,KEA3,0.9914285714285714,4,AGC,RSK,RSK,RPS6KA3
RPS6KA4,94,87,KEA3,0.7228571428571429,3,AGC,RSK,MSK,RPS6KA4
RPS6KA5,26.666666666666668,11,KEA3,0.9714285714285714,4,AGC,RSK,MSK,RPS6KA5
RPS6KB1,69,53,KEA3,0.8342857142857143,4,AGC,RSK,P70,RPS6KB1
RPS6KB2,110.66666666666667,113,KEA3,0.6314285714285715,3,AGC,RSK,P70,RPS6KB2
RPS6KL1,313,280,KEA3,0.06,1,AGC,RSKL,RSKL,RPS6KL1
SCYL1,328,292,KEA3,0.025714285714285714,1,OTHER,SCY1,SCY1,SCYL1
SCYL2,119,129,KEA3,0.5628571428571428,3,OTHER,SCY1,SCY1,SCYL2
SCYL3,259,239,KEA3,0.17714285714285713,1,OTHER,SCY1,SCY1,SCYL3
SGK1,108,109,KEA3,0.6428571428571429,3,AGC,SGK,SGK,SGK1
SGK2,289,260,KEA3,0.11714285714285715,1,AGC,SGK,SGK,SGK2
SGK3,46,24,KEA3,0.9314285714285714,4,AGC,SGK,SGK,SGK3
SIK1,185,195,KEA3,0.32857142857142857,2,CAMK,CAMKL,QIK,SIK1
SIK2,144,157,KEA3,0.46,2,CAMK,CAMKL,QIK,SIK2
SMG1,330,293,KEA3,0.022857142857142857,1,ATYPICAL,PIKK,SMG1,SMG1
SNRK,192,202,KEA3,0.30857142857142855,2,CAMK,CAMKL,SNRK,SNRK
SRC,66.66666666666667,50,KEA3,0.8428571428571429,4,TK,SRC,SRCA,SRC
SRMS,120,131,KEA3,0.5514285714285714,3,TK,SRC,SRM,SRMS
SRPK1,158.5,174,KEA3,0.4,2,CMGC,SRPK,SRPK,SRPK1
SRPK2,125.5,141,KEA3,0.5171428571428571,3,CMGC,SRPK,SRPK,SRPK2
STK10,276,252,KEA3,0.14,1,STE,STE20,SLK,STK10
STK11,93,85,KEA3,0.7285714285714285,3,CAMK,CAMKL,LKB,STK11
STK16,100.5,95,KEA3,0.6942857142857143,3,OTHER,NAK,MPSK,STK16
STK17A,107.5,107,KEA3,0.6514285714285715,3,CAMK,DAPK,DRAK,STK17A
STK24,187,198,KEA3,0.32,2,STE,STE20,YSK,STK24
STK25,236.5,232,KEA3,0.20285714285714285,1,STE,STE20,YSK,STK25
STK26,235.5,231,KEA3,0.2057142857142857,1,STE,STE20,YSK,STK26
STK3,80,67,KEA3,0.7885714285714286,4,STE,STE20,MST,STK3
STK33,272,248,KEA3,0.15142857142857144,1,CAMK,CAMK-UNIQUE,CAMK-UNIQUE,STK33
STK36,244.5,234,KEA3,0.19714285714285715,1,OTHER,ULK,FUSED,STK36
STK38,191.5,201,KEA3,0.31142857142857144,2,AGC,NDR,NDR,STK38
STK38L,150,162,KEA3,0.44285714285714284,2,AGC,NDR,NDR,STK38L
STK39,123,137,KEA3,0.5285714285714286,3,STE,STE20,FRAY,STK39
STK4,156.5,170,KEA3,0.4142857142857143,2,STE,STE20,MST,STK4
STK40,212,216,KEA3,0.2542857142857143,2,CAMK,SGK495,SGK495,STK40
STYK1,188.5,200,KEA3,0.3142857142857143,2,TK,TK-UNIQUE,TK-UNIQUE,STYK1
SYK,54.666666666666664,31,KEA3,0.9085714285714286,4,TK,SYK,SYK,SYK
TAOK1,309,277,KEA3,0.06857142857142857,1,STE,STE20,TAO,TAOK1
TBK1,63,45,KEA3,0.8628571428571429,4,OTHER,IKK,IKK,TBK1
TEC,111.5,115,KEA3,0.62,3,TK,TEC,TEC,TEC
TEK,319,285,KEA3,0.045714285714285714,1,TK,TIE,TIE,TEK
TESK1,295,265,KEA3,0.10285714285714286,1,TKL,LISK,TESK,TESK1
TESK2,146.5,159,KEA3,0.4542857142857143,2,TKL,LISK,TESK,TESK2
TGFBR1,208,212,KEA3,0.26857142857142857,2,TKL,STKR,TYPE1,TGFBR1
TGFBR2,75.5,60,KEA3,0.8085714285714286,4,TKL,STKR,TYPE2,TGFBR2
TLK1,49,27,KEA3,0.9228571428571428,4,OTHER,TLK,TLK,TLK1
TNIK,320,286,KEA3,0.04285714285714286,1,STE,STE20,MSN,TNIK
TNK2,118.66666666666667,128,KEA3,0.5685714285714286,3,TK,ACK,ACK,TNK2
TNNI3K,117,126,KEA3,0.5742857142857143,3,TKL,MLK,HH498,TNNI3K
TP53RK,339,301,KEA3,0,1,OTHER,BUD32,BUD32,TP53RK
TRIB3,180,189,KEA3,0.3485714285714286,2,CAMK,TRBL,TRBL,TRIB3
TRPM7,151,164,KEA3,0.4342857142857143,2,ATYPICAL,ALPHA,CHAK,TRPM7
TTK,150.33333333333334,163,KEA3,0.44,2,OTHER,TTK,TTK,TTK
TXK,186,196,KEA3,0.32571428571428573,2,TK,TEC,TEC,TXK
TYK2,116,123,KEA3,0.5857142857142857,3,TK,JAKA,JAKA,TYK2
TYRO3,136,150,KEA3,0.4828571428571429,2,TK,AXL,AXL,TYRO3
UHMK1,85.5,77,KEA3,0.7571428571428571,4,OTHER,KIS,KIS,UHMK1
ULK1,198,208,KEA3,0.2885714285714286,2,OTHER,ULK,ULK,ULK1
VRK1,158,173,KEA3,0.40285714285714286,2,CK1,VRK,VRK,VRK1
VRK3,248,235,KEA3,0.18857142857142858,1,CK1,VRK,VRK,VRK3
WEE1,114,119,KEA3,0.6028571428571429,3,OTHER,WEE,WEE,WEE1
WNK1,122.33333333333333,136,KEA3,0.5314285714285715,3,OTHER,WNK,WNK,WNK1
YES1,115.66666666666667,122,KEA3,0.5914285714285714,3,TK,SRC,SRCA,YES1
ZAP70,80.66666666666667,69,KEA3,0.7828571428571428,4,TK,SYK,SYK,ZAP70
DAPK1,1.9005615363782236,3,UKA,0.9841269841269841,4,CAMK,DAPK,DAPK,DAPK1
DAPK3,1.4436974992327127,5,UKA,0.9682539682539683,4,CAMK,DAPK,DAPK,DAPK3
CDKL1,1.4341521813264824,6,UKA,0.9603174603174603,4,CMGC,CDKL,CDKL,CDKL1
PIM1,1.404239313851687,7,UKA,0.9523809523809523,4,CAMK,PIM,PIM,PIM1
PAK1,1.0327516405449382,16,UKA,0.8809523809523809,4,STE,STE20,PAKA,PAK1
ARAF,0.9308501101512217,18,UKA,0.8571428571428571,4,TKL,RAF,RAF,ARAF
PIM3,0.9308501101512217,18,UKA,0.8571428571428571,4,CAMK,PIM,PIM,PIM3
BRAF,0.9246574605843684,19,UKA,0.8492063492063492,4,TKL,RAF,RAF,BRAF
RAF1,0.9101796372157454,20,UKA,0.8412698412698413,4,TKL,RAF,RAF,RAF1
PRKX,0.7602902001006178,27,UKA,0.7857142857142857,4,AGC,PKA,PKA,PRKX
PIM2,0.6899102346316106,28,UKA,0.7777777777777778,4,CAMK,PIM,PIM,PIM2
CDK5,0.658272746839445,29,UKA,0.7698412698412699,4,CMGC,CDK,CDK5,CDK5
NUAK1,0.5283504369085209,37,UKA,0.7063492063492064,3,CAMK,CAMKL,NUAK,NUAK1
CAMK4,0.4719218602575781,44,UKA,0.6507936507936508,3,CAMK,CAMK1,CAMK1,CAMK4
CAMK4,0.4719218602575781,44,UKA,0.6507936507936508,3,OTHER,CAMKK,META,CAMKK1
DAPK2,0.4603418849009244,45,UKA,0.6428571428571429,3,CAMK,DAPK,DAPK,DAPK2
SGK1,0.4011482368745456,51,UKA,0.5952380952380952,3,AGC,SGK,SGK,SGK1
PRKY,0.38899934729495056,52,UKA,0.5873015873015873,3,AGC,PKA,PKA,PRKY
CDK9,0.3798222880810373,57,UKA,0.5476190476190477,3,CMGC,CDK,CDK9,CDK9
CDK6,0.295403401797967,69,UKA,0.4523809523809524,2,CMGC,CDK,CDK4,CDK6
CDK7,0.277599738101881,73,UKA,0.42063492063492064,2,CMGC,CDK,CDK7,CDK7
SGK2,0.26866914855072227,74,UKA,0.4126984126984127,2,AGC,SGK,SGK,SGK2
SGK2,0.26866914855072227,74,UKA,0.4126984126984127,2,AGC,SGK,SGK,SGK3
PLK3,0.22767829327708025,81,UKA,0.35714285714285715,2,OTHER,PLK,PLK2,PLK3
CDK10,0.20439802010582023,85,UKA,0.3253968253968254,2,CMGC,CDK,CDK10,CDK10
ATR,0.19969542244380145,86,UKA,0.31746031746031744,2,ATYPICAL,PIKK,ATR,ATR
TBK1,0.19476020476828929,87,UKA,0.30952380952380953,2,OTHER,IKK,IKK,TBK1
MAPK14,0.1736193542768201,91,UKA,0.2777777777777778,2,CMGC,MAPK,P38,MAPK14
DYRK1A,0.15318657187553864,95,UKA,0.24603174603174602,1,CMGC,DYRK,DYRK1,DYRK1A
CDKL5,0.13435790749769927,100,UKA,0.20634920634920634,1,CMGC,CDKL,CDKL,CDKL5
CDKL2,0.12624683129063102,102,UKA,0.19047619047619047,1,CMGC,CDKL,CDKL,CDKL2
CDK3,0.10568393731556154,104,UKA,0.1746031746031746,1,CMGC,CDK,CDC2,CDK3
MAPKAPK3,0.09442860808193518,107,UKA,0.15079365079365079,1,CAMK,MAPKAPK,MAPKAPK,MAPKAPK3
MAPKAPK2,0.09055095301873337,108,UKA,0.14285714285714285,1,CAMK,MAPKAPK,MAPKAPK,MAPKAPK2
ROCK1,0.0781824757761239,110,UKA,0.12698412698412698,1,AGC,DMPK,ROCK,ROCK1
CDK2,0.07259062407899382,112,UKA,0.1111111111111111,1,CMGC,CDK,CDC2,CDK2
CDK4,0.05848856736559697,118,UKA,0.05555555555555555,1,CMGC,CDK,CDK4,CDK4
ROCK2,0.03891683974568285,120,UKA,0.03968253968253968,1,AGC,DMPK,ROCK,ROCK2
NMO,-2.1433333333333335,1,KRSA,0.9885297184567258,4,CMGC,MAPK,NMO,NLK
STKR,-0.6016666666666667,38,KRSA,0.5130344108446299,3,TKL,STKR,TYPE1,ACVR1
STKR,-0.6016666666666667,38,KRSA,0.5130344108446299,3,TKL,STKR,TYPE1,ACVR1B
STKR,-0.6016666666666667,38,KRSA,0.5130344108446299,3,TKL,STKR,TYPE1,ACVR1C
STKR,-0.6016666666666667,38,KRSA,0.5130344108446299,3,TKL,STKR,TYPE2,ACVR2A
STKR,-0.6016666666666667,38,KRSA,0.5130344108446299,3,TKL,STKR,TYPE2,ACVR2B
STKR,-0.6016666666666667,38,KRSA,0.5130344108446299,3,TKL,STKR,TYPE1,ACVRL1
STKR,-0.6016666666666667,38,KRSA,0.5130344108446299,3,TKL,STKR,TYPE2,AMHR2
STKR,-0.6016666666666667,38,KRSA,0.5130344108446299,3,TKL,STKR,TYPE1,BMPR1A
STKR,-0.6016666666666667,38,KRSA,0.5130344108446299,3,TKL,STKR,TYPE1,BMPR1B
STKR,-0.6016666666666667,38,KRSA,0.5130344108446299,3,TKL,STKR,TYPE2,BMPR2
STKR,-0.6016666666666667,38,KRSA,0.5130344108446299,3,TKL,STKR,TYPE1,TGFBR1
STKR,-0.6016666666666667,38,KRSA,0.5130344108446299,3,TKL,STKR,TYPE2,TGFBR2
STE7,-1.595,2,KRSA,0.9760166840458812,4,STE,STE7,MEK1,MAP2K1
STE7,-1.595,2,KRSA,0.9760166840458812,4,STE,STE7,MEK1,MAP2K2
STE7,-1.595,2,KRSA,0.9760166840458812,4,STE,STE7,MEK3,MAP2K3
STE7,-1.595,2,KRSA,0.9760166840458812,4,STE,STE7,MEK4,MAP2K4
STE7,-1.595,2,KRSA,0.9760166840458812,4,STE,STE7,MEK5,MAP2K5
STE7,-1.595,2,KRSA,0.9760166840458812,4,STE,STE7,MEK3,MAP2K6
STE7,-1.595,2,KRSA,0.9760166840458812,4,STE,STE7,MEK7,MAP2K7
ERK,-1.5791666666666666,3,KRSA,0.9635036496350365,4,CMGC,MAPK,ERK1,MAPK1
ERK,-1.5791666666666666,3,KRSA,0.9635036496350365,4,CMGC,MAPK,ERK7,MAPK15
ERK,-1.5791666666666666,3,KRSA,0.9635036496350365,4,CMGC,MAPK,ERK1,MAPK3
ERK,-1.5791666666666666,3,KRSA,0.9635036496350365,4,CMGC,MAPK,ERK3,MAPK4
ERK,-1.5791666666666666,3,KRSA,0.9635036496350365,4,CMGC,MAPK,ERK3,MAPK6
ERK,-1.5791666666666666,3,KRSA,0.9635036496350365,4,CMGC,MAPK,ERK5,MAPK7
P38,-0.9041666666666668,19,KRSA,0.7632950990615224,4,CMGC,MAPK,P38,MAPK11
P38,-0.9041666666666668,19,KRSA,0.7632950990615224,4,CMGC,MAPK,P38,MAPK12
P38,-0.9041666666666668,19,KRSA,0.7632950990615224,4,CMGC,MAPK,P38,MAPK13
P38,-0.9041666666666668,19,KRSA,0.7632950990615224,4,CMGC,MAPK,P38,MAPK14
JNK,-1.2866666666666666,5,KRSA,0.9384775808133472,4,CMGC,MAPK,JNK,MAPK10
JNK,-1.2866666666666666,5,KRSA,0.9384775808133472,4,CMGC,MAPK,JNK,MAPK8
JNK,-1.2866666666666666,5,KRSA,0.9384775808133472,4,CMGC,MAPK,JNK,MAPK9
PKG,0.9708333333333332,15,KRSA,0.8133472367049009,4,AGC,PKG,PKG,PRKG1
PKG,0.9708333333333332,15,KRSA,0.8133472367049009,4,AGC,PKG,PKG,PRKG2
GRK,-0.4133333333333334,51,KRSA,0.35036496350364965,2,AGC,GRK,GRK,GRK1
GRK,-0.4133333333333334,51,KRSA,0.35036496350364965,2,AGC,GRK,GRK,GRK4
GRK,-0.4133333333333334,51,KRSA,0.35036496350364965,2,AGC,GRK,GRK,GRK5
GRK,-0.4133333333333334,51,KRSA,0.35036496350364965,2,AGC,GRK,GRK,GRK6
GRK,-0.4133333333333334,51,KRSA,0.35036496350364965,2,AGC,GRK,GRK,GRK7
CK1,-0.3175,59,KRSA,0.2502606882168926,2,CK1,CK1,CK1-A,CSNK1A1
CK1,-0.3175,59,KRSA,0.2502606882168926,2,CK1,CK1,CK1-A,CSNK1A1L
CK1,-0.3175,59,KRSA,0.2502606882168926,2,CK1,CK1,CK1-D,CSNK1D
CK1,-0.3175,59,KRSA,0.2502606882168926,2,CK1,CK1,CK1-D,CSNK1E
CK1,-0.3175,59,KRSA,0.2502606882168926,2,CK1,CK1,CK1-G,CSNK1G1
CK1,-0.3175,59,KRSA,0.2502606882168926,2,CK1,CK1,CK1-G,CSNK1G2
CK1,-0.3175,59,KRSA,0.2502606882168926,2,CK1,CK1,CK1-G,CSNK1G3
CK1,-0.3175,59,KRSA,0.2502606882168926,2,CK1,TTBK,TTBK,TTBK1
CK1,-0.3175,59,KRSA,0.2502606882168926,2,CK1,TTBK,TTBK,TTBK2
CK1,-0.3175,59,KRSA,0.2502606882168926,2,CK1,VRK,VRK,VRK3
NEK,-1.1375,11,KRSA,0.8633993743482794,4,OTHER,NEK,NEK11,NEK11
NEK,-1.1375,11,KRSA,0.8633993743482794,4,OTHER,NEK,NEK2,NEK2
NEK,-1.1375,11,KRSA,0.8633993743482794,4,OTHER,NEK,NEK1,NEK3
NEK,-1.1375,11,KRSA,0.8633993743482794,4,OTHER,NEK,NEK4,NEK4
NEK,-1.1375,11,KRSA,0.8633993743482794,4,OTHER,NEK,NEK1,NEK5
NEK,-1.1375,11,KRSA,0.8633993743482794,4,OTHER,NEK,NEK6,NEK6
NEK,-1.1375,11,KRSA,0.8633993743482794,4,OTHER,NEK,NEK6,NEK7
NEK,-1.1375,11,KRSA,0.8633993743482794,4,OTHER,NEK,NEK8,NEK8
NEK,-1.1375,11,KRSA,0.8633993743482794,4,OTHER,NEK,NEK8,NEK9
PLK,-0.5791666666666666,40,KRSA,0.4880083420229406,2,NA,NA,NA,PLK5
PLK,-0.5791666666666666,40,KRSA,0.4880083420229406,2,OTHER,PLK,PLK1,PLK1
PLK,-0.5791666666666666,40,KRSA,0.4880083420229406,2,OTHER,PLK,PLK2,PLK2
PLK,-0.5791666666666666,40,KRSA,0.4880083420229406,2,OTHER,PLK,PLK2,PLK3
PLK,-0.5791666666666666,40,KRSA,0.4880083420229406,2,OTHER,PLK,SAK,PLK4
DYRK,-0.7133333333333334,31,KRSA,0.6006256517205423,3,CMGC,DYRK,DYRK1,DYRK1A
DYRK,-0.7133333333333334,31,KRSA,0.6006256517205423,3,CMGC,DYRK,DYRK1,DYRK1B
DYRK,-0.7133333333333334,31,KRSA,0.6006256517205423,3,CMGC,DYRK,DYRK2,DYRK2
DYRK,-0.7133333333333334,31,KRSA,0.6006256517205423,3,CMGC,DYRK,DYRK2,DYRK3
DYRK,-0.7133333333333334,31,KRSA,0.6006256517205423,3,CMGC,DYRK,DYRK2,DYRK4
DYRK,-0.7133333333333334,31,KRSA,0.6006256517205423,3,CMGC,DYRK,HIPK,HIPK1
DYRK,-0.7133333333333334,31,KRSA,0.6006256517205423,3,CMGC,DYRK,HIPK,HIPK2
DYRK,-0.7133333333333334,31,KRSA,0.6006256517205423,3,CMGC,DYRK,HIPK,HIPK3
DYRK,-0.7133333333333334,31,KRSA,0.6006256517205423,3,CMGC,DYRK,HIPK,HIPK4
DYRK,-0.7133333333333334,31,KRSA,0.6006256517205423,3,CMGC,DYRK,PRP4,PRPF4B
PEK,-1.25,7,KRSA,0.913451511991658,4,OTHER,PEK,HRI,EIF2AK1
PEK,-1.25,7,KRSA,0.913451511991658,4,OTHER,PEK,PKR,EIF2AK2
PEK,-1.25,7,KRSA,0.913451511991658,4,OTHER,PEK,PEK,EIF2AK3
PEK,-1.25,7,KRSA,0.913451511991658,4,OTHER,PEK,GCN2,EIF2AK4
AUR,1.4466666666666668,4,KRSA,0.9509906152241918,4,OTHER,AUR,AUR,AURKA
AUR,1.4466666666666668,4,KRSA,0.9509906152241918,4,OTHER,AUR,AUR,AURKB
AUR,1.4466666666666668,4,KRSA,0.9509906152241918,4,OTHER,AUR,AUR,AURKC
RAD53,0.5133333333333333,41,KRSA,0.4754953076120959,2,CAMK,RAD53,RAD53,CHEK2
QIK,-0.02166666666666665,78,KRSA,0.01251303441084463,1,CAMK,CAMKL,QIK,SIK1
QIK,-0.02166666666666665,78,KRSA,0.01251303441084463,1,CAMK,CAMKL,QIK,SIK2
PKA,1.1333333333333333,12,KRSA,0.8508863399374348,4,AGC,PKA,PKA,PRKACA
PKA,1.1333333333333333,12,KRSA,0.8508863399374348,4,AGC,PKA,PKA,PRKACB
PKA,1.1333333333333333,12,KRSA,0.8508863399374348,4,AGC,PKA,PKA,PRKACG
PKA,1.1333333333333333,12,KRSA,0.8508863399374348,4,AGC,PKA,PKA,PRKX
PKA,1.1333333333333333,12,KRSA,0.8508863399374348,4,AGC,PKA,PKA,PRKY
IKK,-0.4658333333333333,45,KRSA,0.4254431699687174,2,OTHER,IKK,IKK,CHUK
IKK,-0.4658333333333333,45,KRSA,0.4254431699687174,2,OTHER,IKK,IKK,IKBKB
IKK,-0.4658333333333333,45,KRSA,0.4254431699687174,2,OTHER,IKK,IKK,IKBKE
IKK,-0.4658333333333333,45,KRSA,0.4254431699687174,2,OTHER,IKK,IKK,TBK1
RSK,0.6566666666666666,35,KRSA,0.5505735140771637,3,AGC,RSK,RSK,RPS6KA1
RSK,0.6566666666666666,35,KRSA,0.5505735140771637,3,AGC,RSK,RSK,RPS6KA2
RSK,0.6566666666666666,35,KRSA,0.5505735140771637,3,AGC,RSK,RSK,RPS6KA3
RSK,0.6566666666666666,35,KRSA,0.5505735140771637,3,AGC,RSK,MSK,RPS6KA4
RSK,0.6566666666666666,35,KRSA,0.5505735140771637,3,AGC,RSK,MSK,RPS6KA5
RSK,0.6566666666666666,35,KRSA,0.5505735140771637,3,AGC,RSK,RSK,RPS6KA6
RSK,0.6566666666666666,35,KRSA,0.5505735140771637,3,AGC,RSK,P70,RPS6KB1
RSK,0.6566666666666666,35,KRSA,0.5505735140771637,3,AGC,RSK,P70,RPS6KB2
NAK,-1.0233333333333334,13,KRSA,0.8383733055265902,4,OTHER,NAK,BIKE,AAK1
NAK,-1.0233333333333334,13,KRSA,0.8383733055265902,4,OTHER,NAK,BIKE,BMP2K
NAK,-1.0233333333333334,13,KRSA,0.8383733055265902,4,OTHER,NAK,GAK,GAK
NAK,-1.0233333333333334,13,KRSA,0.8383733055265902,4,OTHER,NAK,MPSK,STK16
TLK,-1.0066666666666666,14,KRSA,0.8258602711157456,4,OTHER,TLK,TLK,TLK1
TLK,-1.0066666666666666,14,KRSA,0.8258602711157456,4,OTHER,TLK,TLK,TLK2
PDK1,-1.1775,8,KRSA,0.9009384775808134,4,ATYPICAL,PDHK,PDHK,PDK1
PDK1,-1.1775,8,KRSA,0.9009384775808134,4,AGC,PDK1,PDK1,PDPK1
DAPK,1.274166666666667,6,KRSA,0.9259645464025026,4,CAMK,DAPK,DAPK,DAPK1
DAPK,1.274166666666667,6,KRSA,0.9259645464025026,4,CAMK,DAPK,DAPK,DAPK2
DAPK,1.274166666666667,6,KRSA,0.9259645464025026,4,CAMK,DAPK,DAPK,DAPK3
DAPK,1.274166666666667,6,KRSA,0.9259645464025026,4,CAMK,DAPK,DRAK,STK17A
DAPK,1.274166666666667,6,KRSA,0.9259645464025026,4,CAMK,DAPK,DRAK,STK17B
CDK,-0.7266666666666667,28,KRSA,0.6506777893639207,3,CMGC,CDK,CDC2,CDK1
CDK,-0.7266666666666667,28,KRSA,0.6506777893639207,3,CMGC,CDK,CDK10,CDK10
CDK,-0.7266666666666667,28,KRSA,0.6506777893639207,3,CMGC,CDK,CRK7,CDK12
CDK,-0.7266666666666667,28,KRSA,0.6506777893639207,3,CMGC,CDK,CRK7,CDK13
CDK,-0.7266666666666667,28,KRSA,0.6506777893639207,3,CMGC,CDK,PFTAIRE,CDK14
CDK,-0.7266666666666667,28,KRSA,0.6506777893639207,3,CMGC,CDK,PFTAIRE,CDK15
CDK,-0.7266666666666667,28,KRSA,0.6506777893639207,3,CMGC,CDK,PCTAIRE,CDK16
CDK,-0.7266666666666667,28,KRSA,0.6506777893639207,3,CMGC,CDK,PCTAIRE,CDK17
CDK,-0.7266666666666667,28,KRSA,0.6506777893639207,3,CMGC,CDK,PCTAIRE,CDK18
CDK,-0.7266666666666667,28,KRSA,0.6506777893639207,3,CMGC,CDK,CDK8,CDK19
CDK,-0.7266666666666667,28,KRSA,0.6506777893639207,3,CMGC,CDK,CDC2,CDK2
CDK,-0.7266666666666667,28,KRSA,0.6506777893639207,3,CMGC,CDK,CCRK,CDK20
CDK,-0.7266666666666667,28,KRSA,0.6506777893639207,3,CMGC,CDK,CDC2,CDK3
CDK,-0.7266666666666667,28,KRSA,0.6506777893639207,3,CMGC,CDK,CDK4,CDK4
CDK,-0.7266666666666667,28,KRSA,0.6506777893639207,3,CMGC,CDK,CDK5,CDK5
CDK,-0.7266666666666667,28,KRSA,0.6506777893639207,3,CMGC,CDK,CDK4,CDK6
CDK,-0.7266666666666667,28,KRSA,0.6506777893639207,3,CMGC,CDK,CDK7,CDK7
CDK,-0.7266666666666667,28,KRSA,0.6506777893639207,3,CMGC,CDK,CDK8,CDK8
CDK,-0.7266666666666667,28,KRSA,0.6506777893639207,3,CMGC,CDK,CDK9,CDK9
CDK,-0.7266666666666667,28,KRSA,0.6506777893639207,3,NA,NA,NA,CDK11A
CDK,-0.7266666666666667,28,KRSA,0.6506777893639207,3,NA,NA,NA,CDK11B
ATM,-0.8233333333333334,22,KRSA,0.7257559958289885,3,ATYPICAL,PIKK,ATM,ATM
DMPK,0.7841666666666667,25,KRSA,0.6882168925964547,3,AGC,DMPK,GEK,CDC42BPA
DMPK,0.7841666666666667,25,KRSA,0.6882168925964547,3,AGC,DMPK,GEK,CDC42BPB
DMPK,0.7841666666666667,25,KRSA,0.6882168925964547,3,AGC,DMPK,GEK,CDC42BPG
DMPK,0.7841666666666667,25,KRSA,0.6882168925964547,3,AGC,DMPK,CRIK,CIT
DMPK,0.7841666666666667,25,KRSA,0.6882168925964547,3,AGC,DMPK,GEK,DMPK
DMPK,0.7841666666666667,25,KRSA,0.6882168925964547,3,AGC,DMPK,ROCK,ROCK1
DMPK,0.7841666666666667,25,KRSA,0.6882168925964547,3,AGC,DMPK,ROCK,ROCK2
PKN,-0.4141666666666666,50,KRSA,0.36287799791449427,2,AGC,PKN,PKN,PKN1
PKN,-0.4141666666666666,50,KRSA,0.36287799791449427,2,AGC,PKN,PKN,PKN2
PKN,-0.4141666666666666,50,KRSA,0.36287799791449427,2,AGC,PKN,PKN,PKN3
HAL,0.37,56,KRSA,0.28779979144942647,2,RGC,RGC,RGC,NPR1
PIM,0.5791666666666667,39,KRSA,0.5005213764337852,3,CAMK,PIM,PIM,PIM1
PIM,0.5791666666666667,39,KRSA,0.5005213764337852,3,CAMK,PIM,PIM,PIM2
PIM,0.5791666666666667,39,KRSA,0.5005213764337852,3,CAMK,PIM,PIM,PIM3
TAO,0.16916666666666666,65,KRSA,0.17518248175182483,1,STE,STE20,TAO,TAOK1
TAO,0.16916666666666666,65,KRSA,0.17518248175182483,1,STE,STE20,TAO,TAOK2
TAO,0.16916666666666666,65,KRSA,0.17518248175182483,1,STE,STE20,TAO,TAOK3
AMPK,0.6483333333333333,36,KRSA,0.5380604796663191,3,CAMK,CAMKL,AMPK,PRKAA1
AMPK,0.6483333333333333,36,KRSA,0.5380604796663191,3,CAMK,CAMKL,AMPK,PRKAA2
KHS,0.09166666666666666,74,KRSA,0.06256517205422316,1,STE,STE20,KHS,MAP4K1
KHS,0.09166666666666666,74,KRSA,0.06256517205422316,1,STE,STE20,KHS,MAP4K2
KHS,0.09166666666666666,74,KRSA,0.06256517205422316,1,STE,STE20,KHS,MAP4K3
KHS,0.09166666666666666,74,KRSA,0.06256517205422316,1,STE,STE20,KHS,MAP4K5
ULK,-0.7125,32,KRSA,0.5881126173096975,3,OTHER,ULK,FUSED,STK36
ULK,-0.7125,32,KRSA,0.5881126173096975,3,OTHER,ULK,ULK,ULK1
ULK,-0.7125,32,KRSA,0.5881126173096975,3,OTHER,ULK,ULK,ULK2
ULK,-0.7125,32,KRSA,0.5881126173096975,3,OTHER,ULK,ULK,ULK3
ULK,-0.7125,32,KRSA,0.5881126173096975,3,OTHER,ULK,ULK,ULK4
CLK,-0.715,30,KRSA,0.6131386861313869,3,CMGC,CLK,CLK,CLK1
CLK,-0.715,30,KRSA,0.6131386861313869,3,CMGC,CLK,CLK,CLK2
CLK,-0.715,30,KRSA,0.6131386861313869,3,CMGC,CLK,CLK,CLK3
CLK,-0.715,30,KRSA,0.6131386861313869,3,CMGC,CLK,CLK,CLK4
NIK,-0.725,29,KRSA,0.6256517205422315,3,STE,STE-UNIQUE,STE-UNIQUE,MAP3K14
CK2,-0.6783333333333333,33,KRSA,0.5755995828988529,3,CMGC,CK2,CK2,CSNK2A1
CK2,-0.6783333333333333,33,KRSA,0.5755995828988529,3,CMGC,CK2,CK2,CSNK2A2
CK2,-0.6783333333333333,33,KRSA,0.5755995828988529,3,NA,NA,NA,CSNK2A3
SLK,0.6216666666666667,37,KRSA,0.5255474452554745,3,STE,STE20,SLK,SLK
SLK,0.6216666666666667,37,KRSA,0.5255474452554745,3,STE,STE20,SLK,STK10
MLCK,0.1466666666666667,68,KRSA,0.13764337851929093,1,CAMK,MLCK,MLCK,MYLK
MLCK,0.1466666666666667,68,KRSA,0.13764337851929093,1,CAMK,MLCK,MLCK,MYLK2
MLCK,0.1466666666666667,68,KRSA,0.13764337851929093,1,CAMK,MLCK,MLCK,TTN
PKCI,0.3325000000000001,58,KRSA,0.26277372262773724,2,AGC,PKC,IOTA,PRKCI
PKCI,0.3325000000000001,58,KRSA,0.26277372262773724,2,AGC,PKC,IOTA,PRKCZ
STE11,0.00166666666666666,79,KRSA,0,1,TKL,MLK,TAK1,MAP3K7
STE11,0.00166666666666666,79,KRSA,0,1,STE,STE11,MEKK1,MAP3K1
STE11,0.00166666666666666,79,KRSA,0,1,STE,STE11,ASK,MAP3K15
STE11,0.00166666666666666,79,KRSA,0,1,STE,STE11,MEKK2,MAP3K2
STE11,0.00166666666666666,79,KRSA,0,1,STE,STE11,MEKK2,MAP3K3
STE11,0.00166666666666666,79,KRSA,0,1,STE,STE11,MEKK4,MAP3K4
STE11,0.00166666666666666,79,KRSA,0,1,STE,STE11,ASK,MAP3K5
STE11,0.00166666666666666,79,KRSA,0,1,STE,STE11,ASK,MAP3K6
NDR,0.25583333333333336,63,KRSA,0.20020855057351408,1,AGC,NDR,NDR,LATS1
NDR,0.25583333333333336,63,KRSA,0.20020855057351408,1,AGC,NDR,NDR,LATS2
NDR,0.25583333333333336,63,KRSA,0.20020855057351408,1,AGC,NDR,NDR,STK38
NDR,0.25583333333333336,63,KRSA,0.20020855057351408,1,AGC,NDR,NDR,STK38L
RIPK,1.1483333333333334,9,KRSA,0.8884254431699687,4,TKL,RIPK,RIPK,ANKK1
RIPK,1.1483333333333334,9,KRSA,0.8884254431699687,4,TKL,RIPK,RIPK,RIPK1
RIPK,1.1483333333333334,9,KRSA,0.8884254431699687,4,TKL,RIPK,RIPK,RIPK2
RIPK,1.1483333333333334,9,KRSA,0.8884254431699687,4,TKL,RIPK,RIPK,RIPK3
RIPK,1.1483333333333334,9,KRSA,0.8884254431699687,4,TKL,RIPK,RIPK,RIPK4
PKD,-0.2725,62,KRSA,0.2127215849843587,1,CAMK,PKD,PKD,PRKD1
PKD,-0.2725,62,KRSA,0.2127215849843587,1,CAMK,PKD,PKD,PRKD2
PKD,-0.2725,62,KRSA,0.2127215849843587,1,CAMK,PKD,PKD,PRKD3
WNK,-0.38,55,KRSA,0.30031282586027114,2,OTHER,WNK,WNK,WNK1
WNK,-0.38,55,KRSA,0.30031282586027114,2,OTHER,WNK,WNK,WNK2
WNK,-0.38,55,KRSA,0.30031282586027114,2,OTHER,WNK,WNK,WNK3
WNK,-0.38,55,KRSA,0.30031282586027114,2,OTHER,WNK,WNK,WNK4
MOS,0.6716666666666666,34,KRSA,0.5630865484880083,3,OTHER,MOS,MOS,MOS
CAMKK,0.7991666666666667,24,KRSA,0.7007299270072993,3,OTHER,CAMKK,META,CAMKK1
CAMKK,0.7991666666666667,24,KRSA,0.7007299270072993,3,OTHER,CAMKK,META,CAMKK2
AKT,0.8741666666666666,21,KRSA,0.7382690302398331,3,AGC,AKT,AKT,AKT1
AKT,0.8741666666666666,21,KRSA,0.7382690302398331,3,AGC,AKT,AKT,AKT2
AKT,0.8741666666666666,21,KRSA,0.7382690302398331,3,AGC,AKT,AKT,AKT3
GSK,-0.42833333333333334,49,KRSA,0.3753910323253389,2,CMGC,GSK,GSK,GSK3A
GSK,-0.42833333333333334,49,KRSA,0.3753910323253389,2,CMGC,GSK,GSK,GSK3B
BRSK,-0.38333333333333336,54,KRSA,0.31282586027111575,2,CAMK,CAMKL,BRSK,BRSK1
BRSK,-0.38333333333333336,54,KRSA,0.31282586027111575,2,CAMK,CAMKL,BRSK,BRSK2
BUD32,0.5025,42,KRSA,0.4629822732012513,2,OTHER,BUD32,BUD32,TP53RK
PASK,0.9266666666666666,18,KRSA,0.7758081334723671,4,CAMK,CAMKL,PASK,PASK
LKB,-0.725,29,KRSA,0.6256517205422315,3,CAMK,CAMKL,LKB,STK11
VRK1,-0.06499999999999999,76,KRSA,0.03753910323253389,1,CK1,VRK,VRK,VRK1
RAF,0.03583333333333334,77,KRSA,0.02502606882168926,1,TKL,RAF,RAF,ARAF
RAF,0.03583333333333334,77,KRSA,0.02502606882168926,1,TKL,RAF,RAF,BRAF
RAF,0.03583333333333334,77,KRSA,0.02502606882168926,1,TKL,RAF,KSR,KSR1
RAF,0.03583333333333334,77,KRSA,0.02502606882168926,1,TKL,RAF,KSR,KSR2
RAF,0.03583333333333334,77,KRSA,0.02502606882168926,1,TKL,RAF,RAF,RAF1
PDHK,-0.94,17,KRSA,0.7883211678832117,4,ATYPICAL,PDHK,BCKDK,BCKDK
PDHK,-0.94,17,KRSA,0.7883211678832117,4,ATYPICAL,PDHK,PDHK,PDK2
PDHK,-0.94,17,KRSA,0.7883211678832117,4,ATYPICAL,PDHK,PDHK,PDK3
PDHK,-0.94,17,KRSA,0.7883211678832117,4,ATYPICAL,PDHK,PDHK,PDK4
PHK,0.8925,20,KRSA,0.7507820646506778,4,CAMK,PHK,PHK,PHKG1
PHK,0.8925,20,KRSA,0.7507820646506778,4,CAMK,PHK,PHK,PHKG2
MST,-0.34833333333333333,57,KRSA,0.27528675703858185,2,STE,STE20,MST,STK3
MST,-0.34833333333333333,57,KRSA,0.27528675703858185,2,STE,STE20,MST,STK4
IRAK,-0.38916666666666666,53,KRSA,0.32533889468196037,2,TKL,IRAK,IRAK,IRAK1
IRAK,-0.38916666666666666,53,KRSA,0.32533889468196037,2,TKL,IRAK,IRAK,IRAK2
IRAK,-0.38916666666666666,53,KRSA,0.32533889468196037,2,TKL,IRAK,IRAK,IRAK3
IRAK,-0.38916666666666666,53,KRSA,0.32533889468196037,2,TKL,IRAK,IRAK,IRAK4
PKCH,-0.5,43,KRSA,0.4504692387904067,2,AGC,PKC,ETA,PRKCE
PKCH,-0.5,43,KRSA,0.4504692387904067,2,AGC,PKC,ETA,PRKCH
CAMK1,0.9558333333333332,16,KRSA,0.8008342022940563,4,CAMK,CAMK1,CAMK1,CAMK1
CAMK1,0.9558333333333332,16,KRSA,0.8008342022940563,4,CAMK,CAMK1,CAMK1,CAMK1D
CAMK1,0.9558333333333332,16,KRSA,0.8008342022940563,4,CAMK,CAMK1,CAMK1,CAMK1G
CAMK1,0.9558333333333332,16,KRSA,0.8008342022940563,4,CAMK,CAMK1,CAMK1,CAMK4
CAMK1,0.9558333333333332,16,KRSA,0.8008342022940563,4,CAMK,CAMK1,CAMK1,PNCK
MAPKAPK,0.44416666666666665,48,KRSA,0.38790406673618355,2,CAMK,MAPKAPK,MAPKAPK,MAPKAPK2
MAPKAPK,0.44416666666666665,48,KRSA,0.38790406673618355,2,CAMK,MAPKAPK,MAPKAPK,MAPKAPK3
MAPKAPK,0.44416666666666665,48,KRSA,0.38790406673618355,2,CAMK,MAPKAPK,MAPKAPK,MAPKAPK5
MAPKAPK,0.44416666666666665,48,KRSA,0.38790406673618355,2,CAMK,MAPKAPK,MNK,MKNK1
MAPKAPK,0.44416666666666665,48,KRSA,0.38790406673618355,2,CAMK,MAPKAPK,MNK,MKNK2
PKCD,-0.15416666666666665,66,KRSA,0.16266944734098018,1,AGC,PKC,DELTA,PRKCD
PKCD,-0.15416666666666665,66,KRSA,0.16266944734098018,1,AGC,PKC,DELTA,PRKCQ
ATR,0.08499999999999999,75,KRSA,0.05005213764337852,1,ATYPICAL,PIKK,ATR,ATR
CAMK2,-0.3933333333333333,52,KRSA,0.337851929092805,2,CAMK,CAMK2,CAMK2,CAMK2A
CAMK2,-0.3933333333333333,52,KRSA,0.337851929092805,2,CAMK,CAMK2,CAMK2,CAMK2B
CAMK2,-0.3933333333333333,52,KRSA,0.337851929092805,2,CAMK,CAMK2,CAMK2,CAMK2D
CAMK2,-0.3933333333333333,52,KRSA,0.337851929092805,2,CAMK,CAMK2,CAMK2,CAMK2G
MLK,0.145,69,KRSA,0.1251303441084463,1,TKL,MLK,ILK,ILK
MLK,0.145,69,KRSA,0.1251303441084463,1,TKL,MLK,MLK,MAP3K10
MLK,0.145,69,KRSA,0.1251303441084463,1,TKL,MLK,MLK,MAP3K11
MLK,0.145,69,KRSA,0.1251303441084463,1,TKL,MLK,LZK,MAP3K12
MLK,0.145,69,KRSA,0.1251303441084463,1,TKL,MLK,LZK,MAP3K13
MLK,0.145,69,KRSA,0.1251303441084463,1,TKL,MLK,MLK,MAP3K9
MLK,0.145,69,KRSA,0.1251303441084463,1,TKL,MLK,HH498,TNNI3K
FRAY,-0.755,26,KRSA,0.67570385818561,3,STE,STE20,FRAY,OXSR1
FRAY,-0.755,26,KRSA,0.67570385818561,3,STE,STE20,FRAY,STK39
SGK,0.7408333333333333,27,KRSA,0.6631908237747653,3,AGC,SGK,SGK,SGK1
SGK,0.7408333333333333,27,KRSA,0.6631908237747653,3,AGC,SGK,SGK,SGK2
SGK,0.7408333333333333,27,KRSA,0.6631908237747653,3,AGC,SGK,SGK,SGK3
PAKA,-0.45166666666666666,47,KRSA,0.40041710114702816,2,STE,STE20,PAKA,PAK1
PAKA,-0.45166666666666666,47,KRSA,0.40041710114702816,2,STE,STE20,PAKA,PAK2
PAKA,-0.45166666666666666,47,KRSA,0.40041710114702816,2,STE,STE20,PAKA,PAK3
BARK2,-0.13666666666666666,71,KRSA,0.10010427528675704,1,AGC,GRK,BARK,GRK3
MSN,1.1416666666666666,10,KRSA,0.8759124087591241,4,STE,STE20,MSN,MAP4K4
MSN,1.1416666666666666,10,KRSA,0.8759124087591241,4,STE,STE20,MSN,NRK
MSN,1.1416666666666666,10,KRSA,0.8759124087591241,4,STE,STE20,MSN,TNIK
TTK,-0.1525,67,KRSA,0.15015641293013557,1,OTHER,TTK,TTK,TTK
PAKB,0.10583333333333332,72,KRSA,0.08759124087591241,1,STE,STE20,PAKB,PAK4
PAKB,0.10583333333333332,72,KRSA,0.08759124087591241,1,STE,STE20,PAKB,PAK5
PAKB,0.10583333333333332,72,KRSA,0.08759124087591241,1,STE,STE20,PAKB,PAK6
CHK1,0.31416666666666665,60,KRSA,0.23774765380604795,1,CAMK,CAMKL,CHK1,CHEK1
NUAK,-0.14083333333333334,70,KRSA,0.11261730969760167,1,CAMK,CAMKL,NUAK,NUAK1
NUAK,-0.14083333333333334,70,KRSA,0.11261730969760167,1,CAMK,CAMKL,NUAK,NUAK2
PKCA,0.25333333333333335,64,KRSA,0.18769551616266944,1,AGC,PKC,ALPHA,PRKCA
PKCA,0.25333333333333335,64,KRSA,0.18769551616266944,1,AGC,PKC,ALPHA,PRKCB
PKCA,0.25333333333333335,64,KRSA,0.18769551616266944,1,AGC,PKC,ALPHA,PRKCG
PRKDC,-0.4608333333333333,46,KRSA,0.4129301355578728,2,ATYPICAL,PIKK,DNAPK,PRKDC
COT,0.4683333333333334,44,KRSA,0.43795620437956206,2,STE,STE-UNIQUE,STE-UNIQUE,MAP3K8
MTOR,-0.2791666666666667,61,KRSA,0.22523461939520334,1,ATYPICAL,PIKK,FRAP,MTOR
MELK,-0.09416666666666668,73,KRSA,0.07507820646506778,1,CAMK,CAMKL,MELK,MELK
ERK,-1.5791666666666666,3,KRSA,0.9635036496350365,4,CMGC,MAPK,ERK1,MAPK1
ERK,-1.5791666666666666,3,KRSA,0.9635036496350365,4,CMGC,MAPK,ERK7,MAPK15
ERK,-1.5791666666666666,3,KRSA,0.9635036496350365,4,CMGC,MAPK,ERK1,MAPK3
ERK,-1.5791666666666666,3,KRSA,0.9635036496350365,4,CMGC,MAPK,ERK3,MAPK4
ERK,-1.5791666666666666,3,KRSA,0.9635036496350365,4,CMGC,MAPK,ERK3,MAPK6
ERK,-1.5791666666666666,3,KRSA,0.9635036496350365,4,CMGC,MAPK,ERK5,MAPK7
STE7,-1.595,2,KRSA,0.9760166840458812,4,STE,STE7,MEK1,MAP2K1
STE7,-1.595,2,KRSA,0.9760166840458812,4,STE,STE7,MEK1,MAP2K2
STE7,-1.595,2,KRSA,0.9760166840458812,4,STE,STE7,MEK3,MAP2K3
STE7,-1.595,2,KRSA,0.9760166840458812,4,STE,STE7,MEK4,MAP2K4
STE7,-1.595,2,KRSA,0.9760166840458812,4,STE,STE7,MEK5,MAP2K5
STE7,-1.595,2,KRSA,0.9760166840458812,4,STE,STE7,MEK3,MAP2K6
STE7,-1.595,2,KRSA,0.9760166840458812,4,STE,STE7,MEK7,MAP2K7
NMO,-2.1433333333333335,1,KRSA,0.9885297184567258,4,CMGC,MAPK,NMO,NLK
STKR,-0.6016666666666667,38,KRSA,0.5130344108446299,3,TKL,STKR,TYPE1,ACVR1
STKR,-0.6016666666666667,38,KRSA,0.5130344108446299,3,TKL,STKR,TYPE1,ACVR1B
STKR,-0.6016666666666667,38,KRSA,0.5130344108446299,3,TKL,STKR,TYPE1,ACVR1C
STKR,-0.6016666666666667,38,KRSA,0.5130344108446299,3,TKL,STKR,TYPE2,ACVR2A
STKR,-0.6016666666666667,38,KRSA,0.5130344108446299,3,TKL,STKR,TYPE2,ACVR2B
STKR,-0.6016666666666667,38,KRSA,0.5130344108446299,3,TKL,STKR,TYPE1,ACVRL1
STKR,-0.6016666666666667,38,KRSA,0.5130344108446299,3,TKL,STKR,TYPE2,AMHR2
STKR,-0.6016666666666667,38,KRSA,0.5130344108446299,3,TKL,STKR,TYPE1,BMPR1A
STKR,-0.6016666666666667,38,KRSA,0.5130344108446299,3,TKL,STKR,TYPE1,BMPR1B
STKR,-0.6016666666666667,38,KRSA,0.5130344108446299,3,TKL,STKR,TYPE2,BMPR2
STKR,-0.6016666666666667,38,KRSA,0.5130344108446299,3,TKL,STKR,TYPE1,TGFBR1
STKR,-0.6016666666666667,38,KRSA,0.5130344108446299,3,TKL,STKR,TYPE2,TGFBR2
NEK,-1.1375,11,KRSA,0.8633993743482794,4,OTHER,NEK,NEK11,NEK11
NEK,-1.1375,11,KRSA,0.8633993743482794,4,OTHER,NEK,NEK2,NEK2
NEK,-1.1375,11,KRSA,0.8633993743482794,4,OTHER,NEK,NEK1,NEK3
NEK,-1.1375,11,KRSA,0.8633993743482794,4,OTHER,NEK,NEK4,NEK4
NEK,-1.1375,11,KRSA,0.8633993743482794,4,OTHER,NEK,NEK1,NEK5
NEK,-1.1375,11,KRSA,0.8633993743482794,4,OTHER,NEK,NEK6,NEK6
NEK,-1.1375,11,KRSA,0.8633993743482794,4,OTHER,NEK,NEK6,NEK7
NEK,-1.1375,11,KRSA,0.8633993743482794,4,OTHER,NEK,NEK8,NEK8
NEK,-1.1375,11,KRSA,0.8633993743482794,4,OTHER,NEK,NEK8,NEK9
JNK,-1.2866666666666666,5,KRSA,0.9384775808133472,4,CMGC,MAPK,JNK,MAPK10
JNK,-1.2866666666666666,5,KRSA,0.9384775808133472,4,CMGC,MAPK,JNK,MAPK8
JNK,-1.2866666666666666,5,KRSA,0.9384775808133472,4,CMGC,MAPK,JNK,MAPK9
AUR,1.4466666666666668,4,KRSA,0.9509906152241918,4,OTHER,AUR,AUR,AURKA
AUR,1.4466666666666668,4,KRSA,0.9509906152241918,4,OTHER,AUR,AUR,AURKB
AUR,1.4466666666666668,4,KRSA,0.9509906152241918,4,OTHER,AUR,AUR,AURKC
RAD53,0.5133333333333333,41,KRSA,0.4754953076120959,2,CAMK,RAD53,RAD53,CHEK2
P38,-0.9041666666666668,19,KRSA,0.7632950990615224,4,CMGC,MAPK,P38,MAPK11
P38,-0.9041666666666668,19,KRSA,0.7632950990615224,4,CMGC,MAPK,P38,MAPK12
P38,-0.9041666666666668,19,KRSA,0.7632950990615224,4,CMGC,MAPK,P38,MAPK13
P38,-0.9041666666666668,19,KRSA,0.7632950990615224,4,CMGC,MAPK,P38,MAPK14
GRK,-0.4133333333333334,51,KRSA,0.35036496350364965,2,AGC,GRK,GRK,GRK1
GRK,-0.4133333333333334,51,KRSA,0.35036496350364965,2,AGC,GRK,GRK,GRK4
GRK,-0.4133333333333334,51,KRSA,0.35036496350364965,2,AGC,GRK,GRK,GRK5
GRK,-0.4133333333333334,51,KRSA,0.35036496350364965,2,AGC,GRK,GRK,GRK6
GRK,-0.4133333333333334,51,KRSA,0.35036496350364965,2,AGC,GRK,GRK,GRK7
PLK,-0.5791666666666666,40,KRSA,0.4880083420229406,2,NA,NA,NA,PLK5
PLK,-0.5791666666666666,40,KRSA,0.4880083420229406,2,OTHER,PLK,PLK1,PLK1
PLK,-0.5791666666666666,40,KRSA,0.4880083420229406,2,OTHER,PLK,PLK2,PLK2
PLK,-0.5791666666666666,40,KRSA,0.4880083420229406,2,OTHER,PLK,PLK2,PLK3
PLK,-0.5791666666666666,40,KRSA,0.4880083420229406,2,OTHER,PLK,SAK,PLK4
PKG,0.9708333333333332,15,KRSA,0.8133472367049009,4,AGC,PKG,PKG,PRKG1
PKG,0.9708333333333332,15,KRSA,0.8133472367049009,4,AGC,PKG,PKG,PRKG2
CK1,-0.3175,59,KRSA,0.2502606882168926,2,CK1,CK1,CK1-A,CSNK1A1
CK1,-0.3175,59,KRSA,0.2502606882168926,2,CK1,CK1,CK1-A,CSNK1A1L
CK1,-0.3175,59,KRSA,0.2502606882168926,2,CK1,CK1,CK1-D,CSNK1D
CK1,-0.3175,59,KRSA,0.2502606882168926,2,CK1,CK1,CK1-D,CSNK1E
CK1,-0.3175,59,KRSA,0.2502606882168926,2,CK1,CK1,CK1-G,CSNK1G1
CK1,-0.3175,59,KRSA,0.2502606882168926,2,CK1,CK1,CK1-G,CSNK1G2
CK1,-0.3175,59,KRSA,0.2502606882168926,2,CK1,CK1,CK1-G,CSNK1G3
CK1,-0.3175,59,KRSA,0.2502606882168926,2,CK1,TTBK,TTBK,TTBK1
CK1,-0.3175,59,KRSA,0.2502606882168926,2,CK1,TTBK,TTBK,TTBK2
CK1,-0.3175,59,KRSA,0.2502606882168926,2,CK1,VRK,VRK,VRK3
LKB,-0.725,29,KRSA,0.6256517205422315,3,CAMK,CAMKL,LKB,STK11
DYRK,-0.7133333333333334,31,KRSA,0.6006256517205423,3,CMGC,DYRK,DYRK1,DYRK1A
DYRK,-0.7133333333333334,31,KRSA,0.6006256517205423,3,CMGC,DYRK,DYRK1,DYRK1B
DYRK,-0.7133333333333334,31,KRSA,0.6006256517205423,3,CMGC,DYRK,DYRK2,DYRK2
DYRK,-0.7133333333333334,31,KRSA,0.6006256517205423,3,CMGC,DYRK,DYRK2,DYRK3
DYRK,-0.7133333333333334,31,KRSA,0.6006256517205423,3,CMGC,DYRK,DYRK2,DYRK4
DYRK,-0.7133333333333334,31,KRSA,0.6006256517205423,3,CMGC,DYRK,HIPK,HIPK1
DYRK,-0.7133333333333334,31,KRSA,0.6006256517205423,3,CMGC,DYRK,HIPK,HIPK2
DYRK,-0.7133333333333334,31,KRSA,0.6006256517205423,3,CMGC,DYRK,HIPK,HIPK3
DYRK,-0.7133333333333334,31,KRSA,0.6006256517205423,3,CMGC,DYRK,HIPK,HIPK4
DYRK,-0.7133333333333334,31,KRSA,0.6006256517205423,3,CMGC,DYRK,PRP4,PRPF4B
RSK,0.6566666666666666,35,KRSA,0.5505735140771637,3,AGC,RSK,RSK,RPS6KA1
RSK,0.6566666666666666,35,KRSA,0.5505735140771637,3,AGC,RSK,RSK,RPS6KA2
RSK,0.6566666666666666,35,KRSA,0.5505735140771637,3,AGC,RSK,RSK,RPS6KA3
RSK,0.6566666666666666,35,KRSA,0.5505735140771637,3,AGC,RSK,MSK,RPS6KA4
RSK,0.6566666666666666,35,KRSA,0.5505735140771637,3,AGC,RSK,MSK,RPS6KA5
RSK,0.6566666666666666,35,KRSA,0.5505735140771637,3,AGC,RSK,RSK,RPS6KA6
RSK,0.6566666666666666,35,KRSA,0.5505735140771637,3,AGC,RSK,P70,RPS6KB1
RSK,0.6566666666666666,35,KRSA,0.5505735140771637,3,AGC,RSK,P70,RPS6KB2
PDHK,-0.94,17,KRSA,0.7883211678832117,4,ATYPICAL,PDHK,BCKDK,BCKDK
PDHK,-0.94,17,KRSA,0.7883211678832117,4,ATYPICAL,PDHK,PDHK,PDK2
PDHK,-0.94,17,KRSA,0.7883211678832117,4,ATYPICAL,PDHK,PDHK,PDK3
PDHK,-0.94,17,KRSA,0.7883211678832117,4,ATYPICAL,PDHK,PDHK,PDK4
NAK,-1.0233333333333334,13,KRSA,0.8383733055265902,4,OTHER,NAK,BIKE,AAK1
NAK,-1.0233333333333334,13,KRSA,0.8383733055265902,4,OTHER,NAK,BIKE,BMP2K
NAK,-1.0233333333333334,13,KRSA,0.8383733055265902,4,OTHER,NAK,GAK,GAK
NAK,-1.0233333333333334,13,KRSA,0.8383733055265902,4,OTHER,NAK,MPSK,STK16
IKK,-0.4658333333333333,45,KRSA,0.4254431699687174,2,OTHER,IKK,IKK,CHUK
IKK,-0.4658333333333333,45,KRSA,0.4254431699687174,2,OTHER,IKK,IKK,IKBKB
IKK,-0.4658333333333333,45,KRSA,0.4254431699687174,2,OTHER,IKK,IKK,IKBKE
IKK,-0.4658333333333333,45,KRSA,0.4254431699687174,2,OTHER,IKK,IKK,TBK1
AKT,0.8741666666666666,21,KRSA,0.7382690302398331,3,AGC,AKT,AKT,AKT1
AKT,0.8741666666666666,21,KRSA,0.7382690302398331,3,AGC,AKT,AKT,AKT2
AKT,0.8741666666666666,21,KRSA,0.7382690302398331,3,AGC,AKT,AKT,AKT3
TLK,-1.0066666666666666,14,KRSA,0.8258602711157456,4,OTHER,TLK,TLK,TLK1
TLK,-1.0066666666666666,14,KRSA,0.8258602711157456,4,OTHER,TLK,TLK,TLK2
RAF,0.03583333333333334,77,KRSA,0.02502606882168926,1,TKL,RAF,RAF,ARAF
RAF,0.03583333333333334,77,KRSA,0.02502606882168926,1,TKL,RAF,RAF,BRAF
RAF,0.03583333333333334,77,KRSA,0.02502606882168926,1,TKL,RAF,KSR,KSR1
RAF,0.03583333333333334,77,KRSA,0.02502606882168926,1,TKL,RAF,KSR,KSR2
RAF,0.03583333333333334,77,KRSA,0.02502606882168926,1,TKL,RAF,RAF,RAF1
DAPK,1.274166666666667,6,KRSA,0.9259645464025026,4,CAMK,DAPK,DAPK,DAPK1
DAPK,1.274166666666667,6,KRSA,0.9259645464025026,4,CAMK,DAPK,DAPK,DAPK2
DAPK,1.274166666666667,6,KRSA,0.9259645464025026,4,CAMK,DAPK,DAPK,DAPK3
DAPK,1.274166666666667,6,KRSA,0.9259645464025026,4,CAMK,DAPK,DRAK,STK17A
DAPK,1.274166666666667,6,KRSA,0.9259645464025026,4,CAMK,DAPK,DRAK,STK17B
STE11,0.00166666666666666,79,KRSA,0,1,TKL,MLK,TAK1,MAP3K7
STE11,0.00166666666666666,79,KRSA,0,1,STE,STE11,MEKK1,MAP3K1
STE11,0.00166666666666666,79,KRSA,0,1,STE,STE11,ASK,MAP3K15
STE11,0.00166666666666666,79,KRSA,0,1,STE,STE11,MEKK2,MAP3K2
STE11,0.00166666666666666,79,KRSA,0,1,STE,STE11,MEKK2,MAP3K3
STE11,0.00166666666666666,79,KRSA,0,1,STE,STE11,MEKK4,MAP3K4
STE11,0.00166666666666666,79,KRSA,0,1,STE,STE11,ASK,MAP3K5
STE11,0.00166666666666666,79,KRSA,0,1,STE,STE11,ASK,MAP3K6
PKD,-0.2725,62,KRSA,0.2127215849843587,1,CAMK,PKD,PKD,PRKD1
PKD,-0.2725,62,KRSA,0.2127215849843587,1,CAMK,PKD,PKD,PRKD2
PKD,-0.2725,62,KRSA,0.2127215849843587,1,CAMK,PKD,PKD,PRKD3
PKA,1.1333333333333333,12,KRSA,0.8508863399374348,4,AGC,PKA,PKA,PRKACA
PKA,1.1333333333333333,12,KRSA,0.8508863399374348,4,AGC,PKA,PKA,PRKACB
PKA,1.1333333333333333,12,KRSA,0.8508863399374348,4,AGC,PKA,PKA,PRKACG
PKA,1.1333333333333333,12,KRSA,0.8508863399374348,4,AGC,PKA,PKA,PRKX
PKA,1.1333333333333333,12,KRSA,0.8508863399374348,4,AGC,PKA,PKA,PRKY
GSK,-0.42833333333333334,49,KRSA,0.3753910323253389,2,CMGC,GSK,GSK,GSK3A
GSK,-0.42833333333333334,49,KRSA,0.3753910323253389,2,CMGC,GSK,GSK,GSK3B
PDK1,-1.1775,8,KRSA,0.9009384775808134,4,ATYPICAL,PDHK,PDHK,PDK1
PDK1,-1.1775,8,KRSA,0.9009384775808134,4,AGC,PDK1,PDK1,PDPK1
DMPK,0.7841666666666667,25,KRSA,0.6882168925964547,3,AGC,DMPK,GEK,CDC42BPA
DMPK,0.7841666666666667,25,KRSA,0.6882168925964547,3,AGC,DMPK,GEK,CDC42BPB
DMPK,0.7841666666666667,25,KRSA,0.6882168925964547,3,AGC,DMPK,GEK,CDC42BPG
DMPK,0.7841666666666667,25,KRSA,0.6882168925964547,3,AGC,DMPK,CRIK,CIT
DMPK,0.7841666666666667,25,KRSA,0.6882168925964547,3,AGC,DMPK,GEK,DMPK
DMPK,0.7841666666666667,25,KRSA,0.6882168925964547,3,AGC,DMPK,ROCK,ROCK1
DMPK,0.7841666666666667,25,KRSA,0.6882168925964547,3,AGC,DMPK,ROCK,ROCK2
MST,-0.34833333333333333,57,KRSA,0.27528675703858185,2,STE,STE20,MST,STK3
MST,-0.34833333333333333,57,KRSA,0.27528675703858185,2,STE,STE20,MST,STK4
RIPK,1.1483333333333334,9,KRSA,0.8884254431699687,4,TKL,RIPK,RIPK,ANKK1
RIPK,1.1483333333333334,9,KRSA,0.8884254431699687,4,TKL,RIPK,RIPK,RIPK1
RIPK,1.1483333333333334,9,KRSA,0.8884254431699687,4,TKL,RIPK,RIPK,RIPK2
RIPK,1.1483333333333334,9,KRSA,0.8884254431699687,4,TKL,RIPK,RIPK,RIPK3
RIPK,1.1483333333333334,9,KRSA,0.8884254431699687,4,TKL,RIPK,RIPK,RIPK4
PIM,0.5791666666666667,39,KRSA,0.5005213764337852,3,CAMK,PIM,PIM,PIM1
PIM,0.5791666666666667,39,KRSA,0.5005213764337852,3,CAMK,PIM,PIM,PIM2
PIM,0.5791666666666667,39,KRSA,0.5005213764337852,3,CAMK,PIM,PIM,PIM3
NIK,-0.725,29,KRSA,0.6256517205422315,3,STE,STE-UNIQUE,STE-UNIQUE,MAP3K14
PEK,-1.25,7,KRSA,0.913451511991658,4,OTHER,PEK,HRI,EIF2AK1
PEK,-1.25,7,KRSA,0.913451511991658,4,OTHER,PEK,PKR,EIF2AK2
PEK,-1.25,7,KRSA,0.913451511991658,4,OTHER,PEK,PEK,EIF2AK3
PEK,-1.25,7,KRSA,0.913451511991658,4,OTHER,PEK,GCN2,EIF2AK4
KHS,0.09166666666666666,74,KRSA,0.06256517205422316,1,STE,STE20,KHS,MAP4K1
KHS,0.09166666666666666,74,KRSA,0.06256517205422316,1,STE,STE20,KHS,MAP4K2
KHS,0.09166666666666666,74,KRSA,0.06256517205422316,1,STE,STE20,KHS,MAP4K3
KHS,0.09166666666666666,74,KRSA,0.06256517205422316,1,STE,STE20,KHS,MAP4K5
SLK,0.6216666666666667,37,KRSA,0.5255474452554745,3,STE,STE20,SLK,SLK
SLK,0.6216666666666667,37,KRSA,0.5255474452554745,3,STE,STE20,SLK,STK10
TAO,0.16916666666666666,65,KRSA,0.17518248175182483,1,STE,STE20,TAO,TAOK1
TAO,0.16916666666666666,65,KRSA,0.17518248175182483,1,STE,STE20,TAO,TAOK2
TAO,0.16916666666666666,65,KRSA,0.17518248175182483,1,STE,STE20,TAO,TAOK3
MOS,0.6716666666666666,34,KRSA,0.5630865484880083,3,OTHER,MOS,MOS,MOS
ULK,-0.7125,32,KRSA,0.5881126173096975,3,OTHER,ULK,FUSED,STK36
ULK,-0.7125,32,KRSA,0.5881126173096975,3,OTHER,ULK,ULK,ULK1
ULK,-0.7125,32,KRSA,0.5881126173096975,3,OTHER,ULK,ULK,ULK2
ULK,-0.7125,32,KRSA,0.5881126173096975,3,OTHER,ULK,ULK,ULK3
ULK,-0.7125,32,KRSA,0.5881126173096975,3,OTHER,ULK,ULK,ULK4
WNK,-0.38,55,KRSA,0.30031282586027114,2,OTHER,WNK,WNK,WNK1
WNK,-0.38,55,KRSA,0.30031282586027114,2,OTHER,WNK,WNK,WNK2
WNK,-0.38,55,KRSA,0.30031282586027114,2,OTHER,WNK,WNK,WNK3
WNK,-0.38,55,KRSA,0.30031282586027114,2,OTHER,WNK,WNK,WNK4
BRSK,-0.38333333333333336,54,KRSA,0.31282586027111575,2,CAMK,CAMKL,BRSK,BRSK1
BRSK,-0.38333333333333336,54,KRSA,0.31282586027111575,2,CAMK,CAMKL,BRSK,BRSK2
BUD32,0.5025,42,KRSA,0.4629822732012513,2,OTHER,BUD32,BUD32,TP53RK
CAMKK,0.7991666666666667,24,KRSA,0.7007299270072993,3,OTHER,CAMKK,META,CAMKK1
CAMKK,0.7991666666666667,24,KRSA,0.7007299270072993,3,OTHER,CAMKK,META,CAMKK2
ATM,-0.8233333333333334,22,KRSA,0.7257559958289885,3,ATYPICAL,PIKK,ATM,ATM
CLK,-0.715,30,KRSA,0.6131386861313869,3,CMGC,CLK,CLK,CLK1
CLK,-0.715,30,KRSA,0.6131386861313869,3,CMGC,CLK,CLK,CLK2
CLK,-0.715,30,KRSA,0.6131386861313869,3,CMGC,CLK,CLK,CLK3
CLK,-0.715,30,KRSA,0.6131386861313869,3,CMGC,CLK,CLK,CLK4
MLK,0.145,69,KRSA,0.1251303441084463,1,TKL,MLK,ILK,ILK
MLK,0.145,69,KRSA,0.1251303441084463,1,TKL,MLK,MLK,MAP3K10
MLK,0.145,69,KRSA,0.1251303441084463,1,TKL,MLK,MLK,MAP3K11
MLK,0.145,69,KRSA,0.1251303441084463,1,TKL,MLK,LZK,MAP3K12
MLK,0.145,69,KRSA,0.1251303441084463,1,TKL,MLK,LZK,MAP3K13
MLK,0.145,69,KRSA,0.1251303441084463,1,TKL,MLK,MLK,MAP3K9
MLK,0.145,69,KRSA,0.1251303441084463,1,TKL,MLK,HH498,TNNI3K
PASK,0.9266666666666666,18,KRSA,0.7758081334723671,4,CAMK,CAMKL,PASK,PASK
QIK,-0.02166666666666665,78,KRSA,0.01251303441084463,1,CAMK,CAMKL,QIK,SIK1
QIK,-0.02166666666666665,78,KRSA,0.01251303441084463,1,CAMK,CAMKL,QIK,SIK2
AMPK,0.6483333333333333,36,KRSA,0.5380604796663191,3,CAMK,CAMKL,AMPK,PRKAA1
AMPK,0.6483333333333333,36,KRSA,0.5380604796663191,3,CAMK,CAMKL,AMPK,PRKAA2
CDK,-0.7266666666666667,28,KRSA,0.6506777893639207,3,CMGC,CDK,CDC2,CDK1
CDK,-0.7266666666666667,28,KRSA,0.6506777893639207,3,CMGC,CDK,CDK10,CDK10
CDK,-0.7266666666666667,28,KRSA,0.6506777893639207,3,CMGC,CDK,CRK7,CDK12
CDK,-0.7266666666666667,28,KRSA,0.6506777893639207,3,CMGC,CDK,CRK7,CDK13
CDK,-0.7266666666666667,28,KRSA,0.6506777893639207,3,CMGC,CDK,PFTAIRE,CDK14
CDK,-0.7266666666666667,28,KRSA,0.6506777893639207,3,CMGC,CDK,PFTAIRE,CDK15
CDK,-0.7266666666666667,28,KRSA,0.6506777893639207,3,CMGC,CDK,PCTAIRE,CDK16
CDK,-0.7266666666666667,28,KRSA,0.6506777893639207,3,CMGC,CDK,PCTAIRE,CDK17
CDK,-0.7266666666666667,28,KRSA,0.6506777893639207,3,CMGC,CDK,PCTAIRE,CDK18
CDK,-0.7266666666666667,28,KRSA,0.6506777893639207,3,CMGC,CDK,CDK8,CDK19
CDK,-0.7266666666666667,28,KRSA,0.6506777893639207,3,CMGC,CDK,CDC2,CDK2
CDK,-0.7266666666666667,28,KRSA,0.6506777893639207,3,CMGC,CDK,CCRK,CDK20
CDK,-0.7266666666666667,28,KRSA,0.6506777893639207,3,CMGC,CDK,CDC2,CDK3
CDK,-0.7266666666666667,28,KRSA,0.6506777893639207,3,CMGC,CDK,CDK4,CDK4
CDK,-0.7266666666666667,28,KRSA,0.6506777893639207,3,CMGC,CDK,CDK5,CDK5
CDK,-0.7266666666666667,28,KRSA,0.6506777893639207,3,CMGC,CDK,CDK4,CDK6
CDK,-0.7266666666666667,28,KRSA,0.6506777893639207,3,CMGC,CDK,CDK7,CDK7
CDK,-0.7266666666666667,28,KRSA,0.6506777893639207,3,CMGC,CDK,CDK8,CDK8
CDK,-0.7266666666666667,28,KRSA,0.6506777893639207,3,CMGC,CDK,CDK9,CDK9
CDK,-0.7266666666666667,28,KRSA,0.6506777893639207,3,NA,NA,NA,CDK11A
CDK,-0.7266666666666667,28,KRSA,0.6506777893639207,3,NA,NA,NA,CDK11B
PHK,0.8925,20,KRSA,0.7507820646506778,4,CAMK,PHK,PHK,PHKG1
PHK,0.8925,20,KRSA,0.7507820646506778,4,CAMK,PHK,PHK,PHKG2
MAPKAPK,0.44416666666666665,48,KRSA,0.38790406673618355,2,CAMK,MAPKAPK,MAPKAPK,MAPKAPK2
MAPKAPK,0.44416666666666665,48,KRSA,0.38790406673618355,2,CAMK,MAPKAPK,MAPKAPK,MAPKAPK3
MAPKAPK,0.44416666666666665,48,KRSA,0.38790406673618355,2,CAMK,MAPKAPK,MAPKAPK,MAPKAPK5
MAPKAPK,0.44416666666666665,48,KRSA,0.38790406673618355,2,CAMK,MAPKAPK,MNK,MKNK1
MAPKAPK,0.44416666666666665,48,KRSA,0.38790406673618355,2,CAMK,MAPKAPK,MNK,MKNK2
CAMK2,-0.3933333333333333,52,KRSA,0.337851929092805,2,CAMK,CAMK2,CAMK2,CAMK2A
CAMK2,-0.3933333333333333,52,KRSA,0.337851929092805,2,CAMK,CAMK2,CAMK2,CAMK2B
CAMK2,-0.3933333333333333,52,KRSA,0.337851929092805,2,CAMK,CAMK2,CAMK2,CAMK2D
CAMK2,-0.3933333333333333,52,KRSA,0.337851929092805,2,CAMK,CAMK2,CAMK2,CAMK2G
CK2,-0.6783333333333333,33,KRSA,0.5755995828988529,3,CMGC,CK2,CK2,CSNK2A1
CK2,-0.6783333333333333,33,KRSA,0.5755995828988529,3,CMGC,CK2,CK2,CSNK2A2
CK2,-0.6783333333333333,33,KRSA,0.5755995828988529,3,NA,NA,NA,CSNK2A3
IRAK,-0.38916666666666666,53,KRSA,0.32533889468196037,2,TKL,IRAK,IRAK,IRAK1
IRAK,-0.38916666666666666,53,KRSA,0.32533889468196037,2,TKL,IRAK,IRAK,IRAK2
IRAK,-0.38916666666666666,53,KRSA,0.32533889468196037,2,TKL,IRAK,IRAK,IRAK3
IRAK,-0.38916666666666666,53,KRSA,0.32533889468196037,2,TKL,IRAK,IRAK,IRAK4
PKCH,-0.5,43,KRSA,0.4504692387904067,2,AGC,PKC,ETA,PRKCE
PKCH,-0.5,43,KRSA,0.4504692387904067,2,AGC,PKC,ETA,PRKCH
BARK2,-0.13666666666666666,71,KRSA,0.10010427528675704,1,AGC,GRK,BARK,GRK3
PKCA,0.25333333333333335,64,KRSA,0.18769551616266944,1,AGC,PKC,ALPHA,PRKCA
PKCA,0.25333333333333335,64,KRSA,0.18769551616266944,1,AGC,PKC,ALPHA,PRKCB
PKCA,0.25333333333333335,64,KRSA,0.18769551616266944,1,AGC,PKC,ALPHA,PRKCG
SGK,0.7408333333333333,27,KRSA,0.6631908237747653,3,AGC,SGK,SGK,SGK1
SGK,0.7408333333333333,27,KRSA,0.6631908237747653,3,AGC,SGK,SGK,SGK2
SGK,0.7408333333333333,27,KRSA,0.6631908237747653,3,AGC,SGK,SGK,SGK3
VRK1,-0.06499999999999999,76,KRSA,0.03753910323253389,1,CK1,VRK,VRK,VRK1
NDR,0.25583333333333336,63,KRSA,0.20020855057351408,1,AGC,NDR,NDR,LATS1
NDR,0.25583333333333336,63,KRSA,0.20020855057351408,1,AGC,NDR,NDR,LATS2
NDR,0.25583333333333336,63,KRSA,0.20020855057351408,1,AGC,NDR,NDR,STK38
NDR,0.25583333333333336,63,KRSA,0.20020855057351408,1,AGC,NDR,NDR,STK38L
MLCK,0.1466666666666667,68,KRSA,0.13764337851929093,1,CAMK,MLCK,MLCK,MYLK
MLCK,0.1466666666666667,68,KRSA,0.13764337851929093,1,CAMK,MLCK,MLCK,MYLK2
MLCK,0.1466666666666667,68,KRSA,0.13764337851929093,1,CAMK,MLCK,MLCK,TTN
MELK,-0.09416666666666668,73,KRSA,0.07507820646506778,1,CAMK,CAMKL,MELK,MELK
FRAY,-0.755,26,KRSA,0.67570385818561,3,STE,STE20,FRAY,OXSR1
FRAY,-0.755,26,KRSA,0.67570385818561,3,STE,STE20,FRAY,STK39
COT,0.4683333333333334,44,KRSA,0.43795620437956206,2,STE,STE-UNIQUE,STE-UNIQUE,MAP3K8
ATR,0.08499999999999999,75,KRSA,0.05005213764337852,1,ATYPICAL,PIKK,ATR,ATR
PKCD,-0.15416666666666665,66,KRSA,0.16266944734098018,1,AGC,PKC,DELTA,PRKCD
PKCD,-0.15416666666666665,66,KRSA,0.16266944734098018,1,AGC,PKC,DELTA,PRKCQ
CAMK1,0.9558333333333332,16,KRSA,0.8008342022940563,4,CAMK,CAMK1,CAMK1,CAMK1
CAMK1,0.9558333333333332,16,KRSA,0.8008342022940563,4,CAMK,CAMK1,CAMK1,CAMK1D
CAMK1,0.9558333333333332,16,KRSA,0.8008342022940563,4,CAMK,CAMK1,CAMK1,CAMK1G
CAMK1,0.9558333333333332,16,KRSA,0.8008342022940563,4,CAMK,CAMK1,CAMK1,CAMK4
CAMK1,0.9558333333333332,16,KRSA,0.8008342022940563,4,CAMK,CAMK1,CAMK1,PNCK
CHK1,0.31416666666666665,60,KRSA,0.23774765380604795,1,CAMK,CAMKL,CHK1,CHEK1
PKCI,0.3325000000000001,58,KRSA,0.26277372262773724,2,AGC,PKC,IOTA,PRKCI
PKCI,0.3325000000000001,58,KRSA,0.26277372262773724,2,AGC,PKC,IOTA,PRKCZ
MTOR,-0.2791666666666667,61,KRSA,0.22523461939520334,1,ATYPICAL,PIKK,FRAP,MTOR
PAKA,-0.45166666666666666,47,KRSA,0.40041710114702816,2,STE,STE20,PAKA,PAK1
PAKA,-0.45166666666666666,47,KRSA,0.40041710114702816,2,STE,STE20,PAKA,PAK2
PAKA,-0.45166666666666666,47,KRSA,0.40041710114702816,2,STE,STE20,PAKA,PAK3
PRKDC,-0.4608333333333333,46,KRSA,0.4129301355578728,2,ATYPICAL,PIKK,DNAPK,PRKDC
HAL,0.37,56,KRSA,0.28779979144942647,2,RGC,RGC,RGC,NPR1
MSN,1.1416666666666666,10,KRSA,0.8759124087591241,4,STE,STE20,MSN,MAP4K4
MSN,1.1416666666666666,10,KRSA,0.8759124087591241,4,STE,STE20,MSN,NRK
MSN,1.1416666666666666,10,KRSA,0.8759124087591241,4,STE,STE20,MSN,TNIK
PKN,-0.4141666666666666,50,KRSA,0.36287799791449427,2,AGC,PKN,PKN,PKN1
PKN,-0.4141666666666666,50,KRSA,0.36287799791449427,2,AGC,PKN,PKN,PKN2
PKN,-0.4141666666666666,50,KRSA,0.36287799791449427,2,AGC,PKN,PKN,PKN3
PAKB,0.10583333333333332,72,KRSA,0.08759124087591241,1,STE,STE20,PAKB,PAK4
PAKB,0.10583333333333332,72,KRSA,0.08759124087591241,1,STE,STE20,PAKB,PAK5
PAKB,0.10583333333333332,72,KRSA,0.08759124087591241,1,STE,STE20,PAKB,PAK6
TTK,-0.1525,67,KRSA,0.15015641293013557,1,OTHER,TTK,TTK,TTK
NUAK,-0.14083333333333334,70,KRSA,0.11261730969760167,1,CAMK,CAMKL,NUAK,NUAK1
NUAK,-0.14083333333333334,70,KRSA,0.11261730969760167,1,CAMK,CAMKL,NUAK,NUAK2
ERK,-1.5791666666666666,3,KRSA,0.9635036496350365,4,CMGC,MAPK,ERK1,MAPK1
ERK,-1.5791666666666666,3,KRSA,0.9635036496350365,4,CMGC,MAPK,ERK7,MAPK15
ERK,-1.5791666666666666,3,KRSA,0.9635036496350365,4,CMGC,MAPK,ERK1,MAPK3
ERK,-1.5791666666666666,3,KRSA,0.9635036496350365,4,CMGC,MAPK,ERK3,MAPK4
ERK,-1.5791666666666666,3,KRSA,0.9635036496350365,4,CMGC,MAPK,ERK3,MAPK6
ERK,-1.5791666666666666,3,KRSA,0.9635036496350365,4,CMGC,MAPK,ERK5,MAPK7
AUR,1.4466666666666668,4,KRSA,0.9509906152241918,4,OTHER,AUR,AUR,AURKA
AUR,1.4466666666666668,4,KRSA,0.9509906152241918,4,OTHER,AUR,AUR,AURKB
AUR,1.4466666666666668,4,KRSA,0.9509906152241918,4,OTHER,AUR,AUR,AURKC
P38,-0.9041666666666668,19,KRSA,0.7632950990615224,4,CMGC,MAPK,P38,MAPK11
P38,-0.9041666666666668,19,KRSA,0.7632950990615224,4,CMGC,MAPK,P38,MAPK12
P38,-0.9041666666666668,19,KRSA,0.7632950990615224,4,CMGC,MAPK,P38,MAPK13
P38,-0.9041666666666668,19,KRSA,0.7632950990615224,4,CMGC,MAPK,P38,MAPK14
JNK,-1.2866666666666666,5,KRSA,0.9384775808133472,4,CMGC,MAPK,JNK,MAPK10
JNK,-1.2866666666666666,5,KRSA,0.9384775808133472,4,CMGC,MAPK,JNK,MAPK8
JNK,-1.2866666666666666,5,KRSA,0.9384775808133472,4,CMGC,MAPK,JNK,MAPK9
STE7,-1.595,2,KRSA,0.9760166840458812,4,STE,STE7,MEK1,MAP2K1
STE7,-1.595,2,KRSA,0.9760166840458812,4,STE,STE7,MEK1,MAP2K2
STE7,-1.595,2,KRSA,0.9760166840458812,4,STE,STE7,MEK3,MAP2K3
STE7,-1.595,2,KRSA,0.9760166840458812,4,STE,STE7,MEK4,MAP2K4
STE7,-1.595,2,KRSA,0.9760166840458812,4,STE,STE7,MEK5,MAP2K5
STE7,-1.595,2,KRSA,0.9760166840458812,4,STE,STE7,MEK3,MAP2K6
STE7,-1.595,2,KRSA,0.9760166840458812,4,STE,STE7,MEK7,MAP2K7
STKR,-0.6016666666666667,38,KRSA,0.5130344108446299,3,TKL,STKR,TYPE1,ACVR1
STKR,-0.6016666666666667,38,KRSA,0.5130344108446299,3,TKL,STKR,TYPE1,ACVR1B
STKR,-0.6016666666666667,38,KRSA,0.5130344108446299,3,TKL,STKR,TYPE1,ACVR1C
STKR,-0.6016666666666667,38,KRSA,0.5130344108446299,3,TKL,STKR,TYPE2,ACVR2A
STKR,-0.6016666666666667,38,KRSA,0.5130344108446299,3,TKL,STKR,TYPE2,ACVR2B
STKR,-0.6016666666666667,38,KRSA,0.5130344108446299,3,TKL,STKR,TYPE1,ACVRL1
STKR,-0.6016666666666667,38,KRSA,0.5130344108446299,3,TKL,STKR,TYPE2,AMHR2
STKR,-0.6016666666666667,38,KRSA,0.5130344108446299,3,TKL,STKR,TYPE1,BMPR1A
STKR,-0.6016666666666667,38,KRSA,0.5130344108446299,3,TKL,STKR,TYPE1,BMPR1B
STKR,-0.6016666666666667,38,KRSA,0.5130344108446299,3,TKL,STKR,TYPE2,BMPR2
STKR,-0.6016666666666667,38,KRSA,0.5130344108446299,3,TKL,STKR,TYPE1,TGFBR1
STKR,-0.6016666666666667,38,KRSA,0.5130344108446299,3,TKL,STKR,TYPE2,TGFBR2
NEK,-1.1375,11,KRSA,0.8633993743482794,4,OTHER,NEK,NEK11,NEK11
NEK,-1.1375,11,KRSA,0.8633993743482794,4,OTHER,NEK,NEK2,NEK2
NEK,-1.1375,11,KRSA,0.8633993743482794,4,OTHER,NEK,NEK1,NEK3
NEK,-1.1375,11,KRSA,0.8633993743482794,4,OTHER,NEK,NEK4,NEK4
NEK,-1.1375,11,KRSA,0.8633993743482794,4,OTHER,NEK,NEK1,NEK5
NEK,-1.1375,11,KRSA,0.8633993743482794,4,OTHER,NEK,NEK6,NEK6
NEK,-1.1375,11,KRSA,0.8633993743482794,4,OTHER,NEK,NEK6,NEK7
NEK,-1.1375,11,KRSA,0.8633993743482794,4,OTHER,NEK,NEK8,NEK8
NEK,-1.1375,11,KRSA,0.8633993743482794,4,OTHER,NEK,NEK8,NEK9
NMO,-2.1433333333333335,1,KRSA,0.9885297184567258,4,CMGC,MAPK,NMO,NLK
PKG,0.9708333333333332,15,KRSA,0.8133472367049009,4,AGC,PKG,PKG,PRKG1
PKG,0.9708333333333332,15,KRSA,0.8133472367049009,4,AGC,PKG,PKG,PRKG2
IKK,-0.4658333333333333,45,KRSA,0.4254431699687174,2,OTHER,IKK,IKK,CHUK
IKK,-0.4658333333333333,45,KRSA,0.4254431699687174,2,OTHER,IKK,IKK,IKBKB
IKK,-0.4658333333333333,45,KRSA,0.4254431699687174,2,OTHER,IKK,IKK,IKBKE
IKK,-0.4658333333333333,45,KRSA,0.4254431699687174,2,OTHER,IKK,IKK,TBK1
PDK1,-1.1775,8,KRSA,0.9009384775808134,4,ATYPICAL,PDHK,PDHK,PDK1
PDK1,-1.1775,8,KRSA,0.9009384775808134,4,AGC,PDK1,PDK1,PDPK1
GRK,-0.4133333333333334,51,KRSA,0.35036496350364965,2,AGC,GRK,GRK,GRK1
GRK,-0.4133333333333334,51,KRSA,0.35036496350364965,2,AGC,GRK,GRK,GRK4
GRK,-0.4133333333333334,51,KRSA,0.35036496350364965,2,AGC,GRK,GRK,GRK5
GRK,-0.4133333333333334,51,KRSA,0.35036496350364965,2,AGC,GRK,GRK,GRK6
GRK,-0.4133333333333334,51,KRSA,0.35036496350364965,2,AGC,GRK,GRK,GRK7
PEK,-1.25,7,KRSA,0.913451511991658,4,OTHER,PEK,HRI,EIF2AK1
PEK,-1.25,7,KRSA,0.913451511991658,4,OTHER,PEK,PKR,EIF2AK2
PEK,-1.25,7,KRSA,0.913451511991658,4,OTHER,PEK,PEK,EIF2AK3
PEK,-1.25,7,KRSA,0.913451511991658,4,OTHER,PEK,GCN2,EIF2AK4
PDHK,-0.94,17,KRSA,0.7883211678832117,4,ATYPICAL,PDHK,BCKDK,BCKDK
PDHK,-0.94,17,KRSA,0.7883211678832117,4,ATYPICAL,PDHK,PDHK,PDK2
PDHK,-0.94,17,KRSA,0.7883211678832117,4,ATYPICAL,PDHK,PDHK,PDK3
PDHK,-0.94,17,KRSA,0.7883211678832117,4,ATYPICAL,PDHK,PDHK,PDK4
ATM,-0.8233333333333334,22,KRSA,0.7257559958289885,3,ATYPICAL,PIKK,ATM,ATM
CK1,-0.3175,59,KRSA,0.2502606882168926,2,CK1,CK1,CK1-A,CSNK1A1
CK1,-0.3175,59,KRSA,0.2502606882168926,2,CK1,CK1,CK1-A,CSNK1A1L
CK1,-0.3175,59,KRSA,0.2502606882168926,2,CK1,CK1,CK1-D,CSNK1D
CK1,-0.3175,59,KRSA,0.2502606882168926,2,CK1,CK1,CK1-D,CSNK1E
CK1,-0.3175,59,KRSA,0.2502606882168926,2,CK1,CK1,CK1-G,CSNK1G1
CK1,-0.3175,59,KRSA,0.2502606882168926,2,CK1,CK1,CK1-G,CSNK1G2
CK1,-0.3175,59,KRSA,0.2502606882168926,2,CK1,CK1,CK1-G,CSNK1G3
CK1,-0.3175,59,KRSA,0.2502606882168926,2,CK1,TTBK,TTBK,TTBK1
CK1,-0.3175,59,KRSA,0.2502606882168926,2,CK1,TTBK,TTBK,TTBK2
CK1,-0.3175,59,KRSA,0.2502606882168926,2,CK1,VRK,VRK,VRK3
AKT,0.8741666666666666,21,KRSA,0.7382690302398331,3,AGC,AKT,AKT,AKT1
AKT,0.8741666666666666,21,KRSA,0.7382690302398331,3,AGC,AKT,AKT,AKT2
AKT,0.8741666666666666,21,KRSA,0.7382690302398331,3,AGC,AKT,AKT,AKT3
DYRK,-0.7133333333333334,31,KRSA,0.6006256517205423,3,CMGC,DYRK,DYRK1,DYRK1A
DYRK,-0.7133333333333334,31,KRSA,0.6006256517205423,3,CMGC,DYRK,DYRK1,DYRK1B
DYRK,-0.7133333333333334,31,KRSA,0.6006256517205423,3,CMGC,DYRK,DYRK2,DYRK2
DYRK,-0.7133333333333334,31,KRSA,0.6006256517205423,3,CMGC,DYRK,DYRK2,DYRK3
DYRK,-0.7133333333333334,31,KRSA,0.6006256517205423,3,CMGC,DYRK,DYRK2,DYRK4
DYRK,-0.7133333333333334,31,KRSA,0.6006256517205423,3,CMGC,DYRK,HIPK,HIPK1
DYRK,-0.7133333333333334,31,KRSA,0.6006256517205423,3,CMGC,DYRK,HIPK,HIPK2
DYRK,-0.7133333333333334,31,KRSA,0.6006256517205423,3,CMGC,DYRK,HIPK,HIPK3
DYRK,-0.7133333333333334,31,KRSA,0.6006256517205423,3,CMGC,DYRK,HIPK,HIPK4
DYRK,-0.7133333333333334,31,KRSA,0.6006256517205423,3,CMGC,DYRK,PRP4,PRPF4B
LKB,-0.725,29,KRSA,0.6256517205422315,3,CAMK,CAMKL,LKB,STK11
CDK,-0.7266666666666667,28,KRSA,0.6506777893639207,3,CMGC,CDK,CDC2,CDK1
CDK,-0.7266666666666667,28,KRSA,0.6506777893639207,3,CMGC,CDK,CDK10,CDK10
CDK,-0.7266666666666667,28,KRSA,0.6506777893639207,3,CMGC,CDK,CRK7,CDK12
CDK,-0.7266666666666667,28,KRSA,0.6506777893639207,3,CMGC,CDK,CRK7,CDK13
CDK,-0.7266666666666667,28,KRSA,0.6506777893639207,3,CMGC,CDK,PFTAIRE,CDK14
CDK,-0.7266666666666667,28,KRSA,0.6506777893639207,3,CMGC,CDK,PFTAIRE,CDK15
CDK,-0.7266666666666667,28,KRSA,0.6506777893639207,3,CMGC,CDK,PCTAIRE,CDK16
CDK,-0.7266666666666667,28,KRSA,0.6506777893639207,3,CMGC,CDK,PCTAIRE,CDK17
CDK,-0.7266666666666667,28,KRSA,0.6506777893639207,3,CMGC,CDK,PCTAIRE,CDK18
CDK,-0.7266666666666667,28,KRSA,0.6506777893639207,3,CMGC,CDK,CDK8,CDK19
CDK,-0.7266666666666667,28,KRSA,0.6506777893639207,3,CMGC,CDK,CDC2,CDK2
CDK,-0.7266666666666667,28,KRSA,0.6506777893639207,3,CMGC,CDK,CCRK,CDK20
CDK,-0.7266666666666667,28,KRSA,0.6506777893639207,3,CMGC,CDK,CDC2,CDK3
CDK,-0.7266666666666667,28,KRSA,0.6506777893639207,3,CMGC,CDK,CDK4,CDK4
CDK,-0.7266666666666667,28,KRSA,0.6506777893639207,3,CMGC,CDK,CDK5,CDK5
CDK,-0.7266666666666667,28,KRSA,0.6506777893639207,3,CMGC,CDK,CDK4,CDK6
CDK,-0.7266666666666667,28,KRSA,0.6506777893639207,3,CMGC,CDK,CDK7,CDK7
CDK,-0.7266666666666667,28,KRSA,0.6506777893639207,3,CMGC,CDK,CDK8,CDK8
CDK,-0.7266666666666667,28,KRSA,0.6506777893639207,3,CMGC,CDK,CDK9,CDK9
CDK,-0.7266666666666667,28,KRSA,0.6506777893639207,3,NA,NA,NA,CDK11A
CDK,-0.7266666666666667,28,KRSA,0.6506777893639207,3,NA,NA,NA,CDK11B
MELK,-0.09416666666666668,73,KRSA,0.07507820646506778,1,CAMK,CAMKL,MELK,MELK
RSK,0.6566666666666666,35,KRSA,0.5505735140771637,3,AGC,RSK,RSK,RPS6KA1
RSK,0.6566666666666666,35,KRSA,0.5505735140771637,3,AGC,RSK,RSK,RPS6KA2
RSK,0.6566666666666666,35,KRSA,0.5505735140771637,3,AGC,RSK,RSK,RPS6KA3
RSK,0.6566666666666666,35,KRSA,0.5505735140771637,3,AGC,RSK,MSK,RPS6KA4
RSK,0.6566666666666666,35,KRSA,0.5505735140771637,3,AGC,RSK,MSK,RPS6KA5
RSK,0.6566666666666666,35,KRSA,0.5505735140771637,3,AGC,RSK,RSK,RPS6KA6
RSK,0.6566666666666666,35,KRSA,0.5505735140771637,3,AGC,RSK,P70,RPS6KB1
RSK,0.6566666666666666,35,KRSA,0.5505735140771637,3,AGC,RSK,P70,RPS6KB2
MST,-0.34833333333333333,57,KRSA,0.27528675703858185,2,STE,STE20,MST,STK3
MST,-0.34833333333333333,57,KRSA,0.27528675703858185,2,STE,STE20,MST,STK4
PAKA,-0.45166666666666666,47,KRSA,0.40041710114702816,2,STE,STE20,PAKA,PAK1
PAKA,-0.45166666666666666,47,KRSA,0.40041710114702816,2,STE,STE20,PAKA,PAK2
PAKA,-0.45166666666666666,47,KRSA,0.40041710114702816,2,STE,STE20,PAKA,PAK3
PIM,0.5791666666666667,39,KRSA,0.5005213764337852,3,CAMK,PIM,PIM,PIM1
PIM,0.5791666666666667,39,KRSA,0.5005213764337852,3,CAMK,PIM,PIM,PIM2
PIM,0.5791666666666667,39,KRSA,0.5005213764337852,3,CAMK,PIM,PIM,PIM3
MOS,0.6716666666666666,34,KRSA,0.5630865484880083,3,OTHER,MOS,MOS,MOS
CAMKK,0.7991666666666667,24,KRSA,0.7007299270072993,3,OTHER,CAMKK,META,CAMKK1
CAMKK,0.7991666666666667,24,KRSA,0.7007299270072993,3,OTHER,CAMKK,META,CAMKK2
TTK,-0.1525,67,KRSA,0.15015641293013557,1,OTHER,TTK,TTK,TTK
DAPK,1.274166666666667,6,KRSA,0.9259645464025026,4,CAMK,DAPK,DAPK,DAPK1
DAPK,1.274166666666667,6,KRSA,0.9259645464025026,4,CAMK,DAPK,DAPK,DAPK2
DAPK,1.274166666666667,6,KRSA,0.9259645464025026,4,CAMK,DAPK,DAPK,DAPK3
DAPK,1.274166666666667,6,KRSA,0.9259645464025026,4,CAMK,DAPK,DRAK,STK17A
DAPK,1.274166666666667,6,KRSA,0.9259645464025026,4,CAMK,DAPK,DRAK,STK17B
PASK,0.9266666666666666,18,KRSA,0.7758081334723671,4,CAMK,CAMKL,PASK,PASK
PLK,-0.5791666666666666,40,KRSA,0.4880083420229406,2,NA,NA,NA,PLK5
PLK,-0.5791666666666666,40,KRSA,0.4880083420229406,2,OTHER,PLK,PLK1,PLK1
PLK,-0.5791666666666666,40,KRSA,0.4880083420229406,2,OTHER,PLK,PLK2,PLK2
PLK,-0.5791666666666666,40,KRSA,0.4880083420229406,2,OTHER,PLK,PLK2,PLK3
PLK,-0.5791666666666666,40,KRSA,0.4880083420229406,2,OTHER,PLK,SAK,PLK4
NAK,-1.0233333333333334,13,KRSA,0.8383733055265902,4,OTHER,NAK,BIKE,AAK1
NAK,-1.0233333333333334,13,KRSA,0.8383733055265902,4,OTHER,NAK,BIKE,BMP2K
NAK,-1.0233333333333334,13,KRSA,0.8383733055265902,4,OTHER,NAK,GAK,GAK
NAK,-1.0233333333333334,13,KRSA,0.8383733055265902,4,OTHER,NAK,MPSK,STK16
TLK,-1.0066666666666666,14,KRSA,0.8258602711157456,4,OTHER,TLK,TLK,TLK1
TLK,-1.0066666666666666,14,KRSA,0.8258602711157456,4,OTHER,TLK,TLK,TLK2
PKN,-0.4141666666666666,50,KRSA,0.36287799791449427,2,AGC,PKN,PKN,PKN1
PKN,-0.4141666666666666,50,KRSA,0.36287799791449427,2,AGC,PKN,PKN,PKN2
PKN,-0.4141666666666666,50,KRSA,0.36287799791449427,2,AGC,PKN,PKN,PKN3
AMPK,0.6483333333333333,36,KRSA,0.5380604796663191,3,CAMK,CAMKL,AMPK,PRKAA1
AMPK,0.6483333333333333,36,KRSA,0.5380604796663191,3,CAMK,CAMKL,AMPK,PRKAA2
PKD,-0.2725,62,KRSA,0.2127215849843587,1,CAMK,PKD,PKD,PRKD1
PKD,-0.2725,62,KRSA,0.2127215849843587,1,CAMK,PKD,PKD,PRKD2
PKD,-0.2725,62,KRSA,0.2127215849843587,1,CAMK,PKD,PKD,PRKD3
NUAK,-0.14083333333333334,70,KRSA,0.11261730969760167,1,CAMK,CAMKL,NUAK,NUAK1
NUAK,-0.14083333333333334,70,KRSA,0.11261730969760167,1,CAMK,CAMKL,NUAK,NUAK2
RAF,0.03583333333333334,77,KRSA,0.02502606882168926,1,TKL,RAF,RAF,ARAF
RAF,0.03583333333333334,77,KRSA,0.02502606882168926,1,TKL,RAF,RAF,BRAF
RAF,0.03583333333333334,77,KRSA,0.02502606882168926,1,TKL,RAF,KSR,KSR1
RAF,0.03583333333333334,77,KRSA,0.02502606882168926,1,TKL,RAF,KSR,KSR2
RAF,0.03583333333333334,77,KRSA,0.02502606882168926,1,TKL,RAF,RAF,RAF1
PKA,1.1333333333333333,12,KRSA,0.8508863399374348,4,AGC,PKA,PKA,PRKACA
PKA,1.1333333333333333,12,KRSA,0.8508863399374348,4,AGC,PKA,PKA,PRKACB
PKA,1.1333333333333333,12,KRSA,0.8508863399374348,4,AGC,PKA,PKA,PRKACG
PKA,1.1333333333333333,12,KRSA,0.8508863399374348,4,AGC,PKA,PKA,PRKX
PKA,1.1333333333333333,12,KRSA,0.8508863399374348,4,AGC,PKA,PKA,PRKY
BARK2,-0.13666666666666666,71,KRSA,0.10010427528675704,1,AGC,GRK,BARK,GRK3
MLK,0.145,69,KRSA,0.1251303441084463,1,TKL,MLK,ILK,ILK
MLK,0.145,69,KRSA,0.1251303441084463,1,TKL,MLK,MLK,MAP3K10
MLK,0.145,69,KRSA,0.1251303441084463,1,TKL,MLK,MLK,MAP3K11
MLK,0.145,69,KRSA,0.1251303441084463,1,TKL,MLK,LZK,MAP3K12
MLK,0.145,69,KRSA,0.1251303441084463,1,TKL,MLK,LZK,MAP3K13
MLK,0.145,69,KRSA,0.1251303441084463,1,TKL,MLK,MLK,MAP3K9
MLK,0.145,69,KRSA,0.1251303441084463,1,TKL,MLK,HH498,TNNI3K
PHK,0.8925,20,KRSA,0.7507820646506778,4,CAMK,PHK,PHK,PHKG1
PHK,0.8925,20,KRSA,0.7507820646506778,4,CAMK,PHK,PHK,PHKG2
COT,0.4683333333333334,44,KRSA,0.43795620437956206,2,STE,STE-UNIQUE,STE-UNIQUE,MAP3K8
VRK1,-0.06499999999999999,76,KRSA,0.03753910323253389,1,CK1,VRK,VRK,VRK1
KHS,0.09166666666666666,74,KRSA,0.06256517205422316,1,STE,STE20,KHS,MAP4K1
KHS,0.09166666666666666,74,KRSA,0.06256517205422316,1,STE,STE20,KHS,MAP4K2
KHS,0.09166666666666666,74,KRSA,0.06256517205422316,1,STE,STE20,KHS,MAP4K3
KHS,0.09166666666666666,74,KRSA,0.06256517205422316,1,STE,STE20,KHS,MAP4K5
CLK,-0.715,30,KRSA,0.6131386861313869,3,CMGC,CLK,CLK,CLK1
CLK,-0.715,30,KRSA,0.6131386861313869,3,CMGC,CLK,CLK,CLK2
CLK,-0.715,30,KRSA,0.6131386861313869,3,CMGC,CLK,CLK,CLK3
CLK,-0.715,30,KRSA,0.6131386861313869,3,CMGC,CLK,CLK,CLK4
NIK,-0.725,29,KRSA,0.6256517205422315,3,STE,STE-UNIQUE,STE-UNIQUE,MAP3K14
WNK,-0.38,55,KRSA,0.30031282586027114,2,OTHER,WNK,WNK,WNK1
WNK,-0.38,55,KRSA,0.30031282586027114,2,OTHER,WNK,WNK,WNK2
WNK,-0.38,55,KRSA,0.30031282586027114,2,OTHER,WNK,WNK,WNK3
WNK,-0.38,55,KRSA,0.30031282586027114,2,OTHER,WNK,WNK,WNK4
SLK,0.6216666666666667,37,KRSA,0.5255474452554745,3,STE,STE20,SLK,SLK
SLK,0.6216666666666667,37,KRSA,0.5255474452554745,3,STE,STE20,SLK,STK10
BUD32,0.5025,42,KRSA,0.4629822732012513,2,OTHER,BUD32,BUD32,TP53RK
BRSK,-0.38333333333333336,54,KRSA,0.31282586027111575,2,CAMK,CAMKL,BRSK,BRSK1
BRSK,-0.38333333333333336,54,KRSA,0.31282586027111575,2,CAMK,CAMKL,BRSK,BRSK2
TAO,0.16916666666666666,65,KRSA,0.17518248175182483,1,STE,STE20,TAO,TAOK1
TAO,0.16916666666666666,65,KRSA,0.17518248175182483,1,STE,STE20,TAO,TAOK2
TAO,0.16916666666666666,65,KRSA,0.17518248175182483,1,STE,STE20,TAO,TAOK3
ULK,-0.7125,32,KRSA,0.5881126173096975,3,OTHER,ULK,FUSED,STK36
ULK,-0.7125,32,KRSA,0.5881126173096975,3,OTHER,ULK,ULK,ULK1
ULK,-0.7125,32,KRSA,0.5881126173096975,3,OTHER,ULK,ULK,ULK2
ULK,-0.7125,32,KRSA,0.5881126173096975,3,OTHER,ULK,ULK,ULK3
ULK,-0.7125,32,KRSA,0.5881126173096975,3,OTHER,ULK,ULK,ULK4
PKCH,-0.5,43,KRSA,0.4504692387904067,2,AGC,PKC,ETA,PRKCE
PKCH,-0.5,43,KRSA,0.4504692387904067,2,AGC,PKC,ETA,PRKCH
RAD53,0.5133333333333333,41,KRSA,0.4754953076120959,2,CAMK,RAD53,RAD53,CHEK2
QIK,-0.02166666666666665,78,KRSA,0.01251303441084463,1,CAMK,CAMKL,QIK,SIK1
QIK,-0.02166666666666665,78,KRSA,0.01251303441084463,1,CAMK,CAMKL,QIK,SIK2
CHK1,0.31416666666666665,60,KRSA,0.23774765380604795,1,CAMK,CAMKL,CHK1,CHEK1
GSK,-0.42833333333333334,49,KRSA,0.3753910323253389,2,CMGC,GSK,GSK,GSK3A
GSK,-0.42833333333333334,49,KRSA,0.3753910323253389,2,CMGC,GSK,GSK,GSK3B
STE11,0.00166666666666666,79,KRSA,0,1,TKL,MLK,TAK1,MAP3K7
STE11,0.00166666666666666,79,KRSA,0,1,STE,STE11,MEKK1,MAP3K1
STE11,0.00166666666666666,79,KRSA,0,1,STE,STE11,ASK,MAP3K15
STE11,0.00166666666666666,79,KRSA,0,1,STE,STE11,MEKK2,MAP3K2
STE11,0.00166666666666666,79,KRSA,0,1,STE,STE11,MEKK2,MAP3K3
STE11,0.00166666666666666,79,KRSA,0,1,STE,STE11,MEKK4,MAP3K4
STE11,0.00166666666666666,79,KRSA,0,1,STE,STE11,ASK,MAP3K5
STE11,0.00166666666666666,79,KRSA,0,1,STE,STE11,ASK,MAP3K6
CAMK1,0.9558333333333332,16,KRSA,0.8008342022940563,4,CAMK,CAMK1,CAMK1,CAMK1
CAMK1,0.9558333333333332,16,KRSA,0.8008342022940563,4,CAMK,CAMK1,CAMK1,CAMK1D
CAMK1,0.9558333333333332,16,KRSA,0.8008342022940563,4,CAMK,CAMK1,CAMK1,CAMK1G
CAMK1,0.9558333333333332,16,KRSA,0.8008342022940563,4,CAMK,CAMK1,CAMK1,CAMK4
CAMK1,0.9558333333333332,16,KRSA,0.8008342022940563,4,CAMK,CAMK1,CAMK1,PNCK
SGK,0.7408333333333333,27,KRSA,0.6631908237747653,3,AGC,SGK,SGK,SGK1
SGK,0.7408333333333333,27,KRSA,0.6631908237747653,3,AGC,SGK,SGK,SGK2
SGK,0.7408333333333333,27,KRSA,0.6631908237747653,3,AGC,SGK,SGK,SGK3
PKCD,-0.15416666666666665,66,KRSA,0.16266944734098018,1,AGC,PKC,DELTA,PRKCD
PKCD,-0.15416666666666665,66,KRSA,0.16266944734098018,1,AGC,PKC,DELTA,PRKCQ
FRAY,-0.755,26,KRSA,0.67570385818561,3,STE,STE20,FRAY,OXSR1
FRAY,-0.755,26,KRSA,0.67570385818561,3,STE,STE20,FRAY,STK39
CAMK2,-0.3933333333333333,52,KRSA,0.337851929092805,2,CAMK,CAMK2,CAMK2,CAMK2A
CAMK2,-0.3933333333333333,52,KRSA,0.337851929092805,2,CAMK,CAMK2,CAMK2,CAMK2B
CAMK2,-0.3933333333333333,52,KRSA,0.337851929092805,2,CAMK,CAMK2,CAMK2,CAMK2D
CAMK2,-0.3933333333333333,52,KRSA,0.337851929092805,2,CAMK,CAMK2,CAMK2,CAMK2G
MSN,1.1416666666666666,10,KRSA,0.8759124087591241,4,STE,STE20,MSN,MAP4K4
MSN,1.1416666666666666,10,KRSA,0.8759124087591241,4,STE,STE20,MSN,NRK
MSN,1.1416666666666666,10,KRSA,0.8759124087591241,4,STE,STE20,MSN,TNIK
DMPK,0.7841666666666667,25,KRSA,0.6882168925964547,3,AGC,DMPK,GEK,CDC42BPA
DMPK,0.7841666666666667,25,KRSA,0.6882168925964547,3,AGC,DMPK,GEK,CDC42BPB
DMPK,0.7841666666666667,25,KRSA,0.6882168925964547,3,AGC,DMPK,GEK,CDC42BPG
DMPK,0.7841666666666667,25,KRSA,0.6882168925964547,3,AGC,DMPK,CRIK,CIT
DMPK,0.7841666666666667,25,KRSA,0.6882168925964547,3,AGC,DMPK,GEK,DMPK
DMPK,0.7841666666666667,25,KRSA,0.6882168925964547,3,AGC,DMPK,ROCK,ROCK1
DMPK,0.7841666666666667,25,KRSA,0.6882168925964547,3,AGC,DMPK,ROCK,ROCK2
PKCI,0.3325000000000001,58,KRSA,0.26277372262773724,2,AGC,PKC,IOTA,PRKCI
PKCI,0.3325000000000001,58,KRSA,0.26277372262773724,2,AGC,PKC,IOTA,PRKCZ
HAL,0.37,56,KRSA,0.28779979144942647,2,RGC,RGC,RGC,NPR1
IRAK,-0.38916666666666666,53,KRSA,0.32533889468196037,2,TKL,IRAK,IRAK,IRAK1
IRAK,-0.38916666666666666,53,KRSA,0.32533889468196037,2,TKL,IRAK,IRAK,IRAK2
IRAK,-0.38916666666666666,53,KRSA,0.32533889468196037,2,TKL,IRAK,IRAK,IRAK3
IRAK,-0.38916666666666666,53,KRSA,0.32533889468196037,2,TKL,IRAK,IRAK,IRAK4
PAKB,0.10583333333333332,72,KRSA,0.08759124087591241,1,STE,STE20,PAKB,PAK4
PAKB,0.10583333333333332,72,KRSA,0.08759124087591241,1,STE,STE20,PAKB,PAK5
PAKB,0.10583333333333332,72,KRSA,0.08759124087591241,1,STE,STE20,PAKB,PAK6
PRKDC,-0.4608333333333333,46,KRSA,0.4129301355578728,2,ATYPICAL,PIKK,DNAPK,PRKDC
MAPKAPK,0.44416666666666665,48,KRSA,0.38790406673618355,2,CAMK,MAPKAPK,MAPKAPK,MAPKAPK2
MAPKAPK,0.44416666666666665,48,KRSA,0.38790406673618355,2,CAMK,MAPKAPK,MAPKAPK,MAPKAPK3
MAPKAPK,0.44416666666666665,48,KRSA,0.38790406673618355,2,CAMK,MAPKAPK,MAPKAPK,MAPKAPK5
MAPKAPK,0.44416666666666665,48,KRSA,0.38790406673618355,2,CAMK,MAPKAPK,MNK,MKNK1
MAPKAPK,0.44416666666666665,48,KRSA,0.38790406673618355,2,CAMK,MAPKAPK,MNK,MKNK2
CK2,-0.6783333333333333,33,KRSA,0.5755995828988529,3,CMGC,CK2,CK2,CSNK2A1
CK2,-0.6783333333333333,33,KRSA,0.5755995828988529,3,CMGC,CK2,CK2,CSNK2A2
CK2,-0.6783333333333333,33,KRSA,0.5755995828988529,3,NA,NA,NA,CSNK2A3
ATR,0.08499999999999999,75,KRSA,0.05005213764337852,1,ATYPICAL,PIKK,ATR,ATR
NDR,0.25583333333333336,63,KRSA,0.20020855057351408,1,AGC,NDR,NDR,LATS1
NDR,0.25583333333333336,63,KRSA,0.20020855057351408,1,AGC,NDR,NDR,LATS2
NDR,0.25583333333333336,63,KRSA,0.20020855057351408,1,AGC,NDR,NDR,STK38
NDR,0.25583333333333336,63,KRSA,0.20020855057351408,1,AGC,NDR,NDR,STK38L
MLCK,0.1466666666666667,68,KRSA,0.13764337851929093,1,CAMK,MLCK,MLCK,MYLK
MLCK,0.1466666666666667,68,KRSA,0.13764337851929093,1,CAMK,MLCK,MLCK,MYLK2
MLCK,0.1466666666666667,68,KRSA,0.13764337851929093,1,CAMK,MLCK,MLCK,TTN
RIPK,1.1483333333333334,9,KRSA,0.8884254431699687,4,TKL,RIPK,RIPK,ANKK1
RIPK,1.1483333333333334,9,KRSA,0.8884254431699687,4,TKL,RIPK,RIPK,RIPK1
RIPK,1.1483333333333334,9,KRSA,0.8884254431699687,4,TKL,RIPK,RIPK,RIPK2
RIPK,1.1483333333333334,9,KRSA,0.8884254431699687,4,TKL,RIPK,RIPK,RIPK3
RIPK,1.1483333333333334,9,KRSA,0.8884254431699687,4,TKL,RIPK,RIPK,RIPK4
PKCA,0.25333333333333335,64,KRSA,0.18769551616266944,1,AGC,PKC,ALPHA,PRKCA
PKCA,0.25333333333333335,64,KRSA,0.18769551616266944,1,AGC,PKC,ALPHA,PRKCB
PKCA,0.25333333333333335,64,KRSA,0.18769551616266944,1,AGC,PKC,ALPHA,PRKCG
MTOR,-0.2791666666666667,61,KRSA,0.22523461939520334,1,ATYPICAL,PIKK,FRAP,MTOR
STE7,-1.595,2,KRSA,0.9760166840458812,4,STE,STE7,MEK1,MAP2K1
STE7,-1.595,2,KRSA,0.9760166840458812,4,STE,STE7,MEK1,MAP2K2
STE7,-1.595,2,KRSA,0.9760166840458812,4,STE,STE7,MEK3,MAP2K3
STE7,-1.595,2,KRSA,0.9760166840458812,4,STE,STE7,MEK4,MAP2K4
STE7,-1.595,2,KRSA,0.9760166840458812,4,STE,STE7,MEK5,MAP2K5
STE7,-1.595,2,KRSA,0.9760166840458812,4,STE,STE7,MEK3,MAP2K6
STE7,-1.595,2,KRSA,0.9760166840458812,4,STE,STE7,MEK7,MAP2K7
ERK,-1.5791666666666666,3,KRSA,0.9635036496350365,4,CMGC,MAPK,ERK1,MAPK1
ERK,-1.5791666666666666,3,KRSA,0.9635036496350365,4,CMGC,MAPK,ERK7,MAPK15
ERK,-1.5791666666666666,3,KRSA,0.9635036496350365,4,CMGC,MAPK,ERK1,MAPK3
ERK,-1.5791666666666666,3,KRSA,0.9635036496350365,4,CMGC,MAPK,ERK3,MAPK4
ERK,-1.5791666666666666,3,KRSA,0.9635036496350365,4,CMGC,MAPK,ERK3,MAPK6
ERK,-1.5791666666666666,3,KRSA,0.9635036496350365,4,CMGC,MAPK,ERK5,MAPK7
PDK1,-1.1775,8,KRSA,0.9009384775808134,4,ATYPICAL,PDHK,PDHK,PDK1
PDK1,-1.1775,8,KRSA,0.9009384775808134,4,AGC,PDK1,PDK1,PDPK1
P38,-0.9041666666666668,19,KRSA,0.7632950990615224,4,CMGC,MAPK,P38,MAPK11
P38,-0.9041666666666668,19,KRSA,0.7632950990615224,4,CMGC,MAPK,P38,MAPK12
P38,-0.9041666666666668,19,KRSA,0.7632950990615224,4,CMGC,MAPK,P38,MAPK13
P38,-0.9041666666666668,19,KRSA,0.7632950990615224,4,CMGC,MAPK,P38,MAPK14
PEK,-1.25,7,KRSA,0.913451511991658,4,OTHER,PEK,HRI,EIF2AK1
PEK,-1.25,7,KRSA,0.913451511991658,4,OTHER,PEK,PKR,EIF2AK2
PEK,-1.25,7,KRSA,0.913451511991658,4,OTHER,PEK,PEK,EIF2AK3
PEK,-1.25,7,KRSA,0.913451511991658,4,OTHER,PEK,GCN2,EIF2AK4
JNK,-1.2866666666666666,5,KRSA,0.9384775808133472,4,CMGC,MAPK,JNK,MAPK10
JNK,-1.2866666666666666,5,KRSA,0.9384775808133472,4,CMGC,MAPK,JNK,MAPK8
JNK,-1.2866666666666666,5,KRSA,0.9384775808133472,4,CMGC,MAPK,JNK,MAPK9
NMO,-2.1433333333333335,1,KRSA,0.9885297184567258,4,CMGC,MAPK,NMO,NLK
NEK,-1.1375,11,KRSA,0.8633993743482794,4,OTHER,NEK,NEK11,NEK11
NEK,-1.1375,11,KRSA,0.8633993743482794,4,OTHER,NEK,NEK2,NEK2
NEK,-1.1375,11,KRSA,0.8633993743482794,4,OTHER,NEK,NEK1,NEK3
NEK,-1.1375,11,KRSA,0.8633993743482794,4,OTHER,NEK,NEK4,NEK4
NEK,-1.1375,11,KRSA,0.8633993743482794,4,OTHER,NEK,NEK1,NEK5
NEK,-1.1375,11,KRSA,0.8633993743482794,4,OTHER,NEK,NEK6,NEK6
NEK,-1.1375,11,KRSA,0.8633993743482794,4,OTHER,NEK,NEK6,NEK7
NEK,-1.1375,11,KRSA,0.8633993743482794,4,OTHER,NEK,NEK8,NEK8
NEK,-1.1375,11,KRSA,0.8633993743482794,4,OTHER,NEK,NEK8,NEK9
FRAY,-0.755,26,KRSA,0.67570385818561,3,STE,STE20,FRAY,OXSR1
FRAY,-0.755,26,KRSA,0.67570385818561,3,STE,STE20,FRAY,STK39
PDHK,-0.94,17,KRSA,0.7883211678832117,4,ATYPICAL,PDHK,BCKDK,BCKDK
PDHK,-0.94,17,KRSA,0.7883211678832117,4,ATYPICAL,PDHK,PDHK,PDK2
PDHK,-0.94,17,KRSA,0.7883211678832117,4,ATYPICAL,PDHK,PDHK,PDK3
PDHK,-0.94,17,KRSA,0.7883211678832117,4,ATYPICAL,PDHK,PDHK,PDK4
PKG,0.9708333333333332,15,KRSA,0.8133472367049009,4,AGC,PKG,PKG,PRKG1
PKG,0.9708333333333332,15,KRSA,0.8133472367049009,4,AGC,PKG,PKG,PRKG2
AKT,0.8741666666666666,21,KRSA,0.7382690302398331,3,AGC,AKT,AKT,AKT1
AKT,0.8741666666666666,21,KRSA,0.7382690302398331,3,AGC,AKT,AKT,AKT2
AKT,0.8741666666666666,21,KRSA,0.7382690302398331,3,AGC,AKT,AKT,AKT3
STKR,-0.6016666666666667,38,KRSA,0.5130344108446299,3,TKL,STKR,TYPE1,ACVR1
STKR,-0.6016666666666667,38,KRSA,0.5130344108446299,3,TKL,STKR,TYPE1,ACVR1B
STKR,-0.6016666666666667,38,KRSA,0.5130344108446299,3,TKL,STKR,TYPE1,ACVR1C
STKR,-0.6016666666666667,38,KRSA,0.5130344108446299,3,TKL,STKR,TYPE2,ACVR2A
STKR,-0.6016666666666667,38,KRSA,0.5130344108446299,3,TKL,STKR,TYPE2,ACVR2B
STKR,-0.6016666666666667,38,KRSA,0.5130344108446299,3,TKL,STKR,TYPE1,ACVRL1
STKR,-0.6016666666666667,38,KRSA,0.5130344108446299,3,TKL,STKR,TYPE2,AMHR2
STKR,-0.6016666666666667,38,KRSA,0.5130344108446299,3,TKL,STKR,TYPE1,BMPR1A
STKR,-0.6016666666666667,38,KRSA,0.5130344108446299,3,TKL,STKR,TYPE1,BMPR1B
STKR,-0.6016666666666667,38,KRSA,0.5130344108446299,3,TKL,STKR,TYPE2,BMPR2
STKR,-0.6016666666666667,38,KRSA,0.5130344108446299,3,TKL,STKR,TYPE1,TGFBR1
STKR,-0.6016666666666667,38,KRSA,0.5130344108446299,3,TKL,STKR,TYPE2,TGFBR2
LKB,-0.725,29,KRSA,0.6256517205422315,3,CAMK,CAMKL,LKB,STK11
DYRK,-0.7133333333333334,31,KRSA,0.6006256517205423,3,CMGC,DYRK,DYRK1,DYRK1A
DYRK,-0.7133333333333334,31,KRSA,0.6006256517205423,3,CMGC,DYRK,DYRK1,DYRK1B
DYRK,-0.7133333333333334,31,KRSA,0.6006256517205423,3,CMGC,DYRK,DYRK2,DYRK2
DYRK,-0.7133333333333334,31,KRSA,0.6006256517205423,3,CMGC,DYRK,DYRK2,DYRK3
DYRK,-0.7133333333333334,31,KRSA,0.6006256517205423,3,CMGC,DYRK,DYRK2,DYRK4
DYRK,-0.7133333333333334,31,KRSA,0.6006256517205423,3,CMGC,DYRK,HIPK,HIPK1
DYRK,-0.7133333333333334,31,KRSA,0.6006256517205423,3,CMGC,DYRK,HIPK,HIPK2
DYRK,-0.7133333333333334,31,KRSA,0.6006256517205423,3,CMGC,DYRK,HIPK,HIPK3
DYRK,-0.7133333333333334,31,KRSA,0.6006256517205423,3,CMGC,DYRK,HIPK,HIPK4
DYRK,-0.7133333333333334,31,KRSA,0.6006256517205423,3,CMGC,DYRK,PRP4,PRPF4B
AUR,1.4466666666666668,4,KRSA,0.9509906152241918,4,OTHER,AUR,AUR,AURKA
AUR,1.4466666666666668,4,KRSA,0.9509906152241918,4,OTHER,AUR,AUR,AURKB
AUR,1.4466666666666668,4,KRSA,0.9509906152241918,4,OTHER,AUR,AUR,AURKC
DAPK,1.274166666666667,6,KRSA,0.9259645464025026,4,CAMK,DAPK,DAPK,DAPK1
DAPK,1.274166666666667,6,KRSA,0.9259645464025026,4,CAMK,DAPK,DAPK,DAPK2
DAPK,1.274166666666667,6,KRSA,0.9259645464025026,4,CAMK,DAPK,DAPK,DAPK3
DAPK,1.274166666666667,6,KRSA,0.9259645464025026,4,CAMK,DAPK,DRAK,STK17A
DAPK,1.274166666666667,6,KRSA,0.9259645464025026,4,CAMK,DAPK,DRAK,STK17B
PKA,1.1333333333333333,12,KRSA,0.8508863399374348,4,AGC,PKA,PKA,PRKACA
PKA,1.1333333333333333,12,KRSA,0.8508863399374348,4,AGC,PKA,PKA,PRKACB
PKA,1.1333333333333333,12,KRSA,0.8508863399374348,4,AGC,PKA,PKA,PRKACG
PKA,1.1333333333333333,12,KRSA,0.8508863399374348,4,AGC,PKA,PKA,PRKX
PKA,1.1333333333333333,12,KRSA,0.8508863399374348,4,AGC,PKA,PKA,PRKY
PLK,-0.5791666666666666,40,KRSA,0.4880083420229406,2,NA,NA,NA,PLK5
PLK,-0.5791666666666666,40,KRSA,0.4880083420229406,2,OTHER,PLK,PLK1,PLK1
PLK,-0.5791666666666666,40,KRSA,0.4880083420229406,2,OTHER,PLK,PLK2,PLK2
PLK,-0.5791666666666666,40,KRSA,0.4880083420229406,2,OTHER,PLK,PLK2,PLK3
PLK,-0.5791666666666666,40,KRSA,0.4880083420229406,2,OTHER,PLK,SAK,PLK4
CDK,-0.7266666666666667,28,KRSA,0.6506777893639207,3,CMGC,CDK,CDC2,CDK1
CDK,-0.7266666666666667,28,KRSA,0.6506777893639207,3,CMGC,CDK,CDK10,CDK10
CDK,-0.7266666666666667,28,KRSA,0.6506777893639207,3,CMGC,CDK,CRK7,CDK12
CDK,-0.7266666666666667,28,KRSA,0.6506777893639207,3,CMGC,CDK,CRK7,CDK13
CDK,-0.7266666666666667,28,KRSA,0.6506777893639207,3,CMGC,CDK,PFTAIRE,CDK14
CDK,-0.7266666666666667,28,KRSA,0.6506777893639207,3,CMGC,CDK,PFTAIRE,CDK15
CDK,-0.7266666666666667,28,KRSA,0.6506777893639207,3,CMGC,CDK,PCTAIRE,CDK16
CDK,-0.7266666666666667,28,KRSA,0.6506777893639207,3,CMGC,CDK,PCTAIRE,CDK17
CDK,-0.7266666666666667,28,KRSA,0.6506777893639207,3,CMGC,CDK,PCTAIRE,CDK18
CDK,-0.7266666666666667,28,KRSA,0.6506777893639207,3,CMGC,CDK,CDK8,CDK19
CDK,-0.7266666666666667,28,KRSA,0.6506777893639207,3,CMGC,CDK,CDC2,CDK2
CDK,-0.7266666666666667,28,KRSA,0.6506777893639207,3,CMGC,CDK,CCRK,CDK20
CDK,-0.7266666666666667,28,KRSA,0.6506777893639207,3,CMGC,CDK,CDC2,CDK3
CDK,-0.7266666666666667,28,KRSA,0.6506777893639207,3,CMGC,CDK,CDK4,CDK4
CDK,-0.7266666666666667,28,KRSA,0.6506777893639207,3,CMGC,CDK,CDK5,CDK5
CDK,-0.7266666666666667,28,KRSA,0.6506777893639207,3,CMGC,CDK,CDK4,CDK6
CDK,-0.7266666666666667,28,KRSA,0.6506777893639207,3,CMGC,CDK,CDK7,CDK7
CDK,-0.7266666666666667,28,KRSA,0.6506777893639207,3,CMGC,CDK,CDK8,CDK8
CDK,-0.7266666666666667,28,KRSA,0.6506777893639207,3,CMGC,CDK,CDK9,CDK9
CDK,-0.7266666666666667,28,KRSA,0.6506777893639207,3,NA,NA,NA,CDK11A
CDK,-0.7266666666666667,28,KRSA,0.6506777893639207,3,NA,NA,NA,CDK11B
MOS,0.6716666666666666,34,KRSA,0.5630865484880083,3,OTHER,MOS,MOS,MOS
MST,-0.34833333333333333,57,KRSA,0.27528675703858185,2,STE,STE20,MST,STK3
MST,-0.34833333333333333,57,KRSA,0.27528675703858185,2,STE,STE20,MST,STK4
CAMKK,0.7991666666666667,24,KRSA,0.7007299270072993,3,OTHER,CAMKK,META,CAMKK1
CAMKK,0.7991666666666667,24,KRSA,0.7007299270072993,3,OTHER,CAMKK,META,CAMKK2
PASK,0.9266666666666666,18,KRSA,0.7758081334723671,4,CAMK,CAMKL,PASK,PASK
ATM,-0.8233333333333334,22,KRSA,0.7257559958289885,3,ATYPICAL,PIKK,ATM,ATM
MELK,-0.09416666666666668,73,KRSA,0.07507820646506778,1,CAMK,CAMKL,MELK,MELK
BARK2,-0.13666666666666666,71,KRSA,0.10010427528675704,1,AGC,GRK,BARK,GRK3
GRK,-0.4133333333333334,51,KRSA,0.35036496350364965,2,AGC,GRK,GRK,GRK1
GRK,-0.4133333333333334,51,KRSA,0.35036496350364965,2,AGC,GRK,GRK,GRK4
GRK,-0.4133333333333334,51,KRSA,0.35036496350364965,2,AGC,GRK,GRK,GRK5
GRK,-0.4133333333333334,51,KRSA,0.35036496350364965,2,AGC,GRK,GRK,GRK6
GRK,-0.4133333333333334,51,KRSA,0.35036496350364965,2,AGC,GRK,GRK,GRK7
PAKA,-0.45166666666666666,47,KRSA,0.40041710114702816,2,STE,STE20,PAKA,PAK1
PAKA,-0.45166666666666666,47,KRSA,0.40041710114702816,2,STE,STE20,PAKA,PAK2
PAKA,-0.45166666666666666,47,KRSA,0.40041710114702816,2,STE,STE20,PAKA,PAK3
IKK,-0.4658333333333333,45,KRSA,0.4254431699687174,2,OTHER,IKK,IKK,CHUK
IKK,-0.4658333333333333,45,KRSA,0.4254431699687174,2,OTHER,IKK,IKK,IKBKB
IKK,-0.4658333333333333,45,KRSA,0.4254431699687174,2,OTHER,IKK,IKK,IKBKE
IKK,-0.4658333333333333,45,KRSA,0.4254431699687174,2,OTHER,IKK,IKK,TBK1
TTK,-0.1525,67,KRSA,0.15015641293013557,1,OTHER,TTK,TTK,TTK
NAK,-1.0233333333333334,13,KRSA,0.8383733055265902,4,OTHER,NAK,BIKE,AAK1
NAK,-1.0233333333333334,13,KRSA,0.8383733055265902,4,OTHER,NAK,BIKE,BMP2K
NAK,-1.0233333333333334,13,KRSA,0.8383733055265902,4,OTHER,NAK,GAK,GAK
NAK,-1.0233333333333334,13,KRSA,0.8383733055265902,4,OTHER,NAK,MPSK,STK16
PIM,0.5791666666666667,39,KRSA,0.5005213764337852,3,CAMK,PIM,PIM,PIM1
PIM,0.5791666666666667,39,KRSA,0.5005213764337852,3,CAMK,PIM,PIM,PIM2
PIM,0.5791666666666667,39,KRSA,0.5005213764337852,3,CAMK,PIM,PIM,PIM3
RSK,0.6566666666666666,35,KRSA,0.5505735140771637,3,AGC,RSK,RSK,RPS6KA1
RSK,0.6566666666666666,35,KRSA,0.5505735140771637,3,AGC,RSK,RSK,RPS6KA2
RSK,0.6566666666666666,35,KRSA,0.5505735140771637,3,AGC,RSK,RSK,RPS6KA3
RSK,0.6566666666666666,35,KRSA,0.5505735140771637,3,AGC,RSK,MSK,RPS6KA4
RSK,0.6566666666666666,35,KRSA,0.5505735140771637,3,AGC,RSK,MSK,RPS6KA5
RSK,0.6566666666666666,35,KRSA,0.5505735140771637,3,AGC,RSK,RSK,RPS6KA6
RSK,0.6566666666666666,35,KRSA,0.5505735140771637,3,AGC,RSK,P70,RPS6KB1
RSK,0.6566666666666666,35,KRSA,0.5505735140771637,3,AGC,RSK,P70,RPS6KB2
NUAK,-0.14083333333333334,70,KRSA,0.11261730969760167,1,CAMK,CAMKL,NUAK,NUAK1
NUAK,-0.14083333333333334,70,KRSA,0.11261730969760167,1,CAMK,CAMKL,NUAK,NUAK2
PKN,-0.4141666666666666,50,KRSA,0.36287799791449427,2,AGC,PKN,PKN,PKN1
PKN,-0.4141666666666666,50,KRSA,0.36287799791449427,2,AGC,PKN,PKN,PKN2
PKN,-0.4141666666666666,50,KRSA,0.36287799791449427,2,AGC,PKN,PKN,PKN3
CK1,-0.3175,59,KRSA,0.2502606882168926,2,CK1,CK1,CK1-A,CSNK1A1
CK1,-0.3175,59,KRSA,0.2502606882168926,2,CK1,CK1,CK1-A,CSNK1A1L
CK1,-0.3175,59,KRSA,0.2502606882168926,2,CK1,CK1,CK1-D,CSNK1D
CK1,-0.3175,59,KRSA,0.2502606882168926,2,CK1,CK1,CK1-D,CSNK1E
CK1,-0.3175,59,KRSA,0.2502606882168926,2,CK1,CK1,CK1-G,CSNK1G1
CK1,-0.3175,59,KRSA,0.2502606882168926,2,CK1,CK1,CK1-G,CSNK1G2
CK1,-0.3175,59,KRSA,0.2502606882168926,2,CK1,CK1,CK1-G,CSNK1G3
CK1,-0.3175,59,KRSA,0.2502606882168926,2,CK1,TTBK,TTBK,TTBK1
CK1,-0.3175,59,KRSA,0.2502606882168926,2,CK1,TTBK,TTBK,TTBK2
CK1,-0.3175,59,KRSA,0.2502606882168926,2,CK1,VRK,VRK,VRK3
TLK,-1.0066666666666666,14,KRSA,0.8258602711157456,4,OTHER,TLK,TLK,TLK1
TLK,-1.0066666666666666,14,KRSA,0.8258602711157456,4,OTHER,TLK,TLK,TLK2
GSK,-0.42833333333333334,49,KRSA,0.3753910323253389,2,CMGC,GSK,GSK,GSK3A
GSK,-0.42833333333333334,49,KRSA,0.3753910323253389,2,CMGC,GSK,GSK,GSK3B
STE11,0.00166666666666666,79,KRSA,0,1,TKL,MLK,TAK1,MAP3K7
STE11,0.00166666666666666,79,KRSA,0,1,STE,STE11,MEKK1,MAP3K1
STE11,0.00166666666666666,79,KRSA,0,1,STE,STE11,ASK,MAP3K15
STE11,0.00166666666666666,79,KRSA,0,1,STE,STE11,MEKK2,MAP3K2
STE11,0.00166666666666666,79,KRSA,0,1,STE,STE11,MEKK2,MAP3K3
STE11,0.00166666666666666,79,KRSA,0,1,STE,STE11,MEKK4,MAP3K4
STE11,0.00166666666666666,79,KRSA,0,1,STE,STE11,ASK,MAP3K5
STE11,0.00166666666666666,79,KRSA,0,1,STE,STE11,ASK,MAP3K6
AMPK,0.6483333333333333,36,KRSA,0.5380604796663191,3,CAMK,CAMKL,AMPK,PRKAA1
AMPK,0.6483333333333333,36,KRSA,0.5380604796663191,3,CAMK,CAMKL,AMPK,PRKAA2
RAF,0.03583333333333334,77,KRSA,0.02502606882168926,1,TKL,RAF,RAF,ARAF
RAF,0.03583333333333334,77,KRSA,0.02502606882168926,1,TKL,RAF,RAF,BRAF
RAF,0.03583333333333334,77,KRSA,0.02502606882168926,1,TKL,RAF,KSR,KSR1
RAF,0.03583333333333334,77,KRSA,0.02502606882168926,1,TKL,RAF,KSR,KSR2
RAF,0.03583333333333334,77,KRSA,0.02502606882168926,1,TKL,RAF,RAF,RAF1
CHK1,0.31416666666666665,60,KRSA,0.23774765380604795,1,CAMK,CAMKL,CHK1,CHEK1
CLK,-0.715,30,KRSA,0.6131386861313869,3,CMGC,CLK,CLK,CLK1
CLK,-0.715,30,KRSA,0.6131386861313869,3,CMGC,CLK,CLK,CLK2
CLK,-0.715,30,KRSA,0.6131386861313869,3,CMGC,CLK,CLK,CLK3
CLK,-0.715,30,KRSA,0.6131386861313869,3,CMGC,CLK,CLK,CLK4
NIK,-0.725,29,KRSA,0.6256517205422315,3,STE,STE-UNIQUE,STE-UNIQUE,MAP3K14
WNK,-0.38,55,KRSA,0.30031282586027114,2,OTHER,WNK,WNK,WNK1
WNK,-0.38,55,KRSA,0.30031282586027114,2,OTHER,WNK,WNK,WNK2
WNK,-0.38,55,KRSA,0.30031282586027114,2,OTHER,WNK,WNK,WNK3
WNK,-0.38,55,KRSA,0.30031282586027114,2,OTHER,WNK,WNK,WNK4
BUD32,0.5025,42,KRSA,0.4629822732012513,2,OTHER,BUD32,BUD32,TP53RK
TAO,0.16916666666666666,65,KRSA,0.17518248175182483,1,STE,STE20,TAO,TAOK1
TAO,0.16916666666666666,65,KRSA,0.17518248175182483,1,STE,STE20,TAO,TAOK2
TAO,0.16916666666666666,65,KRSA,0.17518248175182483,1,STE,STE20,TAO,TAOK3
KHS,0.09166666666666666,74,KRSA,0.06256517205422316,1,STE,STE20,KHS,MAP4K1
KHS,0.09166666666666666,74,KRSA,0.06256517205422316,1,STE,STE20,KHS,MAP4K2
KHS,0.09166666666666666,74,KRSA,0.06256517205422316,1,STE,STE20,KHS,MAP4K3
KHS,0.09166666666666666,74,KRSA,0.06256517205422316,1,STE,STE20,KHS,MAP4K5
SLK,0.6216666666666667,37,KRSA,0.5255474452554745,3,STE,STE20,SLK,SLK
SLK,0.6216666666666667,37,KRSA,0.5255474452554745,3,STE,STE20,SLK,STK10
BRSK,-0.38333333333333336,54,KRSA,0.31282586027111575,2,CAMK,CAMKL,BRSK,BRSK1
BRSK,-0.38333333333333336,54,KRSA,0.31282586027111575,2,CAMK,CAMKL,BRSK,BRSK2
ULK,-0.7125,32,KRSA,0.5881126173096975,3,OTHER,ULK,FUSED,STK36
ULK,-0.7125,32,KRSA,0.5881126173096975,3,OTHER,ULK,ULK,ULK1
ULK,-0.7125,32,KRSA,0.5881126173096975,3,OTHER,ULK,ULK,ULK2
ULK,-0.7125,32,KRSA,0.5881126173096975,3,OTHER,ULK,ULK,ULK3
ULK,-0.7125,32,KRSA,0.5881126173096975,3,OTHER,ULK,ULK,ULK4
RIPK,1.1483333333333334,9,KRSA,0.8884254431699687,4,TKL,RIPK,RIPK,ANKK1
RIPK,1.1483333333333334,9,KRSA,0.8884254431699687,4,TKL,RIPK,RIPK,RIPK1
RIPK,1.1483333333333334,9,KRSA,0.8884254431699687,4,TKL,RIPK,RIPK,RIPK2
RIPK,1.1483333333333334,9,KRSA,0.8884254431699687,4,TKL,RIPK,RIPK,RIPK3
RIPK,1.1483333333333334,9,KRSA,0.8884254431699687,4,TKL,RIPK,RIPK,RIPK4
PKCH,-0.5,43,KRSA,0.4504692387904067,2,AGC,PKC,ETA,PRKCE
PKCH,-0.5,43,KRSA,0.4504692387904067,2,AGC,PKC,ETA,PRKCH
VRK1,-0.06499999999999999,76,KRSA,0.03753910323253389,1,CK1,VRK,VRK,VRK1
NDR,0.25583333333333336,63,KRSA,0.20020855057351408,1,AGC,NDR,NDR,LATS1
NDR,0.25583333333333336,63,KRSA,0.20020855057351408,1,AGC,NDR,NDR,LATS2
NDR,0.25583333333333336,63,KRSA,0.20020855057351408,1,AGC,NDR,NDR,STK38
NDR,0.25583333333333336,63,KRSA,0.20020855057351408,1,AGC,NDR,NDR,STK38L
MTOR,-0.2791666666666667,61,KRSA,0.22523461939520334,1,ATYPICAL,PIKK,FRAP,MTOR
COT,0.4683333333333334,44,KRSA,0.43795620437956206,2,STE,STE-UNIQUE,STE-UNIQUE,MAP3K8
PRKDC,-0.4608333333333333,46,KRSA,0.4129301355578728,2,ATYPICAL,PIKK,DNAPK,PRKDC
DMPK,0.7841666666666667,25,KRSA,0.6882168925964547,3,AGC,DMPK,GEK,CDC42BPA
DMPK,0.7841666666666667,25,KRSA,0.6882168925964547,3,AGC,DMPK,GEK,CDC42BPB
DMPK,0.7841666666666667,25,KRSA,0.6882168925964547,3,AGC,DMPK,GEK,CDC42BPG
DMPK,0.7841666666666667,25,KRSA,0.6882168925964547,3,AGC,DMPK,CRIK,CIT
DMPK,0.7841666666666667,25,KRSA,0.6882168925964547,3,AGC,DMPK,GEK,DMPK
DMPK,0.7841666666666667,25,KRSA,0.6882168925964547,3,AGC,DMPK,ROCK,ROCK1
DMPK,0.7841666666666667,25,KRSA,0.6882168925964547,3,AGC,DMPK,ROCK,ROCK2
PAKB,0.10583333333333332,72,KRSA,0.08759124087591241,1,STE,STE20,PAKB,PAK4
PAKB,0.10583333333333332,72,KRSA,0.08759124087591241,1,STE,STE20,PAKB,PAK5
PAKB,0.10583333333333332,72,KRSA,0.08759124087591241,1,STE,STE20,PAKB,PAK6
HAL,0.37,56,KRSA,0.28779979144942647,2,RGC,RGC,RGC,NPR1
PHK,0.8925,20,KRSA,0.7507820646506778,4,CAMK,PHK,PHK,PHKG1
PHK,0.8925,20,KRSA,0.7507820646506778,4,CAMK,PHK,PHK,PHKG2
ATR,0.08499999999999999,75,KRSA,0.05005213764337852,1,ATYPICAL,PIKK,ATR,ATR
CK2,-0.6783333333333333,33,KRSA,0.5755995828988529,3,CMGC,CK2,CK2,CSNK2A1
CK2,-0.6783333333333333,33,KRSA,0.5755995828988529,3,CMGC,CK2,CK2,CSNK2A2
CK2,-0.6783333333333333,33,KRSA,0.5755995828988529,3,NA,NA,NA,CSNK2A3
PKCD,-0.15416666666666665,66,KRSA,0.16266944734098018,1,AGC,PKC,DELTA,PRKCD
PKCD,-0.15416666666666665,66,KRSA,0.16266944734098018,1,AGC,PKC,DELTA,PRKCQ
QIK,-0.02166666666666665,78,KRSA,0.01251303441084463,1,CAMK,CAMKL,QIK,SIK1
QIK,-0.02166666666666665,78,KRSA,0.01251303441084463,1,CAMK,CAMKL,QIK,SIK2
PKD,-0.2725,62,KRSA,0.2127215849843587,1,CAMK,PKD,PKD,PRKD1
PKD,-0.2725,62,KRSA,0.2127215849843587,1,CAMK,PKD,PKD,PRKD2
PKD,-0.2725,62,KRSA,0.2127215849843587,1,CAMK,PKD,PKD,PRKD3
CAMK1,0.9558333333333332,16,KRSA,0.8008342022940563,4,CAMK,CAMK1,CAMK1,CAMK1
CAMK1,0.9558333333333332,16,KRSA,0.8008342022940563,4,CAMK,CAMK1,CAMK1,CAMK1D
CAMK1,0.9558333333333332,16,KRSA,0.8008342022940563,4,CAMK,CAMK1,CAMK1,CAMK1G
CAMK1,0.9558333333333332,16,KRSA,0.8008342022940563,4,CAMK,CAMK1,CAMK1,CAMK4
CAMK1,0.9558333333333332,16,KRSA,0.8008342022940563,4,CAMK,CAMK1,CAMK1,PNCK
MSN,1.1416666666666666,10,KRSA,0.8759124087591241,4,STE,STE20,MSN,MAP4K4
MSN,1.1416666666666666,10,KRSA,0.8759124087591241,4,STE,STE20,MSN,NRK
MSN,1.1416666666666666,10,KRSA,0.8759124087591241,4,STE,STE20,MSN,TNIK
MLCK,0.1466666666666667,68,KRSA,0.13764337851929093,1,CAMK,MLCK,MLCK,MYLK
MLCK,0.1466666666666667,68,KRSA,0.13764337851929093,1,CAMK,MLCK,MLCK,MYLK2
MLCK,0.1466666666666667,68,KRSA,0.13764337851929093,1,CAMK,MLCK,MLCK,TTN
IRAK,-0.38916666666666666,53,KRSA,0.32533889468196037,2,TKL,IRAK,IRAK,IRAK1
IRAK,-0.38916666666666666,53,KRSA,0.32533889468196037,2,TKL,IRAK,IRAK,IRAK2
IRAK,-0.38916666666666666,53,KRSA,0.32533889468196037,2,TKL,IRAK,IRAK,IRAK3
IRAK,-0.38916666666666666,53,KRSA,0.32533889468196037,2,TKL,IRAK,IRAK,IRAK4
CAMK2,-0.3933333333333333,52,KRSA,0.337851929092805,2,CAMK,CAMK2,CAMK2,CAMK2A
CAMK2,-0.3933333333333333,52,KRSA,0.337851929092805,2,CAMK,CAMK2,CAMK2,CAMK2B
CAMK2,-0.3933333333333333,52,KRSA,0.337851929092805,2,CAMK,CAMK2,CAMK2,CAMK2D
CAMK2,-0.3933333333333333,52,KRSA,0.337851929092805,2,CAMK,CAMK2,CAMK2,CAMK2G
PKCA,0.25333333333333335,64,KRSA,0.18769551616266944,1,AGC,PKC,ALPHA,PRKCA
PKCA,0.25333333333333335,64,KRSA,0.18769551616266944,1,AGC,PKC,ALPHA,PRKCB
PKCA,0.25333333333333335,64,KRSA,0.18769551616266944,1,AGC,PKC,ALPHA,PRKCG
PKCI,0.3325000000000001,58,KRSA,0.26277372262773724,2,AGC,PKC,IOTA,PRKCI
PKCI,0.3325000000000001,58,KRSA,0.26277372262773724,2,AGC,PKC,IOTA,PRKCZ
SGK,0.7408333333333333,27,KRSA,0.6631908237747653,3,AGC,SGK,SGK,SGK1
SGK,0.7408333333333333,27,KRSA,0.6631908237747653,3,AGC,SGK,SGK,SGK2
SGK,0.7408333333333333,27,KRSA,0.6631908237747653,3,AGC,SGK,SGK,SGK3
RAD53,0.5133333333333333,41,KRSA,0.4754953076120959,2,CAMK,RAD53,RAD53,CHEK2
MLK,0.145,69,KRSA,0.1251303441084463,1,TKL,MLK,ILK,ILK
MLK,0.145,69,KRSA,0.1251303441084463,1,TKL,MLK,MLK,MAP3K10
MLK,0.145,69,KRSA,0.1251303441084463,1,TKL,MLK,MLK,MAP3K11
MLK,0.145,69,KRSA,0.1251303441084463,1,TKL,MLK,LZK,MAP3K12
MLK,0.145,69,KRSA,0.1251303441084463,1,TKL,MLK,LZK,MAP3K13
MLK,0.145,69,KRSA,0.1251303441084463,1,TKL,MLK,MLK,MAP3K9
MLK,0.145,69,KRSA,0.1251303441084463,1,TKL,MLK,HH498,TNNI3K
MAPKAPK,0.44416666666666665,48,KRSA,0.38790406673618355,2,CAMK,MAPKAPK,MAPKAPK,MAPKAPK2
MAPKAPK,0.44416666666666665,48,KRSA,0.38790406673618355,2,CAMK,MAPKAPK,MAPKAPK,MAPKAPK3
MAPKAPK,0.44416666666666665,48,KRSA,0.38790406673618355,2,CAMK,MAPKAPK,MAPKAPK,MAPKAPK5
MAPKAPK,0.44416666666666665,48,KRSA,0.38790406673618355,2,CAMK,MAPKAPK,MNK,MKNK1
MAPKAPK,0.44416666666666665,48,KRSA,0.38790406673618355,2,CAMK,MAPKAPK,MNK,MKNK2
NMO,-2.1433333333333335,1,KRSA,0.9885297184567258,4,CMGC,MAPK,NMO,NLK
MSN,1.1416666666666666,10,KRSA,0.8759124087591241,4,STE,STE20,MSN,MAP4K4
MSN,1.1416666666666666,10,KRSA,0.8759124087591241,4,STE,STE20,MSN,NRK
MSN,1.1416666666666666,10,KRSA,0.8759124087591241,4,STE,STE20,MSN,TNIK
PEK,-1.25,7,KRSA,0.913451511991658,4,OTHER,PEK,HRI,EIF2AK1
PEK,-1.25,7,KRSA,0.913451511991658,4,OTHER,PEK,PKR,EIF2AK2
PEK,-1.25,7,KRSA,0.913451511991658,4,OTHER,PEK,PEK,EIF2AK3
PEK,-1.25,7,KRSA,0.913451511991658,4,OTHER,PEK,GCN2,EIF2AK4
MELK,-0.09416666666666668,73,KRSA,0.07507820646506778,1,CAMK,CAMKL,MELK,MELK
CAMK1,0.9558333333333332,16,KRSA,0.8008342022940563,4,CAMK,CAMK1,CAMK1,CAMK1
CAMK1,0.9558333333333332,16,KRSA,0.8008342022940563,4,CAMK,CAMK1,CAMK1,CAMK1D
CAMK1,0.9558333333333332,16,KRSA,0.8008342022940563,4,CAMK,CAMK1,CAMK1,CAMK1G
CAMK1,0.9558333333333332,16,KRSA,0.8008342022940563,4,CAMK,CAMK1,CAMK1,CAMK4
CAMK1,0.9558333333333332,16,KRSA,0.8008342022940563,4,CAMK,CAMK1,CAMK1,PNCK
CHK1,0.31416666666666665,60,KRSA,0.23774765380604795,1,CAMK,CAMKL,CHK1,CHEK1
ERK,-1.5791666666666666,3,KRSA,0.9635036496350365,4,CMGC,MAPK,ERK1,MAPK1
ERK,-1.5791666666666666,3,KRSA,0.9635036496350365,4,CMGC,MAPK,ERK7,MAPK15
ERK,-1.5791666666666666,3,KRSA,0.9635036496350365,4,CMGC,MAPK,ERK1,MAPK3
ERK,-1.5791666666666666,3,KRSA,0.9635036496350365,4,CMGC,MAPK,ERK3,MAPK4
ERK,-1.5791666666666666,3,KRSA,0.9635036496350365,4,CMGC,MAPK,ERK3,MAPK6
ERK,-1.5791666666666666,3,KRSA,0.9635036496350365,4,CMGC,MAPK,ERK5,MAPK7
BARK2,-0.13666666666666666,71,KRSA,0.10010427528675704,1,AGC,GRK,BARK,GRK3
JNK,-1.2866666666666666,5,KRSA,0.9384775808133472,4,CMGC,MAPK,JNK,MAPK10
JNK,-1.2866666666666666,5,KRSA,0.9384775808133472,4,CMGC,MAPK,JNK,MAPK8
JNK,-1.2866666666666666,5,KRSA,0.9384775808133472,4,CMGC,MAPK,JNK,MAPK9
MAPKAPK,0.44416666666666665,48,KRSA,0.38790406673618355,2,CAMK,MAPKAPK,MAPKAPK,MAPKAPK2
MAPKAPK,0.44416666666666665,48,KRSA,0.38790406673618355,2,CAMK,MAPKAPK,MAPKAPK,MAPKAPK3
MAPKAPK,0.44416666666666665,48,KRSA,0.38790406673618355,2,CAMK,MAPKAPK,MAPKAPK,MAPKAPK5
MAPKAPK,0.44416666666666665,48,KRSA,0.38790406673618355,2,CAMK,MAPKAPK,MNK,MKNK1
MAPKAPK,0.44416666666666665,48,KRSA,0.38790406673618355,2,CAMK,MAPKAPK,MNK,MKNK2
SGK,0.7408333333333333,27,KRSA,0.6631908237747653,3,AGC,SGK,SGK,SGK1
SGK,0.7408333333333333,27,KRSA,0.6631908237747653,3,AGC,SGK,SGK,SGK2
SGK,0.7408333333333333,27,KRSA,0.6631908237747653,3,AGC,SGK,SGK,SGK3
BUD32,0.5025,42,KRSA,0.4629822732012513,2,OTHER,BUD32,BUD32,TP53RK
KHS,0.09166666666666666,74,KRSA,0.06256517205422316,1,STE,STE20,KHS,MAP4K1
KHS,0.09166666666666666,74,KRSA,0.06256517205422316,1,STE,STE20,KHS,MAP4K2
KHS,0.09166666666666666,74,KRSA,0.06256517205422316,1,STE,STE20,KHS,MAP4K3
KHS,0.09166666666666666,74,KRSA,0.06256517205422316,1,STE,STE20,KHS,MAP4K5
TAO,0.16916666666666666,65,KRSA,0.17518248175182483,1,STE,STE20,TAO,TAOK1
TAO,0.16916666666666666,65,KRSA,0.17518248175182483,1,STE,STE20,TAO,TAOK2
TAO,0.16916666666666666,65,KRSA,0.17518248175182483,1,STE,STE20,TAO,TAOK3
PASK,0.9266666666666666,18,KRSA,0.7758081334723671,4,CAMK,CAMKL,PASK,PASK
MOS,0.6716666666666666,34,KRSA,0.5630865484880083,3,OTHER,MOS,MOS,MOS
SLK,0.6216666666666667,37,KRSA,0.5255474452554745,3,STE,STE20,SLK,SLK
SLK,0.6216666666666667,37,KRSA,0.5255474452554745,3,STE,STE20,SLK,STK10
RAF,0.03583333333333334,77,KRSA,0.02502606882168926,1,TKL,RAF,RAF,ARAF
RAF,0.03583333333333334,77,KRSA,0.02502606882168926,1,TKL,RAF,RAF,BRAF
RAF,0.03583333333333334,77,KRSA,0.02502606882168926,1,TKL,RAF,KSR,KSR1
RAF,0.03583333333333334,77,KRSA,0.02502606882168926,1,TKL,RAF,KSR,KSR2
RAF,0.03583333333333334,77,KRSA,0.02502606882168926,1,TKL,RAF,RAF,RAF1
HAL,0.37,56,KRSA,0.28779979144942647,2,RGC,RGC,RGC,NPR1
NAK,-1.0233333333333334,13,KRSA,0.8383733055265902,4,OTHER,NAK,BIKE,AAK1
NAK,-1.0233333333333334,13,KRSA,0.8383733055265902,4,OTHER,NAK,BIKE,BMP2K
NAK,-1.0233333333333334,13,KRSA,0.8383733055265902,4,OTHER,NAK,GAK,GAK
NAK,-1.0233333333333334,13,KRSA,0.8383733055265902,4,OTHER,NAK,MPSK,STK16
PDHK,-0.94,17,KRSA,0.7883211678832117,4,ATYPICAL,PDHK,BCKDK,BCKDK
PDHK,-0.94,17,KRSA,0.7883211678832117,4,ATYPICAL,PDHK,PDHK,PDK2
PDHK,-0.94,17,KRSA,0.7883211678832117,4,ATYPICAL,PDHK,PDHK,PDK3
PDHK,-0.94,17,KRSA,0.7883211678832117,4,ATYPICAL,PDHK,PDHK,PDK4
AUR,1.4466666666666668,4,KRSA,0.9509906152241918,4,OTHER,AUR,AUR,AURKA
AUR,1.4466666666666668,4,KRSA,0.9509906152241918,4,OTHER,AUR,AUR,AURKB
AUR,1.4466666666666668,4,KRSA,0.9509906152241918,4,OTHER,AUR,AUR,AURKC
CDK,-0.7266666666666667,28,KRSA,0.6506777893639207,3,CMGC,CDK,CDC2,CDK1
CDK,-0.7266666666666667,28,KRSA,0.6506777893639207,3,CMGC,CDK,CDK10,CDK10
CDK,-0.7266666666666667,28,KRSA,0.6506777893639207,3,CMGC,CDK,CRK7,CDK12
CDK,-0.7266666666666667,28,KRSA,0.6506777893639207,3,CMGC,CDK,CRK7,CDK13
CDK,-0.7266666666666667,28,KRSA,0.6506777893639207,3,CMGC,CDK,PFTAIRE,CDK14
CDK,-0.7266666666666667,28,KRSA,0.6506777893639207,3,CMGC,CDK,PFTAIRE,CDK15
CDK,-0.7266666666666667,28,KRSA,0.6506777893639207,3,CMGC,CDK,PCTAIRE,CDK16
CDK,-0.7266666666666667,28,KRSA,0.6506777893639207,3,CMGC,CDK,PCTAIRE,CDK17
CDK,-0.7266666666666667,28,KRSA,0.6506777893639207,3,CMGC,CDK,PCTAIRE,CDK18
CDK,-0.7266666666666667,28,KRSA,0.6506777893639207,3,CMGC,CDK,CDK8,CDK19
CDK,-0.7266666666666667,28,KRSA,0.6506777893639207,3,CMGC,CDK,CDC2,CDK2
CDK,-0.7266666666666667,28,KRSA,0.6506777893639207,3,CMGC,CDK,CCRK,CDK20
CDK,-0.7266666666666667,28,KRSA,0.6506777893639207,3,CMGC,CDK,CDC2,CDK3
CDK,-0.7266666666666667,28,KRSA,0.6506777893639207,3,CMGC,CDK,CDK4,CDK4
CDK,-0.7266666666666667,28,KRSA,0.6506777893639207,3,CMGC,CDK,CDK5,CDK5
CDK,-0.7266666666666667,28,KRSA,0.6506777893639207,3,CMGC,CDK,CDK4,CDK6
CDK,-0.7266666666666667,28,KRSA,0.6506777893639207,3,CMGC,CDK,CDK7,CDK7
CDK,-0.7266666666666667,28,KRSA,0.6506777893639207,3,CMGC,CDK,CDK8,CDK8
CDK,-0.7266666666666667,28,KRSA,0.6506777893639207,3,CMGC,CDK,CDK9,CDK9
CDK,-0.7266666666666667,28,KRSA,0.6506777893639207,3,NA,NA,NA,CDK11A
CDK,-0.7266666666666667,28,KRSA,0.6506777893639207,3,NA,NA,NA,CDK11B
PKN,-0.4141666666666666,50,KRSA,0.36287799791449427,2,AGC,PKN,PKN,PKN1
PKN,-0.4141666666666666,50,KRSA,0.36287799791449427,2,AGC,PKN,PKN,PKN2
PKN,-0.4141666666666666,50,KRSA,0.36287799791449427,2,AGC,PKN,PKN,PKN3
TLK,-1.0066666666666666,14,KRSA,0.8258602711157456,4,OTHER,TLK,TLK,TLK1
TLK,-1.0066666666666666,14,KRSA,0.8258602711157456,4,OTHER,TLK,TLK,TLK2
PKCI,0.3325000000000001,58,KRSA,0.26277372262773724,2,AGC,PKC,IOTA,PRKCI
PKCI,0.3325000000000001,58,KRSA,0.26277372262773724,2,AGC,PKC,IOTA,PRKCZ
GSK,-0.42833333333333334,49,KRSA,0.3753910323253389,2,CMGC,GSK,GSK,GSK3A
GSK,-0.42833333333333334,49,KRSA,0.3753910323253389,2,CMGC,GSK,GSK,GSK3B
STE7,-1.595,2,KRSA,0.9760166840458812,4,STE,STE7,MEK1,MAP2K1
STE7,-1.595,2,KRSA,0.9760166840458812,4,STE,STE7,MEK1,MAP2K2
STE7,-1.595,2,KRSA,0.9760166840458812,4,STE,STE7,MEK3,MAP2K3
STE7,-1.595,2,KRSA,0.9760166840458812,4,STE,STE7,MEK4,MAP2K4
STE7,-1.595,2,KRSA,0.9760166840458812,4,STE,STE7,MEK5,MAP2K5
STE7,-1.595,2,KRSA,0.9760166840458812,4,STE,STE7,MEK3,MAP2K6
STE7,-1.595,2,KRSA,0.9760166840458812,4,STE,STE7,MEK7,MAP2K7
PRKDC,-0.4608333333333333,46,KRSA,0.4129301355578728,2,ATYPICAL,PIKK,DNAPK,PRKDC
MLCK,0.1466666666666667,68,KRSA,0.13764337851929093,1,CAMK,MLCK,MLCK,MYLK
MLCK,0.1466666666666667,68,KRSA,0.13764337851929093,1,CAMK,MLCK,MLCK,MYLK2
MLCK,0.1466666666666667,68,KRSA,0.13764337851929093,1,CAMK,MLCK,MLCK,TTN
COT,0.4683333333333334,44,KRSA,0.43795620437956206,2,STE,STE-UNIQUE,STE-UNIQUE,MAP3K8
IKK,-0.4658333333333333,45,KRSA,0.4254431699687174,2,OTHER,IKK,IKK,CHUK
IKK,-0.4658333333333333,45,KRSA,0.4254431699687174,2,OTHER,IKK,IKK,IKBKB
IKK,-0.4658333333333333,45,KRSA,0.4254431699687174,2,OTHER,IKK,IKK,IKBKE
IKK,-0.4658333333333333,45,KRSA,0.4254431699687174,2,OTHER,IKK,IKK,TBK1
AKT,0.8741666666666666,21,KRSA,0.7382690302398331,3,AGC,AKT,AKT,AKT1
AKT,0.8741666666666666,21,KRSA,0.7382690302398331,3,AGC,AKT,AKT,AKT2
AKT,0.8741666666666666,21,KRSA,0.7382690302398331,3,AGC,AKT,AKT,AKT3
CAMK2,-0.3933333333333333,52,KRSA,0.337851929092805,2,CAMK,CAMK2,CAMK2,CAMK2A
CAMK2,-0.3933333333333333,52,KRSA,0.337851929092805,2,CAMK,CAMK2,CAMK2,CAMK2B
CAMK2,-0.3933333333333333,52,KRSA,0.337851929092805,2,CAMK,CAMK2,CAMK2,CAMK2D
CAMK2,-0.3933333333333333,52,KRSA,0.337851929092805,2,CAMK,CAMK2,CAMK2,CAMK2G
RAD53,0.5133333333333333,41,KRSA,0.4754953076120959,2,CAMK,RAD53,RAD53,CHEK2
LKB,-0.725,29,KRSA,0.6256517205422315,3,CAMK,CAMKL,LKB,STK11
DMPK,0.7841666666666667,25,KRSA,0.6882168925964547,3,AGC,DMPK,GEK,CDC42BPA
DMPK,0.7841666666666667,25,KRSA,0.6882168925964547,3,AGC,DMPK,GEK,CDC42BPB
DMPK,0.7841666666666667,25,KRSA,0.6882168925964547,3,AGC,DMPK,GEK,CDC42BPG
DMPK,0.7841666666666667,25,KRSA,0.6882168925964547,3,AGC,DMPK,CRIK,CIT
DMPK,0.7841666666666667,25,KRSA,0.6882168925964547,3,AGC,DMPK,GEK,DMPK
DMPK,0.7841666666666667,25,KRSA,0.6882168925964547,3,AGC,DMPK,ROCK,ROCK1
DMPK,0.7841666666666667,25,KRSA,0.6882168925964547,3,AGC,DMPK,ROCK,ROCK2
NIK,-0.725,29,KRSA,0.6256517205422315,3,STE,STE-UNIQUE,STE-UNIQUE,MAP3K14
CK2,-0.6783333333333333,33,KRSA,0.5755995828988529,3,CMGC,CK2,CK2,CSNK2A1
CK2,-0.6783333333333333,33,KRSA,0.5755995828988529,3,CMGC,CK2,CK2,CSNK2A2
CK2,-0.6783333333333333,33,KRSA,0.5755995828988529,3,NA,NA,NA,CSNK2A3
WNK,-0.38,55,KRSA,0.30031282586027114,2,OTHER,WNK,WNK,WNK1
WNK,-0.38,55,KRSA,0.30031282586027114,2,OTHER,WNK,WNK,WNK2
WNK,-0.38,55,KRSA,0.30031282586027114,2,OTHER,WNK,WNK,WNK3
WNK,-0.38,55,KRSA,0.30031282586027114,2,OTHER,WNK,WNK,WNK4
ULK,-0.7125,32,KRSA,0.5881126173096975,3,OTHER,ULK,FUSED,STK36
ULK,-0.7125,32,KRSA,0.5881126173096975,3,OTHER,ULK,ULK,ULK1
ULK,-0.7125,32,KRSA,0.5881126173096975,3,OTHER,ULK,ULK,ULK2
ULK,-0.7125,32,KRSA,0.5881126173096975,3,OTHER,ULK,ULK,ULK3
ULK,-0.7125,32,KRSA,0.5881126173096975,3,OTHER,ULK,ULK,ULK4
BRSK,-0.38333333333333336,54,KRSA,0.31282586027111575,2,CAMK,CAMKL,BRSK,BRSK1
BRSK,-0.38333333333333336,54,KRSA,0.31282586027111575,2,CAMK,CAMKL,BRSK,BRSK2
CLK,-0.715,30,KRSA,0.6131386861313869,3,CMGC,CLK,CLK,CLK1
CLK,-0.715,30,KRSA,0.6131386861313869,3,CMGC,CLK,CLK,CLK2
CLK,-0.715,30,KRSA,0.6131386861313869,3,CMGC,CLK,CLK,CLK3
CLK,-0.715,30,KRSA,0.6131386861313869,3,CMGC,CLK,CLK,CLK4
CAMKK,0.7991666666666667,24,KRSA,0.7007299270072993,3,OTHER,CAMKK,META,CAMKK1
CAMKK,0.7991666666666667,24,KRSA,0.7007299270072993,3,OTHER,CAMKK,META,CAMKK2
DAPK,1.274166666666667,6,KRSA,0.9259645464025026,4,CAMK,DAPK,DAPK,DAPK1
DAPK,1.274166666666667,6,KRSA,0.9259645464025026,4,CAMK,DAPK,DAPK,DAPK2
DAPK,1.274166666666667,6,KRSA,0.9259645464025026,4,CAMK,DAPK,DAPK,DAPK3
DAPK,1.274166666666667,6,KRSA,0.9259645464025026,4,CAMK,DAPK,DRAK,STK17A
DAPK,1.274166666666667,6,KRSA,0.9259645464025026,4,CAMK,DAPK,DRAK,STK17B
PKD,-0.2725,62,KRSA,0.2127215849843587,1,CAMK,PKD,PKD,PRKD1
PKD,-0.2725,62,KRSA,0.2127215849843587,1,CAMK,PKD,PKD,PRKD2
PKD,-0.2725,62,KRSA,0.2127215849843587,1,CAMK,PKD,PKD,PRKD3
ATR,0.08499999999999999,75,KRSA,0.05005213764337852,1,ATYPICAL,PIKK,ATR,ATR
STKR,-0.6016666666666667,38,KRSA,0.5130344108446299,3,TKL,STKR,TYPE1,ACVR1
STKR,-0.6016666666666667,38,KRSA,0.5130344108446299,3,TKL,STKR,TYPE1,ACVR1B
STKR,-0.6016666666666667,38,KRSA,0.5130344108446299,3,TKL,STKR,TYPE1,ACVR1C
STKR,-0.6016666666666667,38,KRSA,0.5130344108446299,3,TKL,STKR,TYPE2,ACVR2A
STKR,-0.6016666666666667,38,KRSA,0.5130344108446299,3,TKL,STKR,TYPE2,ACVR2B
STKR,-0.6016666666666667,38,KRSA,0.5130344108446299,3,TKL,STKR,TYPE1,ACVRL1
STKR,-0.6016666666666667,38,KRSA,0.5130344108446299,3,TKL,STKR,TYPE2,AMHR2
STKR,-0.6016666666666667,38,KRSA,0.5130344108446299,3,TKL,STKR,TYPE1,BMPR1A
STKR,-0.6016666666666667,38,KRSA,0.5130344108446299,3,TKL,STKR,TYPE1,BMPR1B
STKR,-0.6016666666666667,38,KRSA,0.5130344108446299,3,TKL,STKR,TYPE2,BMPR2
STKR,-0.6016666666666667,38,KRSA,0.5130344108446299,3,TKL,STKR,TYPE1,TGFBR1
STKR,-0.6016666666666667,38,KRSA,0.5130344108446299,3,TKL,STKR,TYPE2,TGFBR2
ATM,-0.8233333333333334,22,KRSA,0.7257559958289885,3,ATYPICAL,PIKK,ATM,ATM
MST,-0.34833333333333333,57,KRSA,0.27528675703858185,2,STE,STE20,MST,STK3
MST,-0.34833333333333333,57,KRSA,0.27528675703858185,2,STE,STE20,MST,STK4
RSK,0.6566666666666666,35,KRSA,0.5505735140771637,3,AGC,RSK,RSK,RPS6KA1
RSK,0.6566666666666666,35,KRSA,0.5505735140771637,3,AGC,RSK,RSK,RPS6KA2
RSK,0.6566666666666666,35,KRSA,0.5505735140771637,3,AGC,RSK,RSK,RPS6KA3
RSK,0.6566666666666666,35,KRSA,0.5505735140771637,3,AGC,RSK,MSK,RPS6KA4
RSK,0.6566666666666666,35,KRSA,0.5505735140771637,3,AGC,RSK,MSK,RPS6KA5
RSK,0.6566666666666666,35,KRSA,0.5505735140771637,3,AGC,RSK,RSK,RPS6KA6
RSK,0.6566666666666666,35,KRSA,0.5505735140771637,3,AGC,RSK,P70,RPS6KB1
RSK,0.6566666666666666,35,KRSA,0.5505735140771637,3,AGC,RSK,P70,RPS6KB2
PKCH,-0.5,43,KRSA,0.4504692387904067,2,AGC,PKC,ETA,PRKCE
PKCH,-0.5,43,KRSA,0.4504692387904067,2,AGC,PKC,ETA,PRKCH
QIK,-0.02166666666666665,78,KRSA,0.01251303441084463,1,CAMK,CAMKL,QIK,SIK1
QIK,-0.02166666666666665,78,KRSA,0.01251303441084463,1,CAMK,CAMKL,QIK,SIK2
PIM,0.5791666666666667,39,KRSA,0.5005213764337852,3,CAMK,PIM,PIM,PIM1
PIM,0.5791666666666667,39,KRSA,0.5005213764337852,3,CAMK,PIM,PIM,PIM2
PIM,0.5791666666666667,39,KRSA,0.5005213764337852,3,CAMK,PIM,PIM,PIM3
PHK,0.8925,20,KRSA,0.7507820646506778,4,CAMK,PHK,PHK,PHKG1
PHK,0.8925,20,KRSA,0.7507820646506778,4,CAMK,PHK,PHK,PHKG2
DYRK,-0.7133333333333334,31,KRSA,0.6006256517205423,3,CMGC,DYRK,DYRK1,DYRK1A
DYRK,-0.7133333333333334,31,KRSA,0.6006256517205423,3,CMGC,DYRK,DYRK1,DYRK1B
DYRK,-0.7133333333333334,31,KRSA,0.6006256517205423,3,CMGC,DYRK,DYRK2,DYRK2
DYRK,-0.7133333333333334,31,KRSA,0.6006256517205423,3,CMGC,DYRK,DYRK2,DYRK3
DYRK,-0.7133333333333334,31,KRSA,0.6006256517205423,3,CMGC,DYRK,DYRK2,DYRK4
DYRK,-0.7133333333333334,31,KRSA,0.6006256517205423,3,CMGC,DYRK,HIPK,HIPK1
DYRK,-0.7133333333333334,31,KRSA,0.6006256517205423,3,CMGC,DYRK,HIPK,HIPK2
DYRK,-0.7133333333333334,31,KRSA,0.6006256517205423,3,CMGC,DYRK,HIPK,HIPK3
DYRK,-0.7133333333333334,31,KRSA,0.6006256517205423,3,CMGC,DYRK,HIPK,HIPK4
DYRK,-0.7133333333333334,31,KRSA,0.6006256517205423,3,CMGC,DYRK,PRP4,PRPF4B
CK1,-0.3175,59,KRSA,0.2502606882168926,2,CK1,CK1,CK1-A,CSNK1A1
CK1,-0.3175,59,KRSA,0.2502606882168926,2,CK1,CK1,CK1-A,CSNK1A1L
CK1,-0.3175,59,KRSA,0.2502606882168926,2,CK1,CK1,CK1-D,CSNK1D
CK1,-0.3175,59,KRSA,0.2502606882168926,2,CK1,CK1,CK1-D,CSNK1E
CK1,-0.3175,59,KRSA,0.2502606882168926,2,CK1,CK1,CK1-G,CSNK1G1
CK1,-0.3175,59,KRSA,0.2502606882168926,2,CK1,CK1,CK1-G,CSNK1G2
CK1,-0.3175,59,KRSA,0.2502606882168926,2,CK1,CK1,CK1-G,CSNK1G3
CK1,-0.3175,59,KRSA,0.2502606882168926,2,CK1,TTBK,TTBK,TTBK1
CK1,-0.3175,59,KRSA,0.2502606882168926,2,CK1,TTBK,TTBK,TTBK2
CK1,-0.3175,59,KRSA,0.2502606882168926,2,CK1,VRK,VRK,VRK3
NEK,-1.1375,11,KRSA,0.8633993743482794,4,OTHER,NEK,NEK11,NEK11
NEK,-1.1375,11,KRSA,0.8633993743482794,4,OTHER,NEK,NEK2,NEK2
NEK,-1.1375,11,KRSA,0.8633993743482794,4,OTHER,NEK,NEK1,NEK3
NEK,-1.1375,11,KRSA,0.8633993743482794,4,OTHER,NEK,NEK4,NEK4
NEK,-1.1375,11,KRSA,0.8633993743482794,4,OTHER,NEK,NEK1,NEK5
NEK,-1.1375,11,KRSA,0.8633993743482794,4,OTHER,NEK,NEK6,NEK6
NEK,-1.1375,11,KRSA,0.8633993743482794,4,OTHER,NEK,NEK6,NEK7
NEK,-1.1375,11,KRSA,0.8633993743482794,4,OTHER,NEK,NEK8,NEK8
NEK,-1.1375,11,KRSA,0.8633993743482794,4,OTHER,NEK,NEK8,NEK9
TTK,-0.1525,67,KRSA,0.15015641293013557,1,OTHER,TTK,TTK,TTK
PAKA,-0.45166666666666666,47,KRSA,0.40041710114702816,2,STE,STE20,PAKA,PAK1
PAKA,-0.45166666666666666,47,KRSA,0.40041710114702816,2,STE,STE20,PAKA,PAK2
PAKA,-0.45166666666666666,47,KRSA,0.40041710114702816,2,STE,STE20,PAKA,PAK3
PAKB,0.10583333333333332,72,KRSA,0.08759124087591241,1,STE,STE20,PAKB,PAK4
PAKB,0.10583333333333332,72,KRSA,0.08759124087591241,1,STE,STE20,PAKB,PAK5
PAKB,0.10583333333333332,72,KRSA,0.08759124087591241,1,STE,STE20,PAKB,PAK6
NUAK,-0.14083333333333334,70,KRSA,0.11261730969760167,1,CAMK,CAMKL,NUAK,NUAK1
NUAK,-0.14083333333333334,70,KRSA,0.11261730969760167,1,CAMK,CAMKL,NUAK,NUAK2
MTOR,-0.2791666666666667,61,KRSA,0.22523461939520334,1,ATYPICAL,PIKK,FRAP,MTOR
AMPK,0.6483333333333333,36,KRSA,0.5380604796663191,3,CAMK,CAMKL,AMPK,PRKAA1
AMPK,0.6483333333333333,36,KRSA,0.5380604796663191,3,CAMK,CAMKL,AMPK,PRKAA2
IRAK,-0.38916666666666666,53,KRSA,0.32533889468196037,2,TKL,IRAK,IRAK,IRAK1
IRAK,-0.38916666666666666,53,KRSA,0.32533889468196037,2,TKL,IRAK,IRAK,IRAK2
IRAK,-0.38916666666666666,53,KRSA,0.32533889468196037,2,TKL,IRAK,IRAK,IRAK3
IRAK,-0.38916666666666666,53,KRSA,0.32533889468196037,2,TKL,IRAK,IRAK,IRAK4
PKG,0.9708333333333332,15,KRSA,0.8133472367049009,4,AGC,PKG,PKG,PRKG1
PKG,0.9708333333333332,15,KRSA,0.8133472367049009,4,AGC,PKG,PKG,PRKG2
PDK1,-1.1775,8,KRSA,0.9009384775808134,4,ATYPICAL,PDHK,PDHK,PDK1
PDK1,-1.1775,8,KRSA,0.9009384775808134,4,AGC,PDK1,PDK1,PDPK1
GRK,-0.4133333333333334,51,KRSA,0.35036496350364965,2,AGC,GRK,GRK,GRK1
GRK,-0.4133333333333334,51,KRSA,0.35036496350364965,2,AGC,GRK,GRK,GRK4
GRK,-0.4133333333333334,51,KRSA,0.35036496350364965,2,AGC,GRK,GRK,GRK5
GRK,-0.4133333333333334,51,KRSA,0.35036496350364965,2,AGC,GRK,GRK,GRK6
GRK,-0.4133333333333334,51,KRSA,0.35036496350364965,2,AGC,GRK,GRK,GRK7
P38,-0.9041666666666668,19,KRSA,0.7632950990615224,4,CMGC,MAPK,P38,MAPK11
P38,-0.9041666666666668,19,KRSA,0.7632950990615224,4,CMGC,MAPK,P38,MAPK12
P38,-0.9041666666666668,19,KRSA,0.7632950990615224,4,CMGC,MAPK,P38,MAPK13
P38,-0.9041666666666668,19,KRSA,0.7632950990615224,4,CMGC,MAPK,P38,MAPK14
FRAY,-0.755,26,KRSA,0.67570385818561,3,STE,STE20,FRAY,OXSR1
FRAY,-0.755,26,KRSA,0.67570385818561,3,STE,STE20,FRAY,STK39
STE11,0.00166666666666666,79,KRSA,0,1,TKL,MLK,TAK1,MAP3K7
STE11,0.00166666666666666,79,KRSA,0,1,STE,STE11,MEKK1,MAP3K1
STE11,0.00166666666666666,79,KRSA,0,1,STE,STE11,ASK,MAP3K15
STE11,0.00166666666666666,79,KRSA,0,1,STE,STE11,MEKK2,MAP3K2
STE11,0.00166666666666666,79,KRSA,0,1,STE,STE11,MEKK2,MAP3K3
STE11,0.00166666666666666,79,KRSA,0,1,STE,STE11,MEKK4,MAP3K4
STE11,0.00166666666666666,79,KRSA,0,1,STE,STE11,ASK,MAP3K5
STE11,0.00166666666666666,79,KRSA,0,1,STE,STE11,ASK,MAP3K6
PKCA,0.25333333333333335,64,KRSA,0.18769551616266944,1,AGC,PKC,ALPHA,PRKCA
PKCA,0.25333333333333335,64,KRSA,0.18769551616266944,1,AGC,PKC,ALPHA,PRKCB
PKCA,0.25333333333333335,64,KRSA,0.18769551616266944,1,AGC,PKC,ALPHA,PRKCG
PKA,1.1333333333333333,12,KRSA,0.8508863399374348,4,AGC,PKA,PKA,PRKACA
PKA,1.1333333333333333,12,KRSA,0.8508863399374348,4,AGC,PKA,PKA,PRKACB
PKA,1.1333333333333333,12,KRSA,0.8508863399374348,4,AGC,PKA,PKA,PRKACG
PKA,1.1333333333333333,12,KRSA,0.8508863399374348,4,AGC,PKA,PKA,PRKX
PKA,1.1333333333333333,12,KRSA,0.8508863399374348,4,AGC,PKA,PKA,PRKY
PKCD,-0.15416666666666665,66,KRSA,0.16266944734098018,1,AGC,PKC,DELTA,PRKCD
PKCD,-0.15416666666666665,66,KRSA,0.16266944734098018,1,AGC,PKC,DELTA,PRKCQ
RIPK,1.1483333333333334,9,KRSA,0.8884254431699687,4,TKL,RIPK,RIPK,ANKK1
RIPK,1.1483333333333334,9,KRSA,0.8884254431699687,4,TKL,RIPK,RIPK,RIPK1
RIPK,1.1483333333333334,9,KRSA,0.8884254431699687,4,TKL,RIPK,RIPK,RIPK2
RIPK,1.1483333333333334,9,KRSA,0.8884254431699687,4,TKL,RIPK,RIPK,RIPK3
RIPK,1.1483333333333334,9,KRSA,0.8884254431699687,4,TKL,RIPK,RIPK,RIPK4
NDR,0.25583333333333336,63,KRSA,0.20020855057351408,1,AGC,NDR,NDR,LATS1
NDR,0.25583333333333336,63,KRSA,0.20020855057351408,1,AGC,NDR,NDR,LATS2
NDR,0.25583333333333336,63,KRSA,0.20020855057351408,1,AGC,NDR,NDR,STK38
NDR,0.25583333333333336,63,KRSA,0.20020855057351408,1,AGC,NDR,NDR,STK38L
VRK1,-0.06499999999999999,76,KRSA,0.03753910323253389,1,CK1,VRK,VRK,VRK1
PLK,-0.5791666666666666,40,KRSA,0.4880083420229406,2,NA,NA,NA,PLK5
PLK,-0.5791666666666666,40,KRSA,0.4880083420229406,2,OTHER,PLK,PLK1,PLK1
PLK,-0.5791666666666666,40,KRSA,0.4880083420229406,2,OTHER,PLK,PLK2,PLK2
PLK,-0.5791666666666666,40,KRSA,0.4880083420229406,2,OTHER,PLK,PLK2,PLK3
PLK,-0.5791666666666666,40,KRSA,0.4880083420229406,2,OTHER,PLK,SAK,PLK4
MLK,0.145,69,KRSA,0.1251303441084463,1,TKL,MLK,ILK,ILK
MLK,0.145,69,KRSA,0.1251303441084463,1,TKL,MLK,MLK,MAP3K10
MLK,0.145,69,KRSA,0.1251303441084463,1,TKL,MLK,MLK,MAP3K11
MLK,0.145,69,KRSA,0.1251303441084463,1,TKL,MLK,LZK,MAP3K12
MLK,0.145,69,KRSA,0.1251303441084463,1,TKL,MLK,LZK,MAP3K13
MLK,0.145,69,KRSA,0.1251303441084463,1,TKL,MLK,MLK,MAP3K9
MLK,0.145,69,KRSA,0.1251303441084463,1,TKL,MLK,HH498,TNNI3K
MSN,1.1416666666666666,10,KRSA,0.8759124087591241,4,STE,STE20,MSN,MAP4K4
MSN,1.1416666666666666,10,KRSA,0.8759124087591241,4,STE,STE20,MSN,NRK
MSN,1.1416666666666666,10,KRSA,0.8759124087591241,4,STE,STE20,MSN,TNIK
NMO,-2.1433333333333335,1,KRSA,0.9885297184567258,4,CMGC,MAPK,NMO,NLK
CAMK1,0.9558333333333332,16,KRSA,0.8008342022940563,4,CAMK,CAMK1,CAMK1,CAMK1
CAMK1,0.9558333333333332,16,KRSA,0.8008342022940563,4,CAMK,CAMK1,CAMK1,CAMK1D
CAMK1,0.9558333333333332,16,KRSA,0.8008342022940563,4,CAMK,CAMK1,CAMK1,CAMK1G
CAMK1,0.9558333333333332,16,KRSA,0.8008342022940563,4,CAMK,CAMK1,CAMK1,CAMK4
CAMK1,0.9558333333333332,16,KRSA,0.8008342022940563,4,CAMK,CAMK1,CAMK1,PNCK
CHK1,0.31416666666666665,60,KRSA,0.23774765380604795,1,CAMK,CAMKL,CHK1,CHEK1
AUR,1.4466666666666668,4,KRSA,0.9509906152241918,4,OTHER,AUR,AUR,AURKA
AUR,1.4466666666666668,4,KRSA,0.9509906152241918,4,OTHER,AUR,AUR,AURKB
AUR,1.4466666666666668,4,KRSA,0.9509906152241918,4,OTHER,AUR,AUR,AURKC
PKCI,0.3325000000000001,58,KRSA,0.26277372262773724,2,AGC,PKC,IOTA,PRKCI
PKCI,0.3325000000000001,58,KRSA,0.26277372262773724,2,AGC,PKC,IOTA,PRKCZ
ERK,-1.5791666666666666,3,KRSA,0.9635036496350365,4,CMGC,MAPK,ERK1,MAPK1
ERK,-1.5791666666666666,3,KRSA,0.9635036496350365,4,CMGC,MAPK,ERK7,MAPK15
ERK,-1.5791666666666666,3,KRSA,0.9635036496350365,4,CMGC,MAPK,ERK1,MAPK3
ERK,-1.5791666666666666,3,KRSA,0.9635036496350365,4,CMGC,MAPK,ERK3,MAPK4
ERK,-1.5791666666666666,3,KRSA,0.9635036496350365,4,CMGC,MAPK,ERK3,MAPK6
ERK,-1.5791666666666666,3,KRSA,0.9635036496350365,4,CMGC,MAPK,ERK5,MAPK7
MOS,0.6716666666666666,34,KRSA,0.5630865484880083,3,OTHER,MOS,MOS,MOS
SLK,0.6216666666666667,37,KRSA,0.5255474452554745,3,STE,STE20,SLK,SLK
SLK,0.6216666666666667,37,KRSA,0.5255474452554745,3,STE,STE20,SLK,STK10
KHS,0.09166666666666666,74,KRSA,0.06256517205422316,1,STE,STE20,KHS,MAP4K1
KHS,0.09166666666666666,74,KRSA,0.06256517205422316,1,STE,STE20,KHS,MAP4K2
KHS,0.09166666666666666,74,KRSA,0.06256517205422316,1,STE,STE20,KHS,MAP4K3
KHS,0.09166666666666666,74,KRSA,0.06256517205422316,1,STE,STE20,KHS,MAP4K5
TAO,0.16916666666666666,65,KRSA,0.17518248175182483,1,STE,STE20,TAO,TAOK1
TAO,0.16916666666666666,65,KRSA,0.17518248175182483,1,STE,STE20,TAO,TAOK2
TAO,0.16916666666666666,65,KRSA,0.17518248175182483,1,STE,STE20,TAO,TAOK3
BUD32,0.5025,42,KRSA,0.4629822732012513,2,OTHER,BUD32,BUD32,TP53RK
PASK,0.9266666666666666,18,KRSA,0.7758081334723671,4,CAMK,CAMKL,PASK,PASK
JNK,-1.2866666666666666,5,KRSA,0.9384775808133472,4,CMGC,MAPK,JNK,MAPK10
JNK,-1.2866666666666666,5,KRSA,0.9384775808133472,4,CMGC,MAPK,JNK,MAPK8
JNK,-1.2866666666666666,5,KRSA,0.9384775808133472,4,CMGC,MAPK,JNK,MAPK9
COT,0.4683333333333334,44,KRSA,0.43795620437956206,2,STE,STE-UNIQUE,STE-UNIQUE,MAP3K8
CK2,-0.6783333333333333,33,KRSA,0.5755995828988529,3,CMGC,CK2,CK2,CSNK2A1
CK2,-0.6783333333333333,33,KRSA,0.5755995828988529,3,CMGC,CK2,CK2,CSNK2A2
CK2,-0.6783333333333333,33,KRSA,0.5755995828988529,3,NA,NA,NA,CSNK2A3
SGK,0.7408333333333333,27,KRSA,0.6631908237747653,3,AGC,SGK,SGK,SGK1
SGK,0.7408333333333333,27,KRSA,0.6631908237747653,3,AGC,SGK,SGK,SGK2
SGK,0.7408333333333333,27,KRSA,0.6631908237747653,3,AGC,SGK,SGK,SGK3
BARK2,-0.13666666666666666,71,KRSA,0.10010427528675704,1,AGC,GRK,BARK,GRK3
PDHK,-0.94,17,KRSA,0.7883211678832117,4,ATYPICAL,PDHK,BCKDK,BCKDK
PDHK,-0.94,17,KRSA,0.7883211678832117,4,ATYPICAL,PDHK,PDHK,PDK2
PDHK,-0.94,17,KRSA,0.7883211678832117,4,ATYPICAL,PDHK,PDHK,PDK3
PDHK,-0.94,17,KRSA,0.7883211678832117,4,ATYPICAL,PDHK,PDHK,PDK4
CDK,-0.7266666666666667,28,KRSA,0.6506777893639207,3,CMGC,CDK,CDC2,CDK1
CDK,-0.7266666666666667,28,KRSA,0.6506777893639207,3,CMGC,CDK,CDK10,CDK10
CDK,-0.7266666666666667,28,KRSA,0.6506777893639207,3,CMGC,CDK,CRK7,CDK12
CDK,-0.7266666666666667,28,KRSA,0.6506777893639207,3,CMGC,CDK,CRK7,CDK13
CDK,-0.7266666666666667,28,KRSA,0.6506777893639207,3,CMGC,CDK,PFTAIRE,CDK14
CDK,-0.7266666666666667,28,KRSA,0.6506777893639207,3,CMGC,CDK,PFTAIRE,CDK15
CDK,-0.7266666666666667,28,KRSA,0.6506777893639207,3,CMGC,CDK,PCTAIRE,CDK16
CDK,-0.7266666666666667,28,KRSA,0.6506777893639207,3,CMGC,CDK,PCTAIRE,CDK17
CDK,-0.7266666666666667,28,KRSA,0.6506777893639207,3,CMGC,CDK,PCTAIRE,CDK18
CDK,-0.7266666666666667,28,KRSA,0.6506777893639207,3,CMGC,CDK,CDK8,CDK19
CDK,-0.7266666666666667,28,KRSA,0.6506777893639207,3,CMGC,CDK,CDC2,CDK2
CDK,-0.7266666666666667,28,KRSA,0.6506777893639207,3,CMGC,CDK,CCRK,CDK20
CDK,-0.7266666666666667,28,KRSA,0.6506777893639207,3,CMGC,CDK,CDC2,CDK3
CDK,-0.7266666666666667,28,KRSA,0.6506777893639207,3,CMGC,CDK,CDK4,CDK4
CDK,-0.7266666666666667,28,KRSA,0.6506777893639207,3,CMGC,CDK,CDK5,CDK5
CDK,-0.7266666666666667,28,KRSA,0.6506777893639207,3,CMGC,CDK,CDK4,CDK6
CDK,-0.7266666666666667,28,KRSA,0.6506777893639207,3,CMGC,CDK,CDK7,CDK7
CDK,-0.7266666666666667,28,KRSA,0.6506777893639207,3,CMGC,CDK,CDK8,CDK8
CDK,-0.7266666666666667,28,KRSA,0.6506777893639207,3,CMGC,CDK,CDK9,CDK9
CDK,-0.7266666666666667,28,KRSA,0.6506777893639207,3,NA,NA,NA,CDK11A
CDK,-0.7266666666666667,28,KRSA,0.6506777893639207,3,NA,NA,NA,CDK11B
DAPK,1.274166666666667,6,KRSA,0.9259645464025026,4,CAMK,DAPK,DAPK,DAPK1
DAPK,1.274166666666667,6,KRSA,0.9259645464025026,4,CAMK,DAPK,DAPK,DAPK2
DAPK,1.274166666666667,6,KRSA,0.9259645464025026,4,CAMK,DAPK,DAPK,DAPK3
DAPK,1.274166666666667,6,KRSA,0.9259645464025026,4,CAMK,DAPK,DRAK,STK17A
DAPK,1.274166666666667,6,KRSA,0.9259645464025026,4,CAMK,DAPK,DRAK,STK17B
IKK,-0.4658333333333333,45,KRSA,0.4254431699687174,2,OTHER,IKK,IKK,CHUK
IKK,-0.4658333333333333,45,KRSA,0.4254431699687174,2,OTHER,IKK,IKK,IKBKB
IKK,-0.4658333333333333,45,KRSA,0.4254431699687174,2,OTHER,IKK,IKK,IKBKE
IKK,-0.4658333333333333,45,KRSA,0.4254431699687174,2,OTHER,IKK,IKK,TBK1
AMPK,0.6483333333333333,36,KRSA,0.5380604796663191,3,CAMK,CAMKL,AMPK,PRKAA1
AMPK,0.6483333333333333,36,KRSA,0.5380604796663191,3,CAMK,CAMKL,AMPK,PRKAA2
PEK,-1.25,7,KRSA,0.913451511991658,4,OTHER,PEK,HRI,EIF2AK1
PEK,-1.25,7,KRSA,0.913451511991658,4,OTHER,PEK,PKR,EIF2AK2
PEK,-1.25,7,KRSA,0.913451511991658,4,OTHER,PEK,PEK,EIF2AK3
PEK,-1.25,7,KRSA,0.913451511991658,4,OTHER,PEK,GCN2,EIF2AK4
RAF,0.03583333333333334,77,KRSA,0.02502606882168926,1,TKL,RAF,RAF,ARAF
RAF,0.03583333333333334,77,KRSA,0.02502606882168926,1,TKL,RAF,RAF,BRAF
RAF,0.03583333333333334,77,KRSA,0.02502606882168926,1,TKL,RAF,KSR,KSR1
RAF,0.03583333333333334,77,KRSA,0.02502606882168926,1,TKL,RAF,KSR,KSR2
RAF,0.03583333333333334,77,KRSA,0.02502606882168926,1,TKL,RAF,RAF,RAF1
NAK,-1.0233333333333334,13,KRSA,0.8383733055265902,4,OTHER,NAK,BIKE,AAK1
NAK,-1.0233333333333334,13,KRSA,0.8383733055265902,4,OTHER,NAK,BIKE,BMP2K
NAK,-1.0233333333333334,13,KRSA,0.8383733055265902,4,OTHER,NAK,GAK,GAK
NAK,-1.0233333333333334,13,KRSA,0.8383733055265902,4,OTHER,NAK,MPSK,STK16
PKN,-0.4141666666666666,50,KRSA,0.36287799791449427,2,AGC,PKN,PKN,PKN1
PKN,-0.4141666666666666,50,KRSA,0.36287799791449427,2,AGC,PKN,PKN,PKN2
PKN,-0.4141666666666666,50,KRSA,0.36287799791449427,2,AGC,PKN,PKN,PKN3
TLK,-1.0066666666666666,14,KRSA,0.8258602711157456,4,OTHER,TLK,TLK,TLK1
TLK,-1.0066666666666666,14,KRSA,0.8258602711157456,4,OTHER,TLK,TLK,TLK2
HAL,0.37,56,KRSA,0.28779979144942647,2,RGC,RGC,RGC,NPR1
GSK,-0.42833333333333334,49,KRSA,0.3753910323253389,2,CMGC,GSK,GSK,GSK3A
GSK,-0.42833333333333334,49,KRSA,0.3753910323253389,2,CMGC,GSK,GSK,GSK3B
IRAK,-0.38916666666666666,53,KRSA,0.32533889468196037,2,TKL,IRAK,IRAK,IRAK1
IRAK,-0.38916666666666666,53,KRSA,0.32533889468196037,2,TKL,IRAK,IRAK,IRAK2
IRAK,-0.38916666666666666,53,KRSA,0.32533889468196037,2,TKL,IRAK,IRAK,IRAK3
IRAK,-0.38916666666666666,53,KRSA,0.32533889468196037,2,TKL,IRAK,IRAK,IRAK4
MELK,-0.09416666666666668,73,KRSA,0.07507820646506778,1,CAMK,CAMKL,MELK,MELK
PKD,-0.2725,62,KRSA,0.2127215849843587,1,CAMK,PKD,PKD,PRKD1
PKD,-0.2725,62,KRSA,0.2127215849843587,1,CAMK,PKD,PKD,PRKD2
PKD,-0.2725,62,KRSA,0.2127215849843587,1,CAMK,PKD,PKD,PRKD3
FRAY,-0.755,26,KRSA,0.67570385818561,3,STE,STE20,FRAY,OXSR1
FRAY,-0.755,26,KRSA,0.67570385818561,3,STE,STE20,FRAY,STK39
PLK,-0.5791666666666666,40,KRSA,0.4880083420229406,2,NA,NA,NA,PLK5
PLK,-0.5791666666666666,40,KRSA,0.4880083420229406,2,OTHER,PLK,PLK1,PLK1
PLK,-0.5791666666666666,40,KRSA,0.4880083420229406,2,OTHER,PLK,PLK2,PLK2
PLK,-0.5791666666666666,40,KRSA,0.4880083420229406,2,OTHER,PLK,PLK2,PLK3
PLK,-0.5791666666666666,40,KRSA,0.4880083420229406,2,OTHER,PLK,SAK,PLK4
AKT,0.8741666666666666,21,KRSA,0.7382690302398331,3,AGC,AKT,AKT,AKT1
AKT,0.8741666666666666,21,KRSA,0.7382690302398331,3,AGC,AKT,AKT,AKT2
AKT,0.8741666666666666,21,KRSA,0.7382690302398331,3,AGC,AKT,AKT,AKT3
PAKA,-0.45166666666666666,47,KRSA,0.40041710114702816,2,STE,STE20,PAKA,PAK1
PAKA,-0.45166666666666666,47,KRSA,0.40041710114702816,2,STE,STE20,PAKA,PAK2
PAKA,-0.45166666666666666,47,KRSA,0.40041710114702816,2,STE,STE20,PAKA,PAK3
CLK,-0.715,30,KRSA,0.6131386861313869,3,CMGC,CLK,CLK,CLK1
CLK,-0.715,30,KRSA,0.6131386861313869,3,CMGC,CLK,CLK,CLK2
CLK,-0.715,30,KRSA,0.6131386861313869,3,CMGC,CLK,CLK,CLK3
CLK,-0.715,30,KRSA,0.6131386861313869,3,CMGC,CLK,CLK,CLK4
NIK,-0.725,29,KRSA,0.6256517205422315,3,STE,STE-UNIQUE,STE-UNIQUE,MAP3K14
WNK,-0.38,55,KRSA,0.30031282586027114,2,OTHER,WNK,WNK,WNK1
WNK,-0.38,55,KRSA,0.30031282586027114,2,OTHER,WNK,WNK,WNK2
WNK,-0.38,55,KRSA,0.30031282586027114,2,OTHER,WNK,WNK,WNK3
WNK,-0.38,55,KRSA,0.30031282586027114,2,OTHER,WNK,WNK,WNK4
CAMKK,0.7991666666666667,24,KRSA,0.7007299270072993,3,OTHER,CAMKK,META,CAMKK1
CAMKK,0.7991666666666667,24,KRSA,0.7007299270072993,3,OTHER,CAMKK,META,CAMKK2
BRSK,-0.38333333333333336,54,KRSA,0.31282586027111575,2,CAMK,CAMKL,BRSK,BRSK1
BRSK,-0.38333333333333336,54,KRSA,0.31282586027111575,2,CAMK,CAMKL,BRSK,BRSK2
ULK,-0.7125,32,KRSA,0.5881126173096975,3,OTHER,ULK,FUSED,STK36
ULK,-0.7125,32,KRSA,0.5881126173096975,3,OTHER,ULK,ULK,ULK1
ULK,-0.7125,32,KRSA,0.5881126173096975,3,OTHER,ULK,ULK,ULK2
ULK,-0.7125,32,KRSA,0.5881126173096975,3,OTHER,ULK,ULK,ULK3
ULK,-0.7125,32,KRSA,0.5881126173096975,3,OTHER,ULK,ULK,ULK4
STE7,-1.595,2,KRSA,0.9760166840458812,4,STE,STE7,MEK1,MAP2K1
STE7,-1.595,2,KRSA,0.9760166840458812,4,STE,STE7,MEK1,MAP2K2
STE7,-1.595,2,KRSA,0.9760166840458812,4,STE,STE7,MEK3,MAP2K3
STE7,-1.595,2,KRSA,0.9760166840458812,4,STE,STE7,MEK4,MAP2K4
STE7,-1.595,2,KRSA,0.9760166840458812,4,STE,STE7,MEK5,MAP2K5
STE7,-1.595,2,KRSA,0.9760166840458812,4,STE,STE7,MEK3,MAP2K6
STE7,-1.595,2,KRSA,0.9760166840458812,4,STE,STE7,MEK7,MAP2K7
PRKDC,-0.4608333333333333,46,KRSA,0.4129301355578728,2,ATYPICAL,PIKK,DNAPK,PRKDC
PAKB,0.10583333333333332,72,KRSA,0.08759124087591241,1,STE,STE20,PAKB,PAK4
PAKB,0.10583333333333332,72,KRSA,0.08759124087591241,1,STE,STE20,PAKB,PAK5
PAKB,0.10583333333333332,72,KRSA,0.08759124087591241,1,STE,STE20,PAKB,PAK6
STE11,0.00166666666666666,79,KRSA,0,1,TKL,MLK,TAK1,MAP3K7
STE11,0.00166666666666666,79,KRSA,0,1,STE,STE11,MEKK1,MAP3K1
STE11,0.00166666666666666,79,KRSA,0,1,STE,STE11,ASK,MAP3K15
STE11,0.00166666666666666,79,KRSA,0,1,STE,STE11,MEKK2,MAP3K2
STE11,0.00166666666666666,79,KRSA,0,1,STE,STE11,MEKK2,MAP3K3
STE11,0.00166666666666666,79,KRSA,0,1,STE,STE11,MEKK4,MAP3K4
STE11,0.00166666666666666,79,KRSA,0,1,STE,STE11,ASK,MAP3K5
STE11,0.00166666666666666,79,KRSA,0,1,STE,STE11,ASK,MAP3K6
PKA,1.1333333333333333,12,KRSA,0.8508863399374348,4,AGC,PKA,PKA,PRKACA
PKA,1.1333333333333333,12,KRSA,0.8508863399374348,4,AGC,PKA,PKA,PRKACB
PKA,1.1333333333333333,12,KRSA,0.8508863399374348,4,AGC,PKA,PKA,PRKACG
PKA,1.1333333333333333,12,KRSA,0.8508863399374348,4,AGC,PKA,PKA,PRKX
PKA,1.1333333333333333,12,KRSA,0.8508863399374348,4,AGC,PKA,PKA,PRKY
NUAK,-0.14083333333333334,70,KRSA,0.11261730969760167,1,CAMK,CAMKL,NUAK,NUAK1
NUAK,-0.14083333333333334,70,KRSA,0.11261730969760167,1,CAMK,CAMKL,NUAK,NUAK2
PKCH,-0.5,43,KRSA,0.4504692387904067,2,AGC,PKC,ETA,PRKCE
PKCH,-0.5,43,KRSA,0.4504692387904067,2,AGC,PKC,ETA,PRKCH
TTK,-0.1525,67,KRSA,0.15015641293013557,1,OTHER,TTK,TTK,TTK
NEK,-1.1375,11,KRSA,0.8633993743482794,4,OTHER,NEK,NEK11,NEK11
NEK,-1.1375,11,KRSA,0.8633993743482794,4,OTHER,NEK,NEK2,NEK2
NEK,-1.1375,11,KRSA,0.8633993743482794,4,OTHER,NEK,NEK1,NEK3
NEK,-1.1375,11,KRSA,0.8633993743482794,4,OTHER,NEK,NEK4,NEK4
NEK,-1.1375,11,KRSA,0.8633993743482794,4,OTHER,NEK,NEK1,NEK5
NEK,-1.1375,11,KRSA,0.8633993743482794,4,OTHER,NEK,NEK6,NEK6
NEK,-1.1375,11,KRSA,0.8633993743482794,4,OTHER,NEK,NEK6,NEK7
NEK,-1.1375,11,KRSA,0.8633993743482794,4,OTHER,NEK,NEK8,NEK8
NEK,-1.1375,11,KRSA,0.8633993743482794,4,OTHER,NEK,NEK8,NEK9
PIM,0.5791666666666667,39,KRSA,0.5005213764337852,3,CAMK,PIM,PIM,PIM1
PIM,0.5791666666666667,39,KRSA,0.5005213764337852,3,CAMK,PIM,PIM,PIM2
PIM,0.5791666666666667,39,KRSA,0.5005213764337852,3,CAMK,PIM,PIM,PIM3
LKB,-0.725,29,KRSA,0.6256517205422315,3,CAMK,CAMKL,LKB,STK11
MAPKAPK,0.44416666666666665,48,KRSA,0.38790406673618355,2,CAMK,MAPKAPK,MAPKAPK,MAPKAPK2
MAPKAPK,0.44416666666666665,48,KRSA,0.38790406673618355,2,CAMK,MAPKAPK,MAPKAPK,MAPKAPK3
MAPKAPK,0.44416666666666665,48,KRSA,0.38790406673618355,2,CAMK,MAPKAPK,MAPKAPK,MAPKAPK5
MAPKAPK,0.44416666666666665,48,KRSA,0.38790406673618355,2,CAMK,MAPKAPK,MNK,MKNK1
MAPKAPK,0.44416666666666665,48,KRSA,0.38790406673618355,2,CAMK,MAPKAPK,MNK,MKNK2
MST,-0.34833333333333333,57,KRSA,0.27528675703858185,2,STE,STE20,MST,STK3
MST,-0.34833333333333333,57,KRSA,0.27528675703858185,2,STE,STE20,MST,STK4
NDR,0.25583333333333336,63,KRSA,0.20020855057351408,1,AGC,NDR,NDR,LATS1
NDR,0.25583333333333336,63,KRSA,0.20020855057351408,1,AGC,NDR,NDR,LATS2
NDR,0.25583333333333336,63,KRSA,0.20020855057351408,1,AGC,NDR,NDR,STK38
NDR,0.25583333333333336,63,KRSA,0.20020855057351408,1,AGC,NDR,NDR,STK38L
VRK1,-0.06499999999999999,76,KRSA,0.03753910323253389,1,CK1,VRK,VRK,VRK1
MLCK,0.1466666666666667,68,KRSA,0.13764337851929093,1,CAMK,MLCK,MLCK,MYLK
MLCK,0.1466666666666667,68,KRSA,0.13764337851929093,1,CAMK,MLCK,MLCK,MYLK2
MLCK,0.1466666666666667,68,KRSA,0.13764337851929093,1,CAMK,MLCK,MLCK,TTN
ATM,-0.8233333333333334,22,KRSA,0.7257559958289885,3,ATYPICAL,PIKK,ATM,ATM
CAMK2,-0.3933333333333333,52,KRSA,0.337851929092805,2,CAMK,CAMK2,CAMK2,CAMK2A
CAMK2,-0.3933333333333333,52,KRSA,0.337851929092805,2,CAMK,CAMK2,CAMK2,CAMK2B
CAMK2,-0.3933333333333333,52,KRSA,0.337851929092805,2,CAMK,CAMK2,CAMK2,CAMK2D
CAMK2,-0.3933333333333333,52,KRSA,0.337851929092805,2,CAMK,CAMK2,CAMK2,CAMK2G
RSK,0.6566666666666666,35,KRSA,0.5505735140771637,3,AGC,RSK,RSK,RPS6KA1
RSK,0.6566666666666666,35,KRSA,0.5505735140771637,3,AGC,RSK,RSK,RPS6KA2
RSK,0.6566666666666666,35,KRSA,0.5505735140771637,3,AGC,RSK,RSK,RPS6KA3
RSK,0.6566666666666666,35,KRSA,0.5505735140771637,3,AGC,RSK,MSK,RPS6KA4
RSK,0.6566666666666666,35,KRSA,0.5505735140771637,3,AGC,RSK,MSK,RPS6KA5
RSK,0.6566666666666666,35,KRSA,0.5505735140771637,3,AGC,RSK,RSK,RPS6KA6
RSK,0.6566666666666666,35,KRSA,0.5505735140771637,3,AGC,RSK,P70,RPS6KB1
RSK,0.6566666666666666,35,KRSA,0.5505735140771637,3,AGC,RSK,P70,RPS6KB2
PKCA,0.25333333333333335,64,KRSA,0.18769551616266944,1,AGC,PKC,ALPHA,PRKCA
PKCA,0.25333333333333335,64,KRSA,0.18769551616266944,1,AGC,PKC,ALPHA,PRKCB
PKCA,0.25333333333333335,64,KRSA,0.18769551616266944,1,AGC,PKC,ALPHA,PRKCG
CK1,-0.3175,59,KRSA,0.2502606882168926,2,CK1,CK1,CK1-A,CSNK1A1
CK1,-0.3175,59,KRSA,0.2502606882168926,2,CK1,CK1,CK1-A,CSNK1A1L
CK1,-0.3175,59,KRSA,0.2502606882168926,2,CK1,CK1,CK1-D,CSNK1D
CK1,-0.3175,59,KRSA,0.2502606882168926,2,CK1,CK1,CK1-D,CSNK1E
CK1,-0.3175,59,KRSA,0.2502606882168926,2,CK1,CK1,CK1-G,CSNK1G1
CK1,-0.3175,59,KRSA,0.2502606882168926,2,CK1,CK1,CK1-G,CSNK1G2
CK1,-0.3175,59,KRSA,0.2502606882168926,2,CK1,CK1,CK1-G,CSNK1G3
CK1,-0.3175,59,KRSA,0.2502606882168926,2,CK1,TTBK,TTBK,TTBK1
CK1,-0.3175,59,KRSA,0.2502606882168926,2,CK1,TTBK,TTBK,TTBK2
CK1,-0.3175,59,KRSA,0.2502606882168926,2,CK1,VRK,VRK,VRK3
DMPK,0.7841666666666667,25,KRSA,0.6882168925964547,3,AGC,DMPK,GEK,CDC42BPA
DMPK,0.7841666666666667,25,KRSA,0.6882168925964547,3,AGC,DMPK,GEK,CDC42BPB
DMPK,0.7841666666666667,25,KRSA,0.6882168925964547,3,AGC,DMPK,GEK,CDC42BPG
DMPK,0.7841666666666667,25,KRSA,0.6882168925964547,3,AGC,DMPK,CRIK,CIT
DMPK,0.7841666666666667,25,KRSA,0.6882168925964547,3,AGC,DMPK,GEK,DMPK
DMPK,0.7841666666666667,25,KRSA,0.6882168925964547,3,AGC,DMPK,ROCK,ROCK1
DMPK,0.7841666666666667,25,KRSA,0.6882168925964547,3,AGC,DMPK,ROCK,ROCK2
STKR,-0.6016666666666667,38,KRSA,0.5130344108446299,3,TKL,STKR,TYPE1,ACVR1
STKR,-0.6016666666666667,38,KRSA,0.5130344108446299,3,TKL,STKR,TYPE1,ACVR1B
STKR,-0.6016666666666667,38,KRSA,0.5130344108446299,3,TKL,STKR,TYPE1,ACVR1C
STKR,-0.6016666666666667,38,KRSA,0.5130344108446299,3,TKL,STKR,TYPE2,ACVR2A
STKR,-0.6016666666666667,38,KRSA,0.5130344108446299,3,TKL,STKR,TYPE2,ACVR2B
STKR,-0.6016666666666667,38,KRSA,0.5130344108446299,3,TKL,STKR,TYPE1,ACVRL1
STKR,-0.6016666666666667,38,KRSA,0.5130344108446299,3,TKL,STKR,TYPE2,AMHR2
STKR,-0.6016666666666667,38,KRSA,0.5130344108446299,3,TKL,STKR,TYPE1,BMPR1A
STKR,-0.6016666666666667,38,KRSA,0.5130344108446299,3,TKL,STKR,TYPE1,BMPR1B
STKR,-0.6016666666666667,38,KRSA,0.5130344108446299,3,TKL,STKR,TYPE2,BMPR2
STKR,-0.6016666666666667,38,KRSA,0.5130344108446299,3,TKL,STKR,TYPE1,TGFBR1
STKR,-0.6016666666666667,38,KRSA,0.5130344108446299,3,TKL,STKR,TYPE2,TGFBR2
PKG,0.9708333333333332,15,KRSA,0.8133472367049009,4,AGC,PKG,PKG,PRKG1
PKG,0.9708333333333332,15,KRSA,0.8133472367049009,4,AGC,PKG,PKG,PRKG2
DYRK,-0.7133333333333334,31,KRSA,0.6006256517205423,3,CMGC,DYRK,DYRK1,DYRK1A
DYRK,-0.7133333333333334,31,KRSA,0.6006256517205423,3,CMGC,DYRK,DYRK1,DYRK1B
DYRK,-0.7133333333333334,31,KRSA,0.6006256517205423,3,CMGC,DYRK,DYRK2,DYRK2
DYRK,-0.7133333333333334,31,KRSA,0.6006256517205423,3,CMGC,DYRK,DYRK2,DYRK3
DYRK,-0.7133333333333334,31,KRSA,0.6006256517205423,3,CMGC,DYRK,DYRK2,DYRK4
DYRK,-0.7133333333333334,31,KRSA,0.6006256517205423,3,CMGC,DYRK,HIPK,HIPK1
DYRK,-0.7133333333333334,31,KRSA,0.6006256517205423,3,CMGC,DYRK,HIPK,HIPK2
DYRK,-0.7133333333333334,31,KRSA,0.6006256517205423,3,CMGC,DYRK,HIPK,HIPK3
DYRK,-0.7133333333333334,31,KRSA,0.6006256517205423,3,CMGC,DYRK,HIPK,HIPK4
DYRK,-0.7133333333333334,31,KRSA,0.6006256517205423,3,CMGC,DYRK,PRP4,PRPF4B
PDK1,-1.1775,8,KRSA,0.9009384775808134,4,ATYPICAL,PDHK,PDHK,PDK1
PDK1,-1.1775,8,KRSA,0.9009384775808134,4,AGC,PDK1,PDK1,PDPK1
PKCD,-0.15416666666666665,66,KRSA,0.16266944734098018,1,AGC,PKC,DELTA,PRKCD
PKCD,-0.15416666666666665,66,KRSA,0.16266944734098018,1,AGC,PKC,DELTA,PRKCQ
ATR,0.08499999999999999,75,KRSA,0.05005213764337852,1,ATYPICAL,PIKK,ATR,ATR
RIPK,1.1483333333333334,9,KRSA,0.8884254431699687,4,TKL,RIPK,RIPK,ANKK1
RIPK,1.1483333333333334,9,KRSA,0.8884254431699687,4,TKL,RIPK,RIPK,RIPK1
RIPK,1.1483333333333334,9,KRSA,0.8884254431699687,4,TKL,RIPK,RIPK,RIPK2
RIPK,1.1483333333333334,9,KRSA,0.8884254431699687,4,TKL,RIPK,RIPK,RIPK3
RIPK,1.1483333333333334,9,KRSA,0.8884254431699687,4,TKL,RIPK,RIPK,RIPK4
PHK,0.8925,20,KRSA,0.7507820646506778,4,CAMK,PHK,PHK,PHKG1
PHK,0.8925,20,KRSA,0.7507820646506778,4,CAMK,PHK,PHK,PHKG2
MTOR,-0.2791666666666667,61,KRSA,0.22523461939520334,1,ATYPICAL,PIKK,FRAP,MTOR
QIK,-0.02166666666666665,78,KRSA,0.01251303441084463,1,CAMK,CAMKL,QIK,SIK1
QIK,-0.02166666666666665,78,KRSA,0.01251303441084463,1,CAMK,CAMKL,QIK,SIK2
RAD53,0.5133333333333333,41,KRSA,0.4754953076120959,2,CAMK,RAD53,RAD53,CHEK2
MLK,0.145,69,KRSA,0.1251303441084463,1,TKL,MLK,ILK,ILK
MLK,0.145,69,KRSA,0.1251303441084463,1,TKL,MLK,MLK,MAP3K10
MLK,0.145,69,KRSA,0.1251303441084463,1,TKL,MLK,MLK,MAP3K11
MLK,0.145,69,KRSA,0.1251303441084463,1,TKL,MLK,LZK,MAP3K12
MLK,0.145,69,KRSA,0.1251303441084463,1,TKL,MLK,LZK,MAP3K13
MLK,0.145,69,KRSA,0.1251303441084463,1,TKL,MLK,MLK,MAP3K9
MLK,0.145,69,KRSA,0.1251303441084463,1,TKL,MLK,HH498,TNNI3K
GRK,-0.4133333333333334,51,KRSA,0.35036496350364965,2,AGC,GRK,GRK,GRK1
GRK,-0.4133333333333334,51,KRSA,0.35036496350364965,2,AGC,GRK,GRK,GRK4
GRK,-0.4133333333333334,51,KRSA,0.35036496350364965,2,AGC,GRK,GRK,GRK5
GRK,-0.4133333333333334,51,KRSA,0.35036496350364965,2,AGC,GRK,GRK,GRK6
GRK,-0.4133333333333334,51,KRSA,0.35036496350364965,2,AGC,GRK,GRK,GRK7
P38,-0.9041666666666668,19,KRSA,0.7632950990615224,4,CMGC,MAPK,P38,MAPK11
P38,-0.9041666666666668,19,KRSA,0.7632950990615224,4,CMGC,MAPK,P38,MAPK12
P38,-0.9041666666666668,19,KRSA,0.7632950990615224,4,CMGC,MAPK,P38,MAPK13
P38,-0.9041666666666668,19,KRSA,0.7632950990615224,4,CMGC,MAPK,P38,MAPK14
MSN,1.1416666666666666,10,KRSA,0.8759124087591241,4,STE,STE20,MSN,MAP4K4
MSN,1.1416666666666666,10,KRSA,0.8759124087591241,4,STE,STE20,MSN,NRK
MSN,1.1416666666666666,10,KRSA,0.8759124087591241,4,STE,STE20,MSN,TNIK
CHK1,0.31416666666666665,60,KRSA,0.23774765380604795,1,CAMK,CAMKL,CHK1,CHEK1
ERK,-1.5791666666666666,3,KRSA,0.9635036496350365,4,CMGC,MAPK,ERK1,MAPK1
ERK,-1.5791666666666666,3,KRSA,0.9635036496350365,4,CMGC,MAPK,ERK7,MAPK15
ERK,-1.5791666666666666,3,KRSA,0.9635036496350365,4,CMGC,MAPK,ERK1,MAPK3
ERK,-1.5791666666666666,3,KRSA,0.9635036496350365,4,CMGC,MAPK,ERK3,MAPK4
ERK,-1.5791666666666666,3,KRSA,0.9635036496350365,4,CMGC,MAPK,ERK3,MAPK6
ERK,-1.5791666666666666,3,KRSA,0.9635036496350365,4,CMGC,MAPK,ERK5,MAPK7
AUR,1.4466666666666668,4,KRSA,0.9509906152241918,4,OTHER,AUR,AUR,AURKA
AUR,1.4466666666666668,4,KRSA,0.9509906152241918,4,OTHER,AUR,AUR,AURKB
AUR,1.4466666666666668,4,KRSA,0.9509906152241918,4,OTHER,AUR,AUR,AURKC
PASK,0.9266666666666666,18,KRSA,0.7758081334723671,4,CAMK,CAMKL,PASK,PASK
SLK,0.6216666666666667,37,KRSA,0.5255474452554745,3,STE,STE20,SLK,SLK
SLK,0.6216666666666667,37,KRSA,0.5255474452554745,3,STE,STE20,SLK,STK10
KHS,0.09166666666666666,74,KRSA,0.06256517205422316,1,STE,STE20,KHS,MAP4K1
KHS,0.09166666666666666,74,KRSA,0.06256517205422316,1,STE,STE20,KHS,MAP4K2
KHS,0.09166666666666666,74,KRSA,0.06256517205422316,1,STE,STE20,KHS,MAP4K3
KHS,0.09166666666666666,74,KRSA,0.06256517205422316,1,STE,STE20,KHS,MAP4K5
TAO,0.16916666666666666,65,KRSA,0.17518248175182483,1,STE,STE20,TAO,TAOK1
TAO,0.16916666666666666,65,KRSA,0.17518248175182483,1,STE,STE20,TAO,TAOK2
TAO,0.16916666666666666,65,KRSA,0.17518248175182483,1,STE,STE20,TAO,TAOK3
BUD32,0.5025,42,KRSA,0.4629822732012513,2,OTHER,BUD32,BUD32,TP53RK
FRAY,-0.755,26,KRSA,0.67570385818561,3,STE,STE20,FRAY,OXSR1
FRAY,-0.755,26,KRSA,0.67570385818561,3,STE,STE20,FRAY,STK39
JNK,-1.2866666666666666,5,KRSA,0.9384775808133472,4,CMGC,MAPK,JNK,MAPK10
JNK,-1.2866666666666666,5,KRSA,0.9384775808133472,4,CMGC,MAPK,JNK,MAPK8
JNK,-1.2866666666666666,5,KRSA,0.9384775808133472,4,CMGC,MAPK,JNK,MAPK9
NMO,-2.1433333333333335,1,KRSA,0.9885297184567258,4,CMGC,MAPK,NMO,NLK
CAMK1,0.9558333333333332,16,KRSA,0.8008342022940563,4,CAMK,CAMK1,CAMK1,CAMK1
CAMK1,0.9558333333333332,16,KRSA,0.8008342022940563,4,CAMK,CAMK1,CAMK1,CAMK1D
CAMK1,0.9558333333333332,16,KRSA,0.8008342022940563,4,CAMK,CAMK1,CAMK1,CAMK1G
CAMK1,0.9558333333333332,16,KRSA,0.8008342022940563,4,CAMK,CAMK1,CAMK1,CAMK4
CAMK1,0.9558333333333332,16,KRSA,0.8008342022940563,4,CAMK,CAMK1,CAMK1,PNCK
PEK,-1.25,7,KRSA,0.913451511991658,4,OTHER,PEK,HRI,EIF2AK1
PEK,-1.25,7,KRSA,0.913451511991658,4,OTHER,PEK,PKR,EIF2AK2
PEK,-1.25,7,KRSA,0.913451511991658,4,OTHER,PEK,PEK,EIF2AK3
PEK,-1.25,7,KRSA,0.913451511991658,4,OTHER,PEK,GCN2,EIF2AK4
PKCI,0.3325000000000001,58,KRSA,0.26277372262773724,2,AGC,PKC,IOTA,PRKCI
PKCI,0.3325000000000001,58,KRSA,0.26277372262773724,2,AGC,PKC,IOTA,PRKCZ
NEK,-1.1375,11,KRSA,0.8633993743482794,4,OTHER,NEK,NEK11,NEK11
NEK,-1.1375,11,KRSA,0.8633993743482794,4,OTHER,NEK,NEK2,NEK2
NEK,-1.1375,11,KRSA,0.8633993743482794,4,OTHER,NEK,NEK1,NEK3
NEK,-1.1375,11,KRSA,0.8633993743482794,4,OTHER,NEK,NEK4,NEK4
NEK,-1.1375,11,KRSA,0.8633993743482794,4,OTHER,NEK,NEK1,NEK5
NEK,-1.1375,11,KRSA,0.8633993743482794,4,OTHER,NEK,NEK6,NEK6
NEK,-1.1375,11,KRSA,0.8633993743482794,4,OTHER,NEK,NEK6,NEK7
NEK,-1.1375,11,KRSA,0.8633993743482794,4,OTHER,NEK,NEK8,NEK8
NEK,-1.1375,11,KRSA,0.8633993743482794,4,OTHER,NEK,NEK8,NEK9
CDK,-0.7266666666666667,28,KRSA,0.6506777893639207,3,CMGC,CDK,CDC2,CDK1
CDK,-0.7266666666666667,28,KRSA,0.6506777893639207,3,CMGC,CDK,CDK10,CDK10
CDK,-0.7266666666666667,28,KRSA,0.6506777893639207,3,CMGC,CDK,CRK7,CDK12
CDK,-0.7266666666666667,28,KRSA,0.6506777893639207,3,CMGC,CDK,CRK7,CDK13
CDK,-0.7266666666666667,28,KRSA,0.6506777893639207,3,CMGC,CDK,PFTAIRE,CDK14
CDK,-0.7266666666666667,28,KRSA,0.6506777893639207,3,CMGC,CDK,PFTAIRE,CDK15
CDK,-0.7266666666666667,28,KRSA,0.6506777893639207,3,CMGC,CDK,PCTAIRE,CDK16
CDK,-0.7266666666666667,28,KRSA,0.6506777893639207,3,CMGC,CDK,PCTAIRE,CDK17
CDK,-0.7266666666666667,28,KRSA,0.6506777893639207,3,CMGC,CDK,PCTAIRE,CDK18
CDK,-0.7266666666666667,28,KRSA,0.6506777893639207,3,CMGC,CDK,CDK8,CDK19
CDK,-0.7266666666666667,28,KRSA,0.6506777893639207,3,CMGC,CDK,CDC2,CDK2
CDK,-0.7266666666666667,28,KRSA,0.6506777893639207,3,CMGC,CDK,CCRK,CDK20
CDK,-0.7266666666666667,28,KRSA,0.6506777893639207,3,CMGC,CDK,CDC2,CDK3
CDK,-0.7266666666666667,28,KRSA,0.6506777893639207,3,CMGC,CDK,CDK4,CDK4
CDK,-0.7266666666666667,28,KRSA,0.6506777893639207,3,CMGC,CDK,CDK5,CDK5
CDK,-0.7266666666666667,28,KRSA,0.6506777893639207,3,CMGC,CDK,CDK4,CDK6
CDK,-0.7266666666666667,28,KRSA,0.6506777893639207,3,CMGC,CDK,CDK7,CDK7
CDK,-0.7266666666666667,28,KRSA,0.6506777893639207,3,CMGC,CDK,CDK8,CDK8
CDK,-0.7266666666666667,28,KRSA,0.6506777893639207,3,CMGC,CDK,CDK9,CDK9
CDK,-0.7266666666666667,28,KRSA,0.6506777893639207,3,NA,NA,NA,CDK11A
CDK,-0.7266666666666667,28,KRSA,0.6506777893639207,3,NA,NA,NA,CDK11B
DAPK,1.274166666666667,6,KRSA,0.9259645464025026,4,CAMK,DAPK,DAPK,DAPK1
DAPK,1.274166666666667,6,KRSA,0.9259645464025026,4,CAMK,DAPK,DAPK,DAPK2
DAPK,1.274166666666667,6,KRSA,0.9259645464025026,4,CAMK,DAPK,DAPK,DAPK3
DAPK,1.274166666666667,6,KRSA,0.9259645464025026,4,CAMK,DAPK,DRAK,STK17A
DAPK,1.274166666666667,6,KRSA,0.9259645464025026,4,CAMK,DAPK,DRAK,STK17B
AMPK,0.6483333333333333,36,KRSA,0.5380604796663191,3,CAMK,CAMKL,AMPK,PRKAA1
AMPK,0.6483333333333333,36,KRSA,0.5380604796663191,3,CAMK,CAMKL,AMPK,PRKAA2
PKCA,0.25333333333333335,64,KRSA,0.18769551616266944,1,AGC,PKC,ALPHA,PRKCA
PKCA,0.25333333333333335,64,KRSA,0.18769551616266944,1,AGC,PKC,ALPHA,PRKCB
PKCA,0.25333333333333335,64,KRSA,0.18769551616266944,1,AGC,PKC,ALPHA,PRKCG
PDHK,-0.94,17,KRSA,0.7883211678832117,4,ATYPICAL,PDHK,BCKDK,BCKDK
PDHK,-0.94,17,KRSA,0.7883211678832117,4,ATYPICAL,PDHK,PDHK,PDK2
PDHK,-0.94,17,KRSA,0.7883211678832117,4,ATYPICAL,PDHK,PDHK,PDK3
PDHK,-0.94,17,KRSA,0.7883211678832117,4,ATYPICAL,PDHK,PDHK,PDK4
STE7,-1.595,2,KRSA,0.9760166840458812,4,STE,STE7,MEK1,MAP2K1
STE7,-1.595,2,KRSA,0.9760166840458812,4,STE,STE7,MEK1,MAP2K2
STE7,-1.595,2,KRSA,0.9760166840458812,4,STE,STE7,MEK3,MAP2K3
STE7,-1.595,2,KRSA,0.9760166840458812,4,STE,STE7,MEK4,MAP2K4
STE7,-1.595,2,KRSA,0.9760166840458812,4,STE,STE7,MEK5,MAP2K5
STE7,-1.595,2,KRSA,0.9760166840458812,4,STE,STE7,MEK3,MAP2K6
STE7,-1.595,2,KRSA,0.9760166840458812,4,STE,STE7,MEK7,MAP2K7
TTK,-0.1525,67,KRSA,0.15015641293013557,1,OTHER,TTK,TTK,TTK
MST,-0.34833333333333333,57,KRSA,0.27528675703858185,2,STE,STE20,MST,STK3
MST,-0.34833333333333333,57,KRSA,0.27528675703858185,2,STE,STE20,MST,STK4
NUAK,-0.14083333333333334,70,KRSA,0.11261730969760167,1,CAMK,CAMKL,NUAK,NUAK1
NUAK,-0.14083333333333334,70,KRSA,0.11261730969760167,1,CAMK,CAMKL,NUAK,NUAK2
PKCD,-0.15416666666666665,66,KRSA,0.16266944734098018,1,AGC,PKC,DELTA,PRKCD
PKCD,-0.15416666666666665,66,KRSA,0.16266944734098018,1,AGC,PKC,DELTA,PRKCQ
PAKA,-0.45166666666666666,47,KRSA,0.40041710114702816,2,STE,STE20,PAKA,PAK1
PAKA,-0.45166666666666666,47,KRSA,0.40041710114702816,2,STE,STE20,PAKA,PAK2
PAKA,-0.45166666666666666,47,KRSA,0.40041710114702816,2,STE,STE20,PAKA,PAK3
BARK2,-0.13666666666666666,71,KRSA,0.10010427528675704,1,AGC,GRK,BARK,GRK3
RSK,0.6566666666666666,35,KRSA,0.5505735140771637,3,AGC,RSK,RSK,RPS6KA1
RSK,0.6566666666666666,35,KRSA,0.5505735140771637,3,AGC,RSK,RSK,RPS6KA2
RSK,0.6566666666666666,35,KRSA,0.5505735140771637,3,AGC,RSK,RSK,RPS6KA3
RSK,0.6566666666666666,35,KRSA,0.5505735140771637,3,AGC,RSK,MSK,RPS6KA4
RSK,0.6566666666666666,35,KRSA,0.5505735140771637,3,AGC,RSK,MSK,RPS6KA5
RSK,0.6566666666666666,35,KRSA,0.5505735140771637,3,AGC,RSK,RSK,RPS6KA6
RSK,0.6566666666666666,35,KRSA,0.5505735140771637,3,AGC,RSK,P70,RPS6KB1
RSK,0.6566666666666666,35,KRSA,0.5505735140771637,3,AGC,RSK,P70,RPS6KB2
MLK,0.145,69,KRSA,0.1251303441084463,1,TKL,MLK,ILK,ILK
MLK,0.145,69,KRSA,0.1251303441084463,1,TKL,MLK,MLK,MAP3K10
MLK,0.145,69,KRSA,0.1251303441084463,1,TKL,MLK,MLK,MAP3K11
MLK,0.145,69,KRSA,0.1251303441084463,1,TKL,MLK,LZK,MAP3K12
MLK,0.145,69,KRSA,0.1251303441084463,1,TKL,MLK,LZK,MAP3K13
MLK,0.145,69,KRSA,0.1251303441084463,1,TKL,MLK,MLK,MAP3K9
MLK,0.145,69,KRSA,0.1251303441084463,1,TKL,MLK,HH498,TNNI3K
PKD,-0.2725,62,KRSA,0.2127215849843587,1,CAMK,PKD,PKD,PRKD1
PKD,-0.2725,62,KRSA,0.2127215849843587,1,CAMK,PKD,PKD,PRKD2
PKD,-0.2725,62,KRSA,0.2127215849843587,1,CAMK,PKD,PKD,PRKD3
GSK,-0.42833333333333334,49,KRSA,0.3753910323253389,2,CMGC,GSK,GSK,GSK3A
GSK,-0.42833333333333334,49,KRSA,0.3753910323253389,2,CMGC,GSK,GSK,GSK3B
IRAK,-0.38916666666666666,53,KRSA,0.32533889468196037,2,TKL,IRAK,IRAK,IRAK1
IRAK,-0.38916666666666666,53,KRSA,0.32533889468196037,2,TKL,IRAK,IRAK,IRAK2
IRAK,-0.38916666666666666,53,KRSA,0.32533889468196037,2,TKL,IRAK,IRAK,IRAK3
IRAK,-0.38916666666666666,53,KRSA,0.32533889468196037,2,TKL,IRAK,IRAK,IRAK4
STE11,0.00166666666666666,79,KRSA,0,1,TKL,MLK,TAK1,MAP3K7
STE11,0.00166666666666666,79,KRSA,0,1,STE,STE11,MEKK1,MAP3K1
STE11,0.00166666666666666,79,KRSA,0,1,STE,STE11,ASK,MAP3K15
STE11,0.00166666666666666,79,KRSA,0,1,STE,STE11,MEKK2,MAP3K2
STE11,0.00166666666666666,79,KRSA,0,1,STE,STE11,MEKK2,MAP3K3
STE11,0.00166666666666666,79,KRSA,0,1,STE,STE11,MEKK4,MAP3K4
STE11,0.00166666666666666,79,KRSA,0,1,STE,STE11,ASK,MAP3K5
STE11,0.00166666666666666,79,KRSA,0,1,STE,STE11,ASK,MAP3K6
P38,-0.9041666666666668,19,KRSA,0.7632950990615224,4,CMGC,MAPK,P38,MAPK11
P38,-0.9041666666666668,19,KRSA,0.7632950990615224,4,CMGC,MAPK,P38,MAPK12
P38,-0.9041666666666668,19,KRSA,0.7632950990615224,4,CMGC,MAPK,P38,MAPK13
P38,-0.9041666666666668,19,KRSA,0.7632950990615224,4,CMGC,MAPK,P38,MAPK14
PAKB,0.10583333333333332,72,KRSA,0.08759124087591241,1,STE,STE20,PAKB,PAK4
PAKB,0.10583333333333332,72,KRSA,0.08759124087591241,1,STE,STE20,PAKB,PAK5
PAKB,0.10583333333333332,72,KRSA,0.08759124087591241,1,STE,STE20,PAKB,PAK6
PKN,-0.4141666666666666,50,KRSA,0.36287799791449427,2,AGC,PKN,PKN,PKN1
PKN,-0.4141666666666666,50,KRSA,0.36287799791449427,2,AGC,PKN,PKN,PKN2
PKN,-0.4141666666666666,50,KRSA,0.36287799791449427,2,AGC,PKN,PKN,PKN3
HAL,0.37,56,KRSA,0.28779979144942647,2,RGC,RGC,RGC,NPR1
NAK,-1.0233333333333334,13,KRSA,0.8383733055265902,4,OTHER,NAK,BIKE,AAK1
NAK,-1.0233333333333334,13,KRSA,0.8383733055265902,4,OTHER,NAK,BIKE,BMP2K
NAK,-1.0233333333333334,13,KRSA,0.8383733055265902,4,OTHER,NAK,GAK,GAK
NAK,-1.0233333333333334,13,KRSA,0.8383733055265902,4,OTHER,NAK,MPSK,STK16
PKA,1.1333333333333333,12,KRSA,0.8508863399374348,4,AGC,PKA,PKA,PRKACA
PKA,1.1333333333333333,12,KRSA,0.8508863399374348,4,AGC,PKA,PKA,PRKACB
PKA,1.1333333333333333,12,KRSA,0.8508863399374348,4,AGC,PKA,PKA,PRKACG
PKA,1.1333333333333333,12,KRSA,0.8508863399374348,4,AGC,PKA,PKA,PRKX
PKA,1.1333333333333333,12,KRSA,0.8508863399374348,4,AGC,PKA,PKA,PRKY
TLK,-1.0066666666666666,14,KRSA,0.8258602711157456,4,OTHER,TLK,TLK,TLK1
TLK,-1.0066666666666666,14,KRSA,0.8258602711157456,4,OTHER,TLK,TLK,TLK2
CK2,-0.6783333333333333,33,KRSA,0.5755995828988529,3,CMGC,CK2,CK2,CSNK2A1
CK2,-0.6783333333333333,33,KRSA,0.5755995828988529,3,CMGC,CK2,CK2,CSNK2A2
CK2,-0.6783333333333333,33,KRSA,0.5755995828988529,3,NA,NA,NA,CSNK2A3
CAMKK,0.7991666666666667,24,KRSA,0.7007299270072993,3,OTHER,CAMKK,META,CAMKK1
CAMKK,0.7991666666666667,24,KRSA,0.7007299270072993,3,OTHER,CAMKK,META,CAMKK2
BRSK,-0.38333333333333336,54,KRSA,0.31282586027111575,2,CAMK,CAMKL,BRSK,BRSK1
BRSK,-0.38333333333333336,54,KRSA,0.31282586027111575,2,CAMK,CAMKL,BRSK,BRSK2
NIK,-0.725,29,KRSA,0.6256517205422315,3,STE,STE-UNIQUE,STE-UNIQUE,MAP3K14
ULK,-0.7125,32,KRSA,0.5881126173096975,3,OTHER,ULK,FUSED,STK36
ULK,-0.7125,32,KRSA,0.5881126173096975,3,OTHER,ULK,ULK,ULK1
ULK,-0.7125,32,KRSA,0.5881126173096975,3,OTHER,ULK,ULK,ULK2
ULK,-0.7125,32,KRSA,0.5881126173096975,3,OTHER,ULK,ULK,ULK3
ULK,-0.7125,32,KRSA,0.5881126173096975,3,OTHER,ULK,ULK,ULK4
WNK,-0.38,55,KRSA,0.30031282586027114,2,OTHER,WNK,WNK,WNK1
WNK,-0.38,55,KRSA,0.30031282586027114,2,OTHER,WNK,WNK,WNK2
WNK,-0.38,55,KRSA,0.30031282586027114,2,OTHER,WNK,WNK,WNK3
WNK,-0.38,55,KRSA,0.30031282586027114,2,OTHER,WNK,WNK,WNK4
RAF,0.03583333333333334,77,KRSA,0.02502606882168926,1,TKL,RAF,RAF,ARAF
RAF,0.03583333333333334,77,KRSA,0.02502606882168926,1,TKL,RAF,RAF,BRAF
RAF,0.03583333333333334,77,KRSA,0.02502606882168926,1,TKL,RAF,KSR,KSR1
RAF,0.03583333333333334,77,KRSA,0.02502606882168926,1,TKL,RAF,KSR,KSR2
RAF,0.03583333333333334,77,KRSA,0.02502606882168926,1,TKL,RAF,RAF,RAF1
MOS,0.6716666666666666,34,KRSA,0.5630865484880083,3,OTHER,MOS,MOS,MOS
PKG,0.9708333333333332,15,KRSA,0.8133472367049009,4,AGC,PKG,PKG,PRKG1
PKG,0.9708333333333332,15,KRSA,0.8133472367049009,4,AGC,PKG,PKG,PRKG2
PHK,0.8925,20,KRSA,0.7507820646506778,4,CAMK,PHK,PHK,PHKG1
PHK,0.8925,20,KRSA,0.7507820646506778,4,CAMK,PHK,PHK,PHKG2
CLK,-0.715,30,KRSA,0.6131386861313869,3,CMGC,CLK,CLK,CLK1
CLK,-0.715,30,KRSA,0.6131386861313869,3,CMGC,CLK,CLK,CLK2
CLK,-0.715,30,KRSA,0.6131386861313869,3,CMGC,CLK,CLK,CLK3
CLK,-0.715,30,KRSA,0.6131386861313869,3,CMGC,CLK,CLK,CLK4
STKR,-0.6016666666666667,38,KRSA,0.5130344108446299,3,TKL,STKR,TYPE1,ACVR1
STKR,-0.6016666666666667,38,KRSA,0.5130344108446299,3,TKL,STKR,TYPE1,ACVR1B
STKR,-0.6016666666666667,38,KRSA,0.5130344108446299,3,TKL,STKR,TYPE1,ACVR1C
STKR,-0.6016666666666667,38,KRSA,0.5130344108446299,3,TKL,STKR,TYPE2,ACVR2A
STKR,-0.6016666666666667,38,KRSA,0.5130344108446299,3,TKL,STKR,TYPE2,ACVR2B
STKR,-0.6016666666666667,38,KRSA,0.5130344108446299,3,TKL,STKR,TYPE1,ACVRL1
STKR,-0.6016666666666667,38,KRSA,0.5130344108446299,3,TKL,STKR,TYPE2,AMHR2
STKR,-0.6016666666666667,38,KRSA,0.5130344108446299,3,TKL,STKR,TYPE1,BMPR1A
STKR,-0.6016666666666667,38,KRSA,0.5130344108446299,3,TKL,STKR,TYPE1,BMPR1B
STKR,-0.6016666666666667,38,KRSA,0.5130344108446299,3,TKL,STKR,TYPE2,BMPR2
STKR,-0.6016666666666667,38,KRSA,0.5130344108446299,3,TKL,STKR,TYPE1,TGFBR1
STKR,-0.6016666666666667,38,KRSA,0.5130344108446299,3,TKL,STKR,TYPE2,TGFBR2
PDK1,-1.1775,8,KRSA,0.9009384775808134,4,ATYPICAL,PDHK,PDHK,PDK1
PDK1,-1.1775,8,KRSA,0.9009384775808134,4,AGC,PDK1,PDK1,PDPK1
RAD53,0.5133333333333333,41,KRSA,0.4754953076120959,2,CAMK,RAD53,RAD53,CHEK2
IKK,-0.4658333333333333,45,KRSA,0.4254431699687174,2,OTHER,IKK,IKK,CHUK
IKK,-0.4658333333333333,45,KRSA,0.4254431699687174,2,OTHER,IKK,IKK,IKBKB
IKK,-0.4658333333333333,45,KRSA,0.4254431699687174,2,OTHER,IKK,IKK,IKBKE
IKK,-0.4658333333333333,45,KRSA,0.4254431699687174,2,OTHER,IKK,IKK,TBK1
DMPK,0.7841666666666667,25,KRSA,0.6882168925964547,3,AGC,DMPK,GEK,CDC42BPA
DMPK,0.7841666666666667,25,KRSA,0.6882168925964547,3,AGC,DMPK,GEK,CDC42BPB
DMPK,0.7841666666666667,25,KRSA,0.6882168925964547,3,AGC,DMPK,GEK,CDC42BPG
DMPK,0.7841666666666667,25,KRSA,0.6882168925964547,3,AGC,DMPK,CRIK,CIT
DMPK,0.7841666666666667,25,KRSA,0.6882168925964547,3,AGC,DMPK,GEK,DMPK
DMPK,0.7841666666666667,25,KRSA,0.6882168925964547,3,AGC,DMPK,ROCK,ROCK1
DMPK,0.7841666666666667,25,KRSA,0.6882168925964547,3,AGC,DMPK,ROCK,ROCK2
PRKDC,-0.4608333333333333,46,KRSA,0.4129301355578728,2,ATYPICAL,PIKK,DNAPK,PRKDC
SGK,0.7408333333333333,27,KRSA,0.6631908237747653,3,AGC,SGK,SGK,SGK1
SGK,0.7408333333333333,27,KRSA,0.6631908237747653,3,AGC,SGK,SGK,SGK2
SGK,0.7408333333333333,27,KRSA,0.6631908237747653,3,AGC,SGK,SGK,SGK3
GRK,-0.4133333333333334,51,KRSA,0.35036496350364965,2,AGC,GRK,GRK,GRK1
GRK,-0.4133333333333334,51,KRSA,0.35036496350364965,2,AGC,GRK,GRK,GRK4
GRK,-0.4133333333333334,51,KRSA,0.35036496350364965,2,AGC,GRK,GRK,GRK5
GRK,-0.4133333333333334,51,KRSA,0.35036496350364965,2,AGC,GRK,GRK,GRK6
GRK,-0.4133333333333334,51,KRSA,0.35036496350364965,2,AGC,GRK,GRK,GRK7
AKT,0.8741666666666666,21,KRSA,0.7382690302398331,3,AGC,AKT,AKT,AKT1
AKT,0.8741666666666666,21,KRSA,0.7382690302398331,3,AGC,AKT,AKT,AKT2
AKT,0.8741666666666666,21,KRSA,0.7382690302398331,3,AGC,AKT,AKT,AKT3
CAMK2,-0.3933333333333333,52,KRSA,0.337851929092805,2,CAMK,CAMK2,CAMK2,CAMK2A
CAMK2,-0.3933333333333333,52,KRSA,0.337851929092805,2,CAMK,CAMK2,CAMK2,CAMK2B
CAMK2,-0.3933333333333333,52,KRSA,0.337851929092805,2,CAMK,CAMK2,CAMK2,CAMK2D
CAMK2,-0.3933333333333333,52,KRSA,0.337851929092805,2,CAMK,CAMK2,CAMK2,CAMK2G
ATR,0.08499999999999999,75,KRSA,0.05005213764337852,1,ATYPICAL,PIKK,ATR,ATR
LKB,-0.725,29,KRSA,0.6256517205422315,3,CAMK,CAMKL,LKB,STK11
PLK,-0.5791666666666666,40,KRSA,0.4880083420229406,2,NA,NA,NA,PLK5
PLK,-0.5791666666666666,40,KRSA,0.4880083420229406,2,OTHER,PLK,PLK1,PLK1
PLK,-0.5791666666666666,40,KRSA,0.4880083420229406,2,OTHER,PLK,PLK2,PLK2
PLK,-0.5791666666666666,40,KRSA,0.4880083420229406,2,OTHER,PLK,PLK2,PLK3
PLK,-0.5791666666666666,40,KRSA,0.4880083420229406,2,OTHER,PLK,SAK,PLK4
CK1,-0.3175,59,KRSA,0.2502606882168926,2,CK1,CK1,CK1-A,CSNK1A1
CK1,-0.3175,59,KRSA,0.2502606882168926,2,CK1,CK1,CK1-A,CSNK1A1L
CK1,-0.3175,59,KRSA,0.2502606882168926,2,CK1,CK1,CK1-D,CSNK1D
CK1,-0.3175,59,KRSA,0.2502606882168926,2,CK1,CK1,CK1-D,CSNK1E
CK1,-0.3175,59,KRSA,0.2502606882168926,2,CK1,CK1,CK1-G,CSNK1G1
CK1,-0.3175,59,KRSA,0.2502606882168926,2,CK1,CK1,CK1-G,CSNK1G2
CK1,-0.3175,59,KRSA,0.2502606882168926,2,CK1,CK1,CK1-G,CSNK1G3
CK1,-0.3175,59,KRSA,0.2502606882168926,2,CK1,TTBK,TTBK,TTBK1
CK1,-0.3175,59,KRSA,0.2502606882168926,2,CK1,TTBK,TTBK,TTBK2
CK1,-0.3175,59,KRSA,0.2502606882168926,2,CK1,VRK,VRK,VRK3
ATM,-0.8233333333333334,22,KRSA,0.7257559958289885,3,ATYPICAL,PIKK,ATM,ATM
PKCH,-0.5,43,KRSA,0.4504692387904067,2,AGC,PKC,ETA,PRKCE
PKCH,-0.5,43,KRSA,0.4504692387904067,2,AGC,PKC,ETA,PRKCH
QIK,-0.02166666666666665,78,KRSA,0.01251303441084463,1,CAMK,CAMKL,QIK,SIK1
QIK,-0.02166666666666665,78,KRSA,0.01251303441084463,1,CAMK,CAMKL,QIK,SIK2
PIM,0.5791666666666667,39,KRSA,0.5005213764337852,3,CAMK,PIM,PIM,PIM1
PIM,0.5791666666666667,39,KRSA,0.5005213764337852,3,CAMK,PIM,PIM,PIM2
PIM,0.5791666666666667,39,KRSA,0.5005213764337852,3,CAMK,PIM,PIM,PIM3
MELK,-0.09416666666666668,73,KRSA,0.07507820646506778,1,CAMK,CAMKL,MELK,MELK
MTOR,-0.2791666666666667,61,KRSA,0.22523461939520334,1,ATYPICAL,PIKK,FRAP,MTOR
RIPK,1.1483333333333334,9,KRSA,0.8884254431699687,4,TKL,RIPK,RIPK,ANKK1
RIPK,1.1483333333333334,9,KRSA,0.8884254431699687,4,TKL,RIPK,RIPK,RIPK1
RIPK,1.1483333333333334,9,KRSA,0.8884254431699687,4,TKL,RIPK,RIPK,RIPK2
RIPK,1.1483333333333334,9,KRSA,0.8884254431699687,4,TKL,RIPK,RIPK,RIPK3
RIPK,1.1483333333333334,9,KRSA,0.8884254431699687,4,TKL,RIPK,RIPK,RIPK4
MAPKAPK,0.44416666666666665,48,KRSA,0.38790406673618355,2,CAMK,MAPKAPK,MAPKAPK,MAPKAPK2
MAPKAPK,0.44416666666666665,48,KRSA,0.38790406673618355,2,CAMK,MAPKAPK,MAPKAPK,MAPKAPK3
MAPKAPK,0.44416666666666665,48,KRSA,0.38790406673618355,2,CAMK,MAPKAPK,MAPKAPK,MAPKAPK5
MAPKAPK,0.44416666666666665,48,KRSA,0.38790406673618355,2,CAMK,MAPKAPK,MNK,MKNK1
MAPKAPK,0.44416666666666665,48,KRSA,0.38790406673618355,2,CAMK,MAPKAPK,MNK,MKNK2
MLCK,0.1466666666666667,68,KRSA,0.13764337851929093,1,CAMK,MLCK,MLCK,MYLK
MLCK,0.1466666666666667,68,KRSA,0.13764337851929093,1,CAMK,MLCK,MLCK,MYLK2
MLCK,0.1466666666666667,68,KRSA,0.13764337851929093,1,CAMK,MLCK,MLCK,TTN
VRK1,-0.06499999999999999,76,KRSA,0.03753910323253389,1,CK1,VRK,VRK,VRK1
COT,0.4683333333333334,44,KRSA,0.43795620437956206,2,STE,STE-UNIQUE,STE-UNIQUE,MAP3K8
DYRK,-0.7133333333333334,31,KRSA,0.6006256517205423,3,CMGC,DYRK,DYRK1,DYRK1A
DYRK,-0.7133333333333334,31,KRSA,0.6006256517205423,3,CMGC,DYRK,DYRK1,DYRK1B
DYRK,-0.7133333333333334,31,KRSA,0.6006256517205423,3,CMGC,DYRK,DYRK2,DYRK2
DYRK,-0.7133333333333334,31,KRSA,0.6006256517205423,3,CMGC,DYRK,DYRK2,DYRK3
DYRK,-0.7133333333333334,31,KRSA,0.6006256517205423,3,CMGC,DYRK,DYRK2,DYRK4
DYRK,-0.7133333333333334,31,KRSA,0.6006256517205423,3,CMGC,DYRK,HIPK,HIPK1
DYRK,-0.7133333333333334,31,KRSA,0.6006256517205423,3,CMGC,DYRK,HIPK,HIPK2
DYRK,-0.7133333333333334,31,KRSA,0.6006256517205423,3,CMGC,DYRK,HIPK,HIPK3
DYRK,-0.7133333333333334,31,KRSA,0.6006256517205423,3,CMGC,DYRK,HIPK,HIPK4
DYRK,-0.7133333333333334,31,KRSA,0.6006256517205423,3,CMGC,DYRK,PRP4,PRPF4B
NDR,0.25583333333333336,63,KRSA,0.20020855057351408,1,AGC,NDR,NDR,LATS1
NDR,0.25583333333333336,63,KRSA,0.20020855057351408,1,AGC,NDR,NDR,LATS2
NDR,0.25583333333333336,63,KRSA,0.20020855057351408,1,AGC,NDR,NDR,STK38
NDR,0.25583333333333336,63,KRSA,0.20020855057351408,1,AGC,NDR,NDR,STK38L
KHS,0.09166666666666666,74,KRSA,0.06256517205422316,1,STE,STE20,KHS,MAP4K1
KHS,0.09166666666666666,74,KRSA,0.06256517205422316,1,STE,STE20,KHS,MAP4K2
KHS,0.09166666666666666,74,KRSA,0.06256517205422316,1,STE,STE20,KHS,MAP4K3
KHS,0.09166666666666666,74,KRSA,0.06256517205422316,1,STE,STE20,KHS,MAP4K5
PASK,0.9266666666666666,18,KRSA,0.7758081334723671,4,CAMK,CAMKL,PASK,PASK
SLK,0.6216666666666667,37,KRSA,0.5255474452554745,3,STE,STE20,SLK,SLK
SLK,0.6216666666666667,37,KRSA,0.5255474452554745,3,STE,STE20,SLK,STK10
AUR,1.4466666666666668,4,KRSA,0.9509906152241918,4,OTHER,AUR,AUR,AURKA
AUR,1.4466666666666668,4,KRSA,0.9509906152241918,4,OTHER,AUR,AUR,AURKB
AUR,1.4466666666666668,4,KRSA,0.9509906152241918,4,OTHER,AUR,AUR,AURKC
MSN,1.1416666666666666,10,KRSA,0.8759124087591241,4,STE,STE20,MSN,MAP4K4
MSN,1.1416666666666666,10,KRSA,0.8759124087591241,4,STE,STE20,MSN,NRK
MSN,1.1416666666666666,10,KRSA,0.8759124087591241,4,STE,STE20,MSN,TNIK
MST,-0.34833333333333333,57,KRSA,0.27528675703858185,2,STE,STE20,MST,STK3
MST,-0.34833333333333333,57,KRSA,0.27528675703858185,2,STE,STE20,MST,STK4
STE11,0.00166666666666666,79,KRSA,0,1,TKL,MLK,TAK1,MAP3K7
STE11,0.00166666666666666,79,KRSA,0,1,STE,STE11,MEKK1,MAP3K1
STE11,0.00166666666666666,79,KRSA,0,1,STE,STE11,ASK,MAP3K15
STE11,0.00166666666666666,79,KRSA,0,1,STE,STE11,MEKK2,MAP3K2
STE11,0.00166666666666666,79,KRSA,0,1,STE,STE11,MEKK2,MAP3K3
STE11,0.00166666666666666,79,KRSA,0,1,STE,STE11,MEKK4,MAP3K4
STE11,0.00166666666666666,79,KRSA,0,1,STE,STE11,ASK,MAP3K5
STE11,0.00166666666666666,79,KRSA,0,1,STE,STE11,ASK,MAP3K6
CAMK1,0.9558333333333332,16,KRSA,0.8008342022940563,4,CAMK,CAMK1,CAMK1,CAMK1
CAMK1,0.9558333333333332,16,KRSA,0.8008342022940563,4,CAMK,CAMK1,CAMK1,CAMK1D
CAMK1,0.9558333333333332,16,KRSA,0.8008342022940563,4,CAMK,CAMK1,CAMK1,CAMK1G
CAMK1,0.9558333333333332,16,KRSA,0.8008342022940563,4,CAMK,CAMK1,CAMK1,CAMK4
CAMK1,0.9558333333333332,16,KRSA,0.8008342022940563,4,CAMK,CAMK1,CAMK1,PNCK
PKCI,0.3325000000000001,58,KRSA,0.26277372262773724,2,AGC,PKC,IOTA,PRKCI
PKCI,0.3325000000000001,58,KRSA,0.26277372262773724,2,AGC,PKC,IOTA,PRKCZ
DMPK,0.7841666666666667,25,KRSA,0.6882168925964547,3,AGC,DMPK,GEK,CDC42BPA
DMPK,0.7841666666666667,25,KRSA,0.6882168925964547,3,AGC,DMPK,GEK,CDC42BPB
DMPK,0.7841666666666667,25,KRSA,0.6882168925964547,3,AGC,DMPK,GEK,CDC42BPG
DMPK,0.7841666666666667,25,KRSA,0.6882168925964547,3,AGC,DMPK,CRIK,CIT
DMPK,0.7841666666666667,25,KRSA,0.6882168925964547,3,AGC,DMPK,GEK,DMPK
DMPK,0.7841666666666667,25,KRSA,0.6882168925964547,3,AGC,DMPK,ROCK,ROCK1
DMPK,0.7841666666666667,25,KRSA,0.6882168925964547,3,AGC,DMPK,ROCK,ROCK2
PLK,-0.5791666666666666,40,KRSA,0.4880083420229406,2,NA,NA,NA,PLK5
PLK,-0.5791666666666666,40,KRSA,0.4880083420229406,2,OTHER,PLK,PLK1,PLK1
PLK,-0.5791666666666666,40,KRSA,0.4880083420229406,2,OTHER,PLK,PLK2,PLK2
PLK,-0.5791666666666666,40,KRSA,0.4880083420229406,2,OTHER,PLK,PLK2,PLK3
PLK,-0.5791666666666666,40,KRSA,0.4880083420229406,2,OTHER,PLK,SAK,PLK4
CHK1,0.31416666666666665,60,KRSA,0.23774765380604795,1,CAMK,CAMKL,CHK1,CHEK1
NMO,-2.1433333333333335,1,KRSA,0.9885297184567258,4,CMGC,MAPK,NMO,NLK
QIK,-0.02166666666666665,78,KRSA,0.01251303441084463,1,CAMK,CAMKL,QIK,SIK1
QIK,-0.02166666666666665,78,KRSA,0.01251303441084463,1,CAMK,CAMKL,QIK,SIK2
PIM,0.5791666666666667,39,KRSA,0.5005213764337852,3,CAMK,PIM,PIM,PIM1
PIM,0.5791666666666667,39,KRSA,0.5005213764337852,3,CAMK,PIM,PIM,PIM2
PIM,0.5791666666666667,39,KRSA,0.5005213764337852,3,CAMK,PIM,PIM,PIM3
PKCD,-0.15416666666666665,66,KRSA,0.16266944734098018,1,AGC,PKC,DELTA,PRKCD
PKCD,-0.15416666666666665,66,KRSA,0.16266944734098018,1,AGC,PKC,DELTA,PRKCQ
SGK,0.7408333333333333,27,KRSA,0.6631908237747653,3,AGC,SGK,SGK,SGK1
SGK,0.7408333333333333,27,KRSA,0.6631908237747653,3,AGC,SGK,SGK,SGK2
SGK,0.7408333333333333,27,KRSA,0.6631908237747653,3,AGC,SGK,SGK,SGK3
IRAK,-0.38916666666666666,53,KRSA,0.32533889468196037,2,TKL,IRAK,IRAK,IRAK1
IRAK,-0.38916666666666666,53,KRSA,0.32533889468196037,2,TKL,IRAK,IRAK,IRAK2
IRAK,-0.38916666666666666,53,KRSA,0.32533889468196037,2,TKL,IRAK,IRAK,IRAK3
IRAK,-0.38916666666666666,53,KRSA,0.32533889468196037,2,TKL,IRAK,IRAK,IRAK4
NEK,-1.1375,11,KRSA,0.8633993743482794,4,OTHER,NEK,NEK11,NEK11
NEK,-1.1375,11,KRSA,0.8633993743482794,4,OTHER,NEK,NEK2,NEK2
NEK,-1.1375,11,KRSA,0.8633993743482794,4,OTHER,NEK,NEK1,NEK3
NEK,-1.1375,11,KRSA,0.8633993743482794,4,OTHER,NEK,NEK4,NEK4
NEK,-1.1375,11,KRSA,0.8633993743482794,4,OTHER,NEK,NEK1,NEK5
NEK,-1.1375,11,KRSA,0.8633993743482794,4,OTHER,NEK,NEK6,NEK6
NEK,-1.1375,11,KRSA,0.8633993743482794,4,OTHER,NEK,NEK6,NEK7
NEK,-1.1375,11,KRSA,0.8633993743482794,4,OTHER,NEK,NEK8,NEK8
NEK,-1.1375,11,KRSA,0.8633993743482794,4,OTHER,NEK,NEK8,NEK9
FRAY,-0.755,26,KRSA,0.67570385818561,3,STE,STE20,FRAY,OXSR1
FRAY,-0.755,26,KRSA,0.67570385818561,3,STE,STE20,FRAY,STK39
PKA,1.1333333333333333,12,KRSA,0.8508863399374348,4,AGC,PKA,PKA,PRKACA
PKA,1.1333333333333333,12,KRSA,0.8508863399374348,4,AGC,PKA,PKA,PRKACB
PKA,1.1333333333333333,12,KRSA,0.8508863399374348,4,AGC,PKA,PKA,PRKACG
PKA,1.1333333333333333,12,KRSA,0.8508863399374348,4,AGC,PKA,PKA,PRKX
PKA,1.1333333333333333,12,KRSA,0.8508863399374348,4,AGC,PKA,PKA,PRKY
NDR,0.25583333333333336,63,KRSA,0.20020855057351408,1,AGC,NDR,NDR,LATS1
NDR,0.25583333333333336,63,KRSA,0.20020855057351408,1,AGC,NDR,NDR,LATS2
NDR,0.25583333333333336,63,KRSA,0.20020855057351408,1,AGC,NDR,NDR,STK38
NDR,0.25583333333333336,63,KRSA,0.20020855057351408,1,AGC,NDR,NDR,STK38L
VRK1,-0.06499999999999999,76,KRSA,0.03753910323253389,1,CK1,VRK,VRK,VRK1
AMPK,0.6483333333333333,36,KRSA,0.5380604796663191,3,CAMK,CAMKL,AMPK,PRKAA1
AMPK,0.6483333333333333,36,KRSA,0.5380604796663191,3,CAMK,CAMKL,AMPK,PRKAA2
DAPK,1.274166666666667,6,KRSA,0.9259645464025026,4,CAMK,DAPK,DAPK,DAPK1
DAPK,1.274166666666667,6,KRSA,0.9259645464025026,4,CAMK,DAPK,DAPK,DAPK2
DAPK,1.274166666666667,6,KRSA,0.9259645464025026,4,CAMK,DAPK,DAPK,DAPK3
DAPK,1.274166666666667,6,KRSA,0.9259645464025026,4,CAMK,DAPK,DRAK,STK17A
DAPK,1.274166666666667,6,KRSA,0.9259645464025026,4,CAMK,DAPK,DRAK,STK17B
ATM,-0.8233333333333334,22,KRSA,0.7257559958289885,3,ATYPICAL,PIKK,ATM,ATM
PHK,0.8925,20,KRSA,0.7507820646506778,4,CAMK,PHK,PHK,PHKG1
PHK,0.8925,20,KRSA,0.7507820646506778,4,CAMK,PHK,PHK,PHKG2
PKG,0.9708333333333332,15,KRSA,0.8133472367049009,4,AGC,PKG,PKG,PRKG1
PKG,0.9708333333333332,15,KRSA,0.8133472367049009,4,AGC,PKG,PKG,PRKG2
AKT,0.8741666666666666,21,KRSA,0.7382690302398331,3,AGC,AKT,AKT,AKT1
AKT,0.8741666666666666,21,KRSA,0.7382690302398331,3,AGC,AKT,AKT,AKT2
AKT,0.8741666666666666,21,KRSA,0.7382690302398331,3,AGC,AKT,AKT,AKT3
PKD,-0.2725,62,KRSA,0.2127215849843587,1,CAMK,PKD,PKD,PRKD1
PKD,-0.2725,62,KRSA,0.2127215849843587,1,CAMK,PKD,PKD,PRKD2
PKD,-0.2725,62,KRSA,0.2127215849843587,1,CAMK,PKD,PKD,PRKD3
BARK2,-0.13666666666666666,71,KRSA,0.10010427528675704,1,AGC,GRK,BARK,GRK3
RAD53,0.5133333333333333,41,KRSA,0.4754953076120959,2,CAMK,RAD53,RAD53,CHEK2
STE7,-1.595,2,KRSA,0.9760166840458812,4,STE,STE7,MEK1,MAP2K1
STE7,-1.595,2,KRSA,0.9760166840458812,4,STE,STE7,MEK1,MAP2K2
STE7,-1.595,2,KRSA,0.9760166840458812,4,STE,STE7,MEK3,MAP2K3
STE7,-1.595,2,KRSA,0.9760166840458812,4,STE,STE7,MEK4,MAP2K4
STE7,-1.595,2,KRSA,0.9760166840458812,4,STE,STE7,MEK5,MAP2K5
STE7,-1.595,2,KRSA,0.9760166840458812,4,STE,STE7,MEK3,MAP2K6
STE7,-1.595,2,KRSA,0.9760166840458812,4,STE,STE7,MEK7,MAP2K7
CK1,-0.3175,59,KRSA,0.2502606882168926,2,CK1,CK1,CK1-A,CSNK1A1
CK1,-0.3175,59,KRSA,0.2502606882168926,2,CK1,CK1,CK1-A,CSNK1A1L
CK1,-0.3175,59,KRSA,0.2502606882168926,2,CK1,CK1,CK1-D,CSNK1D
CK1,-0.3175,59,KRSA,0.2502606882168926,2,CK1,CK1,CK1-D,CSNK1E
CK1,-0.3175,59,KRSA,0.2502606882168926,2,CK1,CK1,CK1-G,CSNK1G1
CK1,-0.3175,59,KRSA,0.2502606882168926,2,CK1,CK1,CK1-G,CSNK1G2
CK1,-0.3175,59,KRSA,0.2502606882168926,2,CK1,CK1,CK1-G,CSNK1G3
CK1,-0.3175,59,KRSA,0.2502606882168926,2,CK1,TTBK,TTBK,TTBK1
CK1,-0.3175,59,KRSA,0.2502606882168926,2,CK1,TTBK,TTBK,TTBK2
CK1,-0.3175,59,KRSA,0.2502606882168926,2,CK1,VRK,VRK,VRK3
ERK,-1.5791666666666666,3,KRSA,0.9635036496350365,4,CMGC,MAPK,ERK1,MAPK1
ERK,-1.5791666666666666,3,KRSA,0.9635036496350365,4,CMGC,MAPK,ERK7,MAPK15
ERK,-1.5791666666666666,3,KRSA,0.9635036496350365,4,CMGC,MAPK,ERK1,MAPK3
ERK,-1.5791666666666666,3,KRSA,0.9635036496350365,4,CMGC,MAPK,ERK3,MAPK4
ERK,-1.5791666666666666,3,KRSA,0.9635036496350365,4,CMGC,MAPK,ERK3,MAPK6
ERK,-1.5791666666666666,3,KRSA,0.9635036496350365,4,CMGC,MAPK,ERK5,MAPK7
TTK,-0.1525,67,KRSA,0.15015641293013557,1,OTHER,TTK,TTK,TTK
PAKB,0.10583333333333332,72,KRSA,0.08759124087591241,1,STE,STE20,PAKB,PAK4
PAKB,0.10583333333333332,72,KRSA,0.08759124087591241,1,STE,STE20,PAKB,PAK5
PAKB,0.10583333333333332,72,KRSA,0.08759124087591241,1,STE,STE20,PAKB,PAK6
TLK,-1.0066666666666666,14,KRSA,0.8258602711157456,4,OTHER,TLK,TLK,TLK1
TLK,-1.0066666666666666,14,KRSA,0.8258602711157456,4,OTHER,TLK,TLK,TLK2
GRK,-0.4133333333333334,51,KRSA,0.35036496350364965,2,AGC,GRK,GRK,GRK1
GRK,-0.4133333333333334,51,KRSA,0.35036496350364965,2,AGC,GRK,GRK,GRK4
GRK,-0.4133333333333334,51,KRSA,0.35036496350364965,2,AGC,GRK,GRK,GRK5
GRK,-0.4133333333333334,51,KRSA,0.35036496350364965,2,AGC,GRK,GRK,GRK6
GRK,-0.4133333333333334,51,KRSA,0.35036496350364965,2,AGC,GRK,GRK,GRK7
PKN,-0.4141666666666666,50,KRSA,0.36287799791449427,2,AGC,PKN,PKN,PKN1
PKN,-0.4141666666666666,50,KRSA,0.36287799791449427,2,AGC,PKN,PKN,PKN2
PKN,-0.4141666666666666,50,KRSA,0.36287799791449427,2,AGC,PKN,PKN,PKN3
NUAK,-0.14083333333333334,70,KRSA,0.11261730969760167,1,CAMK,CAMKL,NUAK,NUAK1
NUAK,-0.14083333333333334,70,KRSA,0.11261730969760167,1,CAMK,CAMKL,NUAK,NUAK2
NAK,-1.0233333333333334,13,KRSA,0.8383733055265902,4,OTHER,NAK,BIKE,AAK1
NAK,-1.0233333333333334,13,KRSA,0.8383733055265902,4,OTHER,NAK,BIKE,BMP2K
NAK,-1.0233333333333334,13,KRSA,0.8383733055265902,4,OTHER,NAK,GAK,GAK
NAK,-1.0233333333333334,13,KRSA,0.8383733055265902,4,OTHER,NAK,MPSK,STK16
MLCK,0.1466666666666667,68,KRSA,0.13764337851929093,1,CAMK,MLCK,MLCK,MYLK
MLCK,0.1466666666666667,68,KRSA,0.13764337851929093,1,CAMK,MLCK,MLCK,MYLK2
MLCK,0.1466666666666667,68,KRSA,0.13764337851929093,1,CAMK,MLCK,MLCK,TTN
RSK,0.6566666666666666,35,KRSA,0.5505735140771637,3,AGC,RSK,RSK,RPS6KA1
RSK,0.6566666666666666,35,KRSA,0.5505735140771637,3,AGC,RSK,RSK,RPS6KA2
RSK,0.6566666666666666,35,KRSA,0.5505735140771637,3,AGC,RSK,RSK,RPS6KA3
RSK,0.6566666666666666,35,KRSA,0.5505735140771637,3,AGC,RSK,MSK,RPS6KA4
RSK,0.6566666666666666,35,KRSA,0.5505735140771637,3,AGC,RSK,MSK,RPS6KA5
RSK,0.6566666666666666,35,KRSA,0.5505735140771637,3,AGC,RSK,RSK,RPS6KA6
RSK,0.6566666666666666,35,KRSA,0.5505735140771637,3,AGC,RSK,P70,RPS6KB1
RSK,0.6566666666666666,35,KRSA,0.5505735140771637,3,AGC,RSK,P70,RPS6KB2
COT,0.4683333333333334,44,KRSA,0.43795620437956206,2,STE,STE-UNIQUE,STE-UNIQUE,MAP3K8
HAL,0.37,56,KRSA,0.28779979144942647,2,RGC,RGC,RGC,NPR1
IKK,-0.4658333333333333,45,KRSA,0.4254431699687174,2,OTHER,IKK,IKK,CHUK
IKK,-0.4658333333333333,45,KRSA,0.4254431699687174,2,OTHER,IKK,IKK,IKBKB
IKK,-0.4658333333333333,45,KRSA,0.4254431699687174,2,OTHER,IKK,IKK,IKBKE
IKK,-0.4658333333333333,45,KRSA,0.4254431699687174,2,OTHER,IKK,IKK,TBK1
JNK,-1.2866666666666666,5,KRSA,0.9384775808133472,4,CMGC,MAPK,JNK,MAPK10
JNK,-1.2866666666666666,5,KRSA,0.9384775808133472,4,CMGC,MAPK,JNK,MAPK8
JNK,-1.2866666666666666,5,KRSA,0.9384775808133472,4,CMGC,MAPK,JNK,MAPK9
MELK,-0.09416666666666668,73,KRSA,0.07507820646506778,1,CAMK,CAMKL,MELK,MELK
BUD32,0.5025,42,KRSA,0.4629822732012513,2,OTHER,BUD32,BUD32,TP53RK
PRKDC,-0.4608333333333333,46,KRSA,0.4129301355578728,2,ATYPICAL,PIKK,DNAPK,PRKDC
BRSK,-0.38333333333333336,54,KRSA,0.31282586027111575,2,CAMK,CAMKL,BRSK,BRSK1
BRSK,-0.38333333333333336,54,KRSA,0.31282586027111575,2,CAMK,CAMKL,BRSK,BRSK2
CLK,-0.715,30,KRSA,0.6131386861313869,3,CMGC,CLK,CLK,CLK1
CLK,-0.715,30,KRSA,0.6131386861313869,3,CMGC,CLK,CLK,CLK2
CLK,-0.715,30,KRSA,0.6131386861313869,3,CMGC,CLK,CLK,CLK3
CLK,-0.715,30,KRSA,0.6131386861313869,3,CMGC,CLK,CLK,CLK4
MOS,0.6716666666666666,34,KRSA,0.5630865484880083,3,OTHER,MOS,MOS,MOS
CAMKK,0.7991666666666667,24,KRSA,0.7007299270072993,3,OTHER,CAMKK,META,CAMKK1
CAMKK,0.7991666666666667,24,KRSA,0.7007299270072993,3,OTHER,CAMKK,META,CAMKK2
TAO,0.16916666666666666,65,KRSA,0.17518248175182483,1,STE,STE20,TAO,TAOK1
TAO,0.16916666666666666,65,KRSA,0.17518248175182483,1,STE,STE20,TAO,TAOK2
TAO,0.16916666666666666,65,KRSA,0.17518248175182483,1,STE,STE20,TAO,TAOK3
NIK,-0.725,29,KRSA,0.6256517205422315,3,STE,STE-UNIQUE,STE-UNIQUE,MAP3K14
WNK,-0.38,55,KRSA,0.30031282586027114,2,OTHER,WNK,WNK,WNK1
WNK,-0.38,55,KRSA,0.30031282586027114,2,OTHER,WNK,WNK,WNK2
WNK,-0.38,55,KRSA,0.30031282586027114,2,OTHER,WNK,WNK,WNK3
WNK,-0.38,55,KRSA,0.30031282586027114,2,OTHER,WNK,WNK,WNK4
ULK,-0.7125,32,KRSA,0.5881126173096975,3,OTHER,ULK,FUSED,STK36
ULK,-0.7125,32,KRSA,0.5881126173096975,3,OTHER,ULK,ULK,ULK1
ULK,-0.7125,32,KRSA,0.5881126173096975,3,OTHER,ULK,ULK,ULK2
ULK,-0.7125,32,KRSA,0.5881126173096975,3,OTHER,ULK,ULK,ULK3
ULK,-0.7125,32,KRSA,0.5881126173096975,3,OTHER,ULK,ULK,ULK4
ATR,0.08499999999999999,75,KRSA,0.05005213764337852,1,ATYPICAL,PIKK,ATR,ATR
GSK,-0.42833333333333334,49,KRSA,0.3753910323253389,2,CMGC,GSK,GSK,GSK3A
GSK,-0.42833333333333334,49,KRSA,0.3753910323253389,2,CMGC,GSK,GSK,GSK3B
LKB,-0.725,29,KRSA,0.6256517205422315,3,CAMK,CAMKL,LKB,STK11
DYRK,-0.7133333333333334,31,KRSA,0.6006256517205423,3,CMGC,DYRK,DYRK1,DYRK1A
DYRK,-0.7133333333333334,31,KRSA,0.6006256517205423,3,CMGC,DYRK,DYRK1,DYRK1B
DYRK,-0.7133333333333334,31,KRSA,0.6006256517205423,3,CMGC,DYRK,DYRK2,DYRK2
DYRK,-0.7133333333333334,31,KRSA,0.6006256517205423,3,CMGC,DYRK,DYRK2,DYRK3
DYRK,-0.7133333333333334,31,KRSA,0.6006256517205423,3,CMGC,DYRK,DYRK2,DYRK4
DYRK,-0.7133333333333334,31,KRSA,0.6006256517205423,3,CMGC,DYRK,HIPK,HIPK1
DYRK,-0.7133333333333334,31,KRSA,0.6006256517205423,3,CMGC,DYRK,HIPK,HIPK2
DYRK,-0.7133333333333334,31,KRSA,0.6006256517205423,3,CMGC,DYRK,HIPK,HIPK3
DYRK,-0.7133333333333334,31,KRSA,0.6006256517205423,3,CMGC,DYRK,HIPK,HIPK4
DYRK,-0.7133333333333334,31,KRSA,0.6006256517205423,3,CMGC,DYRK,PRP4,PRPF4B
PKCA,0.25333333333333335,64,KRSA,0.18769551616266944,1,AGC,PKC,ALPHA,PRKCA
PKCA,0.25333333333333335,64,KRSA,0.18769551616266944,1,AGC,PKC,ALPHA,PRKCB
PKCA,0.25333333333333335,64,KRSA,0.18769551616266944,1,AGC,PKC,ALPHA,PRKCG
RIPK,1.1483333333333334,9,KRSA,0.8884254431699687,4,TKL,RIPK,RIPK,ANKK1
RIPK,1.1483333333333334,9,KRSA,0.8884254431699687,4,TKL,RIPK,RIPK,RIPK1
RIPK,1.1483333333333334,9,KRSA,0.8884254431699687,4,TKL,RIPK,RIPK,RIPK2
RIPK,1.1483333333333334,9,KRSA,0.8884254431699687,4,TKL,RIPK,RIPK,RIPK3
RIPK,1.1483333333333334,9,KRSA,0.8884254431699687,4,TKL,RIPK,RIPK,RIPK4
PDK1,-1.1775,8,KRSA,0.9009384775808134,4,ATYPICAL,PDHK,PDHK,PDK1
PDK1,-1.1775,8,KRSA,0.9009384775808134,4,AGC,PDK1,PDK1,PDPK1
PDHK,-0.94,17,KRSA,0.7883211678832117,4,ATYPICAL,PDHK,BCKDK,BCKDK
PDHK,-0.94,17,KRSA,0.7883211678832117,4,ATYPICAL,PDHK,PDHK,PDK2
PDHK,-0.94,17,KRSA,0.7883211678832117,4,ATYPICAL,PDHK,PDHK,PDK3
PDHK,-0.94,17,KRSA,0.7883211678832117,4,ATYPICAL,PDHK,PDHK,PDK4
STKR,-0.6016666666666667,38,KRSA,0.5130344108446299,3,TKL,STKR,TYPE1,ACVR1
STKR,-0.6016666666666667,38,KRSA,0.5130344108446299,3,TKL,STKR,TYPE1,ACVR1B
STKR,-0.6016666666666667,38,KRSA,0.5130344108446299,3,TKL,STKR,TYPE1,ACVR1C
STKR,-0.6016666666666667,38,KRSA,0.5130344108446299,3,TKL,STKR,TYPE2,ACVR2A
STKR,-0.6016666666666667,38,KRSA,0.5130344108446299,3,TKL,STKR,TYPE2,ACVR2B
STKR,-0.6016666666666667,38,KRSA,0.5130344108446299,3,TKL,STKR,TYPE1,ACVRL1
STKR,-0.6016666666666667,38,KRSA,0.5130344108446299,3,TKL,STKR,TYPE2,AMHR2
STKR,-0.6016666666666667,38,KRSA,0.5130344108446299,3,TKL,STKR,TYPE1,BMPR1A
STKR,-0.6016666666666667,38,KRSA,0.5130344108446299,3,TKL,STKR,TYPE1,BMPR1B
STKR,-0.6016666666666667,38,KRSA,0.5130344108446299,3,TKL,STKR,TYPE2,BMPR2
STKR,-0.6016666666666667,38,KRSA,0.5130344108446299,3,TKL,STKR,TYPE1,TGFBR1
STKR,-0.6016666666666667,38,KRSA,0.5130344108446299,3,TKL,STKR,TYPE2,TGFBR2
P38,-0.9041666666666668,19,KRSA,0.7632950990615224,4,CMGC,MAPK,P38,MAPK11
P38,-0.9041666666666668,19,KRSA,0.7632950990615224,4,CMGC,MAPK,P38,MAPK12
P38,-0.9041666666666668,19,KRSA,0.7632950990615224,4,CMGC,MAPK,P38,MAPK13
P38,-0.9041666666666668,19,KRSA,0.7632950990615224,4,CMGC,MAPK,P38,MAPK14
PEK,-1.25,7,KRSA,0.913451511991658,4,OTHER,PEK,HRI,EIF2AK1
PEK,-1.25,7,KRSA,0.913451511991658,4,OTHER,PEK,PKR,EIF2AK2
PEK,-1.25,7,KRSA,0.913451511991658,4,OTHER,PEK,PEK,EIF2AK3
PEK,-1.25,7,KRSA,0.913451511991658,4,OTHER,PEK,GCN2,EIF2AK4
MLK,0.145,69,KRSA,0.1251303441084463,1,TKL,MLK,ILK,ILK
MLK,0.145,69,KRSA,0.1251303441084463,1,TKL,MLK,MLK,MAP3K10
MLK,0.145,69,KRSA,0.1251303441084463,1,TKL,MLK,MLK,MAP3K11
MLK,0.145,69,KRSA,0.1251303441084463,1,TKL,MLK,LZK,MAP3K12
MLK,0.145,69,KRSA,0.1251303441084463,1,TKL,MLK,LZK,MAP3K13
MLK,0.145,69,KRSA,0.1251303441084463,1,TKL,MLK,MLK,MAP3K9
MLK,0.145,69,KRSA,0.1251303441084463,1,TKL,MLK,HH498,TNNI3K
MAPKAPK,0.44416666666666665,48,KRSA,0.38790406673618355,2,CAMK,MAPKAPK,MAPKAPK,MAPKAPK2
MAPKAPK,0.44416666666666665,48,KRSA,0.38790406673618355,2,CAMK,MAPKAPK,MAPKAPK,MAPKAPK3
MAPKAPK,0.44416666666666665,48,KRSA,0.38790406673618355,2,CAMK,MAPKAPK,MAPKAPK,MAPKAPK5
MAPKAPK,0.44416666666666665,48,KRSA,0.38790406673618355,2,CAMK,MAPKAPK,MNK,MKNK1
MAPKAPK,0.44416666666666665,48,KRSA,0.38790406673618355,2,CAMK,MAPKAPK,MNK,MKNK2
PKCH,-0.5,43,KRSA,0.4504692387904067,2,AGC,PKC,ETA,PRKCE
PKCH,-0.5,43,KRSA,0.4504692387904067,2,AGC,PKC,ETA,PRKCH
RAF,0.03583333333333334,77,KRSA,0.02502606882168926,1,TKL,RAF,RAF,ARAF
RAF,0.03583333333333334,77,KRSA,0.02502606882168926,1,TKL,RAF,RAF,BRAF
RAF,0.03583333333333334,77,KRSA,0.02502606882168926,1,TKL,RAF,KSR,KSR1
RAF,0.03583333333333334,77,KRSA,0.02502606882168926,1,TKL,RAF,KSR,KSR2
RAF,0.03583333333333334,77,KRSA,0.02502606882168926,1,TKL,RAF,RAF,RAF1
CK2,-0.6783333333333333,33,KRSA,0.5755995828988529,3,CMGC,CK2,CK2,CSNK2A1
CK2,-0.6783333333333333,33,KRSA,0.5755995828988529,3,CMGC,CK2,CK2,CSNK2A2
CK2,-0.6783333333333333,33,KRSA,0.5755995828988529,3,NA,NA,NA,CSNK2A3
CAMK2,-0.3933333333333333,52,KRSA,0.337851929092805,2,CAMK,CAMK2,CAMK2,CAMK2A
CAMK2,-0.3933333333333333,52,KRSA,0.337851929092805,2,CAMK,CAMK2,CAMK2,CAMK2B
CAMK2,-0.3933333333333333,52,KRSA,0.337851929092805,2,CAMK,CAMK2,CAMK2,CAMK2D
CAMK2,-0.3933333333333333,52,KRSA,0.337851929092805,2,CAMK,CAMK2,CAMK2,CAMK2G
PAKA,-0.45166666666666666,47,KRSA,0.40041710114702816,2,STE,STE20,PAKA,PAK1
PAKA,-0.45166666666666666,47,KRSA,0.40041710114702816,2,STE,STE20,PAKA,PAK2
PAKA,-0.45166666666666666,47,KRSA,0.40041710114702816,2,STE,STE20,PAKA,PAK3
MTOR,-0.2791666666666667,61,KRSA,0.22523461939520334,1,ATYPICAL,PIKK,FRAP,MTOR
CDK,-0.7266666666666667,28,KRSA,0.6506777893639207,3,CMGC,CDK,CDC2,CDK1
CDK,-0.7266666666666667,28,KRSA,0.6506777893639207,3,CMGC,CDK,CDK10,CDK10
CDK,-0.7266666666666667,28,KRSA,0.6506777893639207,3,CMGC,CDK,CRK7,CDK12
CDK,-0.7266666666666667,28,KRSA,0.6506777893639207,3,CMGC,CDK,CRK7,CDK13
CDK,-0.7266666666666667,28,KRSA,0.6506777893639207,3,CMGC,CDK,PFTAIRE,CDK14
CDK,-0.7266666666666667,28,KRSA,0.6506777893639207,3,CMGC,CDK,PFTAIRE,CDK15
CDK,-0.7266666666666667,28,KRSA,0.6506777893639207,3,CMGC,CDK,PCTAIRE,CDK16
CDK,-0.7266666666666667,28,KRSA,0.6506777893639207,3,CMGC,CDK,PCTAIRE,CDK17
CDK,-0.7266666666666667,28,KRSA,0.6506777893639207,3,CMGC,CDK,PCTAIRE,CDK18
CDK,-0.7266666666666667,28,KRSA,0.6506777893639207,3,CMGC,CDK,CDK8,CDK19
CDK,-0.7266666666666667,28,KRSA,0.6506777893639207,3,CMGC,CDK,CDC2,CDK2
CDK,-0.7266666666666667,28,KRSA,0.6506777893639207,3,CMGC,CDK,CCRK,CDK20
CDK,-0.7266666666666667,28,KRSA,0.6506777893639207,3,CMGC,CDK,CDC2,CDK3
CDK,-0.7266666666666667,28,KRSA,0.6506777893639207,3,CMGC,CDK,CDK4,CDK4
CDK,-0.7266666666666667,28,KRSA,0.6506777893639207,3,CMGC,CDK,CDK5,CDK5
CDK,-0.7266666666666667,28,KRSA,0.6506777893639207,3,CMGC,CDK,CDK4,CDK6
CDK,-0.7266666666666667,28,KRSA,0.6506777893639207,3,CMGC,CDK,CDK7,CDK7
CDK,-0.7266666666666667,28,KRSA,0.6506777893639207,3,CMGC,CDK,CDK8,CDK8
CDK,-0.7266666666666667,28,KRSA,0.6506777893639207,3,CMGC,CDK,CDK9,CDK9
CDK,-0.7266666666666667,28,KRSA,0.6506777893639207,3,NA,NA,NA,CDK11A
CDK,-0.7266666666666667,28,KRSA,0.6506777893639207,3,NA,NA,NA,CDK11B
RIPK,1.1483333333333334,9,KRSA,0.8884254431699687,4,TKL,RIPK,RIPK,ANKK1
RIPK,1.1483333333333334,9,KRSA,0.8884254431699687,4,TKL,RIPK,RIPK,RIPK1
RIPK,1.1483333333333334,9,KRSA,0.8884254431699687,4,TKL,RIPK,RIPK,RIPK2
RIPK,1.1483333333333334,9,KRSA,0.8884254431699687,4,TKL,RIPK,RIPK,RIPK3
RIPK,1.1483333333333334,9,KRSA,0.8884254431699687,4,TKL,RIPK,RIPK,RIPK4
PHK,0.8925,20,KRSA,0.7507820646506778,4,CAMK,PHK,PHK,PHKG1
PHK,0.8925,20,KRSA,0.7507820646506778,4,CAMK,PHK,PHK,PHKG2
AMPK,0.6483333333333333,36,KRSA,0.5380604796663191,3,CAMK,CAMKL,AMPK,PRKAA1
AMPK,0.6483333333333333,36,KRSA,0.5380604796663191,3,CAMK,CAMKL,AMPK,PRKAA2
DAPK,1.274166666666667,6,KRSA,0.9259645464025026,4,CAMK,DAPK,DAPK,DAPK1
DAPK,1.274166666666667,6,KRSA,0.9259645464025026,4,CAMK,DAPK,DAPK,DAPK2
DAPK,1.274166666666667,6,KRSA,0.9259645464025026,4,CAMK,DAPK,DAPK,DAPK3
DAPK,1.274166666666667,6,KRSA,0.9259645464025026,4,CAMK,DAPK,DRAK,STK17A
DAPK,1.274166666666667,6,KRSA,0.9259645464025026,4,CAMK,DAPK,DRAK,STK17B
SGK,0.7408333333333333,27,KRSA,0.6631908237747653,3,AGC,SGK,SGK,SGK1
SGK,0.7408333333333333,27,KRSA,0.6631908237747653,3,AGC,SGK,SGK,SGK2
SGK,0.7408333333333333,27,KRSA,0.6631908237747653,3,AGC,SGK,SGK,SGK3
MSN,1.1416666666666666,10,KRSA,0.8759124087591241,4,STE,STE20,MSN,MAP4K4
MSN,1.1416666666666666,10,KRSA,0.8759124087591241,4,STE,STE20,MSN,NRK
MSN,1.1416666666666666,10,KRSA,0.8759124087591241,4,STE,STE20,MSN,TNIK
PIM,0.5791666666666667,39,KRSA,0.5005213764337852,3,CAMK,PIM,PIM,PIM1
PIM,0.5791666666666667,39,KRSA,0.5005213764337852,3,CAMK,PIM,PIM,PIM2
PIM,0.5791666666666667,39,KRSA,0.5005213764337852,3,CAMK,PIM,PIM,PIM3
PDK1,-1.1775,8,KRSA,0.9009384775808134,4,ATYPICAL,PDHK,PDHK,PDK1
PDK1,-1.1775,8,KRSA,0.9009384775808134,4,AGC,PDK1,PDK1,PDPK1
NMO,-2.1433333333333335,1,KRSA,0.9885297184567258,4,CMGC,MAPK,NMO,NLK
AKT,0.8741666666666666,21,KRSA,0.7382690302398331,3,AGC,AKT,AKT,AKT1
AKT,0.8741666666666666,21,KRSA,0.7382690302398331,3,AGC,AKT,AKT,AKT2
AKT,0.8741666666666666,21,KRSA,0.7382690302398331,3,AGC,AKT,AKT,AKT3
DMPK,0.7841666666666667,25,KRSA,0.6882168925964547,3,AGC,DMPK,GEK,CDC42BPA
DMPK,0.7841666666666667,25,KRSA,0.6882168925964547,3,AGC,DMPK,GEK,CDC42BPB
DMPK,0.7841666666666667,25,KRSA,0.6882168925964547,3,AGC,DMPK,GEK,CDC42BPG
DMPK,0.7841666666666667,25,KRSA,0.6882168925964547,3,AGC,DMPK,CRIK,CIT
DMPK,0.7841666666666667,25,KRSA,0.6882168925964547,3,AGC,DMPK,GEK,DMPK
DMPK,0.7841666666666667,25,KRSA,0.6882168925964547,3,AGC,DMPK,ROCK,ROCK1
DMPK,0.7841666666666667,25,KRSA,0.6882168925964547,3,AGC,DMPK,ROCK,ROCK2
RSK,0.6566666666666666,35,KRSA,0.5505735140771637,3,AGC,RSK,RSK,RPS6KA1
RSK,0.6566666666666666,35,KRSA,0.5505735140771637,3,AGC,RSK,RSK,RPS6KA2
RSK,0.6566666666666666,35,KRSA,0.5505735140771637,3,AGC,RSK,RSK,RPS6KA3
RSK,0.6566666666666666,35,KRSA,0.5505735140771637,3,AGC,RSK,MSK,RPS6KA4
RSK,0.6566666666666666,35,KRSA,0.5505735140771637,3,AGC,RSK,MSK,RPS6KA5
RSK,0.6566666666666666,35,KRSA,0.5505735140771637,3,AGC,RSK,RSK,RPS6KA6
RSK,0.6566666666666666,35,KRSA,0.5505735140771637,3,AGC,RSK,P70,RPS6KB1
RSK,0.6566666666666666,35,KRSA,0.5505735140771637,3,AGC,RSK,P70,RPS6KB2
VRK1,-0.06499999999999999,76,KRSA,0.03753910323253389,1,CK1,VRK,VRK,VRK1
MAPKAPK,0.44416666666666665,48,KRSA,0.38790406673618355,2,CAMK,MAPKAPK,MAPKAPK,MAPKAPK2
MAPKAPK,0.44416666666666665,48,KRSA,0.38790406673618355,2,CAMK,MAPKAPK,MAPKAPK,MAPKAPK3
MAPKAPK,0.44416666666666665,48,KRSA,0.38790406673618355,2,CAMK,MAPKAPK,MAPKAPK,MAPKAPK5
MAPKAPK,0.44416666666666665,48,KRSA,0.38790406673618355,2,CAMK,MAPKAPK,MNK,MKNK1
MAPKAPK,0.44416666666666665,48,KRSA,0.38790406673618355,2,CAMK,MAPKAPK,MNK,MKNK2
HAL,0.37,56,KRSA,0.28779979144942647,2,RGC,RGC,RGC,NPR1
PKCA,0.25333333333333335,64,KRSA,0.18769551616266944,1,AGC,PKC,ALPHA,PRKCA
PKCA,0.25333333333333335,64,KRSA,0.18769551616266944,1,AGC,PKC,ALPHA,PRKCB
PKCA,0.25333333333333335,64,KRSA,0.18769551616266944,1,AGC,PKC,ALPHA,PRKCG
PKA,1.1333333333333333,12,KRSA,0.8508863399374348,4,AGC,PKA,PKA,PRKACA
PKA,1.1333333333333333,12,KRSA,0.8508863399374348,4,AGC,PKA,PKA,PRKACB
PKA,1.1333333333333333,12,KRSA,0.8508863399374348,4,AGC,PKA,PKA,PRKACG
PKA,1.1333333333333333,12,KRSA,0.8508863399374348,4,AGC,PKA,PKA,PRKX
PKA,1.1333333333333333,12,KRSA,0.8508863399374348,4,AGC,PKA,PKA,PRKY
PKG,0.9708333333333332,15,KRSA,0.8133472367049009,4,AGC,PKG,PKG,PRKG1
PKG,0.9708333333333332,15,KRSA,0.8133472367049009,4,AGC,PKG,PKG,PRKG2
IRAK,-0.38916666666666666,53,KRSA,0.32533889468196037,2,TKL,IRAK,IRAK,IRAK1
IRAK,-0.38916666666666666,53,KRSA,0.32533889468196037,2,TKL,IRAK,IRAK,IRAK2
IRAK,-0.38916666666666666,53,KRSA,0.32533889468196037,2,TKL,IRAK,IRAK,IRAK3
IRAK,-0.38916666666666666,53,KRSA,0.32533889468196037,2,TKL,IRAK,IRAK,IRAK4
ERK,-1.5791666666666666,3,KRSA,0.9635036496350365,4,CMGC,MAPK,ERK1,MAPK1
ERK,-1.5791666666666666,3,KRSA,0.9635036496350365,4,CMGC,MAPK,ERK7,MAPK15
ERK,-1.5791666666666666,3,KRSA,0.9635036496350365,4,CMGC,MAPK,ERK1,MAPK3
ERK,-1.5791666666666666,3,KRSA,0.9635036496350365,4,CMGC,MAPK,ERK3,MAPK4
ERK,-1.5791666666666666,3,KRSA,0.9635036496350365,4,CMGC,MAPK,ERK3,MAPK6
ERK,-1.5791666666666666,3,KRSA,0.9635036496350365,4,CMGC,MAPK,ERK5,MAPK7
NAK,-1.0233333333333334,13,KRSA,0.8383733055265902,4,OTHER,NAK,BIKE,AAK1
NAK,-1.0233333333333334,13,KRSA,0.8383733055265902,4,OTHER,NAK,BIKE,BMP2K
NAK,-1.0233333333333334,13,KRSA,0.8383733055265902,4,OTHER,NAK,GAK,GAK
NAK,-1.0233333333333334,13,KRSA,0.8383733055265902,4,OTHER,NAK,MPSK,STK16
TLK,-1.0066666666666666,14,KRSA,0.8258602711157456,4,OTHER,TLK,TLK,TLK1
TLK,-1.0066666666666666,14,KRSA,0.8258602711157456,4,OTHER,TLK,TLK,TLK2
LKB,-0.725,29,KRSA,0.6256517205422315,3,CAMK,CAMKL,LKB,STK11
AUR,1.4466666666666668,4,KRSA,0.9509906152241918,4,OTHER,AUR,AUR,AURKA
AUR,1.4466666666666668,4,KRSA,0.9509906152241918,4,OTHER,AUR,AUR,AURKB
AUR,1.4466666666666668,4,KRSA,0.9509906152241918,4,OTHER,AUR,AUR,AURKC
PKD,-0.2725,62,KRSA,0.2127215849843587,1,CAMK,PKD,PKD,PRKD1
PKD,-0.2725,62,KRSA,0.2127215849843587,1,CAMK,PKD,PKD,PRKD2
PKD,-0.2725,62,KRSA,0.2127215849843587,1,CAMK,PKD,PKD,PRKD3
PKCD,-0.15416666666666665,66,KRSA,0.16266944734098018,1,AGC,PKC,DELTA,PRKCD
PKCD,-0.15416666666666665,66,KRSA,0.16266944734098018,1,AGC,PKC,DELTA,PRKCQ
RAD53,0.5133333333333333,41,KRSA,0.4754953076120959,2,CAMK,RAD53,RAD53,CHEK2
CAMK1,0.9558333333333332,16,KRSA,0.8008342022940563,4,CAMK,CAMK1,CAMK1,CAMK1
CAMK1,0.9558333333333332,16,KRSA,0.8008342022940563,4,CAMK,CAMK1,CAMK1,CAMK1D
CAMK1,0.9558333333333332,16,KRSA,0.8008342022940563,4,CAMK,CAMK1,CAMK1,CAMK1G
CAMK1,0.9558333333333332,16,KRSA,0.8008342022940563,4,CAMK,CAMK1,CAMK1,CAMK4
CAMK1,0.9558333333333332,16,KRSA,0.8008342022940563,4,CAMK,CAMK1,CAMK1,PNCK
CAMKK,0.7991666666666667,24,KRSA,0.7007299270072993,3,OTHER,CAMKK,META,CAMKK1
CAMKK,0.7991666666666667,24,KRSA,0.7007299270072993,3,OTHER,CAMKK,META,CAMKK2
SLK,0.6216666666666667,37,KRSA,0.5255474452554745,3,STE,STE20,SLK,SLK
SLK,0.6216666666666667,37,KRSA,0.5255474452554745,3,STE,STE20,SLK,STK10
TAO,0.16916666666666666,65,KRSA,0.17518248175182483,1,STE,STE20,TAO,TAOK1
TAO,0.16916666666666666,65,KRSA,0.17518248175182483,1,STE,STE20,TAO,TAOK2
TAO,0.16916666666666666,65,KRSA,0.17518248175182483,1,STE,STE20,TAO,TAOK3
PASK,0.9266666666666666,18,KRSA,0.7758081334723671,4,CAMK,CAMKL,PASK,PASK
BUD32,0.5025,42,KRSA,0.4629822732012513,2,OTHER,BUD32,BUD32,TP53RK
MOS,0.6716666666666666,34,KRSA,0.5630865484880083,3,OTHER,MOS,MOS,MOS
ULK,-0.7125,32,KRSA,0.5881126173096975,3,OTHER,ULK,FUSED,STK36
ULK,-0.7125,32,KRSA,0.5881126173096975,3,OTHER,ULK,ULK,ULK1
ULK,-0.7125,32,KRSA,0.5881126173096975,3,OTHER,ULK,ULK,ULK2
ULK,-0.7125,32,KRSA,0.5881126173096975,3,OTHER,ULK,ULK,ULK3
ULK,-0.7125,32,KRSA,0.5881126173096975,3,OTHER,ULK,ULK,ULK4
CLK,-0.715,30,KRSA,0.6131386861313869,3,CMGC,CLK,CLK,CLK1
CLK,-0.715,30,KRSA,0.6131386861313869,3,CMGC,CLK,CLK,CLK2
CLK,-0.715,30,KRSA,0.6131386861313869,3,CMGC,CLK,CLK,CLK3
CLK,-0.715,30,KRSA,0.6131386861313869,3,CMGC,CLK,CLK,CLK4
CAMK2,-0.3933333333333333,52,KRSA,0.337851929092805,2,CAMK,CAMK2,CAMK2,CAMK2A
CAMK2,-0.3933333333333333,52,KRSA,0.337851929092805,2,CAMK,CAMK2,CAMK2,CAMK2B
CAMK2,-0.3933333333333333,52,KRSA,0.337851929092805,2,CAMK,CAMK2,CAMK2,CAMK2D
CAMK2,-0.3933333333333333,52,KRSA,0.337851929092805,2,CAMK,CAMK2,CAMK2,CAMK2G
WNK,-0.38,55,KRSA,0.30031282586027114,2,OTHER,WNK,WNK,WNK1
WNK,-0.38,55,KRSA,0.30031282586027114,2,OTHER,WNK,WNK,WNK2
WNK,-0.38,55,KRSA,0.30031282586027114,2,OTHER,WNK,WNK,WNK3
WNK,-0.38,55,KRSA,0.30031282586027114,2,OTHER,WNK,WNK,WNK4
KHS,0.09166666666666666,74,KRSA,0.06256517205422316,1,STE,STE20,KHS,MAP4K1
KHS,0.09166666666666666,74,KRSA,0.06256517205422316,1,STE,STE20,KHS,MAP4K2
KHS,0.09166666666666666,74,KRSA,0.06256517205422316,1,STE,STE20,KHS,MAP4K3
KHS,0.09166666666666666,74,KRSA,0.06256517205422316,1,STE,STE20,KHS,MAP4K5
BRSK,-0.38333333333333336,54,KRSA,0.31282586027111575,2,CAMK,CAMKL,BRSK,BRSK1
BRSK,-0.38333333333333336,54,KRSA,0.31282586027111575,2,CAMK,CAMKL,BRSK,BRSK2
NIK,-0.725,29,KRSA,0.6256517205422315,3,STE,STE-UNIQUE,STE-UNIQUE,MAP3K14
RAF,0.03583333333333334,77,KRSA,0.02502606882168926,1,TKL,RAF,RAF,ARAF
RAF,0.03583333333333334,77,KRSA,0.02502606882168926,1,TKL,RAF,RAF,BRAF
RAF,0.03583333333333334,77,KRSA,0.02502606882168926,1,TKL,RAF,KSR,KSR1
RAF,0.03583333333333334,77,KRSA,0.02502606882168926,1,TKL,RAF,KSR,KSR2
RAF,0.03583333333333334,77,KRSA,0.02502606882168926,1,TKL,RAF,RAF,RAF1
ATM,-0.8233333333333334,22,KRSA,0.7257559958289885,3,ATYPICAL,PIKK,ATM,ATM
NEK,-1.1375,11,KRSA,0.8633993743482794,4,OTHER,NEK,NEK11,NEK11
NEK,-1.1375,11,KRSA,0.8633993743482794,4,OTHER,NEK,NEK2,NEK2
NEK,-1.1375,11,KRSA,0.8633993743482794,4,OTHER,NEK,NEK1,NEK3
NEK,-1.1375,11,KRSA,0.8633993743482794,4,OTHER,NEK,NEK4,NEK4
NEK,-1.1375,11,KRSA,0.8633993743482794,4,OTHER,NEK,NEK1,NEK5
NEK,-1.1375,11,KRSA,0.8633993743482794,4,OTHER,NEK,NEK6,NEK6
NEK,-1.1375,11,KRSA,0.8633993743482794,4,OTHER,NEK,NEK6,NEK7
NEK,-1.1375,11,KRSA,0.8633993743482794,4,OTHER,NEK,NEK8,NEK8
NEK,-1.1375,11,KRSA,0.8633993743482794,4,OTHER,NEK,NEK8,NEK9
IKK,-0.4658333333333333,45,KRSA,0.4254431699687174,2,OTHER,IKK,IKK,CHUK
IKK,-0.4658333333333333,45,KRSA,0.4254431699687174,2,OTHER,IKK,IKK,IKBKB
IKK,-0.4658333333333333,45,KRSA,0.4254431699687174,2,OTHER,IKK,IKK,IKBKE
IKK,-0.4658333333333333,45,KRSA,0.4254431699687174,2,OTHER,IKK,IKK,TBK1
PKCH,-0.5,43,KRSA,0.4504692387904067,2,AGC,PKC,ETA,PRKCE
PKCH,-0.5,43,KRSA,0.4504692387904067,2,AGC,PKC,ETA,PRKCH
JNK,-1.2866666666666666,5,KRSA,0.9384775808133472,4,CMGC,MAPK,JNK,MAPK10
JNK,-1.2866666666666666,5,KRSA,0.9384775808133472,4,CMGC,MAPK,JNK,MAPK8
JNK,-1.2866666666666666,5,KRSA,0.9384775808133472,4,CMGC,MAPK,JNK,MAPK9
DYRK,-0.7133333333333334,31,KRSA,0.6006256517205423,3,CMGC,DYRK,DYRK1,DYRK1A
DYRK,-0.7133333333333334,31,KRSA,0.6006256517205423,3,CMGC,DYRK,DYRK1,DYRK1B
DYRK,-0.7133333333333334,31,KRSA,0.6006256517205423,3,CMGC,DYRK,DYRK2,DYRK2
DYRK,-0.7133333333333334,31,KRSA,0.6006256517205423,3,CMGC,DYRK,DYRK2,DYRK3
DYRK,-0.7133333333333334,31,KRSA,0.6006256517205423,3,CMGC,DYRK,DYRK2,DYRK4
DYRK,-0.7133333333333334,31,KRSA,0.6006256517205423,3,CMGC,DYRK,HIPK,HIPK1
DYRK,-0.7133333333333334,31,KRSA,0.6006256517205423,3,CMGC,DYRK,HIPK,HIPK2
DYRK,-0.7133333333333334,31,KRSA,0.6006256517205423,3,CMGC,DYRK,HIPK,HIPK3
DYRK,-0.7133333333333334,31,KRSA,0.6006256517205423,3,CMGC,DYRK,HIPK,HIPK4
DYRK,-0.7133333333333334,31,KRSA,0.6006256517205423,3,CMGC,DYRK,PRP4,PRPF4B
P38,-0.9041666666666668,19,KRSA,0.7632950990615224,4,CMGC,MAPK,P38,MAPK11
P38,-0.9041666666666668,19,KRSA,0.7632950990615224,4,CMGC,MAPK,P38,MAPK12
P38,-0.9041666666666668,19,KRSA,0.7632950990615224,4,CMGC,MAPK,P38,MAPK13
P38,-0.9041666666666668,19,KRSA,0.7632950990615224,4,CMGC,MAPK,P38,MAPK14
COT,0.4683333333333334,44,KRSA,0.43795620437956206,2,STE,STE-UNIQUE,STE-UNIQUE,MAP3K8
PEK,-1.25,7,KRSA,0.913451511991658,4,OTHER,PEK,HRI,EIF2AK1
PEK,-1.25,7,KRSA,0.913451511991658,4,OTHER,PEK,PKR,EIF2AK2
PEK,-1.25,7,KRSA,0.913451511991658,4,OTHER,PEK,PEK,EIF2AK3
PEK,-1.25,7,KRSA,0.913451511991658,4,OTHER,PEK,GCN2,EIF2AK4
NDR,0.25583333333333336,63,KRSA,0.20020855057351408,1,AGC,NDR,NDR,LATS1
NDR,0.25583333333333336,63,KRSA,0.20020855057351408,1,AGC,NDR,NDR,LATS2
NDR,0.25583333333333336,63,KRSA,0.20020855057351408,1,AGC,NDR,NDR,STK38
NDR,0.25583333333333336,63,KRSA,0.20020855057351408,1,AGC,NDR,NDR,STK38L
STKR,-0.6016666666666667,38,KRSA,0.5130344108446299,3,TKL,STKR,TYPE1,ACVR1
STKR,-0.6016666666666667,38,KRSA,0.5130344108446299,3,TKL,STKR,TYPE1,ACVR1B
STKR,-0.6016666666666667,38,KRSA,0.5130344108446299,3,TKL,STKR,TYPE1,ACVR1C
STKR,-0.6016666666666667,38,KRSA,0.5130344108446299,3,TKL,STKR,TYPE2,ACVR2A
STKR,-0.6016666666666667,38,KRSA,0.5130344108446299,3,TKL,STKR,TYPE2,ACVR2B
STKR,-0.6016666666666667,38,KRSA,0.5130344108446299,3,TKL,STKR,TYPE1,ACVRL1
STKR,-0.6016666666666667,38,KRSA,0.5130344108446299,3,TKL,STKR,TYPE2,AMHR2
STKR,-0.6016666666666667,38,KRSA,0.5130344108446299,3,TKL,STKR,TYPE1,BMPR1A
STKR,-0.6016666666666667,38,KRSA,0.5130344108446299,3,TKL,STKR,TYPE1,BMPR1B
STKR,-0.6016666666666667,38,KRSA,0.5130344108446299,3,TKL,STKR,TYPE2,BMPR2
STKR,-0.6016666666666667,38,KRSA,0.5130344108446299,3,TKL,STKR,TYPE1,TGFBR1
STKR,-0.6016666666666667,38,KRSA,0.5130344108446299,3,TKL,STKR,TYPE2,TGFBR2
PDHK,-0.94,17,KRSA,0.7883211678832117,4,ATYPICAL,PDHK,BCKDK,BCKDK
PDHK,-0.94,17,KRSA,0.7883211678832117,4,ATYPICAL,PDHK,PDHK,PDK2
PDHK,-0.94,17,KRSA,0.7883211678832117,4,ATYPICAL,PDHK,PDHK,PDK3
PDHK,-0.94,17,KRSA,0.7883211678832117,4,ATYPICAL,PDHK,PDHK,PDK4
ATR,0.08499999999999999,75,KRSA,0.05005213764337852,1,ATYPICAL,PIKK,ATR,ATR
CHK1,0.31416666666666665,60,KRSA,0.23774765380604795,1,CAMK,CAMKL,CHK1,CHEK1
CK2,-0.6783333333333333,33,KRSA,0.5755995828988529,3,CMGC,CK2,CK2,CSNK2A1
CK2,-0.6783333333333333,33,KRSA,0.5755995828988529,3,CMGC,CK2,CK2,CSNK2A2
CK2,-0.6783333333333333,33,KRSA,0.5755995828988529,3,NA,NA,NA,CSNK2A3
STE7,-1.595,2,KRSA,0.9760166840458812,4,STE,STE7,MEK1,MAP2K1
STE7,-1.595,2,KRSA,0.9760166840458812,4,STE,STE7,MEK1,MAP2K2
STE7,-1.595,2,KRSA,0.9760166840458812,4,STE,STE7,MEK3,MAP2K3
STE7,-1.595,2,KRSA,0.9760166840458812,4,STE,STE7,MEK4,MAP2K4
STE7,-1.595,2,KRSA,0.9760166840458812,4,STE,STE7,MEK5,MAP2K5
STE7,-1.595,2,KRSA,0.9760166840458812,4,STE,STE7,MEK3,MAP2K6
STE7,-1.595,2,KRSA,0.9760166840458812,4,STE,STE7,MEK7,MAP2K7
MELK,-0.09416666666666668,73,KRSA,0.07507820646506778,1,CAMK,CAMKL,MELK,MELK
PLK,-0.5791666666666666,40,KRSA,0.4880083420229406,2,NA,NA,NA,PLK5
PLK,-0.5791666666666666,40,KRSA,0.4880083420229406,2,OTHER,PLK,PLK1,PLK1
PLK,-0.5791666666666666,40,KRSA,0.4880083420229406,2,OTHER,PLK,PLK2,PLK2
PLK,-0.5791666666666666,40,KRSA,0.4880083420229406,2,OTHER,PLK,PLK2,PLK3
PLK,-0.5791666666666666,40,KRSA,0.4880083420229406,2,OTHER,PLK,SAK,PLK4
BARK2,-0.13666666666666666,71,KRSA,0.10010427528675704,1,AGC,GRK,BARK,GRK3
QIK,-0.02166666666666665,78,KRSA,0.01251303441084463,1,CAMK,CAMKL,QIK,SIK1
QIK,-0.02166666666666665,78,KRSA,0.01251303441084463,1,CAMK,CAMKL,QIK,SIK2
STE11,0.00166666666666666,79,KRSA,0,1,TKL,MLK,TAK1,MAP3K7
STE11,0.00166666666666666,79,KRSA,0,1,STE,STE11,MEKK1,MAP3K1
STE11,0.00166666666666666,79,KRSA,0,1,STE,STE11,ASK,MAP3K15
STE11,0.00166666666666666,79,KRSA,0,1,STE,STE11,MEKK2,MAP3K2
STE11,0.00166666666666666,79,KRSA,0,1,STE,STE11,MEKK2,MAP3K3
STE11,0.00166666666666666,79,KRSA,0,1,STE,STE11,MEKK4,MAP3K4
STE11,0.00166666666666666,79,KRSA,0,1,STE,STE11,ASK,MAP3K5
STE11,0.00166666666666666,79,KRSA,0,1,STE,STE11,ASK,MAP3K6
CDK,-0.7266666666666667,28,KRSA,0.6506777893639207,3,CMGC,CDK,CDC2,CDK1
CDK,-0.7266666666666667,28,KRSA,0.6506777893639207,3,CMGC,CDK,CDK10,CDK10
CDK,-0.7266666666666667,28,KRSA,0.6506777893639207,3,CMGC,CDK,CRK7,CDK12
CDK,-0.7266666666666667,28,KRSA,0.6506777893639207,3,CMGC,CDK,CRK7,CDK13
CDK,-0.7266666666666667,28,KRSA,0.6506777893639207,3,CMGC,CDK,PFTAIRE,CDK14
CDK,-0.7266666666666667,28,KRSA,0.6506777893639207,3,CMGC,CDK,PFTAIRE,CDK15
CDK,-0.7266666666666667,28,KRSA,0.6506777893639207,3,CMGC,CDK,PCTAIRE,CDK16
CDK,-0.7266666666666667,28,KRSA,0.6506777893639207,3,CMGC,CDK,PCTAIRE,CDK17
CDK,-0.7266666666666667,28,KRSA,0.6506777893639207,3,CMGC,CDK,PCTAIRE,CDK18
CDK,-0.7266666666666667,28,KRSA,0.6506777893639207,3,CMGC,CDK,CDK8,CDK19
CDK,-0.7266666666666667,28,KRSA,0.6506777893639207,3,CMGC,CDK,CDC2,CDK2
CDK,-0.7266666666666667,28,KRSA,0.6506777893639207,3,CMGC,CDK,CCRK,CDK20
CDK,-0.7266666666666667,28,KRSA,0.6506777893639207,3,CMGC,CDK,CDC2,CDK3
CDK,-0.7266666666666667,28,KRSA,0.6506777893639207,3,CMGC,CDK,CDK4,CDK4
CDK,-0.7266666666666667,28,KRSA,0.6506777893639207,3,CMGC,CDK,CDK5,CDK5
CDK,-0.7266666666666667,28,KRSA,0.6506777893639207,3,CMGC,CDK,CDK4,CDK6
CDK,-0.7266666666666667,28,KRSA,0.6506777893639207,3,CMGC,CDK,CDK7,CDK7
CDK,-0.7266666666666667,28,KRSA,0.6506777893639207,3,CMGC,CDK,CDK8,CDK8
CDK,-0.7266666666666667,28,KRSA,0.6506777893639207,3,CMGC,CDK,CDK9,CDK9
CDK,-0.7266666666666667,28,KRSA,0.6506777893639207,3,NA,NA,NA,CDK11A
CDK,-0.7266666666666667,28,KRSA,0.6506777893639207,3,NA,NA,NA,CDK11B
PAKA,-0.45166666666666666,47,KRSA,0.40041710114702816,2,STE,STE20,PAKA,PAK1
PAKA,-0.45166666666666666,47,KRSA,0.40041710114702816,2,STE,STE20,PAKA,PAK2
PAKA,-0.45166666666666666,47,KRSA,0.40041710114702816,2,STE,STE20,PAKA,PAK3
PRKDC,-0.4608333333333333,46,KRSA,0.4129301355578728,2,ATYPICAL,PIKK,DNAPK,PRKDC
MLCK,0.1466666666666667,68,KRSA,0.13764337851929093,1,CAMK,MLCK,MLCK,MYLK
MLCK,0.1466666666666667,68,KRSA,0.13764337851929093,1,CAMK,MLCK,MLCK,MYLK2
MLCK,0.1466666666666667,68,KRSA,0.13764337851929093,1,CAMK,MLCK,MLCK,TTN
MLK,0.145,69,KRSA,0.1251303441084463,1,TKL,MLK,ILK,ILK
MLK,0.145,69,KRSA,0.1251303441084463,1,TKL,MLK,MLK,MAP3K10
MLK,0.145,69,KRSA,0.1251303441084463,1,TKL,MLK,MLK,MAP3K11
MLK,0.145,69,KRSA,0.1251303441084463,1,TKL,MLK,LZK,MAP3K12
MLK,0.145,69,KRSA,0.1251303441084463,1,TKL,MLK,LZK,MAP3K13
MLK,0.145,69,KRSA,0.1251303441084463,1,TKL,MLK,MLK,MAP3K9
MLK,0.145,69,KRSA,0.1251303441084463,1,TKL,MLK,HH498,TNNI3K
GRK,-0.4133333333333334,51,KRSA,0.35036496350364965,2,AGC,GRK,GRK,GRK1
GRK,-0.4133333333333334,51,KRSA,0.35036496350364965,2,AGC,GRK,GRK,GRK4
GRK,-0.4133333333333334,51,KRSA,0.35036496350364965,2,AGC,GRK,GRK,GRK5
GRK,-0.4133333333333334,51,KRSA,0.35036496350364965,2,AGC,GRK,GRK,GRK6
GRK,-0.4133333333333334,51,KRSA,0.35036496350364965,2,AGC,GRK,GRK,GRK7
MST,-0.34833333333333333,57,KRSA,0.27528675703858185,2,STE,STE20,MST,STK3
MST,-0.34833333333333333,57,KRSA,0.27528675703858185,2,STE,STE20,MST,STK4
MTOR,-0.2791666666666667,61,KRSA,0.22523461939520334,1,ATYPICAL,PIKK,FRAP,MTOR
GSK,-0.42833333333333334,49,KRSA,0.3753910323253389,2,CMGC,GSK,GSK,GSK3A
GSK,-0.42833333333333334,49,KRSA,0.3753910323253389,2,CMGC,GSK,GSK,GSK3B
FRAY,-0.755,26,KRSA,0.67570385818561,3,STE,STE20,FRAY,OXSR1
FRAY,-0.755,26,KRSA,0.67570385818561,3,STE,STE20,FRAY,STK39
TTK,-0.1525,67,KRSA,0.15015641293013557,1,OTHER,TTK,TTK,TTK
PAKB,0.10583333333333332,72,KRSA,0.08759124087591241,1,STE,STE20,PAKB,PAK4
PAKB,0.10583333333333332,72,KRSA,0.08759124087591241,1,STE,STE20,PAKB,PAK5
PAKB,0.10583333333333332,72,KRSA,0.08759124087591241,1,STE,STE20,PAKB,PAK6
NUAK,-0.14083333333333334,70,KRSA,0.11261730969760167,1,CAMK,CAMKL,NUAK,NUAK1
NUAK,-0.14083333333333334,70,KRSA,0.11261730969760167,1,CAMK,CAMKL,NUAK,NUAK2
PKN,-0.4141666666666666,50,KRSA,0.36287799791449427,2,AGC,PKN,PKN,PKN1
PKN,-0.4141666666666666,50,KRSA,0.36287799791449427,2,AGC,PKN,PKN,PKN2
PKN,-0.4141666666666666,50,KRSA,0.36287799791449427,2,AGC,PKN,PKN,PKN3
PKCI,0.3325000000000001,58,KRSA,0.26277372262773724,2,AGC,PKC,IOTA,PRKCI
PKCI,0.3325000000000001,58,KRSA,0.26277372262773724,2,AGC,PKC,IOTA,PRKCZ
CK1,-0.3175,59,KRSA,0.2502606882168926,2,CK1,CK1,CK1-A,CSNK1A1
CK1,-0.3175,59,KRSA,0.2502606882168926,2,CK1,CK1,CK1-A,CSNK1A1L
CK1,-0.3175,59,KRSA,0.2502606882168926,2,CK1,CK1,CK1-D,CSNK1D
CK1,-0.3175,59,KRSA,0.2502606882168926,2,CK1,CK1,CK1-D,CSNK1E
CK1,-0.3175,59,KRSA,0.2502606882168926,2,CK1,CK1,CK1-G,CSNK1G1
CK1,-0.3175,59,KRSA,0.2502606882168926,2,CK1,CK1,CK1-G,CSNK1G2
CK1,-0.3175,59,KRSA,0.2502606882168926,2,CK1,CK1,CK1-G,CSNK1G3
CK1,-0.3175,59,KRSA,0.2502606882168926,2,CK1,TTBK,TTBK,TTBK1
CK1,-0.3175,59,KRSA,0.2502606882168926,2,CK1,TTBK,TTBK,TTBK2
CK1,-0.3175,59,KRSA,0.2502606882168926,2,CK1,VRK,VRK,VRK3
RIPK,1.1483333333333334,9,KRSA,0.8884254431699687,4,TKL,RIPK,RIPK,ANKK1
RIPK,1.1483333333333334,9,KRSA,0.8884254431699687,4,TKL,RIPK,RIPK,RIPK1
RIPK,1.1483333333333334,9,KRSA,0.8884254431699687,4,TKL,RIPK,RIPK,RIPK2
RIPK,1.1483333333333334,9,KRSA,0.8884254431699687,4,TKL,RIPK,RIPK,RIPK3
RIPK,1.1483333333333334,9,KRSA,0.8884254431699687,4,TKL,RIPK,RIPK,RIPK4
PDK1,-1.1775,8,KRSA,0.9009384775808134,4,ATYPICAL,PDHK,PDHK,PDK1
PDK1,-1.1775,8,KRSA,0.9009384775808134,4,AGC,PDK1,PDK1,PDPK1
PHK,0.8925,20,KRSA,0.7507820646506778,4,CAMK,PHK,PHK,PHKG1
PHK,0.8925,20,KRSA,0.7507820646506778,4,CAMK,PHK,PHK,PHKG2
AMPK,0.6483333333333333,36,KRSA,0.5380604796663191,3,CAMK,CAMKL,AMPK,PRKAA1
AMPK,0.6483333333333333,36,KRSA,0.5380604796663191,3,CAMK,CAMKL,AMPK,PRKAA2
STE7,-1.595,2,KRSA,0.9760166840458812,4,STE,STE7,MEK1,MAP2K1
STE7,-1.595,2,KRSA,0.9760166840458812,4,STE,STE7,MEK1,MAP2K2
STE7,-1.595,2,KRSA,0.9760166840458812,4,STE,STE7,MEK3,MAP2K3
STE7,-1.595,2,KRSA,0.9760166840458812,4,STE,STE7,MEK4,MAP2K4
STE7,-1.595,2,KRSA,0.9760166840458812,4,STE,STE7,MEK5,MAP2K5
STE7,-1.595,2,KRSA,0.9760166840458812,4,STE,STE7,MEK3,MAP2K6
STE7,-1.595,2,KRSA,0.9760166840458812,4,STE,STE7,MEK7,MAP2K7
NMO,-2.1433333333333335,1,KRSA,0.9885297184567258,4,CMGC,MAPK,NMO,NLK
PKA,1.1333333333333333,12,KRSA,0.8508863399374348,4,AGC,PKA,PKA,PRKACA
PKA,1.1333333333333333,12,KRSA,0.8508863399374348,4,AGC,PKA,PKA,PRKACB
PKA,1.1333333333333333,12,KRSA,0.8508863399374348,4,AGC,PKA,PKA,PRKACG
PKA,1.1333333333333333,12,KRSA,0.8508863399374348,4,AGC,PKA,PKA,PRKX
PKA,1.1333333333333333,12,KRSA,0.8508863399374348,4,AGC,PKA,PKA,PRKY
SGK,0.7408333333333333,27,KRSA,0.6631908237747653,3,AGC,SGK,SGK,SGK1
SGK,0.7408333333333333,27,KRSA,0.6631908237747653,3,AGC,SGK,SGK,SGK2
SGK,0.7408333333333333,27,KRSA,0.6631908237747653,3,AGC,SGK,SGK,SGK3
HAL,0.37,56,KRSA,0.28779979144942647,2,RGC,RGC,RGC,NPR1
PKCD,-0.15416666666666665,66,KRSA,0.16266944734098018,1,AGC,PKC,DELTA,PRKCD
PKCD,-0.15416666666666665,66,KRSA,0.16266944734098018,1,AGC,PKC,DELTA,PRKCQ
PKCH,-0.5,43,KRSA,0.4504692387904067,2,AGC,PKC,ETA,PRKCE
PKCH,-0.5,43,KRSA,0.4504692387904067,2,AGC,PKC,ETA,PRKCH
AKT,0.8741666666666666,21,KRSA,0.7382690302398331,3,AGC,AKT,AKT,AKT1
AKT,0.8741666666666666,21,KRSA,0.7382690302398331,3,AGC,AKT,AKT,AKT2
AKT,0.8741666666666666,21,KRSA,0.7382690302398331,3,AGC,AKT,AKT,AKT3
MST,-0.34833333333333333,57,KRSA,0.27528675703858185,2,STE,STE20,MST,STK3
MST,-0.34833333333333333,57,KRSA,0.27528675703858185,2,STE,STE20,MST,STK4
MSN,1.1416666666666666,10,KRSA,0.8759124087591241,4,STE,STE20,MSN,MAP4K4
MSN,1.1416666666666666,10,KRSA,0.8759124087591241,4,STE,STE20,MSN,NRK
MSN,1.1416666666666666,10,KRSA,0.8759124087591241,4,STE,STE20,MSN,TNIK
RAD53,0.5133333333333333,41,KRSA,0.4754953076120959,2,CAMK,RAD53,RAD53,CHEK2
PKCI,0.3325000000000001,58,KRSA,0.26277372262773724,2,AGC,PKC,IOTA,PRKCI
PKCI,0.3325000000000001,58,KRSA,0.26277372262773724,2,AGC,PKC,IOTA,PRKCZ
RAF,0.03583333333333334,77,KRSA,0.02502606882168926,1,TKL,RAF,RAF,ARAF
RAF,0.03583333333333334,77,KRSA,0.02502606882168926,1,TKL,RAF,RAF,BRAF
RAF,0.03583333333333334,77,KRSA,0.02502606882168926,1,TKL,RAF,KSR,KSR1
RAF,0.03583333333333334,77,KRSA,0.02502606882168926,1,TKL,RAF,KSR,KSR2
RAF,0.03583333333333334,77,KRSA,0.02502606882168926,1,TKL,RAF,RAF,RAF1
MOS,0.6716666666666666,34,KRSA,0.5630865484880083,3,OTHER,MOS,MOS,MOS
DAPK,1.274166666666667,6,KRSA,0.9259645464025026,4,CAMK,DAPK,DAPK,DAPK1
DAPK,1.274166666666667,6,KRSA,0.9259645464025026,4,CAMK,DAPK,DAPK,DAPK2
DAPK,1.274166666666667,6,KRSA,0.9259645464025026,4,CAMK,DAPK,DAPK,DAPK3
DAPK,1.274166666666667,6,KRSA,0.9259645464025026,4,CAMK,DAPK,DRAK,STK17A
DAPK,1.274166666666667,6,KRSA,0.9259645464025026,4,CAMK,DAPK,DRAK,STK17B
IRAK,-0.38916666666666666,53,KRSA,0.32533889468196037,2,TKL,IRAK,IRAK,IRAK1
IRAK,-0.38916666666666666,53,KRSA,0.32533889468196037,2,TKL,IRAK,IRAK,IRAK2
IRAK,-0.38916666666666666,53,KRSA,0.32533889468196037,2,TKL,IRAK,IRAK,IRAK3
IRAK,-0.38916666666666666,53,KRSA,0.32533889468196037,2,TKL,IRAK,IRAK,IRAK4
RSK,0.6566666666666666,35,KRSA,0.5505735140771637,3,AGC,RSK,RSK,RPS6KA1
RSK,0.6566666666666666,35,KRSA,0.5505735140771637,3,AGC,RSK,RSK,RPS6KA2
RSK,0.6566666666666666,35,KRSA,0.5505735140771637,3,AGC,RSK,RSK,RPS6KA3
RSK,0.6566666666666666,35,KRSA,0.5505735140771637,3,AGC,RSK,MSK,RPS6KA4
RSK,0.6566666666666666,35,KRSA,0.5505735140771637,3,AGC,RSK,MSK,RPS6KA5
RSK,0.6566666666666666,35,KRSA,0.5505735140771637,3,AGC,RSK,RSK,RPS6KA6
RSK,0.6566666666666666,35,KRSA,0.5505735140771637,3,AGC,RSK,P70,RPS6KB1
RSK,0.6566666666666666,35,KRSA,0.5505735140771637,3,AGC,RSK,P70,RPS6KB2
CAMKK,0.7991666666666667,24,KRSA,0.7007299270072993,3,OTHER,CAMKK,META,CAMKK1
CAMKK,0.7991666666666667,24,KRSA,0.7007299270072993,3,OTHER,CAMKK,META,CAMKK2
FRAY,-0.755,26,KRSA,0.67570385818561,3,STE,STE20,FRAY,OXSR1
FRAY,-0.755,26,KRSA,0.67570385818561,3,STE,STE20,FRAY,STK39
BUD32,0.5025,42,KRSA,0.4629822732012513,2,OTHER,BUD32,BUD32,TP53RK
SLK,0.6216666666666667,37,KRSA,0.5255474452554745,3,STE,STE20,SLK,SLK
SLK,0.6216666666666667,37,KRSA,0.5255474452554745,3,STE,STE20,SLK,STK10
TAO,0.16916666666666666,65,KRSA,0.17518248175182483,1,STE,STE20,TAO,TAOK1
TAO,0.16916666666666666,65,KRSA,0.17518248175182483,1,STE,STE20,TAO,TAOK2
TAO,0.16916666666666666,65,KRSA,0.17518248175182483,1,STE,STE20,TAO,TAOK3
NAK,-1.0233333333333334,13,KRSA,0.8383733055265902,4,OTHER,NAK,BIKE,AAK1
NAK,-1.0233333333333334,13,KRSA,0.8383733055265902,4,OTHER,NAK,BIKE,BMP2K
NAK,-1.0233333333333334,13,KRSA,0.8383733055265902,4,OTHER,NAK,GAK,GAK
NAK,-1.0233333333333334,13,KRSA,0.8383733055265902,4,OTHER,NAK,MPSK,STK16
TLK,-1.0066666666666666,14,KRSA,0.8258602711157456,4,OTHER,TLK,TLK,TLK1
TLK,-1.0066666666666666,14,KRSA,0.8258602711157456,4,OTHER,TLK,TLK,TLK2
STKR,-0.6016666666666667,38,KRSA,0.5130344108446299,3,TKL,STKR,TYPE1,ACVR1
STKR,-0.6016666666666667,38,KRSA,0.5130344108446299,3,TKL,STKR,TYPE1,ACVR1B
STKR,-0.6016666666666667,38,KRSA,0.5130344108446299,3,TKL,STKR,TYPE1,ACVR1C
STKR,-0.6016666666666667,38,KRSA,0.5130344108446299,3,TKL,STKR,TYPE2,ACVR2A
STKR,-0.6016666666666667,38,KRSA,0.5130344108446299,3,TKL,STKR,TYPE2,ACVR2B
STKR,-0.6016666666666667,38,KRSA,0.5130344108446299,3,TKL,STKR,TYPE1,ACVRL1
STKR,-0.6016666666666667,38,KRSA,0.5130344108446299,3,TKL,STKR,TYPE2,AMHR2
STKR,-0.6016666666666667,38,KRSA,0.5130344108446299,3,TKL,STKR,TYPE1,BMPR1A
STKR,-0.6016666666666667,38,KRSA,0.5130344108446299,3,TKL,STKR,TYPE1,BMPR1B
STKR,-0.6016666666666667,38,KRSA,0.5130344108446299,3,TKL,STKR,TYPE2,BMPR2
STKR,-0.6016666666666667,38,KRSA,0.5130344108446299,3,TKL,STKR,TYPE1,TGFBR1
STKR,-0.6016666666666667,38,KRSA,0.5130344108446299,3,TKL,STKR,TYPE2,TGFBR2
COT,0.4683333333333334,44,KRSA,0.43795620437956206,2,STE,STE-UNIQUE,STE-UNIQUE,MAP3K8
MELK,-0.09416666666666668,73,KRSA,0.07507820646506778,1,CAMK,CAMKL,MELK,MELK
CAMK1,0.9558333333333332,16,KRSA,0.8008342022940563,4,CAMK,CAMK1,CAMK1,CAMK1
CAMK1,0.9558333333333332,16,KRSA,0.8008342022940563,4,CAMK,CAMK1,CAMK1,CAMK1D
CAMK1,0.9558333333333332,16,KRSA,0.8008342022940563,4,CAMK,CAMK1,CAMK1,CAMK1G
CAMK1,0.9558333333333332,16,KRSA,0.8008342022940563,4,CAMK,CAMK1,CAMK1,CAMK4
CAMK1,0.9558333333333332,16,KRSA,0.8008342022940563,4,CAMK,CAMK1,CAMK1,PNCK
CDK,-0.7266666666666667,28,KRSA,0.6506777893639207,3,CMGC,CDK,CDC2,CDK1
CDK,-0.7266666666666667,28,KRSA,0.6506777893639207,3,CMGC,CDK,CDK10,CDK10
CDK,-0.7266666666666667,28,KRSA,0.6506777893639207,3,CMGC,CDK,CRK7,CDK12
CDK,-0.7266666666666667,28,KRSA,0.6506777893639207,3,CMGC,CDK,CRK7,CDK13
CDK,-0.7266666666666667,28,KRSA,0.6506777893639207,3,CMGC,CDK,PFTAIRE,CDK14
CDK,-0.7266666666666667,28,KRSA,0.6506777893639207,3,CMGC,CDK,PFTAIRE,CDK15
CDK,-0.7266666666666667,28,KRSA,0.6506777893639207,3,CMGC,CDK,PCTAIRE,CDK16
CDK,-0.7266666666666667,28,KRSA,0.6506777893639207,3,CMGC,CDK,PCTAIRE,CDK17
CDK,-0.7266666666666667,28,KRSA,0.6506777893639207,3,CMGC,CDK,PCTAIRE,CDK18
CDK,-0.7266666666666667,28,KRSA,0.6506777893639207,3,CMGC,CDK,CDK8,CDK19
CDK,-0.7266666666666667,28,KRSA,0.6506777893639207,3,CMGC,CDK,CDC2,CDK2
CDK,-0.7266666666666667,28,KRSA,0.6506777893639207,3,CMGC,CDK,CCRK,CDK20
CDK,-0.7266666666666667,28,KRSA,0.6506777893639207,3,CMGC,CDK,CDC2,CDK3
CDK,-0.7266666666666667,28,KRSA,0.6506777893639207,3,CMGC,CDK,CDK4,CDK4
CDK,-0.7266666666666667,28,KRSA,0.6506777893639207,3,CMGC,CDK,CDK5,CDK5
CDK,-0.7266666666666667,28,KRSA,0.6506777893639207,3,CMGC,CDK,CDK4,CDK6
CDK,-0.7266666666666667,28,KRSA,0.6506777893639207,3,CMGC,CDK,CDK7,CDK7
CDK,-0.7266666666666667,28,KRSA,0.6506777893639207,3,CMGC,CDK,CDK8,CDK8
CDK,-0.7266666666666667,28,KRSA,0.6506777893639207,3,CMGC,CDK,CDK9,CDK9
CDK,-0.7266666666666667,28,KRSA,0.6506777893639207,3,NA,NA,NA,CDK11A
CDK,-0.7266666666666667,28,KRSA,0.6506777893639207,3,NA,NA,NA,CDK11B
MAPKAPK,0.44416666666666665,48,KRSA,0.38790406673618355,2,CAMK,MAPKAPK,MAPKAPK,MAPKAPK2
MAPKAPK,0.44416666666666665,48,KRSA,0.38790406673618355,2,CAMK,MAPKAPK,MAPKAPK,MAPKAPK3
MAPKAPK,0.44416666666666665,48,KRSA,0.38790406673618355,2,CAMK,MAPKAPK,MAPKAPK,MAPKAPK5
MAPKAPK,0.44416666666666665,48,KRSA,0.38790406673618355,2,CAMK,MAPKAPK,MNK,MKNK1
MAPKAPK,0.44416666666666665,48,KRSA,0.38790406673618355,2,CAMK,MAPKAPK,MNK,MKNK2
PEK,-1.25,7,KRSA,0.913451511991658,4,OTHER,PEK,HRI,EIF2AK1
PEK,-1.25,7,KRSA,0.913451511991658,4,OTHER,PEK,PKR,EIF2AK2
PEK,-1.25,7,KRSA,0.913451511991658,4,OTHER,PEK,PEK,EIF2AK3
PEK,-1.25,7,KRSA,0.913451511991658,4,OTHER,PEK,GCN2,EIF2AK4
PRKDC,-0.4608333333333333,46,KRSA,0.4129301355578728,2,ATYPICAL,PIKK,DNAPK,PRKDC
DMPK,0.7841666666666667,25,KRSA,0.6882168925964547,3,AGC,DMPK,GEK,CDC42BPA
DMPK,0.7841666666666667,25,KRSA,0.6882168925964547,3,AGC,DMPK,GEK,CDC42BPB
DMPK,0.7841666666666667,25,KRSA,0.6882168925964547,3,AGC,DMPK,GEK,CDC42BPG
DMPK,0.7841666666666667,25,KRSA,0.6882168925964547,3,AGC,DMPK,CRIK,CIT
DMPK,0.7841666666666667,25,KRSA,0.6882168925964547,3,AGC,DMPK,GEK,DMPK
DMPK,0.7841666666666667,25,KRSA,0.6882168925964547,3,AGC,DMPK,ROCK,ROCK1
DMPK,0.7841666666666667,25,KRSA,0.6882168925964547,3,AGC,DMPK,ROCK,ROCK2
MLCK,0.1466666666666667,68,KRSA,0.13764337851929093,1,CAMK,MLCK,MLCK,MYLK
MLCK,0.1466666666666667,68,KRSA,0.13764337851929093,1,CAMK,MLCK,MLCK,MYLK2
MLCK,0.1466666666666667,68,KRSA,0.13764337851929093,1,CAMK,MLCK,MLCK,TTN
DYRK,-0.7133333333333334,31,KRSA,0.6006256517205423,3,CMGC,DYRK,DYRK1,DYRK1A
DYRK,-0.7133333333333334,31,KRSA,0.6006256517205423,3,CMGC,DYRK,DYRK1,DYRK1B
DYRK,-0.7133333333333334,31,KRSA,0.6006256517205423,3,CMGC,DYRK,DYRK2,DYRK2
DYRK,-0.7133333333333334,31,KRSA,0.6006256517205423,3,CMGC,DYRK,DYRK2,DYRK3
DYRK,-0.7133333333333334,31,KRSA,0.6006256517205423,3,CMGC,DYRK,DYRK2,DYRK4
DYRK,-0.7133333333333334,31,KRSA,0.6006256517205423,3,CMGC,DYRK,HIPK,HIPK1
DYRK,-0.7133333333333334,31,KRSA,0.6006256517205423,3,CMGC,DYRK,HIPK,HIPK2
DYRK,-0.7133333333333334,31,KRSA,0.6006256517205423,3,CMGC,DYRK,HIPK,HIPK3
DYRK,-0.7133333333333334,31,KRSA,0.6006256517205423,3,CMGC,DYRK,HIPK,HIPK4
DYRK,-0.7133333333333334,31,KRSA,0.6006256517205423,3,CMGC,DYRK,PRP4,PRPF4B
BRSK,-0.38333333333333336,54,KRSA,0.31282586027111575,2,CAMK,CAMKL,BRSK,BRSK1
BRSK,-0.38333333333333336,54,KRSA,0.31282586027111575,2,CAMK,CAMKL,BRSK,BRSK2
NIK,-0.725,29,KRSA,0.6256517205422315,3,STE,STE-UNIQUE,STE-UNIQUE,MAP3K14
KHS,0.09166666666666666,74,KRSA,0.06256517205422316,1,STE,STE20,KHS,MAP4K1
KHS,0.09166666666666666,74,KRSA,0.06256517205422316,1,STE,STE20,KHS,MAP4K2
KHS,0.09166666666666666,74,KRSA,0.06256517205422316,1,STE,STE20,KHS,MAP4K3
KHS,0.09166666666666666,74,KRSA,0.06256517205422316,1,STE,STE20,KHS,MAP4K5
PASK,0.9266666666666666,18,KRSA,0.7758081334723671,4,CAMK,CAMKL,PASK,PASK
WNK,-0.38,55,KRSA,0.30031282586027114,2,OTHER,WNK,WNK,WNK1
WNK,-0.38,55,KRSA,0.30031282586027114,2,OTHER,WNK,WNK,WNK2
WNK,-0.38,55,KRSA,0.30031282586027114,2,OTHER,WNK,WNK,WNK3
WNK,-0.38,55,KRSA,0.30031282586027114,2,OTHER,WNK,WNK,WNK4
PKCA,0.25333333333333335,64,KRSA,0.18769551616266944,1,AGC,PKC,ALPHA,PRKCA
PKCA,0.25333333333333335,64,KRSA,0.18769551616266944,1,AGC,PKC,ALPHA,PRKCB
PKCA,0.25333333333333335,64,KRSA,0.18769551616266944,1,AGC,PKC,ALPHA,PRKCG
CLK,-0.715,30,KRSA,0.6131386861313869,3,CMGC,CLK,CLK,CLK1
CLK,-0.715,30,KRSA,0.6131386861313869,3,CMGC,CLK,CLK,CLK2
CLK,-0.715,30,KRSA,0.6131386861313869,3,CMGC,CLK,CLK,CLK3
CLK,-0.715,30,KRSA,0.6131386861313869,3,CMGC,CLK,CLK,CLK4
ULK,-0.7125,32,KRSA,0.5881126173096975,3,OTHER,ULK,FUSED,STK36
ULK,-0.7125,32,KRSA,0.5881126173096975,3,OTHER,ULK,ULK,ULK1
ULK,-0.7125,32,KRSA,0.5881126173096975,3,OTHER,ULK,ULK,ULK2
ULK,-0.7125,32,KRSA,0.5881126173096975,3,OTHER,ULK,ULK,ULK3
ULK,-0.7125,32,KRSA,0.5881126173096975,3,OTHER,ULK,ULK,ULK4
ERK,-1.5791666666666666,3,KRSA,0.9635036496350365,4,CMGC,MAPK,ERK1,MAPK1
ERK,-1.5791666666666666,3,KRSA,0.9635036496350365,4,CMGC,MAPK,ERK7,MAPK15
ERK,-1.5791666666666666,3,KRSA,0.9635036496350365,4,CMGC,MAPK,ERK1,MAPK3
ERK,-1.5791666666666666,3,KRSA,0.9635036496350365,4,CMGC,MAPK,ERK3,MAPK4
ERK,-1.5791666666666666,3,KRSA,0.9635036496350365,4,CMGC,MAPK,ERK3,MAPK6
ERK,-1.5791666666666666,3,KRSA,0.9635036496350365,4,CMGC,MAPK,ERK5,MAPK7
JNK,-1.2866666666666666,5,KRSA,0.9384775808133472,4,CMGC,MAPK,JNK,MAPK10
JNK,-1.2866666666666666,5,KRSA,0.9384775808133472,4,CMGC,MAPK,JNK,MAPK8
JNK,-1.2866666666666666,5,KRSA,0.9384775808133472,4,CMGC,MAPK,JNK,MAPK9
LKB,-0.725,29,KRSA,0.6256517205422315,3,CAMK,CAMKL,LKB,STK11
PKG,0.9708333333333332,15,KRSA,0.8133472367049009,4,AGC,PKG,PKG,PRKG1
PKG,0.9708333333333332,15,KRSA,0.8133472367049009,4,AGC,PKG,PKG,PRKG2
ATR,0.08499999999999999,75,KRSA,0.05005213764337852,1,ATYPICAL,PIKK,ATR,ATR
MTOR,-0.2791666666666667,61,KRSA,0.22523461939520334,1,ATYPICAL,PIKK,FRAP,MTOR
PAKA,-0.45166666666666666,47,KRSA,0.40041710114702816,2,STE,STE20,PAKA,PAK1
PAKA,-0.45166666666666666,47,KRSA,0.40041710114702816,2,STE,STE20,PAKA,PAK2
PAKA,-0.45166666666666666,47,KRSA,0.40041710114702816,2,STE,STE20,PAKA,PAK3
CK1,-0.3175,59,KRSA,0.2502606882168926,2,CK1,CK1,CK1-A,CSNK1A1
CK1,-0.3175,59,KRSA,0.2502606882168926,2,CK1,CK1,CK1-A,CSNK1A1L
CK1,-0.3175,59,KRSA,0.2502606882168926,2,CK1,CK1,CK1-D,CSNK1D
CK1,-0.3175,59,KRSA,0.2502606882168926,2,CK1,CK1,CK1-D,CSNK1E
CK1,-0.3175,59,KRSA,0.2502606882168926,2,CK1,CK1,CK1-G,CSNK1G1
CK1,-0.3175,59,KRSA,0.2502606882168926,2,CK1,CK1,CK1-G,CSNK1G2
CK1,-0.3175,59,KRSA,0.2502606882168926,2,CK1,CK1,CK1-G,CSNK1G3
CK1,-0.3175,59,KRSA,0.2502606882168926,2,CK1,TTBK,TTBK,TTBK1
CK1,-0.3175,59,KRSA,0.2502606882168926,2,CK1,TTBK,TTBK,TTBK2
CK1,-0.3175,59,KRSA,0.2502606882168926,2,CK1,VRK,VRK,VRK3
ATM,-0.8233333333333334,22,KRSA,0.7257559958289885,3,ATYPICAL,PIKK,ATM,ATM
P38,-0.9041666666666668,19,KRSA,0.7632950990615224,4,CMGC,MAPK,P38,MAPK11
P38,-0.9041666666666668,19,KRSA,0.7632950990615224,4,CMGC,MAPK,P38,MAPK12
P38,-0.9041666666666668,19,KRSA,0.7632950990615224,4,CMGC,MAPK,P38,MAPK13
P38,-0.9041666666666668,19,KRSA,0.7632950990615224,4,CMGC,MAPK,P38,MAPK14
AUR,1.4466666666666668,4,KRSA,0.9509906152241918,4,OTHER,AUR,AUR,AURKA
AUR,1.4466666666666668,4,KRSA,0.9509906152241918,4,OTHER,AUR,AUR,AURKB
AUR,1.4466666666666668,4,KRSA,0.9509906152241918,4,OTHER,AUR,AUR,AURKC
CHK1,0.31416666666666665,60,KRSA,0.23774765380604795,1,CAMK,CAMKL,CHK1,CHEK1
PDHK,-0.94,17,KRSA,0.7883211678832117,4,ATYPICAL,PDHK,BCKDK,BCKDK
PDHK,-0.94,17,KRSA,0.7883211678832117,4,ATYPICAL,PDHK,PDHK,PDK2
PDHK,-0.94,17,KRSA,0.7883211678832117,4,ATYPICAL,PDHK,PDHK,PDK3
PDHK,-0.94,17,KRSA,0.7883211678832117,4,ATYPICAL,PDHK,PDHK,PDK4
PLK,-0.5791666666666666,40,KRSA,0.4880083420229406,2,NA,NA,NA,PLK5
PLK,-0.5791666666666666,40,KRSA,0.4880083420229406,2,OTHER,PLK,PLK1,PLK1
PLK,-0.5791666666666666,40,KRSA,0.4880083420229406,2,OTHER,PLK,PLK2,PLK2
PLK,-0.5791666666666666,40,KRSA,0.4880083420229406,2,OTHER,PLK,PLK2,PLK3
PLK,-0.5791666666666666,40,KRSA,0.4880083420229406,2,OTHER,PLK,SAK,PLK4
QIK,-0.02166666666666665,78,KRSA,0.01251303441084463,1,CAMK,CAMKL,QIK,SIK1
QIK,-0.02166666666666665,78,KRSA,0.01251303441084463,1,CAMK,CAMKL,QIK,SIK2
PIM,0.5791666666666667,39,KRSA,0.5005213764337852,3,CAMK,PIM,PIM,PIM1
PIM,0.5791666666666667,39,KRSA,0.5005213764337852,3,CAMK,PIM,PIM,PIM2
PIM,0.5791666666666667,39,KRSA,0.5005213764337852,3,CAMK,PIM,PIM,PIM3
NEK,-1.1375,11,KRSA,0.8633993743482794,4,OTHER,NEK,NEK11,NEK11
NEK,-1.1375,11,KRSA,0.8633993743482794,4,OTHER,NEK,NEK2,NEK2
NEK,-1.1375,11,KRSA,0.8633993743482794,4,OTHER,NEK,NEK1,NEK3
NEK,-1.1375,11,KRSA,0.8633993743482794,4,OTHER,NEK,NEK4,NEK4
NEK,-1.1375,11,KRSA,0.8633993743482794,4,OTHER,NEK,NEK1,NEK5
NEK,-1.1375,11,KRSA,0.8633993743482794,4,OTHER,NEK,NEK6,NEK6
NEK,-1.1375,11,KRSA,0.8633993743482794,4,OTHER,NEK,NEK6,NEK7
NEK,-1.1375,11,KRSA,0.8633993743482794,4,OTHER,NEK,NEK8,NEK8
NEK,-1.1375,11,KRSA,0.8633993743482794,4,OTHER,NEK,NEK8,NEK9
MLK,0.145,69,KRSA,0.1251303441084463,1,TKL,MLK,ILK,ILK
MLK,0.145,69,KRSA,0.1251303441084463,1,TKL,MLK,MLK,MAP3K10
MLK,0.145,69,KRSA,0.1251303441084463,1,TKL,MLK,MLK,MAP3K11
MLK,0.145,69,KRSA,0.1251303441084463,1,TKL,MLK,LZK,MAP3K12
MLK,0.145,69,KRSA,0.1251303441084463,1,TKL,MLK,LZK,MAP3K13
MLK,0.145,69,KRSA,0.1251303441084463,1,TKL,MLK,MLK,MAP3K9
MLK,0.145,69,KRSA,0.1251303441084463,1,TKL,MLK,HH498,TNNI3K
PAKB,0.10583333333333332,72,KRSA,0.08759124087591241,1,STE,STE20,PAKB,PAK4
PAKB,0.10583333333333332,72,KRSA,0.08759124087591241,1,STE,STE20,PAKB,PAK5
PAKB,0.10583333333333332,72,KRSA,0.08759124087591241,1,STE,STE20,PAKB,PAK6
PKN,-0.4141666666666666,50,KRSA,0.36287799791449427,2,AGC,PKN,PKN,PKN1
PKN,-0.4141666666666666,50,KRSA,0.36287799791449427,2,AGC,PKN,PKN,PKN2
PKN,-0.4141666666666666,50,KRSA,0.36287799791449427,2,AGC,PKN,PKN,PKN3
NUAK,-0.14083333333333334,70,KRSA,0.11261730969760167,1,CAMK,CAMKL,NUAK,NUAK1
NUAK,-0.14083333333333334,70,KRSA,0.11261730969760167,1,CAMK,CAMKL,NUAK,NUAK2
TTK,-0.1525,67,KRSA,0.15015641293013557,1,OTHER,TTK,TTK,TTK
PKD,-0.2725,62,KRSA,0.2127215849843587,1,CAMK,PKD,PKD,PRKD1
PKD,-0.2725,62,KRSA,0.2127215849843587,1,CAMK,PKD,PKD,PRKD2
PKD,-0.2725,62,KRSA,0.2127215849843587,1,CAMK,PKD,PKD,PRKD3
GRK,-0.4133333333333334,51,KRSA,0.35036496350364965,2,AGC,GRK,GRK,GRK1
GRK,-0.4133333333333334,51,KRSA,0.35036496350364965,2,AGC,GRK,GRK,GRK4
GRK,-0.4133333333333334,51,KRSA,0.35036496350364965,2,AGC,GRK,GRK,GRK5
GRK,-0.4133333333333334,51,KRSA,0.35036496350364965,2,AGC,GRK,GRK,GRK6
GRK,-0.4133333333333334,51,KRSA,0.35036496350364965,2,AGC,GRK,GRK,GRK7
CAMK2,-0.3933333333333333,52,KRSA,0.337851929092805,2,CAMK,CAMK2,CAMK2,CAMK2A
CAMK2,-0.3933333333333333,52,KRSA,0.337851929092805,2,CAMK,CAMK2,CAMK2,CAMK2B
CAMK2,-0.3933333333333333,52,KRSA,0.337851929092805,2,CAMK,CAMK2,CAMK2,CAMK2D
CAMK2,-0.3933333333333333,52,KRSA,0.337851929092805,2,CAMK,CAMK2,CAMK2,CAMK2G
BARK2,-0.13666666666666666,71,KRSA,0.10010427528675704,1,AGC,GRK,BARK,GRK3
STE11,0.00166666666666666,79,KRSA,0,1,TKL,MLK,TAK1,MAP3K7
STE11,0.00166666666666666,79,KRSA,0,1,STE,STE11,MEKK1,MAP3K1
STE11,0.00166666666666666,79,KRSA,0,1,STE,STE11,ASK,MAP3K15
STE11,0.00166666666666666,79,KRSA,0,1,STE,STE11,MEKK2,MAP3K2
STE11,0.00166666666666666,79,KRSA,0,1,STE,STE11,MEKK2,MAP3K3
STE11,0.00166666666666666,79,KRSA,0,1,STE,STE11,MEKK4,MAP3K4
STE11,0.00166666666666666,79,KRSA,0,1,STE,STE11,ASK,MAP3K5
STE11,0.00166666666666666,79,KRSA,0,1,STE,STE11,ASK,MAP3K6
NDR,0.25583333333333336,63,KRSA,0.20020855057351408,1,AGC,NDR,NDR,LATS1
NDR,0.25583333333333336,63,KRSA,0.20020855057351408,1,AGC,NDR,NDR,LATS2
NDR,0.25583333333333336,63,KRSA,0.20020855057351408,1,AGC,NDR,NDR,STK38
NDR,0.25583333333333336,63,KRSA,0.20020855057351408,1,AGC,NDR,NDR,STK38L
VRK1,-0.06499999999999999,76,KRSA,0.03753910323253389,1,CK1,VRK,VRK,VRK1
IKK,-0.4658333333333333,45,KRSA,0.4254431699687174,2,OTHER,IKK,IKK,CHUK
IKK,-0.4658333333333333,45,KRSA,0.4254431699687174,2,OTHER,IKK,IKK,IKBKB
IKK,-0.4658333333333333,45,KRSA,0.4254431699687174,2,OTHER,IKK,IKK,IKBKE
IKK,-0.4658333333333333,45,KRSA,0.4254431699687174,2,OTHER,IKK,IKK,TBK1
CK2,-0.6783333333333333,33,KRSA,0.5755995828988529,3,CMGC,CK2,CK2,CSNK2A1
CK2,-0.6783333333333333,33,KRSA,0.5755995828988529,3,CMGC,CK2,CK2,CSNK2A2
CK2,-0.6783333333333333,33,KRSA,0.5755995828988529,3,NA,NA,NA,CSNK2A3
GSK,-0.42833333333333334,49,KRSA,0.3753910323253389,2,CMGC,GSK,GSK,GSK3A
GSK,-0.42833333333333334,49,KRSA,0.3753910323253389,2,CMGC,GSK,GSK,GSK3B
HAL,0.37,56,KRSA,0.28779979144942647,2,RGC,RGC,RGC,NPR1
RIPK,1.1483333333333334,9,KRSA,0.8884254431699687,4,TKL,RIPK,RIPK,ANKK1
RIPK,1.1483333333333334,9,KRSA,0.8884254431699687,4,TKL,RIPK,RIPK,RIPK1
RIPK,1.1483333333333334,9,KRSA,0.8884254431699687,4,TKL,RIPK,RIPK,RIPK2
RIPK,1.1483333333333334,9,KRSA,0.8884254431699687,4,TKL,RIPK,RIPK,RIPK3
RIPK,1.1483333333333334,9,KRSA,0.8884254431699687,4,TKL,RIPK,RIPK,RIPK4
AMPK,0.6483333333333333,36,KRSA,0.5380604796663191,3,CAMK,CAMKL,AMPK,PRKAA1
AMPK,0.6483333333333333,36,KRSA,0.5380604796663191,3,CAMK,CAMKL,AMPK,PRKAA2
IRAK,-0.38916666666666666,53,KRSA,0.32533889468196037,2,TKL,IRAK,IRAK,IRAK1
IRAK,-0.38916666666666666,53,KRSA,0.32533889468196037,2,TKL,IRAK,IRAK,IRAK2
IRAK,-0.38916666666666666,53,KRSA,0.32533889468196037,2,TKL,IRAK,IRAK,IRAK3
IRAK,-0.38916666666666666,53,KRSA,0.32533889468196037,2,TKL,IRAK,IRAK,IRAK4
CAMKK,0.7991666666666667,24,KRSA,0.7007299270072993,3,OTHER,CAMKK,META,CAMKK1
CAMKK,0.7991666666666667,24,KRSA,0.7007299270072993,3,OTHER,CAMKK,META,CAMKK2
SLK,0.6216666666666667,37,KRSA,0.5255474452554745,3,STE,STE20,SLK,SLK
SLK,0.6216666666666667,37,KRSA,0.5255474452554745,3,STE,STE20,SLK,STK10
NMO,-2.1433333333333335,1,KRSA,0.9885297184567258,4,CMGC,MAPK,NMO,NLK
RAF,0.03583333333333334,77,KRSA,0.02502606882168926,1,TKL,RAF,RAF,ARAF
RAF,0.03583333333333334,77,KRSA,0.02502606882168926,1,TKL,RAF,RAF,BRAF
RAF,0.03583333333333334,77,KRSA,0.02502606882168926,1,TKL,RAF,KSR,KSR1
RAF,0.03583333333333334,77,KRSA,0.02502606882168926,1,TKL,RAF,KSR,KSR2
RAF,0.03583333333333334,77,KRSA,0.02502606882168926,1,TKL,RAF,RAF,RAF1
PKCH,-0.5,43,KRSA,0.4504692387904067,2,AGC,PKC,ETA,PRKCE
PKCH,-0.5,43,KRSA,0.4504692387904067,2,AGC,PKC,ETA,PRKCH
CK2,-0.6783333333333333,33,KRSA,0.5755995828988529,3,CMGC,CK2,CK2,CSNK2A1
CK2,-0.6783333333333333,33,KRSA,0.5755995828988529,3,CMGC,CK2,CK2,CSNK2A2
CK2,-0.6783333333333333,33,KRSA,0.5755995828988529,3,NA,NA,NA,CSNK2A3
CAMK1,0.9558333333333332,16,KRSA,0.8008342022940563,4,CAMK,CAMK1,CAMK1,CAMK1
CAMK1,0.9558333333333332,16,KRSA,0.8008342022940563,4,CAMK,CAMK1,CAMK1,CAMK1D
CAMK1,0.9558333333333332,16,KRSA,0.8008342022940563,4,CAMK,CAMK1,CAMK1,CAMK1G
CAMK1,0.9558333333333332,16,KRSA,0.8008342022940563,4,CAMK,CAMK1,CAMK1,CAMK4
CAMK1,0.9558333333333332,16,KRSA,0.8008342022940563,4,CAMK,CAMK1,CAMK1,PNCK
DMPK,0.7841666666666667,25,KRSA,0.6882168925964547,3,AGC,DMPK,GEK,CDC42BPA
DMPK,0.7841666666666667,25,KRSA,0.6882168925964547,3,AGC,DMPK,GEK,CDC42BPB
DMPK,0.7841666666666667,25,KRSA,0.6882168925964547,3,AGC,DMPK,GEK,CDC42BPG
DMPK,0.7841666666666667,25,KRSA,0.6882168925964547,3,AGC,DMPK,CRIK,CIT
DMPK,0.7841666666666667,25,KRSA,0.6882168925964547,3,AGC,DMPK,GEK,DMPK
DMPK,0.7841666666666667,25,KRSA,0.6882168925964547,3,AGC,DMPK,ROCK,ROCK1
DMPK,0.7841666666666667,25,KRSA,0.6882168925964547,3,AGC,DMPK,ROCK,ROCK2
SGK,0.7408333333333333,27,KRSA,0.6631908237747653,3,AGC,SGK,SGK,SGK1
SGK,0.7408333333333333,27,KRSA,0.6631908237747653,3,AGC,SGK,SGK,SGK2
SGK,0.7408333333333333,27,KRSA,0.6631908237747653,3,AGC,SGK,SGK,SGK3
FRAY,-0.755,26,KRSA,0.67570385818561,3,STE,STE20,FRAY,OXSR1
FRAY,-0.755,26,KRSA,0.67570385818561,3,STE,STE20,FRAY,STK39
PKA,1.1333333333333333,12,KRSA,0.8508863399374348,4,AGC,PKA,PKA,PRKACA
PKA,1.1333333333333333,12,KRSA,0.8508863399374348,4,AGC,PKA,PKA,PRKACB
PKA,1.1333333333333333,12,KRSA,0.8508863399374348,4,AGC,PKA,PKA,PRKACG
PKA,1.1333333333333333,12,KRSA,0.8508863399374348,4,AGC,PKA,PKA,PRKX
PKA,1.1333333333333333,12,KRSA,0.8508863399374348,4,AGC,PKA,PKA,PRKY
PKCD,-0.15416666666666665,66,KRSA,0.16266944734098018,1,AGC,PKC,DELTA,PRKCD
PKCD,-0.15416666666666665,66,KRSA,0.16266944734098018,1,AGC,PKC,DELTA,PRKCQ
STE7,-1.595,2,KRSA,0.9760166840458812,4,STE,STE7,MEK1,MAP2K1
STE7,-1.595,2,KRSA,0.9760166840458812,4,STE,STE7,MEK1,MAP2K2
STE7,-1.595,2,KRSA,0.9760166840458812,4,STE,STE7,MEK3,MAP2K3
STE7,-1.595,2,KRSA,0.9760166840458812,4,STE,STE7,MEK4,MAP2K4
STE7,-1.595,2,KRSA,0.9760166840458812,4,STE,STE7,MEK5,MAP2K5
STE7,-1.595,2,KRSA,0.9760166840458812,4,STE,STE7,MEK3,MAP2K6
STE7,-1.595,2,KRSA,0.9760166840458812,4,STE,STE7,MEK7,MAP2K7
PEK,-1.25,7,KRSA,0.913451511991658,4,OTHER,PEK,HRI,EIF2AK1
PEK,-1.25,7,KRSA,0.913451511991658,4,OTHER,PEK,PKR,EIF2AK2
PEK,-1.25,7,KRSA,0.913451511991658,4,OTHER,PEK,PEK,EIF2AK3
PEK,-1.25,7,KRSA,0.913451511991658,4,OTHER,PEK,GCN2,EIF2AK4
IKK,-0.4658333333333333,45,KRSA,0.4254431699687174,2,OTHER,IKK,IKK,CHUK
IKK,-0.4658333333333333,45,KRSA,0.4254431699687174,2,OTHER,IKK,IKK,IKBKB
IKK,-0.4658333333333333,45,KRSA,0.4254431699687174,2,OTHER,IKK,IKK,IKBKE
IKK,-0.4658333333333333,45,KRSA,0.4254431699687174,2,OTHER,IKK,IKK,TBK1
ATM,-0.8233333333333334,22,KRSA,0.7257559958289885,3,ATYPICAL,PIKK,ATM,ATM
DAPK,1.274166666666667,6,KRSA,0.9259645464025026,4,CAMK,DAPK,DAPK,DAPK1
DAPK,1.274166666666667,6,KRSA,0.9259645464025026,4,CAMK,DAPK,DAPK,DAPK2
DAPK,1.274166666666667,6,KRSA,0.9259645464025026,4,CAMK,DAPK,DAPK,DAPK3
DAPK,1.274166666666667,6,KRSA,0.9259645464025026,4,CAMK,DAPK,DRAK,STK17A
DAPK,1.274166666666667,6,KRSA,0.9259645464025026,4,CAMK,DAPK,DRAK,STK17B
NDR,0.25583333333333336,63,KRSA,0.20020855057351408,1,AGC,NDR,NDR,LATS1
NDR,0.25583333333333336,63,KRSA,0.20020855057351408,1,AGC,NDR,NDR,LATS2
NDR,0.25583333333333336,63,KRSA,0.20020855057351408,1,AGC,NDR,NDR,STK38
NDR,0.25583333333333336,63,KRSA,0.20020855057351408,1,AGC,NDR,NDR,STK38L
COT,0.4683333333333334,44,KRSA,0.43795620437956206,2,STE,STE-UNIQUE,STE-UNIQUE,MAP3K8
PDK1,-1.1775,8,KRSA,0.9009384775808134,4,ATYPICAL,PDHK,PDHK,PDK1
PDK1,-1.1775,8,KRSA,0.9009384775808134,4,AGC,PDK1,PDK1,PDPK1
PKCI,0.3325000000000001,58,KRSA,0.26277372262773724,2,AGC,PKC,IOTA,PRKCI
PKCI,0.3325000000000001,58,KRSA,0.26277372262773724,2,AGC,PKC,IOTA,PRKCZ
PHK,0.8925,20,KRSA,0.7507820646506778,4,CAMK,PHK,PHK,PHKG1
PHK,0.8925,20,KRSA,0.7507820646506778,4,CAMK,PHK,PHK,PHKG2
PAKB,0.10583333333333332,72,KRSA,0.08759124087591241,1,STE,STE20,PAKB,PAK4
PAKB,0.10583333333333332,72,KRSA,0.08759124087591241,1,STE,STE20,PAKB,PAK5
PAKB,0.10583333333333332,72,KRSA,0.08759124087591241,1,STE,STE20,PAKB,PAK6
GSK,-0.42833333333333334,49,KRSA,0.3753910323253389,2,CMGC,GSK,GSK,GSK3A
GSK,-0.42833333333333334,49,KRSA,0.3753910323253389,2,CMGC,GSK,GSK,GSK3B
PKD,-0.2725,62,KRSA,0.2127215849843587,1,CAMK,PKD,PKD,PRKD1
PKD,-0.2725,62,KRSA,0.2127215849843587,1,CAMK,PKD,PKD,PRKD2
PKD,-0.2725,62,KRSA,0.2127215849843587,1,CAMK,PKD,PKD,PRKD3
NEK,-1.1375,11,KRSA,0.8633993743482794,4,OTHER,NEK,NEK11,NEK11
NEK,-1.1375,11,KRSA,0.8633993743482794,4,OTHER,NEK,NEK2,NEK2
NEK,-1.1375,11,KRSA,0.8633993743482794,4,OTHER,NEK,NEK1,NEK3
NEK,-1.1375,11,KRSA,0.8633993743482794,4,OTHER,NEK,NEK4,NEK4
NEK,-1.1375,11,KRSA,0.8633993743482794,4,OTHER,NEK,NEK1,NEK5
NEK,-1.1375,11,KRSA,0.8633993743482794,4,OTHER,NEK,NEK6,NEK6
NEK,-1.1375,11,KRSA,0.8633993743482794,4,OTHER,NEK,NEK6,NEK7
NEK,-1.1375,11,KRSA,0.8633993743482794,4,OTHER,NEK,NEK8,NEK8
NEK,-1.1375,11,KRSA,0.8633993743482794,4,OTHER,NEK,NEK8,NEK9
CDK,-0.7266666666666667,28,KRSA,0.6506777893639207,3,CMGC,CDK,CDC2,CDK1
CDK,-0.7266666666666667,28,KRSA,0.6506777893639207,3,CMGC,CDK,CDK10,CDK10
CDK,-0.7266666666666667,28,KRSA,0.6506777893639207,3,CMGC,CDK,CRK7,CDK12
CDK,-0.7266666666666667,28,KRSA,0.6506777893639207,3,CMGC,CDK,CRK7,CDK13
CDK,-0.7266666666666667,28,KRSA,0.6506777893639207,3,CMGC,CDK,PFTAIRE,CDK14
CDK,-0.7266666666666667,28,KRSA,0.6506777893639207,3,CMGC,CDK,PFTAIRE,CDK15
CDK,-0.7266666666666667,28,KRSA,0.6506777893639207,3,CMGC,CDK,PCTAIRE,CDK16
CDK,-0.7266666666666667,28,KRSA,0.6506777893639207,3,CMGC,CDK,PCTAIRE,CDK17
CDK,-0.7266666666666667,28,KRSA,0.6506777893639207,3,CMGC,CDK,PCTAIRE,CDK18
CDK,-0.7266666666666667,28,KRSA,0.6506777893639207,3,CMGC,CDK,CDK8,CDK19
CDK,-0.7266666666666667,28,KRSA,0.6506777893639207,3,CMGC,CDK,CDC2,CDK2
CDK,-0.7266666666666667,28,KRSA,0.6506777893639207,3,CMGC,CDK,CCRK,CDK20
CDK,-0.7266666666666667,28,KRSA,0.6506777893639207,3,CMGC,CDK,CDC2,CDK3
CDK,-0.7266666666666667,28,KRSA,0.6506777893639207,3,CMGC,CDK,CDK4,CDK4
CDK,-0.7266666666666667,28,KRSA,0.6506777893639207,3,CMGC,CDK,CDK5,CDK5
CDK,-0.7266666666666667,28,KRSA,0.6506777893639207,3,CMGC,CDK,CDK4,CDK6
CDK,-0.7266666666666667,28,KRSA,0.6506777893639207,3,CMGC,CDK,CDK7,CDK7
CDK,-0.7266666666666667,28,KRSA,0.6506777893639207,3,CMGC,CDK,CDK8,CDK8
CDK,-0.7266666666666667,28,KRSA,0.6506777893639207,3,CMGC,CDK,CDK9,CDK9
CDK,-0.7266666666666667,28,KRSA,0.6506777893639207,3,NA,NA,NA,CDK11A
CDK,-0.7266666666666667,28,KRSA,0.6506777893639207,3,NA,NA,NA,CDK11B
QIK,-0.02166666666666665,78,KRSA,0.01251303441084463,1,CAMK,CAMKL,QIK,SIK1
QIK,-0.02166666666666665,78,KRSA,0.01251303441084463,1,CAMK,CAMKL,QIK,SIK2
PKN,-0.4141666666666666,50,KRSA,0.36287799791449427,2,AGC,PKN,PKN,PKN1
PKN,-0.4141666666666666,50,KRSA,0.36287799791449427,2,AGC,PKN,PKN,PKN2
PKN,-0.4141666666666666,50,KRSA,0.36287799791449427,2,AGC,PKN,PKN,PKN3
PKG,0.9708333333333332,15,KRSA,0.8133472367049009,4,AGC,PKG,PKG,PRKG1
PKG,0.9708333333333332,15,KRSA,0.8133472367049009,4,AGC,PKG,PKG,PRKG2
TLK,-1.0066666666666666,14,KRSA,0.8258602711157456,4,OTHER,TLK,TLK,TLK1
TLK,-1.0066666666666666,14,KRSA,0.8258602711157456,4,OTHER,TLK,TLK,TLK2
NUAK,-0.14083333333333334,70,KRSA,0.11261730969760167,1,CAMK,CAMKL,NUAK,NUAK1
NUAK,-0.14083333333333334,70,KRSA,0.11261730969760167,1,CAMK,CAMKL,NUAK,NUAK2
PKCA,0.25333333333333335,64,KRSA,0.18769551616266944,1,AGC,PKC,ALPHA,PRKCA
PKCA,0.25333333333333335,64,KRSA,0.18769551616266944,1,AGC,PKC,ALPHA,PRKCB
PKCA,0.25333333333333335,64,KRSA,0.18769551616266944,1,AGC,PKC,ALPHA,PRKCG
NAK,-1.0233333333333334,13,KRSA,0.8383733055265902,4,OTHER,NAK,BIKE,AAK1
NAK,-1.0233333333333334,13,KRSA,0.8383733055265902,4,OTHER,NAK,BIKE,BMP2K
NAK,-1.0233333333333334,13,KRSA,0.8383733055265902,4,OTHER,NAK,GAK,GAK
NAK,-1.0233333333333334,13,KRSA,0.8383733055265902,4,OTHER,NAK,MPSK,STK16
TTK,-0.1525,67,KRSA,0.15015641293013557,1,OTHER,TTK,TTK,TTK
MTOR,-0.2791666666666667,61,KRSA,0.22523461939520334,1,ATYPICAL,PIKK,FRAP,MTOR
MST,-0.34833333333333333,57,KRSA,0.27528675703858185,2,STE,STE20,MST,STK3
MST,-0.34833333333333333,57,KRSA,0.27528675703858185,2,STE,STE20,MST,STK4
AKT,0.8741666666666666,21,KRSA,0.7382690302398331,3,AGC,AKT,AKT,AKT1
AKT,0.8741666666666666,21,KRSA,0.7382690302398331,3,AGC,AKT,AKT,AKT2
AKT,0.8741666666666666,21,KRSA,0.7382690302398331,3,AGC,AKT,AKT,AKT3
CK1,-0.3175,59,KRSA,0.2502606882168926,2,CK1,CK1,CK1-A,CSNK1A1
CK1,-0.3175,59,KRSA,0.2502606882168926,2,CK1,CK1,CK1-A,CSNK1A1L
CK1,-0.3175,59,KRSA,0.2502606882168926,2,CK1,CK1,CK1-D,CSNK1D
CK1,-0.3175,59,KRSA,0.2502606882168926,2,CK1,CK1,CK1-D,CSNK1E
CK1,-0.3175,59,KRSA,0.2502606882168926,2,CK1,CK1,CK1-G,CSNK1G1
CK1,-0.3175,59,KRSA,0.2502606882168926,2,CK1,CK1,CK1-G,CSNK1G2
CK1,-0.3175,59,KRSA,0.2502606882168926,2,CK1,CK1,CK1-G,CSNK1G3
CK1,-0.3175,59,KRSA,0.2502606882168926,2,CK1,TTBK,TTBK,TTBK1
CK1,-0.3175,59,KRSA,0.2502606882168926,2,CK1,TTBK,TTBK,TTBK2
CK1,-0.3175,59,KRSA,0.2502606882168926,2,CK1,VRK,VRK,VRK3
CHK1,0.31416666666666665,60,KRSA,0.23774765380604795,1,CAMK,CAMKL,CHK1,CHEK1
BRSK,-0.38333333333333336,54,KRSA,0.31282586027111575,2,CAMK,CAMKL,BRSK,BRSK1
BRSK,-0.38333333333333336,54,KRSA,0.31282586027111575,2,CAMK,CAMKL,BRSK,BRSK2
KHS,0.09166666666666666,74,KRSA,0.06256517205422316,1,STE,STE20,KHS,MAP4K1
KHS,0.09166666666666666,74,KRSA,0.06256517205422316,1,STE,STE20,KHS,MAP4K2
KHS,0.09166666666666666,74,KRSA,0.06256517205422316,1,STE,STE20,KHS,MAP4K3
KHS,0.09166666666666666,74,KRSA,0.06256517205422316,1,STE,STE20,KHS,MAP4K5
NIK,-0.725,29,KRSA,0.6256517205422315,3,STE,STE-UNIQUE,STE-UNIQUE,MAP3K14
ULK,-0.7125,32,KRSA,0.5881126173096975,3,OTHER,ULK,FUSED,STK36
ULK,-0.7125,32,KRSA,0.5881126173096975,3,OTHER,ULK,ULK,ULK1
ULK,-0.7125,32,KRSA,0.5881126173096975,3,OTHER,ULK,ULK,ULK2
ULK,-0.7125,32,KRSA,0.5881126173096975,3,OTHER,ULK,ULK,ULK3
ULK,-0.7125,32,KRSA,0.5881126173096975,3,OTHER,ULK,ULK,ULK4
CLK,-0.715,30,KRSA,0.6131386861313869,3,CMGC,CLK,CLK,CLK1
CLK,-0.715,30,KRSA,0.6131386861313869,3,CMGC,CLK,CLK,CLK2
CLK,-0.715,30,KRSA,0.6131386861313869,3,CMGC,CLK,CLK,CLK3
CLK,-0.715,30,KRSA,0.6131386861313869,3,CMGC,CLK,CLK,CLK4
BUD32,0.5025,42,KRSA,0.4629822732012513,2,OTHER,BUD32,BUD32,TP53RK
TAO,0.16916666666666666,65,KRSA,0.17518248175182483,1,STE,STE20,TAO,TAOK1
TAO,0.16916666666666666,65,KRSA,0.17518248175182483,1,STE,STE20,TAO,TAOK2
TAO,0.16916666666666666,65,KRSA,0.17518248175182483,1,STE,STE20,TAO,TAOK3
PDHK,-0.94,17,KRSA,0.7883211678832117,4,ATYPICAL,PDHK,BCKDK,BCKDK
PDHK,-0.94,17,KRSA,0.7883211678832117,4,ATYPICAL,PDHK,PDHK,PDK2
PDHK,-0.94,17,KRSA,0.7883211678832117,4,ATYPICAL,PDHK,PDHK,PDK3
PDHK,-0.94,17,KRSA,0.7883211678832117,4,ATYPICAL,PDHK,PDHK,PDK4
WNK,-0.38,55,KRSA,0.30031282586027114,2,OTHER,WNK,WNK,WNK1
WNK,-0.38,55,KRSA,0.30031282586027114,2,OTHER,WNK,WNK,WNK2
WNK,-0.38,55,KRSA,0.30031282586027114,2,OTHER,WNK,WNK,WNK3
WNK,-0.38,55,KRSA,0.30031282586027114,2,OTHER,WNK,WNK,WNK4
STKR,-0.6016666666666667,38,KRSA,0.5130344108446299,3,TKL,STKR,TYPE1,ACVR1
STKR,-0.6016666666666667,38,KRSA,0.5130344108446299,3,TKL,STKR,TYPE1,ACVR1B
STKR,-0.6016666666666667,38,KRSA,0.5130344108446299,3,TKL,STKR,TYPE1,ACVR1C
STKR,-0.6016666666666667,38,KRSA,0.5130344108446299,3,TKL,STKR,TYPE2,ACVR2A
STKR,-0.6016666666666667,38,KRSA,0.5130344108446299,3,TKL,STKR,TYPE2,ACVR2B
STKR,-0.6016666666666667,38,KRSA,0.5130344108446299,3,TKL,STKR,TYPE1,ACVRL1
STKR,-0.6016666666666667,38,KRSA,0.5130344108446299,3,TKL,STKR,TYPE2,AMHR2
STKR,-0.6016666666666667,38,KRSA,0.5130344108446299,3,TKL,STKR,TYPE1,BMPR1A
STKR,-0.6016666666666667,38,KRSA,0.5130344108446299,3,TKL,STKR,TYPE1,BMPR1B
STKR,-0.6016666666666667,38,KRSA,0.5130344108446299,3,TKL,STKR,TYPE2,BMPR2
STKR,-0.6016666666666667,38,KRSA,0.5130344108446299,3,TKL,STKR,TYPE1,TGFBR1
STKR,-0.6016666666666667,38,KRSA,0.5130344108446299,3,TKL,STKR,TYPE2,TGFBR2
MOS,0.6716666666666666,34,KRSA,0.5630865484880083,3,OTHER,MOS,MOS,MOS
MLK,0.145,69,KRSA,0.1251303441084463,1,TKL,MLK,ILK,ILK
MLK,0.145,69,KRSA,0.1251303441084463,1,TKL,MLK,MLK,MAP3K10
MLK,0.145,69,KRSA,0.1251303441084463,1,TKL,MLK,MLK,MAP3K11
MLK,0.145,69,KRSA,0.1251303441084463,1,TKL,MLK,LZK,MAP3K12
MLK,0.145,69,KRSA,0.1251303441084463,1,TKL,MLK,LZK,MAP3K13
MLK,0.145,69,KRSA,0.1251303441084463,1,TKL,MLK,MLK,MAP3K9
MLK,0.145,69,KRSA,0.1251303441084463,1,TKL,MLK,HH498,TNNI3K
PASK,0.9266666666666666,18,KRSA,0.7758081334723671,4,CAMK,CAMKL,PASK,PASK
BARK2,-0.13666666666666666,71,KRSA,0.10010427528675704,1,AGC,GRK,BARK,GRK3
RAD53,0.5133333333333333,41,KRSA,0.4754953076120959,2,CAMK,RAD53,RAD53,CHEK2
PIM,0.5791666666666667,39,KRSA,0.5005213764337852,3,CAMK,PIM,PIM,PIM1
PIM,0.5791666666666667,39,KRSA,0.5005213764337852,3,CAMK,PIM,PIM,PIM2
PIM,0.5791666666666667,39,KRSA,0.5005213764337852,3,CAMK,PIM,PIM,PIM3
CAMK2,-0.3933333333333333,52,KRSA,0.337851929092805,2,CAMK,CAMK2,CAMK2,CAMK2A
CAMK2,-0.3933333333333333,52,KRSA,0.337851929092805,2,CAMK,CAMK2,CAMK2,CAMK2B
CAMK2,-0.3933333333333333,52,KRSA,0.337851929092805,2,CAMK,CAMK2,CAMK2,CAMK2D
CAMK2,-0.3933333333333333,52,KRSA,0.337851929092805,2,CAMK,CAMK2,CAMK2,CAMK2G
PRKDC,-0.4608333333333333,46,KRSA,0.4129301355578728,2,ATYPICAL,PIKK,DNAPK,PRKDC
PLK,-0.5791666666666666,40,KRSA,0.4880083420229406,2,NA,NA,NA,PLK5
PLK,-0.5791666666666666,40,KRSA,0.4880083420229406,2,OTHER,PLK,PLK1,PLK1
PLK,-0.5791666666666666,40,KRSA,0.4880083420229406,2,OTHER,PLK,PLK2,PLK2
PLK,-0.5791666666666666,40,KRSA,0.4880083420229406,2,OTHER,PLK,PLK2,PLK3
PLK,-0.5791666666666666,40,KRSA,0.4880083420229406,2,OTHER,PLK,SAK,PLK4
P38,-0.9041666666666668,19,KRSA,0.7632950990615224,4,CMGC,MAPK,P38,MAPK11
P38,-0.9041666666666668,19,KRSA,0.7632950990615224,4,CMGC,MAPK,P38,MAPK12
P38,-0.9041666666666668,19,KRSA,0.7632950990615224,4,CMGC,MAPK,P38,MAPK13
P38,-0.9041666666666668,19,KRSA,0.7632950990615224,4,CMGC,MAPK,P38,MAPK14
JNK,-1.2866666666666666,5,KRSA,0.9384775808133472,4,CMGC,MAPK,JNK,MAPK10
JNK,-1.2866666666666666,5,KRSA,0.9384775808133472,4,CMGC,MAPK,JNK,MAPK8
JNK,-1.2866666666666666,5,KRSA,0.9384775808133472,4,CMGC,MAPK,JNK,MAPK9
GRK,-0.4133333333333334,51,KRSA,0.35036496350364965,2,AGC,GRK,GRK,GRK1
GRK,-0.4133333333333334,51,KRSA,0.35036496350364965,2,AGC,GRK,GRK,GRK4
GRK,-0.4133333333333334,51,KRSA,0.35036496350364965,2,AGC,GRK,GRK,GRK5
GRK,-0.4133333333333334,51,KRSA,0.35036496350364965,2,AGC,GRK,GRK,GRK6
GRK,-0.4133333333333334,51,KRSA,0.35036496350364965,2,AGC,GRK,GRK,GRK7
LKB,-0.725,29,KRSA,0.6256517205422315,3,CAMK,CAMKL,LKB,STK11
AUR,1.4466666666666668,4,KRSA,0.9509906152241918,4,OTHER,AUR,AUR,AURKA
AUR,1.4466666666666668,4,KRSA,0.9509906152241918,4,OTHER,AUR,AUR,AURKB
AUR,1.4466666666666668,4,KRSA,0.9509906152241918,4,OTHER,AUR,AUR,AURKC
ERK,-1.5791666666666666,3,KRSA,0.9635036496350365,4,CMGC,MAPK,ERK1,MAPK1
ERK,-1.5791666666666666,3,KRSA,0.9635036496350365,4,CMGC,MAPK,ERK7,MAPK15
ERK,-1.5791666666666666,3,KRSA,0.9635036496350365,4,CMGC,MAPK,ERK1,MAPK3
ERK,-1.5791666666666666,3,KRSA,0.9635036496350365,4,CMGC,MAPK,ERK3,MAPK4
ERK,-1.5791666666666666,3,KRSA,0.9635036496350365,4,CMGC,MAPK,ERK3,MAPK6
ERK,-1.5791666666666666,3,KRSA,0.9635036496350365,4,CMGC,MAPK,ERK5,MAPK7
DYRK,-0.7133333333333334,31,KRSA,0.6006256517205423,3,CMGC,DYRK,DYRK1,DYRK1A
DYRK,-0.7133333333333334,31,KRSA,0.6006256517205423,3,CMGC,DYRK,DYRK1,DYRK1B
DYRK,-0.7133333333333334,31,KRSA,0.6006256517205423,3,CMGC,DYRK,DYRK2,DYRK2
DYRK,-0.7133333333333334,31,KRSA,0.6006256517205423,3,CMGC,DYRK,DYRK2,DYRK3
DYRK,-0.7133333333333334,31,KRSA,0.6006256517205423,3,CMGC,DYRK,DYRK2,DYRK4
DYRK,-0.7133333333333334,31,KRSA,0.6006256517205423,3,CMGC,DYRK,HIPK,HIPK1
DYRK,-0.7133333333333334,31,KRSA,0.6006256517205423,3,CMGC,DYRK,HIPK,HIPK2
DYRK,-0.7133333333333334,31,KRSA,0.6006256517205423,3,CMGC,DYRK,HIPK,HIPK3
DYRK,-0.7133333333333334,31,KRSA,0.6006256517205423,3,CMGC,DYRK,HIPK,HIPK4
DYRK,-0.7133333333333334,31,KRSA,0.6006256517205423,3,CMGC,DYRK,PRP4,PRPF4B
MSN,1.1416666666666666,10,KRSA,0.8759124087591241,4,STE,STE20,MSN,MAP4K4
MSN,1.1416666666666666,10,KRSA,0.8759124087591241,4,STE,STE20,MSN,NRK
MSN,1.1416666666666666,10,KRSA,0.8759124087591241,4,STE,STE20,MSN,TNIK
MAPKAPK,0.44416666666666665,48,KRSA,0.38790406673618355,2,CAMK,MAPKAPK,MAPKAPK,MAPKAPK2
MAPKAPK,0.44416666666666665,48,KRSA,0.38790406673618355,2,CAMK,MAPKAPK,MAPKAPK,MAPKAPK3
MAPKAPK,0.44416666666666665,48,KRSA,0.38790406673618355,2,CAMK,MAPKAPK,MAPKAPK,MAPKAPK5
MAPKAPK,0.44416666666666665,48,KRSA,0.38790406673618355,2,CAMK,MAPKAPK,MNK,MKNK1
MAPKAPK,0.44416666666666665,48,KRSA,0.38790406673618355,2,CAMK,MAPKAPK,MNK,MKNK2
ATR,0.08499999999999999,75,KRSA,0.05005213764337852,1,ATYPICAL,PIKK,ATR,ATR
RSK,0.6566666666666666,35,KRSA,0.5505735140771637,3,AGC,RSK,RSK,RPS6KA1
RSK,0.6566666666666666,35,KRSA,0.5505735140771637,3,AGC,RSK,RSK,RPS6KA2
RSK,0.6566666666666666,35,KRSA,0.5505735140771637,3,AGC,RSK,RSK,RPS6KA3
RSK,0.6566666666666666,35,KRSA,0.5505735140771637,3,AGC,RSK,MSK,RPS6KA4
RSK,0.6566666666666666,35,KRSA,0.5505735140771637,3,AGC,RSK,MSK,RPS6KA5
RSK,0.6566666666666666,35,KRSA,0.5505735140771637,3,AGC,RSK,RSK,RPS6KA6
RSK,0.6566666666666666,35,KRSA,0.5505735140771637,3,AGC,RSK,P70,RPS6KB1
RSK,0.6566666666666666,35,KRSA,0.5505735140771637,3,AGC,RSK,P70,RPS6KB2
VRK1,-0.06499999999999999,76,KRSA,0.03753910323253389,1,CK1,VRK,VRK,VRK1
MLCK,0.1466666666666667,68,KRSA,0.13764337851929093,1,CAMK,MLCK,MLCK,MYLK
MLCK,0.1466666666666667,68,KRSA,0.13764337851929093,1,CAMK,MLCK,MLCK,MYLK2
MLCK,0.1466666666666667,68,KRSA,0.13764337851929093,1,CAMK,MLCK,MLCK,TTN
STE11,0.00166666666666666,79,KRSA,0,1,TKL,MLK,TAK1,MAP3K7
STE11,0.00166666666666666,79,KRSA,0,1,STE,STE11,MEKK1,MAP3K1
STE11,0.00166666666666666,79,KRSA,0,1,STE,STE11,ASK,MAP3K15
STE11,0.00166666666666666,79,KRSA,0,1,STE,STE11,MEKK2,MAP3K2
STE11,0.00166666666666666,79,KRSA,0,1,STE,STE11,MEKK2,MAP3K3
STE11,0.00166666666666666,79,KRSA,0,1,STE,STE11,MEKK4,MAP3K4
STE11,0.00166666666666666,79,KRSA,0,1,STE,STE11,ASK,MAP3K5
STE11,0.00166666666666666,79,KRSA,0,1,STE,STE11,ASK,MAP3K6
PAKA,-0.45166666666666666,47,KRSA,0.40041710114702816,2,STE,STE20,PAKA,PAK1
PAKA,-0.45166666666666666,47,KRSA,0.40041710114702816,2,STE,STE20,PAKA,PAK2
PAKA,-0.45166666666666666,47,KRSA,0.40041710114702816,2,STE,STE20,PAKA,PAK3
MELK,-0.09416666666666668,73,KRSA,0.07507820646506778,1,CAMK,CAMKL,MELK,MELK
CAMKK,0.7991666666666667,24,KRSA,0.7007299270072993,3,OTHER,CAMKK,META,CAMKK1
CAMKK,0.7991666666666667,24,KRSA,0.7007299270072993,3,OTHER,CAMKK,META,CAMKK2
RIPK,1.1483333333333334,9,KRSA,0.8884254431699687,4,TKL,RIPK,RIPK,ANKK1
RIPK,1.1483333333333334,9,KRSA,0.8884254431699687,4,TKL,RIPK,RIPK,RIPK1
RIPK,1.1483333333333334,9,KRSA,0.8884254431699687,4,TKL,RIPK,RIPK,RIPK2
RIPK,1.1483333333333334,9,KRSA,0.8884254431699687,4,TKL,RIPK,RIPK,RIPK3
RIPK,1.1483333333333334,9,KRSA,0.8884254431699687,4,TKL,RIPK,RIPK,RIPK4
CAMK1,0.9558333333333332,16,KRSA,0.8008342022940563,4,CAMK,CAMK1,CAMK1,CAMK1
CAMK1,0.9558333333333332,16,KRSA,0.8008342022940563,4,CAMK,CAMK1,CAMK1,CAMK1D
CAMK1,0.9558333333333332,16,KRSA,0.8008342022940563,4,CAMK,CAMK1,CAMK1,CAMK1G
CAMK1,0.9558333333333332,16,KRSA,0.8008342022940563,4,CAMK,CAMK1,CAMK1,CAMK4
CAMK1,0.9558333333333332,16,KRSA,0.8008342022940563,4,CAMK,CAMK1,CAMK1,PNCK
AMPK,0.6483333333333333,36,KRSA,0.5380604796663191,3,CAMK,CAMKL,AMPK,PRKAA1
AMPK,0.6483333333333333,36,KRSA,0.5380604796663191,3,CAMK,CAMKL,AMPK,PRKAA2
STKR,-0.6016666666666667,38,KRSA,0.5130344108446299,3,TKL,STKR,TYPE1,ACVR1
STKR,-0.6016666666666667,38,KRSA,0.5130344108446299,3,TKL,STKR,TYPE1,ACVR1B
STKR,-0.6016666666666667,38,KRSA,0.5130344108446299,3,TKL,STKR,TYPE1,ACVR1C
STKR,-0.6016666666666667,38,KRSA,0.5130344108446299,3,TKL,STKR,TYPE2,ACVR2A
STKR,-0.6016666666666667,38,KRSA,0.5130344108446299,3,TKL,STKR,TYPE2,ACVR2B
STKR,-0.6016666666666667,38,KRSA,0.5130344108446299,3,TKL,STKR,TYPE1,ACVRL1
STKR,-0.6016666666666667,38,KRSA,0.5130344108446299,3,TKL,STKR,TYPE2,AMHR2
STKR,-0.6016666666666667,38,KRSA,0.5130344108446299,3,TKL,STKR,TYPE1,BMPR1A
STKR,-0.6016666666666667,38,KRSA,0.5130344108446299,3,TKL,STKR,TYPE1,BMPR1B
STKR,-0.6016666666666667,38,KRSA,0.5130344108446299,3,TKL,STKR,TYPE2,BMPR2
STKR,-0.6016666666666667,38,KRSA,0.5130344108446299,3,TKL,STKR,TYPE1,TGFBR1
STKR,-0.6016666666666667,38,KRSA,0.5130344108446299,3,TKL,STKR,TYPE2,TGFBR2
RAD53,0.5133333333333333,41,KRSA,0.4754953076120959,2,CAMK,RAD53,RAD53,CHEK2
PKCH,-0.5,43,KRSA,0.4504692387904067,2,AGC,PKC,ETA,PRKCE
PKCH,-0.5,43,KRSA,0.4504692387904067,2,AGC,PKC,ETA,PRKCH
IKK,-0.4658333333333333,45,KRSA,0.4254431699687174,2,OTHER,IKK,IKK,CHUK
IKK,-0.4658333333333333,45,KRSA,0.4254431699687174,2,OTHER,IKK,IKK,IKBKB
IKK,-0.4658333333333333,45,KRSA,0.4254431699687174,2,OTHER,IKK,IKK,IKBKE
IKK,-0.4658333333333333,45,KRSA,0.4254431699687174,2,OTHER,IKK,IKK,TBK1
IRAK,-0.38916666666666666,53,KRSA,0.32533889468196037,2,TKL,IRAK,IRAK,IRAK1
IRAK,-0.38916666666666666,53,KRSA,0.32533889468196037,2,TKL,IRAK,IRAK,IRAK2
IRAK,-0.38916666666666666,53,KRSA,0.32533889468196037,2,TKL,IRAK,IRAK,IRAK3
IRAK,-0.38916666666666666,53,KRSA,0.32533889468196037,2,TKL,IRAK,IRAK,IRAK4
ATR,0.08499999999999999,75,KRSA,0.05005213764337852,1,ATYPICAL,PIKK,ATR,ATR
PKCD,-0.15416666666666665,66,KRSA,0.16266944734098018,1,AGC,PKC,DELTA,PRKCD
PKCD,-0.15416666666666665,66,KRSA,0.16266944734098018,1,AGC,PKC,DELTA,PRKCQ
PRKDC,-0.4608333333333333,46,KRSA,0.4129301355578728,2,ATYPICAL,PIKK,DNAPK,PRKDC
DAPK,1.274166666666667,6,KRSA,0.9259645464025026,4,CAMK,DAPK,DAPK,DAPK1
DAPK,1.274166666666667,6,KRSA,0.9259645464025026,4,CAMK,DAPK,DAPK,DAPK2
DAPK,1.274166666666667,6,KRSA,0.9259645464025026,4,CAMK,DAPK,DAPK,DAPK3
DAPK,1.274166666666667,6,KRSA,0.9259645464025026,4,CAMK,DAPK,DRAK,STK17A
DAPK,1.274166666666667,6,KRSA,0.9259645464025026,4,CAMK,DAPK,DRAK,STK17B
PKA,1.1333333333333333,12,KRSA,0.8508863399374348,4,AGC,PKA,PKA,PRKACA
PKA,1.1333333333333333,12,KRSA,0.8508863399374348,4,AGC,PKA,PKA,PRKACB
PKA,1.1333333333333333,12,KRSA,0.8508863399374348,4,AGC,PKA,PKA,PRKACG
PKA,1.1333333333333333,12,KRSA,0.8508863399374348,4,AGC,PKA,PKA,PRKX
PKA,1.1333333333333333,12,KRSA,0.8508863399374348,4,AGC,PKA,PKA,PRKY
PIM,0.5791666666666667,39,KRSA,0.5005213764337852,3,CAMK,PIM,PIM,PIM1
PIM,0.5791666666666667,39,KRSA,0.5005213764337852,3,CAMK,PIM,PIM,PIM2
PIM,0.5791666666666667,39,KRSA,0.5005213764337852,3,CAMK,PIM,PIM,PIM3
DMPK,0.7841666666666667,25,KRSA,0.6882168925964547,3,AGC,DMPK,GEK,CDC42BPA
DMPK,0.7841666666666667,25,KRSA,0.6882168925964547,3,AGC,DMPK,GEK,CDC42BPB
DMPK,0.7841666666666667,25,KRSA,0.6882168925964547,3,AGC,DMPK,GEK,CDC42BPG
DMPK,0.7841666666666667,25,KRSA,0.6882168925964547,3,AGC,DMPK,CRIK,CIT
DMPK,0.7841666666666667,25,KRSA,0.6882168925964547,3,AGC,DMPK,GEK,DMPK
DMPK,0.7841666666666667,25,KRSA,0.6882168925964547,3,AGC,DMPK,ROCK,ROCK1
DMPK,0.7841666666666667,25,KRSA,0.6882168925964547,3,AGC,DMPK,ROCK,ROCK2
PKCI,0.3325000000000001,58,KRSA,0.26277372262773724,2,AGC,PKC,IOTA,PRKCI
PKCI,0.3325000000000001,58,KRSA,0.26277372262773724,2,AGC,PKC,IOTA,PRKCZ
NMO,-2.1433333333333335,1,KRSA,0.9885297184567258,4,CMGC,MAPK,NMO,NLK
MST,-0.34833333333333333,57,KRSA,0.27528675703858185,2,STE,STE20,MST,STK3
MST,-0.34833333333333333,57,KRSA,0.27528675703858185,2,STE,STE20,MST,STK4
STE11,0.00166666666666666,79,KRSA,0,1,TKL,MLK,TAK1,MAP3K7
STE11,0.00166666666666666,79,KRSA,0,1,STE,STE11,MEKK1,MAP3K1
STE11,0.00166666666666666,79,KRSA,0,1,STE,STE11,ASK,MAP3K15
STE11,0.00166666666666666,79,KRSA,0,1,STE,STE11,MEKK2,MAP3K2
STE11,0.00166666666666666,79,KRSA,0,1,STE,STE11,MEKK2,MAP3K3
STE11,0.00166666666666666,79,KRSA,0,1,STE,STE11,MEKK4,MAP3K4
STE11,0.00166666666666666,79,KRSA,0,1,STE,STE11,ASK,MAP3K5
STE11,0.00166666666666666,79,KRSA,0,1,STE,STE11,ASK,MAP3K6
P38,-0.9041666666666668,19,KRSA,0.7632950990615224,4,CMGC,MAPK,P38,MAPK11
P38,-0.9041666666666668,19,KRSA,0.7632950990615224,4,CMGC,MAPK,P38,MAPK12
P38,-0.9041666666666668,19,KRSA,0.7632950990615224,4,CMGC,MAPK,P38,MAPK13
P38,-0.9041666666666668,19,KRSA,0.7632950990615224,4,CMGC,MAPK,P38,MAPK14
SGK,0.7408333333333333,27,KRSA,0.6631908237747653,3,AGC,SGK,SGK,SGK1
SGK,0.7408333333333333,27,KRSA,0.6631908237747653,3,AGC,SGK,SGK,SGK2
SGK,0.7408333333333333,27,KRSA,0.6631908237747653,3,AGC,SGK,SGK,SGK3
RAF,0.03583333333333334,77,KRSA,0.02502606882168926,1,TKL,RAF,RAF,ARAF
RAF,0.03583333333333334,77,KRSA,0.02502606882168926,1,TKL,RAF,RAF,BRAF
RAF,0.03583333333333334,77,KRSA,0.02502606882168926,1,TKL,RAF,KSR,KSR1
RAF,0.03583333333333334,77,KRSA,0.02502606882168926,1,TKL,RAF,KSR,KSR2
RAF,0.03583333333333334,77,KRSA,0.02502606882168926,1,TKL,RAF,RAF,RAF1
PKD,-0.2725,62,KRSA,0.2127215849843587,1,CAMK,PKD,PKD,PRKD1
PKD,-0.2725,62,KRSA,0.2127215849843587,1,CAMK,PKD,PKD,PRKD2
PKD,-0.2725,62,KRSA,0.2127215849843587,1,CAMK,PKD,PKD,PRKD3
PEK,-1.25,7,KRSA,0.913451511991658,4,OTHER,PEK,HRI,EIF2AK1
PEK,-1.25,7,KRSA,0.913451511991658,4,OTHER,PEK,PKR,EIF2AK2
PEK,-1.25,7,KRSA,0.913451511991658,4,OTHER,PEK,PEK,EIF2AK3
PEK,-1.25,7,KRSA,0.913451511991658,4,OTHER,PEK,GCN2,EIF2AK4
CK2,-0.6783333333333333,33,KRSA,0.5755995828988529,3,CMGC,CK2,CK2,CSNK2A1
CK2,-0.6783333333333333,33,KRSA,0.5755995828988529,3,CMGC,CK2,CK2,CSNK2A2
CK2,-0.6783333333333333,33,KRSA,0.5755995828988529,3,NA,NA,NA,CSNK2A3
LKB,-0.725,29,KRSA,0.6256517205422315,3,CAMK,CAMKL,LKB,STK11
GRK,-0.4133333333333334,51,KRSA,0.35036496350364965,2,AGC,GRK,GRK,GRK1
GRK,-0.4133333333333334,51,KRSA,0.35036496350364965,2,AGC,GRK,GRK,GRK4
GRK,-0.4133333333333334,51,KRSA,0.35036496350364965,2,AGC,GRK,GRK,GRK5
GRK,-0.4133333333333334,51,KRSA,0.35036496350364965,2,AGC,GRK,GRK,GRK6
GRK,-0.4133333333333334,51,KRSA,0.35036496350364965,2,AGC,GRK,GRK,GRK7
VRK1,-0.06499999999999999,76,KRSA,0.03753910323253389,1,CK1,VRK,VRK,VRK1
FRAY,-0.755,26,KRSA,0.67570385818561,3,STE,STE20,FRAY,OXSR1
FRAY,-0.755,26,KRSA,0.67570385818561,3,STE,STE20,FRAY,STK39
PKCA,0.25333333333333335,64,KRSA,0.18769551616266944,1,AGC,PKC,ALPHA,PRKCA
PKCA,0.25333333333333335,64,KRSA,0.18769551616266944,1,AGC,PKC,ALPHA,PRKCB
PKCA,0.25333333333333335,64,KRSA,0.18769551616266944,1,AGC,PKC,ALPHA,PRKCG
COT,0.4683333333333334,44,KRSA,0.43795620437956206,2,STE,STE-UNIQUE,STE-UNIQUE,MAP3K8
MLCK,0.1466666666666667,68,KRSA,0.13764337851929093,1,CAMK,MLCK,MLCK,MYLK
MLCK,0.1466666666666667,68,KRSA,0.13764337851929093,1,CAMK,MLCK,MLCK,MYLK2
MLCK,0.1466666666666667,68,KRSA,0.13764337851929093,1,CAMK,MLCK,MLCK,TTN
NDR,0.25583333333333336,63,KRSA,0.20020855057351408,1,AGC,NDR,NDR,LATS1
NDR,0.25583333333333336,63,KRSA,0.20020855057351408,1,AGC,NDR,NDR,LATS2
NDR,0.25583333333333336,63,KRSA,0.20020855057351408,1,AGC,NDR,NDR,STK38
NDR,0.25583333333333336,63,KRSA,0.20020855057351408,1,AGC,NDR,NDR,STK38L
PDK1,-1.1775,8,KRSA,0.9009384775808134,4,ATYPICAL,PDHK,PDHK,PDK1
PDK1,-1.1775,8,KRSA,0.9009384775808134,4,AGC,PDK1,PDK1,PDPK1
MLK,0.145,69,KRSA,0.1251303441084463,1,TKL,MLK,ILK,ILK
MLK,0.145,69,KRSA,0.1251303441084463,1,TKL,MLK,MLK,MAP3K10
MLK,0.145,69,KRSA,0.1251303441084463,1,TKL,MLK,MLK,MAP3K11
MLK,0.145,69,KRSA,0.1251303441084463,1,TKL,MLK,LZK,MAP3K12
MLK,0.145,69,KRSA,0.1251303441084463,1,TKL,MLK,LZK,MAP3K13
MLK,0.145,69,KRSA,0.1251303441084463,1,TKL,MLK,MLK,MAP3K9
MLK,0.145,69,KRSA,0.1251303441084463,1,TKL,MLK,HH498,TNNI3K
ATM,-0.8233333333333334,22,KRSA,0.7257559958289885,3,ATYPICAL,PIKK,ATM,ATM
MSN,1.1416666666666666,10,KRSA,0.8759124087591241,4,STE,STE20,MSN,MAP4K4
MSN,1.1416666666666666,10,KRSA,0.8759124087591241,4,STE,STE20,MSN,NRK
MSN,1.1416666666666666,10,KRSA,0.8759124087591241,4,STE,STE20,MSN,TNIK
CDK,-0.7266666666666667,28,KRSA,0.6506777893639207,3,CMGC,CDK,CDC2,CDK1
CDK,-0.7266666666666667,28,KRSA,0.6506777893639207,3,CMGC,CDK,CDK10,CDK10
CDK,-0.7266666666666667,28,KRSA,0.6506777893639207,3,CMGC,CDK,CRK7,CDK12
CDK,-0.7266666666666667,28,KRSA,0.6506777893639207,3,CMGC,CDK,CRK7,CDK13
CDK,-0.7266666666666667,28,KRSA,0.6506777893639207,3,CMGC,CDK,PFTAIRE,CDK14
CDK,-0.7266666666666667,28,KRSA,0.6506777893639207,3,CMGC,CDK,PFTAIRE,CDK15
CDK,-0.7266666666666667,28,KRSA,0.6506777893639207,3,CMGC,CDK,PCTAIRE,CDK16
CDK,-0.7266666666666667,28,KRSA,0.6506777893639207,3,CMGC,CDK,PCTAIRE,CDK17
CDK,-0.7266666666666667,28,KRSA,0.6506777893639207,3,CMGC,CDK,PCTAIRE,CDK18
CDK,-0.7266666666666667,28,KRSA,0.6506777893639207,3,CMGC,CDK,CDK8,CDK19
CDK,-0.7266666666666667,28,KRSA,0.6506777893639207,3,CMGC,CDK,CDC2,CDK2
CDK,-0.7266666666666667,28,KRSA,0.6506777893639207,3,CMGC,CDK,CCRK,CDK20
CDK,-0.7266666666666667,28,KRSA,0.6506777893639207,3,CMGC,CDK,CDC2,CDK3
CDK,-0.7266666666666667,28,KRSA,0.6506777893639207,3,CMGC,CDK,CDK4,CDK4
CDK,-0.7266666666666667,28,KRSA,0.6506777893639207,3,CMGC,CDK,CDK5,CDK5
CDK,-0.7266666666666667,28,KRSA,0.6506777893639207,3,CMGC,CDK,CDK4,CDK6
CDK,-0.7266666666666667,28,KRSA,0.6506777893639207,3,CMGC,CDK,CDK7,CDK7
CDK,-0.7266666666666667,28,KRSA,0.6506777893639207,3,CMGC,CDK,CDK8,CDK8
CDK,-0.7266666666666667,28,KRSA,0.6506777893639207,3,CMGC,CDK,CDK9,CDK9
CDK,-0.7266666666666667,28,KRSA,0.6506777893639207,3,NA,NA,NA,CDK11A
CDK,-0.7266666666666667,28,KRSA,0.6506777893639207,3,NA,NA,NA,CDK11B
STE7,-1.595,2,KRSA,0.9760166840458812,4,STE,STE7,MEK1,MAP2K1
STE7,-1.595,2,KRSA,0.9760166840458812,4,STE,STE7,MEK1,MAP2K2
STE7,-1.595,2,KRSA,0.9760166840458812,4,STE,STE7,MEK3,MAP2K3
STE7,-1.595,2,KRSA,0.9760166840458812,4,STE,STE7,MEK4,MAP2K4
STE7,-1.595,2,KRSA,0.9760166840458812,4,STE,STE7,MEK5,MAP2K5
STE7,-1.595,2,KRSA,0.9760166840458812,4,STE,STE7,MEK3,MAP2K6
STE7,-1.595,2,KRSA,0.9760166840458812,4,STE,STE7,MEK7,MAP2K7
AKT,0.8741666666666666,21,KRSA,0.7382690302398331,3,AGC,AKT,AKT,AKT1
AKT,0.8741666666666666,21,KRSA,0.7382690302398331,3,AGC,AKT,AKT,AKT2
AKT,0.8741666666666666,21,KRSA,0.7382690302398331,3,AGC,AKT,AKT,AKT3
ERK,-1.5791666666666666,3,KRSA,0.9635036496350365,4,CMGC,MAPK,ERK1,MAPK1
ERK,-1.5791666666666666,3,KRSA,0.9635036496350365,4,CMGC,MAPK,ERK7,MAPK15
ERK,-1.5791666666666666,3,KRSA,0.9635036496350365,4,CMGC,MAPK,ERK1,MAPK3
ERK,-1.5791666666666666,3,KRSA,0.9635036496350365,4,CMGC,MAPK,ERK3,MAPK4
ERK,-1.5791666666666666,3,KRSA,0.9635036496350365,4,CMGC,MAPK,ERK3,MAPK6
ERK,-1.5791666666666666,3,KRSA,0.9635036496350365,4,CMGC,MAPK,ERK5,MAPK7
BARK2,-0.13666666666666666,71,KRSA,0.10010427528675704,1,AGC,GRK,BARK,GRK3
CK1,-0.3175,59,KRSA,0.2502606882168926,2,CK1,CK1,CK1-A,CSNK1A1
CK1,-0.3175,59,KRSA,0.2502606882168926,2,CK1,CK1,CK1-A,CSNK1A1L
CK1,-0.3175,59,KRSA,0.2502606882168926,2,CK1,CK1,CK1-D,CSNK1D
CK1,-0.3175,59,KRSA,0.2502606882168926,2,CK1,CK1,CK1-D,CSNK1E
CK1,-0.3175,59,KRSA,0.2502606882168926,2,CK1,CK1,CK1-G,CSNK1G1
CK1,-0.3175,59,KRSA,0.2502606882168926,2,CK1,CK1,CK1-G,CSNK1G2
CK1,-0.3175,59,KRSA,0.2502606882168926,2,CK1,CK1,CK1-G,CSNK1G3
CK1,-0.3175,59,KRSA,0.2502606882168926,2,CK1,TTBK,TTBK,TTBK1
CK1,-0.3175,59,KRSA,0.2502606882168926,2,CK1,TTBK,TTBK,TTBK2
CK1,-0.3175,59,KRSA,0.2502606882168926,2,CK1,VRK,VRK,VRK3
MELK,-0.09416666666666668,73,KRSA,0.07507820646506778,1,CAMK,CAMKL,MELK,MELK
TLK,-1.0066666666666666,14,KRSA,0.8258602711157456,4,OTHER,TLK,TLK,TLK1
TLK,-1.0066666666666666,14,KRSA,0.8258602711157456,4,OTHER,TLK,TLK,TLK2
NUAK,-0.14083333333333334,70,KRSA,0.11261730969760167,1,CAMK,CAMKL,NUAK,NUAK1
NUAK,-0.14083333333333334,70,KRSA,0.11261730969760167,1,CAMK,CAMKL,NUAK,NUAK2
PKN,-0.4141666666666666,50,KRSA,0.36287799791449427,2,AGC,PKN,PKN,PKN1
PKN,-0.4141666666666666,50,KRSA,0.36287799791449427,2,AGC,PKN,PKN,PKN2
PKN,-0.4141666666666666,50,KRSA,0.36287799791449427,2,AGC,PKN,PKN,PKN3
TTK,-0.1525,67,KRSA,0.15015641293013557,1,OTHER,TTK,TTK,TTK
PAKB,0.10583333333333332,72,KRSA,0.08759124087591241,1,STE,STE20,PAKB,PAK4
PAKB,0.10583333333333332,72,KRSA,0.08759124087591241,1,STE,STE20,PAKB,PAK5
PAKB,0.10583333333333332,72,KRSA,0.08759124087591241,1,STE,STE20,PAKB,PAK6
NAK,-1.0233333333333334,13,KRSA,0.8383733055265902,4,OTHER,NAK,BIKE,AAK1
NAK,-1.0233333333333334,13,KRSA,0.8383733055265902,4,OTHER,NAK,BIKE,BMP2K
NAK,-1.0233333333333334,13,KRSA,0.8383733055265902,4,OTHER,NAK,GAK,GAK
NAK,-1.0233333333333334,13,KRSA,0.8383733055265902,4,OTHER,NAK,MPSK,STK16
HAL,0.37,56,KRSA,0.28779979144942647,2,RGC,RGC,RGC,NPR1
MTOR,-0.2791666666666667,61,KRSA,0.22523461939520334,1,ATYPICAL,PIKK,FRAP,MTOR
KHS,0.09166666666666666,74,KRSA,0.06256517205422316,1,STE,STE20,KHS,MAP4K1
KHS,0.09166666666666666,74,KRSA,0.06256517205422316,1,STE,STE20,KHS,MAP4K2
KHS,0.09166666666666666,74,KRSA,0.06256517205422316,1,STE,STE20,KHS,MAP4K3
KHS,0.09166666666666666,74,KRSA,0.06256517205422316,1,STE,STE20,KHS,MAP4K5
NIK,-0.725,29,KRSA,0.6256517205422315,3,STE,STE-UNIQUE,STE-UNIQUE,MAP3K14
WNK,-0.38,55,KRSA,0.30031282586027114,2,OTHER,WNK,WNK,WNK1
WNK,-0.38,55,KRSA,0.30031282586027114,2,OTHER,WNK,WNK,WNK2
WNK,-0.38,55,KRSA,0.30031282586027114,2,OTHER,WNK,WNK,WNK3
WNK,-0.38,55,KRSA,0.30031282586027114,2,OTHER,WNK,WNK,WNK4
MOS,0.6716666666666666,34,KRSA,0.5630865484880083,3,OTHER,MOS,MOS,MOS
SLK,0.6216666666666667,37,KRSA,0.5255474452554745,3,STE,STE20,SLK,SLK
SLK,0.6216666666666667,37,KRSA,0.5255474452554745,3,STE,STE20,SLK,STK10
BRSK,-0.38333333333333336,54,KRSA,0.31282586027111575,2,CAMK,CAMKL,BRSK,BRSK1
BRSK,-0.38333333333333336,54,KRSA,0.31282586027111575,2,CAMK,CAMKL,BRSK,BRSK2
BUD32,0.5025,42,KRSA,0.4629822732012513,2,OTHER,BUD32,BUD32,TP53RK
TAO,0.16916666666666666,65,KRSA,0.17518248175182483,1,STE,STE20,TAO,TAOK1
TAO,0.16916666666666666,65,KRSA,0.17518248175182483,1,STE,STE20,TAO,TAOK2
TAO,0.16916666666666666,65,KRSA,0.17518248175182483,1,STE,STE20,TAO,TAOK3
CLK,-0.715,30,KRSA,0.6131386861313869,3,CMGC,CLK,CLK,CLK1
CLK,-0.715,30,KRSA,0.6131386861313869,3,CMGC,CLK,CLK,CLK2
CLK,-0.715,30,KRSA,0.6131386861313869,3,CMGC,CLK,CLK,CLK3
CLK,-0.715,30,KRSA,0.6131386861313869,3,CMGC,CLK,CLK,CLK4
PASK,0.9266666666666666,18,KRSA,0.7758081334723671,4,CAMK,CAMKL,PASK,PASK
ULK,-0.7125,32,KRSA,0.5881126173096975,3,OTHER,ULK,FUSED,STK36
ULK,-0.7125,32,KRSA,0.5881126173096975,3,OTHER,ULK,ULK,ULK1
ULK,-0.7125,32,KRSA,0.5881126173096975,3,OTHER,ULK,ULK,ULK2
ULK,-0.7125,32,KRSA,0.5881126173096975,3,OTHER,ULK,ULK,ULK3
ULK,-0.7125,32,KRSA,0.5881126173096975,3,OTHER,ULK,ULK,ULK4
CAMK2,-0.3933333333333333,52,KRSA,0.337851929092805,2,CAMK,CAMK2,CAMK2,CAMK2A
CAMK2,-0.3933333333333333,52,KRSA,0.337851929092805,2,CAMK,CAMK2,CAMK2,CAMK2B
CAMK2,-0.3933333333333333,52,KRSA,0.337851929092805,2,CAMK,CAMK2,CAMK2,CAMK2D
CAMK2,-0.3933333333333333,52,KRSA,0.337851929092805,2,CAMK,CAMK2,CAMK2,CAMK2G
CHK1,0.31416666666666665,60,KRSA,0.23774765380604795,1,CAMK,CAMKL,CHK1,CHEK1
PLK,-0.5791666666666666,40,KRSA,0.4880083420229406,2,NA,NA,NA,PLK5
PLK,-0.5791666666666666,40,KRSA,0.4880083420229406,2,OTHER,PLK,PLK1,PLK1
PLK,-0.5791666666666666,40,KRSA,0.4880083420229406,2,OTHER,PLK,PLK2,PLK2
PLK,-0.5791666666666666,40,KRSA,0.4880083420229406,2,OTHER,PLK,PLK2,PLK3
PLK,-0.5791666666666666,40,KRSA,0.4880083420229406,2,OTHER,PLK,SAK,PLK4
PHK,0.8925,20,KRSA,0.7507820646506778,4,CAMK,PHK,PHK,PHKG1
PHK,0.8925,20,KRSA,0.7507820646506778,4,CAMK,PHK,PHK,PHKG2
DYRK,-0.7133333333333334,31,KRSA,0.6006256517205423,3,CMGC,DYRK,DYRK1,DYRK1A
DYRK,-0.7133333333333334,31,KRSA,0.6006256517205423,3,CMGC,DYRK,DYRK1,DYRK1B
DYRK,-0.7133333333333334,31,KRSA,0.6006256517205423,3,CMGC,DYRK,DYRK2,DYRK2
DYRK,-0.7133333333333334,31,KRSA,0.6006256517205423,3,CMGC,DYRK,DYRK2,DYRK3
DYRK,-0.7133333333333334,31,KRSA,0.6006256517205423,3,CMGC,DYRK,DYRK2,DYRK4
DYRK,-0.7133333333333334,31,KRSA,0.6006256517205423,3,CMGC,DYRK,HIPK,HIPK1
DYRK,-0.7133333333333334,31,KRSA,0.6006256517205423,3,CMGC,DYRK,HIPK,HIPK2
DYRK,-0.7133333333333334,31,KRSA,0.6006256517205423,3,CMGC,DYRK,HIPK,HIPK3
DYRK,-0.7133333333333334,31,KRSA,0.6006256517205423,3,CMGC,DYRK,HIPK,HIPK4
DYRK,-0.7133333333333334,31,KRSA,0.6006256517205423,3,CMGC,DYRK,PRP4,PRPF4B
PKG,0.9708333333333332,15,KRSA,0.8133472367049009,4,AGC,PKG,PKG,PRKG1
PKG,0.9708333333333332,15,KRSA,0.8133472367049009,4,AGC,PKG,PKG,PRKG2
PAKA,-0.45166666666666666,47,KRSA,0.40041710114702816,2,STE,STE20,PAKA,PAK1
PAKA,-0.45166666666666666,47,KRSA,0.40041710114702816,2,STE,STE20,PAKA,PAK2
PAKA,-0.45166666666666666,47,KRSA,0.40041710114702816,2,STE,STE20,PAKA,PAK3
JNK,-1.2866666666666666,5,KRSA,0.9384775808133472,4,CMGC,MAPK,JNK,MAPK10
JNK,-1.2866666666666666,5,KRSA,0.9384775808133472,4,CMGC,MAPK,JNK,MAPK8
JNK,-1.2866666666666666,5,KRSA,0.9384775808133472,4,CMGC,MAPK,JNK,MAPK9
RSK,0.6566666666666666,35,KRSA,0.5505735140771637,3,AGC,RSK,RSK,RPS6KA1
RSK,0.6566666666666666,35,KRSA,0.5505735140771637,3,AGC,RSK,RSK,RPS6KA2
RSK,0.6566666666666666,35,KRSA,0.5505735140771637,3,AGC,RSK,RSK,RPS6KA3
RSK,0.6566666666666666,35,KRSA,0.5505735140771637,3,AGC,RSK,MSK,RPS6KA4
RSK,0.6566666666666666,35,KRSA,0.5505735140771637,3,AGC,RSK,MSK,RPS6KA5
RSK,0.6566666666666666,35,KRSA,0.5505735140771637,3,AGC,RSK,RSK,RPS6KA6
RSK,0.6566666666666666,35,KRSA,0.5505735140771637,3,AGC,RSK,P70,RPS6KB1
RSK,0.6566666666666666,35,KRSA,0.5505735140771637,3,AGC,RSK,P70,RPS6KB2
PDHK,-0.94,17,KRSA,0.7883211678832117,4,ATYPICAL,PDHK,BCKDK,BCKDK
PDHK,-0.94,17,KRSA,0.7883211678832117,4,ATYPICAL,PDHK,PDHK,PDK2
PDHK,-0.94,17,KRSA,0.7883211678832117,4,ATYPICAL,PDHK,PDHK,PDK3
PDHK,-0.94,17,KRSA,0.7883211678832117,4,ATYPICAL,PDHK,PDHK,PDK4
MAPKAPK,0.44416666666666665,48,KRSA,0.38790406673618355,2,CAMK,MAPKAPK,MAPKAPK,MAPKAPK2
MAPKAPK,0.44416666666666665,48,KRSA,0.38790406673618355,2,CAMK,MAPKAPK,MAPKAPK,MAPKAPK3
MAPKAPK,0.44416666666666665,48,KRSA,0.38790406673618355,2,CAMK,MAPKAPK,MAPKAPK,MAPKAPK5
MAPKAPK,0.44416666666666665,48,KRSA,0.38790406673618355,2,CAMK,MAPKAPK,MNK,MKNK1
MAPKAPK,0.44416666666666665,48,KRSA,0.38790406673618355,2,CAMK,MAPKAPK,MNK,MKNK2
GSK,-0.42833333333333334,49,KRSA,0.3753910323253389,2,CMGC,GSK,GSK,GSK3A
GSK,-0.42833333333333334,49,KRSA,0.3753910323253389,2,CMGC,GSK,GSK,GSK3B
AUR,1.4466666666666668,4,KRSA,0.9509906152241918,4,OTHER,AUR,AUR,AURKA
AUR,1.4466666666666668,4,KRSA,0.9509906152241918,4,OTHER,AUR,AUR,AURKB
AUR,1.4466666666666668,4,KRSA,0.9509906152241918,4,OTHER,AUR,AUR,AURKC
NEK,-1.1375,11,KRSA,0.8633993743482794,4,OTHER,NEK,NEK11,NEK11
NEK,-1.1375,11,KRSA,0.8633993743482794,4,OTHER,NEK,NEK2,NEK2
NEK,-1.1375,11,KRSA,0.8633993743482794,4,OTHER,NEK,NEK1,NEK3
NEK,-1.1375,11,KRSA,0.8633993743482794,4,OTHER,NEK,NEK4,NEK4
NEK,-1.1375,11,KRSA,0.8633993743482794,4,OTHER,NEK,NEK1,NEK5
NEK,-1.1375,11,KRSA,0.8633993743482794,4,OTHER,NEK,NEK6,NEK6
NEK,-1.1375,11,KRSA,0.8633993743482794,4,OTHER,NEK,NEK6,NEK7
NEK,-1.1375,11,KRSA,0.8633993743482794,4,OTHER,NEK,NEK8,NEK8
NEK,-1.1375,11,KRSA,0.8633993743482794,4,OTHER,NEK,NEK8,NEK9
QIK,-0.02166666666666665,78,KRSA,0.01251303441084463,1,CAMK,CAMKL,QIK,SIK1
QIK,-0.02166666666666665,78,KRSA,0.01251303441084463,1,CAMK,CAMKL,QIK,SIK2
