Kinase,Score,Rank,Method,Perc,Qrt,group,KinaseFamily,subfamily,hgnc_symbol
SGK1,0,53,PTM-SEA,0,1,AGC,SGK,SGK,SGK1
PIK3C2A,0,53,PTM-SEA,0,1,NA,NA,NA,PIK3C2A
CHEK1,61.76237997613205,18,PTM-SEA,0.7901234567901234,4,CAMK,CAMKL,CHK1,CHEK1
AURKA,18.321759788756296,43,PTM-SEA,0.4074074074074074,2,OTHER,AUR,AUR,AURKA
PDPK1,0,53,PTM-SEA,0,1,AGC,PDK1,PDK1,PDPK1
DAPK3,0,53,PTM-SEA,0,1,CAMK,DAPK,DAPK,DAPK3
RPS6KA5,0.49035182667593613,51,PTM-SEA,0.30864197530864196,2,AGC,RSK,MSK,RPS6KA5
CHEK2,45.32362138348705,25,PTM-SEA,0.691358024691358,3,CAMK,RAD53,RAD53,CHEK2
RAF1,-18.9903344304071,42,PTM-SEA,0.41975308641975306,2,TKL,RAF,RAF,RAF1
PRKCG,0,53,PTM-SEA,0,1,AGC,PKC,ALPHA,PRKCG
PRKCB,-21.97252640825211,39,PTM-SEA,0.49382716049382713,2,AGC,PKC,ALPHA,PRKCB
CDK1,3.606224015598865,47,PTM-SEA,0.35802469135802467,2,CMGC,CDK,CDC2,CDK1
ARAF,-25.59664801160742,38,PTM-SEA,0.5061728395061729,3,TKL,RAF,RAF,ARAF
PIM1,71.68770431642297,12,PTM-SEA,0.8641975308641975,4,CAMK,PIM,PIM,PIM1
CDK4,-1.0601788491200037,50,PTM-SEA,0.32098765432098764,2,CMGC,CDK,CDK4,CDK4
SRC,0,53,PTM-SEA,0,1,TK,SRC,SRCA,SRC
BRAF,-25.59664801160742,38,PTM-SEA,0.5061728395061729,3,TKL,RAF,RAF,BRAF
PRKCA,48.7757621618045,24,PTM-SEA,0.7037037037037037,3,AGC,PKC,ALPHA,PRKCA
PRKACA,40.15030148627353,27,PTM-SEA,0.6666666666666666,3,AGC,PKA,PKA,PRKACA
PRKACG,65.19002115209211,14,PTM-SEA,0.8395061728395061,4,AGC,PKA,PKA,PRKACG
PRKACB,-20.887012147956987,40,PTM-SEA,0.4444444444444444,2,AGC,PKA,PKA,PRKACB
RPS6KB1,32.510767266553096,33,PTM-SEA,0.5925925925925926,3,AGC,RSK,P70,RPS6KB1
CDK2,-27.7421469009443,37,PTM-SEA,0.5432098765432098,3,CMGC,CDK,CDC2,CDK2
MAPK3,49.9113203776944,23,PTM-SEA,0.7160493827160493,3,CMGC,MAPK,ERK1,MAPK3
MAPK1,-63.43866455776884,17,PTM-SEA,0.8024691358024691,4,CMGC,MAPK,ERK1,MAPK1
AKT1,28.363603862564045,36,PTM-SEA,0.5555555555555556,3,AGC,AKT,AKT,AKT1
AKT2,2.3355552079514554,48,PTM-SEA,0.345679012345679,2,AGC,AKT,AKT,AKT2
MAP3K8,-41.89231882030529,26,PTM-SEA,0.6790123456790124,3,STE,STE-UNIQUE,STE-UNIQUE,MAP3K8
PRKCI,-20.887012147956987,40,PTM-SEA,0.4444444444444444,2,AGC,PKC,IOTA,PRKCI
MTOR,0,53,PTM-SEA,0,1,ATYPICAL,PIKK,FRAP,MTOR
MAPK8,80.54142511792055,9,PTM-SEA,0.9012345679012346,4,CMGC,MAPK,JNK,MAPK8
MAPK9,79.54991688315327,11,PTM-SEA,0.8765432098765432,4,CMGC,MAPK,JNK,MAPK9
CSNK1A1,0,53,PTM-SEA,0,1,CK1,CK1,CK1-A,CSNK1A1
CSNK1D,0,53,PTM-SEA,0,1,CK1,CK1,CK1-D,CSNK1D
MAPKAPK2,5.895124343327972,46,PTM-SEA,0.37037037037037035,2,CAMK,MAPKAPK,MAPKAPK,MAPKAPK2
GSK3A,0,53,PTM-SEA,0,1,CMGC,GSK,GSK,GSK3A
GSK3B,51.61281614484556,20,PTM-SEA,0.7530864197530864,4,CMGC,GSK,GSK,GSK3B
CDK7,-113.28947368421052,4,PTM-SEA,0.9629629629629629,4,CMGC,CDK,CDK7,CDK7
CDK9,57.90350877192983,19,PTM-SEA,0.7654320987654321,4,CMGC,CDK,CDK9,CDK9
RPS6KA3,107.54192201058648,5,PTM-SEA,0.9506172839506173,4,AGC,RSK,RSK,RPS6KA3
NEK2,0,53,PTM-SEA,0,1,OTHER,NEK,NEK2,NEK2
DAPK1,117.36567611338162,3,PTM-SEA,0.9753086419753086,4,CAMK,DAPK,DAPK,DAPK1
MAPK10,92.14210526315789,6,PTM-SEA,0.9382716049382716,4,CMGC,MAPK,JNK,MAPK10
PRKAA2,91.96487370985656,7,PTM-SEA,0.9259259259259259,4,CAMK,CAMKL,AMPK,PRKAA2
SIK1,91.13508771929824,8,PTM-SEA,0.9135802469135802,4,CAMK,CAMKL,QIK,SIK1
CSNK2A1,71.00908995752307,13,PTM-SEA,0.8518518518518519,4,CMGC,CK2,CK2,CSNK2A1
PRKDC,-64.07630024018572,16,PTM-SEA,0.8148148148148148,4,ATYPICAL,PIKK,DNAPK,PRKDC
ATM,0,53,PTM-SEA,0,1,ATYPICAL,PIKK,ATM,ATM
IKBKE,0,53,PTM-SEA,0,1,OTHER,IKK,IKK,IKBKE
AURKB,38.64002777908111,28,PTM-SEA,0.654320987654321,3,OTHER,AUR,AUR,AURKB
CDK3,0,53,PTM-SEA,0,1,CMGC,CDK,CDC2,CDK3
CDK6,57.90350877192983,19,PTM-SEA,0.7654320987654321,4,CMGC,CDK,CDK4,CDK6
CDK5,30.210841691575247,35,PTM-SEA,0.5679012345679012,3,CMGC,CDK,CDK5,CDK5
PRKCE,-20.887012147956987,40,PTM-SEA,0.4444444444444444,2,AGC,PKC,ETA,PRKCE
PRKCQ,-32.75846267171517,32,PTM-SEA,0.6049382716049383,3,AGC,PKC,DELTA,PRKCQ
PRKCZ,64.42346714105781,15,PTM-SEA,0.8271604938271605,4,AGC,PKC,IOTA,PRKCZ
PRKCD,118.55634462500657,2,PTM-SEA,0.9876543209876543,4,AGC,PKC,DELTA,PRKCD
PRKAA1,-1.173771167298159,49,PTM-SEA,0.3333333333333333,2,CAMK,CAMKL,AMPK,PRKAA1
PAK1,0.4469847688457387,52,PTM-SEA,0.2962962962962963,2,STE,STE20,PAKA,PAK1
PAK2,136.45087719298243,1,PTM-SEA,1,4,STE,STE20,PAKA,PAK2
PRKG2,14.676579540378626,44,PTM-SEA,0.3950617283950617,2,AGC,PKG,PKG,PRKG2
ROCK1,-35.11020202438298,30,PTM-SEA,0.6296296296296297,3,AGC,DMPK,ROCK,ROCK1
ATR,50.922086569289334,21,PTM-SEA,0.7407407407407407,3,ATYPICAL,PIKK,ATR,ATR
CAMK2G,0,53,PTM-SEA,0,1,CAMK,CAMK2,CAMK2,CAMK2G
DYRK1A,79.81183082619197,10,PTM-SEA,0.8888888888888888,4,CMGC,DYRK,DYRK1,DYRK1A
PRKG1,19.13996696101303,41,PTM-SEA,0.43209876543209874,2,AGC,PKG,PKG,PRKG1
PRKD1,-34.635881107930054,31,PTM-SEA,0.6172839506172839,3,CAMK,PKD,PKD,PRKD1
RPS6KA2,-13.5257943402339,45,PTM-SEA,0.38271604938271603,2,AGC,RSK,RSK,RPS6KA2
RPS6KA1,37.26589742176008,29,PTM-SEA,0.6419753086419753,3,AGC,RSK,RSK,RPS6KA1
PKN1,32.510220288372814,34,PTM-SEA,0.5802469135802469,3,AGC,PKN,PKN,PKN1
MAPK14,0,53,PTM-SEA,0,1,CMGC,MAPK,P38,MAPK14
PIM3,-20.887012147956987,40,PTM-SEA,0.4444444444444444,2,CAMK,PIM,PIM,PIM3
BRSK2,0,53,PTM-SEA,0,1,CAMK,CAMKL,BRSK,BRSK2
BRSK1,0,53,PTM-SEA,0,1,CAMK,CAMKL,BRSK,BRSK1
DYRK2,0,53,PTM-SEA,0,1,CMGC,DYRK,DYRK2,DYRK2
PASK,0,53,PTM-SEA,0,1,CAMK,CAMKL,PASK,PASK
PRKD2,0,53,PTM-SEA,0,1,CAMK,PKD,PKD,PRKD2
PLK3,0,53,PTM-SEA,0,1,OTHER,PLK,PLK2,PLK3
NEK6,0,53,PTM-SEA,0,1,OTHER,NEK,NEK6,NEK6
PIM2,50.71825352868436,22,PTM-SEA,0.7283950617283951,3,CAMK,PIM,PIM,PIM2
TBK1,0,53,PTM-SEA,0,1,OTHER,IKK,IKK,TBK1
AKT3,-25.59664801160742,38,PTM-SEA,0.5061728395061729,3,AGC,AKT,AKT,AKT3
AAK1,300,266,KEA3,0.09428571428571429,1,OTHER,NAK,BIKE,AAK1
ABL1,95.66666666666667,87,KEA3,0.7228571428571429,3,TK,ABL,ABL,ABL1
ABL2,108.33333333333333,110,KEA3,0.6371428571428571,3,TK,ABL,ABL,ABL2
ACVR1,102.5,97,KEA3,0.6828571428571428,3,TKL,STKR,TYPE1,ACVR1
ACVR1B,202.5,209,KEA3,0.2885714285714286,2,TKL,STKR,TYPE1,ACVR1B
ACVR2B,213,216,KEA3,0.26571428571428574,2,TKL,STKR,TYPE2,ACVR2B
AKT1,59,40,KEA3,0.8771428571428571,4,AGC,AKT,AKT,AKT1
AKT2,90,79,KEA3,0.7514285714285714,4,AGC,AKT,AKT,AKT2
AKT3,144,154,KEA3,0.4742857142857143,2,AGC,AKT,AKT,AKT3
ALK,77.5,62,KEA3,0.8057142857142857,4,TK,ALK,ALK,ALK
ARAF,154.5,168,KEA3,0.4228571428571429,2,TKL,RAF,RAF,ARAF
ATM,114.66666666666667,119,KEA3,0.6085714285714285,3,ATYPICAL,PIKK,ATM,ATM
ATR,92,82,KEA3,0.74,3,ATYPICAL,PIKK,ATR,ATR
AURKA,75.33333333333333,59,KEA3,0.8142857142857143,4,OTHER,AUR,AUR,AURKA
AURKB,117,123,KEA3,0.5942857142857143,3,OTHER,AUR,AUR,AURKB
AURKC,185.5,195,KEA3,0.3314285714285714,2,OTHER,AUR,AUR,AURKC
AXL,178,187,KEA3,0.35714285714285715,2,TK,AXL,AXL,AXL
BLK,258.5,238,KEA3,0.17714285714285713,1,TK,SRC,SRCB,BLK
BMP2K,326,288,KEA3,0.03142857142857143,1,OTHER,NAK,BIKE,BMP2K
BMPR1A,131.5,143,KEA3,0.5171428571428571,3,TKL,STKR,TYPE1,BMPR1A
BMPR1B,113,118,KEA3,0.6114285714285714,3,TKL,STKR,TYPE1,BMPR1B
BMPR2,165.5,176,KEA3,0.3942857142857143,2,TKL,STKR,TYPE2,BMPR2
BMX,124.66666666666667,132,KEA3,0.5628571428571428,3,TK,TEC,TEC,BMX
BRAF,118.5,125,KEA3,0.5857142857142857,3,TKL,RAF,RAF,BRAF
BRSK1,128.66666666666666,139,KEA3,0.5342857142857143,3,CAMK,CAMKL,BRSK,BRSK1
BRSK2,307,273,KEA3,0.07428571428571429,1,CAMK,CAMKL,BRSK,BRSK2
BTK,107.33333333333333,108,KEA3,0.6428571428571429,3,TK,TEC,TEC,BTK
BUB1,175,184,KEA3,0.36857142857142855,2,OTHER,BUB,BUB,BUB1
CAMK1,185,194,KEA3,0.33714285714285713,2,CAMK,CAMK1,CAMK1,CAMK1
CAMK1D,218,220,KEA3,0.24857142857142858,1,CAMK,CAMK1,CAMK1,CAMK1D
CAMK2A,17.333333333333332,7,KEA3,0.98,4,CAMK,CAMK2,CAMK2,CAMK2A
CAMK2B,133,145,KEA3,0.5057142857142857,3,CAMK,CAMK2,CAMK2,CAMK2B
CAMK2D,92,82,KEA3,0.74,3,CAMK,CAMK2,CAMK2,CAMK2D
CAMK2G,5,1,KEA3,1,4,CAMK,CAMK2,CAMK2,CAMK2G
CAMK4,87.33333333333333,77,KEA3,0.7571428571428571,4,CAMK,CAMK1,CAMK1,CAMK4
CAMKK1,139,148,KEA3,0.49714285714285716,2,OTHER,CAMKK,META,CAMKK1
CAMKK2,93,83,KEA3,0.7371428571428571,3,OTHER,CAMKK,META,CAMKK2
CDC42BPA,282,252,KEA3,0.13428571428571429,1,AGC,DMPK,GEK,CDC42BPA
CDC7,169.5,180,KEA3,0.38285714285714284,2,OTHER,CDC7,CDC7,CDC7
CDK1,79.5,64,KEA3,0.7971428571428572,4,CMGC,CDK,CDC2,CDK1
CDK11A,332,292,KEA3,0.02,1,CMGC,CDK,CDK11,CDK11A
CDK11A,332,292,KEA3,0.02,1,NA,NA,NA,CDK11A
CDK12,317,282,KEA3,0.04857142857142857,1,CMGC,CDK,CRK7,CDK12
CDK15,269,244,KEA3,0.16,1,CMGC,CDK,PFTAIRE,CDK15
CDK16,250,237,KEA3,0.18,1,CMGC,CDK,PCTAIRE,CDK16
CDK18,242,233,KEA3,0.2,1,CMGC,CDK,PCTAIRE,CDK18
CDK19,14,4,KEA3,0.9885714285714285,4,CMGC,CDK,CDK8,CDK19
CDK2,35,17,KEA3,0.9485714285714286,4,CMGC,CDK,CDC2,CDK2
CDK20,291,259,KEA3,0.11428571428571428,1,CMGC,CDK,CCRK,CDK20
CDK3,172,183,KEA3,0.3742857142857143,2,CMGC,CDK,CDC2,CDK3
CDK4,62,43,KEA3,0.8685714285714285,4,CMGC,CDK,CDK4,CDK4
CDK5,123.33333333333333,130,KEA3,0.5714285714285714,3,CMGC,CDK,CDK5,CDK5
CDK6,64.33333333333333,45,KEA3,0.86,4,CMGC,CDK,CDK4,CDK6
CDK7,133,145,KEA3,0.5057142857142857,3,CMGC,CDK,CDK7,CDK7
CDK8,147,159,KEA3,0.4542857142857143,2,CMGC,CDK,CDK8,CDK8
CDK9,141,152,KEA3,0.4828571428571429,2,CMGC,CDK,CDK9,CDK9
CDKL3,304,270,KEA3,0.08285714285714285,1,CMGC,CDKL,CDKL,CDKL3
CDKL5,160,174,KEA3,0.4,2,CMGC,CDKL,CDKL,CDKL5
CHEK1,30.666666666666668,12,KEA3,0.9657142857142857,4,CAMK,CAMKL,CHK1,CHEK1
CHEK2,88.33333333333333,78,KEA3,0.7542857142857143,4,CAMK,RAD53,RAD53,CHEK2
CHUK,59,40,KEA3,0.8771428571428571,4,OTHER,IKK,IKK,CHUK
CLK1,145.5,158,KEA3,0.45714285714285713,2,CMGC,CLK,CLK,CLK1
CLK2,139.5,149,KEA3,0.49142857142857144,2,CMGC,CLK,CLK,CLK2
CLK3,186,196,KEA3,0.32857142857142857,2,CMGC,CLK,CLK,CLK3
CLK4,322,286,KEA3,0.037142857142857144,1,CMGC,CLK,CLK,CLK4
CSF1R,334,294,KEA3,0.014285714285714285,1,TK,PDGFR,PDGFR,CSF1R
CSK,137.33333333333334,147,KEA3,0.5,3,TK,CSK,CSK,CSK
CSNK1A1,109.66666666666667,113,KEA3,0.6285714285714286,3,CK1,CK1,CK1-A,CSNK1A1
CSNK1A1L,338,298,KEA3,0.002857142857142857,1,CK1,CK1,CK1-A,CSNK1A1L
CSNK1D,48.666666666666664,29,KEA3,0.9114285714285715,4,CK1,CK1,CK1-D,CSNK1D
CSNK1E,132,144,KEA3,0.5142857142857142,3,CK1,CK1,CK1-D,CSNK1E
CSNK1G1,140.5,150,KEA3,0.48857142857142855,2,CK1,CK1,CK1-G,CSNK1G1
CSNK1G2,185.5,195,KEA3,0.3314285714285714,2,CK1,CK1,CK1-G,CSNK1G2
CSNK1G3,264,241,KEA3,0.16857142857142857,1,CK1,CK1,CK1-G,CSNK1G3
CSNK2A1,70,51,KEA3,0.8428571428571429,4,CMGC,CK2,CK2,CSNK2A1
CSNK2A2,145,156,KEA3,0.4657142857142857,2,CMGC,CK2,CK2,CSNK2A2
DAPK1,152.66666666666666,165,KEA3,0.43714285714285717,2,CAMK,DAPK,DAPK,DAPK1
DAPK3,50,30,KEA3,0.9085714285714286,4,CAMK,DAPK,DAPK,DAPK3
DCLK1,230,228,KEA3,0.21714285714285714,1,CAMK,DCAMKL,DCAMKL,DCLK1
DDR1,86.5,75,KEA3,0.7628571428571429,4,TK,DDR,DDR,DDR1
DDR2,109,111,KEA3,0.6342857142857142,3,TK,DDR,DDR,DDR2
DMPK,265,242,KEA3,0.1657142857142857,1,AGC,DMPK,GEK,DMPK
DYRK1A,39.666666666666664,20,KEA3,0.9371428571428572,4,CMGC,DYRK,DYRK1,DYRK1A
DYRK1B,33,14,KEA3,0.9571428571428572,4,CMGC,DYRK,DYRK1,DYRK1B
DYRK2,84.66666666666667,71,KEA3,0.7742857142857142,4,CMGC,DYRK,DYRK2,DYRK2
DYRK3,201,208,KEA3,0.2914285714285714,2,CMGC,DYRK,DYRK2,DYRK3
DYRK4,125,133,KEA3,0.5571428571428572,3,CMGC,DYRK,DYRK2,DYRK4
EEF2K,219,221,KEA3,0.24285714285714285,1,ATYPICAL,ALPHA,EEF2K,EEF2K
EGFR,60.333333333333336,41,KEA3,0.8742857142857143,4,TK,EGFR,EGFR,EGFR
EIF2AK1,316,281,KEA3,0.05142857142857143,1,OTHER,PEK,HRI,EIF2AK1
EIF2AK2,75,58,KEA3,0.82,4,OTHER,PEK,PKR,EIF2AK2
EIF2AK3,336,296,KEA3,0.008571428571428572,1,OTHER,PEK,PEK,EIF2AK3
EPHA2,321,285,KEA3,0.04,1,TK,EPH,EPH,EPHA2
EPHA3,83.5,68,KEA3,0.7828571428571428,4,TK,EPH,EPH,EPHA3
EPHA4,327,289,KEA3,0.02857142857142857,1,TK,EPH,EPH,EPHA4
EPHA8,335,295,KEA3,0.011428571428571429,1,TK,EPH,EPH,EPHA8
EPHB1,323,287,KEA3,0.03428571428571429,1,TK,EPH,EPH,EPHB1
EPHB2,292,260,KEA3,0.11142857142857143,1,TK,EPH,EPH,EPHB2
EPHB3,209,213,KEA3,0.27714285714285714,2,TK,EPH,EPH,EPHB3
ERBB2,48.5,28,KEA3,0.9142857142857143,4,TK,EGFR,EGFR,ERBB2
ERBB4,168,178,KEA3,0.38857142857142857,2,TK,EGFR,EGFR,ERBB4
FASTK,236.5,231,KEA3,0.2057142857142857,1,ATYPICAL,FAST,FAST,FASTK
FER,67,47,KEA3,0.8542857142857143,4,TK,FER,FER,FER
FES,272,246,KEA3,0.15428571428571428,1,TK,FER,FER,FES
FGFR1,144.66666666666666,155,KEA3,0.4714285714285714,2,TK,FGFR,FGFR,FGFR1
FGFR2,167,177,KEA3,0.3914285714285714,2,TK,FGFR,FGFR,FGFR2
FGFR3,103,98,KEA3,0.68,3,TK,FGFR,FGFR,FGFR3
FGFR4,81,66,KEA3,0.7885714285714286,4,TK,FGFR,FGFR,FGFR4
FGR,71.5,53,KEA3,0.8342857142857143,4,TK,SRC,SRCA,FGR
FLT1,308,274,KEA3,0.07142857142857142,1,TK,VEGFR,VEGFR,FLT1
FLT3,184,192,KEA3,0.34285714285714286,2,TK,PDGFR,PDGFR,FLT3
FLT4,271,245,KEA3,0.15714285714285714,1,TK,VEGFR,VEGFR,FLT4
FRK,200,207,KEA3,0.29428571428571426,2,TK,SRC,FRK,FRK
FYN,79,63,KEA3,0.8,4,TK,SRC,SRCA,FYN
GRK1,161,175,KEA3,0.39714285714285713,2,AGC,GRK,GRK,GRK1
GRK2,43,22,KEA3,0.9314285714285714,4,AGC,GRK,BARK,GRK2
GRK3,104,101,KEA3,0.6714285714285714,3,AGC,GRK,BARK,GRK3
GRK5,27,9,KEA3,0.9742857142857143,4,AGC,GRK,GRK,GRK5
GRK6,95,85,KEA3,0.7285714285714285,3,AGC,GRK,GRK,GRK6
GSK3A,52.666666666666664,31,KEA3,0.9057142857142857,4,CMGC,GSK,GSK,GSK3A
GSK3B,47.666666666666664,27,KEA3,0.9171428571428571,4,CMGC,GSK,GSK,GSK3B
HASPIN,222,222,KEA3,0.24,1,OTHER,HASPIN,HASPIN,HASPIN
HCK,111.33333333333333,115,KEA3,0.62,3,TK,SRC,SRCB,HCK
HIPK1,90.5,80,KEA3,0.7485714285714286,3,CMGC,DYRK,HIPK,HIPK1
HIPK2,154,167,KEA3,0.42857142857142855,2,CMGC,DYRK,HIPK,HIPK2
HIPK3,293,261,KEA3,0.10857142857142857,1,CMGC,DYRK,HIPK,HIPK3
HIPK4,87,76,KEA3,0.76,4,CMGC,DYRK,HIPK,HIPK4
ICK,84,69,KEA3,0.78,4,CMGC,RCK,RCK,CILK1
IGF1R,64.33333333333333,45,KEA3,0.86,4,TK,INSR,INSR,IGF1R
IKBKB,60.666666666666664,42,KEA3,0.8714285714285714,4,OTHER,IKK,IKK,IKBKB
IKBKE,109.33333333333333,112,KEA3,0.6314285714285715,3,OTHER,IKK,IKK,IKBKE
ILK,72,54,KEA3,0.8314285714285714,4,TKL,MLK,ILK,ILK
INSR,117.66666666666667,124,KEA3,0.5885714285714285,3,TK,INSR,INSR,INSR
IRAK1,99.5,93,KEA3,0.6971428571428572,3,TKL,IRAK,IRAK,IRAK1
IRAK3,249,235,KEA3,0.19142857142857142,1,TKL,IRAK,IRAK,IRAK3
IRAK4,212,215,KEA3,0.2714285714285714,2,TKL,IRAK,IRAK,IRAK4
ITK,131.33333333333334,142,KEA3,0.5228571428571429,3,TK,TEC,TEC,ITK
JAK1,105,105,KEA3,0.6542857142857142,3,TK,JAKA,JAKA,JAK1
JAK2,69.66666666666667,50,KEA3,0.8457142857142858,4,TK,JAKA,JAKA,JAK2
JAK3,182,190,KEA3,0.3485714285714286,2,TK,JAKA,JAKA,JAK3
KDR,302,268,KEA3,0.08857142857142856,1,TK,VEGFR,VEGFR,KDR
KIT,30,10,KEA3,0.9714285714285714,4,TK,PDGFR,PDGFR,KIT
KSR1,115,120,KEA3,0.6057142857142858,3,TKL,RAF,KSR,KSR1
KSR2,283,253,KEA3,0.13142857142857142,1,TKL,RAF,KSR,KSR2
LATS1,199,206,KEA3,0.29714285714285715,2,AGC,NDR,NDR,LATS1
LATS2,58.5,39,KEA3,0.8828571428571429,4,AGC,NDR,NDR,LATS2
LCK,97,89,KEA3,0.7114285714285714,3,TK,SRC,SRCB,LCK
LIMK1,281,251,KEA3,0.13714285714285715,1,TKL,LISK,LIMK,LIMK1
LIMK2,193,202,KEA3,0.30857142857142855,2,TKL,LISK,LIMK,LIMK2
LRRK2,105,105,KEA3,0.6542857142857142,3,TKL,LRRK,LRRK,LRRK2
LYN,117.66666666666667,124,KEA3,0.5885714285714285,3,TK,SRC,SRCB,LYN
MAK,268,243,KEA3,0.16285714285714287,1,CMGC,RCK,RCK,MAK
MAP2K1,124,131,KEA3,0.5685714285714286,3,STE,STE7,MEK1,MAP2K1
MAP2K2,186.5,197,KEA3,0.32571428571428573,2,STE,STE7,MEK1,MAP2K2
MAP2K3,240,232,KEA3,0.20285714285714285,1,STE,STE7,MEK3,MAP2K3
MAP2K4,170.33333333333334,181,KEA3,0.38,2,STE,STE7,MEK4,MAP2K4
MAP2K6,179.33333333333334,188,KEA3,0.35428571428571426,2,STE,STE7,MEK3,MAP2K6
MAP2K7,145.5,158,KEA3,0.45714285714285713,2,STE,STE7,MEK7,MAP2K7
MAP3K1,262,239,KEA3,0.1742857142857143,1,STE,STE11,MEKK1,MAP3K1
MAP3K10,273,247,KEA3,0.15142857142857144,1,TKL,MLK,MLK,MAP3K10
MAP3K11,148.66666666666666,160,KEA3,0.4514285714285714,2,TKL,MLK,MLK,MAP3K11
MAP3K13,249.5,236,KEA3,0.18571428571428572,1,TKL,MLK,LZK,MAP3K13
MAP3K14,103.66666666666667,100,KEA3,0.6742857142857143,3,STE,STE-UNIQUE,STE-UNIQUE,MAP3K14
MAP3K20,91,81,KEA3,0.7457142857142857,3,TKL,MLK,ZAK,MAP3K20
MAP3K3,289,257,KEA3,0.12,1,STE,STE11,MEKK2,MAP3K3
MAP3K4,305,271,KEA3,0.08,1,STE,STE11,MEKK4,MAP3K4
MAP3K5,94,84,KEA3,0.7342857142857143,3,STE,STE11,ASK,MAP3K5
MAP3K6,130,140,KEA3,0.5285714285714286,3,STE,STE11,ASK,MAP3K6
MAP3K7,145.33333333333334,157,KEA3,0.46285714285714286,2,TKL,MLK,TAK1,MAP3K7
MAP3K8,152,164,KEA3,0.44,2,STE,STE-UNIQUE,STE-UNIQUE,MAP3K8
MAP4K1,233,229,KEA3,0.21428571428571427,1,STE,STE20,KHS,MAP4K1
MAP4K2,121,128,KEA3,0.5771428571428572,3,STE,STE20,KHS,MAP4K2
MAP4K3,204,211,KEA3,0.28285714285714286,2,STE,STE20,KHS,MAP4K3
MAP4K4,311,276,KEA3,0.06571428571428571,1,STE,STE20,MSN,MAP4K4
MAP4K5,96,88,KEA3,0.72,3,STE,STE20,KHS,MAP4K5
MAPK1,54.333333333333336,34,KEA3,0.8971428571428571,4,CMGC,MAPK,ERK1,MAPK1
MAPK10,99,91,KEA3,0.7057142857142857,3,CMGC,MAPK,JNK,MAPK10
MAPK11,125.33333333333333,134,KEA3,0.5514285714285714,3,CMGC,MAPK,P38,MAPK11
MAPK12,46.333333333333336,25,KEA3,0.9228571428571428,4,CMGC,MAPK,P38,MAPK12
MAPK13,103.33333333333333,99,KEA3,0.6771428571428572,3,CMGC,MAPK,P38,MAPK13
MAPK14,116.66666666666667,122,KEA3,0.6,3,CMGC,MAPK,P38,MAPK14
MAPK15,175,184,KEA3,0.36857142857142855,2,CMGC,MAPK,ERK7,MAPK15
MAPK3,80,65,KEA3,0.7942857142857143,4,CMGC,MAPK,ERK1,MAPK3
MAPK6,236,230,KEA3,0.20857142857142857,1,CMGC,MAPK,ERK3,MAPK6
MAPK7,124.66666666666667,132,KEA3,0.5628571428571428,3,CMGC,MAPK,ERK5,MAPK7
MAPK8,86,74,KEA3,0.7657142857142857,4,CMGC,MAPK,JNK,MAPK8
MAPK9,14,4,KEA3,0.9885714285714285,4,CMGC,MAPK,JNK,MAPK9
MAPKAPK2,62.666666666666664,44,KEA3,0.8657142857142858,4,CAMK,MAPKAPK,MAPKAPK,MAPKAPK2
MAPKAPK3,299,265,KEA3,0.09714285714285714,1,CAMK,MAPKAPK,MAPKAPK,MAPKAPK3
MAPKAPK5,53.666666666666664,33,KEA3,0.9,4,CAMK,MAPKAPK,MAPKAPK,MAPKAPK5
MARK2,110.66666666666667,114,KEA3,0.6257142857142857,3,CAMK,CAMKL,MARK,MARK2
MARK3,107.66666666666667,109,KEA3,0.64,3,CAMK,CAMKL,MARK,MARK3
MARK4,333,293,KEA3,0.017142857142857144,1,CAMK,CAMKL,MARK,MARK4
MAST1,227,225,KEA3,0.2257142857142857,1,AGC,MAST,MAST,MAST1
MAST2,315,280,KEA3,0.054285714285714284,1,AGC,MAST,MAST,MAST2
MATK,246,234,KEA3,0.19428571428571428,1,TK,CSK,CSK,MATK
MELK,306,272,KEA3,0.07714285714285714,1,CAMK,CAMKL,MELK,MELK
MERTK,32,13,KEA3,0.9628571428571429,4,TK,AXL,AXL,MERTK
MET,140.66666666666666,151,KEA3,0.4857142857142857,2,TK,MET,MET,MET
MKNK1,189.66666666666666,201,KEA3,0.3142857142857143,2,CAMK,MAPKAPK,MNK,MKNK1
MKNK2,225,224,KEA3,0.23142857142857143,1,CAMK,MAPKAPK,MNK,MKNK2
MOK,228,226,KEA3,0.22285714285714286,1,CMGC,RCK,RCK,MOK
MOS,303,269,KEA3,0.08571428571428572,1,OTHER,MOS,MOS,MOS
MST1R,219,221,KEA3,0.24285714285714285,1,TK,MET,MET,MST1R
MTOR,99.33333333333333,92,KEA3,0.7,3,ATYPICAL,PIKK,FRAP,MTOR
MYLK2,218,220,KEA3,0.24857142857142858,1,CAMK,MLCK,MLCK,MYLK2
MYO3A,225,224,KEA3,0.23142857142857143,1,STE,STE20,NINAC,MYO3A
NEK10,286,255,KEA3,0.12571428571428572,1,OTHER,NEK,NEK10,NEK10
NEK11,314,279,KEA3,0.05714285714285714,1,OTHER,NEK,NEK11,NEK11
NEK2,81.33333333333333,67,KEA3,0.7857142857142857,4,OTHER,NEK,NEK2,NEK2
NEK3,177.5,186,KEA3,0.3628571428571429,2,OTHER,NEK,NEK1,NEK3
NEK4,189,200,KEA3,0.3171428571428571,2,OTHER,NEK,NEK4,NEK4
NEK6,67.33333333333333,48,KEA3,0.8514285714285714,4,OTHER,NEK,NEK6,NEK6
NEK8,213.5,217,KEA3,0.26285714285714284,2,OTHER,NEK,NEK8,NEK8
NEK9,154,167,KEA3,0.42857142857142855,2,OTHER,NEK,NEK8,NEK9
NIM1K,274,248,KEA3,0.1457142857142857,1,CAMK,CAMKL,NIM1,NIM1K
NLK,186.66666666666666,198,KEA3,0.32285714285714284,2,CMGC,MAPK,NMO,NLK
NPR2,122,129,KEA3,0.5742857142857143,3,RGC,RGC,RGC,NPR2
NRBP2,227,225,KEA3,0.2257142857142857,1,OTHER,NRBP,NRBP,NRBP2
NTRK1,125,133,KEA3,0.5571428571428572,3,TK,TRK,TRK,NTRK1
NTRK2,177,185,KEA3,0.3657142857142857,2,TK,TRK,TRK,NTRK2
NTRK3,46,24,KEA3,0.9257142857142857,4,TK,TRK,TRK,NTRK3
NUAK1,115.66666666666667,121,KEA3,0.6028571428571429,3,CAMK,CAMKL,NUAK,NUAK1
NUAK2,295,262,KEA3,0.10571428571428572,1,CAMK,CAMKL,NUAK,NUAK2
OXSR1,274,248,KEA3,0.1457142857142857,1,STE,STE20,FRAY,OXSR1
PAK1,105.33333333333333,106,KEA3,0.6514285714285715,3,STE,STE20,PAKA,PAK1
PAK2,126.33333333333333,136,KEA3,0.5428571428571428,3,STE,STE20,PAKA,PAK2
PAK3,117,123,KEA3,0.5942857142857143,3,STE,STE20,PAKA,PAK3
PAK4,127.33333333333333,138,KEA3,0.5371428571428571,3,STE,STE20,PAKB,PAK4
PAK5,160,174,KEA3,0.4,2,STE,STE20,PAKB,PAK5
PAK6,216.5,219,KEA3,0.2571428571428571,2,STE,STE20,PAKB,PAK6
PASK,297,264,KEA3,0.1,1,CAMK,CAMKL,PASK,PASK
PBK,193,202,KEA3,0.30857142857142855,2,OTHER,TOPK,TOPK,PBK
PDGFRA,95,85,KEA3,0.7285714285714285,3,TK,PDGFR,PDGFR,PDGFRA
PDGFRB,154.66666666666666,169,KEA3,0.42,2,TK,PDGFR,PDGFR,PDGFRB
PDIK1L,301,267,KEA3,0.09142857142857143,1,OTHER,NKF4,NKF4,PDIK1L
PDK1,126,135,KEA3,0.5457142857142857,3,ATYPICAL,PDHK,PDHK,PDK1
PDPK1,71.5,53,KEA3,0.8342857142857143,4,AGC,PDK1,PDK1,PDPK1
PIK3CA,81,66,KEA3,0.7885714285714286,4,NA,NA,NA,PIK3CA
PIK3CB,337,297,KEA3,0.005714285714285714,1,NA,NA,NA,PIK3CB
PIK3CG,312,277,KEA3,0.06285714285714286,1,NA,NA,NA,PIK3CG
PIK3R4,33,14,KEA3,0.9571428571428572,4,OTHER,VPS15,VPS15,PIK3R4
PIM1,66.66666666666667,46,KEA3,0.8571428571428571,4,CAMK,PIM,PIM,PIM1
PIM2,57,38,KEA3,0.8857142857142857,4,CAMK,PIM,PIM,PIM2
PINK1,151,163,KEA3,0.44285714285714284,2,OTHER,NKF2,NKF2,PINK1
PKMYT1,284,254,KEA3,0.12857142857142856,1,OTHER,WEE,WEE,PKMYT1
PKN1,75.33333333333333,59,KEA3,0.8142857142857143,4,AGC,PKN,PKN,PKN1
PLK1,56.666666666666664,37,KEA3,0.8885714285714286,4,OTHER,PLK,PLK1,PLK1
PLK2,157.5,173,KEA3,0.4057142857142857,2,OTHER,PLK,PLK2,PLK2
PLK3,34.666666666666664,16,KEA3,0.9514285714285714,4,OTHER,PLK,PLK2,PLK3
PLK4,137,146,KEA3,0.5028571428571429,3,OTHER,PLK,SAK,PLK4
PNCK,178,187,KEA3,0.35714285714285715,2,CAMK,CAMK1,CAMK1,PNCK
PRKAA1,30.333333333333332,11,KEA3,0.9685714285714285,4,CAMK,CAMKL,AMPK,PRKAA1
PRKAA2,112.66666666666667,117,KEA3,0.6142857142857143,3,CAMK,CAMKL,AMPK,PRKAA2
PRKACA,35.333333333333336,18,KEA3,0.9428571428571428,4,AGC,PKA,PKA,PRKACA
PRKACB,250,237,KEA3,0.18,1,AGC,PKA,PKA,PRKACB
PRKCA,10.666666666666666,3,KEA3,0.9942857142857143,4,AGC,PKC,ALPHA,PRKCA
PRKCB,6.333333333333333,2,KEA3,0.9971428571428571,4,AGC,PKC,ALPHA,PRKCB
PRKCD,74,57,KEA3,0.8228571428571428,4,AGC,PKC,DELTA,PRKCD
PRKCE,97,89,KEA3,0.7114285714285714,3,AGC,PKC,ETA,PRKCE
PRKCG,37.333333333333336,19,KEA3,0.94,4,AGC,PKC,ALPHA,PRKCG
PRKCH,104.33333333333333,102,KEA3,0.6685714285714286,3,AGC,PKC,ETA,PRKCH
PRKCI,56.333333333333336,36,KEA3,0.8914285714285715,4,AGC,PKC,IOTA,PRKCI
PRKCQ,79,63,KEA3,0.8,4,AGC,PKC,DELTA,PRKCQ
PRKCZ,105,105,KEA3,0.6542857142857142,3,AGC,PKC,IOTA,PRKCZ
PRKD1,35.333333333333336,18,KEA3,0.9428571428571428,4,CAMK,PKD,PKD,PRKD1
PRKD2,125.33333333333333,134,KEA3,0.5514285714285714,3,CAMK,PKD,PKD,PRKD2
PRKD3,126,135,KEA3,0.5457142857142857,3,CAMK,PKD,PKD,PRKD3
PRKDC,53.333333333333336,32,KEA3,0.9028571428571428,4,ATYPICAL,PIKK,DNAPK,PRKDC
PRKG1,55.333333333333336,35,KEA3,0.8942857142857142,4,AGC,PKG,PKG,PRKG1
PRKG2,183,191,KEA3,0.3457142857142857,2,AGC,PKG,PKG,PRKG2
PRKX,102,96,KEA3,0.6857142857142857,3,AGC,PKA,PKA,PRKX
PRKY,149,161,KEA3,0.44857142857142857,2,AGC,PKA,PKA,PRKY
PRPF4B,155,170,KEA3,0.41714285714285715,2,CMGC,DYRK,PRP4,PRPF4B
PTK2,104.66666666666667,104,KEA3,0.6628571428571428,3,TK,FAK,FAK,PTK2
PTK2B,100,95,KEA3,0.6885714285714286,3,TK,FAK,FAK,PTK2B
PTK6,73.33333333333333,56,KEA3,0.8257142857142857,4,TK,SRC,SRM,PTK6
PXK,139.5,149,KEA3,0.49142857142857144,2,OTHER,SLOB,SLOB,PXK
RAF1,150.33333333333334,162,KEA3,0.44571428571428573,2,TKL,RAF,RAF,RAF1
RET,47,26,KEA3,0.92,4,TK,RET,RET,RET
RIOK1,287,256,KEA3,0.12285714285714286,1,ATYPICAL,RIO,RIO1,RIOK1
RIPK1,223,223,KEA3,0.23714285714285716,1,TKL,RIPK,RIPK,RIPK1
RIPK2,197,205,KEA3,0.3,2,TKL,RIPK,RIPK,RIPK2
RIPK3,193.5,203,KEA3,0.3057142857142857,2,TKL,RIPK,RIPK,RIPK3
ROCK1,100,95,KEA3,0.6885714285714286,3,AGC,DMPK,ROCK,ROCK1
ROCK2,184.66666666666666,193,KEA3,0.34,2,AGC,DMPK,ROCK,ROCK2
RPS6KA1,15.666666666666666,5,KEA3,0.9857142857142858,4,AGC,RSK,RSK,RPS6KA1
RPS6KA2,73,55,KEA3,0.8285714285714286,4,AGC,RSK,RSK,RPS6KA2
RPS6KA3,26,8,KEA3,0.9771428571428571,4,AGC,RSK,RSK,RPS6KA3
RPS6KA4,71,52,KEA3,0.84,4,AGC,RSK,MSK,RPS6KA4
RPS6KA5,40,21,KEA3,0.9342857142857143,4,AGC,RSK,MSK,RPS6KA5
RPS6KB1,68,49,KEA3,0.8485714285714285,4,AGC,RSK,P70,RPS6KB1
RPS6KB2,111.33333333333333,115,KEA3,0.62,3,AGC,RSK,P70,RPS6KB2
RPS6KL1,313,278,KEA3,0.06,1,AGC,RSKL,RSKL,RPS6KL1
SCYL1,328,290,KEA3,0.025714285714285714,1,OTHER,SCY1,SCY1,SCYL1
SCYL2,154.5,168,KEA3,0.4228571428571429,2,OTHER,SCY1,SCY1,SCYL2
SCYL3,263,240,KEA3,0.17142857142857143,1,OTHER,SCY1,SCY1,SCYL3
SGK1,76.66666666666667,60,KEA3,0.8114285714285714,4,AGC,SGK,SGK,SGK1
SGK2,290,258,KEA3,0.11714285714285715,1,AGC,SGK,SGK,SGK2
SGK3,17,6,KEA3,0.9828571428571429,4,AGC,SGK,SGK,SGK3
SIK1,213,216,KEA3,0.26571428571428574,2,CAMK,CAMKL,QIK,SIK1
SIK2,187,199,KEA3,0.32,2,CAMK,CAMKL,QIK,SIK2
SMG1,330,291,KEA3,0.022857142857142857,1,ATYPICAL,PIKK,SMG1,SMG1
SNRK,207,212,KEA3,0.28,2,CAMK,CAMKL,SNRK,SNRK
SRC,34.333333333333336,15,KEA3,0.9542857142857143,4,TK,SRC,SRCA,SRC
SRMS,169,179,KEA3,0.38571428571428573,2,TK,SRC,SRM,SRMS
SRPK1,179.5,189,KEA3,0.3514285714285714,2,CMGC,SRPK,SRPK,SRPK1
SRPK2,95.5,86,KEA3,0.7257142857142858,3,CMGC,SRPK,SRPK,SRPK2
STK10,277,250,KEA3,0.14,1,STE,STE20,SLK,STK10
STK11,98,90,KEA3,0.7085714285714285,3,CAMK,CAMKL,LKB,STK11
STK16,112,116,KEA3,0.6171428571428571,3,OTHER,NAK,MPSK,STK16
STK17A,104.5,103,KEA3,0.6657142857142857,3,CAMK,DAPK,DRAK,STK17A
STK24,196.5,204,KEA3,0.3028571428571429,2,STE,STE20,YSK,STK24
STK25,229.5,227,KEA3,0.22,1,STE,STE20,YSK,STK25
STK26,236,230,KEA3,0.20857142857142857,1,STE,STE20,YSK,STK26
STK3,105.66666666666667,107,KEA3,0.6457142857142857,3,STE,STE20,MST,STK3
STK33,275,249,KEA3,0.14285714285714285,1,CAMK,CAMK-UNIQUE,CAMK-UNIQUE,STK33
STK36,246,234,KEA3,0.19428571428571428,1,OTHER,ULK,FUSED,STK36
STK38,171.5,182,KEA3,0.37714285714285717,2,AGC,NDR,NDR,STK38
STK38L,133,145,KEA3,0.5057142857142857,3,AGC,NDR,NDR,STK38L
STK39,130,140,KEA3,0.5285714285714286,3,STE,STE20,FRAY,STK39
STK4,155.5,171,KEA3,0.4114285714285714,2,STE,STE20,MST,STK4
STK40,216,218,KEA3,0.26,2,CAMK,SGK495,SGK495,STK40
STYK1,203,210,KEA3,0.2857142857142857,2,TK,TK-UNIQUE,TK-UNIQUE,STYK1
SYK,44,23,KEA3,0.9285714285714286,4,TK,SYK,SYK,SYK
TAOK1,309,275,KEA3,0.06857142857142857,1,STE,STE20,TAO,TAOK1
TBK1,84.33333333333333,70,KEA3,0.7771428571428571,4,OTHER,IKK,IKK,TBK1
TEC,142,153,KEA3,0.48,2,TK,TEC,TEC,TEC
TEK,319,283,KEA3,0.045714285714285714,1,TK,TIE,TIE,TEK
TESK1,296,263,KEA3,0.10285714285714286,1,TKL,LISK,TESK,TESK1
TESK2,126.5,137,KEA3,0.54,3,TKL,LISK,TESK,TESK2
TGFBR1,210,214,KEA3,0.2742857142857143,2,TKL,STKR,TYPE1,TGFBR1
TGFBR2,77,61,KEA3,0.8085714285714286,4,TKL,STKR,TYPE2,TGFBR2
TLK1,97,89,KEA3,0.7114285714285714,3,OTHER,TLK,TLK,TLK1
TNIK,320,284,KEA3,0.04285714285714286,1,STE,STE20,MSN,TNIK
TNK2,145,156,KEA3,0.4657142857142857,2,TK,ACK,ACK,TNK2
TNNI3K,119.5,126,KEA3,0.5828571428571429,3,TKL,MLK,HH498,TNNI3K
TP53RK,339,299,KEA3,0,1,OTHER,BUD32,BUD32,TP53RK
TRIB3,131.5,143,KEA3,0.5171428571428571,3,CAMK,TRBL,TRBL,TRIB3
TRPM7,156.5,172,KEA3,0.4085714285714286,2,ATYPICAL,ALPHA,CHAK,TRPM7
TTK,144,154,KEA3,0.4742857142857143,2,OTHER,TTK,TTK,TTK
TXK,218,220,KEA3,0.24857142857142858,1,TK,TEC,TEC,TXK
TYK2,105.66666666666667,107,KEA3,0.6457142857142857,3,TK,JAKA,JAKA,TYK2
TYRO3,130.5,141,KEA3,0.5257142857142857,3,TK,AXL,AXL,TYRO3
UHMK1,85.5,73,KEA3,0.7685714285714286,4,OTHER,KIS,KIS,UHMK1
ULK1,155.5,171,KEA3,0.4114285714285714,2,OTHER,ULK,ULK,ULK1
VRK1,153.66666666666666,166,KEA3,0.4342857142857143,2,CK1,VRK,VRK,VRK1
VRK3,249.5,236,KEA3,0.18571428571428572,1,CK1,VRK,VRK,VRK3
WEE1,85,72,KEA3,0.7714285714285715,4,OTHER,WEE,WEE,WEE1
WNK1,120.33333333333333,127,KEA3,0.58,3,OTHER,WNK,WNK,WNK1
YES1,99.66666666666667,94,KEA3,0.6942857142857143,3,TK,SRC,SRCA,YES1
ZAP70,99.33333333333333,92,KEA3,0.7,3,TK,SYK,SYK,ZAP70
PIM1,2.3158730743869245,3,UKA,0.9841269841269841,4,CAMK,PIM,PIM,PIM1
PRKX,2.193820026016113,6,UKA,0.9603174603174603,4,AGC,PKA,PKA,PRKX
DAPK1,1.5092789221279872,13,UKA,0.9047619047619048,4,CAMK,DAPK,DAPK,DAPK1
PIM2,1.3616305649475997,17,UKA,0.873015873015873,4,CAMK,PIM,PIM,PIM2
RAF1,1.1867126430420554,19,UKA,0.8571428571428571,4,TKL,RAF,RAF,RAF1
BRAF,0.8777447911777159,26,UKA,0.8015873015873016,4,TKL,RAF,RAF,BRAF
ARAF,0.8724805511853587,27,UKA,0.7857142857142857,4,TKL,RAF,RAF,ARAF
PIM3,0.8724805511853587,27,UKA,0.7857142857142857,4,CAMK,PIM,PIM,PIM3
CDKL1,0.8650200944198945,28,UKA,0.7777777777777778,4,CMGC,CDKL,CDKL,CDKL1
CDK6,0.8297382846050427,30,UKA,0.7619047619047619,4,CMGC,CDK,CDK4,CDK6
PAK1,0.7618233771040659,32,UKA,0.746031746031746,3,STE,STE20,PAKA,PAK1
SGK1,0.7475936242379497,34,UKA,0.7301587301587301,3,AGC,SGK,SGK,SGK1
PLK3,0.7241084379273196,37,UKA,0.7063492063492064,3,OTHER,PLK,PLK2,PLK3
CAMK4,0.7146767780374997,38,UKA,0.6984126984126984,3,CAMK,CAMK1,CAMK1,CAMK4
CAMK4,0.7146767780374997,38,UKA,0.6984126984126984,3,OTHER,CAMKK,META,CAMKK1
NUAK1,0.6976863914807869,39,UKA,0.6904761904761905,3,CAMK,CAMKL,NUAK,NUAK1
CDK5,0.597786779603833,47,UKA,0.626984126984127,3,CMGC,CDK,CDK5,CDK5
CDK10,0.5537798157965069,49,UKA,0.6111111111111112,3,CMGC,CDK,CDK10,CDK10
SGK2,0.5525442687841999,50,UKA,0.6031746031746031,3,AGC,SGK,SGK,SGK2
SGK2,0.5525442687841999,50,UKA,0.6031746031746031,3,AGC,SGK,SGK,SGK3
CDK4,0.5324866060951595,51,UKA,0.5952380952380952,3,CMGC,CDK,CDK4,CDK4
PRKY,0.5199930570428494,53,UKA,0.5793650793650794,3,AGC,PKA,PKA,PRKY
DAPK3,0.5063133597516568,56,UKA,0.5555555555555556,3,CAMK,DAPK,DAPK,DAPK3
CDK3,0.4934624981934528,60,UKA,0.5238095238095238,3,CMGC,CDK,CDC2,CDK3
CDK9,0.43363322636810114,67,UKA,0.46825396825396826,2,CMGC,CDK,CDK9,CDK9
ATR,0.3933950952703112,68,UKA,0.4603174603174603,2,ATYPICAL,PIKK,ATR,ATR
MAPK14,0.2963028966155875,77,UKA,0.3888888888888889,2,CMGC,MAPK,P38,MAPK14
MAPKAPK3,0.2082083313801003,90,UKA,0.2857142857142857,2,CAMK,MAPKAPK,MAPKAPK,MAPKAPK3
TBK1,0.2037310290253561,92,UKA,0.2698412698412698,2,OTHER,IKK,IKK,TBK1
MAPKAPK2,0.18626960247466112,94,UKA,0.25396825396825395,2,CAMK,MAPKAPK,MAPKAPK,MAPKAPK2
ROCK2,0.15895384251648853,97,UKA,0.23015873015873015,1,AGC,DMPK,ROCK,ROCK2
CDK7,0.15144142787623666,100,UKA,0.20634920634920634,1,CMGC,CDK,CDK7,CDK7
CDKL5,0.11125514207171085,109,UKA,0.1349206349206349,1,CMGC,CDKL,CDKL,CDKL5
CDK2,0.10226297465457254,111,UKA,0.1111111111111111,1,CMGC,CDK,CDC2,CDK2
ROCK1,0.05885444310914335,115,UKA,0.07936507936507936,1,AGC,DMPK,ROCK,ROCK1
CDKL2,0.04722078143986194,116,UKA,0.07142857142857142,1,CMGC,CDKL,CDKL,CDKL2
DYRK1A,0.03905796323883197,117,UKA,0.06349206349206349,1,CMGC,DYRK,DYRK1,DYRK1A
DAPK2,0.03621217265444471,118,UKA,0.05555555555555555,1,CAMK,DAPK,DAPK,DAPK2
NMO,-1.9175,2,KRSA,0.9760166840458812,4,CMGC,MAPK,NMO,NLK
ERK,-2.3158333333333334,1,KRSA,0.9885297184567258,4,CMGC,MAPK,ERK1,MAPK1
ERK,-2.3158333333333334,1,KRSA,0.9885297184567258,4,CMGC,MAPK,ERK7,MAPK15
ERK,-2.3158333333333334,1,KRSA,0.9885297184567258,4,CMGC,MAPK,ERK1,MAPK3
ERK,-2.3158333333333334,1,KRSA,0.9885297184567258,4,CMGC,MAPK,ERK3,MAPK4
ERK,-2.3158333333333334,1,KRSA,0.9885297184567258,4,CMGC,MAPK,ERK3,MAPK6
ERK,-2.3158333333333334,1,KRSA,0.9885297184567258,4,CMGC,MAPK,ERK5,MAPK7
JNK,-1.6616666666666666,4,KRSA,0.9509906152241918,4,CMGC,MAPK,JNK,MAPK10
JNK,-1.6616666666666666,4,KRSA,0.9509906152241918,4,CMGC,MAPK,JNK,MAPK8
JNK,-1.6616666666666666,4,KRSA,0.9509906152241918,4,CMGC,MAPK,JNK,MAPK9
PDK1,-1.63,5,KRSA,0.9384775808133472,4,ATYPICAL,PDHK,PDHK,PDK1
PDK1,-1.63,5,KRSA,0.9384775808133472,4,AGC,PDK1,PDK1,PDPK1
RAF,-1.1858333333333333,13,KRSA,0.8383733055265902,4,TKL,RAF,RAF,ARAF
RAF,-1.1858333333333333,13,KRSA,0.8383733055265902,4,TKL,RAF,RAF,BRAF
RAF,-1.1858333333333333,13,KRSA,0.8383733055265902,4,TKL,RAF,KSR,KSR1
RAF,-1.1858333333333333,13,KRSA,0.8383733055265902,4,TKL,RAF,KSR,KSR2
RAF,-1.1858333333333333,13,KRSA,0.8383733055265902,4,TKL,RAF,RAF,RAF1
PKG,1.1866666666666668,12,KRSA,0.8508863399374348,4,AGC,PKG,PKG,PRKG1
PKG,1.1866666666666668,12,KRSA,0.8508863399374348,4,AGC,PKG,PKG,PRKG2
TLK,-0.9975,21,KRSA,0.7257559958289885,3,OTHER,TLK,TLK,TLK1
TLK,-0.9975,21,KRSA,0.7257559958289885,3,OTHER,TLK,TLK,TLK2
CDK,-1.3658333333333332,7,KRSA,0.913451511991658,4,CMGC,CDK,CDC2,CDK1
CDK,-1.3658333333333332,7,KRSA,0.913451511991658,4,CMGC,CDK,CDK10,CDK10
CDK,-1.3658333333333332,7,KRSA,0.913451511991658,4,CMGC,CDK,CRK7,CDK12
CDK,-1.3658333333333332,7,KRSA,0.913451511991658,4,CMGC,CDK,CRK7,CDK13
CDK,-1.3658333333333332,7,KRSA,0.913451511991658,4,CMGC,CDK,PFTAIRE,CDK14
CDK,-1.3658333333333332,7,KRSA,0.913451511991658,4,CMGC,CDK,PFTAIRE,CDK15
CDK,-1.3658333333333332,7,KRSA,0.913451511991658,4,CMGC,CDK,PCTAIRE,CDK16
CDK,-1.3658333333333332,7,KRSA,0.913451511991658,4,CMGC,CDK,PCTAIRE,CDK17
CDK,-1.3658333333333332,7,KRSA,0.913451511991658,4,CMGC,CDK,PCTAIRE,CDK18
CDK,-1.3658333333333332,7,KRSA,0.913451511991658,4,CMGC,CDK,CDK8,CDK19
CDK,-1.3658333333333332,7,KRSA,0.913451511991658,4,CMGC,CDK,CDC2,CDK2
CDK,-1.3658333333333332,7,KRSA,0.913451511991658,4,CMGC,CDK,CCRK,CDK20
CDK,-1.3658333333333332,7,KRSA,0.913451511991658,4,CMGC,CDK,CDC2,CDK3
CDK,-1.3658333333333332,7,KRSA,0.913451511991658,4,CMGC,CDK,CDK4,CDK4
CDK,-1.3658333333333332,7,KRSA,0.913451511991658,4,CMGC,CDK,CDK5,CDK5
CDK,-1.3658333333333332,7,KRSA,0.913451511991658,4,CMGC,CDK,CDK4,CDK6
CDK,-1.3658333333333332,7,KRSA,0.913451511991658,4,CMGC,CDK,CDK7,CDK7
CDK,-1.3658333333333332,7,KRSA,0.913451511991658,4,CMGC,CDK,CDK8,CDK8
CDK,-1.3658333333333332,7,KRSA,0.913451511991658,4,CMGC,CDK,CDK9,CDK9
CDK,-1.3658333333333332,7,KRSA,0.913451511991658,4,NA,NA,NA,CDK11A
CDK,-1.3658333333333332,7,KRSA,0.913451511991658,4,NA,NA,NA,CDK11B
AUR,1.153333333333333,14,KRSA,0.8258602711157456,4,OTHER,AUR,AUR,AURKA
AUR,1.153333333333333,14,KRSA,0.8258602711157456,4,OTHER,AUR,AUR,AURKB
AUR,1.153333333333333,14,KRSA,0.8258602711157456,4,OTHER,AUR,AUR,AURKC
NAK,-0.2816666666666667,62,KRSA,0.2127215849843587,1,OTHER,NAK,BIKE,AAK1
NAK,-0.2816666666666667,62,KRSA,0.2127215849843587,1,OTHER,NAK,BIKE,BMP2K
NAK,-0.2816666666666667,62,KRSA,0.2127215849843587,1,OTHER,NAK,GAK,GAK
NAK,-0.2816666666666667,62,KRSA,0.2127215849843587,1,OTHER,NAK,MPSK,STK16
STKR,0.5691666666666666,46,KRSA,0.4129301355578728,2,TKL,STKR,TYPE1,ACVR1
STKR,0.5691666666666666,46,KRSA,0.4129301355578728,2,TKL,STKR,TYPE1,ACVR1B
STKR,0.5691666666666666,46,KRSA,0.4129301355578728,2,TKL,STKR,TYPE1,ACVR1C
STKR,0.5691666666666666,46,KRSA,0.4129301355578728,2,TKL,STKR,TYPE2,ACVR2A
STKR,0.5691666666666666,46,KRSA,0.4129301355578728,2,TKL,STKR,TYPE2,ACVR2B
STKR,0.5691666666666666,46,KRSA,0.4129301355578728,2,TKL,STKR,TYPE1,ACVRL1
STKR,0.5691666666666666,46,KRSA,0.4129301355578728,2,TKL,STKR,TYPE2,AMHR2
STKR,0.5691666666666666,46,KRSA,0.4129301355578728,2,TKL,STKR,TYPE1,BMPR1A
STKR,0.5691666666666666,46,KRSA,0.4129301355578728,2,TKL,STKR,TYPE1,BMPR1B
STKR,0.5691666666666666,46,KRSA,0.4129301355578728,2,TKL,STKR,TYPE2,BMPR2
STKR,0.5691666666666666,46,KRSA,0.4129301355578728,2,TKL,STKR,TYPE1,TGFBR1
STKR,0.5691666666666666,46,KRSA,0.4129301355578728,2,TKL,STKR,TYPE2,TGFBR2
PKA,1.0508333333333333,18,KRSA,0.7632950990615224,4,AGC,PKA,PKA,PRKACA
PKA,1.0508333333333333,18,KRSA,0.7632950990615224,4,AGC,PKA,PKA,PRKACB
PKA,1.0508333333333333,18,KRSA,0.7632950990615224,4,AGC,PKA,PKA,PRKACG
PKA,1.0508333333333333,18,KRSA,0.7632950990615224,4,AGC,PKA,PKA,PRKX
PKA,1.0508333333333333,18,KRSA,0.7632950990615224,4,AGC,PKA,PKA,PRKY
CAMK1,1.3616666666666666,8,KRSA,0.9009384775808134,4,CAMK,CAMK1,CAMK1,CAMK1
CAMK1,1.3616666666666666,8,KRSA,0.9009384775808134,4,CAMK,CAMK1,CAMK1,CAMK1D
CAMK1,1.3616666666666666,8,KRSA,0.9009384775808134,4,CAMK,CAMK1,CAMK1,CAMK1G
CAMK1,1.3616666666666666,8,KRSA,0.9009384775808134,4,CAMK,CAMK1,CAMK1,CAMK4
CAMK1,1.3616666666666666,8,KRSA,0.9009384775808134,4,CAMK,CAMK1,CAMK1,PNCK
PIM,0.5408333333333334,48,KRSA,0.38790406673618355,2,CAMK,PIM,PIM,PIM1
PIM,0.5408333333333334,48,KRSA,0.38790406673618355,2,CAMK,PIM,PIM,PIM2
PIM,0.5408333333333334,48,KRSA,0.38790406673618355,2,CAMK,PIM,PIM,PIM3
DAPK,1.0308333333333333,19,KRSA,0.7507820646506778,4,CAMK,DAPK,DAPK,DAPK1
DAPK,1.0308333333333333,19,KRSA,0.7507820646506778,4,CAMK,DAPK,DAPK,DAPK2
DAPK,1.0308333333333333,19,KRSA,0.7507820646506778,4,CAMK,DAPK,DAPK,DAPK3
DAPK,1.0308333333333333,19,KRSA,0.7507820646506778,4,CAMK,DAPK,DRAK,STK17A
DAPK,1.0308333333333333,19,KRSA,0.7507820646506778,4,CAMK,DAPK,DRAK,STK17B
PEK,-1.505,6,KRSA,0.9259645464025026,4,OTHER,PEK,HRI,EIF2AK1
PEK,-1.505,6,KRSA,0.9259645464025026,4,OTHER,PEK,PKR,EIF2AK2
PEK,-1.505,6,KRSA,0.9259645464025026,4,OTHER,PEK,PEK,EIF2AK3
PEK,-1.505,6,KRSA,0.9259645464025026,4,OTHER,PEK,GCN2,EIF2AK4
ATM,-1.1483333333333334,15,KRSA,0.8133472367049009,4,ATYPICAL,PIKK,ATM,ATM
PLK,-1.1191666666666666,16,KRSA,0.8008342022940563,4,NA,NA,NA,PLK5
PLK,-1.1191666666666666,16,KRSA,0.8008342022940563,4,OTHER,PLK,PLK1,PLK1
PLK,-1.1191666666666666,16,KRSA,0.8008342022940563,4,OTHER,PLK,PLK2,PLK2
PLK,-1.1191666666666666,16,KRSA,0.8008342022940563,4,OTHER,PLK,PLK2,PLK3
PLK,-1.1191666666666666,16,KRSA,0.8008342022940563,4,OTHER,PLK,SAK,PLK4
PKCA,0.595,44,KRSA,0.43795620437956206,2,AGC,PKC,ALPHA,PRKCA
PKCA,0.595,44,KRSA,0.43795620437956206,2,AGC,PKC,ALPHA,PRKCB
PKCA,0.595,44,KRSA,0.43795620437956206,2,AGC,PKC,ALPHA,PRKCG
MELK,0.475,50,KRSA,0.36287799791449427,2,CAMK,CAMKL,MELK,MELK
RIPK,1.205833333333333,11,KRSA,0.8633993743482794,4,TKL,RIPK,RIPK,ANKK1
RIPK,1.205833333333333,11,KRSA,0.8633993743482794,4,TKL,RIPK,RIPK,RIPK1
RIPK,1.205833333333333,11,KRSA,0.8633993743482794,4,TKL,RIPK,RIPK,RIPK2
RIPK,1.205833333333333,11,KRSA,0.8633993743482794,4,TKL,RIPK,RIPK,RIPK3
RIPK,1.205833333333333,11,KRSA,0.8633993743482794,4,TKL,RIPK,RIPK,RIPK4
WNK,-0.3491666666666667,55,KRSA,0.30031282586027114,2,OTHER,WNK,WNK,WNK1
WNK,-0.3491666666666667,55,KRSA,0.30031282586027114,2,OTHER,WNK,WNK,WNK2
WNK,-0.3491666666666667,55,KRSA,0.30031282586027114,2,OTHER,WNK,WNK,WNK3
WNK,-0.3491666666666667,55,KRSA,0.30031282586027114,2,OTHER,WNK,WNK,WNK4
GRK,0.5691666666666667,45,KRSA,0.4254431699687174,2,AGC,GRK,GRK,GRK1
GRK,0.5691666666666667,45,KRSA,0.4254431699687174,2,AGC,GRK,GRK,GRK4
GRK,0.5691666666666667,45,KRSA,0.4254431699687174,2,AGC,GRK,GRK,GRK5
GRK,0.5691666666666667,45,KRSA,0.4254431699687174,2,AGC,GRK,GRK,GRK6
GRK,0.5691666666666667,45,KRSA,0.4254431699687174,2,AGC,GRK,GRK,GRK7
NIK,-0.6808333333333333,37,KRSA,0.5255474452554745,3,STE,STE-UNIQUE,STE-UNIQUE,MAP3K14
CLK,-0.6941666666666667,35,KRSA,0.5505735140771637,3,CMGC,CLK,CLK,CLK1
CLK,-0.6941666666666667,35,KRSA,0.5505735140771637,3,CMGC,CLK,CLK,CLK2
CLK,-0.6941666666666667,35,KRSA,0.5505735140771637,3,CMGC,CLK,CLK,CLK3
CLK,-0.6941666666666667,35,KRSA,0.5505735140771637,3,CMGC,CLK,CLK,CLK4
AKT,0.7558333333333334,31,KRSA,0.6006256517205423,3,AGC,AKT,AKT,AKT1
AKT,0.7558333333333334,31,KRSA,0.6006256517205423,3,AGC,AKT,AKT,AKT2
AKT,0.7558333333333334,31,KRSA,0.6006256517205423,3,AGC,AKT,AKT,AKT3
ULK,-0.6866666666666666,36,KRSA,0.5380604796663191,3,OTHER,ULK,FUSED,STK36
ULK,-0.6866666666666666,36,KRSA,0.5380604796663191,3,OTHER,ULK,ULK,ULK1
ULK,-0.6866666666666666,36,KRSA,0.5380604796663191,3,OTHER,ULK,ULK,ULK2
ULK,-0.6866666666666666,36,KRSA,0.5380604796663191,3,OTHER,ULK,ULK,ULK3
ULK,-0.6866666666666666,36,KRSA,0.5380604796663191,3,OTHER,ULK,ULK,ULK4
RSK,0.5466666666666666,47,KRSA,0.40041710114702816,2,AGC,RSK,RSK,RPS6KA1
RSK,0.5466666666666666,47,KRSA,0.40041710114702816,2,AGC,RSK,RSK,RPS6KA2
RSK,0.5466666666666666,47,KRSA,0.40041710114702816,2,AGC,RSK,RSK,RPS6KA3
RSK,0.5466666666666666,47,KRSA,0.40041710114702816,2,AGC,RSK,MSK,RPS6KA4
RSK,0.5466666666666666,47,KRSA,0.40041710114702816,2,AGC,RSK,MSK,RPS6KA5
RSK,0.5466666666666666,47,KRSA,0.40041710114702816,2,AGC,RSK,RSK,RPS6KA6
RSK,0.5466666666666666,47,KRSA,0.40041710114702816,2,AGC,RSK,P70,RPS6KB1
RSK,0.5466666666666666,47,KRSA,0.40041710114702816,2,AGC,RSK,P70,RPS6KB2
DYRK,-1.3191666666666666,10,KRSA,0.8759124087591241,4,CMGC,DYRK,DYRK1,DYRK1A
DYRK,-1.3191666666666666,10,KRSA,0.8759124087591241,4,CMGC,DYRK,DYRK1,DYRK1B
DYRK,-1.3191666666666666,10,KRSA,0.8759124087591241,4,CMGC,DYRK,DYRK2,DYRK2
DYRK,-1.3191666666666666,10,KRSA,0.8759124087591241,4,CMGC,DYRK,DYRK2,DYRK3
DYRK,-1.3191666666666666,10,KRSA,0.8759124087591241,4,CMGC,DYRK,DYRK2,DYRK4
DYRK,-1.3191666666666666,10,KRSA,0.8759124087591241,4,CMGC,DYRK,HIPK,HIPK1
DYRK,-1.3191666666666666,10,KRSA,0.8759124087591241,4,CMGC,DYRK,HIPK,HIPK2
DYRK,-1.3191666666666666,10,KRSA,0.8759124087591241,4,CMGC,DYRK,HIPK,HIPK3
DYRK,-1.3191666666666666,10,KRSA,0.8759124087591241,4,CMGC,DYRK,HIPK,HIPK4
DYRK,-1.3191666666666666,10,KRSA,0.8759124087591241,4,CMGC,DYRK,PRP4,PRPF4B
NDR,-0.33,59,KRSA,0.2502606882168926,2,AGC,NDR,NDR,LATS1
NDR,-0.33,59,KRSA,0.2502606882168926,2,AGC,NDR,NDR,LATS2
NDR,-0.33,59,KRSA,0.2502606882168926,2,AGC,NDR,NDR,STK38
NDR,-0.33,59,KRSA,0.2502606882168926,2,AGC,NDR,NDR,STK38L
P38,-0.9691666666666666,22,KRSA,0.7132429614181439,3,CMGC,MAPK,P38,MAPK11
P38,-0.9691666666666666,22,KRSA,0.7132429614181439,3,CMGC,MAPK,P38,MAPK12
P38,-0.9691666666666666,22,KRSA,0.7132429614181439,3,CMGC,MAPK,P38,MAPK13
P38,-0.9691666666666666,22,KRSA,0.7132429614181439,3,CMGC,MAPK,P38,MAPK14
QIK,-0.245,64,KRSA,0.18769551616266944,1,CAMK,CAMKL,QIK,SIK1
QIK,-0.245,64,KRSA,0.18769551616266944,1,CAMK,CAMKL,QIK,SIK2
AMPK,0.49333333333333335,49,KRSA,0.3753910323253389,2,CAMK,CAMKL,AMPK,PRKAA1
AMPK,0.49333333333333335,49,KRSA,0.3753910323253389,2,CAMK,CAMKL,AMPK,PRKAA2
PKCH,-0.11666666666666668,74,KRSA,0.06256517205422316,1,AGC,PKC,ETA,PRKCE
PKCH,-0.11666666666666668,74,KRSA,0.06256517205422316,1,AGC,PKC,ETA,PRKCH
KHS,-0.19,69,KRSA,0.1251303441084463,1,STE,STE20,KHS,MAP4K1
KHS,-0.19,69,KRSA,0.1251303441084463,1,STE,STE20,KHS,MAP4K2
KHS,-0.19,69,KRSA,0.1251303441084463,1,STE,STE20,KHS,MAP4K3
KHS,-0.19,69,KRSA,0.1251303441084463,1,STE,STE20,KHS,MAP4K5
MOS,0.6975,34,KRSA,0.5630865484880083,3,OTHER,MOS,MOS,MOS
BUD32,-0.1991666666666667,67,KRSA,0.15015641293013557,1,OTHER,BUD32,BUD32,TP53RK
ATR,-0.7125,33,KRSA,0.5755995828988529,3,ATYPICAL,PIKK,ATR,ATR
BRSK,-0.01749999999999999,79,KRSA,0,1,CAMK,CAMKL,BRSK,BRSK1
BRSK,-0.01749999999999999,79,KRSA,0,1,CAMK,CAMKL,BRSK,BRSK2
PASK,1.7358333333333331,3,KRSA,0.9635036496350365,4,CAMK,CAMKL,PASK,PASK
COT,0.4116666666666667,52,KRSA,0.337851929092805,2,STE,STE-UNIQUE,STE-UNIQUE,MAP3K8
TAO,0.6466666666666666,39,KRSA,0.5005213764337852,3,STE,STE20,TAO,TAOK1
TAO,0.6466666666666666,39,KRSA,0.5005213764337852,3,STE,STE20,TAO,TAOK2
TAO,0.6466666666666666,39,KRSA,0.5005213764337852,3,STE,STE20,TAO,TAOK3
CAMKK,0.8091666666666666,28,KRSA,0.6381647549530761,3,OTHER,CAMKK,META,CAMKK1
CAMKK,0.8091666666666666,28,KRSA,0.6381647549530761,3,OTHER,CAMKK,META,CAMKK2
SLK,0.8191666666666666,27,KRSA,0.6506777893639207,3,STE,STE20,SLK,SLK
SLK,0.8191666666666666,27,KRSA,0.6506777893639207,3,STE,STE20,SLK,STK10
MLCK,-0.25333333333333335,63,KRSA,0.20020855057351408,1,CAMK,MLCK,MLCK,MYLK
MLCK,-0.25333333333333335,63,KRSA,0.20020855057351408,1,CAMK,MLCK,MLCK,MYLK2
MLCK,-0.25333333333333335,63,KRSA,0.20020855057351408,1,CAMK,MLCK,MLCK,TTN
CHK1,0.4016666666666666,53,KRSA,0.32533889468196037,2,CAMK,CAMKL,CHK1,CHEK1
RAD53,-0.07250000000000001,76,KRSA,0.03753910323253389,1,CAMK,RAD53,RAD53,CHEK2
STE7,-1.0008333333333337,20,KRSA,0.7382690302398331,3,STE,STE7,MEK1,MAP2K1
STE7,-1.0008333333333337,20,KRSA,0.7382690302398331,3,STE,STE7,MEK1,MAP2K2
STE7,-1.0008333333333337,20,KRSA,0.7382690302398331,3,STE,STE7,MEK3,MAP2K3
STE7,-1.0008333333333337,20,KRSA,0.7382690302398331,3,STE,STE7,MEK4,MAP2K4
STE7,-1.0008333333333337,20,KRSA,0.7382690302398331,3,STE,STE7,MEK5,MAP2K5
STE7,-1.0008333333333337,20,KRSA,0.7382690302398331,3,STE,STE7,MEK3,MAP2K6
STE7,-1.0008333333333337,20,KRSA,0.7382690302398331,3,STE,STE7,MEK7,MAP2K7
MSN,1.3541666666666667,9,KRSA,0.8884254431699687,4,STE,STE20,MSN,MAP4K4
MSN,1.3541666666666667,9,KRSA,0.8884254431699687,4,STE,STE20,MSN,NRK
MSN,1.3541666666666667,9,KRSA,0.8884254431699687,4,STE,STE20,MSN,TNIK
CAMK2,-0.30916666666666665,61,KRSA,0.22523461939520334,1,CAMK,CAMK2,CAMK2,CAMK2A
CAMK2,-0.30916666666666665,61,KRSA,0.22523461939520334,1,CAMK,CAMK2,CAMK2,CAMK2B
CAMK2,-0.30916666666666665,61,KRSA,0.22523461939520334,1,CAMK,CAMK2,CAMK2,CAMK2D
CAMK2,-0.30916666666666665,61,KRSA,0.22523461939520334,1,CAMK,CAMK2,CAMK2,CAMK2G
DMPK,0.635,40,KRSA,0.4880083420229406,2,AGC,DMPK,GEK,CDC42BPA
DMPK,0.635,40,KRSA,0.4880083420229406,2,AGC,DMPK,GEK,CDC42BPB
DMPK,0.635,40,KRSA,0.4880083420229406,2,AGC,DMPK,GEK,CDC42BPG
DMPK,0.635,40,KRSA,0.4880083420229406,2,AGC,DMPK,CRIK,CIT
DMPK,0.635,40,KRSA,0.4880083420229406,2,AGC,DMPK,GEK,DMPK
DMPK,0.635,40,KRSA,0.4880083420229406,2,AGC,DMPK,ROCK,ROCK1
DMPK,0.635,40,KRSA,0.4880083420229406,2,AGC,DMPK,ROCK,ROCK2
CK1,-0.7516666666666667,32,KRSA,0.5881126173096975,3,CK1,CK1,CK1-A,CSNK1A1
CK1,-0.7516666666666667,32,KRSA,0.5881126173096975,3,CK1,CK1,CK1-A,CSNK1A1L
CK1,-0.7516666666666667,32,KRSA,0.5881126173096975,3,CK1,CK1,CK1-D,CSNK1D
CK1,-0.7516666666666667,32,KRSA,0.5881126173096975,3,CK1,CK1,CK1-D,CSNK1E
CK1,-0.7516666666666667,32,KRSA,0.5881126173096975,3,CK1,CK1,CK1-G,CSNK1G1
CK1,-0.7516666666666667,32,KRSA,0.5881126173096975,3,CK1,CK1,CK1-G,CSNK1G2
CK1,-0.7516666666666667,32,KRSA,0.5881126173096975,3,CK1,CK1,CK1-G,CSNK1G3
CK1,-0.7516666666666667,32,KRSA,0.5881126173096975,3,CK1,TTBK,TTBK,TTBK1
CK1,-0.7516666666666667,32,KRSA,0.5881126173096975,3,CK1,TTBK,TTBK,TTBK2
CK1,-0.7516666666666667,32,KRSA,0.5881126173096975,3,CK1,VRK,VRK,VRK3
PRKDC,-0.44916666666666666,51,KRSA,0.35036496350364965,2,ATYPICAL,PIKK,DNAPK,PRKDC
IRAK,0.09666666666666666,75,KRSA,0.05005213764337852,1,TKL,IRAK,IRAK,IRAK1
IRAK,0.09666666666666666,75,KRSA,0.05005213764337852,1,TKL,IRAK,IRAK,IRAK2
IRAK,0.09666666666666666,75,KRSA,0.05005213764337852,1,TKL,IRAK,IRAK,IRAK3
IRAK,0.09666666666666666,75,KRSA,0.05005213764337852,1,TKL,IRAK,IRAK,IRAK4
NEK,-0.7733333333333333,30,KRSA,0.6131386861313869,3,OTHER,NEK,NEK11,NEK11
NEK,-0.7733333333333333,30,KRSA,0.6131386861313869,3,OTHER,NEK,NEK2,NEK2
NEK,-0.7733333333333333,30,KRSA,0.6131386861313869,3,OTHER,NEK,NEK1,NEK3
NEK,-0.7733333333333333,30,KRSA,0.6131386861313869,3,OTHER,NEK,NEK4,NEK4
NEK,-0.7733333333333333,30,KRSA,0.6131386861313869,3,OTHER,NEK,NEK1,NEK5
NEK,-0.7733333333333333,30,KRSA,0.6131386861313869,3,OTHER,NEK,NEK6,NEK6
NEK,-0.7733333333333333,30,KRSA,0.6131386861313869,3,OTHER,NEK,NEK6,NEK7
NEK,-0.7733333333333333,30,KRSA,0.6131386861313869,3,OTHER,NEK,NEK8,NEK8
NEK,-0.7733333333333333,30,KRSA,0.6131386861313869,3,OTHER,NEK,NEK8,NEK9
GSK,-0.8275,26,KRSA,0.6631908237747653,3,CMGC,GSK,GSK,GSK3A
GSK,-0.8275,26,KRSA,0.6631908237747653,3,CMGC,GSK,GSK,GSK3B
IKK,-0.22666666666666668,66,KRSA,0.16266944734098018,1,OTHER,IKK,IKK,CHUK
IKK,-0.22666666666666668,66,KRSA,0.16266944734098018,1,OTHER,IKK,IKK,IKBKB
IKK,-0.22666666666666668,66,KRSA,0.16266944734098018,1,OTHER,IKK,IKK,IKBKE
IKK,-0.22666666666666668,66,KRSA,0.16266944734098018,1,OTHER,IKK,IKK,TBK1
PKCI,1.0508333333333333,18,KRSA,0.7632950990615224,4,AGC,PKC,IOTA,PRKCI
PKCI,1.0508333333333333,18,KRSA,0.7632950990615224,4,AGC,PKC,IOTA,PRKCZ
SGK,0.6041666666666666,43,KRSA,0.4504692387904067,2,AGC,SGK,SGK,SGK1
SGK,0.6041666666666666,43,KRSA,0.4504692387904067,2,AGC,SGK,SGK,SGK2
SGK,0.6041666666666666,43,KRSA,0.4504692387904067,2,AGC,SGK,SGK,SGK3
CK2,-0.15583333333333335,72,KRSA,0.08759124087591241,1,CMGC,CK2,CK2,CSNK2A1
CK2,-0.15583333333333335,72,KRSA,0.08759124087591241,1,CMGC,CK2,CK2,CSNK2A2
CK2,-0.15583333333333335,72,KRSA,0.08759124087591241,1,NA,NA,NA,CSNK2A3
MLK,0.3325,58,KRSA,0.26277372262773724,2,TKL,MLK,ILK,ILK
MLK,0.3325,58,KRSA,0.26277372262773724,2,TKL,MLK,MLK,MAP3K10
MLK,0.3325,58,KRSA,0.26277372262773724,2,TKL,MLK,MLK,MAP3K11
MLK,0.3325,58,KRSA,0.26277372262773724,2,TKL,MLK,LZK,MAP3K12
MLK,0.3325,58,KRSA,0.26277372262773724,2,TKL,MLK,LZK,MAP3K13
MLK,0.3325,58,KRSA,0.26277372262773724,2,TKL,MLK,MLK,MAP3K9
MLK,0.3325,58,KRSA,0.26277372262773724,2,TKL,MLK,HH498,TNNI3K
BARK2,0.17333333333333334,70,KRSA,0.11261730969760167,1,AGC,GRK,BARK,GRK3
PKCD,0.8833333333333333,24,KRSA,0.6882168925964547,3,AGC,PKC,DELTA,PRKCD
PKCD,0.8833333333333333,24,KRSA,0.6882168925964547,3,AGC,PKC,DELTA,PRKCQ
PKD,0.345,56,KRSA,0.28779979144942647,2,CAMK,PKD,PKD,PRKD1
PKD,0.345,56,KRSA,0.28779979144942647,2,CAMK,PKD,PKD,PRKD2
PKD,0.345,56,KRSA,0.28779979144942647,2,CAMK,PKD,PKD,PRKD3
PHK,0.1175,73,KRSA,0.07507820646506778,1,CAMK,PHK,PHK,PHKG1
PHK,0.1175,73,KRSA,0.07507820646506778,1,CAMK,PHK,PHK,PHKG2
TTK,-0.6466666666666667,38,KRSA,0.5130344108446299,3,OTHER,TTK,TTK,TTK
HAL,-0.37833333333333335,54,KRSA,0.31282586027111575,2,RGC,RGC,RGC,NPR1
FRAY,-0.17,71,KRSA,0.10010427528675704,1,STE,STE20,FRAY,OXSR1
FRAY,-0.17,71,KRSA,0.10010427528675704,1,STE,STE20,FRAY,STK39
NUAK,-0.6291666666666667,41,KRSA,0.4754953076120959,2,CAMK,CAMKL,NUAK,NUAK1
NUAK,-0.6291666666666667,41,KRSA,0.4754953076120959,2,CAMK,CAMKL,NUAK,NUAK2
LKB,-1.0883333333333334,17,KRSA,0.7883211678832117,4,CAMK,CAMKL,LKB,STK11
PAKB,0.01916666666666668,78,KRSA,0.01251303441084463,1,STE,STE20,PAKB,PAK4
PAKB,0.01916666666666668,78,KRSA,0.01251303441084463,1,STE,STE20,PAKB,PAK5
PAKB,0.01916666666666668,78,KRSA,0.01251303441084463,1,STE,STE20,PAKB,PAK6
PKN,-0.6283333333333333,42,KRSA,0.4629822732012513,2,AGC,PKN,PKN,PKN1
PKN,-0.6283333333333333,42,KRSA,0.4629822732012513,2,AGC,PKN,PKN,PKN2
PKN,-0.6283333333333333,42,KRSA,0.4629822732012513,2,AGC,PKN,PKN,PKN3
MTOR,0.04749999999999999,77,KRSA,0.02502606882168926,1,ATYPICAL,PIKK,FRAP,MTOR
MST,-0.23833333333333337,65,KRSA,0.17518248175182483,1,STE,STE20,MST,STK3
MST,-0.23833333333333337,65,KRSA,0.17518248175182483,1,STE,STE20,MST,STK4
PDHK,-0.86,25,KRSA,0.67570385818561,3,ATYPICAL,PDHK,BCKDK,BCKDK
PDHK,-0.86,25,KRSA,0.67570385818561,3,ATYPICAL,PDHK,PDHK,PDK2
PDHK,-0.86,25,KRSA,0.67570385818561,3,ATYPICAL,PDHK,PDHK,PDK3
PDHK,-0.86,25,KRSA,0.67570385818561,3,ATYPICAL,PDHK,PDHK,PDK4
STE11,-0.33916666666666667,57,KRSA,0.27528675703858185,2,TKL,MLK,TAK1,MAP3K7
STE11,-0.33916666666666667,57,KRSA,0.27528675703858185,2,STE,STE11,MEKK1,MAP3K1
STE11,-0.33916666666666667,57,KRSA,0.27528675703858185,2,STE,STE11,ASK,MAP3K15
STE11,-0.33916666666666667,57,KRSA,0.27528675703858185,2,STE,STE11,MEKK2,MAP3K2
STE11,-0.33916666666666667,57,KRSA,0.27528675703858185,2,STE,STE11,MEKK2,MAP3K3
STE11,-0.33916666666666667,57,KRSA,0.27528675703858185,2,STE,STE11,MEKK4,MAP3K4
STE11,-0.33916666666666667,57,KRSA,0.27528675703858185,2,STE,STE11,ASK,MAP3K5
STE11,-0.33916666666666667,57,KRSA,0.27528675703858185,2,STE,STE11,ASK,MAP3K6
VRK1,-0.19166666666666665,68,KRSA,0.13764337851929093,1,CK1,VRK,VRK,VRK1
MAPKAPK,0.9241666666666668,23,KRSA,0.7007299270072993,3,CAMK,MAPKAPK,MAPKAPK,MAPKAPK2
MAPKAPK,0.9241666666666668,23,KRSA,0.7007299270072993,3,CAMK,MAPKAPK,MAPKAPK,MAPKAPK3
MAPKAPK,0.9241666666666668,23,KRSA,0.7007299270072993,3,CAMK,MAPKAPK,MAPKAPK,MAPKAPK5
MAPKAPK,0.9241666666666668,23,KRSA,0.7007299270072993,3,CAMK,MAPKAPK,MNK,MKNK1
MAPKAPK,0.9241666666666668,23,KRSA,0.7007299270072993,3,CAMK,MAPKAPK,MNK,MKNK2
PAKA,-0.7925,29,KRSA,0.6256517205422315,3,STE,STE20,PAKA,PAK1
PAKA,-0.7925,29,KRSA,0.6256517205422315,3,STE,STE20,PAKA,PAK2
PAKA,-0.7925,29,KRSA,0.6256517205422315,3,STE,STE20,PAKA,PAK3
ERK,-2.3158333333333334,1,KRSA,0.9885297184567258,4,CMGC,MAPK,ERK1,MAPK1
ERK,-2.3158333333333334,1,KRSA,0.9885297184567258,4,CMGC,MAPK,ERK7,MAPK15
ERK,-2.3158333333333334,1,KRSA,0.9885297184567258,4,CMGC,MAPK,ERK1,MAPK3
ERK,-2.3158333333333334,1,KRSA,0.9885297184567258,4,CMGC,MAPK,ERK3,MAPK4
ERK,-2.3158333333333334,1,KRSA,0.9885297184567258,4,CMGC,MAPK,ERK3,MAPK6
ERK,-2.3158333333333334,1,KRSA,0.9885297184567258,4,CMGC,MAPK,ERK5,MAPK7
PKG,1.1866666666666668,12,KRSA,0.8508863399374348,4,AGC,PKG,PKG,PRKG1
PKG,1.1866666666666668,12,KRSA,0.8508863399374348,4,AGC,PKG,PKG,PRKG2
NMO,-1.9175,2,KRSA,0.9760166840458812,4,CMGC,MAPK,NMO,NLK
RAF,-1.1858333333333333,13,KRSA,0.8383733055265902,4,TKL,RAF,RAF,ARAF
RAF,-1.1858333333333333,13,KRSA,0.8383733055265902,4,TKL,RAF,RAF,BRAF
RAF,-1.1858333333333333,13,KRSA,0.8383733055265902,4,TKL,RAF,KSR,KSR1
RAF,-1.1858333333333333,13,KRSA,0.8383733055265902,4,TKL,RAF,KSR,KSR2
RAF,-1.1858333333333333,13,KRSA,0.8383733055265902,4,TKL,RAF,RAF,RAF1
PKA,1.0508333333333333,18,KRSA,0.7632950990615224,4,AGC,PKA,PKA,PRKACA
PKA,1.0508333333333333,18,KRSA,0.7632950990615224,4,AGC,PKA,PKA,PRKACB
PKA,1.0508333333333333,18,KRSA,0.7632950990615224,4,AGC,PKA,PKA,PRKACG
PKA,1.0508333333333333,18,KRSA,0.7632950990615224,4,AGC,PKA,PKA,PRKX
PKA,1.0508333333333333,18,KRSA,0.7632950990615224,4,AGC,PKA,PKA,PRKY
JNK,-1.6616666666666666,4,KRSA,0.9509906152241918,4,CMGC,MAPK,JNK,MAPK10
JNK,-1.6616666666666666,4,KRSA,0.9509906152241918,4,CMGC,MAPK,JNK,MAPK8
JNK,-1.6616666666666666,4,KRSA,0.9509906152241918,4,CMGC,MAPK,JNK,MAPK9
CAMK1,1.3616666666666666,8,KRSA,0.9009384775808134,4,CAMK,CAMK1,CAMK1,CAMK1
CAMK1,1.3616666666666666,8,KRSA,0.9009384775808134,4,CAMK,CAMK1,CAMK1,CAMK1D
CAMK1,1.3616666666666666,8,KRSA,0.9009384775808134,4,CAMK,CAMK1,CAMK1,CAMK1G
CAMK1,1.3616666666666666,8,KRSA,0.9009384775808134,4,CAMK,CAMK1,CAMK1,CAMK4
CAMK1,1.3616666666666666,8,KRSA,0.9009384775808134,4,CAMK,CAMK1,CAMK1,PNCK
PDK1,-1.63,5,KRSA,0.9384775808133472,4,ATYPICAL,PDHK,PDHK,PDK1
PDK1,-1.63,5,KRSA,0.9384775808133472,4,AGC,PDK1,PDK1,PDPK1
RIPK,1.205833333333333,11,KRSA,0.8633993743482794,4,TKL,RIPK,RIPK,ANKK1
RIPK,1.205833333333333,11,KRSA,0.8633993743482794,4,TKL,RIPK,RIPK,RIPK1
RIPK,1.205833333333333,11,KRSA,0.8633993743482794,4,TKL,RIPK,RIPK,RIPK2
RIPK,1.205833333333333,11,KRSA,0.8633993743482794,4,TKL,RIPK,RIPK,RIPK3
RIPK,1.205833333333333,11,KRSA,0.8633993743482794,4,TKL,RIPK,RIPK,RIPK4
PKN,-0.6283333333333333,42,KRSA,0.4629822732012513,2,AGC,PKN,PKN,PKN1
PKN,-0.6283333333333333,42,KRSA,0.4629822732012513,2,AGC,PKN,PKN,PKN2
PKN,-0.6283333333333333,42,KRSA,0.4629822732012513,2,AGC,PKN,PKN,PKN3
DAPK,1.0308333333333333,19,KRSA,0.7507820646506778,4,CAMK,DAPK,DAPK,DAPK1
DAPK,1.0308333333333333,19,KRSA,0.7507820646506778,4,CAMK,DAPK,DAPK,DAPK2
DAPK,1.0308333333333333,19,KRSA,0.7507820646506778,4,CAMK,DAPK,DAPK,DAPK3
DAPK,1.0308333333333333,19,KRSA,0.7507820646506778,4,CAMK,DAPK,DRAK,STK17A
DAPK,1.0308333333333333,19,KRSA,0.7507820646506778,4,CAMK,DAPK,DRAK,STK17B
TLK,-0.9975,21,KRSA,0.7257559958289885,3,OTHER,TLK,TLK,TLK1
TLK,-0.9975,21,KRSA,0.7257559958289885,3,OTHER,TLK,TLK,TLK2
NAK,-0.2816666666666667,62,KRSA,0.2127215849843587,1,OTHER,NAK,BIKE,AAK1
NAK,-0.2816666666666667,62,KRSA,0.2127215849843587,1,OTHER,NAK,BIKE,BMP2K
NAK,-0.2816666666666667,62,KRSA,0.2127215849843587,1,OTHER,NAK,GAK,GAK
NAK,-0.2816666666666667,62,KRSA,0.2127215849843587,1,OTHER,NAK,MPSK,STK16
AKT,0.7558333333333334,31,KRSA,0.6006256517205423,3,AGC,AKT,AKT,AKT1
AKT,0.7558333333333334,31,KRSA,0.6006256517205423,3,AGC,AKT,AKT,AKT2
AKT,0.7558333333333334,31,KRSA,0.6006256517205423,3,AGC,AKT,AKT,AKT3
VRK1,-0.19166666666666665,68,KRSA,0.13764337851929093,1,CK1,VRK,VRK,VRK1
PEK,-1.505,6,KRSA,0.9259645464025026,4,OTHER,PEK,HRI,EIF2AK1
PEK,-1.505,6,KRSA,0.9259645464025026,4,OTHER,PEK,PKR,EIF2AK2
PEK,-1.505,6,KRSA,0.9259645464025026,4,OTHER,PEK,PEK,EIF2AK3
PEK,-1.505,6,KRSA,0.9259645464025026,4,OTHER,PEK,GCN2,EIF2AK4
RSK,0.5466666666666666,47,KRSA,0.40041710114702816,2,AGC,RSK,RSK,RPS6KA1
RSK,0.5466666666666666,47,KRSA,0.40041710114702816,2,AGC,RSK,RSK,RPS6KA2
RSK,0.5466666666666666,47,KRSA,0.40041710114702816,2,AGC,RSK,RSK,RPS6KA3
RSK,0.5466666666666666,47,KRSA,0.40041710114702816,2,AGC,RSK,MSK,RPS6KA4
RSK,0.5466666666666666,47,KRSA,0.40041710114702816,2,AGC,RSK,MSK,RPS6KA5
RSK,0.5466666666666666,47,KRSA,0.40041710114702816,2,AGC,RSK,RSK,RPS6KA6
RSK,0.5466666666666666,47,KRSA,0.40041710114702816,2,AGC,RSK,P70,RPS6KB1
RSK,0.5466666666666666,47,KRSA,0.40041710114702816,2,AGC,RSK,P70,RPS6KB2
DYRK,-1.3191666666666666,10,KRSA,0.8759124087591241,4,CMGC,DYRK,DYRK1,DYRK1A
DYRK,-1.3191666666666666,10,KRSA,0.8759124087591241,4,CMGC,DYRK,DYRK1,DYRK1B
DYRK,-1.3191666666666666,10,KRSA,0.8759124087591241,4,CMGC,DYRK,DYRK2,DYRK2
DYRK,-1.3191666666666666,10,KRSA,0.8759124087591241,4,CMGC,DYRK,DYRK2,DYRK3
DYRK,-1.3191666666666666,10,KRSA,0.8759124087591241,4,CMGC,DYRK,DYRK2,DYRK4
DYRK,-1.3191666666666666,10,KRSA,0.8759124087591241,4,CMGC,DYRK,HIPK,HIPK1
DYRK,-1.3191666666666666,10,KRSA,0.8759124087591241,4,CMGC,DYRK,HIPK,HIPK2
DYRK,-1.3191666666666666,10,KRSA,0.8759124087591241,4,CMGC,DYRK,HIPK,HIPK3
DYRK,-1.3191666666666666,10,KRSA,0.8759124087591241,4,CMGC,DYRK,HIPK,HIPK4
DYRK,-1.3191666666666666,10,KRSA,0.8759124087591241,4,CMGC,DYRK,PRP4,PRPF4B
AUR,1.153333333333333,14,KRSA,0.8258602711157456,4,OTHER,AUR,AUR,AURKA
AUR,1.153333333333333,14,KRSA,0.8258602711157456,4,OTHER,AUR,AUR,AURKB
AUR,1.153333333333333,14,KRSA,0.8258602711157456,4,OTHER,AUR,AUR,AURKC
MELK,0.475,50,KRSA,0.36287799791449427,2,CAMK,CAMKL,MELK,MELK
STE7,-1.0008333333333337,20,KRSA,0.7382690302398331,3,STE,STE7,MEK1,MAP2K1
STE7,-1.0008333333333337,20,KRSA,0.7382690302398331,3,STE,STE7,MEK1,MAP2K2
STE7,-1.0008333333333337,20,KRSA,0.7382690302398331,3,STE,STE7,MEK3,MAP2K3
STE7,-1.0008333333333337,20,KRSA,0.7382690302398331,3,STE,STE7,MEK4,MAP2K4
STE7,-1.0008333333333337,20,KRSA,0.7382690302398331,3,STE,STE7,MEK5,MAP2K5
STE7,-1.0008333333333337,20,KRSA,0.7382690302398331,3,STE,STE7,MEK3,MAP2K6
STE7,-1.0008333333333337,20,KRSA,0.7382690302398331,3,STE,STE7,MEK7,MAP2K7
STKR,0.5691666666666666,46,KRSA,0.4129301355578728,2,TKL,STKR,TYPE1,ACVR1
STKR,0.5691666666666666,46,KRSA,0.4129301355578728,2,TKL,STKR,TYPE1,ACVR1B
STKR,0.5691666666666666,46,KRSA,0.4129301355578728,2,TKL,STKR,TYPE1,ACVR1C
STKR,0.5691666666666666,46,KRSA,0.4129301355578728,2,TKL,STKR,TYPE2,ACVR2A
STKR,0.5691666666666666,46,KRSA,0.4129301355578728,2,TKL,STKR,TYPE2,ACVR2B
STKR,0.5691666666666666,46,KRSA,0.4129301355578728,2,TKL,STKR,TYPE1,ACVRL1
STKR,0.5691666666666666,46,KRSA,0.4129301355578728,2,TKL,STKR,TYPE2,AMHR2
STKR,0.5691666666666666,46,KRSA,0.4129301355578728,2,TKL,STKR,TYPE1,BMPR1A
STKR,0.5691666666666666,46,KRSA,0.4129301355578728,2,TKL,STKR,TYPE1,BMPR1B
STKR,0.5691666666666666,46,KRSA,0.4129301355578728,2,TKL,STKR,TYPE2,BMPR2
STKR,0.5691666666666666,46,KRSA,0.4129301355578728,2,TKL,STKR,TYPE1,TGFBR1
STKR,0.5691666666666666,46,KRSA,0.4129301355578728,2,TKL,STKR,TYPE2,TGFBR2
PIM,0.5408333333333334,48,KRSA,0.38790406673618355,2,CAMK,PIM,PIM,PIM1
PIM,0.5408333333333334,48,KRSA,0.38790406673618355,2,CAMK,PIM,PIM,PIM2
PIM,0.5408333333333334,48,KRSA,0.38790406673618355,2,CAMK,PIM,PIM,PIM3
CDK,-1.3658333333333332,7,KRSA,0.913451511991658,4,CMGC,CDK,CDC2,CDK1
CDK,-1.3658333333333332,7,KRSA,0.913451511991658,4,CMGC,CDK,CDK10,CDK10
CDK,-1.3658333333333332,7,KRSA,0.913451511991658,4,CMGC,CDK,CRK7,CDK12
CDK,-1.3658333333333332,7,KRSA,0.913451511991658,4,CMGC,CDK,CRK7,CDK13
CDK,-1.3658333333333332,7,KRSA,0.913451511991658,4,CMGC,CDK,PFTAIRE,CDK14
CDK,-1.3658333333333332,7,KRSA,0.913451511991658,4,CMGC,CDK,PFTAIRE,CDK15
CDK,-1.3658333333333332,7,KRSA,0.913451511991658,4,CMGC,CDK,PCTAIRE,CDK16
CDK,-1.3658333333333332,7,KRSA,0.913451511991658,4,CMGC,CDK,PCTAIRE,CDK17
CDK,-1.3658333333333332,7,KRSA,0.913451511991658,4,CMGC,CDK,PCTAIRE,CDK18
CDK,-1.3658333333333332,7,KRSA,0.913451511991658,4,CMGC,CDK,CDK8,CDK19
CDK,-1.3658333333333332,7,KRSA,0.913451511991658,4,CMGC,CDK,CDC2,CDK2
CDK,-1.3658333333333332,7,KRSA,0.913451511991658,4,CMGC,CDK,CCRK,CDK20
CDK,-1.3658333333333332,7,KRSA,0.913451511991658,4,CMGC,CDK,CDC2,CDK3
CDK,-1.3658333333333332,7,KRSA,0.913451511991658,4,CMGC,CDK,CDK4,CDK4
CDK,-1.3658333333333332,7,KRSA,0.913451511991658,4,CMGC,CDK,CDK5,CDK5
CDK,-1.3658333333333332,7,KRSA,0.913451511991658,4,CMGC,CDK,CDK4,CDK6
CDK,-1.3658333333333332,7,KRSA,0.913451511991658,4,CMGC,CDK,CDK7,CDK7
CDK,-1.3658333333333332,7,KRSA,0.913451511991658,4,CMGC,CDK,CDK8,CDK8
CDK,-1.3658333333333332,7,KRSA,0.913451511991658,4,CMGC,CDK,CDK9,CDK9
CDK,-1.3658333333333332,7,KRSA,0.913451511991658,4,NA,NA,NA,CDK11A
CDK,-1.3658333333333332,7,KRSA,0.913451511991658,4,NA,NA,NA,CDK11B
NDR,-0.33,59,KRSA,0.2502606882168926,2,AGC,NDR,NDR,LATS1
NDR,-0.33,59,KRSA,0.2502606882168926,2,AGC,NDR,NDR,LATS2
NDR,-0.33,59,KRSA,0.2502606882168926,2,AGC,NDR,NDR,STK38
NDR,-0.33,59,KRSA,0.2502606882168926,2,AGC,NDR,NDR,STK38L
PKCA,0.595,44,KRSA,0.43795620437956206,2,AGC,PKC,ALPHA,PRKCA
PKCA,0.595,44,KRSA,0.43795620437956206,2,AGC,PKC,ALPHA,PRKCB
PKCA,0.595,44,KRSA,0.43795620437956206,2,AGC,PKC,ALPHA,PRKCG
PLK,-1.1191666666666666,16,KRSA,0.8008342022940563,4,NA,NA,NA,PLK5
PLK,-1.1191666666666666,16,KRSA,0.8008342022940563,4,OTHER,PLK,PLK1,PLK1
PLK,-1.1191666666666666,16,KRSA,0.8008342022940563,4,OTHER,PLK,PLK2,PLK2
PLK,-1.1191666666666666,16,KRSA,0.8008342022940563,4,OTHER,PLK,PLK2,PLK3
PLK,-1.1191666666666666,16,KRSA,0.8008342022940563,4,OTHER,PLK,SAK,PLK4
AMPK,0.49333333333333335,49,KRSA,0.3753910323253389,2,CAMK,CAMKL,AMPK,PRKAA1
AMPK,0.49333333333333335,49,KRSA,0.3753910323253389,2,CAMK,CAMKL,AMPK,PRKAA2
ATM,-1.1483333333333334,15,KRSA,0.8133472367049009,4,ATYPICAL,PIKK,ATM,ATM
ATR,-0.7125,33,KRSA,0.5755995828988529,3,ATYPICAL,PIKK,ATR,ATR
WNK,-0.3491666666666667,55,KRSA,0.30031282586027114,2,OTHER,WNK,WNK,WNK1
WNK,-0.3491666666666667,55,KRSA,0.30031282586027114,2,OTHER,WNK,WNK,WNK2
WNK,-0.3491666666666667,55,KRSA,0.30031282586027114,2,OTHER,WNK,WNK,WNK3
WNK,-0.3491666666666667,55,KRSA,0.30031282586027114,2,OTHER,WNK,WNK,WNK4
NIK,-0.6808333333333333,37,KRSA,0.5255474452554745,3,STE,STE-UNIQUE,STE-UNIQUE,MAP3K14
ULK,-0.6866666666666666,36,KRSA,0.5380604796663191,3,OTHER,ULK,FUSED,STK36
ULK,-0.6866666666666666,36,KRSA,0.5380604796663191,3,OTHER,ULK,ULK,ULK1
ULK,-0.6866666666666666,36,KRSA,0.5380604796663191,3,OTHER,ULK,ULK,ULK2
ULK,-0.6866666666666666,36,KRSA,0.5380604796663191,3,OTHER,ULK,ULK,ULK3
ULK,-0.6866666666666666,36,KRSA,0.5380604796663191,3,OTHER,ULK,ULK,ULK4
CLK,-0.6941666666666667,35,KRSA,0.5505735140771637,3,CMGC,CLK,CLK,CLK1
CLK,-0.6941666666666667,35,KRSA,0.5505735140771637,3,CMGC,CLK,CLK,CLK2
CLK,-0.6941666666666667,35,KRSA,0.5505735140771637,3,CMGC,CLK,CLK,CLK3
CLK,-0.6941666666666667,35,KRSA,0.5505735140771637,3,CMGC,CLK,CLK,CLK4
TAO,0.6466666666666666,39,KRSA,0.5005213764337852,3,STE,STE20,TAO,TAOK1
TAO,0.6466666666666666,39,KRSA,0.5005213764337852,3,STE,STE20,TAO,TAOK2
TAO,0.6466666666666666,39,KRSA,0.5005213764337852,3,STE,STE20,TAO,TAOK3
CAMKK,0.8091666666666666,28,KRSA,0.6381647549530761,3,OTHER,CAMKK,META,CAMKK1
CAMKK,0.8091666666666666,28,KRSA,0.6381647549530761,3,OTHER,CAMKK,META,CAMKK2
NEK,-0.7733333333333333,30,KRSA,0.6131386861313869,3,OTHER,NEK,NEK11,NEK11
NEK,-0.7733333333333333,30,KRSA,0.6131386861313869,3,OTHER,NEK,NEK2,NEK2
NEK,-0.7733333333333333,30,KRSA,0.6131386861313869,3,OTHER,NEK,NEK1,NEK3
NEK,-0.7733333333333333,30,KRSA,0.6131386861313869,3,OTHER,NEK,NEK4,NEK4
NEK,-0.7733333333333333,30,KRSA,0.6131386861313869,3,OTHER,NEK,NEK1,NEK5
NEK,-0.7733333333333333,30,KRSA,0.6131386861313869,3,OTHER,NEK,NEK6,NEK6
NEK,-0.7733333333333333,30,KRSA,0.6131386861313869,3,OTHER,NEK,NEK6,NEK7
NEK,-0.7733333333333333,30,KRSA,0.6131386861313869,3,OTHER,NEK,NEK8,NEK8
NEK,-0.7733333333333333,30,KRSA,0.6131386861313869,3,OTHER,NEK,NEK8,NEK9
BUD32,-0.1991666666666667,67,KRSA,0.15015641293013557,1,OTHER,BUD32,BUD32,TP53RK
MOS,0.6975,34,KRSA,0.5630865484880083,3,OTHER,MOS,MOS,MOS
BRSK,-0.01749999999999999,79,KRSA,0,1,CAMK,CAMKL,BRSK,BRSK1
BRSK,-0.01749999999999999,79,KRSA,0,1,CAMK,CAMKL,BRSK,BRSK2
MST,-0.23833333333333337,65,KRSA,0.17518248175182483,1,STE,STE20,MST,STK3
MST,-0.23833333333333337,65,KRSA,0.17518248175182483,1,STE,STE20,MST,STK4
PASK,1.7358333333333331,3,KRSA,0.9635036496350365,4,CAMK,CAMKL,PASK,PASK
SLK,0.8191666666666666,27,KRSA,0.6506777893639207,3,STE,STE20,SLK,SLK
SLK,0.8191666666666666,27,KRSA,0.6506777893639207,3,STE,STE20,SLK,STK10
KHS,-0.19,69,KRSA,0.1251303441084463,1,STE,STE20,KHS,MAP4K1
KHS,-0.19,69,KRSA,0.1251303441084463,1,STE,STE20,KHS,MAP4K2
KHS,-0.19,69,KRSA,0.1251303441084463,1,STE,STE20,KHS,MAP4K3
KHS,-0.19,69,KRSA,0.1251303441084463,1,STE,STE20,KHS,MAP4K5
MSN,1.3541666666666667,9,KRSA,0.8884254431699687,4,STE,STE20,MSN,MAP4K4
MSN,1.3541666666666667,9,KRSA,0.8884254431699687,4,STE,STE20,MSN,NRK
MSN,1.3541666666666667,9,KRSA,0.8884254431699687,4,STE,STE20,MSN,TNIK
IRAK,0.09666666666666666,75,KRSA,0.05005213764337852,1,TKL,IRAK,IRAK,IRAK1
IRAK,0.09666666666666666,75,KRSA,0.05005213764337852,1,TKL,IRAK,IRAK,IRAK2
IRAK,0.09666666666666666,75,KRSA,0.05005213764337852,1,TKL,IRAK,IRAK,IRAK3
IRAK,0.09666666666666666,75,KRSA,0.05005213764337852,1,TKL,IRAK,IRAK,IRAK4
PRKDC,-0.44916666666666666,51,KRSA,0.35036496350364965,2,ATYPICAL,PIKK,DNAPK,PRKDC
QIK,-0.245,64,KRSA,0.18769551616266944,1,CAMK,CAMKL,QIK,SIK1
QIK,-0.245,64,KRSA,0.18769551616266944,1,CAMK,CAMKL,QIK,SIK2
GRK,0.5691666666666667,45,KRSA,0.4254431699687174,2,AGC,GRK,GRK,GRK1
GRK,0.5691666666666667,45,KRSA,0.4254431699687174,2,AGC,GRK,GRK,GRK4
GRK,0.5691666666666667,45,KRSA,0.4254431699687174,2,AGC,GRK,GRK,GRK5
GRK,0.5691666666666667,45,KRSA,0.4254431699687174,2,AGC,GRK,GRK,GRK6
GRK,0.5691666666666667,45,KRSA,0.4254431699687174,2,AGC,GRK,GRK,GRK7
PHK,0.1175,73,KRSA,0.07507820646506778,1,CAMK,PHK,PHK,PHKG1
PHK,0.1175,73,KRSA,0.07507820646506778,1,CAMK,PHK,PHK,PHKG2
PKCI,1.0508333333333333,18,KRSA,0.7632950990615224,4,AGC,PKC,IOTA,PRKCI
PKCI,1.0508333333333333,18,KRSA,0.7632950990615224,4,AGC,PKC,IOTA,PRKCZ
DMPK,0.635,40,KRSA,0.4880083420229406,2,AGC,DMPK,GEK,CDC42BPA
DMPK,0.635,40,KRSA,0.4880083420229406,2,AGC,DMPK,GEK,CDC42BPB
DMPK,0.635,40,KRSA,0.4880083420229406,2,AGC,DMPK,GEK,CDC42BPG
DMPK,0.635,40,KRSA,0.4880083420229406,2,AGC,DMPK,CRIK,CIT
DMPK,0.635,40,KRSA,0.4880083420229406,2,AGC,DMPK,GEK,DMPK
DMPK,0.635,40,KRSA,0.4880083420229406,2,AGC,DMPK,ROCK,ROCK1
DMPK,0.635,40,KRSA,0.4880083420229406,2,AGC,DMPK,ROCK,ROCK2
PKCH,-0.11666666666666668,74,KRSA,0.06256517205422316,1,AGC,PKC,ETA,PRKCE
PKCH,-0.11666666666666668,74,KRSA,0.06256517205422316,1,AGC,PKC,ETA,PRKCH
RAD53,-0.07250000000000001,76,KRSA,0.03753910323253389,1,CAMK,RAD53,RAD53,CHEK2
CAMK2,-0.30916666666666665,61,KRSA,0.22523461939520334,1,CAMK,CAMK2,CAMK2,CAMK2A
CAMK2,-0.30916666666666665,61,KRSA,0.22523461939520334,1,CAMK,CAMK2,CAMK2,CAMK2B
CAMK2,-0.30916666666666665,61,KRSA,0.22523461939520334,1,CAMK,CAMK2,CAMK2,CAMK2D
CAMK2,-0.30916666666666665,61,KRSA,0.22523461939520334,1,CAMK,CAMK2,CAMK2,CAMK2G
MLCK,-0.25333333333333335,63,KRSA,0.20020855057351408,1,CAMK,MLCK,MLCK,MYLK
MLCK,-0.25333333333333335,63,KRSA,0.20020855057351408,1,CAMK,MLCK,MLCK,MYLK2
MLCK,-0.25333333333333335,63,KRSA,0.20020855057351408,1,CAMK,MLCK,MLCK,TTN
COT,0.4116666666666667,52,KRSA,0.337851929092805,2,STE,STE-UNIQUE,STE-UNIQUE,MAP3K8
CK1,-0.7516666666666667,32,KRSA,0.5881126173096975,3,CK1,CK1,CK1-A,CSNK1A1
CK1,-0.7516666666666667,32,KRSA,0.5881126173096975,3,CK1,CK1,CK1-A,CSNK1A1L
CK1,-0.7516666666666667,32,KRSA,0.5881126173096975,3,CK1,CK1,CK1-D,CSNK1D
CK1,-0.7516666666666667,32,KRSA,0.5881126173096975,3,CK1,CK1,CK1-D,CSNK1E
CK1,-0.7516666666666667,32,KRSA,0.5881126173096975,3,CK1,CK1,CK1-G,CSNK1G1
CK1,-0.7516666666666667,32,KRSA,0.5881126173096975,3,CK1,CK1,CK1-G,CSNK1G2
CK1,-0.7516666666666667,32,KRSA,0.5881126173096975,3,CK1,CK1,CK1-G,CSNK1G3
CK1,-0.7516666666666667,32,KRSA,0.5881126173096975,3,CK1,TTBK,TTBK,TTBK1
CK1,-0.7516666666666667,32,KRSA,0.5881126173096975,3,CK1,TTBK,TTBK,TTBK2
CK1,-0.7516666666666667,32,KRSA,0.5881126173096975,3,CK1,VRK,VRK,VRK3
PKD,0.345,56,KRSA,0.28779979144942647,2,CAMK,PKD,PKD,PRKD1
PKD,0.345,56,KRSA,0.28779979144942647,2,CAMK,PKD,PKD,PRKD2
PKD,0.345,56,KRSA,0.28779979144942647,2,CAMK,PKD,PKD,PRKD3
BARK2,0.17333333333333334,70,KRSA,0.11261730969760167,1,AGC,GRK,BARK,GRK3
LKB,-1.0883333333333334,17,KRSA,0.7883211678832117,4,CAMK,CAMKL,LKB,STK11
GSK,-0.8275,26,KRSA,0.6631908237747653,3,CMGC,GSK,GSK,GSK3A
GSK,-0.8275,26,KRSA,0.6631908237747653,3,CMGC,GSK,GSK,GSK3B
CHK1,0.4016666666666666,53,KRSA,0.32533889468196037,2,CAMK,CAMKL,CHK1,CHEK1
P38,-0.9691666666666666,22,KRSA,0.7132429614181439,3,CMGC,MAPK,P38,MAPK11
P38,-0.9691666666666666,22,KRSA,0.7132429614181439,3,CMGC,MAPK,P38,MAPK12
P38,-0.9691666666666666,22,KRSA,0.7132429614181439,3,CMGC,MAPK,P38,MAPK13
P38,-0.9691666666666666,22,KRSA,0.7132429614181439,3,CMGC,MAPK,P38,MAPK14
PDHK,-0.86,25,KRSA,0.67570385818561,3,ATYPICAL,PDHK,BCKDK,BCKDK
PDHK,-0.86,25,KRSA,0.67570385818561,3,ATYPICAL,PDHK,PDHK,PDK2
PDHK,-0.86,25,KRSA,0.67570385818561,3,ATYPICAL,PDHK,PDHK,PDK3
PDHK,-0.86,25,KRSA,0.67570385818561,3,ATYPICAL,PDHK,PDHK,PDK4
MLK,0.3325,58,KRSA,0.26277372262773724,2,TKL,MLK,ILK,ILK
MLK,0.3325,58,KRSA,0.26277372262773724,2,TKL,MLK,MLK,MAP3K10
MLK,0.3325,58,KRSA,0.26277372262773724,2,TKL,MLK,MLK,MAP3K11
MLK,0.3325,58,KRSA,0.26277372262773724,2,TKL,MLK,LZK,MAP3K12
MLK,0.3325,58,KRSA,0.26277372262773724,2,TKL,MLK,LZK,MAP3K13
MLK,0.3325,58,KRSA,0.26277372262773724,2,TKL,MLK,MLK,MAP3K9
MLK,0.3325,58,KRSA,0.26277372262773724,2,TKL,MLK,HH498,TNNI3K
FRAY,-0.17,71,KRSA,0.10010427528675704,1,STE,STE20,FRAY,OXSR1
FRAY,-0.17,71,KRSA,0.10010427528675704,1,STE,STE20,FRAY,STK39
STE11,-0.33916666666666667,57,KRSA,0.27528675703858185,2,TKL,MLK,TAK1,MAP3K7
STE11,-0.33916666666666667,57,KRSA,0.27528675703858185,2,STE,STE11,MEKK1,MAP3K1
STE11,-0.33916666666666667,57,KRSA,0.27528675703858185,2,STE,STE11,ASK,MAP3K15
STE11,-0.33916666666666667,57,KRSA,0.27528675703858185,2,STE,STE11,MEKK2,MAP3K2
STE11,-0.33916666666666667,57,KRSA,0.27528675703858185,2,STE,STE11,MEKK2,MAP3K3
STE11,-0.33916666666666667,57,KRSA,0.27528675703858185,2,STE,STE11,MEKK4,MAP3K4
STE11,-0.33916666666666667,57,KRSA,0.27528675703858185,2,STE,STE11,ASK,MAP3K5
STE11,-0.33916666666666667,57,KRSA,0.27528675703858185,2,STE,STE11,ASK,MAP3K6
CK2,-0.15583333333333335,72,KRSA,0.08759124087591241,1,CMGC,CK2,CK2,CSNK2A1
CK2,-0.15583333333333335,72,KRSA,0.08759124087591241,1,CMGC,CK2,CK2,CSNK2A2
CK2,-0.15583333333333335,72,KRSA,0.08759124087591241,1,NA,NA,NA,CSNK2A3
SGK,0.6041666666666666,43,KRSA,0.4504692387904067,2,AGC,SGK,SGK,SGK1
SGK,0.6041666666666666,43,KRSA,0.4504692387904067,2,AGC,SGK,SGK,SGK2
SGK,0.6041666666666666,43,KRSA,0.4504692387904067,2,AGC,SGK,SGK,SGK3
IKK,-0.22666666666666668,66,KRSA,0.16266944734098018,1,OTHER,IKK,IKK,CHUK
IKK,-0.22666666666666668,66,KRSA,0.16266944734098018,1,OTHER,IKK,IKK,IKBKB
IKK,-0.22666666666666668,66,KRSA,0.16266944734098018,1,OTHER,IKK,IKK,IKBKE
IKK,-0.22666666666666668,66,KRSA,0.16266944734098018,1,OTHER,IKK,IKK,TBK1
PAKA,-0.7925,29,KRSA,0.6256517205422315,3,STE,STE20,PAKA,PAK1
PAKA,-0.7925,29,KRSA,0.6256517205422315,3,STE,STE20,PAKA,PAK2
PAKA,-0.7925,29,KRSA,0.6256517205422315,3,STE,STE20,PAKA,PAK3
NUAK,-0.6291666666666667,41,KRSA,0.4754953076120959,2,CAMK,CAMKL,NUAK,NUAK1
NUAK,-0.6291666666666667,41,KRSA,0.4754953076120959,2,CAMK,CAMKL,NUAK,NUAK2
MAPKAPK,0.9241666666666668,23,KRSA,0.7007299270072993,3,CAMK,MAPKAPK,MAPKAPK,MAPKAPK2
MAPKAPK,0.9241666666666668,23,KRSA,0.7007299270072993,3,CAMK,MAPKAPK,MAPKAPK,MAPKAPK3
MAPKAPK,0.9241666666666668,23,KRSA,0.7007299270072993,3,CAMK,MAPKAPK,MAPKAPK,MAPKAPK5
MAPKAPK,0.9241666666666668,23,KRSA,0.7007299270072993,3,CAMK,MAPKAPK,MNK,MKNK1
MAPKAPK,0.9241666666666668,23,KRSA,0.7007299270072993,3,CAMK,MAPKAPK,MNK,MKNK2
MTOR,0.04749999999999999,77,KRSA,0.02502606882168926,1,ATYPICAL,PIKK,FRAP,MTOR
PAKB,0.01916666666666668,78,KRSA,0.01251303441084463,1,STE,STE20,PAKB,PAK4
PAKB,0.01916666666666668,78,KRSA,0.01251303441084463,1,STE,STE20,PAKB,PAK5
PAKB,0.01916666666666668,78,KRSA,0.01251303441084463,1,STE,STE20,PAKB,PAK6
PKCD,0.8833333333333333,24,KRSA,0.6882168925964547,3,AGC,PKC,DELTA,PRKCD
PKCD,0.8833333333333333,24,KRSA,0.6882168925964547,3,AGC,PKC,DELTA,PRKCQ
HAL,-0.37833333333333335,54,KRSA,0.31282586027111575,2,RGC,RGC,RGC,NPR1
TTK,-0.6466666666666667,38,KRSA,0.5130344108446299,3,OTHER,TTK,TTK,TTK
ERK,-2.3158333333333334,1,KRSA,0.9885297184567258,4,CMGC,MAPK,ERK1,MAPK1
ERK,-2.3158333333333334,1,KRSA,0.9885297184567258,4,CMGC,MAPK,ERK7,MAPK15
ERK,-2.3158333333333334,1,KRSA,0.9885297184567258,4,CMGC,MAPK,ERK1,MAPK3
ERK,-2.3158333333333334,1,KRSA,0.9885297184567258,4,CMGC,MAPK,ERK3,MAPK4
ERK,-2.3158333333333334,1,KRSA,0.9885297184567258,4,CMGC,MAPK,ERK3,MAPK6
ERK,-2.3158333333333334,1,KRSA,0.9885297184567258,4,CMGC,MAPK,ERK5,MAPK7
PKG,1.1866666666666668,12,KRSA,0.8508863399374348,4,AGC,PKG,PKG,PRKG1
PKG,1.1866666666666668,12,KRSA,0.8508863399374348,4,AGC,PKG,PKG,PRKG2
RAF,-1.1858333333333333,13,KRSA,0.8383733055265902,4,TKL,RAF,RAF,ARAF
RAF,-1.1858333333333333,13,KRSA,0.8383733055265902,4,TKL,RAF,RAF,BRAF
RAF,-1.1858333333333333,13,KRSA,0.8383733055265902,4,TKL,RAF,KSR,KSR1
RAF,-1.1858333333333333,13,KRSA,0.8383733055265902,4,TKL,RAF,KSR,KSR2
RAF,-1.1858333333333333,13,KRSA,0.8383733055265902,4,TKL,RAF,RAF,RAF1
PDK1,-1.63,5,KRSA,0.9384775808133472,4,ATYPICAL,PDHK,PDHK,PDK1
PDK1,-1.63,5,KRSA,0.9384775808133472,4,AGC,PDK1,PDK1,PDPK1
LKB,-1.0883333333333334,17,KRSA,0.7883211678832117,4,CAMK,CAMKL,LKB,STK11
PKA,1.0508333333333333,18,KRSA,0.7632950990615224,4,AGC,PKA,PKA,PRKACA
PKA,1.0508333333333333,18,KRSA,0.7632950990615224,4,AGC,PKA,PKA,PRKACB
PKA,1.0508333333333333,18,KRSA,0.7632950990615224,4,AGC,PKA,PKA,PRKACG
PKA,1.0508333333333333,18,KRSA,0.7632950990615224,4,AGC,PKA,PKA,PRKX
PKA,1.0508333333333333,18,KRSA,0.7632950990615224,4,AGC,PKA,PKA,PRKY
DYRK,-1.3191666666666666,10,KRSA,0.8759124087591241,4,CMGC,DYRK,DYRK1,DYRK1A
DYRK,-1.3191666666666666,10,KRSA,0.8759124087591241,4,CMGC,DYRK,DYRK1,DYRK1B
DYRK,-1.3191666666666666,10,KRSA,0.8759124087591241,4,CMGC,DYRK,DYRK2,DYRK2
DYRK,-1.3191666666666666,10,KRSA,0.8759124087591241,4,CMGC,DYRK,DYRK2,DYRK3
DYRK,-1.3191666666666666,10,KRSA,0.8759124087591241,4,CMGC,DYRK,DYRK2,DYRK4
DYRK,-1.3191666666666666,10,KRSA,0.8759124087591241,4,CMGC,DYRK,HIPK,HIPK1
DYRK,-1.3191666666666666,10,KRSA,0.8759124087591241,4,CMGC,DYRK,HIPK,HIPK2
DYRK,-1.3191666666666666,10,KRSA,0.8759124087591241,4,CMGC,DYRK,HIPK,HIPK3
DYRK,-1.3191666666666666,10,KRSA,0.8759124087591241,4,CMGC,DYRK,HIPK,HIPK4
DYRK,-1.3191666666666666,10,KRSA,0.8759124087591241,4,CMGC,DYRK,PRP4,PRPF4B
CDK,-1.3658333333333332,7,KRSA,0.913451511991658,4,CMGC,CDK,CDC2,CDK1
CDK,-1.3658333333333332,7,KRSA,0.913451511991658,4,CMGC,CDK,CDK10,CDK10
CDK,-1.3658333333333332,7,KRSA,0.913451511991658,4,CMGC,CDK,CRK7,CDK12
CDK,-1.3658333333333332,7,KRSA,0.913451511991658,4,CMGC,CDK,CRK7,CDK13
CDK,-1.3658333333333332,7,KRSA,0.913451511991658,4,CMGC,CDK,PFTAIRE,CDK14
CDK,-1.3658333333333332,7,KRSA,0.913451511991658,4,CMGC,CDK,PFTAIRE,CDK15
CDK,-1.3658333333333332,7,KRSA,0.913451511991658,4,CMGC,CDK,PCTAIRE,CDK16
CDK,-1.3658333333333332,7,KRSA,0.913451511991658,4,CMGC,CDK,PCTAIRE,CDK17
CDK,-1.3658333333333332,7,KRSA,0.913451511991658,4,CMGC,CDK,PCTAIRE,CDK18
CDK,-1.3658333333333332,7,KRSA,0.913451511991658,4,CMGC,CDK,CDK8,CDK19
CDK,-1.3658333333333332,7,KRSA,0.913451511991658,4,CMGC,CDK,CDC2,CDK2
CDK,-1.3658333333333332,7,KRSA,0.913451511991658,4,CMGC,CDK,CCRK,CDK20
CDK,-1.3658333333333332,7,KRSA,0.913451511991658,4,CMGC,CDK,CDC2,CDK3
CDK,-1.3658333333333332,7,KRSA,0.913451511991658,4,CMGC,CDK,CDK4,CDK4
CDK,-1.3658333333333332,7,KRSA,0.913451511991658,4,CMGC,CDK,CDK5,CDK5
CDK,-1.3658333333333332,7,KRSA,0.913451511991658,4,CMGC,CDK,CDK4,CDK6
CDK,-1.3658333333333332,7,KRSA,0.913451511991658,4,CMGC,CDK,CDK7,CDK7
CDK,-1.3658333333333332,7,KRSA,0.913451511991658,4,CMGC,CDK,CDK8,CDK8
CDK,-1.3658333333333332,7,KRSA,0.913451511991658,4,CMGC,CDK,CDK9,CDK9
CDK,-1.3658333333333332,7,KRSA,0.913451511991658,4,NA,NA,NA,CDK11A
CDK,-1.3658333333333332,7,KRSA,0.913451511991658,4,NA,NA,NA,CDK11B
DMPK,0.635,40,KRSA,0.4880083420229406,2,AGC,DMPK,GEK,CDC42BPA
DMPK,0.635,40,KRSA,0.4880083420229406,2,AGC,DMPK,GEK,CDC42BPB
DMPK,0.635,40,KRSA,0.4880083420229406,2,AGC,DMPK,GEK,CDC42BPG
DMPK,0.635,40,KRSA,0.4880083420229406,2,AGC,DMPK,CRIK,CIT
DMPK,0.635,40,KRSA,0.4880083420229406,2,AGC,DMPK,GEK,DMPK
DMPK,0.635,40,KRSA,0.4880083420229406,2,AGC,DMPK,ROCK,ROCK1
DMPK,0.635,40,KRSA,0.4880083420229406,2,AGC,DMPK,ROCK,ROCK2
VRK1,-0.19166666666666665,68,KRSA,0.13764337851929093,1,CK1,VRK,VRK,VRK1
ATM,-1.1483333333333334,15,KRSA,0.8133472367049009,4,ATYPICAL,PIKK,ATM,ATM
NMO,-1.9175,2,KRSA,0.9760166840458812,4,CMGC,MAPK,NMO,NLK
PKD,0.345,56,KRSA,0.28779979144942647,2,CAMK,PKD,PKD,PRKD1
PKD,0.345,56,KRSA,0.28779979144942647,2,CAMK,PKD,PKD,PRKD2
PKD,0.345,56,KRSA,0.28779979144942647,2,CAMK,PKD,PKD,PRKD3
DAPK,1.0308333333333333,19,KRSA,0.7507820646506778,4,CAMK,DAPK,DAPK,DAPK1
DAPK,1.0308333333333333,19,KRSA,0.7507820646506778,4,CAMK,DAPK,DAPK,DAPK2
DAPK,1.0308333333333333,19,KRSA,0.7507820646506778,4,CAMK,DAPK,DAPK,DAPK3
DAPK,1.0308333333333333,19,KRSA,0.7507820646506778,4,CAMK,DAPK,DRAK,STK17A
DAPK,1.0308333333333333,19,KRSA,0.7507820646506778,4,CAMK,DAPK,DRAK,STK17B
PLK,-1.1191666666666666,16,KRSA,0.8008342022940563,4,NA,NA,NA,PLK5
PLK,-1.1191666666666666,16,KRSA,0.8008342022940563,4,OTHER,PLK,PLK1,PLK1
PLK,-1.1191666666666666,16,KRSA,0.8008342022940563,4,OTHER,PLK,PLK2,PLK2
PLK,-1.1191666666666666,16,KRSA,0.8008342022940563,4,OTHER,PLK,PLK2,PLK3
PLK,-1.1191666666666666,16,KRSA,0.8008342022940563,4,OTHER,PLK,SAK,PLK4
JNK,-1.6616666666666666,4,KRSA,0.9509906152241918,4,CMGC,MAPK,JNK,MAPK10
JNK,-1.6616666666666666,4,KRSA,0.9509906152241918,4,CMGC,MAPK,JNK,MAPK8
JNK,-1.6616666666666666,4,KRSA,0.9509906152241918,4,CMGC,MAPK,JNK,MAPK9
PKCH,-0.11666666666666668,74,KRSA,0.06256517205422316,1,AGC,PKC,ETA,PRKCE
PKCH,-0.11666666666666668,74,KRSA,0.06256517205422316,1,AGC,PKC,ETA,PRKCH
RIPK,1.205833333333333,11,KRSA,0.8633993743482794,4,TKL,RIPK,RIPK,ANKK1
RIPK,1.205833333333333,11,KRSA,0.8633993743482794,4,TKL,RIPK,RIPK,RIPK1
RIPK,1.205833333333333,11,KRSA,0.8633993743482794,4,TKL,RIPK,RIPK,RIPK2
RIPK,1.205833333333333,11,KRSA,0.8633993743482794,4,TKL,RIPK,RIPK,RIPK3
RIPK,1.205833333333333,11,KRSA,0.8633993743482794,4,TKL,RIPK,RIPK,RIPK4
ATR,-0.7125,33,KRSA,0.5755995828988529,3,ATYPICAL,PIKK,ATR,ATR
MSN,1.3541666666666667,9,KRSA,0.8884254431699687,4,STE,STE20,MSN,MAP4K4
MSN,1.3541666666666667,9,KRSA,0.8884254431699687,4,STE,STE20,MSN,NRK
MSN,1.3541666666666667,9,KRSA,0.8884254431699687,4,STE,STE20,MSN,TNIK
TTK,-0.6466666666666667,38,KRSA,0.5130344108446299,3,OTHER,TTK,TTK,TTK
PIM,0.5408333333333334,48,KRSA,0.38790406673618355,2,CAMK,PIM,PIM,PIM1
PIM,0.5408333333333334,48,KRSA,0.38790406673618355,2,CAMK,PIM,PIM,PIM2
PIM,0.5408333333333334,48,KRSA,0.38790406673618355,2,CAMK,PIM,PIM,PIM3
PRKDC,-0.44916666666666666,51,KRSA,0.35036496350364965,2,ATYPICAL,PIKK,DNAPK,PRKDC
NAK,-0.2816666666666667,62,KRSA,0.2127215849843587,1,OTHER,NAK,BIKE,AAK1
NAK,-0.2816666666666667,62,KRSA,0.2127215849843587,1,OTHER,NAK,BIKE,BMP2K
NAK,-0.2816666666666667,62,KRSA,0.2127215849843587,1,OTHER,NAK,GAK,GAK
NAK,-0.2816666666666667,62,KRSA,0.2127215849843587,1,OTHER,NAK,MPSK,STK16
PKN,-0.6283333333333333,42,KRSA,0.4629822732012513,2,AGC,PKN,PKN,PKN1
PKN,-0.6283333333333333,42,KRSA,0.4629822732012513,2,AGC,PKN,PKN,PKN2
PKN,-0.6283333333333333,42,KRSA,0.4629822732012513,2,AGC,PKN,PKN,PKN3
PKCA,0.595,44,KRSA,0.43795620437956206,2,AGC,PKC,ALPHA,PRKCA
PKCA,0.595,44,KRSA,0.43795620437956206,2,AGC,PKC,ALPHA,PRKCB
PKCA,0.595,44,KRSA,0.43795620437956206,2,AGC,PKC,ALPHA,PRKCG
TAO,0.6466666666666666,39,KRSA,0.5005213764337852,3,STE,STE20,TAO,TAOK1
TAO,0.6466666666666666,39,KRSA,0.5005213764337852,3,STE,STE20,TAO,TAOK2
TAO,0.6466666666666666,39,KRSA,0.5005213764337852,3,STE,STE20,TAO,TAOK3
NUAK,-0.6291666666666667,41,KRSA,0.4754953076120959,2,CAMK,CAMKL,NUAK,NUAK1
NUAK,-0.6291666666666667,41,KRSA,0.4754953076120959,2,CAMK,CAMKL,NUAK,NUAK2
RSK,0.5466666666666666,47,KRSA,0.40041710114702816,2,AGC,RSK,RSK,RPS6KA1
RSK,0.5466666666666666,47,KRSA,0.40041710114702816,2,AGC,RSK,RSK,RPS6KA2
RSK,0.5466666666666666,47,KRSA,0.40041710114702816,2,AGC,RSK,RSK,RPS6KA3
RSK,0.5466666666666666,47,KRSA,0.40041710114702816,2,AGC,RSK,MSK,RPS6KA4
RSK,0.5466666666666666,47,KRSA,0.40041710114702816,2,AGC,RSK,MSK,RPS6KA5
RSK,0.5466666666666666,47,KRSA,0.40041710114702816,2,AGC,RSK,RSK,RPS6KA6
RSK,0.5466666666666666,47,KRSA,0.40041710114702816,2,AGC,RSK,P70,RPS6KB1
RSK,0.5466666666666666,47,KRSA,0.40041710114702816,2,AGC,RSK,P70,RPS6KB2
SLK,0.8191666666666666,27,KRSA,0.6506777893639207,3,STE,STE20,SLK,SLK
SLK,0.8191666666666666,27,KRSA,0.6506777893639207,3,STE,STE20,SLK,STK10
PEK,-1.505,6,KRSA,0.9259645464025026,4,OTHER,PEK,HRI,EIF2AK1
PEK,-1.505,6,KRSA,0.9259645464025026,4,OTHER,PEK,PKR,EIF2AK2
PEK,-1.505,6,KRSA,0.9259645464025026,4,OTHER,PEK,PEK,EIF2AK3
PEK,-1.505,6,KRSA,0.9259645464025026,4,OTHER,PEK,GCN2,EIF2AK4
BRSK,-0.01749999999999999,79,KRSA,0,1,CAMK,CAMKL,BRSK,BRSK1
BRSK,-0.01749999999999999,79,KRSA,0,1,CAMK,CAMKL,BRSK,BRSK2
KHS,-0.19,69,KRSA,0.1251303441084463,1,STE,STE20,KHS,MAP4K1
KHS,-0.19,69,KRSA,0.1251303441084463,1,STE,STE20,KHS,MAP4K2
KHS,-0.19,69,KRSA,0.1251303441084463,1,STE,STE20,KHS,MAP4K3
KHS,-0.19,69,KRSA,0.1251303441084463,1,STE,STE20,KHS,MAP4K5
PASK,1.7358333333333331,3,KRSA,0.9635036496350365,4,CAMK,CAMKL,PASK,PASK
MOS,0.6975,34,KRSA,0.5630865484880083,3,OTHER,MOS,MOS,MOS
TLK,-0.9975,21,KRSA,0.7257559958289885,3,OTHER,TLK,TLK,TLK1
TLK,-0.9975,21,KRSA,0.7257559958289885,3,OTHER,TLK,TLK,TLK2
CAMKK,0.8091666666666666,28,KRSA,0.6381647549530761,3,OTHER,CAMKK,META,CAMKK1
CAMKK,0.8091666666666666,28,KRSA,0.6381647549530761,3,OTHER,CAMKK,META,CAMKK2
MST,-0.23833333333333337,65,KRSA,0.17518248175182483,1,STE,STE20,MST,STK3
MST,-0.23833333333333337,65,KRSA,0.17518248175182483,1,STE,STE20,MST,STK4
P38,-0.9691666666666666,22,KRSA,0.7132429614181439,3,CMGC,MAPK,P38,MAPK11
P38,-0.9691666666666666,22,KRSA,0.7132429614181439,3,CMGC,MAPK,P38,MAPK12
P38,-0.9691666666666666,22,KRSA,0.7132429614181439,3,CMGC,MAPK,P38,MAPK13
P38,-0.9691666666666666,22,KRSA,0.7132429614181439,3,CMGC,MAPK,P38,MAPK14
AKT,0.7558333333333334,31,KRSA,0.6006256517205423,3,AGC,AKT,AKT,AKT1
AKT,0.7558333333333334,31,KRSA,0.6006256517205423,3,AGC,AKT,AKT,AKT2
AKT,0.7558333333333334,31,KRSA,0.6006256517205423,3,AGC,AKT,AKT,AKT3
QIK,-0.245,64,KRSA,0.18769551616266944,1,CAMK,CAMKL,QIK,SIK1
QIK,-0.245,64,KRSA,0.18769551616266944,1,CAMK,CAMKL,QIK,SIK2
MLCK,-0.25333333333333335,63,KRSA,0.20020855057351408,1,CAMK,MLCK,MLCK,MYLK
MLCK,-0.25333333333333335,63,KRSA,0.20020855057351408,1,CAMK,MLCK,MLCK,MYLK2
MLCK,-0.25333333333333335,63,KRSA,0.20020855057351408,1,CAMK,MLCK,MLCK,TTN
NEK,-0.7733333333333333,30,KRSA,0.6131386861313869,3,OTHER,NEK,NEK11,NEK11
NEK,-0.7733333333333333,30,KRSA,0.6131386861313869,3,OTHER,NEK,NEK2,NEK2
NEK,-0.7733333333333333,30,KRSA,0.6131386861313869,3,OTHER,NEK,NEK1,NEK3
NEK,-0.7733333333333333,30,KRSA,0.6131386861313869,3,OTHER,NEK,NEK4,NEK4
NEK,-0.7733333333333333,30,KRSA,0.6131386861313869,3,OTHER,NEK,NEK1,NEK5
NEK,-0.7733333333333333,30,KRSA,0.6131386861313869,3,OTHER,NEK,NEK6,NEK6
NEK,-0.7733333333333333,30,KRSA,0.6131386861313869,3,OTHER,NEK,NEK6,NEK7
NEK,-0.7733333333333333,30,KRSA,0.6131386861313869,3,OTHER,NEK,NEK8,NEK8
NEK,-0.7733333333333333,30,KRSA,0.6131386861313869,3,OTHER,NEK,NEK8,NEK9
SGK,0.6041666666666666,43,KRSA,0.4504692387904067,2,AGC,SGK,SGK,SGK1
SGK,0.6041666666666666,43,KRSA,0.4504692387904067,2,AGC,SGK,SGK,SGK2
SGK,0.6041666666666666,43,KRSA,0.4504692387904067,2,AGC,SGK,SGK,SGK3
CLK,-0.6941666666666667,35,KRSA,0.5505735140771637,3,CMGC,CLK,CLK,CLK1
CLK,-0.6941666666666667,35,KRSA,0.5505735140771637,3,CMGC,CLK,CLK,CLK2
CLK,-0.6941666666666667,35,KRSA,0.5505735140771637,3,CMGC,CLK,CLK,CLK3
CLK,-0.6941666666666667,35,KRSA,0.5505735140771637,3,CMGC,CLK,CLK,CLK4
BARK2,0.17333333333333334,70,KRSA,0.11261730969760167,1,AGC,GRK,BARK,GRK3
BUD32,-0.1991666666666667,67,KRSA,0.15015641293013557,1,OTHER,BUD32,BUD32,TP53RK
WNK,-0.3491666666666667,55,KRSA,0.30031282586027114,2,OTHER,WNK,WNK,WNK1
WNK,-0.3491666666666667,55,KRSA,0.30031282586027114,2,OTHER,WNK,WNK,WNK2
WNK,-0.3491666666666667,55,KRSA,0.30031282586027114,2,OTHER,WNK,WNK,WNK3
WNK,-0.3491666666666667,55,KRSA,0.30031282586027114,2,OTHER,WNK,WNK,WNK4
STE11,-0.33916666666666667,57,KRSA,0.27528675703858185,2,TKL,MLK,TAK1,MAP3K7
STE11,-0.33916666666666667,57,KRSA,0.27528675703858185,2,STE,STE11,MEKK1,MAP3K1
STE11,-0.33916666666666667,57,KRSA,0.27528675703858185,2,STE,STE11,ASK,MAP3K15
STE11,-0.33916666666666667,57,KRSA,0.27528675703858185,2,STE,STE11,MEKK2,MAP3K2
STE11,-0.33916666666666667,57,KRSA,0.27528675703858185,2,STE,STE11,MEKK2,MAP3K3
STE11,-0.33916666666666667,57,KRSA,0.27528675703858185,2,STE,STE11,MEKK4,MAP3K4
STE11,-0.33916666666666667,57,KRSA,0.27528675703858185,2,STE,STE11,ASK,MAP3K5
STE11,-0.33916666666666667,57,KRSA,0.27528675703858185,2,STE,STE11,ASK,MAP3K6
ULK,-0.6866666666666666,36,KRSA,0.5380604796663191,3,OTHER,ULK,FUSED,STK36
ULK,-0.6866666666666666,36,KRSA,0.5380604796663191,3,OTHER,ULK,ULK,ULK1
ULK,-0.6866666666666666,36,KRSA,0.5380604796663191,3,OTHER,ULK,ULK,ULK2
ULK,-0.6866666666666666,36,KRSA,0.5380604796663191,3,OTHER,ULK,ULK,ULK3
ULK,-0.6866666666666666,36,KRSA,0.5380604796663191,3,OTHER,ULK,ULK,ULK4
AUR,1.153333333333333,14,KRSA,0.8258602711157456,4,OTHER,AUR,AUR,AURKA
AUR,1.153333333333333,14,KRSA,0.8258602711157456,4,OTHER,AUR,AUR,AURKB
AUR,1.153333333333333,14,KRSA,0.8258602711157456,4,OTHER,AUR,AUR,AURKC
PKCI,1.0508333333333333,18,KRSA,0.7632950990615224,4,AGC,PKC,IOTA,PRKCI
PKCI,1.0508333333333333,18,KRSA,0.7632950990615224,4,AGC,PKC,IOTA,PRKCZ
NIK,-0.6808333333333333,37,KRSA,0.5255474452554745,3,STE,STE-UNIQUE,STE-UNIQUE,MAP3K14
MTOR,0.04749999999999999,77,KRSA,0.02502606882168926,1,ATYPICAL,PIKK,FRAP,MTOR
STKR,0.5691666666666666,46,KRSA,0.4129301355578728,2,TKL,STKR,TYPE1,ACVR1
STKR,0.5691666666666666,46,KRSA,0.4129301355578728,2,TKL,STKR,TYPE1,ACVR1B
STKR,0.5691666666666666,46,KRSA,0.4129301355578728,2,TKL,STKR,TYPE1,ACVR1C
STKR,0.5691666666666666,46,KRSA,0.4129301355578728,2,TKL,STKR,TYPE2,ACVR2A
STKR,0.5691666666666666,46,KRSA,0.4129301355578728,2,TKL,STKR,TYPE2,ACVR2B
STKR,0.5691666666666666,46,KRSA,0.4129301355578728,2,TKL,STKR,TYPE1,ACVRL1
STKR,0.5691666666666666,46,KRSA,0.4129301355578728,2,TKL,STKR,TYPE2,AMHR2
STKR,0.5691666666666666,46,KRSA,0.4129301355578728,2,TKL,STKR,TYPE1,BMPR1A
STKR,0.5691666666666666,46,KRSA,0.4129301355578728,2,TKL,STKR,TYPE1,BMPR1B
STKR,0.5691666666666666,46,KRSA,0.4129301355578728,2,TKL,STKR,TYPE2,BMPR2
STKR,0.5691666666666666,46,KRSA,0.4129301355578728,2,TKL,STKR,TYPE1,TGFBR1
STKR,0.5691666666666666,46,KRSA,0.4129301355578728,2,TKL,STKR,TYPE2,TGFBR2
GRK,0.5691666666666667,45,KRSA,0.4254431699687174,2,AGC,GRK,GRK,GRK1
GRK,0.5691666666666667,45,KRSA,0.4254431699687174,2,AGC,GRK,GRK,GRK4
GRK,0.5691666666666667,45,KRSA,0.4254431699687174,2,AGC,GRK,GRK,GRK5
GRK,0.5691666666666667,45,KRSA,0.4254431699687174,2,AGC,GRK,GRK,GRK6
GRK,0.5691666666666667,45,KRSA,0.4254431699687174,2,AGC,GRK,GRK,GRK7
PHK,0.1175,73,KRSA,0.07507820646506778,1,CAMK,PHK,PHK,PHKG1
PHK,0.1175,73,KRSA,0.07507820646506778,1,CAMK,PHK,PHK,PHKG2
CAMK2,-0.30916666666666665,61,KRSA,0.22523461939520334,1,CAMK,CAMK2,CAMK2,CAMK2A
CAMK2,-0.30916666666666665,61,KRSA,0.22523461939520334,1,CAMK,CAMK2,CAMK2,CAMK2B
CAMK2,-0.30916666666666665,61,KRSA,0.22523461939520334,1,CAMK,CAMK2,CAMK2,CAMK2D
CAMK2,-0.30916666666666665,61,KRSA,0.22523461939520334,1,CAMK,CAMK2,CAMK2,CAMK2G
STE7,-1.0008333333333337,20,KRSA,0.7382690302398331,3,STE,STE7,MEK1,MAP2K1
STE7,-1.0008333333333337,20,KRSA,0.7382690302398331,3,STE,STE7,MEK1,MAP2K2
STE7,-1.0008333333333337,20,KRSA,0.7382690302398331,3,STE,STE7,MEK3,MAP2K3
STE7,-1.0008333333333337,20,KRSA,0.7382690302398331,3,STE,STE7,MEK4,MAP2K4
STE7,-1.0008333333333337,20,KRSA,0.7382690302398331,3,STE,STE7,MEK5,MAP2K5
STE7,-1.0008333333333337,20,KRSA,0.7382690302398331,3,STE,STE7,MEK3,MAP2K6
STE7,-1.0008333333333337,20,KRSA,0.7382690302398331,3,STE,STE7,MEK7,MAP2K7
CAMK1,1.3616666666666666,8,KRSA,0.9009384775808134,4,CAMK,CAMK1,CAMK1,CAMK1
CAMK1,1.3616666666666666,8,KRSA,0.9009384775808134,4,CAMK,CAMK1,CAMK1,CAMK1D
CAMK1,1.3616666666666666,8,KRSA,0.9009384775808134,4,CAMK,CAMK1,CAMK1,CAMK1G
CAMK1,1.3616666666666666,8,KRSA,0.9009384775808134,4,CAMK,CAMK1,CAMK1,CAMK4
CAMK1,1.3616666666666666,8,KRSA,0.9009384775808134,4,CAMK,CAMK1,CAMK1,PNCK
GSK,-0.8275,26,KRSA,0.6631908237747653,3,CMGC,GSK,GSK,GSK3A
GSK,-0.8275,26,KRSA,0.6631908237747653,3,CMGC,GSK,GSK,GSK3B
RAD53,-0.07250000000000001,76,KRSA,0.03753910323253389,1,CAMK,RAD53,RAD53,CHEK2
CK2,-0.15583333333333335,72,KRSA,0.08759124087591241,1,CMGC,CK2,CK2,CSNK2A1
CK2,-0.15583333333333335,72,KRSA,0.08759124087591241,1,CMGC,CK2,CK2,CSNK2A2
CK2,-0.15583333333333335,72,KRSA,0.08759124087591241,1,NA,NA,NA,CSNK2A3
MLK,0.3325,58,KRSA,0.26277372262773724,2,TKL,MLK,ILK,ILK
MLK,0.3325,58,KRSA,0.26277372262773724,2,TKL,MLK,MLK,MAP3K10
MLK,0.3325,58,KRSA,0.26277372262773724,2,TKL,MLK,MLK,MAP3K11
MLK,0.3325,58,KRSA,0.26277372262773724,2,TKL,MLK,LZK,MAP3K12
MLK,0.3325,58,KRSA,0.26277372262773724,2,TKL,MLK,LZK,MAP3K13
MLK,0.3325,58,KRSA,0.26277372262773724,2,TKL,MLK,MLK,MAP3K9
MLK,0.3325,58,KRSA,0.26277372262773724,2,TKL,MLK,HH498,TNNI3K
AMPK,0.49333333333333335,49,KRSA,0.3753910323253389,2,CAMK,CAMKL,AMPK,PRKAA1
AMPK,0.49333333333333335,49,KRSA,0.3753910323253389,2,CAMK,CAMKL,AMPK,PRKAA2
CHK1,0.4016666666666666,53,KRSA,0.32533889468196037,2,CAMK,CAMKL,CHK1,CHEK1
MAPKAPK,0.9241666666666668,23,KRSA,0.7007299270072993,3,CAMK,MAPKAPK,MAPKAPK,MAPKAPK2
MAPKAPK,0.9241666666666668,23,KRSA,0.7007299270072993,3,CAMK,MAPKAPK,MAPKAPK,MAPKAPK3
MAPKAPK,0.9241666666666668,23,KRSA,0.7007299270072993,3,CAMK,MAPKAPK,MAPKAPK,MAPKAPK5
MAPKAPK,0.9241666666666668,23,KRSA,0.7007299270072993,3,CAMK,MAPKAPK,MNK,MKNK1
MAPKAPK,0.9241666666666668,23,KRSA,0.7007299270072993,3,CAMK,MAPKAPK,MNK,MKNK2
PKCD,0.8833333333333333,24,KRSA,0.6882168925964547,3,AGC,PKC,DELTA,PRKCD
PKCD,0.8833333333333333,24,KRSA,0.6882168925964547,3,AGC,PKC,DELTA,PRKCQ
FRAY,-0.17,71,KRSA,0.10010427528675704,1,STE,STE20,FRAY,OXSR1
FRAY,-0.17,71,KRSA,0.10010427528675704,1,STE,STE20,FRAY,STK39
PDHK,-0.86,25,KRSA,0.67570385818561,3,ATYPICAL,PDHK,BCKDK,BCKDK
PDHK,-0.86,25,KRSA,0.67570385818561,3,ATYPICAL,PDHK,PDHK,PDK2
PDHK,-0.86,25,KRSA,0.67570385818561,3,ATYPICAL,PDHK,PDHK,PDK3
PDHK,-0.86,25,KRSA,0.67570385818561,3,ATYPICAL,PDHK,PDHK,PDK4
HAL,-0.37833333333333335,54,KRSA,0.31282586027111575,2,RGC,RGC,RGC,NPR1
IKK,-0.22666666666666668,66,KRSA,0.16266944734098018,1,OTHER,IKK,IKK,CHUK
IKK,-0.22666666666666668,66,KRSA,0.16266944734098018,1,OTHER,IKK,IKK,IKBKB
IKK,-0.22666666666666668,66,KRSA,0.16266944734098018,1,OTHER,IKK,IKK,IKBKE
IKK,-0.22666666666666668,66,KRSA,0.16266944734098018,1,OTHER,IKK,IKK,TBK1
PAKB,0.01916666666666668,78,KRSA,0.01251303441084463,1,STE,STE20,PAKB,PAK4
PAKB,0.01916666666666668,78,KRSA,0.01251303441084463,1,STE,STE20,PAKB,PAK5
PAKB,0.01916666666666668,78,KRSA,0.01251303441084463,1,STE,STE20,PAKB,PAK6
CK1,-0.7516666666666667,32,KRSA,0.5881126173096975,3,CK1,CK1,CK1-A,CSNK1A1
CK1,-0.7516666666666667,32,KRSA,0.5881126173096975,3,CK1,CK1,CK1-A,CSNK1A1L
CK1,-0.7516666666666667,32,KRSA,0.5881126173096975,3,CK1,CK1,CK1-D,CSNK1D
CK1,-0.7516666666666667,32,KRSA,0.5881126173096975,3,CK1,CK1,CK1-D,CSNK1E
CK1,-0.7516666666666667,32,KRSA,0.5881126173096975,3,CK1,CK1,CK1-G,CSNK1G1
CK1,-0.7516666666666667,32,KRSA,0.5881126173096975,3,CK1,CK1,CK1-G,CSNK1G2
CK1,-0.7516666666666667,32,KRSA,0.5881126173096975,3,CK1,CK1,CK1-G,CSNK1G3
CK1,-0.7516666666666667,32,KRSA,0.5881126173096975,3,CK1,TTBK,TTBK,TTBK1
CK1,-0.7516666666666667,32,KRSA,0.5881126173096975,3,CK1,TTBK,TTBK,TTBK2
CK1,-0.7516666666666667,32,KRSA,0.5881126173096975,3,CK1,VRK,VRK,VRK3
COT,0.4116666666666667,52,KRSA,0.337851929092805,2,STE,STE-UNIQUE,STE-UNIQUE,MAP3K8
NDR,-0.33,59,KRSA,0.2502606882168926,2,AGC,NDR,NDR,LATS1
NDR,-0.33,59,KRSA,0.2502606882168926,2,AGC,NDR,NDR,LATS2
NDR,-0.33,59,KRSA,0.2502606882168926,2,AGC,NDR,NDR,STK38
NDR,-0.33,59,KRSA,0.2502606882168926,2,AGC,NDR,NDR,STK38L
IRAK,0.09666666666666666,75,KRSA,0.05005213764337852,1,TKL,IRAK,IRAK,IRAK1
IRAK,0.09666666666666666,75,KRSA,0.05005213764337852,1,TKL,IRAK,IRAK,IRAK2
IRAK,0.09666666666666666,75,KRSA,0.05005213764337852,1,TKL,IRAK,IRAK,IRAK3
IRAK,0.09666666666666666,75,KRSA,0.05005213764337852,1,TKL,IRAK,IRAK,IRAK4
MELK,0.475,50,KRSA,0.36287799791449427,2,CAMK,CAMKL,MELK,MELK
PAKA,-0.7925,29,KRSA,0.6256517205422315,3,STE,STE20,PAKA,PAK1
PAKA,-0.7925,29,KRSA,0.6256517205422315,3,STE,STE20,PAKA,PAK2
PAKA,-0.7925,29,KRSA,0.6256517205422315,3,STE,STE20,PAKA,PAK3
ERK,-2.3158333333333334,1,KRSA,0.9885297184567258,4,CMGC,MAPK,ERK1,MAPK1
ERK,-2.3158333333333334,1,KRSA,0.9885297184567258,4,CMGC,MAPK,ERK7,MAPK15
ERK,-2.3158333333333334,1,KRSA,0.9885297184567258,4,CMGC,MAPK,ERK1,MAPK3
ERK,-2.3158333333333334,1,KRSA,0.9885297184567258,4,CMGC,MAPK,ERK3,MAPK4
ERK,-2.3158333333333334,1,KRSA,0.9885297184567258,4,CMGC,MAPK,ERK3,MAPK6
ERK,-2.3158333333333334,1,KRSA,0.9885297184567258,4,CMGC,MAPK,ERK5,MAPK7
PKG,1.1866666666666668,12,KRSA,0.8508863399374348,4,AGC,PKG,PKG,PRKG1
PKG,1.1866666666666668,12,KRSA,0.8508863399374348,4,AGC,PKG,PKG,PRKG2
PDK1,-1.63,5,KRSA,0.9384775808133472,4,ATYPICAL,PDHK,PDHK,PDK1
PDK1,-1.63,5,KRSA,0.9384775808133472,4,AGC,PDK1,PDK1,PDPK1
JNK,-1.6616666666666666,4,KRSA,0.9509906152241918,4,CMGC,MAPK,JNK,MAPK10
JNK,-1.6616666666666666,4,KRSA,0.9509906152241918,4,CMGC,MAPK,JNK,MAPK8
JNK,-1.6616666666666666,4,KRSA,0.9509906152241918,4,CMGC,MAPK,JNK,MAPK9
DYRK,-1.3191666666666666,10,KRSA,0.8759124087591241,4,CMGC,DYRK,DYRK1,DYRK1A
DYRK,-1.3191666666666666,10,KRSA,0.8759124087591241,4,CMGC,DYRK,DYRK1,DYRK1B
DYRK,-1.3191666666666666,10,KRSA,0.8759124087591241,4,CMGC,DYRK,DYRK2,DYRK2
DYRK,-1.3191666666666666,10,KRSA,0.8759124087591241,4,CMGC,DYRK,DYRK2,DYRK3
DYRK,-1.3191666666666666,10,KRSA,0.8759124087591241,4,CMGC,DYRK,DYRK2,DYRK4
DYRK,-1.3191666666666666,10,KRSA,0.8759124087591241,4,CMGC,DYRK,HIPK,HIPK1
DYRK,-1.3191666666666666,10,KRSA,0.8759124087591241,4,CMGC,DYRK,HIPK,HIPK2
DYRK,-1.3191666666666666,10,KRSA,0.8759124087591241,4,CMGC,DYRK,HIPK,HIPK3
DYRK,-1.3191666666666666,10,KRSA,0.8759124087591241,4,CMGC,DYRK,HIPK,HIPK4
DYRK,-1.3191666666666666,10,KRSA,0.8759124087591241,4,CMGC,DYRK,PRP4,PRPF4B
PKA,1.0508333333333333,18,KRSA,0.7632950990615224,4,AGC,PKA,PKA,PRKACA
PKA,1.0508333333333333,18,KRSA,0.7632950990615224,4,AGC,PKA,PKA,PRKACB
PKA,1.0508333333333333,18,KRSA,0.7632950990615224,4,AGC,PKA,PKA,PRKACG
PKA,1.0508333333333333,18,KRSA,0.7632950990615224,4,AGC,PKA,PKA,PRKX
PKA,1.0508333333333333,18,KRSA,0.7632950990615224,4,AGC,PKA,PKA,PRKY
P38,-0.9691666666666666,22,KRSA,0.7132429614181439,3,CMGC,MAPK,P38,MAPK11
P38,-0.9691666666666666,22,KRSA,0.7132429614181439,3,CMGC,MAPK,P38,MAPK12
P38,-0.9691666666666666,22,KRSA,0.7132429614181439,3,CMGC,MAPK,P38,MAPK13
P38,-0.9691666666666666,22,KRSA,0.7132429614181439,3,CMGC,MAPK,P38,MAPK14
RIPK,1.205833333333333,11,KRSA,0.8633993743482794,4,TKL,RIPK,RIPK,ANKK1
RIPK,1.205833333333333,11,KRSA,0.8633993743482794,4,TKL,RIPK,RIPK,RIPK1
RIPK,1.205833333333333,11,KRSA,0.8633993743482794,4,TKL,RIPK,RIPK,RIPK2
RIPK,1.205833333333333,11,KRSA,0.8633993743482794,4,TKL,RIPK,RIPK,RIPK3
RIPK,1.205833333333333,11,KRSA,0.8633993743482794,4,TKL,RIPK,RIPK,RIPK4
CDK,-1.3658333333333332,7,KRSA,0.913451511991658,4,CMGC,CDK,CDC2,CDK1
CDK,-1.3658333333333332,7,KRSA,0.913451511991658,4,CMGC,CDK,CDK10,CDK10
CDK,-1.3658333333333332,7,KRSA,0.913451511991658,4,CMGC,CDK,CRK7,CDK12
CDK,-1.3658333333333332,7,KRSA,0.913451511991658,4,CMGC,CDK,CRK7,CDK13
CDK,-1.3658333333333332,7,KRSA,0.913451511991658,4,CMGC,CDK,PFTAIRE,CDK14
CDK,-1.3658333333333332,7,KRSA,0.913451511991658,4,CMGC,CDK,PFTAIRE,CDK15
CDK,-1.3658333333333332,7,KRSA,0.913451511991658,4,CMGC,CDK,PCTAIRE,CDK16
CDK,-1.3658333333333332,7,KRSA,0.913451511991658,4,CMGC,CDK,PCTAIRE,CDK17
CDK,-1.3658333333333332,7,KRSA,0.913451511991658,4,CMGC,CDK,PCTAIRE,CDK18
CDK,-1.3658333333333332,7,KRSA,0.913451511991658,4,CMGC,CDK,CDK8,CDK19
CDK,-1.3658333333333332,7,KRSA,0.913451511991658,4,CMGC,CDK,CDC2,CDK2
CDK,-1.3658333333333332,7,KRSA,0.913451511991658,4,CMGC,CDK,CCRK,CDK20
CDK,-1.3658333333333332,7,KRSA,0.913451511991658,4,CMGC,CDK,CDC2,CDK3
CDK,-1.3658333333333332,7,KRSA,0.913451511991658,4,CMGC,CDK,CDK4,CDK4
CDK,-1.3658333333333332,7,KRSA,0.913451511991658,4,CMGC,CDK,CDK5,CDK5
CDK,-1.3658333333333332,7,KRSA,0.913451511991658,4,CMGC,CDK,CDK4,CDK6
CDK,-1.3658333333333332,7,KRSA,0.913451511991658,4,CMGC,CDK,CDK7,CDK7
CDK,-1.3658333333333332,7,KRSA,0.913451511991658,4,CMGC,CDK,CDK8,CDK8
CDK,-1.3658333333333332,7,KRSA,0.913451511991658,4,CMGC,CDK,CDK9,CDK9
CDK,-1.3658333333333332,7,KRSA,0.913451511991658,4,NA,NA,NA,CDK11A
CDK,-1.3658333333333332,7,KRSA,0.913451511991658,4,NA,NA,NA,CDK11B
RAF,-1.1858333333333333,13,KRSA,0.8383733055265902,4,TKL,RAF,RAF,ARAF
RAF,-1.1858333333333333,13,KRSA,0.8383733055265902,4,TKL,RAF,RAF,BRAF
RAF,-1.1858333333333333,13,KRSA,0.8383733055265902,4,TKL,RAF,KSR,KSR1
RAF,-1.1858333333333333,13,KRSA,0.8383733055265902,4,TKL,RAF,KSR,KSR2
RAF,-1.1858333333333333,13,KRSA,0.8383733055265902,4,TKL,RAF,RAF,RAF1
LKB,-1.0883333333333334,17,KRSA,0.7883211678832117,4,CAMK,CAMKL,LKB,STK11
AUR,1.153333333333333,14,KRSA,0.8258602711157456,4,OTHER,AUR,AUR,AURKA
AUR,1.153333333333333,14,KRSA,0.8258602711157456,4,OTHER,AUR,AUR,AURKB
AUR,1.153333333333333,14,KRSA,0.8258602711157456,4,OTHER,AUR,AUR,AURKC
NMO,-1.9175,2,KRSA,0.9760166840458812,4,CMGC,MAPK,NMO,NLK
STE7,-1.0008333333333337,20,KRSA,0.7382690302398331,3,STE,STE7,MEK1,MAP2K1
STE7,-1.0008333333333337,20,KRSA,0.7382690302398331,3,STE,STE7,MEK1,MAP2K2
STE7,-1.0008333333333337,20,KRSA,0.7382690302398331,3,STE,STE7,MEK3,MAP2K3
STE7,-1.0008333333333337,20,KRSA,0.7382690302398331,3,STE,STE7,MEK4,MAP2K4
STE7,-1.0008333333333337,20,KRSA,0.7382690302398331,3,STE,STE7,MEK5,MAP2K5
STE7,-1.0008333333333337,20,KRSA,0.7382690302398331,3,STE,STE7,MEK3,MAP2K6
STE7,-1.0008333333333337,20,KRSA,0.7382690302398331,3,STE,STE7,MEK7,MAP2K7
PEK,-1.505,6,KRSA,0.9259645464025026,4,OTHER,PEK,HRI,EIF2AK1
PEK,-1.505,6,KRSA,0.9259645464025026,4,OTHER,PEK,PKR,EIF2AK2
PEK,-1.505,6,KRSA,0.9259645464025026,4,OTHER,PEK,PEK,EIF2AK3
PEK,-1.505,6,KRSA,0.9259645464025026,4,OTHER,PEK,GCN2,EIF2AK4
MLCK,-0.25333333333333335,63,KRSA,0.20020855057351408,1,CAMK,MLCK,MLCK,MYLK
MLCK,-0.25333333333333335,63,KRSA,0.20020855057351408,1,CAMK,MLCK,MLCK,MYLK2
MLCK,-0.25333333333333335,63,KRSA,0.20020855057351408,1,CAMK,MLCK,MLCK,TTN
VRK1,-0.19166666666666665,68,KRSA,0.13764337851929093,1,CK1,VRK,VRK,VRK1
PASK,1.7358333333333331,3,KRSA,0.9635036496350365,4,CAMK,CAMKL,PASK,PASK
CAMKK,0.8091666666666666,28,KRSA,0.6381647549530761,3,OTHER,CAMKK,META,CAMKK1
CAMKK,0.8091666666666666,28,KRSA,0.6381647549530761,3,OTHER,CAMKK,META,CAMKK2
MOS,0.6975,34,KRSA,0.5630865484880083,3,OTHER,MOS,MOS,MOS
PLK,-1.1191666666666666,16,KRSA,0.8008342022940563,4,NA,NA,NA,PLK5
PLK,-1.1191666666666666,16,KRSA,0.8008342022940563,4,OTHER,PLK,PLK1,PLK1
PLK,-1.1191666666666666,16,KRSA,0.8008342022940563,4,OTHER,PLK,PLK2,PLK2
PLK,-1.1191666666666666,16,KRSA,0.8008342022940563,4,OTHER,PLK,PLK2,PLK3
PLK,-1.1191666666666666,16,KRSA,0.8008342022940563,4,OTHER,PLK,SAK,PLK4
SLK,0.8191666666666666,27,KRSA,0.6506777893639207,3,STE,STE20,SLK,SLK
SLK,0.8191666666666666,27,KRSA,0.6506777893639207,3,STE,STE20,SLK,STK10
ATM,-1.1483333333333334,15,KRSA,0.8133472367049009,4,ATYPICAL,PIKK,ATM,ATM
NEK,-0.7733333333333333,30,KRSA,0.6131386861313869,3,OTHER,NEK,NEK11,NEK11
NEK,-0.7733333333333333,30,KRSA,0.6131386861313869,3,OTHER,NEK,NEK2,NEK2
NEK,-0.7733333333333333,30,KRSA,0.6131386861313869,3,OTHER,NEK,NEK1,NEK3
NEK,-0.7733333333333333,30,KRSA,0.6131386861313869,3,OTHER,NEK,NEK4,NEK4
NEK,-0.7733333333333333,30,KRSA,0.6131386861313869,3,OTHER,NEK,NEK1,NEK5
NEK,-0.7733333333333333,30,KRSA,0.6131386861313869,3,OTHER,NEK,NEK6,NEK6
NEK,-0.7733333333333333,30,KRSA,0.6131386861313869,3,OTHER,NEK,NEK6,NEK7
NEK,-0.7733333333333333,30,KRSA,0.6131386861313869,3,OTHER,NEK,NEK8,NEK8
NEK,-0.7733333333333333,30,KRSA,0.6131386861313869,3,OTHER,NEK,NEK8,NEK9
DMPK,0.635,40,KRSA,0.4880083420229406,2,AGC,DMPK,GEK,CDC42BPA
DMPK,0.635,40,KRSA,0.4880083420229406,2,AGC,DMPK,GEK,CDC42BPB
DMPK,0.635,40,KRSA,0.4880083420229406,2,AGC,DMPK,GEK,CDC42BPG
DMPK,0.635,40,KRSA,0.4880083420229406,2,AGC,DMPK,CRIK,CIT
DMPK,0.635,40,KRSA,0.4880083420229406,2,AGC,DMPK,GEK,DMPK
DMPK,0.635,40,KRSA,0.4880083420229406,2,AGC,DMPK,ROCK,ROCK1
DMPK,0.635,40,KRSA,0.4880083420229406,2,AGC,DMPK,ROCK,ROCK2
BARK2,0.17333333333333334,70,KRSA,0.11261730969760167,1,AGC,GRK,BARK,GRK3
PKCA,0.595,44,KRSA,0.43795620437956206,2,AGC,PKC,ALPHA,PRKCA
PKCA,0.595,44,KRSA,0.43795620437956206,2,AGC,PKC,ALPHA,PRKCB
PKCA,0.595,44,KRSA,0.43795620437956206,2,AGC,PKC,ALPHA,PRKCG
CK2,-0.15583333333333335,72,KRSA,0.08759124087591241,1,CMGC,CK2,CK2,CSNK2A1
CK2,-0.15583333333333335,72,KRSA,0.08759124087591241,1,CMGC,CK2,CK2,CSNK2A2
CK2,-0.15583333333333335,72,KRSA,0.08759124087591241,1,NA,NA,NA,CSNK2A3
PRKDC,-0.44916666666666666,51,KRSA,0.35036496350364965,2,ATYPICAL,PIKK,DNAPK,PRKDC
DAPK,1.0308333333333333,19,KRSA,0.7507820646506778,4,CAMK,DAPK,DAPK,DAPK1
DAPK,1.0308333333333333,19,KRSA,0.7507820646506778,4,CAMK,DAPK,DAPK,DAPK2
DAPK,1.0308333333333333,19,KRSA,0.7507820646506778,4,CAMK,DAPK,DAPK,DAPK3
DAPK,1.0308333333333333,19,KRSA,0.7507820646506778,4,CAMK,DAPK,DRAK,STK17A
DAPK,1.0308333333333333,19,KRSA,0.7507820646506778,4,CAMK,DAPK,DRAK,STK17B
PKCD,0.8833333333333333,24,KRSA,0.6882168925964547,3,AGC,PKC,DELTA,PRKCD
PKCD,0.8833333333333333,24,KRSA,0.6882168925964547,3,AGC,PKC,DELTA,PRKCQ
STKR,0.5691666666666666,46,KRSA,0.4129301355578728,2,TKL,STKR,TYPE1,ACVR1
STKR,0.5691666666666666,46,KRSA,0.4129301355578728,2,TKL,STKR,TYPE1,ACVR1B
STKR,0.5691666666666666,46,KRSA,0.4129301355578728,2,TKL,STKR,TYPE1,ACVR1C
STKR,0.5691666666666666,46,KRSA,0.4129301355578728,2,TKL,STKR,TYPE2,ACVR2A
STKR,0.5691666666666666,46,KRSA,0.4129301355578728,2,TKL,STKR,TYPE2,ACVR2B
STKR,0.5691666666666666,46,KRSA,0.4129301355578728,2,TKL,STKR,TYPE1,ACVRL1
STKR,0.5691666666666666,46,KRSA,0.4129301355578728,2,TKL,STKR,TYPE2,AMHR2
STKR,0.5691666666666666,46,KRSA,0.4129301355578728,2,TKL,STKR,TYPE1,BMPR1A
STKR,0.5691666666666666,46,KRSA,0.4129301355578728,2,TKL,STKR,TYPE1,BMPR1B
STKR,0.5691666666666666,46,KRSA,0.4129301355578728,2,TKL,STKR,TYPE2,BMPR2
STKR,0.5691666666666666,46,KRSA,0.4129301355578728,2,TKL,STKR,TYPE1,TGFBR1
STKR,0.5691666666666666,46,KRSA,0.4129301355578728,2,TKL,STKR,TYPE2,TGFBR2
TLK,-0.9975,21,KRSA,0.7257559958289885,3,OTHER,TLK,TLK,TLK1
TLK,-0.9975,21,KRSA,0.7257559958289885,3,OTHER,TLK,TLK,TLK2
NAK,-0.2816666666666667,62,KRSA,0.2127215849843587,1,OTHER,NAK,BIKE,AAK1
NAK,-0.2816666666666667,62,KRSA,0.2127215849843587,1,OTHER,NAK,BIKE,BMP2K
NAK,-0.2816666666666667,62,KRSA,0.2127215849843587,1,OTHER,NAK,GAK,GAK
NAK,-0.2816666666666667,62,KRSA,0.2127215849843587,1,OTHER,NAK,MPSK,STK16
NUAK,-0.6291666666666667,41,KRSA,0.4754953076120959,2,CAMK,CAMKL,NUAK,NUAK1
NUAK,-0.6291666666666667,41,KRSA,0.4754953076120959,2,CAMK,CAMKL,NUAK,NUAK2
TTK,-0.6466666666666667,38,KRSA,0.5130344108446299,3,OTHER,TTK,TTK,TTK
PKN,-0.6283333333333333,42,KRSA,0.4629822732012513,2,AGC,PKN,PKN,PKN1
PKN,-0.6283333333333333,42,KRSA,0.4629822732012513,2,AGC,PKN,PKN,PKN2
PKN,-0.6283333333333333,42,KRSA,0.4629822732012513,2,AGC,PKN,PKN,PKN3
RSK,0.5466666666666666,47,KRSA,0.40041710114702816,2,AGC,RSK,RSK,RPS6KA1
RSK,0.5466666666666666,47,KRSA,0.40041710114702816,2,AGC,RSK,RSK,RPS6KA2
RSK,0.5466666666666666,47,KRSA,0.40041710114702816,2,AGC,RSK,RSK,RPS6KA3
RSK,0.5466666666666666,47,KRSA,0.40041710114702816,2,AGC,RSK,MSK,RPS6KA4
RSK,0.5466666666666666,47,KRSA,0.40041710114702816,2,AGC,RSK,MSK,RPS6KA5
RSK,0.5466666666666666,47,KRSA,0.40041710114702816,2,AGC,RSK,RSK,RPS6KA6
RSK,0.5466666666666666,47,KRSA,0.40041710114702816,2,AGC,RSK,P70,RPS6KB1
RSK,0.5466666666666666,47,KRSA,0.40041710114702816,2,AGC,RSK,P70,RPS6KB2
MST,-0.23833333333333337,65,KRSA,0.17518248175182483,1,STE,STE20,MST,STK3
MST,-0.23833333333333337,65,KRSA,0.17518248175182483,1,STE,STE20,MST,STK4
QIK,-0.245,64,KRSA,0.18769551616266944,1,CAMK,CAMKL,QIK,SIK1
QIK,-0.245,64,KRSA,0.18769551616266944,1,CAMK,CAMKL,QIK,SIK2
CK1,-0.7516666666666667,32,KRSA,0.5881126173096975,3,CK1,CK1,CK1-A,CSNK1A1
CK1,-0.7516666666666667,32,KRSA,0.5881126173096975,3,CK1,CK1,CK1-A,CSNK1A1L
CK1,-0.7516666666666667,32,KRSA,0.5881126173096975,3,CK1,CK1,CK1-D,CSNK1D
CK1,-0.7516666666666667,32,KRSA,0.5881126173096975,3,CK1,CK1,CK1-D,CSNK1E
CK1,-0.7516666666666667,32,KRSA,0.5881126173096975,3,CK1,CK1,CK1-G,CSNK1G1
CK1,-0.7516666666666667,32,KRSA,0.5881126173096975,3,CK1,CK1,CK1-G,CSNK1G2
CK1,-0.7516666666666667,32,KRSA,0.5881126173096975,3,CK1,CK1,CK1-G,CSNK1G3
CK1,-0.7516666666666667,32,KRSA,0.5881126173096975,3,CK1,TTBK,TTBK,TTBK1
CK1,-0.7516666666666667,32,KRSA,0.5881126173096975,3,CK1,TTBK,TTBK,TTBK2
CK1,-0.7516666666666667,32,KRSA,0.5881126173096975,3,CK1,VRK,VRK,VRK3
PIM,0.5408333333333334,48,KRSA,0.38790406673618355,2,CAMK,PIM,PIM,PIM1
PIM,0.5408333333333334,48,KRSA,0.38790406673618355,2,CAMK,PIM,PIM,PIM2
PIM,0.5408333333333334,48,KRSA,0.38790406673618355,2,CAMK,PIM,PIM,PIM3
PKD,0.345,56,KRSA,0.28779979144942647,2,CAMK,PKD,PKD,PRKD1
PKD,0.345,56,KRSA,0.28779979144942647,2,CAMK,PKD,PKD,PRKD2
PKD,0.345,56,KRSA,0.28779979144942647,2,CAMK,PKD,PKD,PRKD3
AKT,0.7558333333333334,31,KRSA,0.6006256517205423,3,AGC,AKT,AKT,AKT1
AKT,0.7558333333333334,31,KRSA,0.6006256517205423,3,AGC,AKT,AKT,AKT2
AKT,0.7558333333333334,31,KRSA,0.6006256517205423,3,AGC,AKT,AKT,AKT3
AMPK,0.49333333333333335,49,KRSA,0.3753910323253389,2,CAMK,CAMKL,AMPK,PRKAA1
AMPK,0.49333333333333335,49,KRSA,0.3753910323253389,2,CAMK,CAMKL,AMPK,PRKAA2
MSN,1.3541666666666667,9,KRSA,0.8884254431699687,4,STE,STE20,MSN,MAP4K4
MSN,1.3541666666666667,9,KRSA,0.8884254431699687,4,STE,STE20,MSN,NRK
MSN,1.3541666666666667,9,KRSA,0.8884254431699687,4,STE,STE20,MSN,TNIK
ATR,-0.7125,33,KRSA,0.5755995828988529,3,ATYPICAL,PIKK,ATR,ATR
CHK1,0.4016666666666666,53,KRSA,0.32533889468196037,2,CAMK,CAMKL,CHK1,CHEK1
BUD32,-0.1991666666666667,67,KRSA,0.15015641293013557,1,OTHER,BUD32,BUD32,TP53RK
BRSK,-0.01749999999999999,79,KRSA,0,1,CAMK,CAMKL,BRSK,BRSK1
BRSK,-0.01749999999999999,79,KRSA,0,1,CAMK,CAMKL,BRSK,BRSK2
FRAY,-0.17,71,KRSA,0.10010427528675704,1,STE,STE20,FRAY,OXSR1
FRAY,-0.17,71,KRSA,0.10010427528675704,1,STE,STE20,FRAY,STK39
WNK,-0.3491666666666667,55,KRSA,0.30031282586027114,2,OTHER,WNK,WNK,WNK1
WNK,-0.3491666666666667,55,KRSA,0.30031282586027114,2,OTHER,WNK,WNK,WNK2
WNK,-0.3491666666666667,55,KRSA,0.30031282586027114,2,OTHER,WNK,WNK,WNK3
WNK,-0.3491666666666667,55,KRSA,0.30031282586027114,2,OTHER,WNK,WNK,WNK4
TAO,0.6466666666666666,39,KRSA,0.5005213764337852,3,STE,STE20,TAO,TAOK1
TAO,0.6466666666666666,39,KRSA,0.5005213764337852,3,STE,STE20,TAO,TAOK2
TAO,0.6466666666666666,39,KRSA,0.5005213764337852,3,STE,STE20,TAO,TAOK3
ULK,-0.6866666666666666,36,KRSA,0.5380604796663191,3,OTHER,ULK,FUSED,STK36
ULK,-0.6866666666666666,36,KRSA,0.5380604796663191,3,OTHER,ULK,ULK,ULK1
ULK,-0.6866666666666666,36,KRSA,0.5380604796663191,3,OTHER,ULK,ULK,ULK2
ULK,-0.6866666666666666,36,KRSA,0.5380604796663191,3,OTHER,ULK,ULK,ULK3
ULK,-0.6866666666666666,36,KRSA,0.5380604796663191,3,OTHER,ULK,ULK,ULK4
NIK,-0.6808333333333333,37,KRSA,0.5255474452554745,3,STE,STE-UNIQUE,STE-UNIQUE,MAP3K14
KHS,-0.19,69,KRSA,0.1251303441084463,1,STE,STE20,KHS,MAP4K1
KHS,-0.19,69,KRSA,0.1251303441084463,1,STE,STE20,KHS,MAP4K2
KHS,-0.19,69,KRSA,0.1251303441084463,1,STE,STE20,KHS,MAP4K3
KHS,-0.19,69,KRSA,0.1251303441084463,1,STE,STE20,KHS,MAP4K5
PKCH,-0.11666666666666668,74,KRSA,0.06256517205422316,1,AGC,PKC,ETA,PRKCE
PKCH,-0.11666666666666668,74,KRSA,0.06256517205422316,1,AGC,PKC,ETA,PRKCH
CLK,-0.6941666666666667,35,KRSA,0.5505735140771637,3,CMGC,CLK,CLK,CLK1
CLK,-0.6941666666666667,35,KRSA,0.5505735140771637,3,CMGC,CLK,CLK,CLK2
CLK,-0.6941666666666667,35,KRSA,0.5505735140771637,3,CMGC,CLK,CLK,CLK3
CLK,-0.6941666666666667,35,KRSA,0.5505735140771637,3,CMGC,CLK,CLK,CLK4
PDHK,-0.86,25,KRSA,0.67570385818561,3,ATYPICAL,PDHK,BCKDK,BCKDK
PDHK,-0.86,25,KRSA,0.67570385818561,3,ATYPICAL,PDHK,PDHK,PDK2
PDHK,-0.86,25,KRSA,0.67570385818561,3,ATYPICAL,PDHK,PDHK,PDK3
PDHK,-0.86,25,KRSA,0.67570385818561,3,ATYPICAL,PDHK,PDHK,PDK4
SGK,0.6041666666666666,43,KRSA,0.4504692387904067,2,AGC,SGK,SGK,SGK1
SGK,0.6041666666666666,43,KRSA,0.4504692387904067,2,AGC,SGK,SGK,SGK2
SGK,0.6041666666666666,43,KRSA,0.4504692387904067,2,AGC,SGK,SGK,SGK3
HAL,-0.37833333333333335,54,KRSA,0.31282586027111575,2,RGC,RGC,RGC,NPR1
MAPKAPK,0.9241666666666668,23,KRSA,0.7007299270072993,3,CAMK,MAPKAPK,MAPKAPK,MAPKAPK2
MAPKAPK,0.9241666666666668,23,KRSA,0.7007299270072993,3,CAMK,MAPKAPK,MAPKAPK,MAPKAPK3
MAPKAPK,0.9241666666666668,23,KRSA,0.7007299270072993,3,CAMK,MAPKAPK,MAPKAPK,MAPKAPK5
MAPKAPK,0.9241666666666668,23,KRSA,0.7007299270072993,3,CAMK,MAPKAPK,MNK,MKNK1
MAPKAPK,0.9241666666666668,23,KRSA,0.7007299270072993,3,CAMK,MAPKAPK,MNK,MKNK2
RAD53,-0.07250000000000001,76,KRSA,0.03753910323253389,1,CAMK,RAD53,RAD53,CHEK2
PAKB,0.01916666666666668,78,KRSA,0.01251303441084463,1,STE,STE20,PAKB,PAK4
PAKB,0.01916666666666668,78,KRSA,0.01251303441084463,1,STE,STE20,PAKB,PAK5
PAKB,0.01916666666666668,78,KRSA,0.01251303441084463,1,STE,STE20,PAKB,PAK6
GRK,0.5691666666666667,45,KRSA,0.4254431699687174,2,AGC,GRK,GRK,GRK1
GRK,0.5691666666666667,45,KRSA,0.4254431699687174,2,AGC,GRK,GRK,GRK4
GRK,0.5691666666666667,45,KRSA,0.4254431699687174,2,AGC,GRK,GRK,GRK5
GRK,0.5691666666666667,45,KRSA,0.4254431699687174,2,AGC,GRK,GRK,GRK6
GRK,0.5691666666666667,45,KRSA,0.4254431699687174,2,AGC,GRK,GRK,GRK7
IKK,-0.22666666666666668,66,KRSA,0.16266944734098018,1,OTHER,IKK,IKK,CHUK
IKK,-0.22666666666666668,66,KRSA,0.16266944734098018,1,OTHER,IKK,IKK,IKBKB
IKK,-0.22666666666666668,66,KRSA,0.16266944734098018,1,OTHER,IKK,IKK,IKBKE
IKK,-0.22666666666666668,66,KRSA,0.16266944734098018,1,OTHER,IKK,IKK,TBK1
MTOR,0.04749999999999999,77,KRSA,0.02502606882168926,1,ATYPICAL,PIKK,FRAP,MTOR
NDR,-0.33,59,KRSA,0.2502606882168926,2,AGC,NDR,NDR,LATS1
NDR,-0.33,59,KRSA,0.2502606882168926,2,AGC,NDR,NDR,LATS2
NDR,-0.33,59,KRSA,0.2502606882168926,2,AGC,NDR,NDR,STK38
NDR,-0.33,59,KRSA,0.2502606882168926,2,AGC,NDR,NDR,STK38L
GSK,-0.8275,26,KRSA,0.6631908237747653,3,CMGC,GSK,GSK,GSK3A
GSK,-0.8275,26,KRSA,0.6631908237747653,3,CMGC,GSK,GSK,GSK3B
COT,0.4116666666666667,52,KRSA,0.337851929092805,2,STE,STE-UNIQUE,STE-UNIQUE,MAP3K8
PKCI,1.0508333333333333,18,KRSA,0.7632950990615224,4,AGC,PKC,IOTA,PRKCI
PKCI,1.0508333333333333,18,KRSA,0.7632950990615224,4,AGC,PKC,IOTA,PRKCZ
CAMK2,-0.30916666666666665,61,KRSA,0.22523461939520334,1,CAMK,CAMK2,CAMK2,CAMK2A
CAMK2,-0.30916666666666665,61,KRSA,0.22523461939520334,1,CAMK,CAMK2,CAMK2,CAMK2B
CAMK2,-0.30916666666666665,61,KRSA,0.22523461939520334,1,CAMK,CAMK2,CAMK2,CAMK2D
CAMK2,-0.30916666666666665,61,KRSA,0.22523461939520334,1,CAMK,CAMK2,CAMK2,CAMK2G
IRAK,0.09666666666666666,75,KRSA,0.05005213764337852,1,TKL,IRAK,IRAK,IRAK1
IRAK,0.09666666666666666,75,KRSA,0.05005213764337852,1,TKL,IRAK,IRAK,IRAK2
IRAK,0.09666666666666666,75,KRSA,0.05005213764337852,1,TKL,IRAK,IRAK,IRAK3
IRAK,0.09666666666666666,75,KRSA,0.05005213764337852,1,TKL,IRAK,IRAK,IRAK4
PAKA,-0.7925,29,KRSA,0.6256517205422315,3,STE,STE20,PAKA,PAK1
PAKA,-0.7925,29,KRSA,0.6256517205422315,3,STE,STE20,PAKA,PAK2
PAKA,-0.7925,29,KRSA,0.6256517205422315,3,STE,STE20,PAKA,PAK3
CAMK1,1.3616666666666666,8,KRSA,0.9009384775808134,4,CAMK,CAMK1,CAMK1,CAMK1
CAMK1,1.3616666666666666,8,KRSA,0.9009384775808134,4,CAMK,CAMK1,CAMK1,CAMK1D
CAMK1,1.3616666666666666,8,KRSA,0.9009384775808134,4,CAMK,CAMK1,CAMK1,CAMK1G
CAMK1,1.3616666666666666,8,KRSA,0.9009384775808134,4,CAMK,CAMK1,CAMK1,CAMK4
CAMK1,1.3616666666666666,8,KRSA,0.9009384775808134,4,CAMK,CAMK1,CAMK1,PNCK
MLK,0.3325,58,KRSA,0.26277372262773724,2,TKL,MLK,ILK,ILK
MLK,0.3325,58,KRSA,0.26277372262773724,2,TKL,MLK,MLK,MAP3K10
MLK,0.3325,58,KRSA,0.26277372262773724,2,TKL,MLK,MLK,MAP3K11
MLK,0.3325,58,KRSA,0.26277372262773724,2,TKL,MLK,LZK,MAP3K12
MLK,0.3325,58,KRSA,0.26277372262773724,2,TKL,MLK,LZK,MAP3K13
MLK,0.3325,58,KRSA,0.26277372262773724,2,TKL,MLK,MLK,MAP3K9
MLK,0.3325,58,KRSA,0.26277372262773724,2,TKL,MLK,HH498,TNNI3K
STE11,-0.33916666666666667,57,KRSA,0.27528675703858185,2,TKL,MLK,TAK1,MAP3K7
STE11,-0.33916666666666667,57,KRSA,0.27528675703858185,2,STE,STE11,MEKK1,MAP3K1
STE11,-0.33916666666666667,57,KRSA,0.27528675703858185,2,STE,STE11,ASK,MAP3K15
STE11,-0.33916666666666667,57,KRSA,0.27528675703858185,2,STE,STE11,MEKK2,MAP3K2
STE11,-0.33916666666666667,57,KRSA,0.27528675703858185,2,STE,STE11,MEKK2,MAP3K3
STE11,-0.33916666666666667,57,KRSA,0.27528675703858185,2,STE,STE11,MEKK4,MAP3K4
STE11,-0.33916666666666667,57,KRSA,0.27528675703858185,2,STE,STE11,ASK,MAP3K5
STE11,-0.33916666666666667,57,KRSA,0.27528675703858185,2,STE,STE11,ASK,MAP3K6
MELK,0.475,50,KRSA,0.36287799791449427,2,CAMK,CAMKL,MELK,MELK
PHK,0.1175,73,KRSA,0.07507820646506778,1,CAMK,PHK,PHK,PHKG1
PHK,0.1175,73,KRSA,0.07507820646506778,1,CAMK,PHK,PHK,PHKG2
MAPKAPK,0.9241666666666668,23,KRSA,0.7007299270072993,3,CAMK,MAPKAPK,MAPKAPK,MAPKAPK2
MAPKAPK,0.9241666666666668,23,KRSA,0.7007299270072993,3,CAMK,MAPKAPK,MAPKAPK,MAPKAPK3
MAPKAPK,0.9241666666666668,23,KRSA,0.7007299270072993,3,CAMK,MAPKAPK,MAPKAPK,MAPKAPK5
MAPKAPK,0.9241666666666668,23,KRSA,0.7007299270072993,3,CAMK,MAPKAPK,MNK,MKNK1
MAPKAPK,0.9241666666666668,23,KRSA,0.7007299270072993,3,CAMK,MAPKAPK,MNK,MKNK2
PLK,-1.1191666666666666,16,KRSA,0.8008342022940563,4,NA,NA,NA,PLK5
PLK,-1.1191666666666666,16,KRSA,0.8008342022940563,4,OTHER,PLK,PLK1,PLK1
PLK,-1.1191666666666666,16,KRSA,0.8008342022940563,4,OTHER,PLK,PLK2,PLK2
PLK,-1.1191666666666666,16,KRSA,0.8008342022940563,4,OTHER,PLK,PLK2,PLK3
PLK,-1.1191666666666666,16,KRSA,0.8008342022940563,4,OTHER,PLK,SAK,PLK4
LKB,-1.0883333333333334,17,KRSA,0.7883211678832117,4,CAMK,CAMKL,LKB,STK11
NMO,-1.9175,2,KRSA,0.9760166840458812,4,CMGC,MAPK,NMO,NLK
PDHK,-0.86,25,KRSA,0.67570385818561,3,ATYPICAL,PDHK,BCKDK,BCKDK
PDHK,-0.86,25,KRSA,0.67570385818561,3,ATYPICAL,PDHK,PDHK,PDK2
PDHK,-0.86,25,KRSA,0.67570385818561,3,ATYPICAL,PDHK,PDHK,PDK3
PDHK,-0.86,25,KRSA,0.67570385818561,3,ATYPICAL,PDHK,PDHK,PDK4
ERK,-2.3158333333333334,1,KRSA,0.9885297184567258,4,CMGC,MAPK,ERK1,MAPK1
ERK,-2.3158333333333334,1,KRSA,0.9885297184567258,4,CMGC,MAPK,ERK7,MAPK15
ERK,-2.3158333333333334,1,KRSA,0.9885297184567258,4,CMGC,MAPK,ERK1,MAPK3
ERK,-2.3158333333333334,1,KRSA,0.9885297184567258,4,CMGC,MAPK,ERK3,MAPK4
ERK,-2.3158333333333334,1,KRSA,0.9885297184567258,4,CMGC,MAPK,ERK3,MAPK6
ERK,-2.3158333333333334,1,KRSA,0.9885297184567258,4,CMGC,MAPK,ERK5,MAPK7
JNK,-1.6616666666666666,4,KRSA,0.9509906152241918,4,CMGC,MAPK,JNK,MAPK10
JNK,-1.6616666666666666,4,KRSA,0.9509906152241918,4,CMGC,MAPK,JNK,MAPK8
JNK,-1.6616666666666666,4,KRSA,0.9509906152241918,4,CMGC,MAPK,JNK,MAPK9
RIPK,1.205833333333333,11,KRSA,0.8633993743482794,4,TKL,RIPK,RIPK,ANKK1
RIPK,1.205833333333333,11,KRSA,0.8633993743482794,4,TKL,RIPK,RIPK,RIPK1
RIPK,1.205833333333333,11,KRSA,0.8633993743482794,4,TKL,RIPK,RIPK,RIPK2
RIPK,1.205833333333333,11,KRSA,0.8633993743482794,4,TKL,RIPK,RIPK,RIPK3
RIPK,1.205833333333333,11,KRSA,0.8633993743482794,4,TKL,RIPK,RIPK,RIPK4
MST,-0.23833333333333337,65,KRSA,0.17518248175182483,1,STE,STE20,MST,STK3
MST,-0.23833333333333337,65,KRSA,0.17518248175182483,1,STE,STE20,MST,STK4
STKR,0.5691666666666666,46,KRSA,0.4129301355578728,2,TKL,STKR,TYPE1,ACVR1
STKR,0.5691666666666666,46,KRSA,0.4129301355578728,2,TKL,STKR,TYPE1,ACVR1B
STKR,0.5691666666666666,46,KRSA,0.4129301355578728,2,TKL,STKR,TYPE1,ACVR1C
STKR,0.5691666666666666,46,KRSA,0.4129301355578728,2,TKL,STKR,TYPE2,ACVR2A
STKR,0.5691666666666666,46,KRSA,0.4129301355578728,2,TKL,STKR,TYPE2,ACVR2B
STKR,0.5691666666666666,46,KRSA,0.4129301355578728,2,TKL,STKR,TYPE1,ACVRL1
STKR,0.5691666666666666,46,KRSA,0.4129301355578728,2,TKL,STKR,TYPE2,AMHR2
STKR,0.5691666666666666,46,KRSA,0.4129301355578728,2,TKL,STKR,TYPE1,BMPR1A
STKR,0.5691666666666666,46,KRSA,0.4129301355578728,2,TKL,STKR,TYPE1,BMPR1B
STKR,0.5691666666666666,46,KRSA,0.4129301355578728,2,TKL,STKR,TYPE2,BMPR2
STKR,0.5691666666666666,46,KRSA,0.4129301355578728,2,TKL,STKR,TYPE1,TGFBR1
STKR,0.5691666666666666,46,KRSA,0.4129301355578728,2,TKL,STKR,TYPE2,TGFBR2
PDK1,-1.63,5,KRSA,0.9384775808133472,4,ATYPICAL,PDHK,PDHK,PDK1
PDK1,-1.63,5,KRSA,0.9384775808133472,4,AGC,PDK1,PDK1,PDPK1
NEK,-0.7733333333333333,30,KRSA,0.6131386861313869,3,OTHER,NEK,NEK11,NEK11
NEK,-0.7733333333333333,30,KRSA,0.6131386861313869,3,OTHER,NEK,NEK2,NEK2
NEK,-0.7733333333333333,30,KRSA,0.6131386861313869,3,OTHER,NEK,NEK1,NEK3
NEK,-0.7733333333333333,30,KRSA,0.6131386861313869,3,OTHER,NEK,NEK4,NEK4
NEK,-0.7733333333333333,30,KRSA,0.6131386861313869,3,OTHER,NEK,NEK1,NEK5
NEK,-0.7733333333333333,30,KRSA,0.6131386861313869,3,OTHER,NEK,NEK6,NEK6
NEK,-0.7733333333333333,30,KRSA,0.6131386861313869,3,OTHER,NEK,NEK6,NEK7
NEK,-0.7733333333333333,30,KRSA,0.6131386861313869,3,OTHER,NEK,NEK8,NEK8
NEK,-0.7733333333333333,30,KRSA,0.6131386861313869,3,OTHER,NEK,NEK8,NEK9
PIM,0.5408333333333334,48,KRSA,0.38790406673618355,2,CAMK,PIM,PIM,PIM1
PIM,0.5408333333333334,48,KRSA,0.38790406673618355,2,CAMK,PIM,PIM,PIM2
PIM,0.5408333333333334,48,KRSA,0.38790406673618355,2,CAMK,PIM,PIM,PIM3
ATM,-1.1483333333333334,15,KRSA,0.8133472367049009,4,ATYPICAL,PIKK,ATM,ATM
STE7,-1.0008333333333337,20,KRSA,0.7382690302398331,3,STE,STE7,MEK1,MAP2K1
STE7,-1.0008333333333337,20,KRSA,0.7382690302398331,3,STE,STE7,MEK1,MAP2K2
STE7,-1.0008333333333337,20,KRSA,0.7382690302398331,3,STE,STE7,MEK3,MAP2K3
STE7,-1.0008333333333337,20,KRSA,0.7382690302398331,3,STE,STE7,MEK4,MAP2K4
STE7,-1.0008333333333337,20,KRSA,0.7382690302398331,3,STE,STE7,MEK5,MAP2K5
STE7,-1.0008333333333337,20,KRSA,0.7382690302398331,3,STE,STE7,MEK3,MAP2K6
STE7,-1.0008333333333337,20,KRSA,0.7382690302398331,3,STE,STE7,MEK7,MAP2K7
GRK,0.5691666666666667,45,KRSA,0.4254431699687174,2,AGC,GRK,GRK,GRK1
GRK,0.5691666666666667,45,KRSA,0.4254431699687174,2,AGC,GRK,GRK,GRK4
GRK,0.5691666666666667,45,KRSA,0.4254431699687174,2,AGC,GRK,GRK,GRK5
GRK,0.5691666666666667,45,KRSA,0.4254431699687174,2,AGC,GRK,GRK,GRK6
GRK,0.5691666666666667,45,KRSA,0.4254431699687174,2,AGC,GRK,GRK,GRK7
RSK,0.5466666666666666,47,KRSA,0.40041710114702816,2,AGC,RSK,RSK,RPS6KA1
RSK,0.5466666666666666,47,KRSA,0.40041710114702816,2,AGC,RSK,RSK,RPS6KA2
RSK,0.5466666666666666,47,KRSA,0.40041710114702816,2,AGC,RSK,RSK,RPS6KA3
RSK,0.5466666666666666,47,KRSA,0.40041710114702816,2,AGC,RSK,MSK,RPS6KA4
RSK,0.5466666666666666,47,KRSA,0.40041710114702816,2,AGC,RSK,MSK,RPS6KA5
RSK,0.5466666666666666,47,KRSA,0.40041710114702816,2,AGC,RSK,RSK,RPS6KA6
RSK,0.5466666666666666,47,KRSA,0.40041710114702816,2,AGC,RSK,P70,RPS6KB1
RSK,0.5466666666666666,47,KRSA,0.40041710114702816,2,AGC,RSK,P70,RPS6KB2
MTOR,0.04749999999999999,77,KRSA,0.02502606882168926,1,ATYPICAL,PIKK,FRAP,MTOR
STE11,-0.33916666666666667,57,KRSA,0.27528675703858185,2,TKL,MLK,TAK1,MAP3K7
STE11,-0.33916666666666667,57,KRSA,0.27528675703858185,2,STE,STE11,MEKK1,MAP3K1
STE11,-0.33916666666666667,57,KRSA,0.27528675703858185,2,STE,STE11,ASK,MAP3K15
STE11,-0.33916666666666667,57,KRSA,0.27528675703858185,2,STE,STE11,MEKK2,MAP3K2
STE11,-0.33916666666666667,57,KRSA,0.27528675703858185,2,STE,STE11,MEKK2,MAP3K3
STE11,-0.33916666666666667,57,KRSA,0.27528675703858185,2,STE,STE11,MEKK4,MAP3K4
STE11,-0.33916666666666667,57,KRSA,0.27528675703858185,2,STE,STE11,ASK,MAP3K5
STE11,-0.33916666666666667,57,KRSA,0.27528675703858185,2,STE,STE11,ASK,MAP3K6
MOS,0.6975,34,KRSA,0.5630865484880083,3,OTHER,MOS,MOS,MOS
CAMK1,1.3616666666666666,8,KRSA,0.9009384775808134,4,CAMK,CAMK1,CAMK1,CAMK1
CAMK1,1.3616666666666666,8,KRSA,0.9009384775808134,4,CAMK,CAMK1,CAMK1,CAMK1D
CAMK1,1.3616666666666666,8,KRSA,0.9009384775808134,4,CAMK,CAMK1,CAMK1,CAMK1G
CAMK1,1.3616666666666666,8,KRSA,0.9009384775808134,4,CAMK,CAMK1,CAMK1,CAMK4
CAMK1,1.3616666666666666,8,KRSA,0.9009384775808134,4,CAMK,CAMK1,CAMK1,PNCK
BRSK,-0.01749999999999999,79,KRSA,0,1,CAMK,CAMKL,BRSK,BRSK1
BRSK,-0.01749999999999999,79,KRSA,0,1,CAMK,CAMKL,BRSK,BRSK2
TTK,-0.6466666666666667,38,KRSA,0.5130344108446299,3,OTHER,TTK,TTK,TTK
PASK,1.7358333333333331,3,KRSA,0.9635036496350365,4,CAMK,CAMKL,PASK,PASK
DYRK,-1.3191666666666666,10,KRSA,0.8759124087591241,4,CMGC,DYRK,DYRK1,DYRK1A
DYRK,-1.3191666666666666,10,KRSA,0.8759124087591241,4,CMGC,DYRK,DYRK1,DYRK1B
DYRK,-1.3191666666666666,10,KRSA,0.8759124087591241,4,CMGC,DYRK,DYRK2,DYRK2
DYRK,-1.3191666666666666,10,KRSA,0.8759124087591241,4,CMGC,DYRK,DYRK2,DYRK3
DYRK,-1.3191666666666666,10,KRSA,0.8759124087591241,4,CMGC,DYRK,DYRK2,DYRK4
DYRK,-1.3191666666666666,10,KRSA,0.8759124087591241,4,CMGC,DYRK,HIPK,HIPK1
DYRK,-1.3191666666666666,10,KRSA,0.8759124087591241,4,CMGC,DYRK,HIPK,HIPK2
DYRK,-1.3191666666666666,10,KRSA,0.8759124087591241,4,CMGC,DYRK,HIPK,HIPK3
DYRK,-1.3191666666666666,10,KRSA,0.8759124087591241,4,CMGC,DYRK,HIPK,HIPK4
DYRK,-1.3191666666666666,10,KRSA,0.8759124087591241,4,CMGC,DYRK,PRP4,PRPF4B
PAKB,0.01916666666666668,78,KRSA,0.01251303441084463,1,STE,STE20,PAKB,PAK4
PAKB,0.01916666666666668,78,KRSA,0.01251303441084463,1,STE,STE20,PAKB,PAK5
PAKB,0.01916666666666668,78,KRSA,0.01251303441084463,1,STE,STE20,PAKB,PAK6
CK1,-0.7516666666666667,32,KRSA,0.5881126173096975,3,CK1,CK1,CK1-A,CSNK1A1
CK1,-0.7516666666666667,32,KRSA,0.5881126173096975,3,CK1,CK1,CK1-A,CSNK1A1L
CK1,-0.7516666666666667,32,KRSA,0.5881126173096975,3,CK1,CK1,CK1-D,CSNK1D
CK1,-0.7516666666666667,32,KRSA,0.5881126173096975,3,CK1,CK1,CK1-D,CSNK1E
CK1,-0.7516666666666667,32,KRSA,0.5881126173096975,3,CK1,CK1,CK1-G,CSNK1G1
CK1,-0.7516666666666667,32,KRSA,0.5881126173096975,3,CK1,CK1,CK1-G,CSNK1G2
CK1,-0.7516666666666667,32,KRSA,0.5881126173096975,3,CK1,CK1,CK1-G,CSNK1G3
CK1,-0.7516666666666667,32,KRSA,0.5881126173096975,3,CK1,TTBK,TTBK,TTBK1
CK1,-0.7516666666666667,32,KRSA,0.5881126173096975,3,CK1,TTBK,TTBK,TTBK2
CK1,-0.7516666666666667,32,KRSA,0.5881126173096975,3,CK1,VRK,VRK,VRK3
SGK,0.6041666666666666,43,KRSA,0.4504692387904067,2,AGC,SGK,SGK,SGK1
SGK,0.6041666666666666,43,KRSA,0.4504692387904067,2,AGC,SGK,SGK,SGK2
SGK,0.6041666666666666,43,KRSA,0.4504692387904067,2,AGC,SGK,SGK,SGK3
TLK,-0.9975,21,KRSA,0.7257559958289885,3,OTHER,TLK,TLK,TLK1
TLK,-0.9975,21,KRSA,0.7257559958289885,3,OTHER,TLK,TLK,TLK2
GSK,-0.8275,26,KRSA,0.6631908237747653,3,CMGC,GSK,GSK,GSK3A
GSK,-0.8275,26,KRSA,0.6631908237747653,3,CMGC,GSK,GSK,GSK3B
HAL,-0.37833333333333335,54,KRSA,0.31282586027111575,2,RGC,RGC,RGC,NPR1
NUAK,-0.6291666666666667,41,KRSA,0.4754953076120959,2,CAMK,CAMKL,NUAK,NUAK1
NUAK,-0.6291666666666667,41,KRSA,0.4754953076120959,2,CAMK,CAMKL,NUAK,NUAK2
CHK1,0.4016666666666666,53,KRSA,0.32533889468196037,2,CAMK,CAMKL,CHK1,CHEK1
IKK,-0.22666666666666668,66,KRSA,0.16266944734098018,1,OTHER,IKK,IKK,CHUK
IKK,-0.22666666666666668,66,KRSA,0.16266944734098018,1,OTHER,IKK,IKK,IKBKB
IKK,-0.22666666666666668,66,KRSA,0.16266944734098018,1,OTHER,IKK,IKK,IKBKE
IKK,-0.22666666666666668,66,KRSA,0.16266944734098018,1,OTHER,IKK,IKK,TBK1
PKG,1.1866666666666668,12,KRSA,0.8508863399374348,4,AGC,PKG,PKG,PRKG1
PKG,1.1866666666666668,12,KRSA,0.8508863399374348,4,AGC,PKG,PKG,PRKG2
PKCI,1.0508333333333333,18,KRSA,0.7632950990615224,4,AGC,PKC,IOTA,PRKCI
PKCI,1.0508333333333333,18,KRSA,0.7632950990615224,4,AGC,PKC,IOTA,PRKCZ
CAMK2,-0.30916666666666665,61,KRSA,0.22523461939520334,1,CAMK,CAMK2,CAMK2,CAMK2A
CAMK2,-0.30916666666666665,61,KRSA,0.22523461939520334,1,CAMK,CAMK2,CAMK2,CAMK2B
CAMK2,-0.30916666666666665,61,KRSA,0.22523461939520334,1,CAMK,CAMK2,CAMK2,CAMK2D
CAMK2,-0.30916666666666665,61,KRSA,0.22523461939520334,1,CAMK,CAMK2,CAMK2,CAMK2G
MLCK,-0.25333333333333335,63,KRSA,0.20020855057351408,1,CAMK,MLCK,MLCK,MYLK
MLCK,-0.25333333333333335,63,KRSA,0.20020855057351408,1,CAMK,MLCK,MLCK,MYLK2
MLCK,-0.25333333333333335,63,KRSA,0.20020855057351408,1,CAMK,MLCK,MLCK,TTN
PEK,-1.505,6,KRSA,0.9259645464025026,4,OTHER,PEK,HRI,EIF2AK1
PEK,-1.505,6,KRSA,0.9259645464025026,4,OTHER,PEK,PKR,EIF2AK2
PEK,-1.505,6,KRSA,0.9259645464025026,4,OTHER,PEK,PEK,EIF2AK3
PEK,-1.505,6,KRSA,0.9259645464025026,4,OTHER,PEK,GCN2,EIF2AK4
PAKA,-0.7925,29,KRSA,0.6256517205422315,3,STE,STE20,PAKA,PAK1
PAKA,-0.7925,29,KRSA,0.6256517205422315,3,STE,STE20,PAKA,PAK2
PAKA,-0.7925,29,KRSA,0.6256517205422315,3,STE,STE20,PAKA,PAK3
VRK1,-0.19166666666666665,68,KRSA,0.13764337851929093,1,CK1,VRK,VRK,VRK1
IRAK,0.09666666666666666,75,KRSA,0.05005213764337852,1,TKL,IRAK,IRAK,IRAK1
IRAK,0.09666666666666666,75,KRSA,0.05005213764337852,1,TKL,IRAK,IRAK,IRAK2
IRAK,0.09666666666666666,75,KRSA,0.05005213764337852,1,TKL,IRAK,IRAK,IRAK3
IRAK,0.09666666666666666,75,KRSA,0.05005213764337852,1,TKL,IRAK,IRAK,IRAK4
KHS,-0.19,69,KRSA,0.1251303441084463,1,STE,STE20,KHS,MAP4K1
KHS,-0.19,69,KRSA,0.1251303441084463,1,STE,STE20,KHS,MAP4K2
KHS,-0.19,69,KRSA,0.1251303441084463,1,STE,STE20,KHS,MAP4K3
KHS,-0.19,69,KRSA,0.1251303441084463,1,STE,STE20,KHS,MAP4K5
CLK,-0.6941666666666667,35,KRSA,0.5505735140771637,3,CMGC,CLK,CLK,CLK1
CLK,-0.6941666666666667,35,KRSA,0.5505735140771637,3,CMGC,CLK,CLK,CLK2
CLK,-0.6941666666666667,35,KRSA,0.5505735140771637,3,CMGC,CLK,CLK,CLK3
CLK,-0.6941666666666667,35,KRSA,0.5505735140771637,3,CMGC,CLK,CLK,CLK4
CAMKK,0.8091666666666666,28,KRSA,0.6381647549530761,3,OTHER,CAMKK,META,CAMKK1
CAMKK,0.8091666666666666,28,KRSA,0.6381647549530761,3,OTHER,CAMKK,META,CAMKK2
NIK,-0.6808333333333333,37,KRSA,0.5255474452554745,3,STE,STE-UNIQUE,STE-UNIQUE,MAP3K14
WNK,-0.3491666666666667,55,KRSA,0.30031282586027114,2,OTHER,WNK,WNK,WNK1
WNK,-0.3491666666666667,55,KRSA,0.30031282586027114,2,OTHER,WNK,WNK,WNK2
WNK,-0.3491666666666667,55,KRSA,0.30031282586027114,2,OTHER,WNK,WNK,WNK3
WNK,-0.3491666666666667,55,KRSA,0.30031282586027114,2,OTHER,WNK,WNK,WNK4
SLK,0.8191666666666666,27,KRSA,0.6506777893639207,3,STE,STE20,SLK,SLK
SLK,0.8191666666666666,27,KRSA,0.6506777893639207,3,STE,STE20,SLK,STK10
BUD32,-0.1991666666666667,67,KRSA,0.15015641293013557,1,OTHER,BUD32,BUD32,TP53RK
TAO,0.6466666666666666,39,KRSA,0.5005213764337852,3,STE,STE20,TAO,TAOK1
TAO,0.6466666666666666,39,KRSA,0.5005213764337852,3,STE,STE20,TAO,TAOK2
TAO,0.6466666666666666,39,KRSA,0.5005213764337852,3,STE,STE20,TAO,TAOK3
ULK,-0.6866666666666666,36,KRSA,0.5380604796663191,3,OTHER,ULK,FUSED,STK36
ULK,-0.6866666666666666,36,KRSA,0.5380604796663191,3,OTHER,ULK,ULK,ULK1
ULK,-0.6866666666666666,36,KRSA,0.5380604796663191,3,OTHER,ULK,ULK,ULK2
ULK,-0.6866666666666666,36,KRSA,0.5380604796663191,3,OTHER,ULK,ULK,ULK3
ULK,-0.6866666666666666,36,KRSA,0.5380604796663191,3,OTHER,ULK,ULK,ULK4
PKA,1.0508333333333333,18,KRSA,0.7632950990615224,4,AGC,PKA,PKA,PRKACA
PKA,1.0508333333333333,18,KRSA,0.7632950990615224,4,AGC,PKA,PKA,PRKACB
PKA,1.0508333333333333,18,KRSA,0.7632950990615224,4,AGC,PKA,PKA,PRKACG
PKA,1.0508333333333333,18,KRSA,0.7632950990615224,4,AGC,PKA,PKA,PRKX
PKA,1.0508333333333333,18,KRSA,0.7632950990615224,4,AGC,PKA,PKA,PRKY
RAF,-1.1858333333333333,13,KRSA,0.8383733055265902,4,TKL,RAF,RAF,ARAF
RAF,-1.1858333333333333,13,KRSA,0.8383733055265902,4,TKL,RAF,RAF,BRAF
RAF,-1.1858333333333333,13,KRSA,0.8383733055265902,4,TKL,RAF,KSR,KSR1
RAF,-1.1858333333333333,13,KRSA,0.8383733055265902,4,TKL,RAF,KSR,KSR2
RAF,-1.1858333333333333,13,KRSA,0.8383733055265902,4,TKL,RAF,RAF,RAF1
DAPK,1.0308333333333333,19,KRSA,0.7507820646506778,4,CAMK,DAPK,DAPK,DAPK1
DAPK,1.0308333333333333,19,KRSA,0.7507820646506778,4,CAMK,DAPK,DAPK,DAPK2
DAPK,1.0308333333333333,19,KRSA,0.7507820646506778,4,CAMK,DAPK,DAPK,DAPK3
DAPK,1.0308333333333333,19,KRSA,0.7507820646506778,4,CAMK,DAPK,DRAK,STK17A
DAPK,1.0308333333333333,19,KRSA,0.7507820646506778,4,CAMK,DAPK,DRAK,STK17B
MLK,0.3325,58,KRSA,0.26277372262773724,2,TKL,MLK,ILK,ILK
MLK,0.3325,58,KRSA,0.26277372262773724,2,TKL,MLK,MLK,MAP3K10
MLK,0.3325,58,KRSA,0.26277372262773724,2,TKL,MLK,MLK,MAP3K11
MLK,0.3325,58,KRSA,0.26277372262773724,2,TKL,MLK,LZK,MAP3K12
MLK,0.3325,58,KRSA,0.26277372262773724,2,TKL,MLK,LZK,MAP3K13
MLK,0.3325,58,KRSA,0.26277372262773724,2,TKL,MLK,MLK,MAP3K9
MLK,0.3325,58,KRSA,0.26277372262773724,2,TKL,MLK,HH498,TNNI3K
MELK,0.475,50,KRSA,0.36287799791449427,2,CAMK,CAMKL,MELK,MELK
PKCA,0.595,44,KRSA,0.43795620437956206,2,AGC,PKC,ALPHA,PRKCA
PKCA,0.595,44,KRSA,0.43795620437956206,2,AGC,PKC,ALPHA,PRKCB
PKCA,0.595,44,KRSA,0.43795620437956206,2,AGC,PKC,ALPHA,PRKCG
FRAY,-0.17,71,KRSA,0.10010427528675704,1,STE,STE20,FRAY,OXSR1
FRAY,-0.17,71,KRSA,0.10010427528675704,1,STE,STE20,FRAY,STK39
PRKDC,-0.44916666666666666,51,KRSA,0.35036496350364965,2,ATYPICAL,PIKK,DNAPK,PRKDC
MSN,1.3541666666666667,9,KRSA,0.8884254431699687,4,STE,STE20,MSN,MAP4K4
MSN,1.3541666666666667,9,KRSA,0.8884254431699687,4,STE,STE20,MSN,NRK
MSN,1.3541666666666667,9,KRSA,0.8884254431699687,4,STE,STE20,MSN,TNIK
AKT,0.7558333333333334,31,KRSA,0.6006256517205423,3,AGC,AKT,AKT,AKT1
AKT,0.7558333333333334,31,KRSA,0.6006256517205423,3,AGC,AKT,AKT,AKT2
AKT,0.7558333333333334,31,KRSA,0.6006256517205423,3,AGC,AKT,AKT,AKT3
PKD,0.345,56,KRSA,0.28779979144942647,2,CAMK,PKD,PKD,PRKD1
PKD,0.345,56,KRSA,0.28779979144942647,2,CAMK,PKD,PKD,PRKD2
PKD,0.345,56,KRSA,0.28779979144942647,2,CAMK,PKD,PKD,PRKD3
DMPK,0.635,40,KRSA,0.4880083420229406,2,AGC,DMPK,GEK,CDC42BPA
DMPK,0.635,40,KRSA,0.4880083420229406,2,AGC,DMPK,GEK,CDC42BPB
DMPK,0.635,40,KRSA,0.4880083420229406,2,AGC,DMPK,GEK,CDC42BPG
DMPK,0.635,40,KRSA,0.4880083420229406,2,AGC,DMPK,CRIK,CIT
DMPK,0.635,40,KRSA,0.4880083420229406,2,AGC,DMPK,GEK,DMPK
DMPK,0.635,40,KRSA,0.4880083420229406,2,AGC,DMPK,ROCK,ROCK1
DMPK,0.635,40,KRSA,0.4880083420229406,2,AGC,DMPK,ROCK,ROCK2
QIK,-0.245,64,KRSA,0.18769551616266944,1,CAMK,CAMKL,QIK,SIK1
QIK,-0.245,64,KRSA,0.18769551616266944,1,CAMK,CAMKL,QIK,SIK2
CDK,-1.3658333333333332,7,KRSA,0.913451511991658,4,CMGC,CDK,CDC2,CDK1
CDK,-1.3658333333333332,7,KRSA,0.913451511991658,4,CMGC,CDK,CDK10,CDK10
CDK,-1.3658333333333332,7,KRSA,0.913451511991658,4,CMGC,CDK,CRK7,CDK12
CDK,-1.3658333333333332,7,KRSA,0.913451511991658,4,CMGC,CDK,CRK7,CDK13
CDK,-1.3658333333333332,7,KRSA,0.913451511991658,4,CMGC,CDK,PFTAIRE,CDK14
CDK,-1.3658333333333332,7,KRSA,0.913451511991658,4,CMGC,CDK,PFTAIRE,CDK15
CDK,-1.3658333333333332,7,KRSA,0.913451511991658,4,CMGC,CDK,PCTAIRE,CDK16
CDK,-1.3658333333333332,7,KRSA,0.913451511991658,4,CMGC,CDK,PCTAIRE,CDK17
CDK,-1.3658333333333332,7,KRSA,0.913451511991658,4,CMGC,CDK,PCTAIRE,CDK18
CDK,-1.3658333333333332,7,KRSA,0.913451511991658,4,CMGC,CDK,CDK8,CDK19
CDK,-1.3658333333333332,7,KRSA,0.913451511991658,4,CMGC,CDK,CDC2,CDK2
CDK,-1.3658333333333332,7,KRSA,0.913451511991658,4,CMGC,CDK,CCRK,CDK20
CDK,-1.3658333333333332,7,KRSA,0.913451511991658,4,CMGC,CDK,CDC2,CDK3
CDK,-1.3658333333333332,7,KRSA,0.913451511991658,4,CMGC,CDK,CDK4,CDK4
CDK,-1.3658333333333332,7,KRSA,0.913451511991658,4,CMGC,CDK,CDK5,CDK5
CDK,-1.3658333333333332,7,KRSA,0.913451511991658,4,CMGC,CDK,CDK4,CDK6
CDK,-1.3658333333333332,7,KRSA,0.913451511991658,4,CMGC,CDK,CDK7,CDK7
CDK,-1.3658333333333332,7,KRSA,0.913451511991658,4,CMGC,CDK,CDK8,CDK8
CDK,-1.3658333333333332,7,KRSA,0.913451511991658,4,CMGC,CDK,CDK9,CDK9
CDK,-1.3658333333333332,7,KRSA,0.913451511991658,4,NA,NA,NA,CDK11A
CDK,-1.3658333333333332,7,KRSA,0.913451511991658,4,NA,NA,NA,CDK11B
NAK,-0.2816666666666667,62,KRSA,0.2127215849843587,1,OTHER,NAK,BIKE,AAK1
NAK,-0.2816666666666667,62,KRSA,0.2127215849843587,1,OTHER,NAK,BIKE,BMP2K
NAK,-0.2816666666666667,62,KRSA,0.2127215849843587,1,OTHER,NAK,GAK,GAK
NAK,-0.2816666666666667,62,KRSA,0.2127215849843587,1,OTHER,NAK,MPSK,STK16
PKN,-0.6283333333333333,42,KRSA,0.4629822732012513,2,AGC,PKN,PKN,PKN1
PKN,-0.6283333333333333,42,KRSA,0.4629822732012513,2,AGC,PKN,PKN,PKN2
PKN,-0.6283333333333333,42,KRSA,0.4629822732012513,2,AGC,PKN,PKN,PKN3
P38,-0.9691666666666666,22,KRSA,0.7132429614181439,3,CMGC,MAPK,P38,MAPK11
P38,-0.9691666666666666,22,KRSA,0.7132429614181439,3,CMGC,MAPK,P38,MAPK12
P38,-0.9691666666666666,22,KRSA,0.7132429614181439,3,CMGC,MAPK,P38,MAPK13
P38,-0.9691666666666666,22,KRSA,0.7132429614181439,3,CMGC,MAPK,P38,MAPK14
BARK2,0.17333333333333334,70,KRSA,0.11261730969760167,1,AGC,GRK,BARK,GRK3
AUR,1.153333333333333,14,KRSA,0.8258602711157456,4,OTHER,AUR,AUR,AURKA
AUR,1.153333333333333,14,KRSA,0.8258602711157456,4,OTHER,AUR,AUR,AURKB
AUR,1.153333333333333,14,KRSA,0.8258602711157456,4,OTHER,AUR,AUR,AURKC
AMPK,0.49333333333333335,49,KRSA,0.3753910323253389,2,CAMK,CAMKL,AMPK,PRKAA1
AMPK,0.49333333333333335,49,KRSA,0.3753910323253389,2,CAMK,CAMKL,AMPK,PRKAA2
PKCH,-0.11666666666666668,74,KRSA,0.06256517205422316,1,AGC,PKC,ETA,PRKCE
PKCH,-0.11666666666666668,74,KRSA,0.06256517205422316,1,AGC,PKC,ETA,PRKCH
PHK,0.1175,73,KRSA,0.07507820646506778,1,CAMK,PHK,PHK,PHKG1
PHK,0.1175,73,KRSA,0.07507820646506778,1,CAMK,PHK,PHK,PHKG2
CK2,-0.15583333333333335,72,KRSA,0.08759124087591241,1,CMGC,CK2,CK2,CSNK2A1
CK2,-0.15583333333333335,72,KRSA,0.08759124087591241,1,CMGC,CK2,CK2,CSNK2A2
CK2,-0.15583333333333335,72,KRSA,0.08759124087591241,1,NA,NA,NA,CSNK2A3
PKCD,0.8833333333333333,24,KRSA,0.6882168925964547,3,AGC,PKC,DELTA,PRKCD
PKCD,0.8833333333333333,24,KRSA,0.6882168925964547,3,AGC,PKC,DELTA,PRKCQ
ATR,-0.7125,33,KRSA,0.5755995828988529,3,ATYPICAL,PIKK,ATR,ATR
RAD53,-0.07250000000000001,76,KRSA,0.03753910323253389,1,CAMK,RAD53,RAD53,CHEK2
NDR,-0.33,59,KRSA,0.2502606882168926,2,AGC,NDR,NDR,LATS1
NDR,-0.33,59,KRSA,0.2502606882168926,2,AGC,NDR,NDR,LATS2
NDR,-0.33,59,KRSA,0.2502606882168926,2,AGC,NDR,NDR,STK38
NDR,-0.33,59,KRSA,0.2502606882168926,2,AGC,NDR,NDR,STK38L
COT,0.4116666666666667,52,KRSA,0.337851929092805,2,STE,STE-UNIQUE,STE-UNIQUE,MAP3K8
ERK,-2.3158333333333334,1,KRSA,0.9885297184567258,4,CMGC,MAPK,ERK1,MAPK1
ERK,-2.3158333333333334,1,KRSA,0.9885297184567258,4,CMGC,MAPK,ERK7,MAPK15
ERK,-2.3158333333333334,1,KRSA,0.9885297184567258,4,CMGC,MAPK,ERK1,MAPK3
ERK,-2.3158333333333334,1,KRSA,0.9885297184567258,4,CMGC,MAPK,ERK3,MAPK4
ERK,-2.3158333333333334,1,KRSA,0.9885297184567258,4,CMGC,MAPK,ERK3,MAPK6
ERK,-2.3158333333333334,1,KRSA,0.9885297184567258,4,CMGC,MAPK,ERK5,MAPK7
JNK,-1.6616666666666666,4,KRSA,0.9509906152241918,4,CMGC,MAPK,JNK,MAPK10
JNK,-1.6616666666666666,4,KRSA,0.9509906152241918,4,CMGC,MAPK,JNK,MAPK8
JNK,-1.6616666666666666,4,KRSA,0.9509906152241918,4,CMGC,MAPK,JNK,MAPK9
LKB,-1.0883333333333334,17,KRSA,0.7883211678832117,4,CAMK,CAMKL,LKB,STK11
NMO,-1.9175,2,KRSA,0.9760166840458812,4,CMGC,MAPK,NMO,NLK
PDK1,-1.63,5,KRSA,0.9384775808133472,4,ATYPICAL,PDHK,PDHK,PDK1
PDK1,-1.63,5,KRSA,0.9384775808133472,4,AGC,PDK1,PDK1,PDPK1
PDHK,-0.86,25,KRSA,0.67570385818561,3,ATYPICAL,PDHK,BCKDK,BCKDK
PDHK,-0.86,25,KRSA,0.67570385818561,3,ATYPICAL,PDHK,PDHK,PDK2
PDHK,-0.86,25,KRSA,0.67570385818561,3,ATYPICAL,PDHK,PDHK,PDK3
PDHK,-0.86,25,KRSA,0.67570385818561,3,ATYPICAL,PDHK,PDHK,PDK4
DYRK,-1.3191666666666666,10,KRSA,0.8759124087591241,4,CMGC,DYRK,DYRK1,DYRK1A
DYRK,-1.3191666666666666,10,KRSA,0.8759124087591241,4,CMGC,DYRK,DYRK1,DYRK1B
DYRK,-1.3191666666666666,10,KRSA,0.8759124087591241,4,CMGC,DYRK,DYRK2,DYRK2
DYRK,-1.3191666666666666,10,KRSA,0.8759124087591241,4,CMGC,DYRK,DYRK2,DYRK3
DYRK,-1.3191666666666666,10,KRSA,0.8759124087591241,4,CMGC,DYRK,DYRK2,DYRK4
DYRK,-1.3191666666666666,10,KRSA,0.8759124087591241,4,CMGC,DYRK,HIPK,HIPK1
DYRK,-1.3191666666666666,10,KRSA,0.8759124087591241,4,CMGC,DYRK,HIPK,HIPK2
DYRK,-1.3191666666666666,10,KRSA,0.8759124087591241,4,CMGC,DYRK,HIPK,HIPK3
DYRK,-1.3191666666666666,10,KRSA,0.8759124087591241,4,CMGC,DYRK,HIPK,HIPK4
DYRK,-1.3191666666666666,10,KRSA,0.8759124087591241,4,CMGC,DYRK,PRP4,PRPF4B
PEK,-1.505,6,KRSA,0.9259645464025026,4,OTHER,PEK,HRI,EIF2AK1
PEK,-1.505,6,KRSA,0.9259645464025026,4,OTHER,PEK,PKR,EIF2AK2
PEK,-1.505,6,KRSA,0.9259645464025026,4,OTHER,PEK,PEK,EIF2AK3
PEK,-1.505,6,KRSA,0.9259645464025026,4,OTHER,PEK,GCN2,EIF2AK4
NEK,-0.7733333333333333,30,KRSA,0.6131386861313869,3,OTHER,NEK,NEK11,NEK11
NEK,-0.7733333333333333,30,KRSA,0.6131386861313869,3,OTHER,NEK,NEK2,NEK2
NEK,-0.7733333333333333,30,KRSA,0.6131386861313869,3,OTHER,NEK,NEK1,NEK3
NEK,-0.7733333333333333,30,KRSA,0.6131386861313869,3,OTHER,NEK,NEK4,NEK4
NEK,-0.7733333333333333,30,KRSA,0.6131386861313869,3,OTHER,NEK,NEK1,NEK5
NEK,-0.7733333333333333,30,KRSA,0.6131386861313869,3,OTHER,NEK,NEK6,NEK6
NEK,-0.7733333333333333,30,KRSA,0.6131386861313869,3,OTHER,NEK,NEK6,NEK7
NEK,-0.7733333333333333,30,KRSA,0.6131386861313869,3,OTHER,NEK,NEK8,NEK8
NEK,-0.7733333333333333,30,KRSA,0.6131386861313869,3,OTHER,NEK,NEK8,NEK9
MST,-0.23833333333333337,65,KRSA,0.17518248175182483,1,STE,STE20,MST,STK3
MST,-0.23833333333333337,65,KRSA,0.17518248175182483,1,STE,STE20,MST,STK4
MOS,0.6975,34,KRSA,0.5630865484880083,3,OTHER,MOS,MOS,MOS
PASK,1.7358333333333331,3,KRSA,0.9635036496350365,4,CAMK,CAMKL,PASK,PASK
GSK,-0.8275,26,KRSA,0.6631908237747653,3,CMGC,GSK,GSK,GSK3A
GSK,-0.8275,26,KRSA,0.6631908237747653,3,CMGC,GSK,GSK,GSK3B
STE7,-1.0008333333333337,20,KRSA,0.7382690302398331,3,STE,STE7,MEK1,MAP2K1
STE7,-1.0008333333333337,20,KRSA,0.7382690302398331,3,STE,STE7,MEK1,MAP2K2
STE7,-1.0008333333333337,20,KRSA,0.7382690302398331,3,STE,STE7,MEK3,MAP2K3
STE7,-1.0008333333333337,20,KRSA,0.7382690302398331,3,STE,STE7,MEK4,MAP2K4
STE7,-1.0008333333333337,20,KRSA,0.7382690302398331,3,STE,STE7,MEK5,MAP2K5
STE7,-1.0008333333333337,20,KRSA,0.7382690302398331,3,STE,STE7,MEK3,MAP2K6
STE7,-1.0008333333333337,20,KRSA,0.7382690302398331,3,STE,STE7,MEK7,MAP2K7
DAPK,1.0308333333333333,19,KRSA,0.7507820646506778,4,CAMK,DAPK,DAPK,DAPK1
DAPK,1.0308333333333333,19,KRSA,0.7507820646506778,4,CAMK,DAPK,DAPK,DAPK2
DAPK,1.0308333333333333,19,KRSA,0.7507820646506778,4,CAMK,DAPK,DAPK,DAPK3
DAPK,1.0308333333333333,19,KRSA,0.7507820646506778,4,CAMK,DAPK,DRAK,STK17A
DAPK,1.0308333333333333,19,KRSA,0.7507820646506778,4,CAMK,DAPK,DRAK,STK17B
VRK1,-0.19166666666666665,68,KRSA,0.13764337851929093,1,CK1,VRK,VRK,VRK1
NDR,-0.33,59,KRSA,0.2502606882168926,2,AGC,NDR,NDR,LATS1
NDR,-0.33,59,KRSA,0.2502606882168926,2,AGC,NDR,NDR,LATS2
NDR,-0.33,59,KRSA,0.2502606882168926,2,AGC,NDR,NDR,STK38
NDR,-0.33,59,KRSA,0.2502606882168926,2,AGC,NDR,NDR,STK38L
MAPKAPK,0.9241666666666668,23,KRSA,0.7007299270072993,3,CAMK,MAPKAPK,MAPKAPK,MAPKAPK2
MAPKAPK,0.9241666666666668,23,KRSA,0.7007299270072993,3,CAMK,MAPKAPK,MAPKAPK,MAPKAPK3
MAPKAPK,0.9241666666666668,23,KRSA,0.7007299270072993,3,CAMK,MAPKAPK,MAPKAPK,MAPKAPK5
MAPKAPK,0.9241666666666668,23,KRSA,0.7007299270072993,3,CAMK,MAPKAPK,MNK,MKNK1
MAPKAPK,0.9241666666666668,23,KRSA,0.7007299270072993,3,CAMK,MAPKAPK,MNK,MKNK2
PLK,-1.1191666666666666,16,KRSA,0.8008342022940563,4,NA,NA,NA,PLK5
PLK,-1.1191666666666666,16,KRSA,0.8008342022940563,4,OTHER,PLK,PLK1,PLK1
PLK,-1.1191666666666666,16,KRSA,0.8008342022940563,4,OTHER,PLK,PLK2,PLK2
PLK,-1.1191666666666666,16,KRSA,0.8008342022940563,4,OTHER,PLK,PLK2,PLK3
PLK,-1.1191666666666666,16,KRSA,0.8008342022940563,4,OTHER,PLK,SAK,PLK4
RIPK,1.205833333333333,11,KRSA,0.8633993743482794,4,TKL,RIPK,RIPK,ANKK1
RIPK,1.205833333333333,11,KRSA,0.8633993743482794,4,TKL,RIPK,RIPK,RIPK1
RIPK,1.205833333333333,11,KRSA,0.8633993743482794,4,TKL,RIPK,RIPK,RIPK2
RIPK,1.205833333333333,11,KRSA,0.8633993743482794,4,TKL,RIPK,RIPK,RIPK3
RIPK,1.205833333333333,11,KRSA,0.8633993743482794,4,TKL,RIPK,RIPK,RIPK4
ATM,-1.1483333333333334,15,KRSA,0.8133472367049009,4,ATYPICAL,PIKK,ATM,ATM
PKCI,1.0508333333333333,18,KRSA,0.7632950990615224,4,AGC,PKC,IOTA,PRKCI
PKCI,1.0508333333333333,18,KRSA,0.7632950990615224,4,AGC,PKC,IOTA,PRKCZ
CK1,-0.7516666666666667,32,KRSA,0.5881126173096975,3,CK1,CK1,CK1-A,CSNK1A1
CK1,-0.7516666666666667,32,KRSA,0.5881126173096975,3,CK1,CK1,CK1-A,CSNK1A1L
CK1,-0.7516666666666667,32,KRSA,0.5881126173096975,3,CK1,CK1,CK1-D,CSNK1D
CK1,-0.7516666666666667,32,KRSA,0.5881126173096975,3,CK1,CK1,CK1-D,CSNK1E
CK1,-0.7516666666666667,32,KRSA,0.5881126173096975,3,CK1,CK1,CK1-G,CSNK1G1
CK1,-0.7516666666666667,32,KRSA,0.5881126173096975,3,CK1,CK1,CK1-G,CSNK1G2
CK1,-0.7516666666666667,32,KRSA,0.5881126173096975,3,CK1,CK1,CK1-G,CSNK1G3
CK1,-0.7516666666666667,32,KRSA,0.5881126173096975,3,CK1,TTBK,TTBK,TTBK1
CK1,-0.7516666666666667,32,KRSA,0.5881126173096975,3,CK1,TTBK,TTBK,TTBK2
CK1,-0.7516666666666667,32,KRSA,0.5881126173096975,3,CK1,VRK,VRK,VRK3
PIM,0.5408333333333334,48,KRSA,0.38790406673618355,2,CAMK,PIM,PIM,PIM1
PIM,0.5408333333333334,48,KRSA,0.38790406673618355,2,CAMK,PIM,PIM,PIM2
PIM,0.5408333333333334,48,KRSA,0.38790406673618355,2,CAMK,PIM,PIM,PIM3
MLK,0.3325,58,KRSA,0.26277372262773724,2,TKL,MLK,ILK,ILK
MLK,0.3325,58,KRSA,0.26277372262773724,2,TKL,MLK,MLK,MAP3K10
MLK,0.3325,58,KRSA,0.26277372262773724,2,TKL,MLK,MLK,MAP3K11
MLK,0.3325,58,KRSA,0.26277372262773724,2,TKL,MLK,LZK,MAP3K12
MLK,0.3325,58,KRSA,0.26277372262773724,2,TKL,MLK,LZK,MAP3K13
MLK,0.3325,58,KRSA,0.26277372262773724,2,TKL,MLK,MLK,MAP3K9
MLK,0.3325,58,KRSA,0.26277372262773724,2,TKL,MLK,HH498,TNNI3K
PAKA,-0.7925,29,KRSA,0.6256517205422315,3,STE,STE20,PAKA,PAK1
PAKA,-0.7925,29,KRSA,0.6256517205422315,3,STE,STE20,PAKA,PAK2
PAKA,-0.7925,29,KRSA,0.6256517205422315,3,STE,STE20,PAKA,PAK3
IKK,-0.22666666666666668,66,KRSA,0.16266944734098018,1,OTHER,IKK,IKK,CHUK
IKK,-0.22666666666666668,66,KRSA,0.16266944734098018,1,OTHER,IKK,IKK,IKBKB
IKK,-0.22666666666666668,66,KRSA,0.16266944734098018,1,OTHER,IKK,IKK,IKBKE
IKK,-0.22666666666666668,66,KRSA,0.16266944734098018,1,OTHER,IKK,IKK,TBK1
CK2,-0.15583333333333335,72,KRSA,0.08759124087591241,1,CMGC,CK2,CK2,CSNK2A1
CK2,-0.15583333333333335,72,KRSA,0.08759124087591241,1,CMGC,CK2,CK2,CSNK2A2
CK2,-0.15583333333333335,72,KRSA,0.08759124087591241,1,NA,NA,NA,CSNK2A3
MELK,0.475,50,KRSA,0.36287799791449427,2,CAMK,CAMKL,MELK,MELK
AMPK,0.49333333333333335,49,KRSA,0.3753910323253389,2,CAMK,CAMKL,AMPK,PRKAA1
AMPK,0.49333333333333335,49,KRSA,0.3753910323253389,2,CAMK,CAMKL,AMPK,PRKAA2
MSN,1.3541666666666667,9,KRSA,0.8884254431699687,4,STE,STE20,MSN,MAP4K4
MSN,1.3541666666666667,9,KRSA,0.8884254431699687,4,STE,STE20,MSN,NRK
MSN,1.3541666666666667,9,KRSA,0.8884254431699687,4,STE,STE20,MSN,TNIK
TTK,-0.6466666666666667,38,KRSA,0.5130344108446299,3,OTHER,TTK,TTK,TTK
NUAK,-0.6291666666666667,41,KRSA,0.4754953076120959,2,CAMK,CAMKL,NUAK,NUAK1
NUAK,-0.6291666666666667,41,KRSA,0.4754953076120959,2,CAMK,CAMKL,NUAK,NUAK2
TLK,-0.9975,21,KRSA,0.7257559958289885,3,OTHER,TLK,TLK,TLK1
TLK,-0.9975,21,KRSA,0.7257559958289885,3,OTHER,TLK,TLK,TLK2
HAL,-0.37833333333333335,54,KRSA,0.31282586027111575,2,RGC,RGC,RGC,NPR1
PAKB,0.01916666666666668,78,KRSA,0.01251303441084463,1,STE,STE20,PAKB,PAK4
PAKB,0.01916666666666668,78,KRSA,0.01251303441084463,1,STE,STE20,PAKB,PAK5
PAKB,0.01916666666666668,78,KRSA,0.01251303441084463,1,STE,STE20,PAKB,PAK6
NAK,-0.2816666666666667,62,KRSA,0.2127215849843587,1,OTHER,NAK,BIKE,AAK1
NAK,-0.2816666666666667,62,KRSA,0.2127215849843587,1,OTHER,NAK,BIKE,BMP2K
NAK,-0.2816666666666667,62,KRSA,0.2127215849843587,1,OTHER,NAK,GAK,GAK
NAK,-0.2816666666666667,62,KRSA,0.2127215849843587,1,OTHER,NAK,MPSK,STK16
CDK,-1.3658333333333332,7,KRSA,0.913451511991658,4,CMGC,CDK,CDC2,CDK1
CDK,-1.3658333333333332,7,KRSA,0.913451511991658,4,CMGC,CDK,CDK10,CDK10
CDK,-1.3658333333333332,7,KRSA,0.913451511991658,4,CMGC,CDK,CRK7,CDK12
CDK,-1.3658333333333332,7,KRSA,0.913451511991658,4,CMGC,CDK,CRK7,CDK13
CDK,-1.3658333333333332,7,KRSA,0.913451511991658,4,CMGC,CDK,PFTAIRE,CDK14
CDK,-1.3658333333333332,7,KRSA,0.913451511991658,4,CMGC,CDK,PFTAIRE,CDK15
CDK,-1.3658333333333332,7,KRSA,0.913451511991658,4,CMGC,CDK,PCTAIRE,CDK16
CDK,-1.3658333333333332,7,KRSA,0.913451511991658,4,CMGC,CDK,PCTAIRE,CDK17
CDK,-1.3658333333333332,7,KRSA,0.913451511991658,4,CMGC,CDK,PCTAIRE,CDK18
CDK,-1.3658333333333332,7,KRSA,0.913451511991658,4,CMGC,CDK,CDK8,CDK19
CDK,-1.3658333333333332,7,KRSA,0.913451511991658,4,CMGC,CDK,CDC2,CDK2
CDK,-1.3658333333333332,7,KRSA,0.913451511991658,4,CMGC,CDK,CCRK,CDK20
CDK,-1.3658333333333332,7,KRSA,0.913451511991658,4,CMGC,CDK,CDC2,CDK3
CDK,-1.3658333333333332,7,KRSA,0.913451511991658,4,CMGC,CDK,CDK4,CDK4
CDK,-1.3658333333333332,7,KRSA,0.913451511991658,4,CMGC,CDK,CDK5,CDK5
CDK,-1.3658333333333332,7,KRSA,0.913451511991658,4,CMGC,CDK,CDK4,CDK6
CDK,-1.3658333333333332,7,KRSA,0.913451511991658,4,CMGC,CDK,CDK7,CDK7
CDK,-1.3658333333333332,7,KRSA,0.913451511991658,4,CMGC,CDK,CDK8,CDK8
CDK,-1.3658333333333332,7,KRSA,0.913451511991658,4,CMGC,CDK,CDK9,CDK9
CDK,-1.3658333333333332,7,KRSA,0.913451511991658,4,NA,NA,NA,CDK11A
CDK,-1.3658333333333332,7,KRSA,0.913451511991658,4,NA,NA,NA,CDK11B
PKN,-0.6283333333333333,42,KRSA,0.4629822732012513,2,AGC,PKN,PKN,PKN1
PKN,-0.6283333333333333,42,KRSA,0.4629822732012513,2,AGC,PKN,PKN,PKN2
PKN,-0.6283333333333333,42,KRSA,0.4629822732012513,2,AGC,PKN,PKN,PKN3
STKR,0.5691666666666666,46,KRSA,0.4129301355578728,2,TKL,STKR,TYPE1,ACVR1
STKR,0.5691666666666666,46,KRSA,0.4129301355578728,2,TKL,STKR,TYPE1,ACVR1B
STKR,0.5691666666666666,46,KRSA,0.4129301355578728,2,TKL,STKR,TYPE1,ACVR1C
STKR,0.5691666666666666,46,KRSA,0.4129301355578728,2,TKL,STKR,TYPE2,ACVR2A
STKR,0.5691666666666666,46,KRSA,0.4129301355578728,2,TKL,STKR,TYPE2,ACVR2B
STKR,0.5691666666666666,46,KRSA,0.4129301355578728,2,TKL,STKR,TYPE1,ACVRL1
STKR,0.5691666666666666,46,KRSA,0.4129301355578728,2,TKL,STKR,TYPE2,AMHR2
STKR,0.5691666666666666,46,KRSA,0.4129301355578728,2,TKL,STKR,TYPE1,BMPR1A
STKR,0.5691666666666666,46,KRSA,0.4129301355578728,2,TKL,STKR,TYPE1,BMPR1B
STKR,0.5691666666666666,46,KRSA,0.4129301355578728,2,TKL,STKR,TYPE2,BMPR2
STKR,0.5691666666666666,46,KRSA,0.4129301355578728,2,TKL,STKR,TYPE1,TGFBR1
STKR,0.5691666666666666,46,KRSA,0.4129301355578728,2,TKL,STKR,TYPE2,TGFBR2
DMPK,0.635,40,KRSA,0.4880083420229406,2,AGC,DMPK,GEK,CDC42BPA
DMPK,0.635,40,KRSA,0.4880083420229406,2,AGC,DMPK,GEK,CDC42BPB
DMPK,0.635,40,KRSA,0.4880083420229406,2,AGC,DMPK,GEK,CDC42BPG
DMPK,0.635,40,KRSA,0.4880083420229406,2,AGC,DMPK,CRIK,CIT
DMPK,0.635,40,KRSA,0.4880083420229406,2,AGC,DMPK,GEK,DMPK
DMPK,0.635,40,KRSA,0.4880083420229406,2,AGC,DMPK,ROCK,ROCK1
DMPK,0.635,40,KRSA,0.4880083420229406,2,AGC,DMPK,ROCK,ROCK2
PKG,1.1866666666666668,12,KRSA,0.8508863399374348,4,AGC,PKG,PKG,PRKG1
PKG,1.1866666666666668,12,KRSA,0.8508863399374348,4,AGC,PKG,PKG,PRKG2
CHK1,0.4016666666666666,53,KRSA,0.32533889468196037,2,CAMK,CAMKL,CHK1,CHEK1
SGK,0.6041666666666666,43,KRSA,0.4504692387904067,2,AGC,SGK,SGK,SGK1
SGK,0.6041666666666666,43,KRSA,0.4504692387904067,2,AGC,SGK,SGK,SGK2
SGK,0.6041666666666666,43,KRSA,0.4504692387904067,2,AGC,SGK,SGK,SGK3
BUD32,-0.1991666666666667,67,KRSA,0.15015641293013557,1,OTHER,BUD32,BUD32,TP53RK
RSK,0.5466666666666666,47,KRSA,0.40041710114702816,2,AGC,RSK,RSK,RPS6KA1
RSK,0.5466666666666666,47,KRSA,0.40041710114702816,2,AGC,RSK,RSK,RPS6KA2
RSK,0.5466666666666666,47,KRSA,0.40041710114702816,2,AGC,RSK,RSK,RPS6KA3
RSK,0.5466666666666666,47,KRSA,0.40041710114702816,2,AGC,RSK,MSK,RPS6KA4
RSK,0.5466666666666666,47,KRSA,0.40041710114702816,2,AGC,RSK,MSK,RPS6KA5
RSK,0.5466666666666666,47,KRSA,0.40041710114702816,2,AGC,RSK,RSK,RPS6KA6
RSK,0.5466666666666666,47,KRSA,0.40041710114702816,2,AGC,RSK,P70,RPS6KB1
RSK,0.5466666666666666,47,KRSA,0.40041710114702816,2,AGC,RSK,P70,RPS6KB2
STE11,-0.33916666666666667,57,KRSA,0.27528675703858185,2,TKL,MLK,TAK1,MAP3K7
STE11,-0.33916666666666667,57,KRSA,0.27528675703858185,2,STE,STE11,MEKK1,MAP3K1
STE11,-0.33916666666666667,57,KRSA,0.27528675703858185,2,STE,STE11,ASK,MAP3K15
STE11,-0.33916666666666667,57,KRSA,0.27528675703858185,2,STE,STE11,MEKK2,MAP3K2
STE11,-0.33916666666666667,57,KRSA,0.27528675703858185,2,STE,STE11,MEKK2,MAP3K3
STE11,-0.33916666666666667,57,KRSA,0.27528675703858185,2,STE,STE11,MEKK4,MAP3K4
STE11,-0.33916666666666667,57,KRSA,0.27528675703858185,2,STE,STE11,ASK,MAP3K5
STE11,-0.33916666666666667,57,KRSA,0.27528675703858185,2,STE,STE11,ASK,MAP3K6
TAO,0.6466666666666666,39,KRSA,0.5005213764337852,3,STE,STE20,TAO,TAOK1
TAO,0.6466666666666666,39,KRSA,0.5005213764337852,3,STE,STE20,TAO,TAOK2
TAO,0.6466666666666666,39,KRSA,0.5005213764337852,3,STE,STE20,TAO,TAOK3
QIK,-0.245,64,KRSA,0.18769551616266944,1,CAMK,CAMKL,QIK,SIK1
QIK,-0.245,64,KRSA,0.18769551616266944,1,CAMK,CAMKL,QIK,SIK2
KHS,-0.19,69,KRSA,0.1251303441084463,1,STE,STE20,KHS,MAP4K1
KHS,-0.19,69,KRSA,0.1251303441084463,1,STE,STE20,KHS,MAP4K2
KHS,-0.19,69,KRSA,0.1251303441084463,1,STE,STE20,KHS,MAP4K3
KHS,-0.19,69,KRSA,0.1251303441084463,1,STE,STE20,KHS,MAP4K5
SLK,0.8191666666666666,27,KRSA,0.6506777893639207,3,STE,STE20,SLK,SLK
SLK,0.8191666666666666,27,KRSA,0.6506777893639207,3,STE,STE20,SLK,STK10
CAMKK,0.8091666666666666,28,KRSA,0.6381647549530761,3,OTHER,CAMKK,META,CAMKK1
CAMKK,0.8091666666666666,28,KRSA,0.6381647549530761,3,OTHER,CAMKK,META,CAMKK2
WNK,-0.3491666666666667,55,KRSA,0.30031282586027114,2,OTHER,WNK,WNK,WNK1
WNK,-0.3491666666666667,55,KRSA,0.30031282586027114,2,OTHER,WNK,WNK,WNK2
WNK,-0.3491666666666667,55,KRSA,0.30031282586027114,2,OTHER,WNK,WNK,WNK3
WNK,-0.3491666666666667,55,KRSA,0.30031282586027114,2,OTHER,WNK,WNK,WNK4
BRSK,-0.01749999999999999,79,KRSA,0,1,CAMK,CAMKL,BRSK,BRSK1
BRSK,-0.01749999999999999,79,KRSA,0,1,CAMK,CAMKL,BRSK,BRSK2
CLK,-0.6941666666666667,35,KRSA,0.5505735140771637,3,CMGC,CLK,CLK,CLK1
CLK,-0.6941666666666667,35,KRSA,0.5505735140771637,3,CMGC,CLK,CLK,CLK2
CLK,-0.6941666666666667,35,KRSA,0.5505735140771637,3,CMGC,CLK,CLK,CLK3
CLK,-0.6941666666666667,35,KRSA,0.5505735140771637,3,CMGC,CLK,CLK,CLK4
ULK,-0.6866666666666666,36,KRSA,0.5380604796663191,3,OTHER,ULK,FUSED,STK36
ULK,-0.6866666666666666,36,KRSA,0.5380604796663191,3,OTHER,ULK,ULK,ULK1
ULK,-0.6866666666666666,36,KRSA,0.5380604796663191,3,OTHER,ULK,ULK,ULK2
ULK,-0.6866666666666666,36,KRSA,0.5380604796663191,3,OTHER,ULK,ULK,ULK3
ULK,-0.6866666666666666,36,KRSA,0.5380604796663191,3,OTHER,ULK,ULK,ULK4
NIK,-0.6808333333333333,37,KRSA,0.5255474452554745,3,STE,STE-UNIQUE,STE-UNIQUE,MAP3K14
MTOR,0.04749999999999999,77,KRSA,0.02502606882168926,1,ATYPICAL,PIKK,FRAP,MTOR
IRAK,0.09666666666666666,75,KRSA,0.05005213764337852,1,TKL,IRAK,IRAK,IRAK1
IRAK,0.09666666666666666,75,KRSA,0.05005213764337852,1,TKL,IRAK,IRAK,IRAK2
IRAK,0.09666666666666666,75,KRSA,0.05005213764337852,1,TKL,IRAK,IRAK,IRAK3
IRAK,0.09666666666666666,75,KRSA,0.05005213764337852,1,TKL,IRAK,IRAK,IRAK4
AUR,1.153333333333333,14,KRSA,0.8258602711157456,4,OTHER,AUR,AUR,AURKA
AUR,1.153333333333333,14,KRSA,0.8258602711157456,4,OTHER,AUR,AUR,AURKB
AUR,1.153333333333333,14,KRSA,0.8258602711157456,4,OTHER,AUR,AUR,AURKC
CAMK2,-0.30916666666666665,61,KRSA,0.22523461939520334,1,CAMK,CAMK2,CAMK2,CAMK2A
CAMK2,-0.30916666666666665,61,KRSA,0.22523461939520334,1,CAMK,CAMK2,CAMK2,CAMK2B
CAMK2,-0.30916666666666665,61,KRSA,0.22523461939520334,1,CAMK,CAMK2,CAMK2,CAMK2D
CAMK2,-0.30916666666666665,61,KRSA,0.22523461939520334,1,CAMK,CAMK2,CAMK2,CAMK2G
COT,0.4116666666666667,52,KRSA,0.337851929092805,2,STE,STE-UNIQUE,STE-UNIQUE,MAP3K8
MLCK,-0.25333333333333335,63,KRSA,0.20020855057351408,1,CAMK,MLCK,MLCK,MYLK
MLCK,-0.25333333333333335,63,KRSA,0.20020855057351408,1,CAMK,MLCK,MLCK,MYLK2
MLCK,-0.25333333333333335,63,KRSA,0.20020855057351408,1,CAMK,MLCK,MLCK,TTN
RAF,-1.1858333333333333,13,KRSA,0.8383733055265902,4,TKL,RAF,RAF,ARAF
RAF,-1.1858333333333333,13,KRSA,0.8383733055265902,4,TKL,RAF,RAF,BRAF
RAF,-1.1858333333333333,13,KRSA,0.8383733055265902,4,TKL,RAF,KSR,KSR1
RAF,-1.1858333333333333,13,KRSA,0.8383733055265902,4,TKL,RAF,KSR,KSR2
RAF,-1.1858333333333333,13,KRSA,0.8383733055265902,4,TKL,RAF,RAF,RAF1
PHK,0.1175,73,KRSA,0.07507820646506778,1,CAMK,PHK,PHK,PHKG1
PHK,0.1175,73,KRSA,0.07507820646506778,1,CAMK,PHK,PHK,PHKG2
FRAY,-0.17,71,KRSA,0.10010427528675704,1,STE,STE20,FRAY,OXSR1
FRAY,-0.17,71,KRSA,0.10010427528675704,1,STE,STE20,FRAY,STK39
CAMK1,1.3616666666666666,8,KRSA,0.9009384775808134,4,CAMK,CAMK1,CAMK1,CAMK1
CAMK1,1.3616666666666666,8,KRSA,0.9009384775808134,4,CAMK,CAMK1,CAMK1,CAMK1D
CAMK1,1.3616666666666666,8,KRSA,0.9009384775808134,4,CAMK,CAMK1,CAMK1,CAMK1G
CAMK1,1.3616666666666666,8,KRSA,0.9009384775808134,4,CAMK,CAMK1,CAMK1,CAMK4
CAMK1,1.3616666666666666,8,KRSA,0.9009384775808134,4,CAMK,CAMK1,CAMK1,PNCK
P38,-0.9691666666666666,22,KRSA,0.7132429614181439,3,CMGC,MAPK,P38,MAPK11
P38,-0.9691666666666666,22,KRSA,0.7132429614181439,3,CMGC,MAPK,P38,MAPK12
P38,-0.9691666666666666,22,KRSA,0.7132429614181439,3,CMGC,MAPK,P38,MAPK13
P38,-0.9691666666666666,22,KRSA,0.7132429614181439,3,CMGC,MAPK,P38,MAPK14
PRKDC,-0.44916666666666666,51,KRSA,0.35036496350364965,2,ATYPICAL,PIKK,DNAPK,PRKDC
GRK,0.5691666666666667,45,KRSA,0.4254431699687174,2,AGC,GRK,GRK,GRK1
GRK,0.5691666666666667,45,KRSA,0.4254431699687174,2,AGC,GRK,GRK,GRK4
GRK,0.5691666666666667,45,KRSA,0.4254431699687174,2,AGC,GRK,GRK,GRK5
GRK,0.5691666666666667,45,KRSA,0.4254431699687174,2,AGC,GRK,GRK,GRK6
GRK,0.5691666666666667,45,KRSA,0.4254431699687174,2,AGC,GRK,GRK,GRK7
PKA,1.0508333333333333,18,KRSA,0.7632950990615224,4,AGC,PKA,PKA,PRKACA
PKA,1.0508333333333333,18,KRSA,0.7632950990615224,4,AGC,PKA,PKA,PRKACB
PKA,1.0508333333333333,18,KRSA,0.7632950990615224,4,AGC,PKA,PKA,PRKACG
PKA,1.0508333333333333,18,KRSA,0.7632950990615224,4,AGC,PKA,PKA,PRKX
PKA,1.0508333333333333,18,KRSA,0.7632950990615224,4,AGC,PKA,PKA,PRKY
PKCD,0.8833333333333333,24,KRSA,0.6882168925964547,3,AGC,PKC,DELTA,PRKCD
PKCD,0.8833333333333333,24,KRSA,0.6882168925964547,3,AGC,PKC,DELTA,PRKCQ
PKD,0.345,56,KRSA,0.28779979144942647,2,CAMK,PKD,PKD,PRKD1
PKD,0.345,56,KRSA,0.28779979144942647,2,CAMK,PKD,PKD,PRKD2
PKD,0.345,56,KRSA,0.28779979144942647,2,CAMK,PKD,PKD,PRKD3
PKCH,-0.11666666666666668,74,KRSA,0.06256517205422316,1,AGC,PKC,ETA,PRKCE
PKCH,-0.11666666666666668,74,KRSA,0.06256517205422316,1,AGC,PKC,ETA,PRKCH
AKT,0.7558333333333334,31,KRSA,0.6006256517205423,3,AGC,AKT,AKT,AKT1
AKT,0.7558333333333334,31,KRSA,0.6006256517205423,3,AGC,AKT,AKT,AKT2
AKT,0.7558333333333334,31,KRSA,0.6006256517205423,3,AGC,AKT,AKT,AKT3
BARK2,0.17333333333333334,70,KRSA,0.11261730969760167,1,AGC,GRK,BARK,GRK3
RAD53,-0.07250000000000001,76,KRSA,0.03753910323253389,1,CAMK,RAD53,RAD53,CHEK2
ATR,-0.7125,33,KRSA,0.5755995828988529,3,ATYPICAL,PIKK,ATR,ATR
PKCA,0.595,44,KRSA,0.43795620437956206,2,AGC,PKC,ALPHA,PRKCA
PKCA,0.595,44,KRSA,0.43795620437956206,2,AGC,PKC,ALPHA,PRKCB
PKCA,0.595,44,KRSA,0.43795620437956206,2,AGC,PKC,ALPHA,PRKCG
PKCI,1.0508333333333333,18,KRSA,0.7632950990615224,4,AGC,PKC,IOTA,PRKCI
PKCI,1.0508333333333333,18,KRSA,0.7632950990615224,4,AGC,PKC,IOTA,PRKCZ
ERK,-2.3158333333333334,1,KRSA,0.9885297184567258,4,CMGC,MAPK,ERK1,MAPK1
ERK,-2.3158333333333334,1,KRSA,0.9885297184567258,4,CMGC,MAPK,ERK7,MAPK15
ERK,-2.3158333333333334,1,KRSA,0.9885297184567258,4,CMGC,MAPK,ERK1,MAPK3
ERK,-2.3158333333333334,1,KRSA,0.9885297184567258,4,CMGC,MAPK,ERK3,MAPK4
ERK,-2.3158333333333334,1,KRSA,0.9885297184567258,4,CMGC,MAPK,ERK3,MAPK6
ERK,-2.3158333333333334,1,KRSA,0.9885297184567258,4,CMGC,MAPK,ERK5,MAPK7
PDHK,-0.86,25,KRSA,0.67570385818561,3,ATYPICAL,PDHK,BCKDK,BCKDK
PDHK,-0.86,25,KRSA,0.67570385818561,3,ATYPICAL,PDHK,PDHK,PDK2
PDHK,-0.86,25,KRSA,0.67570385818561,3,ATYPICAL,PDHK,PDHK,PDK3
PDHK,-0.86,25,KRSA,0.67570385818561,3,ATYPICAL,PDHK,PDHK,PDK4
PASK,1.7358333333333331,3,KRSA,0.9635036496350365,4,CAMK,CAMKL,PASK,PASK
PDK1,-1.63,5,KRSA,0.9384775808133472,4,ATYPICAL,PDHK,PDHK,PDK1
PDK1,-1.63,5,KRSA,0.9384775808133472,4,AGC,PDK1,PDK1,PDPK1
AUR,1.153333333333333,14,KRSA,0.8258602711157456,4,OTHER,AUR,AUR,AURKA
AUR,1.153333333333333,14,KRSA,0.8258602711157456,4,OTHER,AUR,AUR,AURKB
AUR,1.153333333333333,14,KRSA,0.8258602711157456,4,OTHER,AUR,AUR,AURKC
JNK,-1.6616666666666666,4,KRSA,0.9509906152241918,4,CMGC,MAPK,JNK,MAPK10
JNK,-1.6616666666666666,4,KRSA,0.9509906152241918,4,CMGC,MAPK,JNK,MAPK8
JNK,-1.6616666666666666,4,KRSA,0.9509906152241918,4,CMGC,MAPK,JNK,MAPK9
DYRK,-1.3191666666666666,10,KRSA,0.8759124087591241,4,CMGC,DYRK,DYRK1,DYRK1A
DYRK,-1.3191666666666666,10,KRSA,0.8759124087591241,4,CMGC,DYRK,DYRK1,DYRK1B
DYRK,-1.3191666666666666,10,KRSA,0.8759124087591241,4,CMGC,DYRK,DYRK2,DYRK2
DYRK,-1.3191666666666666,10,KRSA,0.8759124087591241,4,CMGC,DYRK,DYRK2,DYRK3
DYRK,-1.3191666666666666,10,KRSA,0.8759124087591241,4,CMGC,DYRK,DYRK2,DYRK4
DYRK,-1.3191666666666666,10,KRSA,0.8759124087591241,4,CMGC,DYRK,HIPK,HIPK1
DYRK,-1.3191666666666666,10,KRSA,0.8759124087591241,4,CMGC,DYRK,HIPK,HIPK2
DYRK,-1.3191666666666666,10,KRSA,0.8759124087591241,4,CMGC,DYRK,HIPK,HIPK3
DYRK,-1.3191666666666666,10,KRSA,0.8759124087591241,4,CMGC,DYRK,HIPK,HIPK4
DYRK,-1.3191666666666666,10,KRSA,0.8759124087591241,4,CMGC,DYRK,PRP4,PRPF4B
PEK,-1.505,6,KRSA,0.9259645464025026,4,OTHER,PEK,HRI,EIF2AK1
PEK,-1.505,6,KRSA,0.9259645464025026,4,OTHER,PEK,PKR,EIF2AK2
PEK,-1.505,6,KRSA,0.9259645464025026,4,OTHER,PEK,PEK,EIF2AK3
PEK,-1.505,6,KRSA,0.9259645464025026,4,OTHER,PEK,GCN2,EIF2AK4
GRK,0.5691666666666667,45,KRSA,0.4254431699687174,2,AGC,GRK,GRK,GRK1
GRK,0.5691666666666667,45,KRSA,0.4254431699687174,2,AGC,GRK,GRK,GRK4
GRK,0.5691666666666667,45,KRSA,0.4254431699687174,2,AGC,GRK,GRK,GRK5
GRK,0.5691666666666667,45,KRSA,0.4254431699687174,2,AGC,GRK,GRK,GRK6
GRK,0.5691666666666667,45,KRSA,0.4254431699687174,2,AGC,GRK,GRK,GRK7
CAMK1,1.3616666666666666,8,KRSA,0.9009384775808134,4,CAMK,CAMK1,CAMK1,CAMK1
CAMK1,1.3616666666666666,8,KRSA,0.9009384775808134,4,CAMK,CAMK1,CAMK1,CAMK1D
CAMK1,1.3616666666666666,8,KRSA,0.9009384775808134,4,CAMK,CAMK1,CAMK1,CAMK1G
CAMK1,1.3616666666666666,8,KRSA,0.9009384775808134,4,CAMK,CAMK1,CAMK1,CAMK4
CAMK1,1.3616666666666666,8,KRSA,0.9009384775808134,4,CAMK,CAMK1,CAMK1,PNCK
P38,-0.9691666666666666,22,KRSA,0.7132429614181439,3,CMGC,MAPK,P38,MAPK11
P38,-0.9691666666666666,22,KRSA,0.7132429614181439,3,CMGC,MAPK,P38,MAPK12
P38,-0.9691666666666666,22,KRSA,0.7132429614181439,3,CMGC,MAPK,P38,MAPK13
P38,-0.9691666666666666,22,KRSA,0.7132429614181439,3,CMGC,MAPK,P38,MAPK14
NEK,-0.7733333333333333,30,KRSA,0.6131386861313869,3,OTHER,NEK,NEK11,NEK11
NEK,-0.7733333333333333,30,KRSA,0.6131386861313869,3,OTHER,NEK,NEK2,NEK2
NEK,-0.7733333333333333,30,KRSA,0.6131386861313869,3,OTHER,NEK,NEK1,NEK3
NEK,-0.7733333333333333,30,KRSA,0.6131386861313869,3,OTHER,NEK,NEK4,NEK4
NEK,-0.7733333333333333,30,KRSA,0.6131386861313869,3,OTHER,NEK,NEK1,NEK5
NEK,-0.7733333333333333,30,KRSA,0.6131386861313869,3,OTHER,NEK,NEK6,NEK6
NEK,-0.7733333333333333,30,KRSA,0.6131386861313869,3,OTHER,NEK,NEK6,NEK7
NEK,-0.7733333333333333,30,KRSA,0.6131386861313869,3,OTHER,NEK,NEK8,NEK8
NEK,-0.7733333333333333,30,KRSA,0.6131386861313869,3,OTHER,NEK,NEK8,NEK9
CHK1,0.4016666666666666,53,KRSA,0.32533889468196037,2,CAMK,CAMKL,CHK1,CHEK1
NMO,-1.9175,2,KRSA,0.9760166840458812,4,CMGC,MAPK,NMO,NLK
PKG,1.1866666666666668,12,KRSA,0.8508863399374348,4,AGC,PKG,PKG,PRKG1
PKG,1.1866666666666668,12,KRSA,0.8508863399374348,4,AGC,PKG,PKG,PRKG2
LKB,-1.0883333333333334,17,KRSA,0.7883211678832117,4,CAMK,CAMKL,LKB,STK11
PKCD,0.8833333333333333,24,KRSA,0.6882168925964547,3,AGC,PKC,DELTA,PRKCD
PKCD,0.8833333333333333,24,KRSA,0.6882168925964547,3,AGC,PKC,DELTA,PRKCQ
MAPKAPK,0.9241666666666668,23,KRSA,0.7007299270072993,3,CAMK,MAPKAPK,MAPKAPK,MAPKAPK2
MAPKAPK,0.9241666666666668,23,KRSA,0.7007299270072993,3,CAMK,MAPKAPK,MAPKAPK,MAPKAPK3
MAPKAPK,0.9241666666666668,23,KRSA,0.7007299270072993,3,CAMK,MAPKAPK,MAPKAPK,MAPKAPK5
MAPKAPK,0.9241666666666668,23,KRSA,0.7007299270072993,3,CAMK,MAPKAPK,MNK,MKNK1
MAPKAPK,0.9241666666666668,23,KRSA,0.7007299270072993,3,CAMK,MAPKAPK,MNK,MKNK2
PHK,0.1175,73,KRSA,0.07507820646506778,1,CAMK,PHK,PHK,PHKG1
PHK,0.1175,73,KRSA,0.07507820646506778,1,CAMK,PHK,PHK,PHKG2
PAKA,-0.7925,29,KRSA,0.6256517205422315,3,STE,STE20,PAKA,PAK1
PAKA,-0.7925,29,KRSA,0.6256517205422315,3,STE,STE20,PAKA,PAK2
PAKA,-0.7925,29,KRSA,0.6256517205422315,3,STE,STE20,PAKA,PAK3
CK2,-0.15583333333333335,72,KRSA,0.08759124087591241,1,CMGC,CK2,CK2,CSNK2A1
CK2,-0.15583333333333335,72,KRSA,0.08759124087591241,1,CMGC,CK2,CK2,CSNK2A2
CK2,-0.15583333333333335,72,KRSA,0.08759124087591241,1,NA,NA,NA,CSNK2A3
CAMK2,-0.30916666666666665,61,KRSA,0.22523461939520334,1,CAMK,CAMK2,CAMK2,CAMK2A
CAMK2,-0.30916666666666665,61,KRSA,0.22523461939520334,1,CAMK,CAMK2,CAMK2,CAMK2B
CAMK2,-0.30916666666666665,61,KRSA,0.22523461939520334,1,CAMK,CAMK2,CAMK2,CAMK2D
CAMK2,-0.30916666666666665,61,KRSA,0.22523461939520334,1,CAMK,CAMK2,CAMK2,CAMK2G
PLK,-1.1191666666666666,16,KRSA,0.8008342022940563,4,NA,NA,NA,PLK5
PLK,-1.1191666666666666,16,KRSA,0.8008342022940563,4,OTHER,PLK,PLK1,PLK1
PLK,-1.1191666666666666,16,KRSA,0.8008342022940563,4,OTHER,PLK,PLK2,PLK2
PLK,-1.1191666666666666,16,KRSA,0.8008342022940563,4,OTHER,PLK,PLK2,PLK3
PLK,-1.1191666666666666,16,KRSA,0.8008342022940563,4,OTHER,PLK,SAK,PLK4
IKK,-0.22666666666666668,66,KRSA,0.16266944734098018,1,OTHER,IKK,IKK,CHUK
IKK,-0.22666666666666668,66,KRSA,0.16266944734098018,1,OTHER,IKK,IKK,IKBKB
IKK,-0.22666666666666668,66,KRSA,0.16266944734098018,1,OTHER,IKK,IKK,IKBKE
IKK,-0.22666666666666668,66,KRSA,0.16266944734098018,1,OTHER,IKK,IKK,TBK1
STE7,-1.0008333333333337,20,KRSA,0.7382690302398331,3,STE,STE7,MEK1,MAP2K1
STE7,-1.0008333333333337,20,KRSA,0.7382690302398331,3,STE,STE7,MEK1,MAP2K2
STE7,-1.0008333333333337,20,KRSA,0.7382690302398331,3,STE,STE7,MEK3,MAP2K3
STE7,-1.0008333333333337,20,KRSA,0.7382690302398331,3,STE,STE7,MEK4,MAP2K4
STE7,-1.0008333333333337,20,KRSA,0.7382690302398331,3,STE,STE7,MEK5,MAP2K5
STE7,-1.0008333333333337,20,KRSA,0.7382690302398331,3,STE,STE7,MEK3,MAP2K6
STE7,-1.0008333333333337,20,KRSA,0.7382690302398331,3,STE,STE7,MEK7,MAP2K7
SGK,0.6041666666666666,43,KRSA,0.4504692387904067,2,AGC,SGK,SGK,SGK1
SGK,0.6041666666666666,43,KRSA,0.4504692387904067,2,AGC,SGK,SGK,SGK2
SGK,0.6041666666666666,43,KRSA,0.4504692387904067,2,AGC,SGK,SGK,SGK3
PKCH,-0.11666666666666668,74,KRSA,0.06256517205422316,1,AGC,PKC,ETA,PRKCE
PKCH,-0.11666666666666668,74,KRSA,0.06256517205422316,1,AGC,PKC,ETA,PRKCH
NDR,-0.33,59,KRSA,0.2502606882168926,2,AGC,NDR,NDR,LATS1
NDR,-0.33,59,KRSA,0.2502606882168926,2,AGC,NDR,NDR,LATS2
NDR,-0.33,59,KRSA,0.2502606882168926,2,AGC,NDR,NDR,STK38
NDR,-0.33,59,KRSA,0.2502606882168926,2,AGC,NDR,NDR,STK38L
VRK1,-0.19166666666666665,68,KRSA,0.13764337851929093,1,CK1,VRK,VRK,VRK1
PKA,1.0508333333333333,18,KRSA,0.7632950990615224,4,AGC,PKA,PKA,PRKACA
PKA,1.0508333333333333,18,KRSA,0.7632950990615224,4,AGC,PKA,PKA,PRKACB
PKA,1.0508333333333333,18,KRSA,0.7632950990615224,4,AGC,PKA,PKA,PRKACG
PKA,1.0508333333333333,18,KRSA,0.7632950990615224,4,AGC,PKA,PKA,PRKX
PKA,1.0508333333333333,18,KRSA,0.7632950990615224,4,AGC,PKA,PKA,PRKY
ATR,-0.7125,33,KRSA,0.5755995828988529,3,ATYPICAL,PIKK,ATR,ATR
GSK,-0.8275,26,KRSA,0.6631908237747653,3,CMGC,GSK,GSK,GSK3A
GSK,-0.8275,26,KRSA,0.6631908237747653,3,CMGC,GSK,GSK,GSK3B
ATM,-1.1483333333333334,15,KRSA,0.8133472367049009,4,ATYPICAL,PIKK,ATM,ATM
CK1,-0.7516666666666667,32,KRSA,0.5881126173096975,3,CK1,CK1,CK1-A,CSNK1A1
CK1,-0.7516666666666667,32,KRSA,0.5881126173096975,3,CK1,CK1,CK1-A,CSNK1A1L
CK1,-0.7516666666666667,32,KRSA,0.5881126173096975,3,CK1,CK1,CK1-D,CSNK1D
CK1,-0.7516666666666667,32,KRSA,0.5881126173096975,3,CK1,CK1,CK1-D,CSNK1E
CK1,-0.7516666666666667,32,KRSA,0.5881126173096975,3,CK1,CK1,CK1-G,CSNK1G1
CK1,-0.7516666666666667,32,KRSA,0.5881126173096975,3,CK1,CK1,CK1-G,CSNK1G2
CK1,-0.7516666666666667,32,KRSA,0.5881126173096975,3,CK1,CK1,CK1-G,CSNK1G3
CK1,-0.7516666666666667,32,KRSA,0.5881126173096975,3,CK1,TTBK,TTBK,TTBK1
CK1,-0.7516666666666667,32,KRSA,0.5881126173096975,3,CK1,TTBK,TTBK,TTBK2
CK1,-0.7516666666666667,32,KRSA,0.5881126173096975,3,CK1,VRK,VRK,VRK3
FRAY,-0.17,71,KRSA,0.10010427528675704,1,STE,STE20,FRAY,OXSR1
FRAY,-0.17,71,KRSA,0.10010427528675704,1,STE,STE20,FRAY,STK39
BARK2,0.17333333333333334,70,KRSA,0.11261730969760167,1,AGC,GRK,BARK,GRK3
MLK,0.3325,58,KRSA,0.26277372262773724,2,TKL,MLK,ILK,ILK
MLK,0.3325,58,KRSA,0.26277372262773724,2,TKL,MLK,MLK,MAP3K10
MLK,0.3325,58,KRSA,0.26277372262773724,2,TKL,MLK,MLK,MAP3K11
MLK,0.3325,58,KRSA,0.26277372262773724,2,TKL,MLK,LZK,MAP3K12
MLK,0.3325,58,KRSA,0.26277372262773724,2,TKL,MLK,LZK,MAP3K13
MLK,0.3325,58,KRSA,0.26277372262773724,2,TKL,MLK,MLK,MAP3K9
MLK,0.3325,58,KRSA,0.26277372262773724,2,TKL,MLK,HH498,TNNI3K
RSK,0.5466666666666666,47,KRSA,0.40041710114702816,2,AGC,RSK,RSK,RPS6KA1
RSK,0.5466666666666666,47,KRSA,0.40041710114702816,2,AGC,RSK,RSK,RPS6KA2
RSK,0.5466666666666666,47,KRSA,0.40041710114702816,2,AGC,RSK,RSK,RPS6KA3
RSK,0.5466666666666666,47,KRSA,0.40041710114702816,2,AGC,RSK,MSK,RPS6KA4
RSK,0.5466666666666666,47,KRSA,0.40041710114702816,2,AGC,RSK,MSK,RPS6KA5
RSK,0.5466666666666666,47,KRSA,0.40041710114702816,2,AGC,RSK,RSK,RPS6KA6
RSK,0.5466666666666666,47,KRSA,0.40041710114702816,2,AGC,RSK,P70,RPS6KB1
RSK,0.5466666666666666,47,KRSA,0.40041710114702816,2,AGC,RSK,P70,RPS6KB2
TTK,-0.6466666666666667,38,KRSA,0.5130344108446299,3,OTHER,TTK,TTK,TTK
TLK,-0.9975,21,KRSA,0.7257559958289885,3,OTHER,TLK,TLK,TLK1
TLK,-0.9975,21,KRSA,0.7257559958289885,3,OTHER,TLK,TLK,TLK2
CDK,-1.3658333333333332,7,KRSA,0.913451511991658,4,CMGC,CDK,CDC2,CDK1
CDK,-1.3658333333333332,7,KRSA,0.913451511991658,4,CMGC,CDK,CDK10,CDK10
CDK,-1.3658333333333332,7,KRSA,0.913451511991658,4,CMGC,CDK,CRK7,CDK12
CDK,-1.3658333333333332,7,KRSA,0.913451511991658,4,CMGC,CDK,CRK7,CDK13
CDK,-1.3658333333333332,7,KRSA,0.913451511991658,4,CMGC,CDK,PFTAIRE,CDK14
CDK,-1.3658333333333332,7,KRSA,0.913451511991658,4,CMGC,CDK,PFTAIRE,CDK15
CDK,-1.3658333333333332,7,KRSA,0.913451511991658,4,CMGC,CDK,PCTAIRE,CDK16
CDK,-1.3658333333333332,7,KRSA,0.913451511991658,4,CMGC,CDK,PCTAIRE,CDK17
CDK,-1.3658333333333332,7,KRSA,0.913451511991658,4,CMGC,CDK,PCTAIRE,CDK18
CDK,-1.3658333333333332,7,KRSA,0.913451511991658,4,CMGC,CDK,CDK8,CDK19
CDK,-1.3658333333333332,7,KRSA,0.913451511991658,4,CMGC,CDK,CDC2,CDK2
CDK,-1.3658333333333332,7,KRSA,0.913451511991658,4,CMGC,CDK,CCRK,CDK20
CDK,-1.3658333333333332,7,KRSA,0.913451511991658,4,CMGC,CDK,CDC2,CDK3
CDK,-1.3658333333333332,7,KRSA,0.913451511991658,4,CMGC,CDK,CDK4,CDK4
CDK,-1.3658333333333332,7,KRSA,0.913451511991658,4,CMGC,CDK,CDK5,CDK5
CDK,-1.3658333333333332,7,KRSA,0.913451511991658,4,CMGC,CDK,CDK4,CDK6
CDK,-1.3658333333333332,7,KRSA,0.913451511991658,4,CMGC,CDK,CDK7,CDK7
CDK,-1.3658333333333332,7,KRSA,0.913451511991658,4,CMGC,CDK,CDK8,CDK8
CDK,-1.3658333333333332,7,KRSA,0.913451511991658,4,CMGC,CDK,CDK9,CDK9
CDK,-1.3658333333333332,7,KRSA,0.913451511991658,4,NA,NA,NA,CDK11A
CDK,-1.3658333333333332,7,KRSA,0.913451511991658,4,NA,NA,NA,CDK11B
NUAK,-0.6291666666666667,41,KRSA,0.4754953076120959,2,CAMK,CAMKL,NUAK,NUAK1
NUAK,-0.6291666666666667,41,KRSA,0.4754953076120959,2,CAMK,CAMKL,NUAK,NUAK2
HAL,-0.37833333333333335,54,KRSA,0.31282586027111575,2,RGC,RGC,RGC,NPR1
PKN,-0.6283333333333333,42,KRSA,0.4629822732012513,2,AGC,PKN,PKN,PKN1
PKN,-0.6283333333333333,42,KRSA,0.4629822732012513,2,AGC,PKN,PKN,PKN2
PKN,-0.6283333333333333,42,KRSA,0.4629822732012513,2,AGC,PKN,PKN,PKN3
NAK,-0.2816666666666667,62,KRSA,0.2127215849843587,1,OTHER,NAK,BIKE,AAK1
NAK,-0.2816666666666667,62,KRSA,0.2127215849843587,1,OTHER,NAK,BIKE,BMP2K
NAK,-0.2816666666666667,62,KRSA,0.2127215849843587,1,OTHER,NAK,GAK,GAK
NAK,-0.2816666666666667,62,KRSA,0.2127215849843587,1,OTHER,NAK,MPSK,STK16
PAKB,0.01916666666666668,78,KRSA,0.01251303441084463,1,STE,STE20,PAKB,PAK4
PAKB,0.01916666666666668,78,KRSA,0.01251303441084463,1,STE,STE20,PAKB,PAK5
PAKB,0.01916666666666668,78,KRSA,0.01251303441084463,1,STE,STE20,PAKB,PAK6
RAF,-1.1858333333333333,13,KRSA,0.8383733055265902,4,TKL,RAF,RAF,ARAF
RAF,-1.1858333333333333,13,KRSA,0.8383733055265902,4,TKL,RAF,RAF,BRAF
RAF,-1.1858333333333333,13,KRSA,0.8383733055265902,4,TKL,RAF,KSR,KSR1
RAF,-1.1858333333333333,13,KRSA,0.8383733055265902,4,TKL,RAF,KSR,KSR2
RAF,-1.1858333333333333,13,KRSA,0.8383733055265902,4,TKL,RAF,RAF,RAF1
IRAK,0.09666666666666666,75,KRSA,0.05005213764337852,1,TKL,IRAK,IRAK,IRAK1
IRAK,0.09666666666666666,75,KRSA,0.05005213764337852,1,TKL,IRAK,IRAK,IRAK2
IRAK,0.09666666666666666,75,KRSA,0.05005213764337852,1,TKL,IRAK,IRAK,IRAK3
IRAK,0.09666666666666666,75,KRSA,0.05005213764337852,1,TKL,IRAK,IRAK,IRAK4
AMPK,0.49333333333333335,49,KRSA,0.3753910323253389,2,CAMK,CAMKL,AMPK,PRKAA1
AMPK,0.49333333333333335,49,KRSA,0.3753910323253389,2,CAMK,CAMKL,AMPK,PRKAA2
PKCA,0.595,44,KRSA,0.43795620437956206,2,AGC,PKC,ALPHA,PRKCA
PKCA,0.595,44,KRSA,0.43795620437956206,2,AGC,PKC,ALPHA,PRKCB
PKCA,0.595,44,KRSA,0.43795620437956206,2,AGC,PKC,ALPHA,PRKCG
PKD,0.345,56,KRSA,0.28779979144942647,2,CAMK,PKD,PKD,PRKD1
PKD,0.345,56,KRSA,0.28779979144942647,2,CAMK,PKD,PKD,PRKD2
PKD,0.345,56,KRSA,0.28779979144942647,2,CAMK,PKD,PKD,PRKD3
MOS,0.6975,34,KRSA,0.5630865484880083,3,OTHER,MOS,MOS,MOS
MSN,1.3541666666666667,9,KRSA,0.8884254431699687,4,STE,STE20,MSN,MAP4K4
MSN,1.3541666666666667,9,KRSA,0.8884254431699687,4,STE,STE20,MSN,NRK
MSN,1.3541666666666667,9,KRSA,0.8884254431699687,4,STE,STE20,MSN,TNIK
TAO,0.6466666666666666,39,KRSA,0.5005213764337852,3,STE,STE20,TAO,TAOK1
TAO,0.6466666666666666,39,KRSA,0.5005213764337852,3,STE,STE20,TAO,TAOK2
TAO,0.6466666666666666,39,KRSA,0.5005213764337852,3,STE,STE20,TAO,TAOK3
WNK,-0.3491666666666667,55,KRSA,0.30031282586027114,2,OTHER,WNK,WNK,WNK1
WNK,-0.3491666666666667,55,KRSA,0.30031282586027114,2,OTHER,WNK,WNK,WNK2
WNK,-0.3491666666666667,55,KRSA,0.30031282586027114,2,OTHER,WNK,WNK,WNK3
WNK,-0.3491666666666667,55,KRSA,0.30031282586027114,2,OTHER,WNK,WNK,WNK4
ULK,-0.6866666666666666,36,KRSA,0.5380604796663191,3,OTHER,ULK,FUSED,STK36
ULK,-0.6866666666666666,36,KRSA,0.5380604796663191,3,OTHER,ULK,ULK,ULK1
ULK,-0.6866666666666666,36,KRSA,0.5380604796663191,3,OTHER,ULK,ULK,ULK2
ULK,-0.6866666666666666,36,KRSA,0.5380604796663191,3,OTHER,ULK,ULK,ULK3
ULK,-0.6866666666666666,36,KRSA,0.5380604796663191,3,OTHER,ULK,ULK,ULK4
BRSK,-0.01749999999999999,79,KRSA,0,1,CAMK,CAMKL,BRSK,BRSK1
BRSK,-0.01749999999999999,79,KRSA,0,1,CAMK,CAMKL,BRSK,BRSK2
CLK,-0.6941666666666667,35,KRSA,0.5505735140771637,3,CMGC,CLK,CLK,CLK1
CLK,-0.6941666666666667,35,KRSA,0.5505735140771637,3,CMGC,CLK,CLK,CLK2
CLK,-0.6941666666666667,35,KRSA,0.5505735140771637,3,CMGC,CLK,CLK,CLK3
CLK,-0.6941666666666667,35,KRSA,0.5505735140771637,3,CMGC,CLK,CLK,CLK4
BUD32,-0.1991666666666667,67,KRSA,0.15015641293013557,1,OTHER,BUD32,BUD32,TP53RK
CAMKK,0.8091666666666666,28,KRSA,0.6381647549530761,3,OTHER,CAMKK,META,CAMKK1
CAMKK,0.8091666666666666,28,KRSA,0.6381647549530761,3,OTHER,CAMKK,META,CAMKK2
SLK,0.8191666666666666,27,KRSA,0.6506777893639207,3,STE,STE20,SLK,SLK
SLK,0.8191666666666666,27,KRSA,0.6506777893639207,3,STE,STE20,SLK,STK10
KHS,-0.19,69,KRSA,0.1251303441084463,1,STE,STE20,KHS,MAP4K1
KHS,-0.19,69,KRSA,0.1251303441084463,1,STE,STE20,KHS,MAP4K2
KHS,-0.19,69,KRSA,0.1251303441084463,1,STE,STE20,KHS,MAP4K3
KHS,-0.19,69,KRSA,0.1251303441084463,1,STE,STE20,KHS,MAP4K5
NIK,-0.6808333333333333,37,KRSA,0.5255474452554745,3,STE,STE-UNIQUE,STE-UNIQUE,MAP3K14
RIPK,1.205833333333333,11,KRSA,0.8633993743482794,4,TKL,RIPK,RIPK,ANKK1
RIPK,1.205833333333333,11,KRSA,0.8633993743482794,4,TKL,RIPK,RIPK,RIPK1
RIPK,1.205833333333333,11,KRSA,0.8633993743482794,4,TKL,RIPK,RIPK,RIPK2
RIPK,1.205833333333333,11,KRSA,0.8633993743482794,4,TKL,RIPK,RIPK,RIPK3
RIPK,1.205833333333333,11,KRSA,0.8633993743482794,4,TKL,RIPK,RIPK,RIPK4
STE11,-0.33916666666666667,57,KRSA,0.27528675703858185,2,TKL,MLK,TAK1,MAP3K7
STE11,-0.33916666666666667,57,KRSA,0.27528675703858185,2,STE,STE11,MEKK1,MAP3K1
STE11,-0.33916666666666667,57,KRSA,0.27528675703858185,2,STE,STE11,ASK,MAP3K15
STE11,-0.33916666666666667,57,KRSA,0.27528675703858185,2,STE,STE11,MEKK2,MAP3K2
STE11,-0.33916666666666667,57,KRSA,0.27528675703858185,2,STE,STE11,MEKK2,MAP3K3
STE11,-0.33916666666666667,57,KRSA,0.27528675703858185,2,STE,STE11,MEKK4,MAP3K4
STE11,-0.33916666666666667,57,KRSA,0.27528675703858185,2,STE,STE11,ASK,MAP3K5
STE11,-0.33916666666666667,57,KRSA,0.27528675703858185,2,STE,STE11,ASK,MAP3K6
QIK,-0.245,64,KRSA,0.18769551616266944,1,CAMK,CAMKL,QIK,SIK1
QIK,-0.245,64,KRSA,0.18769551616266944,1,CAMK,CAMKL,QIK,SIK2
AKT,0.7558333333333334,31,KRSA,0.6006256517205423,3,AGC,AKT,AKT,AKT1
AKT,0.7558333333333334,31,KRSA,0.6006256517205423,3,AGC,AKT,AKT,AKT2
AKT,0.7558333333333334,31,KRSA,0.6006256517205423,3,AGC,AKT,AKT,AKT3
MELK,0.475,50,KRSA,0.36287799791449427,2,CAMK,CAMKL,MELK,MELK
COT,0.4116666666666667,52,KRSA,0.337851929092805,2,STE,STE-UNIQUE,STE-UNIQUE,MAP3K8
MLCK,-0.25333333333333335,63,KRSA,0.20020855057351408,1,CAMK,MLCK,MLCK,MYLK
MLCK,-0.25333333333333335,63,KRSA,0.20020855057351408,1,CAMK,MLCK,MLCK,MYLK2
MLCK,-0.25333333333333335,63,KRSA,0.20020855057351408,1,CAMK,MLCK,MLCK,TTN
RAD53,-0.07250000000000001,76,KRSA,0.03753910323253389,1,CAMK,RAD53,RAD53,CHEK2
PIM,0.5408333333333334,48,KRSA,0.38790406673618355,2,CAMK,PIM,PIM,PIM1
PIM,0.5408333333333334,48,KRSA,0.38790406673618355,2,CAMK,PIM,PIM,PIM2
PIM,0.5408333333333334,48,KRSA,0.38790406673618355,2,CAMK,PIM,PIM,PIM3
STKR,0.5691666666666666,46,KRSA,0.4129301355578728,2,TKL,STKR,TYPE1,ACVR1
STKR,0.5691666666666666,46,KRSA,0.4129301355578728,2,TKL,STKR,TYPE1,ACVR1B
STKR,0.5691666666666666,46,KRSA,0.4129301355578728,2,TKL,STKR,TYPE1,ACVR1C
STKR,0.5691666666666666,46,KRSA,0.4129301355578728,2,TKL,STKR,TYPE2,ACVR2A
STKR,0.5691666666666666,46,KRSA,0.4129301355578728,2,TKL,STKR,TYPE2,ACVR2B
STKR,0.5691666666666666,46,KRSA,0.4129301355578728,2,TKL,STKR,TYPE1,ACVRL1
STKR,0.5691666666666666,46,KRSA,0.4129301355578728,2,TKL,STKR,TYPE2,AMHR2
STKR,0.5691666666666666,46,KRSA,0.4129301355578728,2,TKL,STKR,TYPE1,BMPR1A
STKR,0.5691666666666666,46,KRSA,0.4129301355578728,2,TKL,STKR,TYPE1,BMPR1B
STKR,0.5691666666666666,46,KRSA,0.4129301355578728,2,TKL,STKR,TYPE2,BMPR2
STKR,0.5691666666666666,46,KRSA,0.4129301355578728,2,TKL,STKR,TYPE1,TGFBR1
STKR,0.5691666666666666,46,KRSA,0.4129301355578728,2,TKL,STKR,TYPE2,TGFBR2
DAPK,1.0308333333333333,19,KRSA,0.7507820646506778,4,CAMK,DAPK,DAPK,DAPK1
DAPK,1.0308333333333333,19,KRSA,0.7507820646506778,4,CAMK,DAPK,DAPK,DAPK2
DAPK,1.0308333333333333,19,KRSA,0.7507820646506778,4,CAMK,DAPK,DAPK,DAPK3
DAPK,1.0308333333333333,19,KRSA,0.7507820646506778,4,CAMK,DAPK,DRAK,STK17A
DAPK,1.0308333333333333,19,KRSA,0.7507820646506778,4,CAMK,DAPK,DRAK,STK17B
DMPK,0.635,40,KRSA,0.4880083420229406,2,AGC,DMPK,GEK,CDC42BPA
DMPK,0.635,40,KRSA,0.4880083420229406,2,AGC,DMPK,GEK,CDC42BPB
DMPK,0.635,40,KRSA,0.4880083420229406,2,AGC,DMPK,GEK,CDC42BPG
DMPK,0.635,40,KRSA,0.4880083420229406,2,AGC,DMPK,CRIK,CIT
DMPK,0.635,40,KRSA,0.4880083420229406,2,AGC,DMPK,GEK,DMPK
DMPK,0.635,40,KRSA,0.4880083420229406,2,AGC,DMPK,ROCK,ROCK1
DMPK,0.635,40,KRSA,0.4880083420229406,2,AGC,DMPK,ROCK,ROCK2
MST,-0.23833333333333337,65,KRSA,0.17518248175182483,1,STE,STE20,MST,STK3
MST,-0.23833333333333337,65,KRSA,0.17518248175182483,1,STE,STE20,MST,STK4
MTOR,0.04749999999999999,77,KRSA,0.02502606882168926,1,ATYPICAL,PIKK,FRAP,MTOR
PRKDC,-0.44916666666666666,51,KRSA,0.35036496350364965,2,ATYPICAL,PIKK,DNAPK,PRKDC
PASK,1.7358333333333331,3,KRSA,0.9635036496350365,4,CAMK,CAMKL,PASK,PASK
AUR,1.153333333333333,14,KRSA,0.8258602711157456,4,OTHER,AUR,AUR,AURKA
AUR,1.153333333333333,14,KRSA,0.8258602711157456,4,OTHER,AUR,AUR,AURKB
AUR,1.153333333333333,14,KRSA,0.8258602711157456,4,OTHER,AUR,AUR,AURKC
PKCD,0.8833333333333333,24,KRSA,0.6882168925964547,3,AGC,PKC,DELTA,PRKCD
PKCD,0.8833333333333333,24,KRSA,0.6882168925964547,3,AGC,PKC,DELTA,PRKCQ
CAMK1,1.3616666666666666,8,KRSA,0.9009384775808134,4,CAMK,CAMK1,CAMK1,CAMK1
CAMK1,1.3616666666666666,8,KRSA,0.9009384775808134,4,CAMK,CAMK1,CAMK1,CAMK1D
CAMK1,1.3616666666666666,8,KRSA,0.9009384775808134,4,CAMK,CAMK1,CAMK1,CAMK1G
CAMK1,1.3616666666666666,8,KRSA,0.9009384775808134,4,CAMK,CAMK1,CAMK1,CAMK4
CAMK1,1.3616666666666666,8,KRSA,0.9009384775808134,4,CAMK,CAMK1,CAMK1,PNCK
PKA,1.0508333333333333,18,KRSA,0.7632950990615224,4,AGC,PKA,PKA,PRKACA
PKA,1.0508333333333333,18,KRSA,0.7632950990615224,4,AGC,PKA,PKA,PRKACB
PKA,1.0508333333333333,18,KRSA,0.7632950990615224,4,AGC,PKA,PKA,PRKACG
PKA,1.0508333333333333,18,KRSA,0.7632950990615224,4,AGC,PKA,PKA,PRKX
PKA,1.0508333333333333,18,KRSA,0.7632950990615224,4,AGC,PKA,PKA,PRKY
PKCI,1.0508333333333333,18,KRSA,0.7632950990615224,4,AGC,PKC,IOTA,PRKCI
PKCI,1.0508333333333333,18,KRSA,0.7632950990615224,4,AGC,PKC,IOTA,PRKCZ
ERK,-2.3158333333333334,1,KRSA,0.9885297184567258,4,CMGC,MAPK,ERK1,MAPK1
ERK,-2.3158333333333334,1,KRSA,0.9885297184567258,4,CMGC,MAPK,ERK7,MAPK15
ERK,-2.3158333333333334,1,KRSA,0.9885297184567258,4,CMGC,MAPK,ERK1,MAPK3
ERK,-2.3158333333333334,1,KRSA,0.9885297184567258,4,CMGC,MAPK,ERK3,MAPK4
ERK,-2.3158333333333334,1,KRSA,0.9885297184567258,4,CMGC,MAPK,ERK3,MAPK6
ERK,-2.3158333333333334,1,KRSA,0.9885297184567258,4,CMGC,MAPK,ERK5,MAPK7
PKG,1.1866666666666668,12,KRSA,0.8508863399374348,4,AGC,PKG,PKG,PRKG1
PKG,1.1866666666666668,12,KRSA,0.8508863399374348,4,AGC,PKG,PKG,PRKG2
GRK,0.5691666666666667,45,KRSA,0.4254431699687174,2,AGC,GRK,GRK,GRK1
GRK,0.5691666666666667,45,KRSA,0.4254431699687174,2,AGC,GRK,GRK,GRK4
GRK,0.5691666666666667,45,KRSA,0.4254431699687174,2,AGC,GRK,GRK,GRK5
GRK,0.5691666666666667,45,KRSA,0.4254431699687174,2,AGC,GRK,GRK,GRK6
GRK,0.5691666666666667,45,KRSA,0.4254431699687174,2,AGC,GRK,GRK,GRK7
SGK,0.6041666666666666,43,KRSA,0.4504692387904067,2,AGC,SGK,SGK,SGK1
SGK,0.6041666666666666,43,KRSA,0.4504692387904067,2,AGC,SGK,SGK,SGK2
SGK,0.6041666666666666,43,KRSA,0.4504692387904067,2,AGC,SGK,SGK,SGK3
CAMK2,-0.30916666666666665,61,KRSA,0.22523461939520334,1,CAMK,CAMK2,CAMK2,CAMK2A
CAMK2,-0.30916666666666665,61,KRSA,0.22523461939520334,1,CAMK,CAMK2,CAMK2,CAMK2B
CAMK2,-0.30916666666666665,61,KRSA,0.22523461939520334,1,CAMK,CAMK2,CAMK2,CAMK2D
CAMK2,-0.30916666666666665,61,KRSA,0.22523461939520334,1,CAMK,CAMK2,CAMK2,CAMK2G
IRAK,0.09666666666666666,75,KRSA,0.05005213764337852,1,TKL,IRAK,IRAK,IRAK1
IRAK,0.09666666666666666,75,KRSA,0.05005213764337852,1,TKL,IRAK,IRAK,IRAK2
IRAK,0.09666666666666666,75,KRSA,0.05005213764337852,1,TKL,IRAK,IRAK,IRAK3
IRAK,0.09666666666666666,75,KRSA,0.05005213764337852,1,TKL,IRAK,IRAK,IRAK4
PDHK,-0.86,25,KRSA,0.67570385818561,3,ATYPICAL,PDHK,BCKDK,BCKDK
PDHK,-0.86,25,KRSA,0.67570385818561,3,ATYPICAL,PDHK,PDHK,PDK2
PDHK,-0.86,25,KRSA,0.67570385818561,3,ATYPICAL,PDHK,PDHK,PDK3
PDHK,-0.86,25,KRSA,0.67570385818561,3,ATYPICAL,PDHK,PDHK,PDK4
ATR,-0.7125,33,KRSA,0.5755995828988529,3,ATYPICAL,PIKK,ATR,ATR
BARK2,0.17333333333333334,70,KRSA,0.11261730969760167,1,AGC,GRK,BARK,GRK3
DMPK,0.635,40,KRSA,0.4880083420229406,2,AGC,DMPK,GEK,CDC42BPA
DMPK,0.635,40,KRSA,0.4880083420229406,2,AGC,DMPK,GEK,CDC42BPB
DMPK,0.635,40,KRSA,0.4880083420229406,2,AGC,DMPK,GEK,CDC42BPG
DMPK,0.635,40,KRSA,0.4880083420229406,2,AGC,DMPK,CRIK,CIT
DMPK,0.635,40,KRSA,0.4880083420229406,2,AGC,DMPK,GEK,DMPK
DMPK,0.635,40,KRSA,0.4880083420229406,2,AGC,DMPK,ROCK,ROCK1
DMPK,0.635,40,KRSA,0.4880083420229406,2,AGC,DMPK,ROCK,ROCK2
RIPK,1.205833333333333,11,KRSA,0.8633993743482794,4,TKL,RIPK,RIPK,ANKK1
RIPK,1.205833333333333,11,KRSA,0.8633993743482794,4,TKL,RIPK,RIPK,RIPK1
RIPK,1.205833333333333,11,KRSA,0.8633993743482794,4,TKL,RIPK,RIPK,RIPK2
RIPK,1.205833333333333,11,KRSA,0.8633993743482794,4,TKL,RIPK,RIPK,RIPK3
RIPK,1.205833333333333,11,KRSA,0.8633993743482794,4,TKL,RIPK,RIPK,RIPK4
LKB,-1.0883333333333334,17,KRSA,0.7883211678832117,4,CAMK,CAMKL,LKB,STK11
NMO,-1.9175,2,KRSA,0.9760166840458812,4,CMGC,MAPK,NMO,NLK
DAPK,1.0308333333333333,19,KRSA,0.7507820646506778,4,CAMK,DAPK,DAPK,DAPK1
DAPK,1.0308333333333333,19,KRSA,0.7507820646506778,4,CAMK,DAPK,DAPK,DAPK2
DAPK,1.0308333333333333,19,KRSA,0.7507820646506778,4,CAMK,DAPK,DAPK,DAPK3
DAPK,1.0308333333333333,19,KRSA,0.7507820646506778,4,CAMK,DAPK,DRAK,STK17A
DAPK,1.0308333333333333,19,KRSA,0.7507820646506778,4,CAMK,DAPK,DRAK,STK17B
AKT,0.7558333333333334,31,KRSA,0.6006256517205423,3,AGC,AKT,AKT,AKT1
AKT,0.7558333333333334,31,KRSA,0.6006256517205423,3,AGC,AKT,AKT,AKT2
AKT,0.7558333333333334,31,KRSA,0.6006256517205423,3,AGC,AKT,AKT,AKT3
MST,-0.23833333333333337,65,KRSA,0.17518248175182483,1,STE,STE20,MST,STK3
MST,-0.23833333333333337,65,KRSA,0.17518248175182483,1,STE,STE20,MST,STK4
CK2,-0.15583333333333335,72,KRSA,0.08759124087591241,1,CMGC,CK2,CK2,CSNK2A1
CK2,-0.15583333333333335,72,KRSA,0.08759124087591241,1,CMGC,CK2,CK2,CSNK2A2
CK2,-0.15583333333333335,72,KRSA,0.08759124087591241,1,NA,NA,NA,CSNK2A3
STE11,-0.33916666666666667,57,KRSA,0.27528675703858185,2,TKL,MLK,TAK1,MAP3K7
STE11,-0.33916666666666667,57,KRSA,0.27528675703858185,2,STE,STE11,MEKK1,MAP3K1
STE11,-0.33916666666666667,57,KRSA,0.27528675703858185,2,STE,STE11,ASK,MAP3K15
STE11,-0.33916666666666667,57,KRSA,0.27528675703858185,2,STE,STE11,MEKK2,MAP3K2
STE11,-0.33916666666666667,57,KRSA,0.27528675703858185,2,STE,STE11,MEKK2,MAP3K3
STE11,-0.33916666666666667,57,KRSA,0.27528675703858185,2,STE,STE11,MEKK4,MAP3K4
STE11,-0.33916666666666667,57,KRSA,0.27528675703858185,2,STE,STE11,ASK,MAP3K5
STE11,-0.33916666666666667,57,KRSA,0.27528675703858185,2,STE,STE11,ASK,MAP3K6
PAKA,-0.7925,29,KRSA,0.6256517205422315,3,STE,STE20,PAKA,PAK1
PAKA,-0.7925,29,KRSA,0.6256517205422315,3,STE,STE20,PAKA,PAK2
PAKA,-0.7925,29,KRSA,0.6256517205422315,3,STE,STE20,PAKA,PAK3
NEK,-0.7733333333333333,30,KRSA,0.6131386861313869,3,OTHER,NEK,NEK11,NEK11
NEK,-0.7733333333333333,30,KRSA,0.6131386861313869,3,OTHER,NEK,NEK2,NEK2
NEK,-0.7733333333333333,30,KRSA,0.6131386861313869,3,OTHER,NEK,NEK1,NEK3
NEK,-0.7733333333333333,30,KRSA,0.6131386861313869,3,OTHER,NEK,NEK4,NEK4
NEK,-0.7733333333333333,30,KRSA,0.6131386861313869,3,OTHER,NEK,NEK1,NEK5
NEK,-0.7733333333333333,30,KRSA,0.6131386861313869,3,OTHER,NEK,NEK6,NEK6
NEK,-0.7733333333333333,30,KRSA,0.6131386861313869,3,OTHER,NEK,NEK6,NEK7
NEK,-0.7733333333333333,30,KRSA,0.6131386861313869,3,OTHER,NEK,NEK8,NEK8
NEK,-0.7733333333333333,30,KRSA,0.6131386861313869,3,OTHER,NEK,NEK8,NEK9
MTOR,0.04749999999999999,77,KRSA,0.02502606882168926,1,ATYPICAL,PIKK,FRAP,MTOR
MSN,1.3541666666666667,9,KRSA,0.8884254431699687,4,STE,STE20,MSN,MAP4K4
MSN,1.3541666666666667,9,KRSA,0.8884254431699687,4,STE,STE20,MSN,NRK
MSN,1.3541666666666667,9,KRSA,0.8884254431699687,4,STE,STE20,MSN,TNIK
STE7,-1.0008333333333337,20,KRSA,0.7382690302398331,3,STE,STE7,MEK1,MAP2K1
STE7,-1.0008333333333337,20,KRSA,0.7382690302398331,3,STE,STE7,MEK1,MAP2K2
STE7,-1.0008333333333337,20,KRSA,0.7382690302398331,3,STE,STE7,MEK3,MAP2K3
STE7,-1.0008333333333337,20,KRSA,0.7382690302398331,3,STE,STE7,MEK4,MAP2K4
STE7,-1.0008333333333337,20,KRSA,0.7382690302398331,3,STE,STE7,MEK5,MAP2K5
STE7,-1.0008333333333337,20,KRSA,0.7382690302398331,3,STE,STE7,MEK3,MAP2K6
STE7,-1.0008333333333337,20,KRSA,0.7382690302398331,3,STE,STE7,MEK7,MAP2K7
VRK1,-0.19166666666666665,68,KRSA,0.13764337851929093,1,CK1,VRK,VRK,VRK1
CK1,-0.7516666666666667,32,KRSA,0.5881126173096975,3,CK1,CK1,CK1-A,CSNK1A1
CK1,-0.7516666666666667,32,KRSA,0.5881126173096975,3,CK1,CK1,CK1-A,CSNK1A1L
CK1,-0.7516666666666667,32,KRSA,0.5881126173096975,3,CK1,CK1,CK1-D,CSNK1D
CK1,-0.7516666666666667,32,KRSA,0.5881126173096975,3,CK1,CK1,CK1-D,CSNK1E
CK1,-0.7516666666666667,32,KRSA,0.5881126173096975,3,CK1,CK1,CK1-G,CSNK1G1
CK1,-0.7516666666666667,32,KRSA,0.5881126173096975,3,CK1,CK1,CK1-G,CSNK1G2
CK1,-0.7516666666666667,32,KRSA,0.5881126173096975,3,CK1,CK1,CK1-G,CSNK1G3
CK1,-0.7516666666666667,32,KRSA,0.5881126173096975,3,CK1,TTBK,TTBK,TTBK1
CK1,-0.7516666666666667,32,KRSA,0.5881126173096975,3,CK1,TTBK,TTBK,TTBK2
CK1,-0.7516666666666667,32,KRSA,0.5881126173096975,3,CK1,VRK,VRK,VRK3
MLCK,-0.25333333333333335,63,KRSA,0.20020855057351408,1,CAMK,MLCK,MLCK,MYLK
MLCK,-0.25333333333333335,63,KRSA,0.20020855057351408,1,CAMK,MLCK,MLCK,MYLK2
MLCK,-0.25333333333333335,63,KRSA,0.20020855057351408,1,CAMK,MLCK,MLCK,TTN
PEK,-1.505,6,KRSA,0.9259645464025026,4,OTHER,PEK,HRI,EIF2AK1
PEK,-1.505,6,KRSA,0.9259645464025026,4,OTHER,PEK,PKR,EIF2AK2
PEK,-1.505,6,KRSA,0.9259645464025026,4,OTHER,PEK,PEK,EIF2AK3
PEK,-1.505,6,KRSA,0.9259645464025026,4,OTHER,PEK,GCN2,EIF2AK4
COT,0.4116666666666667,52,KRSA,0.337851929092805,2,STE,STE-UNIQUE,STE-UNIQUE,MAP3K8
NDR,-0.33,59,KRSA,0.2502606882168926,2,AGC,NDR,NDR,LATS1
NDR,-0.33,59,KRSA,0.2502606882168926,2,AGC,NDR,NDR,LATS2
NDR,-0.33,59,KRSA,0.2502606882168926,2,AGC,NDR,NDR,STK38
NDR,-0.33,59,KRSA,0.2502606882168926,2,AGC,NDR,NDR,STK38L
ATM,-1.1483333333333334,15,KRSA,0.8133472367049009,4,ATYPICAL,PIKK,ATM,ATM
MELK,0.475,50,KRSA,0.36287799791449427,2,CAMK,CAMKL,MELK,MELK
JNK,-1.6616666666666666,4,KRSA,0.9509906152241918,4,CMGC,MAPK,JNK,MAPK10
JNK,-1.6616666666666666,4,KRSA,0.9509906152241918,4,CMGC,MAPK,JNK,MAPK8
JNK,-1.6616666666666666,4,KRSA,0.9509906152241918,4,CMGC,MAPK,JNK,MAPK9
CHK1,0.4016666666666666,53,KRSA,0.32533889468196037,2,CAMK,CAMKL,CHK1,CHEK1
HAL,-0.37833333333333335,54,KRSA,0.31282586027111575,2,RGC,RGC,RGC,NPR1
PLK,-1.1191666666666666,16,KRSA,0.8008342022940563,4,NA,NA,NA,PLK5
PLK,-1.1191666666666666,16,KRSA,0.8008342022940563,4,OTHER,PLK,PLK1,PLK1
PLK,-1.1191666666666666,16,KRSA,0.8008342022940563,4,OTHER,PLK,PLK2,PLK2
PLK,-1.1191666666666666,16,KRSA,0.8008342022940563,4,OTHER,PLK,PLK2,PLK3
PLK,-1.1191666666666666,16,KRSA,0.8008342022940563,4,OTHER,PLK,SAK,PLK4
TLK,-0.9975,21,KRSA,0.7257559958289885,3,OTHER,TLK,TLK,TLK1
TLK,-0.9975,21,KRSA,0.7257559958289885,3,OTHER,TLK,TLK,TLK2
PKN,-0.6283333333333333,42,KRSA,0.4629822732012513,2,AGC,PKN,PKN,PKN1
PKN,-0.6283333333333333,42,KRSA,0.4629822732012513,2,AGC,PKN,PKN,PKN2
PKN,-0.6283333333333333,42,KRSA,0.4629822732012513,2,AGC,PKN,PKN,PKN3
NUAK,-0.6291666666666667,41,KRSA,0.4754953076120959,2,CAMK,CAMKL,NUAK,NUAK1
NUAK,-0.6291666666666667,41,KRSA,0.4754953076120959,2,CAMK,CAMKL,NUAK,NUAK2
TTK,-0.6466666666666667,38,KRSA,0.5130344108446299,3,OTHER,TTK,TTK,TTK
PAKB,0.01916666666666668,78,KRSA,0.01251303441084463,1,STE,STE20,PAKB,PAK4
PAKB,0.01916666666666668,78,KRSA,0.01251303441084463,1,STE,STE20,PAKB,PAK5
PAKB,0.01916666666666668,78,KRSA,0.01251303441084463,1,STE,STE20,PAKB,PAK6
NAK,-0.2816666666666667,62,KRSA,0.2127215849843587,1,OTHER,NAK,BIKE,AAK1
NAK,-0.2816666666666667,62,KRSA,0.2127215849843587,1,OTHER,NAK,BIKE,BMP2K
NAK,-0.2816666666666667,62,KRSA,0.2127215849843587,1,OTHER,NAK,GAK,GAK
NAK,-0.2816666666666667,62,KRSA,0.2127215849843587,1,OTHER,NAK,MPSK,STK16
DYRK,-1.3191666666666666,10,KRSA,0.8759124087591241,4,CMGC,DYRK,DYRK1,DYRK1A
DYRK,-1.3191666666666666,10,KRSA,0.8759124087591241,4,CMGC,DYRK,DYRK1,DYRK1B
DYRK,-1.3191666666666666,10,KRSA,0.8759124087591241,4,CMGC,DYRK,DYRK2,DYRK2
DYRK,-1.3191666666666666,10,KRSA,0.8759124087591241,4,CMGC,DYRK,DYRK2,DYRK3
DYRK,-1.3191666666666666,10,KRSA,0.8759124087591241,4,CMGC,DYRK,DYRK2,DYRK4
DYRK,-1.3191666666666666,10,KRSA,0.8759124087591241,4,CMGC,DYRK,HIPK,HIPK1
DYRK,-1.3191666666666666,10,KRSA,0.8759124087591241,4,CMGC,DYRK,HIPK,HIPK2
DYRK,-1.3191666666666666,10,KRSA,0.8759124087591241,4,CMGC,DYRK,HIPK,HIPK3
DYRK,-1.3191666666666666,10,KRSA,0.8759124087591241,4,CMGC,DYRK,HIPK,HIPK4
DYRK,-1.3191666666666666,10,KRSA,0.8759124087591241,4,CMGC,DYRK,PRP4,PRPF4B
MAPKAPK,0.9241666666666668,23,KRSA,0.7007299270072993,3,CAMK,MAPKAPK,MAPKAPK,MAPKAPK2
MAPKAPK,0.9241666666666668,23,KRSA,0.7007299270072993,3,CAMK,MAPKAPK,MAPKAPK,MAPKAPK3
MAPKAPK,0.9241666666666668,23,KRSA,0.7007299270072993,3,CAMK,MAPKAPK,MAPKAPK,MAPKAPK5
MAPKAPK,0.9241666666666668,23,KRSA,0.7007299270072993,3,CAMK,MAPKAPK,MNK,MKNK1
MAPKAPK,0.9241666666666668,23,KRSA,0.7007299270072993,3,CAMK,MAPKAPK,MNK,MKNK2
PKD,0.345,56,KRSA,0.28779979144942647,2,CAMK,PKD,PKD,PRKD1
PKD,0.345,56,KRSA,0.28779979144942647,2,CAMK,PKD,PKD,PRKD2
PKD,0.345,56,KRSA,0.28779979144942647,2,CAMK,PKD,PKD,PRKD3
RAF,-1.1858333333333333,13,KRSA,0.8383733055265902,4,TKL,RAF,RAF,ARAF
RAF,-1.1858333333333333,13,KRSA,0.8383733055265902,4,TKL,RAF,RAF,BRAF
RAF,-1.1858333333333333,13,KRSA,0.8383733055265902,4,TKL,RAF,KSR,KSR1
RAF,-1.1858333333333333,13,KRSA,0.8383733055265902,4,TKL,RAF,KSR,KSR2
RAF,-1.1858333333333333,13,KRSA,0.8383733055265902,4,TKL,RAF,RAF,RAF1
CDK,-1.3658333333333332,7,KRSA,0.913451511991658,4,CMGC,CDK,CDC2,CDK1
CDK,-1.3658333333333332,7,KRSA,0.913451511991658,4,CMGC,CDK,CDK10,CDK10
CDK,-1.3658333333333332,7,KRSA,0.913451511991658,4,CMGC,CDK,CRK7,CDK12
CDK,-1.3658333333333332,7,KRSA,0.913451511991658,4,CMGC,CDK,CRK7,CDK13
CDK,-1.3658333333333332,7,KRSA,0.913451511991658,4,CMGC,CDK,PFTAIRE,CDK14
CDK,-1.3658333333333332,7,KRSA,0.913451511991658,4,CMGC,CDK,PFTAIRE,CDK15
CDK,-1.3658333333333332,7,KRSA,0.913451511991658,4,CMGC,CDK,PCTAIRE,CDK16
CDK,-1.3658333333333332,7,KRSA,0.913451511991658,4,CMGC,CDK,PCTAIRE,CDK17
CDK,-1.3658333333333332,7,KRSA,0.913451511991658,4,CMGC,CDK,PCTAIRE,CDK18
CDK,-1.3658333333333332,7,KRSA,0.913451511991658,4,CMGC,CDK,CDK8,CDK19
CDK,-1.3658333333333332,7,KRSA,0.913451511991658,4,CMGC,CDK,CDC2,CDK2
CDK,-1.3658333333333332,7,KRSA,0.913451511991658,4,CMGC,CDK,CCRK,CDK20
CDK,-1.3658333333333332,7,KRSA,0.913451511991658,4,CMGC,CDK,CDC2,CDK3
CDK,-1.3658333333333332,7,KRSA,0.913451511991658,4,CMGC,CDK,CDK4,CDK4
CDK,-1.3658333333333332,7,KRSA,0.913451511991658,4,CMGC,CDK,CDK5,CDK5
CDK,-1.3658333333333332,7,KRSA,0.913451511991658,4,CMGC,CDK,CDK4,CDK6
CDK,-1.3658333333333332,7,KRSA,0.913451511991658,4,CMGC,CDK,CDK7,CDK7
CDK,-1.3658333333333332,7,KRSA,0.913451511991658,4,CMGC,CDK,CDK8,CDK8
CDK,-1.3658333333333332,7,KRSA,0.913451511991658,4,CMGC,CDK,CDK9,CDK9
CDK,-1.3658333333333332,7,KRSA,0.913451511991658,4,NA,NA,NA,CDK11A
CDK,-1.3658333333333332,7,KRSA,0.913451511991658,4,NA,NA,NA,CDK11B
PDK1,-1.63,5,KRSA,0.9384775808133472,4,ATYPICAL,PDHK,PDHK,PDK1
PDK1,-1.63,5,KRSA,0.9384775808133472,4,AGC,PDK1,PDK1,PDPK1
CAMKK,0.8091666666666666,28,KRSA,0.6381647549530761,3,OTHER,CAMKK,META,CAMKK1
CAMKK,0.8091666666666666,28,KRSA,0.6381647549530761,3,OTHER,CAMKK,META,CAMKK2
BUD32,-0.1991666666666667,67,KRSA,0.15015641293013557,1,OTHER,BUD32,BUD32,TP53RK
STKR,0.5691666666666666,46,KRSA,0.4129301355578728,2,TKL,STKR,TYPE1,ACVR1
STKR,0.5691666666666666,46,KRSA,0.4129301355578728,2,TKL,STKR,TYPE1,ACVR1B
STKR,0.5691666666666666,46,KRSA,0.4129301355578728,2,TKL,STKR,TYPE1,ACVR1C
STKR,0.5691666666666666,46,KRSA,0.4129301355578728,2,TKL,STKR,TYPE2,ACVR2A
STKR,0.5691666666666666,46,KRSA,0.4129301355578728,2,TKL,STKR,TYPE2,ACVR2B
STKR,0.5691666666666666,46,KRSA,0.4129301355578728,2,TKL,STKR,TYPE1,ACVRL1
STKR,0.5691666666666666,46,KRSA,0.4129301355578728,2,TKL,STKR,TYPE2,AMHR2
STKR,0.5691666666666666,46,KRSA,0.4129301355578728,2,TKL,STKR,TYPE1,BMPR1A
STKR,0.5691666666666666,46,KRSA,0.4129301355578728,2,TKL,STKR,TYPE1,BMPR1B
STKR,0.5691666666666666,46,KRSA,0.4129301355578728,2,TKL,STKR,TYPE2,BMPR2
STKR,0.5691666666666666,46,KRSA,0.4129301355578728,2,TKL,STKR,TYPE1,TGFBR1
STKR,0.5691666666666666,46,KRSA,0.4129301355578728,2,TKL,STKR,TYPE2,TGFBR2
SLK,0.8191666666666666,27,KRSA,0.6506777893639207,3,STE,STE20,SLK,SLK
SLK,0.8191666666666666,27,KRSA,0.6506777893639207,3,STE,STE20,SLK,STK10
TAO,0.6466666666666666,39,KRSA,0.5005213764337852,3,STE,STE20,TAO,TAOK1
TAO,0.6466666666666666,39,KRSA,0.5005213764337852,3,STE,STE20,TAO,TAOK2
TAO,0.6466666666666666,39,KRSA,0.5005213764337852,3,STE,STE20,TAO,TAOK3
KHS,-0.19,69,KRSA,0.1251303441084463,1,STE,STE20,KHS,MAP4K1
KHS,-0.19,69,KRSA,0.1251303441084463,1,STE,STE20,KHS,MAP4K2
KHS,-0.19,69,KRSA,0.1251303441084463,1,STE,STE20,KHS,MAP4K3
KHS,-0.19,69,KRSA,0.1251303441084463,1,STE,STE20,KHS,MAP4K5
BRSK,-0.01749999999999999,79,KRSA,0,1,CAMK,CAMKL,BRSK,BRSK1
BRSK,-0.01749999999999999,79,KRSA,0,1,CAMK,CAMKL,BRSK,BRSK2
WNK,-0.3491666666666667,55,KRSA,0.30031282586027114,2,OTHER,WNK,WNK,WNK1
WNK,-0.3491666666666667,55,KRSA,0.30031282586027114,2,OTHER,WNK,WNK,WNK2
WNK,-0.3491666666666667,55,KRSA,0.30031282586027114,2,OTHER,WNK,WNK,WNK3
WNK,-0.3491666666666667,55,KRSA,0.30031282586027114,2,OTHER,WNK,WNK,WNK4
CLK,-0.6941666666666667,35,KRSA,0.5505735140771637,3,CMGC,CLK,CLK,CLK1
CLK,-0.6941666666666667,35,KRSA,0.5505735140771637,3,CMGC,CLK,CLK,CLK2
CLK,-0.6941666666666667,35,KRSA,0.5505735140771637,3,CMGC,CLK,CLK,CLK3
CLK,-0.6941666666666667,35,KRSA,0.5505735140771637,3,CMGC,CLK,CLK,CLK4
NIK,-0.6808333333333333,37,KRSA,0.5255474452554745,3,STE,STE-UNIQUE,STE-UNIQUE,MAP3K14
ULK,-0.6866666666666666,36,KRSA,0.5380604796663191,3,OTHER,ULK,FUSED,STK36
ULK,-0.6866666666666666,36,KRSA,0.5380604796663191,3,OTHER,ULK,ULK,ULK1
ULK,-0.6866666666666666,36,KRSA,0.5380604796663191,3,OTHER,ULK,ULK,ULK2
ULK,-0.6866666666666666,36,KRSA,0.5380604796663191,3,OTHER,ULK,ULK,ULK3
ULK,-0.6866666666666666,36,KRSA,0.5380604796663191,3,OTHER,ULK,ULK,ULK4
MOS,0.6975,34,KRSA,0.5630865484880083,3,OTHER,MOS,MOS,MOS
AMPK,0.49333333333333335,49,KRSA,0.3753910323253389,2,CAMK,CAMKL,AMPK,PRKAA1
AMPK,0.49333333333333335,49,KRSA,0.3753910323253389,2,CAMK,CAMKL,AMPK,PRKAA2
P38,-0.9691666666666666,22,KRSA,0.7132429614181439,3,CMGC,MAPK,P38,MAPK11
P38,-0.9691666666666666,22,KRSA,0.7132429614181439,3,CMGC,MAPK,P38,MAPK12
P38,-0.9691666666666666,22,KRSA,0.7132429614181439,3,CMGC,MAPK,P38,MAPK13
P38,-0.9691666666666666,22,KRSA,0.7132429614181439,3,CMGC,MAPK,P38,MAPK14
RAD53,-0.07250000000000001,76,KRSA,0.03753910323253389,1,CAMK,RAD53,RAD53,CHEK2
PKCH,-0.11666666666666668,74,KRSA,0.06256517205422316,1,AGC,PKC,ETA,PRKCE
PKCH,-0.11666666666666668,74,KRSA,0.06256517205422316,1,AGC,PKC,ETA,PRKCH
PRKDC,-0.44916666666666666,51,KRSA,0.35036496350364965,2,ATYPICAL,PIKK,DNAPK,PRKDC
PIM,0.5408333333333334,48,KRSA,0.38790406673618355,2,CAMK,PIM,PIM,PIM1
PIM,0.5408333333333334,48,KRSA,0.38790406673618355,2,CAMK,PIM,PIM,PIM2
PIM,0.5408333333333334,48,KRSA,0.38790406673618355,2,CAMK,PIM,PIM,PIM3
QIK,-0.245,64,KRSA,0.18769551616266944,1,CAMK,CAMKL,QIK,SIK1
QIK,-0.245,64,KRSA,0.18769551616266944,1,CAMK,CAMKL,QIK,SIK2
GSK,-0.8275,26,KRSA,0.6631908237747653,3,CMGC,GSK,GSK,GSK3A
GSK,-0.8275,26,KRSA,0.6631908237747653,3,CMGC,GSK,GSK,GSK3B
PHK,0.1175,73,KRSA,0.07507820646506778,1,CAMK,PHK,PHK,PHKG1
PHK,0.1175,73,KRSA,0.07507820646506778,1,CAMK,PHK,PHK,PHKG2
PKCA,0.595,44,KRSA,0.43795620437956206,2,AGC,PKC,ALPHA,PRKCA
PKCA,0.595,44,KRSA,0.43795620437956206,2,AGC,PKC,ALPHA,PRKCB
PKCA,0.595,44,KRSA,0.43795620437956206,2,AGC,PKC,ALPHA,PRKCG
IKK,-0.22666666666666668,66,KRSA,0.16266944734098018,1,OTHER,IKK,IKK,CHUK
IKK,-0.22666666666666668,66,KRSA,0.16266944734098018,1,OTHER,IKK,IKK,IKBKB
IKK,-0.22666666666666668,66,KRSA,0.16266944734098018,1,OTHER,IKK,IKK,IKBKE
IKK,-0.22666666666666668,66,KRSA,0.16266944734098018,1,OTHER,IKK,IKK,TBK1
FRAY,-0.17,71,KRSA,0.10010427528675704,1,STE,STE20,FRAY,OXSR1
FRAY,-0.17,71,KRSA,0.10010427528675704,1,STE,STE20,FRAY,STK39
MLK,0.3325,58,KRSA,0.26277372262773724,2,TKL,MLK,ILK,ILK
MLK,0.3325,58,KRSA,0.26277372262773724,2,TKL,MLK,MLK,MAP3K10
MLK,0.3325,58,KRSA,0.26277372262773724,2,TKL,MLK,MLK,MAP3K11
MLK,0.3325,58,KRSA,0.26277372262773724,2,TKL,MLK,LZK,MAP3K12
MLK,0.3325,58,KRSA,0.26277372262773724,2,TKL,MLK,LZK,MAP3K13
MLK,0.3325,58,KRSA,0.26277372262773724,2,TKL,MLK,MLK,MAP3K9
MLK,0.3325,58,KRSA,0.26277372262773724,2,TKL,MLK,HH498,TNNI3K
RSK,0.5466666666666666,47,KRSA,0.40041710114702816,2,AGC,RSK,RSK,RPS6KA1
RSK,0.5466666666666666,47,KRSA,0.40041710114702816,2,AGC,RSK,RSK,RPS6KA2
RSK,0.5466666666666666,47,KRSA,0.40041710114702816,2,AGC,RSK,RSK,RPS6KA3
RSK,0.5466666666666666,47,KRSA,0.40041710114702816,2,AGC,RSK,MSK,RPS6KA4
RSK,0.5466666666666666,47,KRSA,0.40041710114702816,2,AGC,RSK,MSK,RPS6KA5
RSK,0.5466666666666666,47,KRSA,0.40041710114702816,2,AGC,RSK,RSK,RPS6KA6
RSK,0.5466666666666666,47,KRSA,0.40041710114702816,2,AGC,RSK,P70,RPS6KB1
RSK,0.5466666666666666,47,KRSA,0.40041710114702816,2,AGC,RSK,P70,RPS6KB2
MSN,1.3541666666666667,9,KRSA,0.8884254431699687,4,STE,STE20,MSN,MAP4K4
MSN,1.3541666666666667,9,KRSA,0.8884254431699687,4,STE,STE20,MSN,NRK
MSN,1.3541666666666667,9,KRSA,0.8884254431699687,4,STE,STE20,MSN,TNIK
CDK,-1.3658333333333332,7,KRSA,0.913451511991658,4,CMGC,CDK,CDC2,CDK1
CDK,-1.3658333333333332,7,KRSA,0.913451511991658,4,CMGC,CDK,CDK10,CDK10
CDK,-1.3658333333333332,7,KRSA,0.913451511991658,4,CMGC,CDK,CRK7,CDK12
CDK,-1.3658333333333332,7,KRSA,0.913451511991658,4,CMGC,CDK,CRK7,CDK13
CDK,-1.3658333333333332,7,KRSA,0.913451511991658,4,CMGC,CDK,PFTAIRE,CDK14
CDK,-1.3658333333333332,7,KRSA,0.913451511991658,4,CMGC,CDK,PFTAIRE,CDK15
CDK,-1.3658333333333332,7,KRSA,0.913451511991658,4,CMGC,CDK,PCTAIRE,CDK16
CDK,-1.3658333333333332,7,KRSA,0.913451511991658,4,CMGC,CDK,PCTAIRE,CDK17
CDK,-1.3658333333333332,7,KRSA,0.913451511991658,4,CMGC,CDK,PCTAIRE,CDK18
CDK,-1.3658333333333332,7,KRSA,0.913451511991658,4,CMGC,CDK,CDK8,CDK19
CDK,-1.3658333333333332,7,KRSA,0.913451511991658,4,CMGC,CDK,CDC2,CDK2
CDK,-1.3658333333333332,7,KRSA,0.913451511991658,4,CMGC,CDK,CCRK,CDK20
CDK,-1.3658333333333332,7,KRSA,0.913451511991658,4,CMGC,CDK,CDC2,CDK3
CDK,-1.3658333333333332,7,KRSA,0.913451511991658,4,CMGC,CDK,CDK4,CDK4
CDK,-1.3658333333333332,7,KRSA,0.913451511991658,4,CMGC,CDK,CDK5,CDK5
CDK,-1.3658333333333332,7,KRSA,0.913451511991658,4,CMGC,CDK,CDK4,CDK6
CDK,-1.3658333333333332,7,KRSA,0.913451511991658,4,CMGC,CDK,CDK7,CDK7
CDK,-1.3658333333333332,7,KRSA,0.913451511991658,4,CMGC,CDK,CDK8,CDK8
CDK,-1.3658333333333332,7,KRSA,0.913451511991658,4,CMGC,CDK,CDK9,CDK9
CDK,-1.3658333333333332,7,KRSA,0.913451511991658,4,NA,NA,NA,CDK11A
CDK,-1.3658333333333332,7,KRSA,0.913451511991658,4,NA,NA,NA,CDK11B
NMO,-1.9175,2,KRSA,0.9760166840458812,4,CMGC,MAPK,NMO,NLK
MAPKAPK,0.9241666666666668,23,KRSA,0.7007299270072993,3,CAMK,MAPKAPK,MAPKAPK,MAPKAPK2
MAPKAPK,0.9241666666666668,23,KRSA,0.7007299270072993,3,CAMK,MAPKAPK,MAPKAPK,MAPKAPK3
MAPKAPK,0.9241666666666668,23,KRSA,0.7007299270072993,3,CAMK,MAPKAPK,MAPKAPK,MAPKAPK5
MAPKAPK,0.9241666666666668,23,KRSA,0.7007299270072993,3,CAMK,MAPKAPK,MNK,MKNK1
MAPKAPK,0.9241666666666668,23,KRSA,0.7007299270072993,3,CAMK,MAPKAPK,MNK,MKNK2
P38,-0.9691666666666666,22,KRSA,0.7132429614181439,3,CMGC,MAPK,P38,MAPK11
P38,-0.9691666666666666,22,KRSA,0.7132429614181439,3,CMGC,MAPK,P38,MAPK12
P38,-0.9691666666666666,22,KRSA,0.7132429614181439,3,CMGC,MAPK,P38,MAPK13
P38,-0.9691666666666666,22,KRSA,0.7132429614181439,3,CMGC,MAPK,P38,MAPK14
ERK,-2.3158333333333334,1,KRSA,0.9885297184567258,4,CMGC,MAPK,ERK1,MAPK1
ERK,-2.3158333333333334,1,KRSA,0.9885297184567258,4,CMGC,MAPK,ERK7,MAPK15
ERK,-2.3158333333333334,1,KRSA,0.9885297184567258,4,CMGC,MAPK,ERK1,MAPK3
ERK,-2.3158333333333334,1,KRSA,0.9885297184567258,4,CMGC,MAPK,ERK3,MAPK4
ERK,-2.3158333333333334,1,KRSA,0.9885297184567258,4,CMGC,MAPK,ERK3,MAPK6
ERK,-2.3158333333333334,1,KRSA,0.9885297184567258,4,CMGC,MAPK,ERK5,MAPK7
VRK1,-0.19166666666666665,68,KRSA,0.13764337851929093,1,CK1,VRK,VRK,VRK1
COT,0.4116666666666667,52,KRSA,0.337851929092805,2,STE,STE-UNIQUE,STE-UNIQUE,MAP3K8
DAPK,1.0308333333333333,19,KRSA,0.7507820646506778,4,CAMK,DAPK,DAPK,DAPK1
DAPK,1.0308333333333333,19,KRSA,0.7507820646506778,4,CAMK,DAPK,DAPK,DAPK2
DAPK,1.0308333333333333,19,KRSA,0.7507820646506778,4,CAMK,DAPK,DAPK,DAPK3
DAPK,1.0308333333333333,19,KRSA,0.7507820646506778,4,CAMK,DAPK,DRAK,STK17A
DAPK,1.0308333333333333,19,KRSA,0.7507820646506778,4,CAMK,DAPK,DRAK,STK17B
PDK1,-1.63,5,KRSA,0.9384775808133472,4,ATYPICAL,PDHK,PDHK,PDK1
PDK1,-1.63,5,KRSA,0.9384775808133472,4,AGC,PDK1,PDK1,PDPK1
STKR,0.5691666666666666,46,KRSA,0.4129301355578728,2,TKL,STKR,TYPE1,ACVR1
STKR,0.5691666666666666,46,KRSA,0.4129301355578728,2,TKL,STKR,TYPE1,ACVR1B
STKR,0.5691666666666666,46,KRSA,0.4129301355578728,2,TKL,STKR,TYPE1,ACVR1C
STKR,0.5691666666666666,46,KRSA,0.4129301355578728,2,TKL,STKR,TYPE2,ACVR2A
STKR,0.5691666666666666,46,KRSA,0.4129301355578728,2,TKL,STKR,TYPE2,ACVR2B
STKR,0.5691666666666666,46,KRSA,0.4129301355578728,2,TKL,STKR,TYPE1,ACVRL1
STKR,0.5691666666666666,46,KRSA,0.4129301355578728,2,TKL,STKR,TYPE2,AMHR2
STKR,0.5691666666666666,46,KRSA,0.4129301355578728,2,TKL,STKR,TYPE1,BMPR1A
STKR,0.5691666666666666,46,KRSA,0.4129301355578728,2,TKL,STKR,TYPE1,BMPR1B
STKR,0.5691666666666666,46,KRSA,0.4129301355578728,2,TKL,STKR,TYPE2,BMPR2
STKR,0.5691666666666666,46,KRSA,0.4129301355578728,2,TKL,STKR,TYPE1,TGFBR1
STKR,0.5691666666666666,46,KRSA,0.4129301355578728,2,TKL,STKR,TYPE2,TGFBR2
PAKB,0.01916666666666668,78,KRSA,0.01251303441084463,1,STE,STE20,PAKB,PAK4
PAKB,0.01916666666666668,78,KRSA,0.01251303441084463,1,STE,STE20,PAKB,PAK5
PAKB,0.01916666666666668,78,KRSA,0.01251303441084463,1,STE,STE20,PAKB,PAK6
JNK,-1.6616666666666666,4,KRSA,0.9509906152241918,4,CMGC,MAPK,JNK,MAPK10
JNK,-1.6616666666666666,4,KRSA,0.9509906152241918,4,CMGC,MAPK,JNK,MAPK8
JNK,-1.6616666666666666,4,KRSA,0.9509906152241918,4,CMGC,MAPK,JNK,MAPK9
PEK,-1.505,6,KRSA,0.9259645464025026,4,OTHER,PEK,HRI,EIF2AK1
PEK,-1.505,6,KRSA,0.9259645464025026,4,OTHER,PEK,PKR,EIF2AK2
PEK,-1.505,6,KRSA,0.9259645464025026,4,OTHER,PEK,PEK,EIF2AK3
PEK,-1.505,6,KRSA,0.9259645464025026,4,OTHER,PEK,GCN2,EIF2AK4
RAF,-1.1858333333333333,13,KRSA,0.8383733055265902,4,TKL,RAF,RAF,ARAF
RAF,-1.1858333333333333,13,KRSA,0.8383733055265902,4,TKL,RAF,RAF,BRAF
RAF,-1.1858333333333333,13,KRSA,0.8383733055265902,4,TKL,RAF,KSR,KSR1
RAF,-1.1858333333333333,13,KRSA,0.8383733055265902,4,TKL,RAF,KSR,KSR2
RAF,-1.1858333333333333,13,KRSA,0.8383733055265902,4,TKL,RAF,RAF,RAF1
AUR,1.153333333333333,14,KRSA,0.8258602711157456,4,OTHER,AUR,AUR,AURKA
AUR,1.153333333333333,14,KRSA,0.8258602711157456,4,OTHER,AUR,AUR,AURKB
AUR,1.153333333333333,14,KRSA,0.8258602711157456,4,OTHER,AUR,AUR,AURKC
CHK1,0.4016666666666666,53,KRSA,0.32533889468196037,2,CAMK,CAMKL,CHK1,CHEK1
DYRK,-1.3191666666666666,10,KRSA,0.8759124087591241,4,CMGC,DYRK,DYRK1,DYRK1A
DYRK,-1.3191666666666666,10,KRSA,0.8759124087591241,4,CMGC,DYRK,DYRK1,DYRK1B
DYRK,-1.3191666666666666,10,KRSA,0.8759124087591241,4,CMGC,DYRK,DYRK2,DYRK2
DYRK,-1.3191666666666666,10,KRSA,0.8759124087591241,4,CMGC,DYRK,DYRK2,DYRK3
DYRK,-1.3191666666666666,10,KRSA,0.8759124087591241,4,CMGC,DYRK,DYRK2,DYRK4
DYRK,-1.3191666666666666,10,KRSA,0.8759124087591241,4,CMGC,DYRK,HIPK,HIPK1
DYRK,-1.3191666666666666,10,KRSA,0.8759124087591241,4,CMGC,DYRK,HIPK,HIPK2
DYRK,-1.3191666666666666,10,KRSA,0.8759124087591241,4,CMGC,DYRK,HIPK,HIPK3
DYRK,-1.3191666666666666,10,KRSA,0.8759124087591241,4,CMGC,DYRK,HIPK,HIPK4
DYRK,-1.3191666666666666,10,KRSA,0.8759124087591241,4,CMGC,DYRK,PRP4,PRPF4B
STE7,-1.0008333333333337,20,KRSA,0.7382690302398331,3,STE,STE7,MEK1,MAP2K1
STE7,-1.0008333333333337,20,KRSA,0.7382690302398331,3,STE,STE7,MEK1,MAP2K2
STE7,-1.0008333333333337,20,KRSA,0.7382690302398331,3,STE,STE7,MEK3,MAP2K3
STE7,-1.0008333333333337,20,KRSA,0.7382690302398331,3,STE,STE7,MEK4,MAP2K4
STE7,-1.0008333333333337,20,KRSA,0.7382690302398331,3,STE,STE7,MEK5,MAP2K5
STE7,-1.0008333333333337,20,KRSA,0.7382690302398331,3,STE,STE7,MEK3,MAP2K6
STE7,-1.0008333333333337,20,KRSA,0.7382690302398331,3,STE,STE7,MEK7,MAP2K7
SGK,0.6041666666666666,43,KRSA,0.4504692387904067,2,AGC,SGK,SGK,SGK1
SGK,0.6041666666666666,43,KRSA,0.4504692387904067,2,AGC,SGK,SGK,SGK2
SGK,0.6041666666666666,43,KRSA,0.4504692387904067,2,AGC,SGK,SGK,SGK3
PLK,-1.1191666666666666,16,KRSA,0.8008342022940563,4,NA,NA,NA,PLK5
PLK,-1.1191666666666666,16,KRSA,0.8008342022940563,4,OTHER,PLK,PLK1,PLK1
PLK,-1.1191666666666666,16,KRSA,0.8008342022940563,4,OTHER,PLK,PLK2,PLK2
PLK,-1.1191666666666666,16,KRSA,0.8008342022940563,4,OTHER,PLK,PLK2,PLK3
PLK,-1.1191666666666666,16,KRSA,0.8008342022940563,4,OTHER,PLK,SAK,PLK4
AMPK,0.49333333333333335,49,KRSA,0.3753910323253389,2,CAMK,CAMKL,AMPK,PRKAA1
AMPK,0.49333333333333335,49,KRSA,0.3753910323253389,2,CAMK,CAMKL,AMPK,PRKAA2
CK1,-0.7516666666666667,32,KRSA,0.5881126173096975,3,CK1,CK1,CK1-A,CSNK1A1
CK1,-0.7516666666666667,32,KRSA,0.5881126173096975,3,CK1,CK1,CK1-A,CSNK1A1L
CK1,-0.7516666666666667,32,KRSA,0.5881126173096975,3,CK1,CK1,CK1-D,CSNK1D
CK1,-0.7516666666666667,32,KRSA,0.5881126173096975,3,CK1,CK1,CK1-D,CSNK1E
CK1,-0.7516666666666667,32,KRSA,0.5881126173096975,3,CK1,CK1,CK1-G,CSNK1G1
CK1,-0.7516666666666667,32,KRSA,0.5881126173096975,3,CK1,CK1,CK1-G,CSNK1G2
CK1,-0.7516666666666667,32,KRSA,0.5881126173096975,3,CK1,CK1,CK1-G,CSNK1G3
CK1,-0.7516666666666667,32,KRSA,0.5881126173096975,3,CK1,TTBK,TTBK,TTBK1
CK1,-0.7516666666666667,32,KRSA,0.5881126173096975,3,CK1,TTBK,TTBK,TTBK2
CK1,-0.7516666666666667,32,KRSA,0.5881126173096975,3,CK1,VRK,VRK,VRK3
TAO,0.6466666666666666,39,KRSA,0.5005213764337852,3,STE,STE20,TAO,TAOK1
TAO,0.6466666666666666,39,KRSA,0.5005213764337852,3,STE,STE20,TAO,TAOK2
TAO,0.6466666666666666,39,KRSA,0.5005213764337852,3,STE,STE20,TAO,TAOK3
SLK,0.8191666666666666,27,KRSA,0.6506777893639207,3,STE,STE20,SLK,SLK
SLK,0.8191666666666666,27,KRSA,0.6506777893639207,3,STE,STE20,SLK,STK10
MLK,0.3325,58,KRSA,0.26277372262773724,2,TKL,MLK,ILK,ILK
MLK,0.3325,58,KRSA,0.26277372262773724,2,TKL,MLK,MLK,MAP3K10
MLK,0.3325,58,KRSA,0.26277372262773724,2,TKL,MLK,MLK,MAP3K11
MLK,0.3325,58,KRSA,0.26277372262773724,2,TKL,MLK,LZK,MAP3K12
MLK,0.3325,58,KRSA,0.26277372262773724,2,TKL,MLK,LZK,MAP3K13
MLK,0.3325,58,KRSA,0.26277372262773724,2,TKL,MLK,MLK,MAP3K9
MLK,0.3325,58,KRSA,0.26277372262773724,2,TKL,MLK,HH498,TNNI3K
WNK,-0.3491666666666667,55,KRSA,0.30031282586027114,2,OTHER,WNK,WNK,WNK1
WNK,-0.3491666666666667,55,KRSA,0.30031282586027114,2,OTHER,WNK,WNK,WNK2
WNK,-0.3491666666666667,55,KRSA,0.30031282586027114,2,OTHER,WNK,WNK,WNK3
WNK,-0.3491666666666667,55,KRSA,0.30031282586027114,2,OTHER,WNK,WNK,WNK4
PASK,1.7358333333333331,3,KRSA,0.9635036496350365,4,CAMK,CAMKL,PASK,PASK
FRAY,-0.17,71,KRSA,0.10010427528675704,1,STE,STE20,FRAY,OXSR1
FRAY,-0.17,71,KRSA,0.10010427528675704,1,STE,STE20,FRAY,STK39
MOS,0.6975,34,KRSA,0.5630865484880083,3,OTHER,MOS,MOS,MOS
TLK,-0.9975,21,KRSA,0.7257559958289885,3,OTHER,TLK,TLK,TLK1
TLK,-0.9975,21,KRSA,0.7257559958289885,3,OTHER,TLK,TLK,TLK2
BUD32,-0.1991666666666667,67,KRSA,0.15015641293013557,1,OTHER,BUD32,BUD32,TP53RK
CAMKK,0.8091666666666666,28,KRSA,0.6381647549530761,3,OTHER,CAMKK,META,CAMKK1
CAMKK,0.8091666666666666,28,KRSA,0.6381647549530761,3,OTHER,CAMKK,META,CAMKK2
GRK,0.5691666666666667,45,KRSA,0.4254431699687174,2,AGC,GRK,GRK,GRK1
GRK,0.5691666666666667,45,KRSA,0.4254431699687174,2,AGC,GRK,GRK,GRK4
GRK,0.5691666666666667,45,KRSA,0.4254431699687174,2,AGC,GRK,GRK,GRK5
GRK,0.5691666666666667,45,KRSA,0.4254431699687174,2,AGC,GRK,GRK,GRK6
GRK,0.5691666666666667,45,KRSA,0.4254431699687174,2,AGC,GRK,GRK,GRK7
CAMK1,1.3616666666666666,8,KRSA,0.9009384775808134,4,CAMK,CAMK1,CAMK1,CAMK1
CAMK1,1.3616666666666666,8,KRSA,0.9009384775808134,4,CAMK,CAMK1,CAMK1,CAMK1D
CAMK1,1.3616666666666666,8,KRSA,0.9009384775808134,4,CAMK,CAMK1,CAMK1,CAMK1G
CAMK1,1.3616666666666666,8,KRSA,0.9009384775808134,4,CAMK,CAMK1,CAMK1,CAMK4
CAMK1,1.3616666666666666,8,KRSA,0.9009384775808134,4,CAMK,CAMK1,CAMK1,PNCK
PHK,0.1175,73,KRSA,0.07507820646506778,1,CAMK,PHK,PHK,PHKG1
PHK,0.1175,73,KRSA,0.07507820646506778,1,CAMK,PHK,PHK,PHKG2
LKB,-1.0883333333333334,17,KRSA,0.7883211678832117,4,CAMK,CAMKL,LKB,STK11
NDR,-0.33,59,KRSA,0.2502606882168926,2,AGC,NDR,NDR,LATS1
NDR,-0.33,59,KRSA,0.2502606882168926,2,AGC,NDR,NDR,LATS2
NDR,-0.33,59,KRSA,0.2502606882168926,2,AGC,NDR,NDR,STK38
NDR,-0.33,59,KRSA,0.2502606882168926,2,AGC,NDR,NDR,STK38L
GSK,-0.8275,26,KRSA,0.6631908237747653,3,CMGC,GSK,GSK,GSK3A
GSK,-0.8275,26,KRSA,0.6631908237747653,3,CMGC,GSK,GSK,GSK3B
CLK,-0.6941666666666667,35,KRSA,0.5505735140771637,3,CMGC,CLK,CLK,CLK1
CLK,-0.6941666666666667,35,KRSA,0.5505735140771637,3,CMGC,CLK,CLK,CLK2
CLK,-0.6941666666666667,35,KRSA,0.5505735140771637,3,CMGC,CLK,CLK,CLK3
CLK,-0.6941666666666667,35,KRSA,0.5505735140771637,3,CMGC,CLK,CLK,CLK4
BRSK,-0.01749999999999999,79,KRSA,0,1,CAMK,CAMKL,BRSK,BRSK1
BRSK,-0.01749999999999999,79,KRSA,0,1,CAMK,CAMKL,BRSK,BRSK2
KHS,-0.19,69,KRSA,0.1251303441084463,1,STE,STE20,KHS,MAP4K1
KHS,-0.19,69,KRSA,0.1251303441084463,1,STE,STE20,KHS,MAP4K2
KHS,-0.19,69,KRSA,0.1251303441084463,1,STE,STE20,KHS,MAP4K3
KHS,-0.19,69,KRSA,0.1251303441084463,1,STE,STE20,KHS,MAP4K5
STE11,-0.33916666666666667,57,KRSA,0.27528675703858185,2,TKL,MLK,TAK1,MAP3K7
STE11,-0.33916666666666667,57,KRSA,0.27528675703858185,2,STE,STE11,MEKK1,MAP3K1
STE11,-0.33916666666666667,57,KRSA,0.27528675703858185,2,STE,STE11,ASK,MAP3K15
STE11,-0.33916666666666667,57,KRSA,0.27528675703858185,2,STE,STE11,MEKK2,MAP3K2
STE11,-0.33916666666666667,57,KRSA,0.27528675703858185,2,STE,STE11,MEKK2,MAP3K3
STE11,-0.33916666666666667,57,KRSA,0.27528675703858185,2,STE,STE11,MEKK4,MAP3K4
STE11,-0.33916666666666667,57,KRSA,0.27528675703858185,2,STE,STE11,ASK,MAP3K5
STE11,-0.33916666666666667,57,KRSA,0.27528675703858185,2,STE,STE11,ASK,MAP3K6
ULK,-0.6866666666666666,36,KRSA,0.5380604796663191,3,OTHER,ULK,FUSED,STK36
ULK,-0.6866666666666666,36,KRSA,0.5380604796663191,3,OTHER,ULK,ULK,ULK1
ULK,-0.6866666666666666,36,KRSA,0.5380604796663191,3,OTHER,ULK,ULK,ULK2
ULK,-0.6866666666666666,36,KRSA,0.5380604796663191,3,OTHER,ULK,ULK,ULK3
ULK,-0.6866666666666666,36,KRSA,0.5380604796663191,3,OTHER,ULK,ULK,ULK4
PKCI,1.0508333333333333,18,KRSA,0.7632950990615224,4,AGC,PKC,IOTA,PRKCI
PKCI,1.0508333333333333,18,KRSA,0.7632950990615224,4,AGC,PKC,IOTA,PRKCZ
MLCK,-0.25333333333333335,63,KRSA,0.20020855057351408,1,CAMK,MLCK,MLCK,MYLK
MLCK,-0.25333333333333335,63,KRSA,0.20020855057351408,1,CAMK,MLCK,MLCK,MYLK2
MLCK,-0.25333333333333335,63,KRSA,0.20020855057351408,1,CAMK,MLCK,MLCK,TTN
NIK,-0.6808333333333333,37,KRSA,0.5255474452554745,3,STE,STE-UNIQUE,STE-UNIQUE,MAP3K14
PAKA,-0.7925,29,KRSA,0.6256517205422315,3,STE,STE20,PAKA,PAK1
PAKA,-0.7925,29,KRSA,0.6256517205422315,3,STE,STE20,PAKA,PAK2
PAKA,-0.7925,29,KRSA,0.6256517205422315,3,STE,STE20,PAKA,PAK3
ATM,-1.1483333333333334,15,KRSA,0.8133472367049009,4,ATYPICAL,PIKK,ATM,ATM
PKCA,0.595,44,KRSA,0.43795620437956206,2,AGC,PKC,ALPHA,PRKCA
PKCA,0.595,44,KRSA,0.43795620437956206,2,AGC,PKC,ALPHA,PRKCB
PKCA,0.595,44,KRSA,0.43795620437956206,2,AGC,PKC,ALPHA,PRKCG
RIPK,1.205833333333333,11,KRSA,0.8633993743482794,4,TKL,RIPK,RIPK,ANKK1
RIPK,1.205833333333333,11,KRSA,0.8633993743482794,4,TKL,RIPK,RIPK,RIPK1
RIPK,1.205833333333333,11,KRSA,0.8633993743482794,4,TKL,RIPK,RIPK,RIPK2
RIPK,1.205833333333333,11,KRSA,0.8633993743482794,4,TKL,RIPK,RIPK,RIPK3
RIPK,1.205833333333333,11,KRSA,0.8633993743482794,4,TKL,RIPK,RIPK,RIPK4
AKT,0.7558333333333334,31,KRSA,0.6006256517205423,3,AGC,AKT,AKT,AKT1
AKT,0.7558333333333334,31,KRSA,0.6006256517205423,3,AGC,AKT,AKT,AKT2
AKT,0.7558333333333334,31,KRSA,0.6006256517205423,3,AGC,AKT,AKT,AKT3
IRAK,0.09666666666666666,75,KRSA,0.05005213764337852,1,TKL,IRAK,IRAK,IRAK1
IRAK,0.09666666666666666,75,KRSA,0.05005213764337852,1,TKL,IRAK,IRAK,IRAK2
IRAK,0.09666666666666666,75,KRSA,0.05005213764337852,1,TKL,IRAK,IRAK,IRAK3
IRAK,0.09666666666666666,75,KRSA,0.05005213764337852,1,TKL,IRAK,IRAK,IRAK4
MTOR,0.04749999999999999,77,KRSA,0.02502606882168926,1,ATYPICAL,PIKK,FRAP,MTOR
RSK,0.5466666666666666,47,KRSA,0.40041710114702816,2,AGC,RSK,RSK,RPS6KA1
RSK,0.5466666666666666,47,KRSA,0.40041710114702816,2,AGC,RSK,RSK,RPS6KA2
RSK,0.5466666666666666,47,KRSA,0.40041710114702816,2,AGC,RSK,RSK,RPS6KA3
RSK,0.5466666666666666,47,KRSA,0.40041710114702816,2,AGC,RSK,MSK,RPS6KA4
RSK,0.5466666666666666,47,KRSA,0.40041710114702816,2,AGC,RSK,MSK,RPS6KA5
RSK,0.5466666666666666,47,KRSA,0.40041710114702816,2,AGC,RSK,RSK,RPS6KA6
RSK,0.5466666666666666,47,KRSA,0.40041710114702816,2,AGC,RSK,P70,RPS6KB1
RSK,0.5466666666666666,47,KRSA,0.40041710114702816,2,AGC,RSK,P70,RPS6KB2
PKG,1.1866666666666668,12,KRSA,0.8508863399374348,4,AGC,PKG,PKG,PRKG1
PKG,1.1866666666666668,12,KRSA,0.8508863399374348,4,AGC,PKG,PKG,PRKG2
PKA,1.0508333333333333,18,KRSA,0.7632950990615224,4,AGC,PKA,PKA,PRKACA
PKA,1.0508333333333333,18,KRSA,0.7632950990615224,4,AGC,PKA,PKA,PRKACB
PKA,1.0508333333333333,18,KRSA,0.7632950990615224,4,AGC,PKA,PKA,PRKACG
PKA,1.0508333333333333,18,KRSA,0.7632950990615224,4,AGC,PKA,PKA,PRKX
PKA,1.0508333333333333,18,KRSA,0.7632950990615224,4,AGC,PKA,PKA,PRKY
MELK,0.475,50,KRSA,0.36287799791449427,2,CAMK,CAMKL,MELK,MELK
CK2,-0.15583333333333335,72,KRSA,0.08759124087591241,1,CMGC,CK2,CK2,CSNK2A1
CK2,-0.15583333333333335,72,KRSA,0.08759124087591241,1,CMGC,CK2,CK2,CSNK2A2
CK2,-0.15583333333333335,72,KRSA,0.08759124087591241,1,NA,NA,NA,CSNK2A3
ATR,-0.7125,33,KRSA,0.5755995828988529,3,ATYPICAL,PIKK,ATR,ATR
PKCD,0.8833333333333333,24,KRSA,0.6882168925964547,3,AGC,PKC,DELTA,PRKCD
PKCD,0.8833333333333333,24,KRSA,0.6882168925964547,3,AGC,PKC,DELTA,PRKCQ
BARK2,0.17333333333333334,70,KRSA,0.11261730969760167,1,AGC,GRK,BARK,GRK3
QIK,-0.245,64,KRSA,0.18769551616266944,1,CAMK,CAMKL,QIK,SIK1
QIK,-0.245,64,KRSA,0.18769551616266944,1,CAMK,CAMKL,QIK,SIK2
NUAK,-0.6291666666666667,41,KRSA,0.4754953076120959,2,CAMK,CAMKL,NUAK,NUAK1
NUAK,-0.6291666666666667,41,KRSA,0.4754953076120959,2,CAMK,CAMKL,NUAK,NUAK2
HAL,-0.37833333333333335,54,KRSA,0.31282586027111575,2,RGC,RGC,RGC,NPR1
PKD,0.345,56,KRSA,0.28779979144942647,2,CAMK,PKD,PKD,PRKD1
PKD,0.345,56,KRSA,0.28779979144942647,2,CAMK,PKD,PKD,PRKD2
PKD,0.345,56,KRSA,0.28779979144942647,2,CAMK,PKD,PKD,PRKD3
PKN,-0.6283333333333333,42,KRSA,0.4629822732012513,2,AGC,PKN,PKN,PKN1
PKN,-0.6283333333333333,42,KRSA,0.4629822732012513,2,AGC,PKN,PKN,PKN2
PKN,-0.6283333333333333,42,KRSA,0.4629822732012513,2,AGC,PKN,PKN,PKN3
NAK,-0.2816666666666667,62,KRSA,0.2127215849843587,1,OTHER,NAK,BIKE,AAK1
NAK,-0.2816666666666667,62,KRSA,0.2127215849843587,1,OTHER,NAK,BIKE,BMP2K
NAK,-0.2816666666666667,62,KRSA,0.2127215849843587,1,OTHER,NAK,GAK,GAK
NAK,-0.2816666666666667,62,KRSA,0.2127215849843587,1,OTHER,NAK,MPSK,STK16
TTK,-0.6466666666666667,38,KRSA,0.5130344108446299,3,OTHER,TTK,TTK,TTK
MST,-0.23833333333333337,65,KRSA,0.17518248175182483,1,STE,STE20,MST,STK3
MST,-0.23833333333333337,65,KRSA,0.17518248175182483,1,STE,STE20,MST,STK4
IKK,-0.22666666666666668,66,KRSA,0.16266944734098018,1,OTHER,IKK,IKK,CHUK
IKK,-0.22666666666666668,66,KRSA,0.16266944734098018,1,OTHER,IKK,IKK,IKBKB
IKK,-0.22666666666666668,66,KRSA,0.16266944734098018,1,OTHER,IKK,IKK,IKBKE
IKK,-0.22666666666666668,66,KRSA,0.16266944734098018,1,OTHER,IKK,IKK,TBK1
CAMK2,-0.30916666666666665,61,KRSA,0.22523461939520334,1,CAMK,CAMK2,CAMK2,CAMK2A
CAMK2,-0.30916666666666665,61,KRSA,0.22523461939520334,1,CAMK,CAMK2,CAMK2,CAMK2B
CAMK2,-0.30916666666666665,61,KRSA,0.22523461939520334,1,CAMK,CAMK2,CAMK2,CAMK2D
CAMK2,-0.30916666666666665,61,KRSA,0.22523461939520334,1,CAMK,CAMK2,CAMK2,CAMK2G
PDHK,-0.86,25,KRSA,0.67570385818561,3,ATYPICAL,PDHK,BCKDK,BCKDK
PDHK,-0.86,25,KRSA,0.67570385818561,3,ATYPICAL,PDHK,PDHK,PDK2
PDHK,-0.86,25,KRSA,0.67570385818561,3,ATYPICAL,PDHK,PDHK,PDK3
PDHK,-0.86,25,KRSA,0.67570385818561,3,ATYPICAL,PDHK,PDHK,PDK4
DMPK,0.635,40,KRSA,0.4880083420229406,2,AGC,DMPK,GEK,CDC42BPA
DMPK,0.635,40,KRSA,0.4880083420229406,2,AGC,DMPK,GEK,CDC42BPB
DMPK,0.635,40,KRSA,0.4880083420229406,2,AGC,DMPK,GEK,CDC42BPG
DMPK,0.635,40,KRSA,0.4880083420229406,2,AGC,DMPK,CRIK,CIT
DMPK,0.635,40,KRSA,0.4880083420229406,2,AGC,DMPK,GEK,DMPK
DMPK,0.635,40,KRSA,0.4880083420229406,2,AGC,DMPK,ROCK,ROCK1
DMPK,0.635,40,KRSA,0.4880083420229406,2,AGC,DMPK,ROCK,ROCK2
PKCH,-0.11666666666666668,74,KRSA,0.06256517205422316,1,AGC,PKC,ETA,PRKCE
PKCH,-0.11666666666666668,74,KRSA,0.06256517205422316,1,AGC,PKC,ETA,PRKCH
PIM,0.5408333333333334,48,KRSA,0.38790406673618355,2,CAMK,PIM,PIM,PIM1
PIM,0.5408333333333334,48,KRSA,0.38790406673618355,2,CAMK,PIM,PIM,PIM2
PIM,0.5408333333333334,48,KRSA,0.38790406673618355,2,CAMK,PIM,PIM,PIM3
PRKDC,-0.44916666666666666,51,KRSA,0.35036496350364965,2,ATYPICAL,PIKK,DNAPK,PRKDC
NEK,-0.7733333333333333,30,KRSA,0.6131386861313869,3,OTHER,NEK,NEK11,NEK11
NEK,-0.7733333333333333,30,KRSA,0.6131386861313869,3,OTHER,NEK,NEK2,NEK2
NEK,-0.7733333333333333,30,KRSA,0.6131386861313869,3,OTHER,NEK,NEK1,NEK3
NEK,-0.7733333333333333,30,KRSA,0.6131386861313869,3,OTHER,NEK,NEK4,NEK4
NEK,-0.7733333333333333,30,KRSA,0.6131386861313869,3,OTHER,NEK,NEK1,NEK5
NEK,-0.7733333333333333,30,KRSA,0.6131386861313869,3,OTHER,NEK,NEK6,NEK6
NEK,-0.7733333333333333,30,KRSA,0.6131386861313869,3,OTHER,NEK,NEK6,NEK7
NEK,-0.7733333333333333,30,KRSA,0.6131386861313869,3,OTHER,NEK,NEK8,NEK8
NEK,-0.7733333333333333,30,KRSA,0.6131386861313869,3,OTHER,NEK,NEK8,NEK9
RAD53,-0.07250000000000001,76,KRSA,0.03753910323253389,1,CAMK,RAD53,RAD53,CHEK2
MSN,1.3541666666666667,9,KRSA,0.8884254431699687,4,STE,STE20,MSN,MAP4K4
MSN,1.3541666666666667,9,KRSA,0.8884254431699687,4,STE,STE20,MSN,NRK
MSN,1.3541666666666667,9,KRSA,0.8884254431699687,4,STE,STE20,MSN,TNIK
NMO,-1.9175,2,KRSA,0.9760166840458812,4,CMGC,MAPK,NMO,NLK
CDK,-1.3658333333333332,7,KRSA,0.913451511991658,4,CMGC,CDK,CDC2,CDK1
CDK,-1.3658333333333332,7,KRSA,0.913451511991658,4,CMGC,CDK,CDK10,CDK10
CDK,-1.3658333333333332,7,KRSA,0.913451511991658,4,CMGC,CDK,CRK7,CDK12
CDK,-1.3658333333333332,7,KRSA,0.913451511991658,4,CMGC,CDK,CRK7,CDK13
CDK,-1.3658333333333332,7,KRSA,0.913451511991658,4,CMGC,CDK,PFTAIRE,CDK14
CDK,-1.3658333333333332,7,KRSA,0.913451511991658,4,CMGC,CDK,PFTAIRE,CDK15
CDK,-1.3658333333333332,7,KRSA,0.913451511991658,4,CMGC,CDK,PCTAIRE,CDK16
CDK,-1.3658333333333332,7,KRSA,0.913451511991658,4,CMGC,CDK,PCTAIRE,CDK17
CDK,-1.3658333333333332,7,KRSA,0.913451511991658,4,CMGC,CDK,PCTAIRE,CDK18
CDK,-1.3658333333333332,7,KRSA,0.913451511991658,4,CMGC,CDK,CDK8,CDK19
CDK,-1.3658333333333332,7,KRSA,0.913451511991658,4,CMGC,CDK,CDC2,CDK2
CDK,-1.3658333333333332,7,KRSA,0.913451511991658,4,CMGC,CDK,CCRK,CDK20
CDK,-1.3658333333333332,7,KRSA,0.913451511991658,4,CMGC,CDK,CDC2,CDK3
CDK,-1.3658333333333332,7,KRSA,0.913451511991658,4,CMGC,CDK,CDK4,CDK4
CDK,-1.3658333333333332,7,KRSA,0.913451511991658,4,CMGC,CDK,CDK5,CDK5
CDK,-1.3658333333333332,7,KRSA,0.913451511991658,4,CMGC,CDK,CDK4,CDK6
CDK,-1.3658333333333332,7,KRSA,0.913451511991658,4,CMGC,CDK,CDK7,CDK7
CDK,-1.3658333333333332,7,KRSA,0.913451511991658,4,CMGC,CDK,CDK8,CDK8
CDK,-1.3658333333333332,7,KRSA,0.913451511991658,4,CMGC,CDK,CDK9,CDK9
CDK,-1.3658333333333332,7,KRSA,0.913451511991658,4,NA,NA,NA,CDK11A
CDK,-1.3658333333333332,7,KRSA,0.913451511991658,4,NA,NA,NA,CDK11B
COT,0.4116666666666667,52,KRSA,0.337851929092805,2,STE,STE-UNIQUE,STE-UNIQUE,MAP3K8
ERK,-2.3158333333333334,1,KRSA,0.9885297184567258,4,CMGC,MAPK,ERK1,MAPK1
ERK,-2.3158333333333334,1,KRSA,0.9885297184567258,4,CMGC,MAPK,ERK7,MAPK15
ERK,-2.3158333333333334,1,KRSA,0.9885297184567258,4,CMGC,MAPK,ERK1,MAPK3
ERK,-2.3158333333333334,1,KRSA,0.9885297184567258,4,CMGC,MAPK,ERK3,MAPK4
ERK,-2.3158333333333334,1,KRSA,0.9885297184567258,4,CMGC,MAPK,ERK3,MAPK6
ERK,-2.3158333333333334,1,KRSA,0.9885297184567258,4,CMGC,MAPK,ERK5,MAPK7
STKR,0.5691666666666666,46,KRSA,0.4129301355578728,2,TKL,STKR,TYPE1,ACVR1
STKR,0.5691666666666666,46,KRSA,0.4129301355578728,2,TKL,STKR,TYPE1,ACVR1B
STKR,0.5691666666666666,46,KRSA,0.4129301355578728,2,TKL,STKR,TYPE1,ACVR1C
STKR,0.5691666666666666,46,KRSA,0.4129301355578728,2,TKL,STKR,TYPE2,ACVR2A
STKR,0.5691666666666666,46,KRSA,0.4129301355578728,2,TKL,STKR,TYPE2,ACVR2B
STKR,0.5691666666666666,46,KRSA,0.4129301355578728,2,TKL,STKR,TYPE1,ACVRL1
STKR,0.5691666666666666,46,KRSA,0.4129301355578728,2,TKL,STKR,TYPE2,AMHR2
STKR,0.5691666666666666,46,KRSA,0.4129301355578728,2,TKL,STKR,TYPE1,BMPR1A
STKR,0.5691666666666666,46,KRSA,0.4129301355578728,2,TKL,STKR,TYPE1,BMPR1B
STKR,0.5691666666666666,46,KRSA,0.4129301355578728,2,TKL,STKR,TYPE2,BMPR2
STKR,0.5691666666666666,46,KRSA,0.4129301355578728,2,TKL,STKR,TYPE1,TGFBR1
STKR,0.5691666666666666,46,KRSA,0.4129301355578728,2,TKL,STKR,TYPE2,TGFBR2
PEK,-1.505,6,KRSA,0.9259645464025026,4,OTHER,PEK,HRI,EIF2AK1
PEK,-1.505,6,KRSA,0.9259645464025026,4,OTHER,PEK,PKR,EIF2AK2
PEK,-1.505,6,KRSA,0.9259645464025026,4,OTHER,PEK,PEK,EIF2AK3
PEK,-1.505,6,KRSA,0.9259645464025026,4,OTHER,PEK,GCN2,EIF2AK4
CAMK1,1.3616666666666666,8,KRSA,0.9009384775808134,4,CAMK,CAMK1,CAMK1,CAMK1
CAMK1,1.3616666666666666,8,KRSA,0.9009384775808134,4,CAMK,CAMK1,CAMK1,CAMK1D
CAMK1,1.3616666666666666,8,KRSA,0.9009384775808134,4,CAMK,CAMK1,CAMK1,CAMK1G
CAMK1,1.3616666666666666,8,KRSA,0.9009384775808134,4,CAMK,CAMK1,CAMK1,CAMK4
CAMK1,1.3616666666666666,8,KRSA,0.9009384775808134,4,CAMK,CAMK1,CAMK1,PNCK
P38,-0.9691666666666666,22,KRSA,0.7132429614181439,3,CMGC,MAPK,P38,MAPK11
P38,-0.9691666666666666,22,KRSA,0.7132429614181439,3,CMGC,MAPK,P38,MAPK12
P38,-0.9691666666666666,22,KRSA,0.7132429614181439,3,CMGC,MAPK,P38,MAPK13
P38,-0.9691666666666666,22,KRSA,0.7132429614181439,3,CMGC,MAPK,P38,MAPK14
RIPK,1.205833333333333,11,KRSA,0.8633993743482794,4,TKL,RIPK,RIPK,ANKK1
RIPK,1.205833333333333,11,KRSA,0.8633993743482794,4,TKL,RIPK,RIPK,RIPK1
RIPK,1.205833333333333,11,KRSA,0.8633993743482794,4,TKL,RIPK,RIPK,RIPK2
RIPK,1.205833333333333,11,KRSA,0.8633993743482794,4,TKL,RIPK,RIPK,RIPK3
RIPK,1.205833333333333,11,KRSA,0.8633993743482794,4,TKL,RIPK,RIPK,RIPK4
JNK,-1.6616666666666666,4,KRSA,0.9509906152241918,4,CMGC,MAPK,JNK,MAPK10
JNK,-1.6616666666666666,4,KRSA,0.9509906152241918,4,CMGC,MAPK,JNK,MAPK8
JNK,-1.6616666666666666,4,KRSA,0.9509906152241918,4,CMGC,MAPK,JNK,MAPK9
DYRK,-1.3191666666666666,10,KRSA,0.8759124087591241,4,CMGC,DYRK,DYRK1,DYRK1A
DYRK,-1.3191666666666666,10,KRSA,0.8759124087591241,4,CMGC,DYRK,DYRK1,DYRK1B
DYRK,-1.3191666666666666,10,KRSA,0.8759124087591241,4,CMGC,DYRK,DYRK2,DYRK2
DYRK,-1.3191666666666666,10,KRSA,0.8759124087591241,4,CMGC,DYRK,DYRK2,DYRK3
DYRK,-1.3191666666666666,10,KRSA,0.8759124087591241,4,CMGC,DYRK,DYRK2,DYRK4
DYRK,-1.3191666666666666,10,KRSA,0.8759124087591241,4,CMGC,DYRK,HIPK,HIPK1
DYRK,-1.3191666666666666,10,KRSA,0.8759124087591241,4,CMGC,DYRK,HIPK,HIPK2
DYRK,-1.3191666666666666,10,KRSA,0.8759124087591241,4,CMGC,DYRK,HIPK,HIPK3
DYRK,-1.3191666666666666,10,KRSA,0.8759124087591241,4,CMGC,DYRK,HIPK,HIPK4
DYRK,-1.3191666666666666,10,KRSA,0.8759124087591241,4,CMGC,DYRK,PRP4,PRPF4B
AUR,1.153333333333333,14,KRSA,0.8258602711157456,4,OTHER,AUR,AUR,AURKA
AUR,1.153333333333333,14,KRSA,0.8258602711157456,4,OTHER,AUR,AUR,AURKB
AUR,1.153333333333333,14,KRSA,0.8258602711157456,4,OTHER,AUR,AUR,AURKC
PAKA,-0.7925,29,KRSA,0.6256517205422315,3,STE,STE20,PAKA,PAK1
PAKA,-0.7925,29,KRSA,0.6256517205422315,3,STE,STE20,PAKA,PAK2
PAKA,-0.7925,29,KRSA,0.6256517205422315,3,STE,STE20,PAKA,PAK3
AMPK,0.49333333333333335,49,KRSA,0.3753910323253389,2,CAMK,CAMKL,AMPK,PRKAA1
AMPK,0.49333333333333335,49,KRSA,0.3753910323253389,2,CAMK,CAMKL,AMPK,PRKAA2
PLK,-1.1191666666666666,16,KRSA,0.8008342022940563,4,NA,NA,NA,PLK5
PLK,-1.1191666666666666,16,KRSA,0.8008342022940563,4,OTHER,PLK,PLK1,PLK1
PLK,-1.1191666666666666,16,KRSA,0.8008342022940563,4,OTHER,PLK,PLK2,PLK2
PLK,-1.1191666666666666,16,KRSA,0.8008342022940563,4,OTHER,PLK,PLK2,PLK3
PLK,-1.1191666666666666,16,KRSA,0.8008342022940563,4,OTHER,PLK,SAK,PLK4
MOS,0.6975,34,KRSA,0.5630865484880083,3,OTHER,MOS,MOS,MOS
MAPKAPK,0.9241666666666668,23,KRSA,0.7007299270072993,3,CAMK,MAPKAPK,MAPKAPK,MAPKAPK2
MAPKAPK,0.9241666666666668,23,KRSA,0.7007299270072993,3,CAMK,MAPKAPK,MAPKAPK,MAPKAPK3
MAPKAPK,0.9241666666666668,23,KRSA,0.7007299270072993,3,CAMK,MAPKAPK,MAPKAPK,MAPKAPK5
MAPKAPK,0.9241666666666668,23,KRSA,0.7007299270072993,3,CAMK,MAPKAPK,MNK,MKNK1
MAPKAPK,0.9241666666666668,23,KRSA,0.7007299270072993,3,CAMK,MAPKAPK,MNK,MKNK2
SLK,0.8191666666666666,27,KRSA,0.6506777893639207,3,STE,STE20,SLK,SLK
SLK,0.8191666666666666,27,KRSA,0.6506777893639207,3,STE,STE20,SLK,STK10
TAO,0.6466666666666666,39,KRSA,0.5005213764337852,3,STE,STE20,TAO,TAOK1
TAO,0.6466666666666666,39,KRSA,0.5005213764337852,3,STE,STE20,TAO,TAOK2
TAO,0.6466666666666666,39,KRSA,0.5005213764337852,3,STE,STE20,TAO,TAOK3
CAMKK,0.8091666666666666,28,KRSA,0.6381647549530761,3,OTHER,CAMKK,META,CAMKK1
CAMKK,0.8091666666666666,28,KRSA,0.6381647549530761,3,OTHER,CAMKK,META,CAMKK2
PASK,1.7358333333333331,3,KRSA,0.9635036496350365,4,CAMK,CAMKL,PASK,PASK
WNK,-0.3491666666666667,55,KRSA,0.30031282586027114,2,OTHER,WNK,WNK,WNK1
WNK,-0.3491666666666667,55,KRSA,0.30031282586027114,2,OTHER,WNK,WNK,WNK2
WNK,-0.3491666666666667,55,KRSA,0.30031282586027114,2,OTHER,WNK,WNK,WNK3
WNK,-0.3491666666666667,55,KRSA,0.30031282586027114,2,OTHER,WNK,WNK,WNK4
ATR,-0.7125,33,KRSA,0.5755995828988529,3,ATYPICAL,PIKK,ATR,ATR
ATM,-1.1483333333333334,15,KRSA,0.8133472367049009,4,ATYPICAL,PIKK,ATM,ATM
VRK1,-0.19166666666666665,68,KRSA,0.13764337851929093,1,CK1,VRK,VRK,VRK1
FRAY,-0.17,71,KRSA,0.10010427528675704,1,STE,STE20,FRAY,OXSR1
FRAY,-0.17,71,KRSA,0.10010427528675704,1,STE,STE20,FRAY,STK39
RAF,-1.1858333333333333,13,KRSA,0.8383733055265902,4,TKL,RAF,RAF,ARAF
RAF,-1.1858333333333333,13,KRSA,0.8383733055265902,4,TKL,RAF,RAF,BRAF
RAF,-1.1858333333333333,13,KRSA,0.8383733055265902,4,TKL,RAF,KSR,KSR1
RAF,-1.1858333333333333,13,KRSA,0.8383733055265902,4,TKL,RAF,KSR,KSR2
RAF,-1.1858333333333333,13,KRSA,0.8383733055265902,4,TKL,RAF,RAF,RAF1
PDK1,-1.63,5,KRSA,0.9384775808133472,4,ATYPICAL,PDHK,PDHK,PDK1
PDK1,-1.63,5,KRSA,0.9384775808133472,4,AGC,PDK1,PDK1,PDPK1
RAD53,-0.07250000000000001,76,KRSA,0.03753910323253389,1,CAMK,RAD53,RAD53,CHEK2
PRKDC,-0.44916666666666666,51,KRSA,0.35036496350364965,2,ATYPICAL,PIKK,DNAPK,PRKDC
BARK2,0.17333333333333334,70,KRSA,0.11261730969760167,1,AGC,GRK,BARK,GRK3
MLK,0.3325,58,KRSA,0.26277372262773724,2,TKL,MLK,ILK,ILK
MLK,0.3325,58,KRSA,0.26277372262773724,2,TKL,MLK,MLK,MAP3K10
MLK,0.3325,58,KRSA,0.26277372262773724,2,TKL,MLK,MLK,MAP3K11
MLK,0.3325,58,KRSA,0.26277372262773724,2,TKL,MLK,LZK,MAP3K12
MLK,0.3325,58,KRSA,0.26277372262773724,2,TKL,MLK,LZK,MAP3K13
MLK,0.3325,58,KRSA,0.26277372262773724,2,TKL,MLK,MLK,MAP3K9
MLK,0.3325,58,KRSA,0.26277372262773724,2,TKL,MLK,HH498,TNNI3K
DAPK,1.0308333333333333,19,KRSA,0.7507820646506778,4,CAMK,DAPK,DAPK,DAPK1
DAPK,1.0308333333333333,19,KRSA,0.7507820646506778,4,CAMK,DAPK,DAPK,DAPK2
DAPK,1.0308333333333333,19,KRSA,0.7507820646506778,4,CAMK,DAPK,DAPK,DAPK3
DAPK,1.0308333333333333,19,KRSA,0.7507820646506778,4,CAMK,DAPK,DRAK,STK17A
DAPK,1.0308333333333333,19,KRSA,0.7507820646506778,4,CAMK,DAPK,DRAK,STK17B
LKB,-1.0883333333333334,17,KRSA,0.7883211678832117,4,CAMK,CAMKL,LKB,STK11
TTK,-0.6466666666666667,38,KRSA,0.5130344108446299,3,OTHER,TTK,TTK,TTK
STE7,-1.0008333333333337,20,KRSA,0.7382690302398331,3,STE,STE7,MEK1,MAP2K1
STE7,-1.0008333333333337,20,KRSA,0.7382690302398331,3,STE,STE7,MEK1,MAP2K2
STE7,-1.0008333333333337,20,KRSA,0.7382690302398331,3,STE,STE7,MEK3,MAP2K3
STE7,-1.0008333333333337,20,KRSA,0.7382690302398331,3,STE,STE7,MEK4,MAP2K4
STE7,-1.0008333333333337,20,KRSA,0.7382690302398331,3,STE,STE7,MEK5,MAP2K5
STE7,-1.0008333333333337,20,KRSA,0.7382690302398331,3,STE,STE7,MEK3,MAP2K6
STE7,-1.0008333333333337,20,KRSA,0.7382690302398331,3,STE,STE7,MEK7,MAP2K7
NUAK,-0.6291666666666667,41,KRSA,0.4754953076120959,2,CAMK,CAMKL,NUAK,NUAK1
NUAK,-0.6291666666666667,41,KRSA,0.4754953076120959,2,CAMK,CAMKL,NUAK,NUAK2
PKN,-0.6283333333333333,42,KRSA,0.4629822732012513,2,AGC,PKN,PKN,PKN1
PKN,-0.6283333333333333,42,KRSA,0.4629822732012513,2,AGC,PKN,PKN,PKN2
PKN,-0.6283333333333333,42,KRSA,0.4629822732012513,2,AGC,PKN,PKN,PKN3
CK1,-0.7516666666666667,32,KRSA,0.5881126173096975,3,CK1,CK1,CK1-A,CSNK1A1
CK1,-0.7516666666666667,32,KRSA,0.5881126173096975,3,CK1,CK1,CK1-A,CSNK1A1L
CK1,-0.7516666666666667,32,KRSA,0.5881126173096975,3,CK1,CK1,CK1-D,CSNK1D
CK1,-0.7516666666666667,32,KRSA,0.5881126173096975,3,CK1,CK1,CK1-D,CSNK1E
CK1,-0.7516666666666667,32,KRSA,0.5881126173096975,3,CK1,CK1,CK1-G,CSNK1G1
CK1,-0.7516666666666667,32,KRSA,0.5881126173096975,3,CK1,CK1,CK1-G,CSNK1G2
CK1,-0.7516666666666667,32,KRSA,0.5881126173096975,3,CK1,CK1,CK1-G,CSNK1G3
CK1,-0.7516666666666667,32,KRSA,0.5881126173096975,3,CK1,TTBK,TTBK,TTBK1
CK1,-0.7516666666666667,32,KRSA,0.5881126173096975,3,CK1,TTBK,TTBK,TTBK2
CK1,-0.7516666666666667,32,KRSA,0.5881126173096975,3,CK1,VRK,VRK,VRK3
TLK,-0.9975,21,KRSA,0.7257559958289885,3,OTHER,TLK,TLK,TLK1
TLK,-0.9975,21,KRSA,0.7257559958289885,3,OTHER,TLK,TLK,TLK2
HAL,-0.37833333333333335,54,KRSA,0.31282586027111575,2,RGC,RGC,RGC,NPR1
GSK,-0.8275,26,KRSA,0.6631908237747653,3,CMGC,GSK,GSK,GSK3A
GSK,-0.8275,26,KRSA,0.6631908237747653,3,CMGC,GSK,GSK,GSK3B
PKCI,1.0508333333333333,18,KRSA,0.7632950990615224,4,AGC,PKC,IOTA,PRKCI
PKCI,1.0508333333333333,18,KRSA,0.7632950990615224,4,AGC,PKC,IOTA,PRKCZ
STE11,-0.33916666666666667,57,KRSA,0.27528675703858185,2,TKL,MLK,TAK1,MAP3K7
STE11,-0.33916666666666667,57,KRSA,0.27528675703858185,2,STE,STE11,MEKK1,MAP3K1
STE11,-0.33916666666666667,57,KRSA,0.27528675703858185,2,STE,STE11,ASK,MAP3K15
STE11,-0.33916666666666667,57,KRSA,0.27528675703858185,2,STE,STE11,MEKK2,MAP3K2
STE11,-0.33916666666666667,57,KRSA,0.27528675703858185,2,STE,STE11,MEKK2,MAP3K3
STE11,-0.33916666666666667,57,KRSA,0.27528675703858185,2,STE,STE11,MEKK4,MAP3K4
STE11,-0.33916666666666667,57,KRSA,0.27528675703858185,2,STE,STE11,ASK,MAP3K5
STE11,-0.33916666666666667,57,KRSA,0.27528675703858185,2,STE,STE11,ASK,MAP3K6
PIM,0.5408333333333334,48,KRSA,0.38790406673618355,2,CAMK,PIM,PIM,PIM1
PIM,0.5408333333333334,48,KRSA,0.38790406673618355,2,CAMK,PIM,PIM,PIM2
PIM,0.5408333333333334,48,KRSA,0.38790406673618355,2,CAMK,PIM,PIM,PIM3
SGK,0.6041666666666666,43,KRSA,0.4504692387904067,2,AGC,SGK,SGK,SGK1
SGK,0.6041666666666666,43,KRSA,0.4504692387904067,2,AGC,SGK,SGK,SGK2
SGK,0.6041666666666666,43,KRSA,0.4504692387904067,2,AGC,SGK,SGK,SGK3
CLK,-0.6941666666666667,35,KRSA,0.5505735140771637,3,CMGC,CLK,CLK,CLK1
CLK,-0.6941666666666667,35,KRSA,0.5505735140771637,3,CMGC,CLK,CLK,CLK2
CLK,-0.6941666666666667,35,KRSA,0.5505735140771637,3,CMGC,CLK,CLK,CLK3
CLK,-0.6941666666666667,35,KRSA,0.5505735140771637,3,CMGC,CLK,CLK,CLK4
NIK,-0.6808333333333333,37,KRSA,0.5255474452554745,3,STE,STE-UNIQUE,STE-UNIQUE,MAP3K14
BUD32,-0.1991666666666667,67,KRSA,0.15015641293013557,1,OTHER,BUD32,BUD32,TP53RK
IKK,-0.22666666666666668,66,KRSA,0.16266944734098018,1,OTHER,IKK,IKK,CHUK
IKK,-0.22666666666666668,66,KRSA,0.16266944734098018,1,OTHER,IKK,IKK,IKBKB
IKK,-0.22666666666666668,66,KRSA,0.16266944734098018,1,OTHER,IKK,IKK,IKBKE
IKK,-0.22666666666666668,66,KRSA,0.16266944734098018,1,OTHER,IKK,IKK,TBK1
KHS,-0.19,69,KRSA,0.1251303441084463,1,STE,STE20,KHS,MAP4K1
KHS,-0.19,69,KRSA,0.1251303441084463,1,STE,STE20,KHS,MAP4K2
KHS,-0.19,69,KRSA,0.1251303441084463,1,STE,STE20,KHS,MAP4K3
KHS,-0.19,69,KRSA,0.1251303441084463,1,STE,STE20,KHS,MAP4K5
BRSK,-0.01749999999999999,79,KRSA,0,1,CAMK,CAMKL,BRSK,BRSK1
BRSK,-0.01749999999999999,79,KRSA,0,1,CAMK,CAMKL,BRSK,BRSK2
ULK,-0.6866666666666666,36,KRSA,0.5380604796663191,3,OTHER,ULK,FUSED,STK36
ULK,-0.6866666666666666,36,KRSA,0.5380604796663191,3,OTHER,ULK,ULK,ULK1
ULK,-0.6866666666666666,36,KRSA,0.5380604796663191,3,OTHER,ULK,ULK,ULK2
ULK,-0.6866666666666666,36,KRSA,0.5380604796663191,3,OTHER,ULK,ULK,ULK3
ULK,-0.6866666666666666,36,KRSA,0.5380604796663191,3,OTHER,ULK,ULK,ULK4
GRK,0.5691666666666667,45,KRSA,0.4254431699687174,2,AGC,GRK,GRK,GRK1
GRK,0.5691666666666667,45,KRSA,0.4254431699687174,2,AGC,GRK,GRK,GRK4
GRK,0.5691666666666667,45,KRSA,0.4254431699687174,2,AGC,GRK,GRK,GRK5
GRK,0.5691666666666667,45,KRSA,0.4254431699687174,2,AGC,GRK,GRK,GRK6
GRK,0.5691666666666667,45,KRSA,0.4254431699687174,2,AGC,GRK,GRK,GRK7
DMPK,0.635,40,KRSA,0.4880083420229406,2,AGC,DMPK,GEK,CDC42BPA
DMPK,0.635,40,KRSA,0.4880083420229406,2,AGC,DMPK,GEK,CDC42BPB
DMPK,0.635,40,KRSA,0.4880083420229406,2,AGC,DMPK,GEK,CDC42BPG
DMPK,0.635,40,KRSA,0.4880083420229406,2,AGC,DMPK,CRIK,CIT
DMPK,0.635,40,KRSA,0.4880083420229406,2,AGC,DMPK,GEK,DMPK
DMPK,0.635,40,KRSA,0.4880083420229406,2,AGC,DMPK,ROCK,ROCK1
DMPK,0.635,40,KRSA,0.4880083420229406,2,AGC,DMPK,ROCK,ROCK2
MLCK,-0.25333333333333335,63,KRSA,0.20020855057351408,1,CAMK,MLCK,MLCK,MYLK
MLCK,-0.25333333333333335,63,KRSA,0.20020855057351408,1,CAMK,MLCK,MLCK,MYLK2
MLCK,-0.25333333333333335,63,KRSA,0.20020855057351408,1,CAMK,MLCK,MLCK,TTN
NDR,-0.33,59,KRSA,0.2502606882168926,2,AGC,NDR,NDR,LATS1
NDR,-0.33,59,KRSA,0.2502606882168926,2,AGC,NDR,NDR,LATS2
NDR,-0.33,59,KRSA,0.2502606882168926,2,AGC,NDR,NDR,STK38
NDR,-0.33,59,KRSA,0.2502606882168926,2,AGC,NDR,NDR,STK38L
PAKB,0.01916666666666668,78,KRSA,0.01251303441084463,1,STE,STE20,PAKB,PAK4
PAKB,0.01916666666666668,78,KRSA,0.01251303441084463,1,STE,STE20,PAKB,PAK5
PAKB,0.01916666666666668,78,KRSA,0.01251303441084463,1,STE,STE20,PAKB,PAK6
PKA,1.0508333333333333,18,KRSA,0.7632950990615224,4,AGC,PKA,PKA,PRKACA
PKA,1.0508333333333333,18,KRSA,0.7632950990615224,4,AGC,PKA,PKA,PRKACB
PKA,1.0508333333333333,18,KRSA,0.7632950990615224,4,AGC,PKA,PKA,PRKACG
PKA,1.0508333333333333,18,KRSA,0.7632950990615224,4,AGC,PKA,PKA,PRKX
PKA,1.0508333333333333,18,KRSA,0.7632950990615224,4,AGC,PKA,PKA,PRKY
NAK,-0.2816666666666667,62,KRSA,0.2127215849843587,1,OTHER,NAK,BIKE,AAK1
NAK,-0.2816666666666667,62,KRSA,0.2127215849843587,1,OTHER,NAK,BIKE,BMP2K
NAK,-0.2816666666666667,62,KRSA,0.2127215849843587,1,OTHER,NAK,GAK,GAK
NAK,-0.2816666666666667,62,KRSA,0.2127215849843587,1,OTHER,NAK,MPSK,STK16
PKCH,-0.11666666666666668,74,KRSA,0.06256517205422316,1,AGC,PKC,ETA,PRKCE
PKCH,-0.11666666666666668,74,KRSA,0.06256517205422316,1,AGC,PKC,ETA,PRKCH
PKCD,0.8833333333333333,24,KRSA,0.6882168925964547,3,AGC,PKC,DELTA,PRKCD
PKCD,0.8833333333333333,24,KRSA,0.6882168925964547,3,AGC,PKC,DELTA,PRKCQ
RSK,0.5466666666666666,47,KRSA,0.40041710114702816,2,AGC,RSK,RSK,RPS6KA1
RSK,0.5466666666666666,47,KRSA,0.40041710114702816,2,AGC,RSK,RSK,RPS6KA2
RSK,0.5466666666666666,47,KRSA,0.40041710114702816,2,AGC,RSK,RSK,RPS6KA3
RSK,0.5466666666666666,47,KRSA,0.40041710114702816,2,AGC,RSK,MSK,RPS6KA4
RSK,0.5466666666666666,47,KRSA,0.40041710114702816,2,AGC,RSK,MSK,RPS6KA5
RSK,0.5466666666666666,47,KRSA,0.40041710114702816,2,AGC,RSK,RSK,RPS6KA6
RSK,0.5466666666666666,47,KRSA,0.40041710114702816,2,AGC,RSK,P70,RPS6KB1
RSK,0.5466666666666666,47,KRSA,0.40041710114702816,2,AGC,RSK,P70,RPS6KB2
PDHK,-0.86,25,KRSA,0.67570385818561,3,ATYPICAL,PDHK,BCKDK,BCKDK
PDHK,-0.86,25,KRSA,0.67570385818561,3,ATYPICAL,PDHK,PDHK,PDK2
PDHK,-0.86,25,KRSA,0.67570385818561,3,ATYPICAL,PDHK,PDHK,PDK3
PDHK,-0.86,25,KRSA,0.67570385818561,3,ATYPICAL,PDHK,PDHK,PDK4
MELK,0.475,50,KRSA,0.36287799791449427,2,CAMK,CAMKL,MELK,MELK
CHK1,0.4016666666666666,53,KRSA,0.32533889468196037,2,CAMK,CAMKL,CHK1,CHEK1
MTOR,0.04749999999999999,77,KRSA,0.02502606882168926,1,ATYPICAL,PIKK,FRAP,MTOR
AKT,0.7558333333333334,31,KRSA,0.6006256517205423,3,AGC,AKT,AKT,AKT1
AKT,0.7558333333333334,31,KRSA,0.6006256517205423,3,AGC,AKT,AKT,AKT2
AKT,0.7558333333333334,31,KRSA,0.6006256517205423,3,AGC,AKT,AKT,AKT3
PKD,0.345,56,KRSA,0.28779979144942647,2,CAMK,PKD,PKD,PRKD1
PKD,0.345,56,KRSA,0.28779979144942647,2,CAMK,PKD,PKD,PRKD2
PKD,0.345,56,KRSA,0.28779979144942647,2,CAMK,PKD,PKD,PRKD3
IRAK,0.09666666666666666,75,KRSA,0.05005213764337852,1,TKL,IRAK,IRAK,IRAK1
IRAK,0.09666666666666666,75,KRSA,0.05005213764337852,1,TKL,IRAK,IRAK,IRAK2
IRAK,0.09666666666666666,75,KRSA,0.05005213764337852,1,TKL,IRAK,IRAK,IRAK3
IRAK,0.09666666666666666,75,KRSA,0.05005213764337852,1,TKL,IRAK,IRAK,IRAK4
CK2,-0.15583333333333335,72,KRSA,0.08759124087591241,1,CMGC,CK2,CK2,CSNK2A1
CK2,-0.15583333333333335,72,KRSA,0.08759124087591241,1,CMGC,CK2,CK2,CSNK2A2
CK2,-0.15583333333333335,72,KRSA,0.08759124087591241,1,NA,NA,NA,CSNK2A3
QIK,-0.245,64,KRSA,0.18769551616266944,1,CAMK,CAMKL,QIK,SIK1
QIK,-0.245,64,KRSA,0.18769551616266944,1,CAMK,CAMKL,QIK,SIK2
PKCA,0.595,44,KRSA,0.43795620437956206,2,AGC,PKC,ALPHA,PRKCA
PKCA,0.595,44,KRSA,0.43795620437956206,2,AGC,PKC,ALPHA,PRKCB
PKCA,0.595,44,KRSA,0.43795620437956206,2,AGC,PKC,ALPHA,PRKCG
PHK,0.1175,73,KRSA,0.07507820646506778,1,CAMK,PHK,PHK,PHKG1
PHK,0.1175,73,KRSA,0.07507820646506778,1,CAMK,PHK,PHK,PHKG2
CAMK2,-0.30916666666666665,61,KRSA,0.22523461939520334,1,CAMK,CAMK2,CAMK2,CAMK2A
CAMK2,-0.30916666666666665,61,KRSA,0.22523461939520334,1,CAMK,CAMK2,CAMK2,CAMK2B
CAMK2,-0.30916666666666665,61,KRSA,0.22523461939520334,1,CAMK,CAMK2,CAMK2,CAMK2D
CAMK2,-0.30916666666666665,61,KRSA,0.22523461939520334,1,CAMK,CAMK2,CAMK2,CAMK2G
PKG,1.1866666666666668,12,KRSA,0.8508863399374348,4,AGC,PKG,PKG,PRKG1
PKG,1.1866666666666668,12,KRSA,0.8508863399374348,4,AGC,PKG,PKG,PRKG2
MST,-0.23833333333333337,65,KRSA,0.17518248175182483,1,STE,STE20,MST,STK3
MST,-0.23833333333333337,65,KRSA,0.17518248175182483,1,STE,STE20,MST,STK4
NEK,-0.7733333333333333,30,KRSA,0.6131386861313869,3,OTHER,NEK,NEK11,NEK11
NEK,-0.7733333333333333,30,KRSA,0.6131386861313869,3,OTHER,NEK,NEK2,NEK2
NEK,-0.7733333333333333,30,KRSA,0.6131386861313869,3,OTHER,NEK,NEK1,NEK3
NEK,-0.7733333333333333,30,KRSA,0.6131386861313869,3,OTHER,NEK,NEK4,NEK4
NEK,-0.7733333333333333,30,KRSA,0.6131386861313869,3,OTHER,NEK,NEK1,NEK5
NEK,-0.7733333333333333,30,KRSA,0.6131386861313869,3,OTHER,NEK,NEK6,NEK6
NEK,-0.7733333333333333,30,KRSA,0.6131386861313869,3,OTHER,NEK,NEK6,NEK7
NEK,-0.7733333333333333,30,KRSA,0.6131386861313869,3,OTHER,NEK,NEK8,NEK8
NEK,-0.7733333333333333,30,KRSA,0.6131386861313869,3,OTHER,NEK,NEK8,NEK9
PEK,-1.505,6,KRSA,0.9259645464025026,4,OTHER,PEK,HRI,EIF2AK1
PEK,-1.505,6,KRSA,0.9259645464025026,4,OTHER,PEK,PKR,EIF2AK2
PEK,-1.505,6,KRSA,0.9259645464025026,4,OTHER,PEK,PEK,EIF2AK3
PEK,-1.505,6,KRSA,0.9259645464025026,4,OTHER,PEK,GCN2,EIF2AK4
DAPK,1.0308333333333333,19,KRSA,0.7507820646506778,4,CAMK,DAPK,DAPK,DAPK1
DAPK,1.0308333333333333,19,KRSA,0.7507820646506778,4,CAMK,DAPK,DAPK,DAPK2
DAPK,1.0308333333333333,19,KRSA,0.7507820646506778,4,CAMK,DAPK,DAPK,DAPK3
DAPK,1.0308333333333333,19,KRSA,0.7507820646506778,4,CAMK,DAPK,DRAK,STK17A
DAPK,1.0308333333333333,19,KRSA,0.7507820646506778,4,CAMK,DAPK,DRAK,STK17B
PASK,1.7358333333333331,3,KRSA,0.9635036496350365,4,CAMK,CAMKL,PASK,PASK
SLK,0.8191666666666666,27,KRSA,0.6506777893639207,3,STE,STE20,SLK,SLK
SLK,0.8191666666666666,27,KRSA,0.6506777893639207,3,STE,STE20,SLK,STK10
CAMKK,0.8091666666666666,28,KRSA,0.6381647549530761,3,OTHER,CAMKK,META,CAMKK1
CAMKK,0.8091666666666666,28,KRSA,0.6381647549530761,3,OTHER,CAMKK,META,CAMKK2
CAMK1,1.3616666666666666,8,KRSA,0.9009384775808134,4,CAMK,CAMK1,CAMK1,CAMK1
CAMK1,1.3616666666666666,8,KRSA,0.9009384775808134,4,CAMK,CAMK1,CAMK1,CAMK1D
CAMK1,1.3616666666666666,8,KRSA,0.9009384775808134,4,CAMK,CAMK1,CAMK1,CAMK1G
CAMK1,1.3616666666666666,8,KRSA,0.9009384775808134,4,CAMK,CAMK1,CAMK1,CAMK4
CAMK1,1.3616666666666666,8,KRSA,0.9009384775808134,4,CAMK,CAMK1,CAMK1,PNCK
TAO,0.6466666666666666,39,KRSA,0.5005213764337852,3,STE,STE20,TAO,TAOK1
TAO,0.6466666666666666,39,KRSA,0.5005213764337852,3,STE,STE20,TAO,TAOK2
TAO,0.6466666666666666,39,KRSA,0.5005213764337852,3,STE,STE20,TAO,TAOK3
PKCD,0.8833333333333333,24,KRSA,0.6882168925964547,3,AGC,PKC,DELTA,PRKCD
PKCD,0.8833333333333333,24,KRSA,0.6882168925964547,3,AGC,PKC,DELTA,PRKCQ
MLK,0.3325,58,KRSA,0.26277372262773724,2,TKL,MLK,ILK,ILK
MLK,0.3325,58,KRSA,0.26277372262773724,2,TKL,MLK,MLK,MAP3K10
MLK,0.3325,58,KRSA,0.26277372262773724,2,TKL,MLK,MLK,MAP3K11
MLK,0.3325,58,KRSA,0.26277372262773724,2,TKL,MLK,LZK,MAP3K12
MLK,0.3325,58,KRSA,0.26277372262773724,2,TKL,MLK,LZK,MAP3K13
MLK,0.3325,58,KRSA,0.26277372262773724,2,TKL,MLK,MLK,MAP3K9
MLK,0.3325,58,KRSA,0.26277372262773724,2,TKL,MLK,HH498,TNNI3K
STKR,0.5691666666666666,46,KRSA,0.4129301355578728,2,TKL,STKR,TYPE1,ACVR1
STKR,0.5691666666666666,46,KRSA,0.4129301355578728,2,TKL,STKR,TYPE1,ACVR1B
STKR,0.5691666666666666,46,KRSA,0.4129301355578728,2,TKL,STKR,TYPE1,ACVR1C
STKR,0.5691666666666666,46,KRSA,0.4129301355578728,2,TKL,STKR,TYPE2,ACVR2A
STKR,0.5691666666666666,46,KRSA,0.4129301355578728,2,TKL,STKR,TYPE2,ACVR2B
STKR,0.5691666666666666,46,KRSA,0.4129301355578728,2,TKL,STKR,TYPE1,ACVRL1
STKR,0.5691666666666666,46,KRSA,0.4129301355578728,2,TKL,STKR,TYPE2,AMHR2
STKR,0.5691666666666666,46,KRSA,0.4129301355578728,2,TKL,STKR,TYPE1,BMPR1A
STKR,0.5691666666666666,46,KRSA,0.4129301355578728,2,TKL,STKR,TYPE1,BMPR1B
STKR,0.5691666666666666,46,KRSA,0.4129301355578728,2,TKL,STKR,TYPE2,BMPR2
STKR,0.5691666666666666,46,KRSA,0.4129301355578728,2,TKL,STKR,TYPE1,TGFBR1
STKR,0.5691666666666666,46,KRSA,0.4129301355578728,2,TKL,STKR,TYPE2,TGFBR2
MSN,1.3541666666666667,9,KRSA,0.8884254431699687,4,STE,STE20,MSN,MAP4K4
MSN,1.3541666666666667,9,KRSA,0.8884254431699687,4,STE,STE20,MSN,NRK
MSN,1.3541666666666667,9,KRSA,0.8884254431699687,4,STE,STE20,MSN,TNIK
GSK,-0.8275,26,KRSA,0.6631908237747653,3,CMGC,GSK,GSK,GSK3A
GSK,-0.8275,26,KRSA,0.6631908237747653,3,CMGC,GSK,GSK,GSK3B
PDHK,-0.86,25,KRSA,0.67570385818561,3,ATYPICAL,PDHK,BCKDK,BCKDK
PDHK,-0.86,25,KRSA,0.67570385818561,3,ATYPICAL,PDHK,PDHK,PDK2
PDHK,-0.86,25,KRSA,0.67570385818561,3,ATYPICAL,PDHK,PDHK,PDK3
PDHK,-0.86,25,KRSA,0.67570385818561,3,ATYPICAL,PDHK,PDHK,PDK4
NMO,-1.9175,2,KRSA,0.9760166840458812,4,CMGC,MAPK,NMO,NLK
GRK,0.5691666666666667,45,KRSA,0.4254431699687174,2,AGC,GRK,GRK,GRK1
GRK,0.5691666666666667,45,KRSA,0.4254431699687174,2,AGC,GRK,GRK,GRK4
GRK,0.5691666666666667,45,KRSA,0.4254431699687174,2,AGC,GRK,GRK,GRK5
GRK,0.5691666666666667,45,KRSA,0.4254431699687174,2,AGC,GRK,GRK,GRK6
GRK,0.5691666666666667,45,KRSA,0.4254431699687174,2,AGC,GRK,GRK,GRK7
VRK1,-0.19166666666666665,68,KRSA,0.13764337851929093,1,CK1,VRK,VRK,VRK1
COT,0.4116666666666667,52,KRSA,0.337851929092805,2,STE,STE-UNIQUE,STE-UNIQUE,MAP3K8
CDK,-1.3658333333333332,7,KRSA,0.913451511991658,4,CMGC,CDK,CDC2,CDK1
CDK,-1.3658333333333332,7,KRSA,0.913451511991658,4,CMGC,CDK,CDK10,CDK10
CDK,-1.3658333333333332,7,KRSA,0.913451511991658,4,CMGC,CDK,CRK7,CDK12
CDK,-1.3658333333333332,7,KRSA,0.913451511991658,4,CMGC,CDK,CRK7,CDK13
CDK,-1.3658333333333332,7,KRSA,0.913451511991658,4,CMGC,CDK,PFTAIRE,CDK14
CDK,-1.3658333333333332,7,KRSA,0.913451511991658,4,CMGC,CDK,PFTAIRE,CDK15
CDK,-1.3658333333333332,7,KRSA,0.913451511991658,4,CMGC,CDK,PCTAIRE,CDK16
CDK,-1.3658333333333332,7,KRSA,0.913451511991658,4,CMGC,CDK,PCTAIRE,CDK17
CDK,-1.3658333333333332,7,KRSA,0.913451511991658,4,CMGC,CDK,PCTAIRE,CDK18
CDK,-1.3658333333333332,7,KRSA,0.913451511991658,4,CMGC,CDK,CDK8,CDK19
CDK,-1.3658333333333332,7,KRSA,0.913451511991658,4,CMGC,CDK,CDC2,CDK2
CDK,-1.3658333333333332,7,KRSA,0.913451511991658,4,CMGC,CDK,CCRK,CDK20
CDK,-1.3658333333333332,7,KRSA,0.913451511991658,4,CMGC,CDK,CDC2,CDK3
CDK,-1.3658333333333332,7,KRSA,0.913451511991658,4,CMGC,CDK,CDK4,CDK4
CDK,-1.3658333333333332,7,KRSA,0.913451511991658,4,CMGC,CDK,CDK5,CDK5
CDK,-1.3658333333333332,7,KRSA,0.913451511991658,4,CMGC,CDK,CDK4,CDK6
CDK,-1.3658333333333332,7,KRSA,0.913451511991658,4,CMGC,CDK,CDK7,CDK7
CDK,-1.3658333333333332,7,KRSA,0.913451511991658,4,CMGC,CDK,CDK8,CDK8
CDK,-1.3658333333333332,7,KRSA,0.913451511991658,4,CMGC,CDK,CDK9,CDK9
CDK,-1.3658333333333332,7,KRSA,0.913451511991658,4,NA,NA,NA,CDK11A
CDK,-1.3658333333333332,7,KRSA,0.913451511991658,4,NA,NA,NA,CDK11B
ERK,-2.3158333333333334,1,KRSA,0.9885297184567258,4,CMGC,MAPK,ERK1,MAPK1
ERK,-2.3158333333333334,1,KRSA,0.9885297184567258,4,CMGC,MAPK,ERK7,MAPK15
ERK,-2.3158333333333334,1,KRSA,0.9885297184567258,4,CMGC,MAPK,ERK1,MAPK3
ERK,-2.3158333333333334,1,KRSA,0.9885297184567258,4,CMGC,MAPK,ERK3,MAPK4
ERK,-2.3158333333333334,1,KRSA,0.9885297184567258,4,CMGC,MAPK,ERK3,MAPK6
ERK,-2.3158333333333334,1,KRSA,0.9885297184567258,4,CMGC,MAPK,ERK5,MAPK7
PKD,0.345,56,KRSA,0.28779979144942647,2,CAMK,PKD,PKD,PRKD1
PKD,0.345,56,KRSA,0.28779979144942647,2,CAMK,PKD,PKD,PRKD2
PKD,0.345,56,KRSA,0.28779979144942647,2,CAMK,PKD,PKD,PRKD3
PAKA,-0.7925,29,KRSA,0.6256517205422315,3,STE,STE20,PAKA,PAK1
PAKA,-0.7925,29,KRSA,0.6256517205422315,3,STE,STE20,PAKA,PAK2
PAKA,-0.7925,29,KRSA,0.6256517205422315,3,STE,STE20,PAKA,PAK3
NAK,-0.2816666666666667,62,KRSA,0.2127215849843587,1,OTHER,NAK,BIKE,AAK1
NAK,-0.2816666666666667,62,KRSA,0.2127215849843587,1,OTHER,NAK,BIKE,BMP2K
NAK,-0.2816666666666667,62,KRSA,0.2127215849843587,1,OTHER,NAK,GAK,GAK
NAK,-0.2816666666666667,62,KRSA,0.2127215849843587,1,OTHER,NAK,MPSK,STK16
DMPK,0.635,40,KRSA,0.4880083420229406,2,AGC,DMPK,GEK,CDC42BPA
DMPK,0.635,40,KRSA,0.4880083420229406,2,AGC,DMPK,GEK,CDC42BPB
DMPK,0.635,40,KRSA,0.4880083420229406,2,AGC,DMPK,GEK,CDC42BPG
DMPK,0.635,40,KRSA,0.4880083420229406,2,AGC,DMPK,CRIK,CIT
DMPK,0.635,40,KRSA,0.4880083420229406,2,AGC,DMPK,GEK,DMPK
DMPK,0.635,40,KRSA,0.4880083420229406,2,AGC,DMPK,ROCK,ROCK1
DMPK,0.635,40,KRSA,0.4880083420229406,2,AGC,DMPK,ROCK,ROCK2
PAKB,0.01916666666666668,78,KRSA,0.01251303441084463,1,STE,STE20,PAKB,PAK4
PAKB,0.01916666666666668,78,KRSA,0.01251303441084463,1,STE,STE20,PAKB,PAK5
PAKB,0.01916666666666668,78,KRSA,0.01251303441084463,1,STE,STE20,PAKB,PAK6
RAF,-1.1858333333333333,13,KRSA,0.8383733055265902,4,TKL,RAF,RAF,ARAF
RAF,-1.1858333333333333,13,KRSA,0.8383733055265902,4,TKL,RAF,RAF,BRAF
RAF,-1.1858333333333333,13,KRSA,0.8383733055265902,4,TKL,RAF,KSR,KSR1
RAF,-1.1858333333333333,13,KRSA,0.8383733055265902,4,TKL,RAF,KSR,KSR2
RAF,-1.1858333333333333,13,KRSA,0.8383733055265902,4,TKL,RAF,RAF,RAF1
PDK1,-1.63,5,KRSA,0.9384775808133472,4,ATYPICAL,PDHK,PDHK,PDK1
PDK1,-1.63,5,KRSA,0.9384775808133472,4,AGC,PDK1,PDK1,PDPK1
AMPK,0.49333333333333335,49,KRSA,0.3753910323253389,2,CAMK,CAMKL,AMPK,PRKAA1
AMPK,0.49333333333333335,49,KRSA,0.3753910323253389,2,CAMK,CAMKL,AMPK,PRKAA2
AKT,0.7558333333333334,31,KRSA,0.6006256517205423,3,AGC,AKT,AKT,AKT1
AKT,0.7558333333333334,31,KRSA,0.6006256517205423,3,AGC,AKT,AKT,AKT2
AKT,0.7558333333333334,31,KRSA,0.6006256517205423,3,AGC,AKT,AKT,AKT3
IRAK,0.09666666666666666,75,KRSA,0.05005213764337852,1,TKL,IRAK,IRAK,IRAK1
IRAK,0.09666666666666666,75,KRSA,0.05005213764337852,1,TKL,IRAK,IRAK,IRAK2
IRAK,0.09666666666666666,75,KRSA,0.05005213764337852,1,TKL,IRAK,IRAK,IRAK3
IRAK,0.09666666666666666,75,KRSA,0.05005213764337852,1,TKL,IRAK,IRAK,IRAK4
NDR,-0.33,59,KRSA,0.2502606882168926,2,AGC,NDR,NDR,LATS1
NDR,-0.33,59,KRSA,0.2502606882168926,2,AGC,NDR,NDR,LATS2
NDR,-0.33,59,KRSA,0.2502606882168926,2,AGC,NDR,NDR,STK38
NDR,-0.33,59,KRSA,0.2502606882168926,2,AGC,NDR,NDR,STK38L
MST,-0.23833333333333337,65,KRSA,0.17518248175182483,1,STE,STE20,MST,STK3
MST,-0.23833333333333337,65,KRSA,0.17518248175182483,1,STE,STE20,MST,STK4
JNK,-1.6616666666666666,4,KRSA,0.9509906152241918,4,CMGC,MAPK,JNK,MAPK10
JNK,-1.6616666666666666,4,KRSA,0.9509906152241918,4,CMGC,MAPK,JNK,MAPK8
JNK,-1.6616666666666666,4,KRSA,0.9509906152241918,4,CMGC,MAPK,JNK,MAPK9
CK1,-0.7516666666666667,32,KRSA,0.5881126173096975,3,CK1,CK1,CK1-A,CSNK1A1
CK1,-0.7516666666666667,32,KRSA,0.5881126173096975,3,CK1,CK1,CK1-A,CSNK1A1L
CK1,-0.7516666666666667,32,KRSA,0.5881126173096975,3,CK1,CK1,CK1-D,CSNK1D
CK1,-0.7516666666666667,32,KRSA,0.5881126173096975,3,CK1,CK1,CK1-D,CSNK1E
CK1,-0.7516666666666667,32,KRSA,0.5881126173096975,3,CK1,CK1,CK1-G,CSNK1G1
CK1,-0.7516666666666667,32,KRSA,0.5881126173096975,3,CK1,CK1,CK1-G,CSNK1G2
CK1,-0.7516666666666667,32,KRSA,0.5881126173096975,3,CK1,CK1,CK1-G,CSNK1G3
CK1,-0.7516666666666667,32,KRSA,0.5881126173096975,3,CK1,TTBK,TTBK,TTBK1
CK1,-0.7516666666666667,32,KRSA,0.5881126173096975,3,CK1,TTBK,TTBK,TTBK2
CK1,-0.7516666666666667,32,KRSA,0.5881126173096975,3,CK1,VRK,VRK,VRK3
ATM,-1.1483333333333334,15,KRSA,0.8133472367049009,4,ATYPICAL,PIKK,ATM,ATM
FRAY,-0.17,71,KRSA,0.10010427528675704,1,STE,STE20,FRAY,OXSR1
FRAY,-0.17,71,KRSA,0.10010427528675704,1,STE,STE20,FRAY,STK39
P38,-0.9691666666666666,22,KRSA,0.7132429614181439,3,CMGC,MAPK,P38,MAPK11
P38,-0.9691666666666666,22,KRSA,0.7132429614181439,3,CMGC,MAPK,P38,MAPK12
P38,-0.9691666666666666,22,KRSA,0.7132429614181439,3,CMGC,MAPK,P38,MAPK13
P38,-0.9691666666666666,22,KRSA,0.7132429614181439,3,CMGC,MAPK,P38,MAPK14
SGK,0.6041666666666666,43,KRSA,0.4504692387904067,2,AGC,SGK,SGK,SGK1
SGK,0.6041666666666666,43,KRSA,0.4504692387904067,2,AGC,SGK,SGK,SGK2
SGK,0.6041666666666666,43,KRSA,0.4504692387904067,2,AGC,SGK,SGK,SGK3
PKCI,1.0508333333333333,18,KRSA,0.7632950990615224,4,AGC,PKC,IOTA,PRKCI
PKCI,1.0508333333333333,18,KRSA,0.7632950990615224,4,AGC,PKC,IOTA,PRKCZ
RAD53,-0.07250000000000001,76,KRSA,0.03753910323253389,1,CAMK,RAD53,RAD53,CHEK2
PKA,1.0508333333333333,18,KRSA,0.7632950990615224,4,AGC,PKA,PKA,PRKACA
PKA,1.0508333333333333,18,KRSA,0.7632950990615224,4,AGC,PKA,PKA,PRKACB
PKA,1.0508333333333333,18,KRSA,0.7632950990615224,4,AGC,PKA,PKA,PRKACG
PKA,1.0508333333333333,18,KRSA,0.7632950990615224,4,AGC,PKA,PKA,PRKX
PKA,1.0508333333333333,18,KRSA,0.7632950990615224,4,AGC,PKA,PKA,PRKY
BARK2,0.17333333333333334,70,KRSA,0.11261730969760167,1,AGC,GRK,BARK,GRK3
MAPKAPK,0.9241666666666668,23,KRSA,0.7007299270072993,3,CAMK,MAPKAPK,MAPKAPK,MAPKAPK2
MAPKAPK,0.9241666666666668,23,KRSA,0.7007299270072993,3,CAMK,MAPKAPK,MAPKAPK,MAPKAPK3
MAPKAPK,0.9241666666666668,23,KRSA,0.7007299270072993,3,CAMK,MAPKAPK,MAPKAPK,MAPKAPK5
MAPKAPK,0.9241666666666668,23,KRSA,0.7007299270072993,3,CAMK,MAPKAPK,MNK,MKNK1
MAPKAPK,0.9241666666666668,23,KRSA,0.7007299270072993,3,CAMK,MAPKAPK,MNK,MKNK2
STE7,-1.0008333333333337,20,KRSA,0.7382690302398331,3,STE,STE7,MEK1,MAP2K1
STE7,-1.0008333333333337,20,KRSA,0.7382690302398331,3,STE,STE7,MEK1,MAP2K2
STE7,-1.0008333333333337,20,KRSA,0.7382690302398331,3,STE,STE7,MEK3,MAP2K3
STE7,-1.0008333333333337,20,KRSA,0.7382690302398331,3,STE,STE7,MEK4,MAP2K4
STE7,-1.0008333333333337,20,KRSA,0.7382690302398331,3,STE,STE7,MEK5,MAP2K5
STE7,-1.0008333333333337,20,KRSA,0.7382690302398331,3,STE,STE7,MEK3,MAP2K6
STE7,-1.0008333333333337,20,KRSA,0.7382690302398331,3,STE,STE7,MEK7,MAP2K7
PHK,0.1175,73,KRSA,0.07507820646506778,1,CAMK,PHK,PHK,PHKG1
PHK,0.1175,73,KRSA,0.07507820646506778,1,CAMK,PHK,PHK,PHKG2
MELK,0.475,50,KRSA,0.36287799791449427,2,CAMK,CAMKL,MELK,MELK
PKN,-0.6283333333333333,42,KRSA,0.4629822732012513,2,AGC,PKN,PKN,PKN1
PKN,-0.6283333333333333,42,KRSA,0.4629822732012513,2,AGC,PKN,PKN,PKN2
PKN,-0.6283333333333333,42,KRSA,0.4629822732012513,2,AGC,PKN,PKN,PKN3
NUAK,-0.6291666666666667,41,KRSA,0.4754953076120959,2,CAMK,CAMKL,NUAK,NUAK1
NUAK,-0.6291666666666667,41,KRSA,0.4754953076120959,2,CAMK,CAMKL,NUAK,NUAK2
TLK,-0.9975,21,KRSA,0.7257559958289885,3,OTHER,TLK,TLK,TLK1
TLK,-0.9975,21,KRSA,0.7257559958289885,3,OTHER,TLK,TLK,TLK2
HAL,-0.37833333333333335,54,KRSA,0.31282586027111575,2,RGC,RGC,RGC,NPR1
CAMK2,-0.30916666666666665,61,KRSA,0.22523461939520334,1,CAMK,CAMK2,CAMK2,CAMK2A
CAMK2,-0.30916666666666665,61,KRSA,0.22523461939520334,1,CAMK,CAMK2,CAMK2,CAMK2B
CAMK2,-0.30916666666666665,61,KRSA,0.22523461939520334,1,CAMK,CAMK2,CAMK2,CAMK2D
CAMK2,-0.30916666666666665,61,KRSA,0.22523461939520334,1,CAMK,CAMK2,CAMK2,CAMK2G
TTK,-0.6466666666666667,38,KRSA,0.5130344108446299,3,OTHER,TTK,TTK,TTK
STE11,-0.33916666666666667,57,KRSA,0.27528675703858185,2,TKL,MLK,TAK1,MAP3K7
STE11,-0.33916666666666667,57,KRSA,0.27528675703858185,2,STE,STE11,MEKK1,MAP3K1
STE11,-0.33916666666666667,57,KRSA,0.27528675703858185,2,STE,STE11,ASK,MAP3K15
STE11,-0.33916666666666667,57,KRSA,0.27528675703858185,2,STE,STE11,MEKK2,MAP3K2
STE11,-0.33916666666666667,57,KRSA,0.27528675703858185,2,STE,STE11,MEKK2,MAP3K3
STE11,-0.33916666666666667,57,KRSA,0.27528675703858185,2,STE,STE11,MEKK4,MAP3K4
STE11,-0.33916666666666667,57,KRSA,0.27528675703858185,2,STE,STE11,ASK,MAP3K5
STE11,-0.33916666666666667,57,KRSA,0.27528675703858185,2,STE,STE11,ASK,MAP3K6
PKG,1.1866666666666668,12,KRSA,0.8508863399374348,4,AGC,PKG,PKG,PRKG1
PKG,1.1866666666666668,12,KRSA,0.8508863399374348,4,AGC,PKG,PKG,PRKG2
CHK1,0.4016666666666666,53,KRSA,0.32533889468196037,2,CAMK,CAMKL,CHK1,CHEK1
RSK,0.5466666666666666,47,KRSA,0.40041710114702816,2,AGC,RSK,RSK,RPS6KA1
RSK,0.5466666666666666,47,KRSA,0.40041710114702816,2,AGC,RSK,RSK,RPS6KA2
RSK,0.5466666666666666,47,KRSA,0.40041710114702816,2,AGC,RSK,RSK,RPS6KA3
RSK,0.5466666666666666,47,KRSA,0.40041710114702816,2,AGC,RSK,MSK,RPS6KA4
RSK,0.5466666666666666,47,KRSA,0.40041710114702816,2,AGC,RSK,MSK,RPS6KA5
RSK,0.5466666666666666,47,KRSA,0.40041710114702816,2,AGC,RSK,RSK,RPS6KA6
RSK,0.5466666666666666,47,KRSA,0.40041710114702816,2,AGC,RSK,P70,RPS6KB1
RSK,0.5466666666666666,47,KRSA,0.40041710114702816,2,AGC,RSK,P70,RPS6KB2
DYRK,-1.3191666666666666,10,KRSA,0.8759124087591241,4,CMGC,DYRK,DYRK1,DYRK1A
DYRK,-1.3191666666666666,10,KRSA,0.8759124087591241,4,CMGC,DYRK,DYRK1,DYRK1B
DYRK,-1.3191666666666666,10,KRSA,0.8759124087591241,4,CMGC,DYRK,DYRK2,DYRK2
DYRK,-1.3191666666666666,10,KRSA,0.8759124087591241,4,CMGC,DYRK,DYRK2,DYRK3
DYRK,-1.3191666666666666,10,KRSA,0.8759124087591241,4,CMGC,DYRK,DYRK2,DYRK4
DYRK,-1.3191666666666666,10,KRSA,0.8759124087591241,4,CMGC,DYRK,HIPK,HIPK1
DYRK,-1.3191666666666666,10,KRSA,0.8759124087591241,4,CMGC,DYRK,HIPK,HIPK2
DYRK,-1.3191666666666666,10,KRSA,0.8759124087591241,4,CMGC,DYRK,HIPK,HIPK3
DYRK,-1.3191666666666666,10,KRSA,0.8759124087591241,4,CMGC,DYRK,HIPK,HIPK4
DYRK,-1.3191666666666666,10,KRSA,0.8759124087591241,4,CMGC,DYRK,PRP4,PRPF4B
KHS,-0.19,69,KRSA,0.1251303441084463,1,STE,STE20,KHS,MAP4K1
KHS,-0.19,69,KRSA,0.1251303441084463,1,STE,STE20,KHS,MAP4K2
KHS,-0.19,69,KRSA,0.1251303441084463,1,STE,STE20,KHS,MAP4K3
KHS,-0.19,69,KRSA,0.1251303441084463,1,STE,STE20,KHS,MAP4K5
IKK,-0.22666666666666668,66,KRSA,0.16266944734098018,1,OTHER,IKK,IKK,CHUK
IKK,-0.22666666666666668,66,KRSA,0.16266944734098018,1,OTHER,IKK,IKK,IKBKB
IKK,-0.22666666666666668,66,KRSA,0.16266944734098018,1,OTHER,IKK,IKK,IKBKE
IKK,-0.22666666666666668,66,KRSA,0.16266944734098018,1,OTHER,IKK,IKK,TBK1
ULK,-0.6866666666666666,36,KRSA,0.5380604796663191,3,OTHER,ULK,FUSED,STK36
ULK,-0.6866666666666666,36,KRSA,0.5380604796663191,3,OTHER,ULK,ULK,ULK1
ULK,-0.6866666666666666,36,KRSA,0.5380604796663191,3,OTHER,ULK,ULK,ULK2
ULK,-0.6866666666666666,36,KRSA,0.5380604796663191,3,OTHER,ULK,ULK,ULK3
ULK,-0.6866666666666666,36,KRSA,0.5380604796663191,3,OTHER,ULK,ULK,ULK4
PIM,0.5408333333333334,48,KRSA,0.38790406673618355,2,CAMK,PIM,PIM,PIM1
PIM,0.5408333333333334,48,KRSA,0.38790406673618355,2,CAMK,PIM,PIM,PIM2
PIM,0.5408333333333334,48,KRSA,0.38790406673618355,2,CAMK,PIM,PIM,PIM3
BUD32,-0.1991666666666667,67,KRSA,0.15015641293013557,1,OTHER,BUD32,BUD32,TP53RK
NIK,-0.6808333333333333,37,KRSA,0.5255474452554745,3,STE,STE-UNIQUE,STE-UNIQUE,MAP3K14
MOS,0.6975,34,KRSA,0.5630865484880083,3,OTHER,MOS,MOS,MOS
CLK,-0.6941666666666667,35,KRSA,0.5505735140771637,3,CMGC,CLK,CLK,CLK1
CLK,-0.6941666666666667,35,KRSA,0.5505735140771637,3,CMGC,CLK,CLK,CLK2
CLK,-0.6941666666666667,35,KRSA,0.5505735140771637,3,CMGC,CLK,CLK,CLK3
CLK,-0.6941666666666667,35,KRSA,0.5505735140771637,3,CMGC,CLK,CLK,CLK4
WNK,-0.3491666666666667,55,KRSA,0.30031282586027114,2,OTHER,WNK,WNK,WNK1
WNK,-0.3491666666666667,55,KRSA,0.30031282586027114,2,OTHER,WNK,WNK,WNK2
WNK,-0.3491666666666667,55,KRSA,0.30031282586027114,2,OTHER,WNK,WNK,WNK3
WNK,-0.3491666666666667,55,KRSA,0.30031282586027114,2,OTHER,WNK,WNK,WNK4
MTOR,0.04749999999999999,77,KRSA,0.02502606882168926,1,ATYPICAL,PIKK,FRAP,MTOR
BRSK,-0.01749999999999999,79,KRSA,0,1,CAMK,CAMKL,BRSK,BRSK1
BRSK,-0.01749999999999999,79,KRSA,0,1,CAMK,CAMKL,BRSK,BRSK2
CK2,-0.15583333333333335,72,KRSA,0.08759124087591241,1,CMGC,CK2,CK2,CSNK2A1
CK2,-0.15583333333333335,72,KRSA,0.08759124087591241,1,CMGC,CK2,CK2,CSNK2A2
CK2,-0.15583333333333335,72,KRSA,0.08759124087591241,1,NA,NA,NA,CSNK2A3
NEK,-0.7733333333333333,30,KRSA,0.6131386861313869,3,OTHER,NEK,NEK11,NEK11
NEK,-0.7733333333333333,30,KRSA,0.6131386861313869,3,OTHER,NEK,NEK2,NEK2
NEK,-0.7733333333333333,30,KRSA,0.6131386861313869,3,OTHER,NEK,NEK1,NEK3
NEK,-0.7733333333333333,30,KRSA,0.6131386861313869,3,OTHER,NEK,NEK4,NEK4
NEK,-0.7733333333333333,30,KRSA,0.6131386861313869,3,OTHER,NEK,NEK1,NEK5
NEK,-0.7733333333333333,30,KRSA,0.6131386861313869,3,OTHER,NEK,NEK6,NEK6
NEK,-0.7733333333333333,30,KRSA,0.6131386861313869,3,OTHER,NEK,NEK6,NEK7
NEK,-0.7733333333333333,30,KRSA,0.6131386861313869,3,OTHER,NEK,NEK8,NEK8
NEK,-0.7733333333333333,30,KRSA,0.6131386861313869,3,OTHER,NEK,NEK8,NEK9
PKCA,0.595,44,KRSA,0.43795620437956206,2,AGC,PKC,ALPHA,PRKCA
PKCA,0.595,44,KRSA,0.43795620437956206,2,AGC,PKC,ALPHA,PRKCB
PKCA,0.595,44,KRSA,0.43795620437956206,2,AGC,PKC,ALPHA,PRKCG
RIPK,1.205833333333333,11,KRSA,0.8633993743482794,4,TKL,RIPK,RIPK,ANKK1
RIPK,1.205833333333333,11,KRSA,0.8633993743482794,4,TKL,RIPK,RIPK,RIPK1
RIPK,1.205833333333333,11,KRSA,0.8633993743482794,4,TKL,RIPK,RIPK,RIPK2
RIPK,1.205833333333333,11,KRSA,0.8633993743482794,4,TKL,RIPK,RIPK,RIPK3
RIPK,1.205833333333333,11,KRSA,0.8633993743482794,4,TKL,RIPK,RIPK,RIPK4
MLCK,-0.25333333333333335,63,KRSA,0.20020855057351408,1,CAMK,MLCK,MLCK,MYLK
MLCK,-0.25333333333333335,63,KRSA,0.20020855057351408,1,CAMK,MLCK,MLCK,MYLK2
MLCK,-0.25333333333333335,63,KRSA,0.20020855057351408,1,CAMK,MLCK,MLCK,TTN
PKCH,-0.11666666666666668,74,KRSA,0.06256517205422316,1,AGC,PKC,ETA,PRKCE
PKCH,-0.11666666666666668,74,KRSA,0.06256517205422316,1,AGC,PKC,ETA,PRKCH
ATR,-0.7125,33,KRSA,0.5755995828988529,3,ATYPICAL,PIKK,ATR,ATR
AUR,1.153333333333333,14,KRSA,0.8258602711157456,4,OTHER,AUR,AUR,AURKA
AUR,1.153333333333333,14,KRSA,0.8258602711157456,4,OTHER,AUR,AUR,AURKB
AUR,1.153333333333333,14,KRSA,0.8258602711157456,4,OTHER,AUR,AUR,AURKC
LKB,-1.0883333333333334,17,KRSA,0.7883211678832117,4,CAMK,CAMKL,LKB,STK11
PLK,-1.1191666666666666,16,KRSA,0.8008342022940563,4,NA,NA,NA,PLK5
PLK,-1.1191666666666666,16,KRSA,0.8008342022940563,4,OTHER,PLK,PLK1,PLK1
PLK,-1.1191666666666666,16,KRSA,0.8008342022940563,4,OTHER,PLK,PLK2,PLK2
PLK,-1.1191666666666666,16,KRSA,0.8008342022940563,4,OTHER,PLK,PLK2,PLK3
PLK,-1.1191666666666666,16,KRSA,0.8008342022940563,4,OTHER,PLK,SAK,PLK4
QIK,-0.245,64,KRSA,0.18769551616266944,1,CAMK,CAMKL,QIK,SIK1
QIK,-0.245,64,KRSA,0.18769551616266944,1,CAMK,CAMKL,QIK,SIK2
PRKDC,-0.44916666666666666,51,KRSA,0.35036496350364965,2,ATYPICAL,PIKK,DNAPK,PRKDC
PASK,1.7358333333333331,3,KRSA,0.9635036496350365,4,CAMK,CAMKL,PASK,PASK
STKR,0.5691666666666666,46,KRSA,0.4129301355578728,2,TKL,STKR,TYPE1,ACVR1
STKR,0.5691666666666666,46,KRSA,0.4129301355578728,2,TKL,STKR,TYPE1,ACVR1B
STKR,0.5691666666666666,46,KRSA,0.4129301355578728,2,TKL,STKR,TYPE1,ACVR1C
STKR,0.5691666666666666,46,KRSA,0.4129301355578728,2,TKL,STKR,TYPE2,ACVR2A
STKR,0.5691666666666666,46,KRSA,0.4129301355578728,2,TKL,STKR,TYPE2,ACVR2B
STKR,0.5691666666666666,46,KRSA,0.4129301355578728,2,TKL,STKR,TYPE1,ACVRL1
STKR,0.5691666666666666,46,KRSA,0.4129301355578728,2,TKL,STKR,TYPE2,AMHR2
STKR,0.5691666666666666,46,KRSA,0.4129301355578728,2,TKL,STKR,TYPE1,BMPR1A
STKR,0.5691666666666666,46,KRSA,0.4129301355578728,2,TKL,STKR,TYPE1,BMPR1B
STKR,0.5691666666666666,46,KRSA,0.4129301355578728,2,TKL,STKR,TYPE2,BMPR2
STKR,0.5691666666666666,46,KRSA,0.4129301355578728,2,TKL,STKR,TYPE1,TGFBR1
STKR,0.5691666666666666,46,KRSA,0.4129301355578728,2,TKL,STKR,TYPE2,TGFBR2
TAO,0.6466666666666666,39,KRSA,0.5005213764337852,3,STE,STE20,TAO,TAOK1
TAO,0.6466666666666666,39,KRSA,0.5005213764337852,3,STE,STE20,TAO,TAOK2
TAO,0.6466666666666666,39,KRSA,0.5005213764337852,3,STE,STE20,TAO,TAOK3
SLK,0.8191666666666666,27,KRSA,0.6506777893639207,3,STE,STE20,SLK,SLK
SLK,0.8191666666666666,27,KRSA,0.6506777893639207,3,STE,STE20,SLK,STK10
CAMKK,0.8091666666666666,28,KRSA,0.6381647549530761,3,OTHER,CAMKK,META,CAMKK1
CAMKK,0.8091666666666666,28,KRSA,0.6381647549530761,3,OTHER,CAMKK,META,CAMKK2
MSN,1.3541666666666667,9,KRSA,0.8884254431699687,4,STE,STE20,MSN,MAP4K4
MSN,1.3541666666666667,9,KRSA,0.8884254431699687,4,STE,STE20,MSN,NRK
MSN,1.3541666666666667,9,KRSA,0.8884254431699687,4,STE,STE20,MSN,TNIK
PKCD,0.8833333333333333,24,KRSA,0.6882168925964547,3,AGC,PKC,DELTA,PRKCD
PKCD,0.8833333333333333,24,KRSA,0.6882168925964547,3,AGC,PKC,DELTA,PRKCQ
DAPK,1.0308333333333333,19,KRSA,0.7507820646506778,4,CAMK,DAPK,DAPK,DAPK1
DAPK,1.0308333333333333,19,KRSA,0.7507820646506778,4,CAMK,DAPK,DAPK,DAPK2
DAPK,1.0308333333333333,19,KRSA,0.7507820646506778,4,CAMK,DAPK,DAPK,DAPK3
DAPK,1.0308333333333333,19,KRSA,0.7507820646506778,4,CAMK,DAPK,DRAK,STK17A
DAPK,1.0308333333333333,19,KRSA,0.7507820646506778,4,CAMK,DAPK,DRAK,STK17B
MAPKAPK,0.9241666666666668,23,KRSA,0.7007299270072993,3,CAMK,MAPKAPK,MAPKAPK,MAPKAPK2
MAPKAPK,0.9241666666666668,23,KRSA,0.7007299270072993,3,CAMK,MAPKAPK,MAPKAPK,MAPKAPK3
MAPKAPK,0.9241666666666668,23,KRSA,0.7007299270072993,3,CAMK,MAPKAPK,MAPKAPK,MAPKAPK5
MAPKAPK,0.9241666666666668,23,KRSA,0.7007299270072993,3,CAMK,MAPKAPK,MNK,MKNK1
MAPKAPK,0.9241666666666668,23,KRSA,0.7007299270072993,3,CAMK,MAPKAPK,MNK,MKNK2
VRK1,-0.19166666666666665,68,KRSA,0.13764337851929093,1,CK1,VRK,VRK,VRK1
MELK,0.475,50,KRSA,0.36287799791449427,2,CAMK,CAMKL,MELK,MELK
NAK,-0.2816666666666667,62,KRSA,0.2127215849843587,1,OTHER,NAK,BIKE,AAK1
NAK,-0.2816666666666667,62,KRSA,0.2127215849843587,1,OTHER,NAK,BIKE,BMP2K
NAK,-0.2816666666666667,62,KRSA,0.2127215849843587,1,OTHER,NAK,GAK,GAK
NAK,-0.2816666666666667,62,KRSA,0.2127215849843587,1,OTHER,NAK,MPSK,STK16
AMPK,0.49333333333333335,49,KRSA,0.3753910323253389,2,CAMK,CAMKL,AMPK,PRKAA1
AMPK,0.49333333333333335,49,KRSA,0.3753910323253389,2,CAMK,CAMKL,AMPK,PRKAA2
MLK,0.3325,58,KRSA,0.26277372262773724,2,TKL,MLK,ILK,ILK
MLK,0.3325,58,KRSA,0.26277372262773724,2,TKL,MLK,MLK,MAP3K10
MLK,0.3325,58,KRSA,0.26277372262773724,2,TKL,MLK,MLK,MAP3K11
MLK,0.3325,58,KRSA,0.26277372262773724,2,TKL,MLK,LZK,MAP3K12
MLK,0.3325,58,KRSA,0.26277372262773724,2,TKL,MLK,LZK,MAP3K13
MLK,0.3325,58,KRSA,0.26277372262773724,2,TKL,MLK,MLK,MAP3K9
MLK,0.3325,58,KRSA,0.26277372262773724,2,TKL,MLK,HH498,TNNI3K
PKG,1.1866666666666668,12,KRSA,0.8508863399374348,4,AGC,PKG,PKG,PRKG1
PKG,1.1866666666666668,12,KRSA,0.8508863399374348,4,AGC,PKG,PKG,PRKG2
MST,-0.23833333333333337,65,KRSA,0.17518248175182483,1,STE,STE20,MST,STK3
MST,-0.23833333333333337,65,KRSA,0.17518248175182483,1,STE,STE20,MST,STK4
GRK,0.5691666666666667,45,KRSA,0.4254431699687174,2,AGC,GRK,GRK,GRK1
GRK,0.5691666666666667,45,KRSA,0.4254431699687174,2,AGC,GRK,GRK,GRK4
GRK,0.5691666666666667,45,KRSA,0.4254431699687174,2,AGC,GRK,GRK,GRK5
GRK,0.5691666666666667,45,KRSA,0.4254431699687174,2,AGC,GRK,GRK,GRK6
GRK,0.5691666666666667,45,KRSA,0.4254431699687174,2,AGC,GRK,GRK,GRK7
MTOR,0.04749999999999999,77,KRSA,0.02502606882168926,1,ATYPICAL,PIKK,FRAP,MTOR
SGK,0.6041666666666666,43,KRSA,0.4504692387904067,2,AGC,SGK,SGK,SGK1
SGK,0.6041666666666666,43,KRSA,0.4504692387904067,2,AGC,SGK,SGK,SGK2
SGK,0.6041666666666666,43,KRSA,0.4504692387904067,2,AGC,SGK,SGK,SGK3
PAKA,-0.7925,29,KRSA,0.6256517205422315,3,STE,STE20,PAKA,PAK1
PAKA,-0.7925,29,KRSA,0.6256517205422315,3,STE,STE20,PAKA,PAK2
PAKA,-0.7925,29,KRSA,0.6256517205422315,3,STE,STE20,PAKA,PAK3
PKCH,-0.11666666666666668,74,KRSA,0.06256517205422316,1,AGC,PKC,ETA,PRKCE
PKCH,-0.11666666666666668,74,KRSA,0.06256517205422316,1,AGC,PKC,ETA,PRKCH
CAMK1,1.3616666666666666,8,KRSA,0.9009384775808134,4,CAMK,CAMK1,CAMK1,CAMK1
CAMK1,1.3616666666666666,8,KRSA,0.9009384775808134,4,CAMK,CAMK1,CAMK1,CAMK1D
CAMK1,1.3616666666666666,8,KRSA,0.9009384775808134,4,CAMK,CAMK1,CAMK1,CAMK1G
CAMK1,1.3616666666666666,8,KRSA,0.9009384775808134,4,CAMK,CAMK1,CAMK1,CAMK4
CAMK1,1.3616666666666666,8,KRSA,0.9009384775808134,4,CAMK,CAMK1,CAMK1,PNCK
IRAK,0.09666666666666666,75,KRSA,0.05005213764337852,1,TKL,IRAK,IRAK,IRAK1
IRAK,0.09666666666666666,75,KRSA,0.05005213764337852,1,TKL,IRAK,IRAK,IRAK2
IRAK,0.09666666666666666,75,KRSA,0.05005213764337852,1,TKL,IRAK,IRAK,IRAK3
IRAK,0.09666666666666666,75,KRSA,0.05005213764337852,1,TKL,IRAK,IRAK,IRAK4
DMPK,0.635,40,KRSA,0.4880083420229406,2,AGC,DMPK,GEK,CDC42BPA
DMPK,0.635,40,KRSA,0.4880083420229406,2,AGC,DMPK,GEK,CDC42BPB
DMPK,0.635,40,KRSA,0.4880083420229406,2,AGC,DMPK,GEK,CDC42BPG
DMPK,0.635,40,KRSA,0.4880083420229406,2,AGC,DMPK,CRIK,CIT
DMPK,0.635,40,KRSA,0.4880083420229406,2,AGC,DMPK,GEK,DMPK
DMPK,0.635,40,KRSA,0.4880083420229406,2,AGC,DMPK,ROCK,ROCK1
DMPK,0.635,40,KRSA,0.4880083420229406,2,AGC,DMPK,ROCK,ROCK2
NMO,-1.9175,2,KRSA,0.9760166840458812,4,CMGC,MAPK,NMO,NLK
RAF,-1.1858333333333333,13,KRSA,0.8383733055265902,4,TKL,RAF,RAF,ARAF
RAF,-1.1858333333333333,13,KRSA,0.8383733055265902,4,TKL,RAF,RAF,BRAF
RAF,-1.1858333333333333,13,KRSA,0.8383733055265902,4,TKL,RAF,KSR,KSR1
RAF,-1.1858333333333333,13,KRSA,0.8383733055265902,4,TKL,RAF,KSR,KSR2
RAF,-1.1858333333333333,13,KRSA,0.8383733055265902,4,TKL,RAF,RAF,RAF1
IKK,-0.22666666666666668,66,KRSA,0.16266944734098018,1,OTHER,IKK,IKK,CHUK
IKK,-0.22666666666666668,66,KRSA,0.16266944734098018,1,OTHER,IKK,IKK,IKBKB
IKK,-0.22666666666666668,66,KRSA,0.16266944734098018,1,OTHER,IKK,IKK,IKBKE
IKK,-0.22666666666666668,66,KRSA,0.16266944734098018,1,OTHER,IKK,IKK,TBK1
GSK,-0.8275,26,KRSA,0.6631908237747653,3,CMGC,GSK,GSK,GSK3A
GSK,-0.8275,26,KRSA,0.6631908237747653,3,CMGC,GSK,GSK,GSK3B
CDK,-1.3658333333333332,7,KRSA,0.913451511991658,4,CMGC,CDK,CDC2,CDK1
CDK,-1.3658333333333332,7,KRSA,0.913451511991658,4,CMGC,CDK,CDK10,CDK10
CDK,-1.3658333333333332,7,KRSA,0.913451511991658,4,CMGC,CDK,CRK7,CDK12
CDK,-1.3658333333333332,7,KRSA,0.913451511991658,4,CMGC,CDK,CRK7,CDK13
CDK,-1.3658333333333332,7,KRSA,0.913451511991658,4,CMGC,CDK,PFTAIRE,CDK14
CDK,-1.3658333333333332,7,KRSA,0.913451511991658,4,CMGC,CDK,PFTAIRE,CDK15
CDK,-1.3658333333333332,7,KRSA,0.913451511991658,4,CMGC,CDK,PCTAIRE,CDK16
CDK,-1.3658333333333332,7,KRSA,0.913451511991658,4,CMGC,CDK,PCTAIRE,CDK17
CDK,-1.3658333333333332,7,KRSA,0.913451511991658,4,CMGC,CDK,PCTAIRE,CDK18
CDK,-1.3658333333333332,7,KRSA,0.913451511991658,4,CMGC,CDK,CDK8,CDK19
CDK,-1.3658333333333332,7,KRSA,0.913451511991658,4,CMGC,CDK,CDC2,CDK2
CDK,-1.3658333333333332,7,KRSA,0.913451511991658,4,CMGC,CDK,CCRK,CDK20
CDK,-1.3658333333333332,7,KRSA,0.913451511991658,4,CMGC,CDK,CDC2,CDK3
CDK,-1.3658333333333332,7,KRSA,0.913451511991658,4,CMGC,CDK,CDK4,CDK4
CDK,-1.3658333333333332,7,KRSA,0.913451511991658,4,CMGC,CDK,CDK5,CDK5
CDK,-1.3658333333333332,7,KRSA,0.913451511991658,4,CMGC,CDK,CDK4,CDK6
CDK,-1.3658333333333332,7,KRSA,0.913451511991658,4,CMGC,CDK,CDK7,CDK7
CDK,-1.3658333333333332,7,KRSA,0.913451511991658,4,CMGC,CDK,CDK8,CDK8
CDK,-1.3658333333333332,7,KRSA,0.913451511991658,4,CMGC,CDK,CDK9,CDK9
CDK,-1.3658333333333332,7,KRSA,0.913451511991658,4,NA,NA,NA,CDK11A
CDK,-1.3658333333333332,7,KRSA,0.913451511991658,4,NA,NA,NA,CDK11B
PHK,0.1175,73,KRSA,0.07507820646506778,1,CAMK,PHK,PHK,PHKG1
PHK,0.1175,73,KRSA,0.07507820646506778,1,CAMK,PHK,PHK,PHKG2
RAD53,-0.07250000000000001,76,KRSA,0.03753910323253389,1,CAMK,RAD53,RAD53,CHEK2
PKCA,0.595,44,KRSA,0.43795620437956206,2,AGC,PKC,ALPHA,PRKCA
PKCA,0.595,44,KRSA,0.43795620437956206,2,AGC,PKC,ALPHA,PRKCB
PKCA,0.595,44,KRSA,0.43795620437956206,2,AGC,PKC,ALPHA,PRKCG
FRAY,-0.17,71,KRSA,0.10010427528675704,1,STE,STE20,FRAY,OXSR1
FRAY,-0.17,71,KRSA,0.10010427528675704,1,STE,STE20,FRAY,STK39
PDHK,-0.86,25,KRSA,0.67570385818561,3,ATYPICAL,PDHK,BCKDK,BCKDK
PDHK,-0.86,25,KRSA,0.67570385818561,3,ATYPICAL,PDHK,PDHK,PDK2
PDHK,-0.86,25,KRSA,0.67570385818561,3,ATYPICAL,PDHK,PDHK,PDK3
PDHK,-0.86,25,KRSA,0.67570385818561,3,ATYPICAL,PDHK,PDHK,PDK4
LKB,-1.0883333333333334,17,KRSA,0.7883211678832117,4,CAMK,CAMKL,LKB,STK11
PKCI,1.0508333333333333,18,KRSA,0.7632950990615224,4,AGC,PKC,IOTA,PRKCI
PKCI,1.0508333333333333,18,KRSA,0.7632950990615224,4,AGC,PKC,IOTA,PRKCZ
PKD,0.345,56,KRSA,0.28779979144942647,2,CAMK,PKD,PKD,PRKD1
PKD,0.345,56,KRSA,0.28779979144942647,2,CAMK,PKD,PKD,PRKD2
PKD,0.345,56,KRSA,0.28779979144942647,2,CAMK,PKD,PKD,PRKD3
PKA,1.0508333333333333,18,KRSA,0.7632950990615224,4,AGC,PKA,PKA,PRKACA
PKA,1.0508333333333333,18,KRSA,0.7632950990615224,4,AGC,PKA,PKA,PRKACB
PKA,1.0508333333333333,18,KRSA,0.7632950990615224,4,AGC,PKA,PKA,PRKACG
PKA,1.0508333333333333,18,KRSA,0.7632950990615224,4,AGC,PKA,PKA,PRKX
PKA,1.0508333333333333,18,KRSA,0.7632950990615224,4,AGC,PKA,PKA,PRKY
PEK,-1.505,6,KRSA,0.9259645464025026,4,OTHER,PEK,HRI,EIF2AK1
PEK,-1.505,6,KRSA,0.9259645464025026,4,OTHER,PEK,PKR,EIF2AK2
PEK,-1.505,6,KRSA,0.9259645464025026,4,OTHER,PEK,PEK,EIF2AK3
PEK,-1.505,6,KRSA,0.9259645464025026,4,OTHER,PEK,GCN2,EIF2AK4
QIK,-0.245,64,KRSA,0.18769551616266944,1,CAMK,CAMKL,QIK,SIK1
QIK,-0.245,64,KRSA,0.18769551616266944,1,CAMK,CAMKL,QIK,SIK2
NDR,-0.33,59,KRSA,0.2502606882168926,2,AGC,NDR,NDR,LATS1
NDR,-0.33,59,KRSA,0.2502606882168926,2,AGC,NDR,NDR,LATS2
NDR,-0.33,59,KRSA,0.2502606882168926,2,AGC,NDR,NDR,STK38
NDR,-0.33,59,KRSA,0.2502606882168926,2,AGC,NDR,NDR,STK38L
ERK,-2.3158333333333334,1,KRSA,0.9885297184567258,4,CMGC,MAPK,ERK1,MAPK1
ERK,-2.3158333333333334,1,KRSA,0.9885297184567258,4,CMGC,MAPK,ERK7,MAPK15
ERK,-2.3158333333333334,1,KRSA,0.9885297184567258,4,CMGC,MAPK,ERK1,MAPK3
ERK,-2.3158333333333334,1,KRSA,0.9885297184567258,4,CMGC,MAPK,ERK3,MAPK4
ERK,-2.3158333333333334,1,KRSA,0.9885297184567258,4,CMGC,MAPK,ERK3,MAPK6
ERK,-2.3158333333333334,1,KRSA,0.9885297184567258,4,CMGC,MAPK,ERK5,MAPK7
COT,0.4116666666666667,52,KRSA,0.337851929092805,2,STE,STE-UNIQUE,STE-UNIQUE,MAP3K8
ATM,-1.1483333333333334,15,KRSA,0.8133472367049009,4,ATYPICAL,PIKK,ATM,ATM
PRKDC,-0.44916666666666666,51,KRSA,0.35036496350364965,2,ATYPICAL,PIKK,DNAPK,PRKDC
MLCK,-0.25333333333333335,63,KRSA,0.20020855057351408,1,CAMK,MLCK,MLCK,MYLK
MLCK,-0.25333333333333335,63,KRSA,0.20020855057351408,1,CAMK,MLCK,MLCK,MYLK2
MLCK,-0.25333333333333335,63,KRSA,0.20020855057351408,1,CAMK,MLCK,MLCK,TTN
CHK1,0.4016666666666666,53,KRSA,0.32533889468196037,2,CAMK,CAMKL,CHK1,CHEK1
BARK2,0.17333333333333334,70,KRSA,0.11261730969760167,1,AGC,GRK,BARK,GRK3
NEK,-0.7733333333333333,30,KRSA,0.6131386861313869,3,OTHER,NEK,NEK11,NEK11
NEK,-0.7733333333333333,30,KRSA,0.6131386861313869,3,OTHER,NEK,NEK2,NEK2
NEK,-0.7733333333333333,30,KRSA,0.6131386861313869,3,OTHER,NEK,NEK1,NEK3
NEK,-0.7733333333333333,30,KRSA,0.6131386861313869,3,OTHER,NEK,NEK4,NEK4
NEK,-0.7733333333333333,30,KRSA,0.6131386861313869,3,OTHER,NEK,NEK1,NEK5
NEK,-0.7733333333333333,30,KRSA,0.6131386861313869,3,OTHER,NEK,NEK6,NEK6
NEK,-0.7733333333333333,30,KRSA,0.6131386861313869,3,OTHER,NEK,NEK6,NEK7
NEK,-0.7733333333333333,30,KRSA,0.6131386861313869,3,OTHER,NEK,NEK8,NEK8
NEK,-0.7733333333333333,30,KRSA,0.6131386861313869,3,OTHER,NEK,NEK8,NEK9
RIPK,1.205833333333333,11,KRSA,0.8633993743482794,4,TKL,RIPK,RIPK,ANKK1
RIPK,1.205833333333333,11,KRSA,0.8633993743482794,4,TKL,RIPK,RIPK,RIPK1
RIPK,1.205833333333333,11,KRSA,0.8633993743482794,4,TKL,RIPK,RIPK,RIPK2
RIPK,1.205833333333333,11,KRSA,0.8633993743482794,4,TKL,RIPK,RIPK,RIPK3
RIPK,1.205833333333333,11,KRSA,0.8633993743482794,4,TKL,RIPK,RIPK,RIPK4
HAL,-0.37833333333333335,54,KRSA,0.31282586027111575,2,RGC,RGC,RGC,NPR1
TLK,-0.9975,21,KRSA,0.7257559958289885,3,OTHER,TLK,TLK,TLK1
TLK,-0.9975,21,KRSA,0.7257559958289885,3,OTHER,TLK,TLK,TLK2
PKN,-0.6283333333333333,42,KRSA,0.4629822732012513,2,AGC,PKN,PKN,PKN1
PKN,-0.6283333333333333,42,KRSA,0.4629822732012513,2,AGC,PKN,PKN,PKN2
PKN,-0.6283333333333333,42,KRSA,0.4629822732012513,2,AGC,PKN,PKN,PKN3
NUAK,-0.6291666666666667,41,KRSA,0.4754953076120959,2,CAMK,CAMKL,NUAK,NUAK1
NUAK,-0.6291666666666667,41,KRSA,0.4754953076120959,2,CAMK,CAMKL,NUAK,NUAK2
RSK,0.5466666666666666,47,KRSA,0.40041710114702816,2,AGC,RSK,RSK,RPS6KA1
RSK,0.5466666666666666,47,KRSA,0.40041710114702816,2,AGC,RSK,RSK,RPS6KA2
RSK,0.5466666666666666,47,KRSA,0.40041710114702816,2,AGC,RSK,RSK,RPS6KA3
RSK,0.5466666666666666,47,KRSA,0.40041710114702816,2,AGC,RSK,MSK,RPS6KA4
RSK,0.5466666666666666,47,KRSA,0.40041710114702816,2,AGC,RSK,MSK,RPS6KA5
RSK,0.5466666666666666,47,KRSA,0.40041710114702816,2,AGC,RSK,RSK,RPS6KA6
RSK,0.5466666666666666,47,KRSA,0.40041710114702816,2,AGC,RSK,P70,RPS6KB1
RSK,0.5466666666666666,47,KRSA,0.40041710114702816,2,AGC,RSK,P70,RPS6KB2
TTK,-0.6466666666666667,38,KRSA,0.5130344108446299,3,OTHER,TTK,TTK,TTK
PAKB,0.01916666666666668,78,KRSA,0.01251303441084463,1,STE,STE20,PAKB,PAK4
PAKB,0.01916666666666668,78,KRSA,0.01251303441084463,1,STE,STE20,PAKB,PAK5
PAKB,0.01916666666666668,78,KRSA,0.01251303441084463,1,STE,STE20,PAKB,PAK6
AKT,0.7558333333333334,31,KRSA,0.6006256517205423,3,AGC,AKT,AKT,AKT1
AKT,0.7558333333333334,31,KRSA,0.6006256517205423,3,AGC,AKT,AKT,AKT2
AKT,0.7558333333333334,31,KRSA,0.6006256517205423,3,AGC,AKT,AKT,AKT3
CK1,-0.7516666666666667,32,KRSA,0.5881126173096975,3,CK1,CK1,CK1-A,CSNK1A1
CK1,-0.7516666666666667,32,KRSA,0.5881126173096975,3,CK1,CK1,CK1-A,CSNK1A1L
CK1,-0.7516666666666667,32,KRSA,0.5881126173096975,3,CK1,CK1,CK1-D,CSNK1D
CK1,-0.7516666666666667,32,KRSA,0.5881126173096975,3,CK1,CK1,CK1-D,CSNK1E
CK1,-0.7516666666666667,32,KRSA,0.5881126173096975,3,CK1,CK1,CK1-G,CSNK1G1
CK1,-0.7516666666666667,32,KRSA,0.5881126173096975,3,CK1,CK1,CK1-G,CSNK1G2
CK1,-0.7516666666666667,32,KRSA,0.5881126173096975,3,CK1,CK1,CK1-G,CSNK1G3
CK1,-0.7516666666666667,32,KRSA,0.5881126173096975,3,CK1,TTBK,TTBK,TTBK1
CK1,-0.7516666666666667,32,KRSA,0.5881126173096975,3,CK1,TTBK,TTBK,TTBK2
CK1,-0.7516666666666667,32,KRSA,0.5881126173096975,3,CK1,VRK,VRK,VRK3
PDK1,-1.63,5,KRSA,0.9384775808133472,4,ATYPICAL,PDHK,PDHK,PDK1
PDK1,-1.63,5,KRSA,0.9384775808133472,4,AGC,PDK1,PDK1,PDPK1
BUD32,-0.1991666666666667,67,KRSA,0.15015641293013557,1,OTHER,BUD32,BUD32,TP53RK
KHS,-0.19,69,KRSA,0.1251303441084463,1,STE,STE20,KHS,MAP4K1
KHS,-0.19,69,KRSA,0.1251303441084463,1,STE,STE20,KHS,MAP4K2
KHS,-0.19,69,KRSA,0.1251303441084463,1,STE,STE20,KHS,MAP4K3
KHS,-0.19,69,KRSA,0.1251303441084463,1,STE,STE20,KHS,MAP4K5
BRSK,-0.01749999999999999,79,KRSA,0,1,CAMK,CAMKL,BRSK,BRSK1
BRSK,-0.01749999999999999,79,KRSA,0,1,CAMK,CAMKL,BRSK,BRSK2
WNK,-0.3491666666666667,55,KRSA,0.30031282586027114,2,OTHER,WNK,WNK,WNK1
WNK,-0.3491666666666667,55,KRSA,0.30031282586027114,2,OTHER,WNK,WNK,WNK2
WNK,-0.3491666666666667,55,KRSA,0.30031282586027114,2,OTHER,WNK,WNK,WNK3
WNK,-0.3491666666666667,55,KRSA,0.30031282586027114,2,OTHER,WNK,WNK,WNK4
CLK,-0.6941666666666667,35,KRSA,0.5505735140771637,3,CMGC,CLK,CLK,CLK1
CLK,-0.6941666666666667,35,KRSA,0.5505735140771637,3,CMGC,CLK,CLK,CLK2
CLK,-0.6941666666666667,35,KRSA,0.5505735140771637,3,CMGC,CLK,CLK,CLK3
CLK,-0.6941666666666667,35,KRSA,0.5505735140771637,3,CMGC,CLK,CLK,CLK4
NIK,-0.6808333333333333,37,KRSA,0.5255474452554745,3,STE,STE-UNIQUE,STE-UNIQUE,MAP3K14
ATR,-0.7125,33,KRSA,0.5755995828988529,3,ATYPICAL,PIKK,ATR,ATR
ULK,-0.6866666666666666,36,KRSA,0.5380604796663191,3,OTHER,ULK,FUSED,STK36
ULK,-0.6866666666666666,36,KRSA,0.5380604796663191,3,OTHER,ULK,ULK,ULK1
ULK,-0.6866666666666666,36,KRSA,0.5380604796663191,3,OTHER,ULK,ULK,ULK2
ULK,-0.6866666666666666,36,KRSA,0.5380604796663191,3,OTHER,ULK,ULK,ULK3
ULK,-0.6866666666666666,36,KRSA,0.5380604796663191,3,OTHER,ULK,ULK,ULK4
MOS,0.6975,34,KRSA,0.5630865484880083,3,OTHER,MOS,MOS,MOS
PIM,0.5408333333333334,48,KRSA,0.38790406673618355,2,CAMK,PIM,PIM,PIM1
PIM,0.5408333333333334,48,KRSA,0.38790406673618355,2,CAMK,PIM,PIM,PIM2
PIM,0.5408333333333334,48,KRSA,0.38790406673618355,2,CAMK,PIM,PIM,PIM3
STE7,-1.0008333333333337,20,KRSA,0.7382690302398331,3,STE,STE7,MEK1,MAP2K1
STE7,-1.0008333333333337,20,KRSA,0.7382690302398331,3,STE,STE7,MEK1,MAP2K2
STE7,-1.0008333333333337,20,KRSA,0.7382690302398331,3,STE,STE7,MEK3,MAP2K3
STE7,-1.0008333333333337,20,KRSA,0.7382690302398331,3,STE,STE7,MEK4,MAP2K4
STE7,-1.0008333333333337,20,KRSA,0.7382690302398331,3,STE,STE7,MEK5,MAP2K5
STE7,-1.0008333333333337,20,KRSA,0.7382690302398331,3,STE,STE7,MEK3,MAP2K6
STE7,-1.0008333333333337,20,KRSA,0.7382690302398331,3,STE,STE7,MEK7,MAP2K7
P38,-0.9691666666666666,22,KRSA,0.7132429614181439,3,CMGC,MAPK,P38,MAPK11
P38,-0.9691666666666666,22,KRSA,0.7132429614181439,3,CMGC,MAPK,P38,MAPK12
P38,-0.9691666666666666,22,KRSA,0.7132429614181439,3,CMGC,MAPK,P38,MAPK13
P38,-0.9691666666666666,22,KRSA,0.7132429614181439,3,CMGC,MAPK,P38,MAPK14
CK2,-0.15583333333333335,72,KRSA,0.08759124087591241,1,CMGC,CK2,CK2,CSNK2A1
CK2,-0.15583333333333335,72,KRSA,0.08759124087591241,1,CMGC,CK2,CK2,CSNK2A2
CK2,-0.15583333333333335,72,KRSA,0.08759124087591241,1,NA,NA,NA,CSNK2A3
CAMK2,-0.30916666666666665,61,KRSA,0.22523461939520334,1,CAMK,CAMK2,CAMK2,CAMK2A
CAMK2,-0.30916666666666665,61,KRSA,0.22523461939520334,1,CAMK,CAMK2,CAMK2,CAMK2B
CAMK2,-0.30916666666666665,61,KRSA,0.22523461939520334,1,CAMK,CAMK2,CAMK2,CAMK2D
CAMK2,-0.30916666666666665,61,KRSA,0.22523461939520334,1,CAMK,CAMK2,CAMK2,CAMK2G
AUR,1.153333333333333,14,KRSA,0.8258602711157456,4,OTHER,AUR,AUR,AURKA
AUR,1.153333333333333,14,KRSA,0.8258602711157456,4,OTHER,AUR,AUR,AURKB
AUR,1.153333333333333,14,KRSA,0.8258602711157456,4,OTHER,AUR,AUR,AURKC
DYRK,-1.3191666666666666,10,KRSA,0.8759124087591241,4,CMGC,DYRK,DYRK1,DYRK1A
DYRK,-1.3191666666666666,10,KRSA,0.8759124087591241,4,CMGC,DYRK,DYRK1,DYRK1B
DYRK,-1.3191666666666666,10,KRSA,0.8759124087591241,4,CMGC,DYRK,DYRK2,DYRK2
DYRK,-1.3191666666666666,10,KRSA,0.8759124087591241,4,CMGC,DYRK,DYRK2,DYRK3
DYRK,-1.3191666666666666,10,KRSA,0.8759124087591241,4,CMGC,DYRK,DYRK2,DYRK4
DYRK,-1.3191666666666666,10,KRSA,0.8759124087591241,4,CMGC,DYRK,HIPK,HIPK1
DYRK,-1.3191666666666666,10,KRSA,0.8759124087591241,4,CMGC,DYRK,HIPK,HIPK2
DYRK,-1.3191666666666666,10,KRSA,0.8759124087591241,4,CMGC,DYRK,HIPK,HIPK3
DYRK,-1.3191666666666666,10,KRSA,0.8759124087591241,4,CMGC,DYRK,HIPK,HIPK4
DYRK,-1.3191666666666666,10,KRSA,0.8759124087591241,4,CMGC,DYRK,PRP4,PRPF4B
JNK,-1.6616666666666666,4,KRSA,0.9509906152241918,4,CMGC,MAPK,JNK,MAPK10
JNK,-1.6616666666666666,4,KRSA,0.9509906152241918,4,CMGC,MAPK,JNK,MAPK8
JNK,-1.6616666666666666,4,KRSA,0.9509906152241918,4,CMGC,MAPK,JNK,MAPK9
PLK,-1.1191666666666666,16,KRSA,0.8008342022940563,4,NA,NA,NA,PLK5
PLK,-1.1191666666666666,16,KRSA,0.8008342022940563,4,OTHER,PLK,PLK1,PLK1
PLK,-1.1191666666666666,16,KRSA,0.8008342022940563,4,OTHER,PLK,PLK2,PLK2
PLK,-1.1191666666666666,16,KRSA,0.8008342022940563,4,OTHER,PLK,PLK2,PLK3
PLK,-1.1191666666666666,16,KRSA,0.8008342022940563,4,OTHER,PLK,SAK,PLK4
STE11,-0.33916666666666667,57,KRSA,0.27528675703858185,2,TKL,MLK,TAK1,MAP3K7
STE11,-0.33916666666666667,57,KRSA,0.27528675703858185,2,STE,STE11,MEKK1,MAP3K1
STE11,-0.33916666666666667,57,KRSA,0.27528675703858185,2,STE,STE11,ASK,MAP3K15
STE11,-0.33916666666666667,57,KRSA,0.27528675703858185,2,STE,STE11,MEKK2,MAP3K2
STE11,-0.33916666666666667,57,KRSA,0.27528675703858185,2,STE,STE11,MEKK2,MAP3K3
STE11,-0.33916666666666667,57,KRSA,0.27528675703858185,2,STE,STE11,MEKK4,MAP3K4
STE11,-0.33916666666666667,57,KRSA,0.27528675703858185,2,STE,STE11,ASK,MAP3K5
STE11,-0.33916666666666667,57,KRSA,0.27528675703858185,2,STE,STE11,ASK,MAP3K6
