"Symbol","logFC","PValue"
"RAB17",2.98328316650204,3.9989529607228e-17
"RANBP3L",6.8389485170069,3.09682609727763e-16
"MCM5",-2.16136979792735,4.97930501959557e-16
"PDE4D",2.74479353860311,1.09571748551927e-15
"UHRF1",-2.37156170417359,1.22147796929806e-15
"FAXDC2",3.52398896343182,1.54404389610134e-15
"FAM111B",-2.89236537038012,2.11479112978392e-15
"MCM10",-2.4234075962235,2.66767741439137e-15
"HS3ST3A1",3.43256352729526,3.84588898625077e-15
"CDC6",-2.1521456187633,6.67825785416051e-15
"GLP2R",3.07358063118611,9.32303504049256e-15
"CHAF1A",-1.84054728271792,9.86904052238253e-15
"DRAM1",2.16538763743783,1.07292209181333e-14
"DTL",-2.33841787295024,1.33789133143886e-14
"MCM4",-1.97943407003544,1.72648019093595e-14
"SLC38A11",1.97217095746522,1.97163758081389e-14
"ENSG00000290450",2.55054194905618,2.51149401169854e-14
"PSMC3IP",-2.23200140965726,2.53864367596628e-14
"HAGLR",1.96935020404722,3.13246297414086e-14
"ENSG00000184414",3.48751998678518,3.96915049839699e-14
"TCF19",-2.09185040976654,4.51426843976915e-14
"RORA",1.97656730043158,4.57624641118346e-14
"BCL6",1.72159942050553,4.82754408332501e-14
"SGK1",2.70487208447196,4.9001163618344e-14
"HDAC5",1.76753924992329,5.53231977031046e-14
"CDK2",-1.85715305675627,6.38053541827961e-14
"MTHFD1",-1.61899705054336,6.38859150524967e-14
"PNPLA6",1.8915983478079,6.92478326141586e-14
"ENSG00000298543",2.49437801944807,6.93360942164413e-14
"SLC5A3",2.82830308555733,7.2287801558463e-14
"UNG",-1.56799704671386,8.10791105772082e-14
"ODAM",2.92804216826949,8.50864193057536e-14
"GINS2",-2.29701192519337,8.5399642354246e-14
"C19orf48P",-1.88605215716464,9.7728929299951e-14
"MCM6",-2.02065097260089,1.3506389576824e-13
"PCNA",-1.78506176643778,1.39648630361053e-13
"NDEL1",1.58301696731667,1.4537521948382e-13
"CDC25A",-1.66608230536606,1.49847235397132e-13
"JMJD4",-2.11087862494135,1.58592339592594e-13
"AIFM2",-1.66266641070606,1.77794174122308e-13
"CHAF1B",-2.20642322643535,1.96752999519379e-13
"RFC5",-1.96491970046936,2.26039283407345e-13
"ENSG00000289886",3.87615695562031,2.36078012609394e-13
"LAD1",-1.68108832597519,2.40506284506838e-13
"FOXN2",1.78331846518087,2.42209256636988e-13
"HOXD1",3.5292130747849,2.54151295518174e-13
"ENSG00000279117",3.63285884653094,2.55545519714778e-13
"POP5",-1.6892959784785,2.62244192769579e-13
"FRY",2.86750876708162,2.62549202747322e-13
"EXO1",-2.08980783812529,2.67554869345041e-13
"WDHD1",-1.82889557196329,2.91944258541644e-13
"RNASEH2A",-1.89067475681524,3.14649015808977e-13
"POLA1",-1.61497709353872,3.22249720044347e-13
"CEACAM16-AS1",3.22900506592811,3.26764998483631e-13
"PLCXD1",1.62773418063661,3.64921210615483e-13
"MCM7",-1.58287035974585,4.26956455328623e-13
"RFWD3",-1.27998231817514,4.84140095592158e-13
"SETBP1",1.98802716547855,4.89894774594388e-13
"XRCC3",-2.09429474141826,4.90069227575463e-13
"GINS4",-2.13135327500765,4.92116112628001e-13
"CLSPN",-1.70025631574642,5.12220888286273e-13
"DDX3Y",1.58421352993289,5.4738942204179e-13
"GINS1",-1.89834854728941,5.55482571881067e-13
"ALDH18A1",1.73658048449701,5.96068775334605e-13
"ADH4",-2.86479531929004,5.99087587693975e-13
"E2F8",-2.80184218884108,6.28038537141174e-13
"IL1R1",1.86282129315489,6.28824769852399e-13
"RRM1",-1.63645051279635,6.4552418570938e-13
"MCM2",-1.61435665458379,6.49180021486422e-13
"FRZB",4.09892374058833,6.75504927456498e-13
"YIPF2",1.4484661343642,6.94177948619867e-13
"RRM2",-1.70692874151119,7.12291735002045e-13
"ENSG00000295447",2.99474505785145,7.37098512783883e-13
"E2F2",-1.71690162934701,7.8796312988981e-13
"AKR1C1",1.47469931796569,8.24117496099713e-13
"TTR",2.21391972829154,8.74009403715225e-13
"GRAMD1A",2.70809843549291,8.8854961845592e-13
"ZWINT",-1.91878163130943,8.89481365297292e-13
"ERV3-1",1.5389657998568,9.96070624125825e-13
"UTRN",1.7873693474049,1.07821340123957e-12
"SLCO4A1-AS1",4.26824161102906,1.10798862076195e-12
"LPIN2",1.94604192088198,1.11599401062816e-12
"CDC45",-2.51769867429935,1.12439191598945e-12
"FNIP2",1.89560690784467,1.12721639325186e-12
"SLC25A10",-1.69920640573466,1.16770108878525e-12
"IPO4",-1.43106787065351,1.1846470356775e-12
"KLHL24",2.87288381872108,1.19973059776561e-12
"KLHDC2",1.60986753576567,1.3313230748005e-12
"TP53INP1",2.51446257026908,1.3762845853703e-12
"CCNG2",1.98640158337322,1.41516008796418e-12
"ZFHX3-AS1",-2.1511796962932,1.42232486523697e-12
"ENSG00000214719",1.94474691465516,1.43795934675872e-12
"RAD51",-1.7097605036506,1.52975559552718e-12
"FEN1",-1.70309318380471,1.57317308880968e-12
"TINAGL1",1.87519050374913,1.59836271737389e-12
"DDC",-1.38028595186775,1.60737592588489e-12
"TGFBR3",2.4335921216649,1.63097308529326e-12
"EEF2KMT",-1.80331914310505,1.64468863086318e-12
"SLC6A14",2.36699151439071,1.67939769865421e-12
"CDCA7",-2.0363078006802,1.70369030139307e-12
"CENPX",-1.63882876650854,1.74750310873982e-12
"LINC00668",1.63520284050508,1.89292190264773e-12
"RSRP1",1.51582966154375,1.97914774874968e-12
"LOC105375517",3.27604072885339,2.0624275761856e-12
"ENSG00000236283",1.94219094395567,2.11444352121573e-12
"MMD",2.21366541261941,2.24003563277183e-12
"MSH6",-1.21033907791233,2.34534552760326e-12
"LPAR6",2.04628304751316,2.36265323044258e-12
"MYBL2",-1.70366488843688,2.43932086939493e-12
"GREB1",1.27858194694804,2.52232302670501e-12
"BRCA1",-2.09332892425878,2.56449451383183e-12
"ORC1",-2.12962146380252,2.66168941616964e-12
"ZBTB38",1.64483448183334,2.74111020944157e-12
"KDM7A",1.73351609111337,2.77529098622678e-12
"CENPB",-1.3272415922682,2.82976693396641e-12
"ORC3",-1.41540714948992,2.85207322225592e-12
"CDK4",-1.54066690435588,2.93017448637812e-12
"PPP6R2",1.39787330050189,2.94096785915519e-12
"FSBP",2.50515519520219,2.9758611154732e-12
"INSIG2",1.86038968947823,2.97970937701834e-12
"PLOD2",1.53065632613143,3.03464890631037e-12
"MSH2",-1.40459002339101,3.25613293903234e-12
"SLC22A23",1.40135103264924,3.65830387752124e-12
"WDR76",-1.90410412859306,3.71377354062616e-12
"SORT1",1.28372899389397,3.76691162363053e-12
"MYLK4",3.17788144319179,3.89194332655395e-12
"CCNE2",-2.26004634660125,3.90296923270216e-12
"RANBP1",-1.29818909750629,4.03058331955833e-12
"ENSG00000290729",2.70489009690176,4.10272869637177e-12
"DSCC1",-2.11240288897979,4.10436238619417e-12
"TMEM181",1.54086546647877,4.4663917721385e-12
"CCHCR1",-1.53183382729452,4.71155593929847e-12
"PPARGC1A",1.89667753219894,4.90513517702325e-12
"FAH",-1.22642741307126,4.92339638735147e-12
"AGFG2",1.3107710437532,5.03650994157057e-12
"MKLN1",1.26701194322739,5.18794495365908e-12
"SLBP",-1.35756728333103,5.26005695917718e-12
"ARHGEF25",1.39351981471183,5.42194754474783e-12
"HELLS",-1.65286870461596,5.60017435876165e-12
"BLM",-1.95296516837801,5.60599697032129e-12
"CDT1",-1.6755288578339,5.61155539282495e-12
"ODC1",-1.69738586302622,5.69389252953877e-12
"TTC39C",-1.47355527017486,5.80072463445237e-12
"PCLAF",-1.8234128373851,5.87145512002004e-12
"FCGBP",1.92663669203342,6.01036962265428e-12
"SNRNP25",-1.40166105320244,6.01871406938727e-12
"SMIM1",-1.58191883732225,6.03748570043698e-12
"PLEKHB1",1.79662238448951,6.12053453898739e-12
"MXD4",1.42925298979428,6.29501276183236e-12
"CISD3",-1.50038565859126,6.57688342487612e-12
"CDCA4",-1.4455341888089,6.69401146585075e-12
"PGP",-1.30237096331965,6.70438525982454e-12
"TMT1B",-1.33092042492477,6.71962490957186e-12
"MANEAL",-1.31769408228779,6.86377156154527e-12
"FBF1",-2.29848299243741,7.07279767944372e-12
"CCDC186",1.54018678693993,7.20809273641028e-12
"COQ8A",1.36243771288242,7.43998714944934e-12
"BTG1",1.51508898743888,7.46180747986072e-12
"SCN9A",1.56314698538291,8.02139925798977e-12
"ENSG00000289517",3.6953705315646,8.52140147010612e-12
"ABHD11",-2.42689038277586,8.55451015761353e-12
"FLAD1",-1.71124678879367,8.5784289052812e-12
"AMPD2",1.43985798715311,8.59429153110383e-12
"ZSWIM5",1.55880198859214,8.66515971032991e-12
"SIGMAR1",-1.24053437253562,8.77380435363566e-12
"MELK",-1.27683806239705,8.91448286509995e-12
"PIWIL2",3.73408263805368,8.99532090189579e-12
"PDGFRB",3.36972579590757,9.21855763219555e-12
"SAA4",-1.98025281663021,9.29456808461371e-12
"CENPK",-1.5290844057975,9.3868541843414e-12
"CRELD2",-1.31145714200032,9.49195783321034e-12
"DHFR",-1.28951388585642,9.6140315877389e-12
"LOC105376292",3.10461917214166,9.63242697695032e-12
"ENSG00000260772",1.225488979964,9.6391011987578e-12
"CALCOCO1",2.12562088982632,1.01493036208754e-11
"LRRCC1",-1.8610332795074,1.05973838862281e-11
"LOC101927745",1.94471213199312,1.07370306965895e-11
"POLR2G",-1.49528714689681,1.07435318726771e-11
"WWC2",1.24586398893518,1.08421816282114e-11
"PAQR8",1.79964992669989,1.10056206586747e-11
"DYNC2I2",-1.98474425229414,1.15819275622918e-11
"ONECUT2",1.21025289437019,1.18127683298501e-11
"TEDC2",-2.06094274108693,1.1961396457896e-11
"KLHL14",1.76225860109959,1.22491725958737e-11
"PLPPR1",2.45102845757859,1.24966038832098e-11
"PKMYT1",-1.78845134316003,1.25497549166456e-11
"FZD4",1.61158621160033,1.30187192384149e-11
"RHOJ",2.62206255729233,1.30455528520452e-11
"CYP1A1",3.73925135820749,1.30533366518479e-11
"MGAT5",1.592396636742,1.32640133256544e-11
"WIPI1",2.43505951941959,1.38527274101695e-11
"PRIM1",-1.37774922159408,1.40248989302053e-11
"MCM3",-1.25832758812863,1.42648037031279e-11
"RTN2",1.94793309715072,1.46382481831399e-11
"PYCR3",-2.26963282544641,1.48049106536324e-11
"ENSG00000229017",2.35364018035777,1.48688074083626e-11
"PASK",-1.64433693181447,1.51235544834621e-11
"FOXO4",2.40066114973487,1.52835438305849e-11
"HAT1",-1.45131743932319,1.56737957497714e-11
"HID1",2.10226641585658,1.58509451929055e-11
"FARSB",-1.2965755035729,1.58950616461101e-11
"PPM1H",1.23675464846791,1.62607657438557e-11
"TRMT6",-1.27403618371518,1.62779039754905e-11
"IFRD2",-1.20839782039047,1.69512851598173e-11
"CYREN",-1.20841878163406,1.72256919704329e-11
"NUP85",-1.28818905766766,1.76334731014018e-11
"PAQR6",2.98814547078591,1.77611522752954e-11
"PPM1K",1.35278994396374,1.84505610431366e-11
"ST3GAL6",1.22974601330016,1.88393424516626e-11
"PTCHD4",1.54511673927147,1.93016098057054e-11
"KDM5B",1.16085479736487,2.03231925930027e-11
"HMGN2",-1.22240457289448,2.07955159747131e-11
"TOE1",-1.42448550623463,2.13056355710437e-11
"CENPU",-1.56890615560063,2.19750148282034e-11
"CYP2J2",1.22679655316761,2.20926616491461e-11
"LGALS8",2.15162211320751,2.21084676428607e-11
"SLC39A13",1.19753869651897,2.22841163116259e-11
"PTTG1",1.34505338605037,2.2526908897978e-11
"ASF1B",-1.78709938922481,2.28028535057759e-11
"ZNF704",1.2935383755306,2.34893864672775e-11
"NPIPB15",1.5624118103403,2.3490622316133e-11
"LMNB1",-1.23554589208499,2.36623041546535e-11
"NR2C2AP",-1.59545771338974,2.39188502984841e-11
"GINS3",-1.86937780747295,2.39752809299818e-11
"FOXQ1",-1.80175702656716,2.42391220551627e-11
"MYBBP1A",-1.07046011498769,2.44620497670892e-11
"CREBRF",1.59119165233034,2.50527215951429e-11
"ENSG00000224063",2.75000366134198,2.52876109859535e-11
"LINC01089",1.21904169090808,2.6090969947661e-11
"NPC1",1.54221530256103,2.67067102863946e-11
"FAM120AOS",-1.16896452236,2.76035587628431e-11
"RNF24",1.78415831004149,2.80268656010075e-11
"P2RY11",1.70923289527962,2.88147179863313e-11
"CHEK1",-1.06212071335696,2.9706993955185e-11
"RFC2",-1.46065280967881,3.00425849390508e-11
"PFN2",-1.04398022072163,3.11458614689969e-11
"RAD51AP1",-1.37375481759788,3.16793794588746e-11
"ENSG00000253666",4.46930256700232,3.17192600652995e-11
"ACAD9",-1.43501444014431,3.30082859102071e-11
"RPL22L1",-1.94708045224714,3.36526995453797e-11
"TMEM263",1.08377603678925,3.49124693236595e-11
"PGF",1.60435084300642,3.56426007434179e-11
"CEACAM1",1.62914432314239,3.5894757612839e-11
"ENSG00000308072",4.0701700548952,3.62558545697172e-11
"GSTA2",-3.6923469211468,3.67817517405835e-11
"TBC1D4",1.30078455193282,3.68136999602403e-11
"ZBTB44",1.00049426024314,3.7188088486715e-11
"WEE1",-1.22879368054601,3.76069533636398e-11
"TIMM8B",-1.28446121371128,3.85684466476573e-11
"RRP9",-1.21437654669716,3.888030753948e-11
"GPD1",-1.91306394076885,3.93761522331027e-11
"YPEL2",1.91839655895935,4.00492847717705e-11
"PLEKHA6",-0.990017224091271,4.04713199871866e-11
"MAP3K8",1.39040054087925,4.08172909408428e-11
"RICTOR",1.17435295231016,4.12147123583574e-11
"VPS37D",1.61935565788997,4.14071204740581e-11
"DCTPP1",-1.59230048423004,4.14841711093688e-11
"CLIP2",1.8276086236776,4.30965988210629e-11
"SLC43A2",2.20232992158798,4.4384768550144e-11
"MAP3K3",0.959519436655895,4.45856668259154e-11
"APEX1",-1.1947708115411,4.51283660205301e-11
"PTPRH",1.68325978291608,4.53482678340274e-11
"REPS2",1.84258256250315,4.56535230979607e-11
"RFC3",-1.03382128577047,4.59193943558941e-11
"FAM169A",1.28403709941893,4.59430067658873e-11
"LPIN1",1.2407041967392,4.63735037961993e-11
"ARRB1",1.73983220926359,4.65270076291868e-11
"NR4A1",2.2493773802369,4.69260275883182e-11
"PDXDC2P-NPIPB14P",1.2847325226315,4.80727625404415e-11
"SLC2A1",2.30386123993689,4.98301117526642e-11
"ZNF652",0.994452311176354,4.99728305688873e-11
"TTC39B",2.26191215541254,5.09209473703873e-11
"GSDMB",2.76286831695065,5.10155386588933e-11
"DAB2IP",1.01422124950619,5.12355650170095e-11
"RB1CC1",1.37340646682209,5.1729966588877e-11
"FUOM",-1.61328525253342,5.21747387063519e-11
"CCNE1",-1.46451844941331,5.27783531125886e-11
"MRPS6",1.37044797158469,5.29803130511407e-11
"ACD",-1.29121871576393,5.59063478520878e-11
"ADISSP",-1.08927334392939,5.77198637613374e-11
"TMC8",2.87106299359532,5.7858023183114e-11
"FCHO2",1.22814022551784,5.83070485050195e-11
"LIMA1",1.48308841550132,6.10484186652853e-11
"PEX10",-1.29214266733882,6.11431561894019e-11
"ANKRD12",1.35597114840211,6.14391705313606e-11
"RPA1",-1.22140356858569,6.20721774428894e-11
"PER1",1.44495849705902,6.25247873531112e-11
"CASP8AP2",-1.30174197470622,6.28330324414951e-11
"AJM1",1.20263540316093,6.28585263148112e-11
"ANGPTL1",3.61711712478736,6.29100450517841e-11
"TTI1",-1.11345773265819,6.39007946019993e-11
"AOC2",1.88990384936001,6.43091354414064e-11
"PCK2",-1.27130880919369,6.4491565396423e-11
"INPPL1",1.1330932315305,6.58724236639453e-11
"CYP3A7",2.73220368722226,6.59231848803333e-11
"HAUS2",-1.27070536070842,6.59976158849836e-11
"PRIM2",-1.17211247430374,6.89035036196018e-11
"COMMD4",-1.0674480665704,6.96654267099578e-11
"TACC1",1.952750598061,6.99423563669563e-11
"BBC3",1.55016959923825,7.01874829455305e-11
"PCMTD1",1.0837206164301,7.0349576780085e-11
"NDRG2",1.2269032420173,7.20636686444312e-11
"RBBP8",-1.41437438240574,7.30807461898228e-11
"GOLGA2",1.1057406314222,7.38209270342775e-11
"ENSG00000267002",2.10759521514262,7.4388417697204e-11
"CHD2",1.12239268175196,7.84172518617515e-11
"GEMIN5",-1.01768777290568,7.85959445725694e-11
"WDR73",-1.04078381972372,7.88348194551966e-11
"ENSG00000274979",1.5435906121555,7.94636168120351e-11
"ZNF320",2.33309278595243,7.97563325770086e-11
"POLD3",-1.76111878640804,7.98456109652723e-11
"CCDC17",1.60315652074701,8.02356768350348e-11
"YPEL3",2.7174494834384,8.08354155771074e-11
"TCOF1",-0.952296626676891,8.12981215554976e-11
"FN3KRP",-1.14294091889138,8.15534392243027e-11
"KRTAP5-10",4.98090046117385,8.16840674921375e-11
"MGST1",-1.47604537557469,8.18210003737937e-11
"ADH6",-1.40832038389744,8.28984671032358e-11
"LANCL1",-0.982895027006451,8.56677584828907e-11
"ENSG00000261829",2.77395027376707,8.60810790473022e-11
"ALKBH2",-1.50535661052489,8.63325810456374e-11
"NFATC3",0.892789886278777,8.63763906504219e-11
"AOX1",-1.64078893167121,8.72326829559831e-11
"KIF5A",3.03006946159317,8.82553206157543e-11
"ATOSA",1.43905927854806,8.91650883706454e-11
"PAQR4",-1.57867986763604,9.05868136320226e-11
"HEPACAM",1.79860812694163,9.06059963908825e-11
"POLA2",-1.75822710751646,9.089164880035e-11
"H2AC6",1.71955797625326,9.1988008481799e-11
"DPYSL2",1.49782825744309,9.21562139058646e-11
"ATAD3A",-0.931544735940788,9.32113081382419e-11
"FAM181A",3.53746218692038,9.48369692660881e-11
"SV2A",1.54005755285463,9.734545428033e-11
"FANCE",-1.60238938605309,9.7501592545411e-11
"HIPK2",0.95849495533098,9.79145936620714e-11
"WFS1",1.2448023215316,9.97601181228947e-11
"FANCG",-1.75476692294216,1.0048724946465e-10
"AHNAK",1.24095104784188,1.00573644403841e-10
"AEBP1",3.11327130124305,1.01404415539993e-10
"RAB43",1.85041618298586,1.02043451426409e-10
"MIR3142HG",2.25690608163819,1.02075358433553e-10
"TFDP1",-1.06500590856948,1.02957774658916e-10
"SHMT1",-1.01839528153916,1.03876408518877e-10
"CHST12",1.165037503989,1.05059485753303e-10
"LINC01482",4.95418818118749,1.06178629333969e-10
"IRF2BP2",1.00143675903955,1.06599453258255e-10
"ENPP1",2.11017327569143,1.06768796410851e-10
"AKR7A2",-1.02835328708736,1.07130401328205e-10
"SLC38A2",2.05554425819595,1.08190542195392e-10
"UBE2T",-1.4039836632988,1.09211598128575e-10
"TMEM177",-1.49497346622786,1.10873642190059e-10
"NAAA",-1.28204260353759,1.10963495746657e-10
"CCT8P1",1.99217583569322,1.10976936344225e-10
"PLEKHA1",0.979735076219751,1.12808039887629e-10
"IMPDH2",-0.949186056399177,1.13233228758588e-10
"OTX1",1.1334351800962,1.13377280962343e-10
"THBS1",-2.65401197601985,1.14025923389273e-10
"RFT1",-1.25553790615626,1.15634185357403e-10
"MAF1",1.60031306220508,1.1655454490087e-10
"WDFY2",1.32721227044717,1.17029614138655e-10
"TTL",-1.20812607018704,1.17449109088318e-10
"TMEM219",0.837338672891096,1.19098638077011e-10
"ORMDL3",1.44950274996463,1.20035628724436e-10
"MOCOS",-1.31500101967132,1.20277902918585e-10
"GTPBP3",-1.12152510094083,1.21248224178873e-10
"BLVRB",-1.2887559253635,1.21604327685657e-10
"TIMM8A",-2.03133348095567,1.2251184644215e-10
"GPRC5C",1.15456632766732,1.24523681906063e-10
"SKA3",-1.15693722576787,1.27025792827323e-10
"XRN1",1.44124316754653,1.2726629258957e-10
"REEP6",-1.06200418891456,1.27413080924053e-10
"USP1",-1.0961014881487,1.28242064211681e-10
"TYMS",-1.14922384882215,1.31685790192712e-10
"FIRRM",-1.69183747859117,1.32649435601489e-10
"NIT2",-1.16607998487143,1.33087607564897e-10
"GSTCD",-1.27812100202033,1.33778782606919e-10
"MCM8",-1.11043638486971,1.33819287132299e-10
"ADGRF3",2.2817962565943,1.33967619391787e-10
"WWTR1",1.20495059625753,1.34260220162657e-10
"FIGNL1",-1.67462568936803,1.36526247796609e-10
"F13B",-2.12494776232793,1.36686997030402e-10
"PLAG1",1.1743597924851,1.36733087808289e-10
"HIVEP2",1.60769901065786,1.42498182217884e-10
"SDSL",-2.26848675507178,1.43576198841485e-10
"IMPA1",0.907597292520097,1.48513368740653e-10
"TAPT1",1.14819166415101,1.51755345147734e-10
"NUP155",-1.08239903762331,1.55088719997863e-10
"THAP7",-1.18870783596219,1.56632974467649e-10
"TK1",-1.2574897522819,1.58128968719832e-10
"MNS1",-2.15230738310762,1.58416498025108e-10
"TSC22D4",1.61315636176787,1.58508493603375e-10
"HGH1",-1.1696074188688,1.58618563047765e-10
"APEX2",-1.40730061377019,1.58941564893378e-10
"CYP3A43",2.99734475654399,1.59371364005085e-10
"CDCA5",-1.24854929303102,1.6000968559253e-10
"DHODH",-1.40065908125615,1.61510595325552e-10
"PRPF4",-0.984149986102557,1.64541571188183e-10
"GAS8",-1.02429132554051,1.66352365573534e-10
"CIP2A",-1.17862074859003,1.6688410352589e-10
"ENSG00000289368",2.6276742137417,1.66902842634471e-10
"MRM2",-1.1082487183099,1.70115122668766e-10
"FST",2.87545286867366,1.70141917368864e-10
"POLR1G",-1.58796194675572,1.70481095632359e-10
"CHLSN",-0.943058931829768,1.72928474102851e-10
"NIP7",-1.08166466968298,1.73146165428502e-10
"SYT8",2.0509910930656,1.74432534805588e-10
"RAD51D",-1.27236347962787,1.76090866674582e-10
"PRMT6",-1.4073919110268,1.77738988153785e-10
"CARD9",-2.14056600336534,1.77885577501991e-10
"ENSG00000253361",3.25769472693287,1.79618828184853e-10
"ARID4B",0.989512611457651,1.80725854279918e-10
"TSEN2",-1.30782399369261,1.81297702572509e-10
"ABCC6P2",-1.31303508990623,1.81485414064917e-10
"ACY1",-1.04025281904353,1.83578466870259e-10
"TIMM10",-1.62745743765745,1.84768980673719e-10
"MRPL20",-1.12348437353043,1.85863864497053e-10
"MKLN1-AS",2.04500100719522,1.86101271205544e-10
"PNPLA2",1.03465650857671,1.90645907055588e-10
"XRCC2",-1.48404619400013,1.90687557993057e-10
"UBXN11",-2.06942337185633,1.9080855822533e-10
"POLE3",-1.10759448772951,1.91649879545919e-10
"HSD17B7",1.14763981616729,1.93454877513455e-10
"SLC25A11",-1.18204144074972,1.976566868418e-10
"IFT20",1.42580459492801,1.99138646471909e-10
"DCLRE1B",-1.49592095483368,1.99437460579664e-10
"TLE3",1.32338099118306,2.01805573357927e-10
"HSD17B7P2",1.33719834965101,2.01964891557961e-10
"E2F7",-1.9261520442482,2.02986942240678e-10
"PDCD4",0.989599369197446,2.06276304667376e-10
"SUPT16H",-0.929706295007264,2.06794286818066e-10
"TMEM140",1.60761072282189,2.09706748991548e-10
"POU5F1",1.6634898736315,2.11892133437628e-10
"WARS1",-1.45715809934821,2.12227030385438e-10
"ENSG00000260563",1.59936120017303,2.1284554933927e-10
"RABGEF1",1.10122734548172,2.12893901427795e-10
"CCNG1",0.965293216731397,2.13376093970146e-10
"ERO1B",1.59664300908233,2.14494928742256e-10
"HEY1",2.36062250921165,2.16979502960927e-10
"SEC14L1",1.0557066760356,2.17601009561679e-10
"PBXIP1",1.14014124001117,2.18964807755977e-10
"RBL1",-1.40812665009616,2.19160912166636e-10
"COG6",1.2169933927735,2.22967459683975e-10
"THTPA",-1.89245936026847,2.29119426691005e-10
"FAM86B1",-2.57544382778547,2.30150516253355e-10
"TGFA",1.37654757283603,2.30582873534725e-10
"ENSG00000268858",-1.23333077747266,2.30624602715842e-10
"AOC3",1.0068519388176,2.32780848621484e-10
"ACSS2",1.31228641780391,2.35554403935097e-10
"SPOCK2",1.53812059578141,2.39008865869357e-10
"N4BP2L1",1.10463425500737,2.44188558736585e-10
"PRR13",-1.13316296280153,2.47816575878736e-10
"SPDL1",-1.07482337140091,2.50040547883459e-10
"STARD13",1.29717235176993,2.50915850161574e-10
"SLC39A7",1.18562787114861,2.51493148163457e-10
"ABCC3",-2.17941391287201,2.5753128691362e-10
"P3H1",1.06708664454091,2.59682699024421e-10
"SOX6",1.56762089701137,2.60001137576045e-10
"PIK3CD",1.04771360900076,2.62754544460619e-10
"PROM1",1.07444513307001,2.64640691757261e-10
"GCSH",-0.948751085900883,2.72491939372959e-10
"FAM229A",1.4708817733272,2.75952804856971e-10
"COPA",0.913777108099402,2.80811489188273e-10
"CPEB4",1.56114717444797,2.84192319824849e-10
"SLC26A3",3.21194754711265,2.8754496883303e-10
"NBR1",1.72130629223543,2.87879925577164e-10
"PLEKHG1",1.80911382008065,2.89412958533843e-10
"TBC1D17",0.990191855339234,2.89477406595877e-10
"WDR26",0.897165208064422,2.93480211537e-10
"DCLRE1A",-1.1026991512634,2.96167206362174e-10
"RNF122",1.35973872113928,2.97627494069609e-10
"TTPAL",-0.912130617855798,3.01654411191299e-10
"FKBP10",0.995179186376369,3.03143994477305e-10
"LINC-PINT",1.30454237965283,3.04963486965929e-10
"FKBP14",1.08345884625134,3.09180699872689e-10
"E2F3",-0.971015109790595,3.161047470473e-10
"BCS1L",-1.13950538821243,3.17677316639796e-10
"BRWD3",0.982483281212693,3.19198197799055e-10
"ZNF292",1.05246514542542,3.1959238513095e-10
"TRIM38",1.08991397704517,3.21037747732037e-10
"CYTH2",1.05154842089494,3.23342407526863e-10
"ZNF43",-1.38762033140828,3.3809651253658e-10
"RARG",3.00855557845844,3.43371560518901e-10
"NELFE",-1.07382413188728,3.45441849445134e-10
"EGFR",0.934844969744258,3.45642538377081e-10
"CASD1",0.887782715145359,3.51884571142255e-10
"WDR37",0.962717112853757,3.5585019453008e-10
"CNOT8",1.11775987410104,3.6177676529731e-10
"STOML2",-0.874528170297382,3.64821312788225e-10
"MAPKAPK2",0.98151181842291,3.65303077378513e-10
"EXOSC3",-1.23515381757392,3.6997760228153e-10
"ENSG00000287001",-2.51753383465293,3.72424583714997e-10
"ENSG00000230882",2.17553730122171,3.76403977011942e-10
"IGF1R",0.961468318602804,3.78727398297881e-10
"GPR119",2.44806141088936,3.8055698461598e-10
"FAM86B3P",-1.99450973138907,3.81503469719334e-10
"TP53I3",-1.27048501196105,3.85697552242724e-10
"ENSG00000228643",4.0482712638471,3.87513987472178e-10
"WHR1",1.01843353871319,3.88531608080906e-10
"SLC1A7",2.82450620658356,3.91503678721918e-10
"FAM8A1",0.77378681076824,3.94468912117298e-10
"UBE2H",1.23275989323995,3.9856157486156e-10
"WDR4",-1.17553461833546,4.03983905600234e-10
"ASAP1",-0.992861247130126,4.05506766548116e-10
"IL32",-1.48426151165736,4.05556611946184e-10
"ASMER1",1.72565951111412,4.12822667910067e-10
"HTRA2",-1.0955978903439,4.15037109710544e-10
"PGAP2",-0.990672741777252,4.1872525418634e-10
"SULT1E1",1.2582692364425,4.24846588028998e-10
"OPTN",1.87019562266065,4.26554135481367e-10
"ABCF2",-1.01086773701512,4.30592432838281e-10
"NCAPG2",-1.15081846572807,4.33644403436624e-10
"POGLUT3",-1.35154958289875,4.34063824420951e-10
"MINDY2",0.891100147940767,4.39103005536057e-10
"FBXO5",-1.19048279518502,4.4390713661829e-10
"PIKFYVE",0.992107376000568,4.45621988850893e-10
"VRK1",-1.15517837141776,4.5615415794706e-10
"STK33",-1.63096006665701,4.61239121858323e-10
"G6PC1",2.77948513078376,4.7201169613231e-10
"CSE1L",-0.932025200074735,4.72861557010318e-10
"ENSG00000273066",1.75734860223576,4.73811184350884e-10
"STK26",1.07978710060481,4.74683915168868e-10
"TIPIN",-1.75022395815835,4.78736975889993e-10
"MAML2",1.58864983162456,4.80997872370477e-10
"ENSG00000280254",2.62097315869978,4.82112817934332e-10
"TOB1",0.958925819998349,4.84202931237396e-10
"SLC2A8",-1.7550631565614,4.86736345156559e-10
"MATN3",3.45054416784825,4.87520182817953e-10
"CARD6",2.08074071811894,4.90641643498159e-10
"RETREG3",0.998668443783489,4.92176038243894e-10
"ENSG00000290792",1.39252598465952,4.97663252785242e-10
"TNS1",3.60015274350957,5.04321912752261e-10
"DEPP1",4.5223656750563,5.07515640739716e-10
"PALB2",-0.828859737964675,5.13868396243351e-10
"TAX1BP3",-1.32201344431778,5.20732277733678e-10
"HSF4",1.42185562468644,5.21622666827975e-10
"FMR1",1.08176907558955,5.22647394696614e-10
"KDM3A",0.932333579338675,5.24358846975915e-10
"PPP2R2C",3.08707081341671,5.24973932104546e-10
"ITPKA",-0.927137511032254,5.25719517861652e-10
"HMGCS2",2.24460665094054,5.34915213045884e-10
"PNRC1",1.59222170046262,5.3555589694392e-10
"REX1BD",-1.33410275040763,5.35676928156341e-10
"DUT",-1.12621388467107,5.38443282755577e-10
"ENSG00000291186",-1.57103845934417,5.41477231587449e-10
"MIPEP",-1.56464166135296,5.44747268788253e-10
"ENSG00000236255",1.10159209026982,5.45685573145307e-10
"TOR3A",-1.37428540946829,5.4611230407049e-10
"SELENBP1",-1.20518253990405,5.47762779033015e-10
"TINF2",-1.15694496119731,5.53500915377729e-10
"NUDT4",1.03502349598293,5.59712390655348e-10
"GSTA1",-2.80158895962287,5.61428479346753e-10
"ENSG00000310560",-1.45654674869141,5.62566169287167e-10
"ITM2B",1.04156532737397,5.67082149419046e-10
"ENSG00000259316",-1.86749964775415,5.71119553863054e-10
"UQCC2",-0.968077265973283,5.73775434399961e-10
"BCL2L2-PABPN1",1.82074012886956,5.7789440521881e-10
"EBNA1BP2",-1.49457771885331,5.79127315526067e-10
"RPA2",-1.07327162696107,5.81153231801974e-10
"FMNL2",1.1648744243479,5.81421867373051e-10
"UBXN7",1.05925787251693,5.83647740949204e-10
"MFGE8",1.26918559547587,5.84454817056138e-10
"UTP20",-0.947036017698845,5.87423476897986e-10
"SNRNP40",-1.09881091023831,5.91111691982172e-10
"NEAT1",1.52916446122663,5.93949405393125e-10
"FGF17",1.55946590938846,5.95425042754315e-10
"NAXE",-1.23654600826773,5.98489602413096e-10
"ENSG00000266208",-1.30805713535628,6.06243559563341e-10
"PSMB2",-0.908527374056779,6.07492211965289e-10
"PSMC3",-1.09413112857113,6.09802653192784e-10
"PIM3",1.05327218980319,6.0993510771451e-10
"LOC124901013",4.23758543548004,6.11114291271602e-10
"CUL4B",0.921004395757498,6.17265688299091e-10
"CDK19",0.996969025367625,6.17851665632212e-10
"PRKDC",-1.08258231798215,6.19398242613591e-10
"KAZALD1",1.43333768939023,6.22501633017683e-10
"OGG1",-1.12949336133804,6.24130305488031e-10
"FAM86EP",-2.0801318510276,6.47422168797568e-10
"TMEM234",-1.76575521129683,6.51004378060091e-10
"FANCD2",-1.20193921286659,6.68287410767611e-10
"BMF",1.93976282052647,6.70371675827208e-10
"RHOU",1.0063847268483,6.75238808903245e-10
"ENSG00000290399",1.42269047172903,6.78011187611667e-10
"NUP62",-0.813853870845518,6.84195696118275e-10
"PRPS2",-1.29628626605488,6.85464788843603e-10
"SETD1B",0.921785056448958,6.85553723760842e-10
"CENPO",-0.967243771873401,6.87275870529183e-10
"POLR3H",-1.06459597234967,6.87714412576158e-10
"SORBS3",1.03643959771039,6.96919729142227e-10
"MRPL52",-0.86928067090883,6.98076543574887e-10
"TONSL",-1.57734326519127,6.98858906046367e-10
"COL16A1",-2.59176252961766,7.02826693463048e-10
"TSR1",-0.836598371552229,7.04312058739308e-10
"POLD2",-0.967461229971504,7.062953097845e-10
"SMPDL3A",1.20065041123598,7.10651444833424e-10
"ZAP70",2.80301924702716,7.33025693121889e-10
"ZNF530",-1.7078136204299,7.34549621877759e-10
"LINC02119",3.38334934835387,7.4040589667304e-10
"PXMP2",-1.46867325420857,7.45969533210474e-10
"MUTYH",-0.904259642576995,7.50036535108245e-10
"TNS3",0.919738820284874,7.50332129046094e-10
"YPEL5",1.13706056023406,7.57375024306969e-10
"FAM114A1",1.38823020176505,7.58562789847054e-10
"PTOV1",0.819088990572779,7.69599462721887e-10
"SIX4",1.15417154882923,7.72752459039804e-10
"RMI1",-1.27137201935473,7.73993521550214e-10
"JMY",1.40369923281232,7.78617215187469e-10
"BAZ2A",0.900862684859385,7.82033211650621e-10
"CASTOR3P",1.14679472015824,7.97373844870584e-10
"FGA",-1.23553660616842,7.99721879302376e-10
"ADGRG6",1.35250059946312,8.05038827317527e-10
"METTL1",-1.27225640526659,8.06842524632883e-10
"DHRS2",-1.25511382291876,8.12639970001722e-10
"PRMT3",-1.09192993994549,8.1488955537599e-10
"PIR",-1.29330910147697,8.20955548421727e-10
"EXOSC9",-1.19750594311205,8.21813883317178e-10
"ZBTB1",0.996716466925714,8.27844968855067e-10
"ATAD2",-0.778406844202824,8.31715543540685e-10
"ENSG00000244062",1.46905124210663,8.31858367686662e-10
"PNP",-1.07828962980484,8.35085121587687e-10
"TBXAS1",1.87702823810819,8.39532788928059e-10
"PRRT1",1.45063718455425,8.44895253306303e-10
"B4GALNT1",-1.25032118445712,8.50240414456616e-10
"ENSG00000277969",1.68780385303654,8.51242215425163e-10
"CASP2",-0.93330934047203,8.53030597688261e-10
"DCK",-1.10285653849782,8.54658238372456e-10
"SLC39A11",1.23037392710772,8.54917333823243e-10
"ENSG00000273416",2.90644018781803,8.56037161597892e-10
"HADH",-1.02534865995201,8.59379217974016e-10
"PRPS1",-1.06177318521603,8.6975358354986e-10
"FAAP24",-1.65507715658996,8.76575787269488e-10
"WWP1-AS1",2.39737082735109,8.76850515846418e-10
"ATP10A",2.1213747130353,8.81917603070114e-10
"H2BC12",-1.46394431075193,9.02185678916133e-10
"FGG",-1.43899778374836,9.02276124381945e-10
"ZFTRAF1",1.00984011728415,9.03448415326407e-10
"PRKAR1A",1.27196348006241,9.07121525123011e-10
"MAGED2",0.897102355396602,9.1002364070702e-10
"MEX3D",-1.1901342503302,9.1005463415751e-10
"CCDC61",-1.52697121627368,9.14897908661403e-10
"NOC2L",-0.776386581904798,9.19633120012603e-10
"BARD1",-1.41632831520669,9.36542120806122e-10
"CYP7A1",-1.95949862666199,9.40660543113876e-10
"RBM20",4.87630582220378,9.43119783763802e-10
"BPIFB6",3.65933129312289,9.47897103327647e-10
"DHX9",-0.796641852776824,9.50439752752677e-10
"ENSG00000256663",-2.80517455277123,9.62367668538438e-10
"LRRC45",-1.35825943895071,9.66345132523618e-10
"LPAL2",-1.54513270710715,9.74014214649087e-10
"SSX2IP",-1.16943941074498,9.78891115203267e-10
"FAM86DP",-1.38359421840496,9.92754290128672e-10
"RAD51C",-1.03767845679976,1.00467464957295e-09
"ENSG00000263276",1.35922076720908,1.0079933801464e-09
"MRPS16",-0.948252071718958,1.01335593112966e-09
"TMEM45B",1.68808050523301,1.01456588276162e-09
"OSBPL2",0.834100455734832,1.02113508945048e-09
"TWF2",0.910837533247244,1.02126727137996e-09
"PDE4A",1.03702580138353,1.02167273724033e-09
"DTYMK",-0.943963888263154,1.02573169778573e-09
"MAT2A",-1.07792848385756,1.0296103412528e-09
"SEPSECS",1.2371827830683,1.03227996674633e-09
"FECH",-1.15731494550071,1.04160645645265e-09
"PINK1",1.60850835305365,1.0426445711059e-09
"SEPTIN11",-0.781283330966483,1.04539775968506e-09
"TNFAIP3",0.982828394549014,1.05291554893744e-09
"HPR",-1.49146379561006,1.06193550534747e-09
"AATF",-1.11318236083649,1.06299905532481e-09
"DONSON",-0.832844707896822,1.06363842681081e-09
"ANKZF1",1.15899272964527,1.07105093205934e-09
"LOC100294145",-1.48779640084504,1.07970561185384e-09
"TYSND1",-1.15630995343162,1.08895976133472e-09
"RYBP",1.01861348087428,1.09816409579825e-09
"NUP93",-0.846766002783882,1.10123128094842e-09
"GLYCTK",-1.45215299306027,1.10204378227977e-09
"PA2G4",-1.1781860065767,1.10622858030001e-09
"KATNB1",-0.871059624014814,1.11410781358234e-09
"ZNF367",-1.42783960100496,1.11456832737319e-09
"FKBP5",-1.3394589367101,1.12680858148602e-09
"ZCCHC24",1.31594170411745,1.12769278328545e-09
"GCC2",1.01703784370974,1.12823122866557e-09
"NDOR1",-1.26020282838789,1.13027156040012e-09
"PSMB10",-1.21984213265768,1.13072862781624e-09
"MSTO1",-1.00604696745527,1.14112511967927e-09
"WDR90",-1.7771835282856,1.14156788304153e-09
"ITPRIPL1",-1.35088442745526,1.14462760225066e-09
"RNF19A",1.53046183239649,1.15014452157956e-09
"SORBS1",1.68127764459454,1.15271860994141e-09
"TAB3",0.864393077065668,1.16554720393345e-09
"ULK1",1.1259241301256,1.17078868565253e-09
"PARP2",-0.85524708704003,1.1750600894898e-09
"SOX9-AS1",2.02975295963617,1.17792249702319e-09
"KDELR3",1.02490115243293,1.18423707498942e-09
"GK",1.38799024083087,1.18600721699006e-09
"KCND1",2.20730650175023,1.18909765047609e-09
"SLC27A1",1.26337714683018,1.19935933750007e-09
"TBX3",0.935650426764687,1.20315741744636e-09
"FREM1",1.01470523621883,1.2156850879665e-09
"NUP107",-0.927842144564244,1.2166597155459e-09
"ENC1",1.43530253145204,1.22282597702237e-09
"TMF1",0.823946658922048,1.22503398083594e-09
"SEC24D",0.923692922209412,1.22776367860278e-09
"CAPN12",1.69737551033828,1.2470789024555e-09
"C15orf62",3.4370909683351,1.24858164355804e-09
"BOP1",-1.21267324333092,1.25990325199515e-09
"SH3D19",1.20384375851027,1.2699776030651e-09
"ENSG00000227946",1.61871880880033,1.27697391993099e-09
"SKP2",-0.912938335152634,1.27730882489442e-09
"BORCS7",0.907546398648568,1.27914059232335e-09
"ERO1A",0.976949065522154,1.28434667384016e-09
"DPH2",-0.892839398156875,1.28944635297496e-09
"UCP2",-1.91284341801427,1.28970012371507e-09
"MEF2D",1.08129664895197,1.29827390259786e-09
"MCMBP",-0.864450869684264,1.30018724611418e-09
"FANCI",-1.37260891438116,1.31579208733285e-09
"C4orf46",-1.38385685511868,1.33781860903063e-09
"JPT2",-0.872065246514944,1.34285665495114e-09
"SERGEF",1.16069642316558,1.34659324464993e-09
"BRIP1",-1.57898603643301,1.35717167704484e-09
"FARP1",1.27106170286865,1.38305396956117e-09
"KISS1R",-2.48580476094576,1.39248353286722e-09
"UBR7",-1.0164095058821,1.40582998161738e-09
"RERE",0.784046925733756,1.41968426264456e-09
"EFNA1",0.983935769667902,1.4223401615728e-09
"EXOSC5",-1.26156970567244,1.43459070948143e-09
"IFT22",-1.91989921249972,1.44026386415632e-09
"PKN3",-1.06574762814051,1.4444440002361e-09
"NPC2",0.920791790866488,1.45503634089033e-09
"HOXD3",3.65339629417598,1.45577091899114e-09
"PTPN12",0.811115674822295,1.46117270303541e-09
"POFUT2",0.800428990605725,1.46357215447642e-09
"SMIM15",-0.798087330020112,1.4649538264945e-09
"RPA3",-1.02136702667909,1.46859626812505e-09
"TUBG1",-1.0747655548547,1.49565112982004e-09
"RBFA",-0.956766813397987,1.5158788452865e-09
"ALMS1",-0.976931766297427,1.51597826756461e-09
"MGST2",1.75678365337874,1.52023211301018e-09
"AGO4",1.251802931323,1.52347092422336e-09
"QTRT1",-1.08043347328395,1.52761878784269e-09
"PFKM",1.51097773254443,1.5299188342028e-09
"PLLP",1.56080076905965,1.56197619186103e-09
"MADD",0.935736774800396,1.565152479308e-09
"KRTAP5-7",5.01341146006877,1.60162495910457e-09
"ARHGEF28",1.02790151713753,1.61072536305881e-09
"THOP1",-0.866658548482627,1.61079486919423e-09
"NVL",-1.0251552215632,1.61367224911291e-09
"PRICKLE4",2.85180805344414,1.62112860117719e-09
"PYCR2",-0.891434177991113,1.62624835264049e-09
"EZR",-0.919970439695306,1.64307385319723e-09
"PNISR",1.13539441455583,1.64449046319138e-09
"NOP56",-0.922319088809811,1.65856369183549e-09
"POU2AF1",1.72669697661737,1.67430404947487e-09
"UCKL1-AS1",2.47814071453005,1.67529296763091e-09
"GALM",0.871261454045038,1.67975154882921e-09
"ENSG00000124593",0.985036983110366,1.69682326862176e-09
"GGPS1",0.996358664682821,1.7139196384726e-09
"ATG2A",0.854844771885496,1.71430774626631e-09
"BBX",0.98789528189429,1.71827081941158e-09
"PUSL1",-1.09595377608584,1.74481661819518e-09
"SYNJ2",1.00316142789577,1.7500662541637e-09
"PRMT7",-0.782403443684107,1.76313331460383e-09
"TIMELESS",-1.11845632227829,1.76425567564207e-09
"STAT1",-0.944207837151988,1.77312857634695e-09
"MC1R",1.31934271838567,1.78505811718746e-09
"STOM",1.55958890150281,1.78618462426808e-09
"UCHL5",-0.99730934462522,1.79389837807445e-09
"CD14",-2.48986974514405,1.79451613316983e-09
"PFKFB3",2.37727926341078,1.79580942731603e-09
"SASH1",0.836815899998513,1.79664437728198e-09
"TERT",-1.91763066293761,1.80580921578576e-09
"DDIAS",-1.53088730938969,1.82646346081781e-09
"ISG20L2",-0.849006792079936,1.83359705923596e-09
"MAT1A",-1.29657088030992,1.84143623528233e-09
"NUP35",-0.886160750576276,1.84465350372367e-09
"CNTNAP3",1.28525179520019,1.85820288892408e-09
"ENSG00000182057",-1.22475084406184,1.86978755539194e-09
"TTLL12",-1.28765747780739,1.88461270772205e-09
"CD68",-1.26184544649164,1.89319794823168e-09
"ENSG00000272941",2.54318496916382,1.90342276080348e-09
"ENSG00000303136",2.72616933560008,1.90553073170774e-09
"C1QBP",-1.04042806623109,1.92034366661445e-09
"SPEN",0.807009032949429,1.92707131573145e-09
"GLDC",-1.0454389543966,1.9316050623503e-09
"NCAPG",-1.03680780327523,1.95041835076621e-09
"LGI4",2.05052276488387,1.95505377725699e-09
"PIGM",-1.08855855649664,1.97428571373775e-09
"SCYL1",0.881077043348686,1.9844002359134e-09
"ENSG00000307243",2.67277274909629,2.00832831717725e-09
"SLC25A17",-1.00257694509965,2.01710486887739e-09
"ATG2B",1.26576099741048,2.01886785216123e-09
"CLK1",1.12173870206148,2.02900883634966e-09
"TBC1D23",0.866812646263731,2.03135430205893e-09
"BEX1",-1.08991829394862,2.04652985634754e-09
"KIF7",-1.39347271787047,2.06479766474815e-09
"FAM161A",-1.35799553204467,2.07007070677715e-09
"CNTNAP3B",1.19539462627126,2.08087500097927e-09
"GMNN",-0.991395112876152,2.08684300021923e-09
"ORC5",-1.24170069089397,2.08947044878425e-09
"FBXO44",0.904844510897257,2.10866286717765e-09
"PTPN18",-1.06099924838469,2.10984445516669e-09
"CTDSPL",1.74086613826275,2.11991685727355e-09
"ROBO4",4.58905782087718,2.14356966589543e-09
"SLC2A1-DT",4.02183477813395,2.15774683046266e-09
"EMG1",-0.965321546644314,2.17279157363449e-09
"APOF",1.38402397295421,2.17345948150605e-09
"SCARF1",2.88286965662509,2.17888625284749e-09
"CYTH1",1.03397952722348,2.18216040530872e-09
"YIPF4",0.958743194802732,2.1860980286417e-09
"SMPD2",-1.73743311593971,2.22056674810473e-09
"G6PD",-1.15230757859598,2.22411739944886e-09
"PRSS53",1.19249941355683,2.22505125443192e-09
"TNFAIP8L3",-3.03979187189787,2.23216020677355e-09
"FBXL19-AS1",1.08959607600741,2.23869335185968e-09
"QTRT2",-0.878980002609982,2.24335845578627e-09
"FGB",-1.14838992003028,2.25143510236714e-09
"PRANCR",1.24374598457031,2.25242106441624e-09
"ITGB5",1.19594689470649,2.30060550202711e-09
"STARD4",0.985762793195758,2.33410282386008e-09
"GOT1-DT",1.37306734905764,2.33651256781392e-09
"IFI35",-1.14580492092097,2.34755286593926e-09
"SMIM3",1.74131214055021,2.35559164301195e-09
"MMS22L",-1.50092318653179,2.35911705857234e-09
"MRTO4",-1.17976002786243,2.36467748188492e-09
"CASTOR2",1.2137650149895,2.37053618691592e-09
"ZNF69",1.0112494523012,2.3901427839452e-09
"PAPSS1",1.01429514458878,2.39162361078121e-09
"CDO1",-1.12268727035802,2.39453472145646e-09
"ENSG00000299249",2.29312631094729,2.40765135230387e-09
"NR5A1",0.780017353201666,2.4226922010295e-09
"FAM86C2P",-2.24719260240876,2.45323355530867e-09
"PGM3",0.850624892948513,2.4697716617352e-09
"CASP6",-1.09102497892718,2.47976034164702e-09
"CFAP298",-0.785895557042673,2.48285250154467e-09
"NCEH1",1.12008154080122,2.51640109688102e-09
"PSME3",-0.926198785201895,2.52950175374204e-09
"DHCR7-DT",2.12378850557255,2.53592905286718e-09
"STON2",-1.64033364853689,2.5557319748882e-09
"PPP2R5A",0.947444583631901,2.55796382763753e-09
"CHMP4A",-0.926208477670813,2.57702948659883e-09
"SFXN2",-1.37049659290086,2.59172852005791e-09
"JMJD1C",0.855804994494636,2.62093770072339e-09
"PIK3IP1",1.61783040619234,2.62980446156116e-09
"BTN3A2",0.922354512427801,2.64149890197403e-09
"SENP3",-0.774060972285364,2.6417542017219e-09
"CDRT4",0.91636471944513,2.65312604003324e-09
"GEMIN4",-1.304095269111,2.65870714004961e-09
"MDM1",-1.40704910819536,2.67056612997807e-09
"MBL2",1.41725027454365,2.70205546947496e-09
"WDR3",-0.948855136733011,2.7233756716233e-09
"GBA1LP",-1.26164972362573,2.74988535161094e-09
"GARNL3",-1.48220592618937,2.80995580441399e-09
"PELI1",1.03836821822204,2.81689968418258e-09
"SLC6A6",1.3117795302587,2.83678940273585e-09
"ARHGEF39",-1.22131450140362,2.85374456321433e-09
"ARHGAP17",0.742609541295068,2.85687464580525e-09
"USP35",1.01063130211786,2.88800716278823e-09
"CEP78",-0.932176701490969,2.88945317804704e-09
"LINC00511",1.24264156386321,2.93091487084121e-09
"BMAL2",-1.14859272135954,2.9430019820489e-09
"PDE4C",1.84199756146632,2.95472904950031e-09
"UQCRQ",-0.959521931615517,3.01918151378053e-09
"ELOVL6",0.992237760294143,3.03123956440231e-09
"MTAP",-0.879421945511256,3.03410475989001e-09
"MECR",-1.06682561459627,3.04017923551646e-09
"DPP7",1.81172015334329,3.06525323603633e-09
"ENSG00000224078",0.903639136603396,3.06981522066232e-09
"ZNF277",1.01100549874527,3.07597072519906e-09
"ASCC2",-0.786970783909118,3.13632233805558e-09
"GOLGA4",1.15940001791668,3.18096657193717e-09
"SLC19A2",0.994088981233523,3.18198406828567e-09
"THPO",-1.61636376471155,3.21162556447864e-09
"CCDC34",-0.952618211668989,3.23826879064845e-09
"HPD",-1.25996623840415,3.2405279850406e-09
"LOC119746555",1.07372486051784,3.2599040866913e-09
"CCNA2",-0.728720130545039,3.26503965823273e-09
"MPV17",-0.893012100653323,3.27779535424685e-09
"MYOM3",-0.887970818227472,3.28517963301527e-09
"FTX",0.776844597797969,3.29540221174848e-09
"PDGFRL",1.59914992184584,3.31174332239656e-09
"ENSG00000233058",3.6084900010112,3.31745188406387e-09
"TTF2",-1.10979507327317,3.31826372618091e-09
"PAAF1",-0.954445430099064,3.32159610732832e-09
"RAB5IF",-0.972522696446608,3.36748793985668e-09
"RBMX",-0.766182474527624,3.37495382385125e-09
"NDUFAF8",-0.929216214156203,3.3995947879153e-09
"NDUFB1",-0.935188924302614,3.41131590836534e-09
"TDRP",1.14687367028349,3.42096685305087e-09
"GFPT1",0.8386435016473,3.42991260209601e-09
"IFI30",-1.24756946384658,3.43468492476556e-09
"NEIL3",-1.40482571527414,3.46495839274343e-09
"AIMP2",-1.21661328222574,3.48194942235282e-09
"ENSG00000257252",1.8839912375457,3.49045187181661e-09
"CYLD",0.847616970233727,3.504897899586e-09
"FBXO33",1.14459469237158,3.51908524608285e-09
"RNF128",0.938382309012525,3.52693218970391e-09
"MGAT4A",0.888826094319994,3.52961210229104e-09
"ANKEF1",-1.49078973079965,3.53470485370328e-09
"SKIC3",0.896274944250359,3.55460132156566e-09
"NCAPD3",-0.831801595078116,3.55886076522643e-09
"HSPA8",-1.25173411781405,3.58845504428282e-09
"DNMT1",-0.864421577071302,3.58940825212151e-09
"TBL3",-0.718019317297518,3.61114008058912e-09
"CENPM",-1.4230685976519,3.62115572016667e-09
"DARS2",-0.941956575899972,3.63097535755395e-09
"NEDD9",0.81931603640159,3.6536917497383e-09
"POLE2",-1.56793371258565,3.6598277682409e-09
"MCF2L",0.822054424069906,3.66423552584376e-09
"BEND3",-0.987943098446772,3.66430651310495e-09
"SLC23A1",-2.84828167194528,3.68938642921962e-09
"TOPBP1",-0.689879040050981,3.6990118743998e-09
"NCBP1",-0.715891311005063,3.71024422571186e-09
"PAWR",1.03748989210542,3.71230506810421e-09
"CLDN1",-1.2325807109221,3.73041881298783e-09
"NDUFAF3",-1.4495733801657,3.76004105789005e-09
"YIPF6",0.721725110703357,3.80505969048179e-09
"ZMYND19",-0.883770467046433,3.80510861639308e-09
"FMO5",1.68362105719842,3.80583837179708e-09
"EXO5",-1.10458714376535,3.80960244793995e-09
"EXOSC2",-1.04830969491649,3.82466243259969e-09
"CTHRC1",1.82391791411454,3.83367026314842e-09
"MAP4K3",1.08635582162181,3.87632040419219e-09
"LOC101927855",1.58899826769576,3.88516848249746e-09
"ZMYND15",1.90811305331704,3.89154058906767e-09
"LINC00242",2.22039013412249,3.89442063778402e-09
"CHTF18",-1.58379302038644,3.90908863198668e-09
"ENSG00000308228",1.89243922189312,3.93495642157501e-09
"TNFSF4",1.22082830118216,3.97819202596488e-09
"FCHSD2",0.772531396413794,4.0307474242724e-09
"NOLC1",-0.988603887491955,4.03495926466254e-09
"ERBB3",1.204087424053,4.04985512306601e-09
"ENSG00000221990",-1.51613875970023,4.05567929327403e-09
"HAUS8",-1.06579929745896,4.09723191145399e-09
"YWHAQ",-0.835493363978871,4.10574141553728e-09
"LHFPL3-AS2",0.980530161199044,4.12701961949158e-09
"COTL1",1.07347337108407,4.13274430830734e-09
"CLCN6",0.878781405285622,4.13491433564661e-09
"KLHL23",-0.810296487280649,4.16806296885972e-09
"TOMM5",-0.927317713125274,4.20458894158678e-09
"SYP",1.33524054109967,4.21867626608059e-09
"ERLEC1",0.893906060758541,4.23959049677448e-09
"TRIM45",-1.76394960807485,4.26384176043191e-09
"GBP1",-1.63090474095114,4.28613665377867e-09
"PIM1",1.96518288490323,4.29515812226729e-09
"ENSG00000273015",0.918201819721139,4.29801107220369e-09
"MND1",-1.14514435051143,4.31887686963433e-09
"GDAP1",-1.11799444890042,4.33486773803318e-09
"TELO2",-1.27923440001867,4.34067099450547e-09
"TUSC2",-0.915858204193898,4.35106276939929e-09
"DHX37",-0.926859971188853,4.35434880015771e-09
"CSGALNACT1",3.35226173047531,4.40589827799757e-09
"SH2D4A",1.17914971410257,4.40959675622826e-09
"EVA1B",1.66109960818991,4.41714964969245e-09
"SETD1A",0.901134145325524,4.41905149339726e-09
"RPRD1B",-0.808720022868185,4.43900624041921e-09
"ZC3H6",2.06660810518819,4.44895204518752e-09
"HBP1",1.39715377745091,4.45480097075346e-09
"HOMER3",0.98684576722808,4.47765658296694e-09
"AARS2",-0.941322075444955,4.51912515589194e-09
"KTN1",0.921380502742293,4.53102225161651e-09
"ENSG00000288826",1.46726649630904,4.54591485967387e-09
"ANGPTL4",1.98652599194969,4.5699590996169e-09
"OVGP1",2.20646720135352,4.67192877839134e-09
"GMPPB",-1.30764489624927,4.67497464559344e-09
"PRMT5",-0.769497501930643,4.67869387226842e-09
"FPGS",-0.858371613766472,4.68038752898316e-09
"ENSG00000280106",1.7434297881349,4.68983060694884e-09
"N4BP2L2",0.874883689702006,4.71258628994518e-09
"ENSG00000257345",2.53549573816254,4.74255225943659e-09
"SPAG9",0.874083131349921,4.77255233289378e-09
"NECTIN1",-1.46589354984333,4.79147849272711e-09
"ZWILCH",-0.881055583906363,4.81823276772433e-09
"ZBED3",-1.25709080119168,4.81975551164114e-09
"LOC105372738",3.97094998670043,4.82168553819635e-09
"TLNRD1",-1.0642572274421,4.8247221147182e-09
"NADK2",0.736824615079487,4.82847722862927e-09
"HAUS4",-1.07990924571147,4.84454066652744e-09
"BORCS8",-1.0572638295186,4.84556205443822e-09
"POLE",-1.2160974068607,4.92154554924061e-09
"CMSS1",-1.47149411254859,5.03030811273651e-09
"LRRC1",0.797252436997032,5.04690479136786e-09
"SHC2",0.81304987887379,5.06911092964217e-09
"NEMP1",-0.935551943384286,5.07449382825016e-09
"CELSR3",0.885274966597963,5.10870948424757e-09
"WASHC2A",0.876738305362426,5.12787706928735e-09
"PHF1",0.816677986096367,5.13119994869087e-09
"CSF1",1.27681502794188,5.15821236289015e-09
"COQ4",-0.736908202175597,5.16660001137548e-09
"SRGAP2B",0.763353598392649,5.17380999510857e-09
"FZD1",-2.30432894302026,5.17655754423932e-09
"CLBA1",-2.11682767250373,5.20285531783872e-09
"MRPL24",-1.04923929531845,5.21797940897304e-09
"RABAC1",0.894345696180395,5.2660101115649e-09
"TMEM39A",0.896335469744897,5.30976892281865e-09
"KHK",-1.16109490910743,5.31828570457455e-09
"RFC4",-0.946572750269046,5.33615648311693e-09
"CTSK",1.57508881434649,5.34571604645456e-09
"ESCO2",-1.66724248564145,5.39067537881024e-09
"PDXDC1",0.848546506412216,5.39746668628524e-09
"KIF3C",1.63643505031493,5.4003814580077e-09
"COA4",-0.951370191861434,5.43506880241989e-09
"RPP30",-0.746163394576815,5.45699070543385e-09
"TEX9",-2.00989759263974,5.51065223933437e-09
"PDZK1IP1",3.96877419069199,5.51655036799763e-09
"MOGAT3",-1.2085016092904,5.52220761466042e-09
"RAD9A",-1.50919212059803,5.55296278751155e-09
"CENPP",-1.49156081046543,5.55582245963978e-09
"TMED3",0.919176902690875,5.57185104141131e-09
"SRFBP1",-1.21028344894749,5.57193401603829e-09
"LAMA1",2.6654533181908,5.58303207096631e-09
"POLR2L",-1.14740875275485,5.65527777068245e-09
"ZMIZ1",1.04046235553938,5.69256833787507e-09
"LRRC8B",-1.05456047346113,5.69859347422819e-09
"SAP30-DT",1.56209913100488,5.70113386673706e-09
"NYAP1",2.06238935291782,5.72427786820988e-09
"SPTSSB",3.00458300637178,5.74291570516236e-09
"CASP10",0.770736159101528,5.74432304459738e-09
"ATP8B2",0.856478383002809,5.77822554642608e-09
"PRRT3-AS1",-2.02407686034814,5.81015318901466e-09
"HDDC3",-1.09279785206466,5.91089706003128e-09
"SLC25A19",-0.896647057543438,5.93720356379307e-09
"UCK1",-1.00721562200617,5.94652395441975e-09
"RNASEH2B",-0.926684024492432,5.98322187614759e-09
"PRKCD",0.719212617076447,6.01163231653965e-09
"METTL13",-0.961440004432952,6.01907540402789e-09
"TBC1D25",1.0362628774346,6.05173390663208e-09
"XIRP2",1.84859792761752,6.11532206633676e-09
"RFC1",0.650110794135697,6.13505292760537e-09
"SPSB2",-2.58858660061433,6.14479690066705e-09
"LPCAT1",0.960201423774305,6.15287682504654e-09
"AP4M1",-1.17402682103719,6.22216212103519e-09
"LSM6",-0.921538759574386,6.31262977696424e-09
"LINC01091",2.20834654819428,6.34503196853366e-09
"SAT1",1.27921438002417,6.34946304882826e-09
"DALRD3",-1.09522232614106,6.38349678398743e-09
"ZFHX3",0.727848887077249,6.41446658144477e-09
"APRT",-1.04528182976815,6.44846462334298e-09
"GALT",-1.2930677270809,6.45973796474112e-09
"LMBR1L",1.1233461517727,6.47032588671423e-09
"PRADC1",-1.020964890284,6.47148197156209e-09
"SBNO1",0.696024549605047,6.47282255384656e-09
"RSF1",0.916905228074526,6.48500210812157e-09
"PTGES2",-0.792199924352563,6.5021866466754e-09
"NUP153",-0.823336764478168,6.55010364325041e-09
"ENSG00000225315",3.04776119400504,6.58183802307543e-09
"MORN1",-1.57359132532031,6.58918636437663e-09
"CHAC2",-1.90905082182606,6.59100695461331e-09
"DMAC1",-1.1708964712705,6.64018010116486e-09
"GGCT",-0.893034290508802,6.64987911571096e-09
"LINC01291",2.28181714188093,6.79256084838101e-09
"ENTPD4",0.91508403825906,6.80908145571633e-09
"TIGD2",-1.19045891996301,6.84191548653055e-09
"WDR75",-0.771053150533889,6.8962787168666e-09
"SPTBN2",-1.74958900397481,6.91401883295903e-09
"CEP162",-1.19947790323424,6.94558108619635e-09
"TESC",1.4571581812108,6.96603762097641e-09
"PTRH1",-2.00806524815065,7.07149560423874e-09
"IRAK1",-1.11995075799003,7.09495044360756e-09
"TAF9B",-1.20339217621534,7.12294169517121e-09
"TICRR",-1.05119099860095,7.13660643707091e-09
"MEA1",-1.14330128951603,7.1725635243048e-09
"SPSB3",0.786017064622834,7.20093491333611e-09
"ENSG00000301369",-2.69100077784092,7.23333110623939e-09
"KIF24",-1.64169273603048,7.27088455618779e-09
"ENSG00000293091",2.87161702268907,7.27742881650697e-09
"ST6GALNAC4",-1.13324754209605,7.31437974105687e-09
"EIF2B1",-0.731356554919498,7.35988459480774e-09
"ATP5MC1",-0.961026917504912,7.36553989676373e-09
"GFI1",1.17592808490324,7.37037093963144e-09
"PIAS3",1.23430983088711,7.39430638104769e-09
"LINC02475",2.42466000705963,7.43199538071006e-09
"CETN2",-0.888965706462732,7.45965364323482e-09
"FBXO11",0.780029470342613,7.54566810154935e-09
"ZNF331",0.895309379954458,7.56454894816431e-09
"HELZ",0.840975879249963,7.59685625224648e-09
"FAAP100",-1.0150093144846,7.66513579456352e-09
"ENSG00000234771",1.02901936011016,7.67354964813374e-09
"MAST4",1.0800278670828,7.75935380100143e-09
"WRAP53",-1.00585320530855,7.76252127342283e-09
"WHAMMP4",0.964668092936016,7.76609841235066e-09
"PITX1",-0.860151383080468,7.78488081166198e-09
"STRIP2",-1.59747345923991,7.84237308377729e-09
"H3C6",1.55332568956013,7.88209720045812e-09
"SH3BP5-AS1",1.42121689384425,7.95274952403218e-09
"XRCC5",-0.909086814730055,7.97421356183896e-09
"COX20",1.22772837217645,7.98770138645194e-09
"ENSG00000214999",1.83332156082556,8.00913169865791e-09
"CLN6",-1.25679020235464,8.02244415445833e-09
"ADAT1",-0.95504956157771,8.10750987154761e-09
"FNDC3B",0.882616055700163,8.19152428261773e-09
"SCAT1",2.6579858995857,8.19765408814255e-09
"ZSCAN16",-1.45251558854834,8.21004140569036e-09
"RAB5C",-0.883186508498183,8.23245144536616e-09
"SLC39A14",1.00419234054358,8.25214193341047e-09
"WDR59",0.892490425135817,8.27353167723423e-09
"FES",-1.24689088325789,8.28313483469317e-09
"RIN1",-1.21687590875327,8.28550289362774e-09
"CABIN1",0.91731753755073,8.28578843673489e-09
"MIR4435-2HG",-1.27740575893161,8.34875352461156e-09
"KDM5A",0.809305733022688,8.36221737718898e-09
"SECTM1",2.73473992740493,8.36875491082242e-09
"HAUS6",-0.726183627200625,8.48031406968878e-09
"CCDC24",-1.62283437063092,8.53779905135384e-09
"BCL2L12",-0.830511140118279,8.55828038158877e-09
"PCDH1",2.49339078724319,8.59145405964581e-09
"ESYT1",-1.05370637813725,8.6851562518456e-09
"ZDHHC6",-0.778128931851755,8.69541835978696e-09
"NCAPH",-0.788795498801845,8.70545250816732e-09
"C6orf47",-2.01747220909794,8.77425766273453e-09
"C8orf58",1.78124913887897,8.80499691289008e-09
"GRWD1",-0.831029211310837,8.87325712924682e-09
"TRAK1",0.673720591360088,8.9216531579608e-09
"LRRC40",-0.901078702511336,9.01818250703453e-09
"PFKFB4",1.53610360420966,9.03720236994757e-09
"COG3",0.832369373302519,9.06559399047178e-09
"SPC25",-0.954966832361737,9.08424825988533e-09
"PSMB4",-0.838819545077588,9.08973713959939e-09
"LINC00222",3.15372905483594,9.14353015521915e-09
"SLC4A11",1.91248311623137,9.14692975136944e-09
"RMI2",-0.963559176472608,9.19618584780238e-09
"HTT",0.663483966294933,9.20754297452994e-09
"PCBP1-AS1",1.00841770745451,9.27051423741551e-09
"ENDOD1",-2.15098000998817,9.27106715000835e-09
"LSS",0.966402186204253,9.29988943295514e-09
"ASTE1",-1.65780631512964,9.2999579687425e-09
"TMEM70",-0.856289939021486,9.33195833332844e-09
"ENSG00000272079",-1.68546189084327,9.34556083649382e-09
"EIF2S1",-1.18434347701693,9.37788973056918e-09
"WDR53",-1.03819085980402,9.38698508215397e-09
"NR2F1",0.874422979676414,9.41429449708984e-09
"ENSG00000272977",1.24810255865425,9.42461762824317e-09
"CYB561D2",-1.28807430960936,9.49164544058432e-09
"AGMAT",-0.981002432518695,9.50601163746314e-09
"TIAM2",1.04729006384966,9.6486454040327e-09
"PSMD11",-0.705500724881113,9.65318737551402e-09
"TBC1D16",0.733649335132532,9.68993626468083e-09
"ENSG00000251455",3.2382779412852,9.76255853927103e-09
"GTF2IP1",0.808665948936506,9.76680646977416e-09
"UBALD2",1.85730096189677,9.77259697264703e-09
"ITGA10",3.95540822106818,9.83944909517774e-09
"FUT11",1.21369533300059,9.86612008536309e-09
"KAZN",0.99465241949865,9.923605136468e-09
"ARG2",1.67276350936737,1.00444368790935e-08
"CEP85",-0.779867335199546,1.00571930963537e-08
"NXF1",0.797406927573222,1.00709840075725e-08
"UBR4",0.845329226734393,1.01515103200957e-08
"PGAM5",-0.774453091501991,1.01912006568298e-08
"COA3",-0.900080504616725,1.02787045425688e-08
"PHKA2",1.08884512704916,1.0315041406022e-08
"TAF10",-1.21467763338772,1.03790821953061e-08
"HAVCR1",1.73471444993173,1.04032389326419e-08
"ENSG00000265690",1.49047902965854,1.04042932887426e-08
"DSN1",-0.932998217404987,1.04287218872861e-08
"ENSG00000260105",1.57156468108001,1.04703996136957e-08
"H2AX",-0.748612066102781,1.04836978211681e-08
"HAUS7",-1.01477577077034,1.05140650218784e-08
"CAB39L",2.08211686799848,1.05482047598089e-08
"ENSG00000249673",-1.84096018213327,1.05678839919096e-08
"PKD1L2",-1.38322798505805,1.05796024346875e-08
"LINC01844",2.66936752632075,1.06796052881747e-08
"NABP2",-1.00525305676705,1.07090087614932e-08
"SLC5A2",-1.83234104709326,1.07341607347589e-08
"SLC2A4RG",-1.16769173715671,1.07487773006903e-08
"PPP5C",-0.717720836848682,1.07751749631042e-08
"ZMYND8",0.837080876751917,1.08439819012548e-08
"C17orf100",1.34474678474162,1.09048835775772e-08
"TCAF1",0.692886387762444,1.09331371691035e-08
"ENSG00000268205",0.687808783523637,1.09567188241187e-08
"PDK1",0.798410216811764,1.09762528143608e-08
"FAM86JP",-1.98967000429071,1.10734342726922e-08
"MINDY1",1.29306319370464,1.10875835270306e-08
"PES1",-0.876325810426428,1.12033954403683e-08
"TRAP1",-0.739591690129088,1.12245440951774e-08
"RXRB",0.838098315241305,1.12878858650959e-08
"LOC100506551",3.41043339382644,1.13119909380122e-08
"GTPBP6",-0.8314879834609,1.13664039877115e-08
"SRM",-1.10578140836105,1.14899966269813e-08
"FBXL16",2.71732399682477,1.14923578017246e-08
"NDRG1",1.48615234872219,1.15313418716313e-08
"GPSM2",1.03051521301544,1.15873430202647e-08
"CEBPA-DT",-1.39414539140999,1.15967019449781e-08
"RUVBL2",-0.722663521429167,1.16137417986124e-08
"ZW10",-0.80022248038264,1.16317558765709e-08
"TOMM40",-0.703543051602306,1.16721412117978e-08
"MASP2",-1.21608071827998,1.17440191999776e-08
"RUVBL1",-1.27258963218814,1.1803283925777e-08
"UNKL",-1.22536978732661,1.18562844420477e-08
"MIR193BHG",1.23873102325564,1.19007890076435e-08
"MYH14",-0.677714026544919,1.19642760637072e-08
"FAM20A",1.11594642681012,1.19663887444609e-08
"MCAT",-1.1492059611605,1.2045652010602e-08
"STMN3",-1.23917330688354,1.20570131847136e-08
"ENSG00000290879",1.2971320252397,1.20634595724643e-08
"ENSG00000298593",3.58947399453579,1.20879147427878e-08
"CHD6",0.735375132340143,1.22150958236331e-08
"ARID2",0.8314357207369,1.22605575661687e-08
"RBM38",-0.789478777925276,1.22698198319728e-08
"AMACR",1.19525952820837,1.23115330659537e-08
"GFM1",-1.03470946484684,1.23116623345908e-08
"GOLGA3",0.72097242962848,1.2378205653358e-08
"SLC22A31",-1.30777875054172,1.25080388620255e-08
"NOL11",-0.718921202830695,1.25495011799223e-08
"SPC24",-0.934195044923075,1.26039110229032e-08
"TMEM30A",0.958465760884655,1.26232470282902e-08
"MRPL57",-0.971188903025452,1.26462227096808e-08
"XPO5",-0.730417207715764,1.27201961505239e-08
"MAPK6",1.03450784263448,1.27509586896373e-08
"ARID4A",0.916633325131078,1.28312819464337e-08
"TSC1",0.70814525182194,1.29714633556926e-08
"SULT1C4",1.42248985963454,1.30064969468762e-08
"BRCA2",-0.869310418595121,1.30101670634924e-08
"POLR1B",-0.704352133953405,1.30251446451662e-08
"SEC24A",0.764411881248741,1.30464872233785e-08
"AVIL",2.27285264456411,1.30745647728708e-08
"TBC1D20",0.647453186068457,1.30881075753629e-08
"PDCD11",-1.07793879355561,1.31253647305386e-08
"HACD1",-1.29361817612672,1.31680944633903e-08
"RALGAPA1",0.695056776240517,1.32544887084791e-08
"E2F1",-0.970819123933613,1.34155884099587e-08
"FHIP1A",1.64082443636563,1.34210290794605e-08
"TRIP13",-0.978630142672049,1.35205414735201e-08
"KANK1",0.864004265562385,1.36263481388584e-08
"NCMAP",1.65443859263014,1.36965756924215e-08
"CCL20",2.37216267421968,1.37230184396904e-08
"PSMG1",-1.07960592958323,1.37631980578761e-08
"TRIM52",0.864453062808486,1.3784597086521e-08
"KDM7A-DT",1.46727616635597,1.37927053287319e-08
"TAP2",-1.19035515718803,1.38202600686441e-08
"AAGAB",-1.04351618537648,1.38219263890785e-08
"DNHD1",1.16211207126355,1.3858360744617e-08
"EHBP1L1",-0.697878231411639,1.3861644188797e-08
"COPB1",0.652986009585765,1.38895519493515e-08
"SSRP1",-0.766795788152993,1.39683187212505e-08
"HEATR1",-0.779239650363938,1.39688524333955e-08
"ENSG00000267801",2.25721978947858,1.40328058204961e-08
"SERTAD2",0.999939409806635,1.40532807553886e-08
"ATXN3",0.891029555618026,1.40921060962171e-08
"ASB16-AS1",-1.28412650856407,1.41256086646143e-08
"ENSG00000272068",2.08487162339784,1.41264290056991e-08
"WASHC2C",0.78787706171584,1.41778695778781e-08
"RHBDD3",-0.881345746526016,1.42011249488183e-08
"STUB1",-1.01002642340066,1.44269413862341e-08
"POLR1D",0.927224640184642,1.44516584609836e-08
"LAMB1",-0.833779040930255,1.45384914260294e-08
"ARFGEF2",0.622411544616717,1.46216125367172e-08
"RBBP9",-0.859071316222038,1.4630230904026e-08
"PPDPF",-1.70861296440582,1.4694537652389e-08
"DDN-AS1",1.51107637411064,1.47855433166508e-08
"TUBGCP5",-1.05505189891994,1.48308009627718e-08
"ERVK3-1",-0.74566869833209,1.48535315011986e-08
"TUBB",-1.12999321731709,1.48760035418447e-08
"TMEM45A",1.26999757385123,1.49492073777449e-08
"GBA1",-1.24415695670834,1.51238622628546e-08
"PPAT",-0.806771530874757,1.51474311664369e-08
"NCS1",-2.13198864788831,1.52377131236409e-08
"EIF2AK4",0.634226740979596,1.52675314848046e-08
"CEP68",-0.830804361949814,1.533265113465e-08
"NR5A2",0.94555667638175,1.53543073847752e-08
"NKX3-1",-1.13318014015199,1.55122919555764e-08
"MLH1",-0.736017641962362,1.5571935064813e-08
"CA9",1.91981225701343,1.56023173091624e-08
"PCMTD2",0.649575199772703,1.56906339121174e-08
"ABTB1",1.56408333588338,1.57135645806757e-08
"UBN2",0.792960746492233,1.57354267028541e-08
"TCTN1",-1.06015018530919,1.59001680770637e-08
"TMEM141",-1.19076951322317,1.59300953055587e-08
"URB2",-1.45652766473955,1.59894518967697e-08
"NFX1",-0.762528620261364,1.60352169460476e-08
"FBXL6",-0.975716957679271,1.62115336927864e-08
"UROD",-0.835832309301612,1.62164982038735e-08
"PTEN",0.634957798019417,1.62856248348354e-08
"GNG7",0.99092062855722,1.63456124745844e-08
"PIGW",-0.807048560535152,1.64037117109831e-08
"BNIP3L",1.52660452099268,1.6407194673984e-08
"SRCIN1",1.5266568318555,1.64585036731321e-08
"CRTC2",0.829415251187202,1.64709172352458e-08
"ENSG00000261468",1.9624413369707,1.64749000731215e-08
"SLF1",-1.32195382631215,1.66188228114446e-08
"FASTKD2",-0.729155127811134,1.66381745444096e-08
"ZNF682",-1.38693570347631,1.67519563053746e-08
"PUM3",-0.798465467165143,1.68022321023527e-08
"TMPO-AS1",-1.84537993001548,1.68592145378184e-08
"ARFGEF3",1.9167774053185,1.69145775616394e-08
"IQCK",-1.39537126682283,1.70125802512497e-08
"CNOT11",0.799239483831195,1.70500076169023e-08
"BRD10",0.787516568130148,1.70516874865948e-08
"GTF2H2C",-0.706133597261217,1.70655176761998e-08
"EIF1AX",-0.665778034112328,1.72119403869219e-08
"VCPIP1",0.751023680971747,1.72287760182722e-08
"TUBB4B",-0.928037105222865,1.72300168448681e-08
"TMEM178A",1.55962829324652,1.72983165990514e-08
"DNAAF9",0.796054092115505,1.73590987448276e-08
"ACBD7",1.99054063223222,1.74865512147068e-08
"RABL2B",-0.867388685505988,1.76602377902699e-08
"CLK3",0.658004098690373,1.77391162615639e-08
"ENSG00000279319",1.71134610331304,1.7794228970798e-08
"ADSL",-0.628659136713924,1.78743767692046e-08
"HDAC11",1.66092430266053,1.79182512319565e-08
"FILIP1L",3.6772475957257,1.79697847657724e-08
"ARHGEF12",0.672064595701033,1.80316404101074e-08
"SNX17",-0.628853871542128,1.80684605402761e-08
"QSOX1",1.22017754059758,1.80777783527295e-08
"AGER",1.3300180585155,1.80994980924671e-08
"STEAP3",-1.35264340013059,1.81170095515085e-08
"SNHG1",-1.10101096407997,1.82162380420742e-08
"ANXA4",-0.773785099582744,1.82599159477654e-08
"PRIMA1",1.86885804161448,1.82826953964215e-08
"CENPQ",-0.989718740129873,1.83019486270023e-08
"WWP1",0.824153674918276,1.84071095529988e-08
"ZNF670",1.14030287572304,1.84919137979842e-08
"MSANTD7",-0.837852822744565,1.85761803568951e-08
"ORMDL2",-1.23831538251718,1.85951083916318e-08
"HNF4A-AS1",-1.69488383811341,1.86110033814881e-08
"CTNNAL1",-0.824892745314574,1.86901879307667e-08
"MARVELD3",1.07157623360184,1.90164798304897e-08
"PHAF1",0.784130086353428,1.91006554629294e-08
"P4HA2",0.792819573335309,1.91812871980986e-08
"ABL2",0.646884031596983,1.92080461747159e-08
"ENSG00000289911",2.58672739600649,1.92194544519968e-08
"GOLIM4",0.84159452614337,1.92460665959112e-08
"ELP2",0.599172949342299,1.93836388960947e-08
"ENSG00000300379",1.3501882031964,1.94763210398948e-08
"FAM13A",1.42266106801102,1.954419131172e-08
"EPHA1",-1.48886827994022,1.95900524669183e-08
"ZNF195",-0.744189299405639,1.96577629865371e-08
"LRP6",1.11294840039772,1.96746661390545e-08
"GSS",-0.639857191570395,1.97967776008005e-08
"PEX16",-1.04636762806152,1.98030975356881e-08
"PCK1",1.57130620493118,1.98876639505873e-08
"ARFGAP3",0.934235176408996,1.99619958660945e-08
"SIX5",0.976537547362054,2.00050735614315e-08
"RPS6KA3",0.841058038369646,2.00735618366167e-08
"DGKA",1.72382292319105,2.00783558981416e-08
"TERLR1",2.03379740525204,2.00999022862353e-08
"AFTPH",0.685455154621847,2.02784769403329e-08
"PIGQ",-1.0858281277274,2.03110305907654e-08
"PIK3C2A",0.703658776216484,2.03315563138512e-08
"SEC16A",0.627678216663031,2.03467261240026e-08
"H2AZ1",-0.775464186168573,2.03517349496063e-08
"CLDN12",0.838394853759147,2.03805298171502e-08
"ETHE1",-0.856425111485531,2.05231549869609e-08
"ZKSCAN1",0.715828591001557,2.05405970790294e-08
"RPS26",-0.910301918229425,2.06734524798027e-08
"LRRFIP1",1.07408548251604,2.06992746389976e-08
"RITA1",-0.786850523994988,2.07224934868591e-08
"PRPF19",-0.794127745402399,2.07324615071109e-08
"CSTF2T",-1.30206458215755,2.08726044590439e-08
"NSMCE4A",-0.636058535935362,2.10181788350412e-08
"CEP89",-1.01578931949915,2.11721716411241e-08
"GPATCH4",-0.960483045130025,2.1173008149636e-08
"NOP9",-0.773941712798266,2.13683098629769e-08
"C1orf116",1.99702648034948,2.14840851459109e-08
"APAF1",0.858056096124609,2.15923203846977e-08
"GOLM2",0.654060954290534,2.16185560609831e-08
"CCDC120",0.788480966077467,2.163295637463e-08
"POLR1E",-0.854580981828258,2.17781106068595e-08
"UMPS",-0.714803451549363,2.20769325425331e-08
"NME1",-1.09969551769655,2.20783095276174e-08
"EXOSC8",-0.688937640280846,2.2102123837968e-08
"ENSG00000280128",1.17012746753586,2.21610557185484e-08
"EZH2",-0.724624248316776,2.21662024776095e-08
"GADD45B",1.47687180379874,2.25104224978245e-08
"ITGA1",0.829987337763153,2.25786461938121e-08
"DEK",-0.702753318859585,2.27142920931246e-08
"NUFIP1",-0.860358256873759,2.27215444444968e-08
"NFKBIA",0.652033749051326,2.27303145132228e-08
"TIMP3",0.817146693933427,2.28627043227604e-08
"POLR3K",-0.923931602825549,2.30389059561457e-08
"ENKD1",-1.03508237953592,2.30610346131444e-08
"SPIN4",-1.59751754716825,2.30964813961929e-08
"ASTN2",-1.06389621228656,2.31287653837279e-08
"SOX9",0.747344611198532,2.31466175287317e-08
"CIRBP",-0.771306765769108,2.3152699000819e-08
"NUDT8",-1.10014153280738,2.33796116191338e-08
"PPP2R5B",1.16939878183619,2.34073453872454e-08
"LOC124905349",1.20891278383689,2.34915521830182e-08
"CBLB",1.03832225294643,2.35098815429487e-08
"FARS2",-1.11665250937374,2.36126348712116e-08
"EIF4E",-0.685525903096946,2.36132887765502e-08
"POC1A",-0.925213267424717,2.36388813099127e-08
"HJURP",-0.717645730216849,2.36919163782709e-08
"SULT1A2",-0.757883604288644,2.37064143415886e-08
"PRKCA",-0.752986770563339,2.37917292649514e-08
"XYLB",-0.858875081869278,2.38417644498176e-08
"MRPS7",-0.704832501361277,2.39076573663716e-08
"KLHDC7A",-1.68361854501114,2.41192994334817e-08
"TTBK2",0.983208007653364,2.41197692055634e-08
"ENSG00000230415",-1.73656999515938,2.41398956256829e-08
"PHLPP1",0.707356785399838,2.41650360023047e-08
"BCAS1",-2.19180499368604,2.43772494562361e-08
"ENSG00000290366",1.75174117600552,2.44472956205318e-08
"AQP6",2.97708172800091,2.46304221606747e-08
"AP1S3",-1.41138550999736,2.46430557415346e-08
"DHX16",-0.618273417898623,2.4702555332606e-08
"HEG1",0.939298395454843,2.47486697190373e-08
"FAM171A1",0.778584478116504,2.47527481689557e-08
"UBALD1",0.756706473047253,2.48974738332373e-08
"ENSG00000278000",1.67797367155155,2.50047345731285e-08
"SUCLG2",-0.900124140262576,2.50152724538821e-08
"PNPO",-0.763062328833096,2.50673112411038e-08
"ANKIB1",0.641382534903827,2.5124908424918e-08
"FTL",-1.14085895831406,2.54450949345294e-08
"BCKDK",-0.91551838011873,2.55805356131458e-08
"CCDC146",1.69172175432275,2.57103404392247e-08
"SAP30BP",-0.64308259662946,2.58476091267417e-08
"TPRKB",-0.900170231168228,2.58572763384095e-08
"ENSG00000279207",1.2923778329321,2.58819570809894e-08
"BAAT",2.183404001973,2.59461816131898e-08
"TIMM21",-0.843576133189299,2.59693014527029e-08
"PRR3",-0.815297730224452,2.59949798855067e-08
"CFLAR",0.647607131705375,2.60631931582105e-08
"IPO9",-0.701275900120251,2.6156625498896e-08
"ENSG00000275532",1.86243099102325,2.62119542207815e-08
"MYL5",-2.06982743395546,2.63689861429408e-08
"SLC26A1",-1.36907431924886,2.65339620973152e-08
"GLUL",0.728911405578193,2.66162421367415e-08
"CDR2",0.82104581842581,2.68207518816517e-08
"ADRM1",-0.801946286608309,2.68335028719412e-08
"PCGF3",0.607351585754978,2.68540113625988e-08
"C8orf33",-1.04146548968891,2.68560003923805e-08
"PPIL1",-0.757416458525264,2.71911395804226e-08
"CPLX2",-1.81864062601389,2.72984274437635e-08
"REXO5",-0.940494449521239,2.73537437795179e-08
"TMEM14A",-1.16078130857511,2.73899445019674e-08
"MASTL",-0.7299419342296,2.75498306174728e-08
"EME1",-0.83420924629177,2.7550146173736e-08
"LRR1",-1.03180848692754,2.76740792463987e-08
"STRADA",-0.776009306964688,2.77846161995815e-08
"STBD1",1.00840583757834,2.79469687257646e-08
"LCOR",0.726938748467933,2.81312785128494e-08
"MIS18A",-0.965118351739484,2.81350090126608e-08
"DZIP1",-0.795821780701479,2.82655720453168e-08
"RGN",-0.840168721589677,2.84560589838528e-08
"CX3CL1",0.988763017890756,2.85366632345025e-08
"DEF6",-0.77047375419598,2.86307303680861e-08
"FAHD2A",-0.81937555293108,2.86556859658397e-08
"GAMT",-0.83836057712135,2.86778676313049e-08
"LSM8",-0.663470370219317,2.87084441213395e-08
"ENSG00000289301",2.14655777595465,2.88128393152047e-08
"GPT2",0.972633725686511,2.88967018075785e-08
"SUV39H2",-0.841783575415112,2.90242097215508e-08
"PRXL2A",0.687294464839779,2.90283542046249e-08
"G6PC3",-0.827634240257622,2.91164643906303e-08
"TMEM94",0.818420293658099,2.91276689383516e-08
"HNRNPAB",-0.881646723986697,2.91933378966854e-08
"TTC3",0.65920934601316,2.9526832363599e-08
"FOXRED2",-1.17566147264103,2.95455604492613e-08
"ICMT",-0.689143731054546,2.95511361279244e-08
"EIF2A",0.691835806602901,3.01127756847563e-08
"ENSG00000273047",-1.80568714233712,3.01599010738228e-08
"TMPO",-0.751345910778631,3.0281988332672e-08
"SDF2L1",-1.2396998932265,3.03000263327061e-08
"RGL2",0.686934350720553,3.03313629863588e-08
"LINC01128",0.827793598902496,3.048950194209e-08
"TMEM201",-0.981851090054835,3.06402576658938e-08
"DUSP6",1.89354883521342,3.07592032002362e-08
"LYZ",2.07254602183442,3.08356511111453e-08
"ABHD15",-0.849701379497417,3.08951552088029e-08
"PON2",-0.659285671777518,3.12051139370194e-08
"TSPAN8",1.80601928397678,3.12071896535434e-08
"VSIG10",0.831581243756182,3.1328406950382e-08
"RLF",0.737855830537565,3.14860238599939e-08
"TMEM106C",-0.723503912599958,3.15101826614194e-08
"CCZ1P-OR7E38P",-0.974093741795082,3.17572199058672e-08
"ENSG00000288886",-0.993458402034218,3.18883768763597e-08
"ZNNT1",1.58601185796013,3.20322198558827e-08
"NFAT5",0.872078241646688,3.22491836683727e-08
"LMTK3",1.25974363017186,3.23141303302867e-08
"ENSG00000299813",1.59600593428832,3.23938616786356e-08
"PPFIBP2",1.14264904392789,3.24626264873512e-08
"ZNF519",-1.15685121421498,3.2652185758671e-08
"ORM2",-1.18909756520973,3.27632754336194e-08
"MYO18A",0.715073766679645,3.27863771813518e-08
"SNX24",-0.913198638743369,3.29688179258811e-08
"ATP1B1",1.03811425854474,3.32888729349256e-08
"ENSG00000289316",1.59347304845401,3.35964581296717e-08
"IFT56",-1.23711619834366,3.37093288351255e-08
"LINC00607",2.75491226906771,3.37750903347893e-08
"GCA",-0.640163711558034,3.41373319880117e-08
"ALYREF",-0.99274027965193,3.42420635941216e-08
"GRB7",1.11970620766239,3.43177673969543e-08
"HIRIP3",-0.81474804743344,3.455795406298e-08
"CXADR",0.912995317929715,3.45903607448957e-08
"CRYBG3",0.880649255024091,3.48676856653075e-08
"TMEM147-AS1",-0.782805812201166,3.48697460848663e-08
"AKNA",-0.997119000529626,3.49008851790415e-08
"POLD1",-0.879574631348731,3.4999109104737e-08
"CISH",-1.38707401236289,3.52144264201372e-08
"TMBIM1",0.758039514516589,3.54133000917147e-08
"LETM1",-0.647659436475004,3.54927179006731e-08
"CDH15",-1.425644507491,3.55610571248673e-08
"RRS1",-1.18889364774421,3.58346639372669e-08
"KNTC1",-1.08233732860119,3.58541986066778e-08
"TRIM35",-0.974923919983591,3.59053381834615e-08
"PCBP4",-0.84268043249258,3.59215110028429e-08
"RHOBTB3",0.642703397803891,3.62924979300462e-08
"HES4",-1.04866072692212,3.70113688779017e-08
"MAN2B2",-0.728671343576227,3.70717442226133e-08
"ENSG00000280893",-1.16644133961598,3.73145163644595e-08
"TBCK",0.847060513922384,3.73436236728078e-08
"ZNF696",-0.846965421131453,3.74962044311386e-08
"RFFL",0.731307953037908,3.75183987863287e-08
"ANP32A",-0.739046004560516,3.78253410244757e-08
"ADAT2",-1.43434437732914,3.79851014031518e-08
"TNFAIP8",-1.37072465085596,3.80245882840357e-08
"CCSER2",0.992344814318227,3.80887781176838e-08
"TNFAIP8L1",0.694798598097148,3.80935829185955e-08
"C2CD3",-0.748130260921375,3.84165274564693e-08
"TPM3",-0.806152519532145,3.85433309558895e-08
"FOXO3",0.854772171843358,3.85698919978896e-08
"DGCR8",-0.867360527540061,3.86540117640251e-08
"ENSG00000236519",-1.72788907633819,3.86856700381521e-08
"L3MBTL2",-0.799432200931104,3.89481323978857e-08
"SCO1",-0.6882886111589,3.90426057070191e-08
"TUBA1B",-0.940449253636495,3.90944389989771e-08
"RPL7AP34",3.26785834989345,3.93279620610101e-08
"ORM1",-1.22433303447529,3.94589103224307e-08
"ZDHHC23",-1.34735402852828,3.94806490043082e-08
"TBC1D10C",1.58767547253267,3.95757500676796e-08
"PTS",0.939984407216236,3.95986271408379e-08
"FAM99B",1.86020999581513,3.96032554249381e-08
"PACSIN3",-0.739490177309358,3.96159810239956e-08
"ENSG00000277476",1.11207283184547,3.98375364820624e-08
"CDKN1A",0.907007956212991,3.98658337834619e-08
"SORL1",1.03483317712153,4.03235005086337e-08
"ENSG00000303584",1.46534006450219,4.07461465352166e-08
"TNKS2",0.5914500396168,4.08126428991568e-08
"SLC4A3",2.81300975657477,4.0954667182207e-08
"SNHG17",-0.989901406337424,4.0993261400734e-08
"MYO1B",-0.57158487701319,4.09974938036661e-08
"SUGCT",-1.1157780241244,4.10924004125517e-08
"SUFU",0.797371085801473,4.11092338777927e-08
"BMAL1",1.14831398734302,4.14596786658964e-08
"NT5DC1",-0.797889700510474,4.18195243955188e-08
"HAMP",-2.35318273564894,4.19891102918354e-08
"PSMC1",-0.719500625393885,4.20708112852878e-08
"BPIFB2",1.07801925688235,4.22044975002751e-08
"CYB5R1",-0.800873359945249,4.22493542538794e-08
"LEPROT",0.566722595591265,4.25889914735732e-08
"SC5D",0.776430875465,4.2677893925853e-08
"PRSS8",1.59169265580117,4.28035426256764e-08
"PDPK1",0.623191330994967,4.32097551839496e-08
"MTHFR",1.01011925736381,4.33403514064527e-08
"MAGI1",0.64946044456053,4.33720835900907e-08
"SESTD1",0.70303829860846,4.3987899115421e-08
"PFAS",-0.687231131190455,4.40102914122762e-08
"PHLDB1",0.871684977134562,4.4047769083753e-08
"TRMT61A",-0.95414569415851,4.4071443350856e-08
"LGSN",2.91623570886576,4.40734322245573e-08
"CDC7",-0.904205508602839,4.40852381857483e-08
"WNT2B",2.16908035492355,4.41306670819072e-08
"TNNT2",2.54053961038315,4.41495384854255e-08
"ABCB6",-1.26055448327508,4.47146636426376e-08
"YDJC",-0.891259091978037,4.48708397503148e-08
"HYPK",-1.07345115338465,4.5138474768091e-08
"POP4",-0.879655016196337,4.51792183090143e-08
"PFDN6",-0.897244783383613,4.5234573913791e-08
"PNO1",-1.18909058440065,4.53670079459482e-08
"ABCB10",-0.924944061167348,4.53712077458416e-08
"ENSG00000236200",-1.88490654096946,4.54396009366726e-08
"LRRC8A",0.807548064298439,4.55562420116829e-08
"GSTT4",3.8061944506597,4.56959875831125e-08
"ABCC6",-1.25221566940227,4.57420552472329e-08
"CCDC137",-0.639948333942145,4.59624272659432e-08
"BRWD1",0.686511533132355,4.60598841103749e-08
"DHX57",-0.702383145112427,4.61191645681006e-08
"MCEE",0.797285893661883,4.61334057625336e-08
"DAPK2",2.9115754061729,4.63435880778966e-08
"SRGAP3",1.61111350744882,4.66058480345397e-08
"ABL1",-0.589360048658824,4.66179248376427e-08
"ZNF142",-0.743758348860697,4.69879890347747e-08
"ENSG00000306229",2.76869350492956,4.71203155326957e-08
"SOX5",1.12215424311929,4.72581938259411e-08
"KDM1B",-0.942444780648914,4.76059045719183e-08
"RECQL",-0.787589188343127,4.7928140516157e-08
"PAIP2",0.810016212549664,4.81580650062214e-08
"SERINC3",0.833648985295304,4.81866127510701e-08
"KIF12",1.07512937420797,4.81874373327464e-08
"HSDL2",0.684405590920864,4.82089541965719e-08
"GOLGB1",0.875300074839956,4.85706007649412e-08
"TRMT2A",-0.713261115721721,4.85804078151806e-08
"C1RL",-0.665498950156637,4.86548202575463e-08
"MIB2",0.898625335547258,4.87578608273799e-08
"NMRAL1",-1.12152079905998,4.91233539905978e-08
"TBC1D8B",0.825005652653698,4.91354732966389e-08
"MAD2L1",-0.940375007652456,4.9151029863243e-08
"UBXN6",0.716153412886884,4.93633616354884e-08
"ENOPH1",-0.692122003066848,4.95515089743818e-08
"NFATC4",2.99909337169405,4.96152092579851e-08
"AGTRAP",-0.871369736386697,4.98394243136474e-08
"CHD9NB",2.95354919564117,4.98669542242245e-08
"C2orf74-DT",-1.03715285691007,4.99788666981656e-08
"ENSG00000246982",1.33924534748995,5.03914462303112e-08
"MT1G",-2.95272256099292,5.04384980760858e-08
"SLC17A7",2.66672049709383,5.04709947826806e-08
"ENSG00000287562",1.51895384641861,5.06853664738524e-08
"ACP2",-0.903282360414717,5.08577609482599e-08
"TPM2",1.19516442730247,5.1235792122454e-08
"PPFIA4",2.42963339856859,5.13046091467001e-08
"PRIMPOL",-1.18589144286424,5.27248507965951e-08
"TLE4",1.55092655357111,5.27674423563656e-08
"FICD",-1.37538830749984,5.29269239283905e-08
"MAFK",0.870564832380487,5.29402871753734e-08
"PLEKHA7",-0.865859997869056,5.29892088000315e-08
"MOB2",0.774299469866487,5.30465690775337e-08
"MICOS13",-1.08036255397559,5.30646111978978e-08
"SNHG8",-0.89173185446327,5.31532940490883e-08
"SEPTIN7-DT",1.44546938524488,5.31728006640911e-08
"ACBD3",0.765667346825751,5.33158632256889e-08
"B4GALNT4",0.953097737901079,5.33438564011377e-08
"PHF21A",1.30562559387525,5.38012005173836e-08
"ATIC",-0.779500532579907,5.38081779750247e-08
"ADIPOR2",0.716531796470581,5.38583934014329e-08
"NASP",-0.753694119210524,5.39514572742348e-08
"ENSG00000260196",0.771167442853435,5.43990141483579e-08
"HLA-E",0.656745421586821,5.44027978174031e-08
"CDC20",-0.675907941115359,5.46067977181122e-08
"LAMTOR1",-0.731957899682714,5.47535030633626e-08
"RAI14",-0.811635510874404,5.48604525616509e-08
"TBKBP1",0.99297361747823,5.5053370867763e-08
"TRPM4",-1.0578442744552,5.51604410617684e-08
"ENSG00000287236",1.92071354647448,5.51788331218605e-08
"BOLA2",-1.29468248715483,5.53411256962055e-08
"THOC2",0.690434804280108,5.56955628841468e-08
"FXYD1",1.72347498995995,5.62195263459461e-08
"PARP9",-1.52321646970048,5.6471424307272e-08
"DDX49",-0.800987396360289,5.68641505905408e-08
"LBX2-AS1",-1.13611963821311,5.72713971619569e-08
"APEH",-0.704699790957351,5.72908440731556e-08
"STK11",0.634545130845855,5.72970287449556e-08
"TMEM135",0.641379150846431,5.73797321281322e-08
"ENSG00000274717",3.43097478620849,5.74720381574826e-08
"EIF4A3",-0.808150505366191,5.82330798030712e-08
"GLYATL1-AS1",-4.03171434076045,5.82850451461013e-08
"INIP",-0.732318841597226,5.84598727266556e-08
"SHC1",-0.633131213895267,5.87441443817994e-08
"CNKSR3",0.639067150718563,5.88307098313223e-08
"ISOC1",-0.761743984608731,5.95064245180575e-08
"TEX14BP",1.95634515073408,5.97728375866354e-08
"BRD9",-0.687971448446574,5.98086441506174e-08
"GFOD3P",-0.69356735131182,6.01572795608175e-08
"WNK4",1.1708287157963,6.0185550106049e-08
"SLC25A39",-0.662839283153594,6.03023381636426e-08
"CENPV",-0.546814166307934,6.04888810672331e-08
"LOC124902473",4.15760741884129,6.05974198992005e-08
"DYNLL2",-0.694967929763461,6.0797695827087e-08
"SH3BP2",-1.14680327284906,6.08165244205964e-08
"IL1R2",-1.48602482689265,6.11052925101941e-08
"MAGED1",0.819452916798918,6.11090059600197e-08
"PANK3",0.610928152681166,6.11426801658951e-08
"KDF1",1.71706650998035,6.12794324449619e-08
"CWF19L1",-0.825725889378551,6.13651790997887e-08
"FOXN3",0.906719400998147,6.19187925338658e-08
"RPUSD1",-0.950091502796485,6.21847077671892e-08
"SIVA1",-0.977823957911671,6.22631758522426e-08
"MAMSTR",-1.16732370052309,6.23043206534126e-08
"SLC48A1",-1.14005751368765,6.23423777475143e-08
"LRFN4",-1.66775625654707,6.24351701909637e-08
"YWHAH",-0.861042880349178,6.27411142765095e-08
"TAF8",0.701710638657337,6.28617810608674e-08
"MPND",-0.868165536585458,6.30565140917649e-08
"ENSG00000235563",3.13334474088695,6.33963631596815e-08
"CCDC138",-0.863820383609777,6.37702082720833e-08
"HS3ST3B1",0.683383666629309,6.40178092145848e-08
"ADAMTS6",1.22147551594473,6.41505438880387e-08
"ADGRL1",1.64695928474225,6.46035983030525e-08
"TMTC1",-1.94869344868099,6.53697813074214e-08
"ZNF334",-0.973220141242949,6.55374401603022e-08
"DNPH1",-0.95442667167786,6.59243771271458e-08
"PSAT1",-0.690255879292545,6.59662383723531e-08
"SLC35E1",0.727069865369906,6.61330251603889e-08
"PLSCR3",-0.995158402804338,6.62906167147385e-08
"GRHPR",-0.738864305803379,6.63221892027334e-08
"CABLES1",0.739612855728119,6.69964292783704e-08
"CPB2",0.74092875001389,6.70124870344195e-08
"TP53INP2",1.08495400503873,6.72589488339506e-08
"DARS1-AS1",1.713929029656,6.73084552812861e-08
"TMED6",-0.945835448157894,6.73425638257577e-08
"ECI1",-0.6957276780944,6.73610852507467e-08
"RBL2",0.679222633423231,6.75433824073343e-08
"MAP2K6",-1.00785577280657,6.76856940593973e-08
"NCKAP5L",0.602334026999155,6.78379503009867e-08
"PLD1",1.30567584120454,6.82026181170663e-08
"PITRM1",-0.610274131707917,6.82450782823839e-08
"FTH1",-0.826679691098225,6.82798224818631e-08
"PKLR",-0.916738649107121,6.85212215945701e-08
"MTO1",-0.575049128100813,6.87381248749158e-08
"CBFA2T2",0.571200170134358,6.91990422433332e-08
"ZNF444",0.581349245876927,6.95122527704679e-08
"ZNF576",-1.05924036587617,6.99995953904007e-08
"PUS10",0.60648924108812,7.01220313247594e-08
"ERCC5",0.725598528554476,7.01674826240093e-08
"POLR1H",-0.705607422915836,7.03119743624607e-08
"LINC00612",2.98581294687053,7.04160641638084e-08
"NORAD",0.769070270357067,7.04416615126114e-08
"SCN1A",1.18644196998347,7.067400431221e-08
"ALG6",-1.19169769827613,7.07762993276311e-08
"CCNY",0.571967989010563,7.10246250422832e-08
"ENSG00000249669",1.52877745593717,7.1393821354607e-08
"RAD50",0.668194038520156,7.15992297768381e-08
"TMEM256",-0.964836608468759,7.18762772734316e-08
"MYO15B",-0.904445441842248,7.19827249905644e-08
"WWP2",0.601934406414464,7.19912763244362e-08
"HPS6",-1.04256798334001,7.23304755413942e-08
"KLHDC3",0.675636574357954,7.28461405871916e-08
"SH3YL1",1.49947464209253,7.31450046585817e-08
"ENSG00000232445",-1.26286612316706,7.35247492695986e-08
"CLDN6",-1.42717700958253,7.3548297158162e-08
"ENSG00000224187",2.43103335823043,7.36427714050057e-08
"HLA-F",-1.13755620841135,7.38989824775986e-08
"MMS19",0.615596652973273,7.40867599810186e-08
"THEM4",-0.753067229157518,7.43738157175064e-08
"ENSG00000305992",2.25356007845651,7.44603281597473e-08
"POP7",-0.99617111777776,7.44893741858293e-08
"F11R",0.851750558964436,7.45670159886293e-08
"ENSG00000226363",3.90344250213155,7.46606316616288e-08
"TP73",-1.35752392367604,7.47467566710531e-08
"LGALSL",0.764274250391702,7.50405751565696e-08
"SOX8",2.57884445178937,7.51793409092054e-08
"DHRS11",-0.652621509107397,7.53001367435324e-08
"DHCR7",0.88121884088889,7.55149815387824e-08
"LCN15",1.9819019557893,7.60281840782012e-08
"YAF2",0.839840579544129,7.61714372152018e-08
"BRIX1",-0.961165885846218,7.6400788861243e-08
"SFR1",-1.64492997715883,7.6626587517124e-08
"PUS1",-0.787904647228769,7.78729990064255e-08
"SHARPIN",-0.661691371955626,7.8204387983227e-08
"H1-2",-2.36388586409651,7.9491904633003e-08
"NME4",-0.796296427963656,7.95263737776526e-08
"MYO19",-0.719113961900098,8.01257860542186e-08
"ZDHHC12",-1.00228856047716,8.04442535836496e-08
"NCAPH2",-0.815486109838155,8.0945943750032e-08
"KIZ",0.799461306295401,8.09732267057707e-08
"KYAT1",0.94492047716544,8.12180316333927e-08
"ZSCAN4",2.14518578733689,8.1333709034162e-08
"MTFR2",-1.30251603316738,8.13957158301026e-08
"LUC7L3",0.966607893751294,8.20199874390927e-08
"TTC32",0.996660013019283,8.20251391939432e-08
"RNASE4",0.750898228017965,8.22538754623878e-08
"PYGL",0.669199039264634,8.28169042651922e-08
"AMT",-0.715682419857473,8.28296943565162e-08
"BOLA2-SMG1P6",-0.862559759792128,8.31794370698134e-08
"ENSG00000276672",-1.52123161982448,8.32000969522402e-08
"CDCA3",-0.896146045477763,8.34334005517786e-08
"AGK",-0.585807642124354,8.35325227627678e-08
"EMP2",0.86720285765248,8.37081298629209e-08
"NT5C2",0.572285747233207,8.41913111216197e-08
"DTNBP1",-0.789185834978482,8.46408390742049e-08
"OAS3",-0.824715874679148,8.48134992144177e-08
"ACOX1",0.557087826181759,8.49028657354549e-08
"TRIM2",0.882693857605743,8.49469177934936e-08
"LOC105374901",7.4756152882201,8.524457238734e-08
"ENSG00000286115",1.57604104427551,8.52446780108356e-08
"RNASEH1-DT",-1.26045097606939,8.57622300423583e-08
"LINC00548",2.48858486999784,8.57683741428764e-08
"TOB1-AS1",1.39034479705121,8.58221695887287e-08
"BLTP1",0.745913003183699,8.60154401537461e-08
"ENSG00000279254",4.51199960291858,8.64558813200667e-08
"DDAH1",-0.720648989074112,8.65664525153746e-08
"ENSG00000273192",1.80410974205225,8.66129689090932e-08
"WBP2",0.776983536738739,8.66481054903992e-08
"TESK2",1.05465874284808,8.71859161097051e-08
"PPP1R9A",0.68719055316694,8.74203311639303e-08
"CNDP2",-0.57883285413701,8.75572868572038e-08
"PALM3",1.4222394706759,8.82040439401529e-08
"PIGX",-0.831308648189362,8.82453644685891e-08
"MOCS1",-0.897379412545386,8.83406946742533e-08
"SAC3D1",-0.777788880701641,8.92570025432602e-08
"SOX13",-0.664830411049458,8.92783911035169e-08
"PURPL",1.07644331713712,8.93805463803314e-08
"OXLD1",-0.762071168002081,8.97779066576627e-08
"UTP4",-0.623383650242125,9.00082364340692e-08
"ANKRD34A",2.18997407894701,9.01835718625097e-08
"ENSG00000237877",1.08973763190228,9.04454375117094e-08
"ZMYM6",0.743911056510849,9.05873799752845e-08
"VEGFA",0.683502121212071,9.06410293669525e-08
"KCNJ14",2.33601896658334,9.081646678859e-08
"FUT10",-0.998302966205136,9.12130899331043e-08
"PROZ",0.793297675297756,9.12452328804723e-08
"CCDC51",-0.921102164599605,9.12986225099329e-08
"GMPS",-0.699179277835867,9.13080788690682e-08
"LINC01134",1.131758399288,9.14309848739474e-08
"HPS4",0.693495575431797,9.15207646161243e-08
"GCDH",-1.02617057229329,9.16611757517917e-08
"SLC16A13",-1.01979312628259,9.16994222792441e-08
"RABGGTB",-0.603227259344396,9.17399546815373e-08
"USP13",0.952709140280845,9.20745017095056e-08
"LINC01484",1.42046049942954,9.26025555224771e-08
"ENSG00000247011",1.9367234782889,9.26458748868822e-08
"DIXDC1",0.9484927194678,9.26757864180282e-08
"APOL6",-0.713779743149578,9.34462235359208e-08
"LINC01118",1.82512680136027,9.35432359885415e-08
"EML4",1.00821849536946,9.37332337604926e-08
"USP34",0.62728502629139,9.40845812788059e-08
"TASP1",-0.906232660559057,9.50778203727475e-08
"LMNTD2",1.26266519647751,9.65312912904356e-08
"ENSG00000269976",1.4364892298949,9.66010670662169e-08
"NT5E",1.22674639439484,9.68874747729902e-08
"AGAP7P",1.04313877344902,9.72634424475324e-08
"ZMAT2",-0.80873706117765,9.77148495004803e-08
"PIK3AP1",1.1096755218377,9.80043614502748e-08
"MAD1L1",-0.69809286329685,9.81217582935836e-08
"ZC3H11A",0.64753132106797,9.85782267772862e-08
"ZBTB22",0.89497739296545,9.86013870963952e-08
"RAB11FIP5",1.02785395924999,9.96974802013613e-08
"PDZD11",-0.829535565443362,9.98721683181685e-08
"CFAP119",-1.50506465956582,9.99252166315777e-08
"PRPSAP1",0.67988475106297,1.00169651463427e-07
"EPHX1",-1.17549012011671,1.0033491875777e-07
"DAXX",-0.564733916026194,1.00517917654749e-07
"SUPT5H",0.727994174624123,1.00573078874414e-07
"ZNRD2",-1.177713971221,1.00635716644521e-07
"FH",-0.753085632165339,1.00641834821952e-07
"LOC124901447",1.5422038428992,1.01014357135919e-07
"KCNJ10",2.55618135367257,1.01133585545036e-07
"RXFP4",2.38215342254997,1.01584181423846e-07
"RPL10A",-0.771873817666006,1.02439120502548e-07
"GON7",-1.18910118134309,1.02458191744524e-07
"RRP1",-0.650084735521216,1.02595569537011e-07
"SMUG1",-0.8217821699407,1.02980990426401e-07
"IGIP",0.958141808541612,1.03102853950673e-07
"ZNF620",-1.07853850872224,1.03202614973908e-07
"SLC2A13",0.855764417005988,1.03282230027606e-07
"PEX19",-0.832585590693622,1.03593492663996e-07
"CEP120",-0.919070824045245,1.04234401993563e-07
"COASY",0.59504967470136,1.04287759081091e-07
"SLC2A10",0.946838650379993,1.04340395161581e-07
"SMTN",0.735001562939105,1.04494608638375e-07
"PIEZO1",-0.713244198492204,1.04707555260458e-07
"MAP3K9",0.817527573133152,1.05220914435508e-07
"NCBP2",0.8793198899057,1.05761921206614e-07
"TBC1D3G",1.7981081257419,1.06048517442894e-07
"PIEZO2",0.83248020707961,1.06086503043263e-07
"MDK",-0.778140371987108,1.06747934386858e-07
"CCDC71",-1.0384329529733,1.07072303686906e-07
"NIPBL",0.685803705349643,1.0745509977851e-07
"BDH1",0.962474829458073,1.07769517842474e-07
"CCDC68",1.16226833354362,1.08252084304071e-07
"ARID5B",1.22715475421299,1.08646313876708e-07
"POLR1C",-0.783778746145637,1.08961525815642e-07
"HMGA1",-1.32445452933392,1.09207977324773e-07
"CDK5R1",-1.17356240178501,1.0924640224614e-07
"POLR2I",-1.00731923281917,1.09487822974214e-07
"LOC105377329",0.890968371843054,1.10135465148274e-07
"ELAC2",-0.631270567128762,1.10340674113705e-07
"TBC1D2",-1.1352279791027,1.10356550691034e-07
"IQCC",-1.4294326121163,1.10743867263434e-07
"CCNJ",-0.683871850026325,1.11585708891462e-07
"CYB5A",-0.569833299933814,1.1172362088104e-07
"GEMIN6",-0.826559540017878,1.12167518716192e-07
"CEP55",-0.77357625714727,1.1265305963707e-07
"PLCD1",0.910856794205711,1.1317638551184e-07
"LOC124900275",0.661234080247526,1.13264775200202e-07
"PCM1",0.682522651359541,1.13427446335374e-07
"KIAA0319L",0.532881340846137,1.13574937394921e-07
"NPAS2",0.766642956730995,1.14120098983136e-07
"ENSG00000288538",1.8739831593864,1.14326198201604e-07
"MASP1",0.727858554186823,1.14515922998879e-07
"POLR1A",-0.551754689239494,1.15338759812185e-07
"QNG1",-0.862728665811594,1.15439950784127e-07
"SLC1A2",1.0369885168217,1.1567870189466e-07
"EIF3C",-0.783002133981085,1.16072474315095e-07
"MRPL17",-0.764878001108724,1.1671906752084e-07
"DNAJC30",-1.09171478928611,1.16817635786205e-07
"DHRS13",-0.820315616703635,1.16886166741478e-07
"CLEC10A",2.02802450579623,1.17556538328973e-07
"CHDH",0.618879413743624,1.17909700269383e-07
"HSD17B10",-0.702897401024759,1.18418179002134e-07
"PARP12",0.810516210693363,1.18814963869338e-07
"ZNF37BP",0.875649714642899,1.18995956642963e-07
"AP1M1",-0.651880462261228,1.19190184899529e-07
"SOCS5",0.807983140736574,1.19574727954502e-07
"BMP4",0.741954544904927,1.19594941177117e-07
"LOC105377940",3.55907662074051,1.19660299959563e-07
"NCL",-0.71169993787645,1.19924303013952e-07
"APOBEC3B",-1.10758597598475,1.20979722927714e-07
"VPS52",-0.709704101572449,1.21245508504384e-07
"AFF4",0.632903261919227,1.21468428169609e-07
"ZER1",0.867111059577179,1.2181397184069e-07
"DIDO1",0.636282725151206,1.21975113414469e-07
"LOC107986854",2.58317911230578,1.22434141808924e-07
"KDM4B",0.892892114812505,1.2274185236282e-07
"SBNO1-AS1",1.16718682856105,1.22778120067827e-07
"GPS1",-0.613838157186239,1.22831052967665e-07
"LNX2",0.83858430361762,1.23198535634778e-07
"MPV17L",-0.93813946217947,1.23703000917593e-07
"DOLK",-0.935280634544281,1.24018751325264e-07
"HARS1",-0.592107317708828,1.24410140105537e-07
"ELP1",0.877371880785103,1.24725359250887e-07
"SMG8",-0.771925922682585,1.24858900570599e-07
"OGFOD2",-0.905733728036756,1.25182081929977e-07
"SPON2",0.961691517621715,1.25925535842061e-07
"ENSG00000269982",-1.35070914927278,1.27675958784376e-07
"TMEM218",-1.07130837419308,1.27753405335022e-07
"IPO11",-0.919656626210929,1.27869632131406e-07
"H2AC15",1.3830661141312,1.28069354554281e-07
"MOCS3",-0.940289406494248,1.28081244699863e-07
"GRAMD2B",0.800373465385343,1.28922400976148e-07
"HP1BP3",0.649754232161342,1.29315395881234e-07
"HBEGF",2.09342671533697,1.29439945758604e-07
"PDLIM1",-0.757959878178504,1.29628163772179e-07
"RBIS",-0.706397818986117,1.30049997056483e-07
"MRPL30",-0.681087179031381,1.30233584141529e-07
"ZRANB3",-0.702084348999971,1.30314844710483e-07
"TRAF2",-0.571977722751326,1.30423007775543e-07
"CHMP6",-0.79658646405628,1.3047549609653e-07
"C11orf98",-0.985251368122847,1.31204490888165e-07
"ZFYVE1",0.925821402035284,1.31991978524526e-07
"TEN1-CDK3",1.00216992075674,1.32078015191954e-07
"CCL15",1.31888884005953,1.32146933224169e-07
"CBX5",-0.994745836925585,1.32182295856902e-07
"TRIP11",0.657812514766182,1.32366569623322e-07
"DFFA",-0.569677486519279,1.32764091080185e-07
"ARHGEF1",0.703625829291677,1.32857836364638e-07
"RPS6KL1",-0.946470864228886,1.33243614281432e-07
"LOC105375022",1.28726546408187,1.33610437151975e-07
"ANAPC7",-0.555395996135294,1.33657225218876e-07
"FUT3",2.84954079641918,1.3381550353887e-07
"GCLM",-0.779056116670383,1.34144201101772e-07
"ENSG00000288550",1.73094782409576,1.34477695470468e-07
"ARHGEF16",0.511086770126476,1.34746549326341e-07
"NR1D1",1.20522040777838,1.35020889912373e-07
"MRPL37",-0.743922017857833,1.35023244705747e-07
"NTMT1",-0.618971736344993,1.35262081494459e-07
"CDK1",-0.733252319336948,1.35308845358933e-07
"CLUAP1",-0.945360346899337,1.35655369991498e-07
"ENSG00000280206",1.16410181263757,1.35976796028658e-07
"TSPAN13",0.646802169989772,1.36027071453762e-07
"ENSG00000280351",2.4202977111536,1.36684443896702e-07
"ENSG00000260742",1.28598329030292,1.36767880304449e-07
"IMP4",-0.591681730384531,1.36852175845308e-07
"BYSL",-0.820342439163233,1.37437468473283e-07
"ZFP62",-0.728709812869196,1.38468458441361e-07
"P2RY8",1.00984852375524,1.38517364942324e-07
"PDE3B",0.524031914088158,1.38847166826764e-07
"SLC35D2",0.650461961578663,1.39082189754349e-07
"SRXN1",-0.812502530807784,1.39271788092203e-07
"CENPF",0.90913211226449,1.41253920364869e-07
"NOC3L",-0.803195766718727,1.4233146605329e-07
"UROS",-0.749748000701211,1.42818756853167e-07
"MSRB1",-0.730990736252694,1.43376910238888e-07
"TEDC1",-0.932920992018341,1.43392965916326e-07
"INO80D",0.651674029394667,1.43670022520619e-07
"DUS4L",-0.812720379310448,1.43855466777342e-07
"CENPT",-0.968756543070591,1.43887477540939e-07
"PXYLP1",-1.30604497551287,1.441984265882e-07
"EPHA2",0.817095662035696,1.44311140809101e-07
"CHROMR",-1.50744878863567,1.44453976408779e-07
"NQO2",-0.709142395387478,1.44796682346145e-07
"MPDU1",-0.586291268487875,1.45141992542341e-07
"SPRED2",0.619475527070423,1.45566654260458e-07
"PTAR1",0.734246698205226,1.45608976324236e-07
"LOC124902609",2.34941136431635,1.45928653497048e-07
"TALDO1",-0.727569683536301,1.46072054623594e-07
"TRAPPC2L",-0.73755631721018,1.46265466070186e-07
"RNASEH2C",-0.641899845771902,1.46516022966274e-07
"VOPP1",-0.687433287923247,1.46694454468226e-07
"VMA12",-0.67642440305886,1.46950828216297e-07
"HK2-DT",-2.18781188091123,1.46965309047994e-07
"PCF11",0.664944147942849,1.47348452852511e-07
"BOLA3",-1.06905774436486,1.4784554598479e-07
"ENSG00000279428",-4.10923702257583,1.48143379561975e-07
"VASP",1.16155512032789,1.48185419994075e-07
"MED22",-0.965638629956472,1.48816015053971e-07
"SNRK",1.17680018895695,1.49280357884512e-07
"SDC4",-0.881382998536393,1.4961383374723e-07
"PARS2",-1.26466507618976,1.49632770703057e-07
"PRH1",1.53065164991864,1.49808217445018e-07
"ZNF90",-1.22555624665718,1.50456895590896e-07
"ENSG00000267317",1.3265036682613,1.50911831612361e-07
"MARK4",0.8722492664265,1.51253849511978e-07
"CBX6",-0.775435285126614,1.51345438972472e-07
"DHRS4",-0.776276188189045,1.52510179471511e-07
"COCH",-0.920510853831894,1.52930043451874e-07
"SANBR",-0.790424006400146,1.53281066646377e-07
"SP2-AS1",-1.29749566800887,1.53621666041561e-07
"FARSA",-0.719365178195785,1.53744529291786e-07
"ACBD4",-0.760267713994419,1.54856016794643e-07
"TSPAN9",0.729081666529982,1.54951109351137e-07
"ZFAND2B",0.866340817787848,1.55064516924197e-07
"LRP5",0.648664903890729,1.55072760781073e-07
"CDK18",0.841515827109027,1.55173413026645e-07
"CNOT10",-0.677765406236982,1.55209245696411e-07
"CIAO1",-0.534902166334374,1.55632440598842e-07
"MYBL1",-1.01129944508074,1.5591153415775e-07
"ICAM5",1.3880384389435,1.56352427793903e-07
"MARF1",0.756415683256513,1.57175998258558e-07
"MYO6",0.772492292935585,1.57392041447392e-07
"KLC4",0.778189587793796,1.5762576863929e-07
"TNRC6B",0.660846619519135,1.58370768272377e-07
"C19orf47",-0.739033251290168,1.58507247419018e-07
"DDAH2",1.38627075091863,1.58865403680723e-07
"USP48",0.572068928964642,1.59061063600264e-07
"NDUFV3",-0.554867057198314,1.5914585910424e-07
"ENSG00000231881",2.69611432294352,1.5944289974415e-07
"ENSG00000261051",1.70226723767432,1.60150711252908e-07
"GPBP1L1",0.574741201790794,1.61039027978264e-07
"ATAD3B",-0.693933680552452,1.61799297276104e-07
"PRR11",0.911823878626953,1.61918670643649e-07
"BBS2",0.576553612845386,1.61989986603989e-07
"RBM33",0.653902351792967,1.63018766419319e-07
"INTU",-0.827259535420986,1.63235096784503e-07
"FUT6",0.931788587762947,1.6456145484631e-07
"STAT2",0.776222655805727,1.64734471492495e-07
"GET3",-0.664831921713956,1.64878977700891e-07
"FTSJ3",-0.760817094956125,1.65089608615546e-07
"NRM",-1.16925828801204,1.65326850010496e-07
"A1BG",-0.692421622490489,1.65699969820001e-07
"ERG28",0.72342217006626,1.66011002410914e-07
"GLA",-0.86722778444027,1.66670129320162e-07
"MRM1",-1.0202655925168,1.67065757642557e-07
"TLCD1",-1.01854119880245,1.67475872098796e-07
"ENSG00000289077",1.85469161861254,1.67826831759976e-07
"RNMT",0.685593037222764,1.67903302816847e-07
"SRBD1",-0.776951218760356,1.68066403536803e-07
"MDH2",-0.788654321404182,1.68412490479276e-07
"IRF2BP1",-0.65410231653617,1.69563967849801e-07
"PIN1",-0.707053185991647,1.69812837439239e-07
"MTFR1L",0.618467194545602,1.70027820425014e-07
"ENSG00000237499",1.65245082312027,1.70189679043094e-07
"BHLHA15",-1.97386166714533,1.70497411120228e-07
"SURF2",-1.21232283943109,1.70985668665636e-07
"H2BC21",1.30613115023534,1.7224492705602e-07
"CYGB",1.07131117801678,1.72333803978659e-07
"GPN2",0.653359477604387,1.72376281805182e-07
"WBP11",-0.679728510680156,1.72625458204466e-07
"SLC25A16",-0.83319718605394,1.72802241787629e-07
"ARMC1",-0.607752124700698,1.73354483989363e-07
"MTMR1",-0.692063648297233,1.7417115891158e-07
"CMTM7",-0.654068030404198,1.75348319199672e-07
"ALKBH3",-1.22827956863254,1.7563798337051e-07
"CYP4F2",-1.59632316280821,1.75665351200381e-07
"LINC01191",2.71785947469767,1.75940599602946e-07
"SCNN1D",-1.35766559289446,1.76416184933619e-07
"CYP21A2",1.07315819535076,1.76905999370993e-07
"PIP4K2A",-0.858207311587654,1.77109066032604e-07
"EMX1",-1.15906311977718,1.77133345702356e-07
"POLR3G",-1.32939352409515,1.77410330695356e-07
"FAF1",-0.610661833426655,1.77666695848099e-07
"ARFGAP1",0.718950650748007,1.78120551712053e-07
"LY6G5C",2.01957825228039,1.78175132234018e-07
"DCUN1D4",-0.688922610127931,1.78239886817337e-07
"GYG2",-0.873882697735319,1.78536696491551e-07
"ENSG00000268713",1.06433255468389,1.78854309678465e-07
"RNF34",-0.641978887114861,1.79517663163799e-07
"ZBTB46",0.737093167738116,1.80325211691078e-07
"MBNL1",0.689251663912259,1.80684814509518e-07
"SMC1A",-0.675623118941736,1.80768302624553e-07
"TMEM59",0.764542460572803,1.82039922459358e-07
"ZNF605",0.748091557624448,1.82070981866008e-07
"PIAS2",0.869384185153498,1.8214170293267e-07
"ARMCX3",0.717599023364072,1.82213524468982e-07
"ACOX2",-0.723810335060807,1.82554446008528e-07
"SMIM13",-0.631487422755467,1.82750194482848e-07
"ENSG00000274317",2.16923440980781,1.83410432322163e-07
"OAT",0.936835667603491,1.83631915567777e-07
"SYNGR3",2.21900956310319,1.8443346912637e-07
"TFAM",-0.680167438678677,1.8500408250524e-07
"POLL",-0.663317927516262,1.85230368990408e-07
"TRAPPC14",-0.694474264615024,1.85367342101466e-07
"AFDN",0.690848211398024,1.85768473080467e-07
"SLCO4A1",0.585419737164382,1.87470862861411e-07
"ENSG00000254363",2.29464233402157,1.87586623736283e-07
"VARS1",-0.729336237626483,1.88116498380006e-07
"EFCAB12",1.66416123025625,1.8844746883748e-07
"PPIH",-0.77127001598621,1.88585075489013e-07
"PSMC5",-0.600156422517977,1.89031301470809e-07
"DIRC3",2.27309565770733,1.89190605355394e-07
"ADAM11",-2.59812087953297,1.89959558489436e-07
"CDK3",0.920687158385732,1.89989245941254e-07
"JARID2",0.650308143048885,1.90094799261396e-07
"RAC3",-1.14209007405411,1.90659855268322e-07
"SF3B1",0.74366376018417,1.90729893636991e-07
"ENSG00000270419",1.17401085672627,1.91089909733743e-07
"EFTUD2",-0.643126341000841,1.9175158039783e-07
"ENSG00000226149",1.43294568389595,1.9206777849121e-07
"GPR157",0.846260268284002,1.92164590247044e-07
"DIS3L2",-0.609168041618221,1.92958180488869e-07
"SBDSP1",-0.717606923598343,1.93127950080039e-07
"TMC6",0.916054973943571,1.94262788765549e-07
"GRK5",0.872318652043815,1.95502707456785e-07
"NDST1",0.651011243497812,1.97124515027608e-07
"ENSG00000247679",2.71182189887897,1.97613656644192e-07
"RCL1",-0.773638504652354,1.99232849904169e-07
"TTC12",-1.15981642930498,1.99427520586086e-07
"LOC105376177",-1.17205612288634,1.99580899845435e-07
"EPN3",-2.19866705173295,2.00753254479126e-07
"DBH-AS1",0.983717897071503,2.00937884558221e-07
"DCTN6-DT",1.35069792471881,2.01984976136971e-07
"PRPF3",-0.669864227947534,2.021120567332e-07
"EPB41L2",1.08147389000591,2.03312634891925e-07
"SNAPIN",-0.820775708731634,2.03438416593767e-07
"CHCHD10",-1.30816132295579,2.03893359715602e-07
"LINC02535",1.88588833072288,2.05119420338983e-07
"YEATS2",0.635179194291957,2.05873386233989e-07
"MRPL53",-0.828827547612166,2.0595292118542e-07
"STK11IP",0.691411780625366,2.06301023995643e-07
"CENPS",-1.31229333002419,2.0799191337429e-07
"LPAR2",0.95278820113816,2.08641722045903e-07
"ZNF7",-0.645944669002582,2.09205305184738e-07
"RWDD2B",-1.12881463668967,2.09323467364346e-07
"PODXL2",-0.805461629359547,2.0988844800406e-07
"LUC7L",0.825329295866025,2.09948388113141e-07
"MBTD1",0.631271852142185,2.11427756552859e-07
"RUFY2",0.756402246382607,2.11803142325701e-07
"SUV39H1",-1.00474102607815,2.12412207559382e-07
"ENSG00000250644",1.8590418740716,2.12456169044528e-07
"ENSG00000283973",4.33783158009359,2.12738114254716e-07
"RBP5",-0.980510346931507,2.13017039470588e-07
"CRIPT",0.672921118313941,2.13021836190809e-07
"FHDC1",1.61300078198915,2.13265183208039e-07
"IL4R",-0.88887431705539,2.13665861837834e-07
"C3orf86P",2.72690440519402,2.13851795040098e-07
"NIFK",-0.929436003900349,2.15143731106812e-07
"TPST1",0.728470726610652,2.15300172209429e-07
"TOMM20",0.826420966021032,2.15370636692389e-07
"MAST2",-0.510282005192768,2.16460331867965e-07
"MRPS18C",-0.69100101373101,2.17372640522094e-07
"ENSG00000277938",2.16977226621571,2.18340035373235e-07
"ENSG00000184441",1.10234313779199,2.18974631795751e-07
"SLC25A24",-0.972966207928526,2.19811972655028e-07
"POLR3F",-0.600069422150057,2.19991066634436e-07
"TUBE1",-0.945090697573457,2.23633110287964e-07
"SMPX",-1.93550963185816,2.24980633415531e-07
"ING4",0.693066954589059,2.29149754921329e-07
"PSMD13",-0.576171300922011,2.29255659859544e-07
"FAM86FP",-1.52732613287647,2.29637411859251e-07
"TMEM138",-0.892848393333908,2.30069673525186e-07
"RAB23",-0.779024079419424,2.31071599801397e-07
"FAM118A",0.772528555591286,2.31293119919263e-07
"RNF215",0.948391004820676,2.31398657210266e-07
"ENSG00000304458",1.58358285213225,2.33774109637787e-07
"ST3GAL5",1.08162362811215,2.34010726696332e-07
"DPM2",-0.714065931801467,2.34704842502163e-07
"DDX11",-0.703521090302641,2.35691178919613e-07
"HAUS5",-0.89657835746717,2.3598046586508e-07
"SETD6",-0.66141685832403,2.36042903854973e-07
"SLC17A9",0.776740848992066,2.36933543229031e-07
"ENSG00000293141",0.776834302741279,2.37476589456804e-07
"BHMT",-1.62650501556993,2.38416981165605e-07
"ATAD5",-1.08833916840283,2.3888841455685e-07
"MATCAP2",-0.923413972443378,2.39958112058896e-07
"TMEM250",-0.683143088015865,2.40255224122259e-07
"RBM14",-0.591123505541844,2.40615680327507e-07
"HSPA9",-0.691760076045002,2.43735011807952e-07
"EIF6",-0.65365780348307,2.43808282992505e-07
"CCDC14",-0.925650938941365,2.43900496232744e-07
"PTTG1IP",0.899284946661027,2.44155841703285e-07
"TRA2B",-0.557738500658223,2.44286442727479e-07
"LOC105379047",4.87069798449483,2.45592899424474e-07
"SERPINI1",0.997609541856873,2.4608828302387e-07
"FABP1",1.09736410904386,2.46215143695127e-07
"RAB4A-AS1",-0.763392879697064,2.46245892051482e-07
"PSENEN",-1.03521969866273,2.46705380783925e-07
"NUP37",-0.779533398144876,2.47831059785738e-07
"AKAP9",1.07496927799045,2.49795697933797e-07
"B3GNTL1",0.76994421627495,2.49850368768917e-07
"MRPL4",-0.581454811261085,2.50251508429333e-07
"FBXL19",0.645989163815458,2.5040600033188e-07
"ENSG00000273230",1.4372775610584,2.50565457221396e-07
"RRP7A",-0.525176123248012,2.50945606533784e-07
"SMAD3",0.641199318189715,2.51246289343336e-07
"TMEM184B",0.816848388298828,2.51590207351762e-07
"NEDD4L",0.516864283064182,2.51898276795507e-07
"ENSG00000287978",2.58993125926659,2.51978010702509e-07
"EFCAB7",-1.08522900454832,2.52248082797016e-07
"VAV2",0.550132266670552,2.53587624026953e-07
"LINC00574",-0.993856942339867,2.54280976057645e-07
"CCNB2",0.687505873241635,2.55760135803566e-07
"NR0B2",1.53868547238277,2.57035181459286e-07
"GALE",-0.720177615174401,2.57460032794763e-07
"MUC20",1.68884059478936,2.57540951762524e-07
"HS3ST5",3.20154130207676,2.57881470449651e-07
"IKZF5",0.73264528056829,2.5793305463605e-07
"KIF13A",-0.547292742179283,2.5915898130777e-07
"APOM",1.22373660325426,2.59429898583774e-07
"DDX19A",-0.506835287877724,2.59627387551589e-07
"EOLA2-DT",0.998334773153799,2.59770542524343e-07
"ZNF792",1.68411827830638,2.60186534923851e-07
"MTERF3",-0.750333752473982,2.6053839123155e-07
"PPCS",-0.648234660889487,2.60638164997958e-07
"CCT6P3",0.816094228126521,2.64347832445936e-07
"NUDT1",-0.806633146877094,2.64577728658298e-07
"PCGF6",-0.785501356450751,2.64807084787613e-07
"CHCHD3",-0.887076165252278,2.64999342690936e-07
"GSTA4",-0.653245908963216,2.65143094486176e-07
"NGDN",-0.577609135184348,2.65540817087541e-07
"MSI2",0.60598667478346,2.65996064997643e-07
"SECISBP2L",0.663001354739778,2.66633599017265e-07
"FOXP2",3.01271630883995,2.6716959902435e-07
"MOGAT2",-0.785736664287305,2.68091752781439e-07
"CCDC97",-0.768934434299726,2.69038934697892e-07
"MTMR3",0.642095239773029,2.71263381759321e-07
"TMEM205",-0.675658704718481,2.712699503141e-07
"FANCL",0.744817968879522,2.7508227907495e-07
"ME2",-0.764624163168788,2.75456588641524e-07
"HLA-DMA",1.35577995109155,2.75597152465657e-07
"NEK3",1.15182437351887,2.76228939089241e-07
"PCGF2",0.697837804476918,2.76403050780298e-07
"AP4E1",0.610783572118851,2.76576177905391e-07
"RAB11B-AS1",1.34379878799835,2.7764587185277e-07
"BRCC3",-0.663258039454068,2.79307294059455e-07
"XRCC1",-0.666027851904836,2.79348845486576e-07
"TRIM14",-0.818185164105928,2.79536611013285e-07
"MAP2K7",0.54976928737695,2.79544463314895e-07
"ATR",-0.682969924457349,2.80704893931044e-07
"CLUHP3",-0.720646605528269,2.80746591668359e-07
"PIK3CA",0.79260370923762,2.81587720424682e-07
"ARRDC1-AS1",-0.725687344294673,2.82952450267844e-07
"WDTC1",1.10388340625252,2.84115227395008e-07
"TMEM185B",-0.838710531621942,2.84360486731857e-07
"VPS54",0.697904225221273,2.85747970535478e-07
"ENSG00000290793",1.21706291751484,2.86264774032504e-07
"SEPTIN6",0.701416403865382,2.86577778386553e-07
"WIPI2",0.71242953430872,2.87798371622945e-07
"NAA50",-0.551337441990783,2.88024942416948e-07
"FOXRED1",-0.625922730275038,2.8806052206433e-07
"LRWD1",-0.659388003088511,2.88097040905062e-07
"RAMP1",2.85756744285519,2.88835927482425e-07
"KMT2C",0.639230045851094,2.88921774963342e-07
"USP53",0.618934069322156,2.89806871058173e-07
"HMBS",-0.655588779333069,2.898697117464e-07
"MPI",-0.91299621339923,2.90481107175334e-07
"CSTF2",-0.598212645082976,2.91113226498132e-07
"SRPX2",1.22691168677726,2.91693344502725e-07
"RBM15B",-0.688959074341193,2.91790624492998e-07
"LDLR",0.682498964453017,2.92226019196456e-07
"NRIP1",0.503755691425459,2.92955246477043e-07
"TMEM161A",-0.847285625850567,2.93289766019503e-07
"AADAT",-0.918807990907392,2.9417131687835e-07
"AUNIP",-1.37093870545085,2.94473507275398e-07
"SLC2A2",-0.79209195912723,2.9533392026033e-07
"ENSG00000231764",-0.617414993924738,2.95897026830647e-07
"SNRPA1-DT",1.57908607711461,2.96485781921999e-07
"NAE1",-0.579326171545636,2.97719954070897e-07
"SCAMP1",0.703139582231424,2.98574540578792e-07
"TMEM79",-1.11983584252121,2.99725428038891e-07
"LINC01852",-2.54802879323348,2.99965984207609e-07
"FAM98A",0.610099026787039,3.01070610774962e-07
"GNE",0.561280896262256,3.03426550050361e-07
"ROBO3",2.08138612114423,3.03588832750061e-07
"SERPINA5",0.740758948083057,3.05889132737126e-07
"MROH1",0.755124464047038,3.06197589468922e-07
"MPHOSPH10",0.565950362066986,3.07164909964237e-07
"EMILIN2",-0.85444937178271,3.07687444470387e-07
"RMDN1",-0.655989201199824,3.08592492435458e-07
"LOC124904066",2.53818776482999,3.08971236569586e-07
"MYD88",-0.684629291086188,3.09936767223893e-07
"ENSG00000203497",1.05909360866095,3.10689080235547e-07
"LOC105378126",-1.42328759852358,3.11314486484054e-07
"QKI",0.64365828536176,3.12161318614305e-07
"ABCA3",1.17767139778789,3.1287113413312e-07
"ALG10",-1.43628581664289,3.12957050207124e-07
"TOM1L2",0.90637294570204,3.13036225828629e-07
"DNAAF5",-0.664011147596719,3.13330206541383e-07
"C7",1.82587506550735,3.13497482511513e-07
"RMND5B",-0.572648069193,3.14512329797707e-07
"CEP41",-0.836006450776014,3.15066478042065e-07
"NOD1",-1.4312344443276,3.1684796970941e-07
"RECQL4",-1.17151379264852,3.1737914880559e-07
"AKAP5",-1.85335568997805,3.17508526609556e-07
"TOR1AIP2",0.553799034222714,3.18405547044904e-07
"DCAF6",0.673079412425565,3.20145960596813e-07
"FAM151B-DT",0.648284792895078,3.20350658292765e-07
"LGALS3",-0.973369815819081,3.21959691946033e-07
"ZMYM2",0.617518927492773,3.23351938318716e-07
"ANXA7",-0.646071977121884,3.23730087375489e-07
"CEROX1",1.64140773097937,3.23780198364166e-07
"PSMD14",-0.740322809614071,3.24318524453104e-07
"ZFC3H1",0.695945137990978,3.24804342539712e-07
"PJA2",0.763371863414406,3.25794870208969e-07
"B4GALT2",-0.576615137079499,3.27701614010502e-07
"ENSG00000289791",3.86650082040566,3.27895699411824e-07
"CBX7",1.44252305562573,3.27899140006512e-07
"LIG1",-0.887267916125358,3.27937698470931e-07
"CHIC2",0.810178717749268,3.28041818962577e-07
"NOP53",0.614834068006545,3.29575595748024e-07
"SELENOP",0.807662370174053,3.31218647509916e-07
"ZNF107",-0.814636387838182,3.31278106110756e-07
"FAM107B",-1.18127955491403,3.31511556272709e-07
"STK17A",0.976281009572082,3.32763966066857e-07
"BANK1",2.74539168786115,3.32962751581181e-07
"BRD3",0.543991443321773,3.32983800981832e-07
"ENSG00000278948",1.20576475648252,3.34560741491817e-07
"EMD",-0.713209472785045,3.34815659776693e-07
"S100P",-0.935892513830441,3.35780500103607e-07
"DNAJC10",-0.721589871236571,3.38284359142233e-07
"CEBPZOS",0.564446146824757,3.39637497348747e-07
"NIBAN2",0.734776092780091,3.41109455738492e-07
"CCNL1",0.583248267826997,3.41415527146891e-07
"ORC6",-0.909732481775751,3.41616385131558e-07
"NOP14",-0.682325410854255,3.41906834895971e-07
"MIR1915HG",-1.08556126017406,3.42748499502733e-07
"TKFC",-0.608003274892357,3.43852437271168e-07
"LOC124903889",2.71390862187264,3.44044557374473e-07
"PRODH2",-1.02219553536582,3.4621554245459e-07
"ELK4",0.563907913065153,3.47041500085411e-07
"CCDC13",2.72508119568993,3.49169744978195e-07
"EIF4G1",-0.597901798283882,3.49528940252032e-07
"HIBADH",-0.713533786452936,3.50010043538113e-07
"SOBP",0.656669107275125,3.50902125959142e-07
"AGAP3",0.598223340210613,3.51532997198253e-07
"CLCN7",0.607375435225277,3.52478515004207e-07
"RIF1",-0.587856376334326,3.52512412213985e-07
"ITGAV",0.612951709784971,3.53110465552171e-07
"LOC124902546",-1.88740539777466,3.5354249128885e-07
"THYN1",-0.749763285014474,3.54214813225935e-07
"DCDC2",-0.911843683962517,3.54787687596877e-07
"SPRYD4",-0.837498842270748,3.55281061190523e-07
"POLQ",-1.14913670677157,3.55281976661368e-07
"GOLGA1",0.644378657294258,3.55810919181649e-07
"ENSG00000290835",0.665729156056403,3.55913179218203e-07
"CHAMP1",-0.76975103241601,3.56234818456277e-07
"MYADM",0.777007848115749,3.56611971840187e-07
"NIF3L1",-0.599490337020938,3.5967377860967e-07
"OPLAH",-0.92199282683956,3.6313453068174e-07
"LOC105379829",1.08603428017707,3.63783741747392e-07
"ENSG00000227198",2.1391682984482,3.63975609402336e-07
"TMEM179B",-0.724078355932641,3.64271840859919e-07
"TTC5",-0.708232553823452,3.64883673108088e-07
"ENSG00000229931",0.872914461068532,3.65226529687947e-07
"EP300-AS1",-1.98997291990116,3.65866187654286e-07
"DLG2",1.62492402153277,3.66607959945416e-07
"NUP88",-0.527728618088279,3.67426064509983e-07
"ENSG00000265254",-2.36136605421337,3.68504633688057e-07
"ENSG00000272729",4.50229625750326,3.69816223786803e-07
"TRIM8",0.792592390563165,3.71420336666084e-07
"DPY19L2P2",-2.39216515672859,3.72499547142862e-07
"C1GALT1C1L",-1.07101269345079,3.72566035079417e-07
"CCDC57",-0.671449320201273,3.73813398661294e-07
"ZNF451",0.608886756081109,3.74309865432496e-07
"POLR3C",-0.70375656734478,3.74678584572625e-07
"ADK",-0.711305496137335,3.74740271631181e-07
"CHST9",-1.86793246913646,3.75580585759178e-07
"TAFA5",0.847360618918329,3.75822337863761e-07
"TBC1D3",0.846766235931833,3.76200067190608e-07
"RANBP3",0.611384192776901,3.76309883594829e-07
"ORMDL1",0.537323480025914,3.77765351954777e-07
"NUMA1",0.516206422207951,3.77830962990093e-07
"RAP1GAP2",-0.627633621191009,3.78125233866417e-07
"FRG1HP",0.645018404680251,3.78205486322981e-07
"SLC45A2",2.76333094912854,3.78511372425514e-07
"ENSG00000299645",0.734374387259955,3.80353252628524e-07
"BAIAP2",0.619915440836059,3.81327160977236e-07
"ETNK2",-1.54994756824808,3.82104272266064e-07
"CUL7",0.589985347654023,3.8283191420777e-07
"ELFN1-AS1",-3.14149096514324,3.83131725220447e-07
"LAS1L",-0.738158301723526,3.84219585797292e-07
"MKRN1",0.579996171849213,3.84800006757349e-07
"SPRY4",1.37061322519302,3.85741207657708e-07
"SMIM29",-0.912038956398654,3.86821218167752e-07
"ENSG00000279253",1.69212239778414,3.87970969719219e-07
"ATM",0.626882743922865,3.88890658211883e-07
"COX19",0.853945116597917,3.90643262362093e-07
"TMEM223",-0.817041524431935,3.90711749057164e-07
"ENSG00000238058",-1.48787456321107,3.91040819641558e-07
"RNPS1",-0.527046816118055,3.93251913881699e-07
"MAGOHB",-0.826484403128495,3.95282141989549e-07
"ESYT3",-1.23168365953416,3.9650189852831e-07
"SRGAP2C",0.574375268025695,3.97815477184443e-07
"ST8SIA5",2.20257479441688,3.98423511906857e-07
"ASB2",2.39924488086849,3.98597997784915e-07
"NAGPA",0.660255138397203,3.98887390290414e-07
"TMEM123",0.782696873514866,3.99123383656195e-07
"TMEM170B",0.620899464110876,4.00002640576713e-07
"SNF8",-0.676033729633823,4.00746508015034e-07
"PHETA1",-0.582901938636168,4.01144199791413e-07
"ENSG00000289858",-1.41376066898456,4.01273320526347e-07
"COL11A2",1.75977014543555,4.01346818337821e-07
"RNF13",0.64715916961541,4.01522573543375e-07
"NIT1",-0.766842866441288,4.01585292213727e-07
"LBX2",-1.19132508863803,4.02033428894244e-07
"KLKB1",1.71442748011376,4.02331871439107e-07
"C21orf58",-0.832266894604686,4.06218917345952e-07
"GTF2E1",-0.63337265540738,4.07731304890795e-07
"DOCK4",0.686337288710018,4.07830883689003e-07
"TUBB3",-1.2876657767982,4.08507904090493e-07
"ERP27",-1.57107412410932,4.09182720994317e-07
"ARHGEF2",0.561548623962244,4.10909543385976e-07
"MIIP",-0.674834448605978,4.12069639452799e-07
"ZNF615",0.904137980749292,4.128275840056e-07
"ENSG00000307075",3.97829668188119,4.13647904582313e-07
"NCOR1",0.608170275715464,4.13659721534959e-07
"RNF32-AS1",1.28665655967808,4.1499237444853e-07
"PRKAR1B",-0.628622392237754,4.16983318169798e-07
"PSD",1.77529049938814,4.18325129551236e-07
"ENSG00000287481",4.15218699978335,4.1875409511044e-07
"FAM168A",0.624995699079985,4.19112517894832e-07
"KDM6B",0.595139617084467,4.21334692860393e-07
"PRELID1",-0.700951779409505,4.24430362299332e-07
"B3GALT6",-0.682842919239457,4.26153162270101e-07
"SLC26A6",0.769527996722667,4.26458330599728e-07
"PWP2",-0.826073638254314,4.27144394280478e-07
"SPEN-AS1",1.24301505214462,4.27839546490973e-07
"PAK1IP1",-0.93231761720283,4.27975137744284e-07
"TAX1BP1",0.800571962551745,4.28101404709028e-07
"SPATS2",0.649166052420264,4.28131458165559e-07
"ARL13B",-0.889302073265596,4.29340634513529e-07
"PLGRKT",-1.21300044848737,4.29869011217638e-07
"BABAM1",-0.529074383532447,4.31966741072427e-07
"TCP1",-0.661850642649006,4.32674528840513e-07
"SLC31A2",1.15851994295799,4.3267931768479e-07
"ZIK1",-1.30257268578084,4.3351762163655e-07
"ASXL1",0.519537102647541,4.3439909483657e-07
"AGAP1-IT1",2.24287299592292,4.34431761891921e-07
"ACVR2B",0.840091571127934,4.34508232439832e-07
"UBE2M",-0.65389824419016,4.36648617042217e-07
"PAM16",-0.833075926334356,4.36853965249492e-07
"RBM28",-0.601712092166297,4.36861683116673e-07
"GPR160",0.84347933041137,4.38643218875286e-07
"CYTOR",-1.39747358232139,4.39351124294527e-07
"ENSG00000291175",-0.881803561003858,4.39383918571794e-07
"KIAA0753",-0.658652691346876,4.39702501603207e-07
"FAM83D",-0.606216082117403,4.40008535787159e-07
"BAG2",-0.897083008782003,4.4099427961729e-07
"DAP3",-0.650894360598166,4.41793563773811e-07
"ESRP2",-0.830083400332262,4.42600975462263e-07
"CREB3L3",0.685355655875821,4.42975112209715e-07
"STRADB",-0.658308517076549,4.44020865749304e-07
"ENSG00000269068",2.33231727038941,4.45520297680555e-07
"EIF2B3",-0.905474522723807,4.4680274117533e-07
"ZNF345",1.00908847358795,4.46939983124289e-07
"ZNF654",0.861423170241617,4.48517112124006e-07
"CDC14B",0.51983268005465,4.48764607531639e-07
"HOXC10",1.87693070408814,4.49712954346624e-07
"ITGA9-AS1",1.731363739626,4.50693934978498e-07
"S100A13",0.946000049744409,4.51442964132826e-07
"PKNOX1",0.638948395466837,4.51480252532008e-07
"FAM53C",0.548340595450143,4.51650381336222e-07
"DNAJC14",-0.699668531315448,4.55065806339859e-07
"ENSG00000262001",1.69604063186259,4.55174015748764e-07
"SLC25A36",0.553910975524326,4.56298391850726e-07
"DIS3L",-0.547633636164511,4.57282645812543e-07
"DDT",-0.529087727420239,4.57646303336407e-07
"ZNF473",-0.767640055782151,4.59113552263188e-07
"SF3B5",-0.823992314780103,4.62089327893435e-07
"SPOP",0.527850959374918,4.62152410411978e-07
"MTMR10",0.645166857036465,4.62620475447454e-07
"MBD4",-0.670553267499808,4.6282383529414e-07
"FAM241B",-1.27197528489444,4.64145294032314e-07
"RRP1B",-0.541967143679262,4.6448532536014e-07
"PHF19",-0.516124082267011,4.64831784299289e-07
"SLC17A5",0.793407107398362,4.64842694870649e-07
"TOMM22",-0.742373339068612,4.6767358282105e-07
"HSPD1",-0.685472658829991,4.68657294102769e-07
"MFNG",1.84971422647183,4.69068241696435e-07
"BANF1",-0.556167938465086,4.69701161104475e-07
"SSUH2",0.714372807623152,4.70073514416524e-07
"TDP1",-0.754347201234478,4.7014708128835e-07
"PRR36",1.13746442854889,4.77151691686011e-07
"SCX",1.20421978187605,4.77248326192728e-07
"FAM171A2",1.01415377244053,4.78492210436161e-07
"CPEB3",1.31821122263327,4.78503907170772e-07
"ENSG00000260296",1.29479665652351,4.7917153899333e-07
"SUCO",0.552442239053836,4.79806912687957e-07
"NAA10",-0.627445920346504,4.80249407217155e-07
"ENSG00000234664",-1.49657402162262,4.82118649662617e-07
"LOC124901766",1.36115920239983,4.83160844572297e-07
"LRP4",-1.10776969882482,4.83742495375126e-07
"HERPUD1",0.724720833991532,4.84307128059108e-07
"EIF5",-0.485525208792354,4.84721110454376e-07
"DNAJC5",0.545114527776116,4.86649257107358e-07
"WASHC4",0.578204452154572,4.86888811483109e-07
"SDAD1P1",2.06698275061492,4.8813492622634e-07
"MOSPD1",1.11800270908321,4.92982699585824e-07
"IKBIP",0.659705054157682,4.94331502506755e-07
"CNST",0.618423548128998,4.98300872290444e-07
"CEP70",0.900611807073724,4.98328910687525e-07
"LINC02363",1.54656810898273,4.990113107897e-07
"WDR12",-0.56443425782744,4.99544817641411e-07
"DIP2B",0.575838595530136,4.99957513169777e-07
"TXN",-0.753526499953668,5.00814360709524e-07
"ZG16B",1.41555994689473,5.02079373749822e-07
"SPRY1",0.559167654670564,5.0372715224305e-07
"GPN1",-0.680895470002495,5.05055138551859e-07
"RAD54L",-0.920765205100397,5.05333301703976e-07
"ZBTB9",-0.785916416630631,5.05724225269915e-07
"THADA",-0.729876131883915,5.05928339391032e-07
"CCND3",-1.36987207764097,5.05946898249568e-07
"RASGRP2",3.34955606841889,5.05968740209974e-07
"ZNG1E",0.550011327316427,5.06990767814903e-07
"LRRC17",2.30283956082295,5.08327350070434e-07
"COX15",-0.604441245192948,5.09021928702935e-07
"MRPS23",-0.603224411529069,5.09154578332346e-07
"DDHD2",0.677055520545586,5.09499789088618e-07
"CFAP97",-0.585723494649317,5.09904724583679e-07
"DYNC2LI1",-0.924560917245744,5.13509182628718e-07
"TET2",0.851442595622363,5.13571690410953e-07
"C1orf53",-1.38843850839803,5.14688173778851e-07
"POLRMT",-0.540673440383332,5.15823929453798e-07
"ENSG00000287419",2.62537086793156,5.17800705697056e-07
"BIRC2",0.582819980281581,5.19054347765803e-07
"CDKL4",1.901867149927,5.20312379010069e-07
"ANKRD16",-1.03962316234455,5.22367628315637e-07
"TMEM50A",0.631191477915347,5.22759727370862e-07
"STIL",-0.713636480413951,5.23922132796718e-07
"SCML1",0.523511741131821,5.24460172215931e-07
"TSEN54",-0.636942743923306,5.25800245178959e-07
"USP9Y",0.617553656757039,5.27754501067862e-07
"CTNNBIP1",0.688907114760382,5.29478142656194e-07
"ERMP1",0.703607113213709,5.30148059682958e-07
"NIPSNAP1",-0.687284613498338,5.33658840638752e-07
"DTX3L",-0.774364856582846,5.35686371715466e-07
"RAB5A",0.610826442649564,5.36008768387458e-07
"CPED1",-0.777703821664512,5.37709790473973e-07
"GOLGA5",0.813668240558025,5.39036130681173e-07
"LOC124900372",-0.857807589998272,5.39671940026726e-07
"GRK6",-0.779913202638493,5.40337312001904e-07
"DENND4C",0.646552205978233,5.41045113224627e-07
"EIF4A1",-0.784185170242373,5.41817009622095e-07
"TRIM15",0.594182486873764,5.46040207065342e-07
"TTC4",-0.725825813514275,5.46540712084247e-07
"FGF11",1.41091316567751,5.46620216023624e-07
"KIF22",-0.732940686987828,5.47893751117658e-07
"LOC285638",1.61011535359055,5.48627617884672e-07
"TXNDC17",-0.817984068361079,5.49680237611248e-07
"SARDH",-0.774104131031742,5.50166743870586e-07
"USHBP1",1.83749502126803,5.50197872129297e-07
"WDR43",-0.548059328914922,5.51214911855632e-07
"NOL10",-0.60037625036281,5.52997664680703e-07
"MRPL36",-0.704574542722479,5.53912634107567e-07
"POLR3E",0.497643412078157,5.54096681000189e-07
"MAPKAPK3",-0.831051974025052,5.55487241134767e-07
"PLPP6",-0.637037198014287,5.56269624465286e-07
"MDC1",-0.557632876178588,5.56820611668189e-07
"VPS29",-0.582412830385063,5.58038383169313e-07
"ATG4B",0.650436382200185,5.59557396833013e-07
"ZNF691",-0.68445441070898,5.59638792619062e-07
"PTGR1",-1.1045782621464,5.60738549197301e-07
"SERPINE1",1.18309690724256,5.6218459068146e-07
"NDRG3",0.567775756000946,5.6224552697568e-07
"DNA2",-0.989571830479825,5.62446689863536e-07
"GALK1",-1.051367245434,5.63186845368717e-07
"ZNF232",-0.812552855897012,5.65995889140726e-07
"API5",-0.460922799875912,5.68038096255315e-07
"SLC38A4-AS1",1.33394531641802,5.69171550238478e-07
"IGF2BP2",0.537872361455004,5.6935740638981e-07
"ALG8",-0.758003601947284,5.69841318356915e-07
"ANKRD13A",0.649333248933933,5.72834096549817e-07
"ANXA13",2.95164682941232,5.73437243660995e-07
"ITGB3BP",-0.769898999023665,5.73966502565687e-07
"KLHDC4",-0.534902187123459,5.74530427598597e-07
"CRY1",0.985449916125149,5.75688390768633e-07
"COPS6",-0.697268981757793,5.78066984096489e-07
"ACAT1",-0.551314833778848,5.78317996607519e-07
"ALDH3A2",-0.640850501531492,5.78799157508326e-07
"APP",0.645786295207925,5.80554432652945e-07
"LONRF3",-0.69379203434386,5.80635359537182e-07
"NPW",-1.36081375563862,5.81846746550677e-07
"ENSG00000305109",1.56493304271889,5.83782963962141e-07
"KCNE5",1.17379030400484,5.84496599335833e-07
"PBK",-0.782127940283058,5.85329484300077e-07
"ICAM4",1.54774621505244,5.8711359603009e-07
"ENSG00000267658",-3.52319943017081,5.8880679221329e-07
"MED23",0.747456262335124,5.89678109507197e-07
"SEC22B",0.518207174496306,5.90642478341359e-07
"MPHOSPH8",0.713191024568191,5.92138527331692e-07
"LRRC57",-0.65313153268327,5.93193124970347e-07
"KIAA1958",0.715867210652567,5.95727462472961e-07
"ZMYM5",0.759639290304528,5.96363361261194e-07
"LOC105373305",2.24507871715387,5.97339180447612e-07
"ARMC6",-0.517846276846759,5.99176943274988e-07
"GEN1",-0.97276334520282,5.99438541666249e-07
"MCTP2",0.787366298701335,6.0013733580279e-07
"SRC",0.482580417166943,6.02523661467333e-07
"CASP8",-0.660370271876609,6.05568929102392e-07
"ACADSB",0.549262430839282,6.06826739364499e-07
"ZNF252P",-0.729472992707317,6.10444794159553e-07
"DUS1L",-0.525031093378673,6.10865541585805e-07
"GPCPD1",-1.02292054389632,6.11212832124592e-07
"WIZ",-0.568785050071875,6.12135528308609e-07
"PLK4",-0.736591584050774,6.13058602122771e-07
"UTP14A",-0.787868810494871,6.14571688883444e-07
"ZNF337-AS1",-0.996249785035794,6.16797141113199e-07
"C1orf35",-0.610233251837557,6.18319888109119e-07
"CBS",-0.513999385893262,6.21602035210112e-07
"IQCB1",-0.620896957677406,6.25717778622108e-07
"PSMA3",-0.738587423177984,6.26920994165273e-07
"FETUB",-2.13945731071646,6.27340281292161e-07
"NOP16",-0.755886630233007,6.27922760577085e-07
"RAN",-0.603820965476776,6.2792896585982e-07
"F10-AS2",0.917756487261827,6.28398267547508e-07
"EIF2B4",-0.573954121960262,6.28660723690601e-07
"LRCH3",0.49995705980059,6.30745800638391e-07
"KATNAL1",-0.787734841845823,6.30977696428456e-07
"ZBTB42",-1.09379201254843,6.35207805727121e-07
"PLSCR4",1.67043134062941,6.36835855812026e-07
"MT1X",-1.33705808447953,6.37040522233334e-07
"FBXL20",0.54790831315572,6.39610376323982e-07
"C1orf216",-1.12997954107436,6.41772212075294e-07
"SMPD4BP",-0.641824633743111,6.42277309134121e-07
"TPMT",-0.610472489999628,6.42293772321562e-07
"CHPF",0.707014664469693,6.43605572834212e-07
"CNNM1",1.00572005828717,6.45255799668248e-07
"HSH2D",1.09992066368394,6.45908263706021e-07
"HAUS1",-0.908071508244976,6.47457700578365e-07
"NR1H4",-1.18488536158592,6.48713472327172e-07
"ATRIP",-1.28430988875467,6.49194711902543e-07
"MAGED4B",0.945596549287912,6.49939375449121e-07
"HMBOX1",0.707912705653947,6.5084266424287e-07
"RTN4R",2.74717599439892,6.51186329622383e-07
"ENSG00000255389",1.18245052410549,6.52374877486556e-07
"ENSG00000274605",-1.29388411616167,6.54766108544374e-07
"WDR77",-0.699928596465322,6.62523028909764e-07
"ATP8B3",0.844495849614213,6.62629304579584e-07
"TRIQK",1.00495676027968,6.62979422254994e-07
"RSBN1L",0.581057539316405,6.63604277149503e-07
"FGFR1OP2",0.538882015336601,6.65967512327546e-07
"FGFR1",0.938053634973548,6.67590312600178e-07
"OSGIN1",-0.784093420619906,6.706182408601e-07
"ENSG00000261512",1.39753717352396,6.76358574324485e-07
"SNRPE",-0.71388042520021,6.790269676757e-07
"FOXJ3",0.621564266282704,6.82935788163349e-07
"MRPL39",-0.677093877881469,6.85683919290563e-07
"MYCBP",-0.95863340282203,6.85812754831092e-07
"DNAAF4",-2.33460337318677,6.87434420039788e-07
"IFITM10",3.1938973955586,6.96046118530478e-07
"HMCES",-0.54871060047798,6.97435648189589e-07
"SLC26A10P",1.78603599907725,6.97609804017492e-07
"TGFBI",-0.968125010206049,6.97750776423932e-07
"SPRY2",0.920439571409361,6.98200942858794e-07
"AOPEP",0.610911797116693,7.03299558438714e-07
"NDUFB3",-0.76362387102041,7.06323857047307e-07
"MYO9A",0.754963323461413,7.07439446835448e-07
"TPST2",-0.716207392560626,7.07451508692701e-07
"IFT70A",-1.60156796864004,7.13712310126326e-07
"LINC00957",1.98217265775308,7.14858176796128e-07
"MRPS21",-0.716006752877144,7.17496905616884e-07
"PGPEP1",0.578635284627727,7.19097143393575e-07
"NFKB2",0.649269437471886,7.20068376351602e-07
"PCDHB13",-1.52143611278335,7.23805607222351e-07
"MACIR",-0.994283148629098,7.24155761106004e-07
"CRYBB2P1",0.570425968587847,7.25239176188242e-07
"RBBP4",-0.452669111709547,7.25604072602058e-07
"NUP50-DT",1.17554679580513,7.25875538078431e-07
"MARCHF8",0.829607733818056,7.26679471301228e-07
"VWA3A",2.92233053866827,7.28422459883026e-07
"IBTK",0.483610533019543,7.30543535645233e-07
"ABCC2",0.605685146719674,7.31461857426174e-07
"NCR3LG1",0.746700173554833,7.31491044220398e-07
"PEG3",0.713730291172436,7.34003113687257e-07
"MKS1",-0.717003522387621,7.3549210793323e-07
"LENG8",0.625496961863953,7.3957411265956e-07
"AQP7",1.56278951606069,7.4143756092739e-07
"ABCC4",-2.08052770040776,7.43673286983304e-07
"SCN11A",2.27906732625476,7.44707684432e-07
"ENSG00000273308",1.79644053913139,7.51049913509844e-07
"FAM43B",0.842180126148647,7.6037906194902e-07
"TUBB2B",1.21016223000291,7.67858166152241e-07
"SESN3",1.28956008499661,7.69415704641729e-07
"ATXN7L3",0.530644313892646,7.70059935052047e-07
"KPNA5",0.712536655639475,7.7079410620967e-07
"CBR4",0.640673608614429,7.73727163494039e-07
"NPAT",-0.71497022200834,7.7426064418344e-07
"ANO7",-0.800445401012998,7.75035269782896e-07
"C6orf89",0.479150215911738,7.77610360150915e-07
"HSPBP1",-0.63783353322813,7.78630391516765e-07
"PLEKHG4",-1.01678897935185,7.79284312206007e-07
"ENSG00000267283",1.23620243835219,7.79587992768553e-07
"RIDA",-0.678531880019821,7.80018879388713e-07
"ENSG00000291234",-1.01367088407436,7.80116755368338e-07
"RNF20",-0.568006688448597,7.81280655137067e-07
"ZKSCAN8",0.492250834392818,7.8215580817684e-07
"SCNM1",-0.658249733213692,7.87038441019998e-07
"PPP1R3E",0.621179531227024,7.94838194859155e-07
"GFM2",-0.648381804302859,7.95144216002249e-07
"CHGB",-1.59407537537296,7.98217739615559e-07
"ACSF3",-0.51465918422564,7.98272195966534e-07
"TMEM63B",0.585109397341647,8.00667125567463e-07
"PSMA7",-0.51705481829666,8.00997288579267e-07
"PI4K2B",-0.596124867233666,8.01360191590435e-07
"RIT1",0.766627501622101,8.02115485545849e-07
"LIX1L",0.54527090106017,8.02467932661485e-07
"HSD17B11",0.758443416890664,8.02604392315437e-07
"EGFR-AS1",-1.18849714639147,8.04749879895581e-07
"IFT52",-0.576703879714335,8.08146518138135e-07
"CRTC1",0.904168194916031,8.10853256697858e-07
"PTK2",0.490597111421034,8.11346088033776e-07
"ENSG00000251131",2.56535413843378,8.12911566176662e-07
"AGTR1",0.947758403088423,8.15938172088508e-07
"F3",-0.869724554975076,8.17050436757008e-07
"TUBB1",1.778539856896,8.17190661688571e-07
"C10orf88B",-1.47110366574657,8.19137584458166e-07
"ENSG00000259755",1.45797015589005,8.20349612611165e-07
"PPP2R5C",0.573344048417205,8.23623309413106e-07
"MAP3K20",-0.798661004083915,8.29396865867634e-07
"CASP3",-0.657015057647676,8.30333443039163e-07
"MT1F",-2.07164918259834,8.36142906111824e-07
"WRNIP1",0.584126585808555,8.37538211979212e-07
"FXYD3",2.45414162251431,8.3818199204097e-07
"DAAM1",0.687387662862412,8.40681266956942e-07
"SEPHS1",-0.53164882236963,8.40780596051058e-07
"ENSG00000288748",2.11410076587994,8.40826113741609e-07
"ISOC2",0.496776963861643,8.4122442405702e-07
"FPGT",-0.892309283817025,8.42692610636077e-07
"SEC23B",-0.810809566779969,8.44690350071469e-07
"TSN",-0.549103287129463,8.45173791614244e-07
"CKS1B",-0.646925092446809,8.46415115135402e-07
"CPSF4",-0.729504203196423,8.47930207701638e-07
"TDRD15",1.9119560323632,8.4811706513261e-07
"CHML",-0.742865811322955,8.49427161524822e-07
"RAD21",0.51963163256047,8.49491403308057e-07
"NAGA",-0.875000038987333,8.52188504476446e-07
"SETMAR",-0.925623673977179,8.52289038578501e-07
"GCFC2",-0.498337855806609,8.52709743736228e-07
"ENSG00000267571",2.19400393176994,8.53870379307597e-07
"RIC8A",-0.60203914017783,8.55870008385675e-07
"AGXT",1.01017633728406,8.56203736327835e-07
"EXOC3L4",-1.39093092988654,8.5634604789325e-07
"SMC2",-0.605222916246827,8.57643621611169e-07
"AK4",0.708670431268348,8.58071526505238e-07
"CPN2",-1.65317289705154,8.5883132231031e-07
"ATRX",0.761242534625522,8.5992678572226e-07
"BBS9",1.07340776482266,8.63397021000852e-07
"CHRNA5",-1.45543204280116,8.63802668881652e-07
"FYN",-0.77349296619729,8.66471107340762e-07
"ZNF852",0.589420935483921,8.68378765742629e-07
"SETD5",0.558916852192724,8.68899903259856e-07
"CLEC18A",1.8376497551694,8.69320995040241e-07
"LINC00652",-1.13577485975857,8.69815769977477e-07
"NT5DC3",0.511801930031477,8.70364063445332e-07
"FAM99A",1.50825892689948,8.73059148665118e-07
"CEBPA",-1.14498147823978,8.73743122311087e-07
"ELL2",0.509228184586702,8.76640950073984e-07
"CCDC167",-0.621277706691184,8.78032646177323e-07
"DCAF11",0.539412330188654,8.81641475564491e-07
"RIOX1",-0.81356399393823,8.87121251757266e-07
"FBLN5",0.973037480859765,8.87895797909539e-07
"GSTM3",-0.760041069346234,8.89231188088686e-07
"CBY1",-0.861209887955333,8.96061161768048e-07
"PTPRN2",0.992415769200195,8.98915852242171e-07
"PINX1",-0.957003353542636,9.01608201285746e-07
"LGALS9",2.0810314450009,9.02141060475951e-07
"UNC5CL",0.825017467745398,9.06829714697347e-07
"NOC4L",-0.754200155723615,9.07081273076245e-07
"AP3M2",-0.737771851425417,9.10314194731794e-07
"ETFDH",0.752486482098203,9.11070557525873e-07
"ENSG00000280087",0.826900089154086,9.12320850185608e-07
"SRGAP2",0.541887988268598,9.12576340886385e-07
"SNX25",0.60813225873579,9.14921263441321e-07
"SLC25A1",-0.60471703644102,9.14975181057712e-07
"ENSG00000293930",-3.10444376795703,9.15214844667925e-07
"DERA",-0.790727015330907,9.15598949598358e-07
"KANK2",-0.807331259950081,9.17891449835896e-07
"DNAH1",1.41532695592038,9.19479264875495e-07
"NARF",0.541045167139358,9.24669910965081e-07
"SLC25A30",0.540791460372388,9.26081084603267e-07
"ENSG00000269352",-1.05039202414746,9.27812354049963e-07
"MRPL11",-0.564715576277304,9.2888169647575e-07
"DBR1",-0.632163042355638,9.29909117785687e-07
"C5orf22",-0.656979144945737,9.3172680946385e-07
"LMF2",-0.895228994336001,9.36487517340633e-07
"USP9X",0.48259276157228,9.37759657608495e-07
"PDCD5",-0.634598772608587,9.43884878520058e-07
"KCNQ1OT1",1.34031871485747,9.44788950461755e-07
"TCF7L2",0.672471479732114,9.4772371606176e-07
"NDUFB10",-0.699082016940545,9.48903475829605e-07
"FBXW10",1.67568840592788,9.489286398144e-07
"ENSG00000287725",3.07100448494264,9.50322382323451e-07
"MED20",-0.685365565074683,9.51406005318616e-07
"KRTCAP3",1.32008221207938,9.55479567781486e-07
"ENSG00000250397",2.68392329528186,9.59634001673118e-07
"NOL3",0.741682071772217,9.59997757934223e-07
"CD99",0.446730085253382,9.64343155349258e-07
"ERCC6L",-0.91128064048728,9.64644943532268e-07
"F12",-1.27350510076284,9.66264206835936e-07
"LINC00908",3.45594212215075,9.66686260204201e-07
"XRCC6",-0.595542051711131,9.70462820030708e-07
"NECAB3",-0.821629613123238,9.71676158607553e-07
"APOA2",0.949997917088397,9.73184693516074e-07
"PROSER3",-1.06596193644427,9.74333265457106e-07
"AARS1",-0.496736208107444,9.76689146136979e-07
"MRPL40",-0.775907584725158,9.78408426088601e-07
"RSBN1",0.688660912722865,9.79191377354917e-07
"ENSG00000228506",0.912994729370839,9.79995378744571e-07
"ENSG00000303419",2.67587723383866,9.81416569908859e-07
"FOXA2",0.550982330066241,9.85076804238621e-07
"TIAL1",0.632375190170883,9.869935983389e-07
"DGKG",-1.04711694557477,9.89172338073118e-07
"RPS6KB2",-0.536075583411296,9.93985599316825e-07
"TMEM98",-0.488150469320491,9.99095027508676e-07
"TRNT1",-0.541940397202345,9.99311598575331e-07
"RSRC1",-0.626992332696965,1.00074729031208e-06
"RBM44",2.83328513460318,1.00138869757108e-06
"ENSG00000303104",1.64284306153285,1.00497724940416e-06
"ZC3H4",0.572963812048966,1.00820318977625e-06
"PMPCB",0.575351913355383,1.00953264554442e-06
"LSM3",-0.738353762474933,1.01423715125927e-06
"GPRIN1",-1.52689781747926,1.01487406136557e-06
"RASL10B",-0.626169739346013,1.01519382878063e-06
"PPP1R27",1.81610034757707,1.01557996885212e-06
"PMAIP1",-1.8825519240848,1.0166513712513e-06
"CAMLG",0.601135782003119,1.01759542039188e-06
"CPSF3",-0.63400651119368,1.01909567516015e-06
"UTP6",-0.592108168414476,1.02457158378164e-06
"RASA1",0.600980282835062,1.02631489005399e-06
"ENSG00000185186",1.31307945372969,1.03087516709066e-06
"FOXJ1",1.32879327983186,1.03256525553612e-06
"HK1",2.6172197456538,1.03654041064189e-06
"MT1E",-0.913165978773308,1.03973693108948e-06
"SLC35G1",-0.980157284255113,1.04056488976427e-06
"KMT5B",0.501749490424507,1.04123310857428e-06
"MAPKBP1",0.826991811185275,1.042449077002e-06
"GNG5",-0.549008968180426,1.04392432926481e-06
"CP",0.720759373191983,1.0512474677194e-06
"INPP5E",-0.630980700253711,1.05126011091141e-06
"LOC124905013",2.12180041346495,1.05218086260748e-06
"CUEDC2",-0.671201851271876,1.06185267963389e-06
"KYNU",-0.556737814002335,1.07090300466908e-06
"DHX34",-0.560785762110988,1.07163790409457e-06
"NUMBL",0.984185598724587,1.0724068867754e-06
"DTX3",0.608533145290189,1.07317883452614e-06
"PRH2",3.9798642079588,1.07480702432124e-06
"ESCO1",0.557808340212554,1.07713182325193e-06
"NRSN2-AS1",0.80044824159045,1.0823238522175e-06
"ASIC3",1.56753806534006,1.08571368035887e-06
"NGRN",-0.78991303627235,1.08576135518519e-06
"ENSG00000266378",0.894635839984548,1.0860918057141e-06
"STK32C",-0.682644178736227,1.08864376265504e-06
"NHLH1",2.32065848032826,1.0895039202065e-06
"CS",-0.601351768472219,1.08999241123496e-06
"SNX33",0.612297195919251,1.0905092108042e-06
"FAM86B2",-2.0882456819598,1.09159949683509e-06
"SAP130",-0.553903875204853,1.09506424270002e-06
"PLXNA2",1.46097335154543,1.1009119485676e-06
"NLN",-0.583209852751517,1.10213763102041e-06
"MGMT",-0.864338833826233,1.10281778116266e-06
"KIFC1",-0.448177189970496,1.10607086353224e-06
"INTS5",-0.777330321187633,1.11102980514531e-06
"LEPR",0.996003974791902,1.11219475096409e-06
"PHF5A",-0.578512161520745,1.11618492677073e-06
"TWSG1",0.692029432150346,1.12110381055437e-06
"ANKRD17",0.438462105194746,1.12139034308768e-06
"NPTXR",-1.07122306390066,1.12200564204914e-06
"BLMH",-0.560245559736527,1.12382186171442e-06
"ENSG00000270344",1.59537664412934,1.12611412439938e-06
"SF3B4",-0.729238688984255,1.12789662690511e-06
"PRLR",0.847230781785977,1.13026324125689e-06
"SPMIP5",1.07829920576083,1.13208415910491e-06
"TCF7",-0.833731946021849,1.13347271388794e-06
"PTMA",-0.68456033415476,1.13751952806374e-06
"P2RX7",3.19360634169775,1.1460094557506e-06
"MAP4K3-DT",1.32897785065061,1.14910673754069e-06
"CCDC191",-1.48122534535307,1.15211555920222e-06
"SMIM38",4.23668114070431,1.15259250653701e-06
"TRIM47",-0.615155339532435,1.15285472973938e-06
"CARS2",-0.482372622243755,1.15417272215645e-06
"B3GNT8",-1.69894149458452,1.15523077789296e-06
"LOC105370460",1.36329951006343,1.1570250615951e-06
"TOMM6",-0.635433435739744,1.15852624509817e-06
"TRMT5",-0.797642034215646,1.16957184802598e-06
"ENSG00000303740",2.34765883847342,1.17818187829322e-06
"GPR146",1.53052697159932,1.18568681994593e-06
"ROCK2",0.647102933503963,1.18653074263151e-06
"JMJD6",0.667516912811688,1.18797167810786e-06
"SLC7A2",0.699329455361964,1.1904037437727e-06
"USP32",0.515974866687211,1.19519379487951e-06
"ST3GAL4",-0.676016923980635,1.19573666300978e-06
"ALDH5A1",-0.471834439289948,1.19906032711708e-06
"ENSG00000293172",1.29310977748037,1.20099766636373e-06
"ELMO1",1.97409933573997,1.20732360665898e-06
"TCTA",-0.693331550818023,1.21472906841615e-06
"PLA2G4D",3.20995537474807,1.21747561571087e-06
"TRAM2",0.518398208343834,1.2180648225364e-06
"MAMDC2",4.61084160346102,1.21918668392985e-06
"FAM234B",0.809591439361992,1.22277735684337e-06
"COMMD3",0.523195296530248,1.22321573725716e-06
"PRKCQ-AS1",-1.58597241772332,1.22544630578807e-06
"DMTN",0.856682200318402,1.22737776775459e-06
"ENSG00000286118",1.75927429487717,1.22792469524279e-06
"MPC1",0.663258267597975,1.23167492868068e-06
"CENPE",0.888583965697675,1.23550875212927e-06
"SNRPN",0.547187950737812,1.23884850160122e-06
"PNPLA7",0.792592158135139,1.23997744334185e-06
"ERLIN1",-0.797404511632076,1.24110977440683e-06
"RNF183",2.19594740815422,1.24267541182895e-06
"PAIP1",-0.472545698708243,1.24839281995093e-06
"MAP2K3",-0.464703532301256,1.24888841060951e-06
"NSFL1C",-0.470685424870243,1.24906895822531e-06
"TJP2",0.47564617469233,1.24929885393969e-06
"CEP170",0.532870336860417,1.24954563139738e-06
"BNIPL",1.67990998724039,1.25206442005051e-06
"PPM1K-DT",2.40482840154517,1.25363876716697e-06
"PSMD2",-0.774580662670896,1.25683409251727e-06
"ATP5F1D",-0.606439675526415,1.25901091567097e-06
"ADAM15",-0.656868494968416,1.26055284858636e-06
"USP10",-0.478700651057839,1.26337636551613e-06
"MTERF2",-0.850818206382177,1.2692684982626e-06
"MAP3K2",0.592153972291804,1.26973184839434e-06
"FOXP1",0.490465507654405,1.27032912736334e-06
"SET",-0.585723315236385,1.27423886753597e-06
"PBX3",-0.864012480877804,1.27908233762544e-06
"ZC3H18",-0.509339032542144,1.28276294378753e-06
"SHROOM1",-0.826802966109229,1.28416405284679e-06
"EHBP1",0.834463024096774,1.29036936814756e-06
"ENSG00000306365",3.06940433927472,1.2923029389935e-06
"SRRT",-0.589405473160083,1.29435363656401e-06
"NDE1",0.938486034355293,1.29688344507886e-06
"UTP15",-0.745764052723581,1.29819759555525e-06
"WDR97",1.17839561436327,1.29868306222751e-06
"DLG5",0.531595842858688,1.30221207887968e-06
"PUM1",0.510296736394,1.30367519236818e-06
"ENPP7",-1.72758921719714,1.30461982938145e-06
"UBE2O",0.482058977598912,1.30585306033024e-06
"TCF25",0.56541192316963,1.30706732389245e-06
"FAM83H",-0.594714224443372,1.31325244295316e-06
"EIF4B",0.634736807483488,1.31636374636196e-06
"ZNF214",-2.5134478866258,1.31765959330514e-06
"STX10",0.496008849588864,1.31857685821111e-06
"ASL",-0.538139196895866,1.32218565833504e-06
"ENSG00000235888",1.99656366053693,1.32342441328995e-06
"MRPS17",-0.600336349335809,1.32505374576951e-06
"GNAQ",0.538251220411164,1.32637607943412e-06
"ENSG00000281501",1.36431958278923,1.33490759487006e-06
"ENSG00000261324",0.944534354542258,1.33774824672095e-06
"CYP3A5",1.61415991386744,1.33949278949066e-06
"ENSG00000305656",1.07853756740923,1.34063003145522e-06
"SLC19A1",-0.953464250748212,1.34513666498444e-06
"COQ9",-0.528848488641851,1.3497669322572e-06
"ENSG00000294542",-2.0694506774283,1.35091789265231e-06
"ADRA2C",-1.19812007622974,1.3525398640487e-06
"TRAIP",-0.895705116051885,1.35894558402563e-06
"RTEL1-TNFRSF6B",-0.873280748816749,1.35993919325289e-06
"ENSG00000234420",-1.37073954875309,1.36693985236878e-06
"ENSG00000237361",-1.01594205149462,1.36796510064765e-06
"LMF1",0.979356412803263,1.37156077512844e-06
"HSPE1",-0.740017919489985,1.37170777719323e-06
"POLDIP2",-0.733232129624463,1.37486425488042e-06
"AP1G2-AS1",-0.999802576306174,1.37493280552112e-06
"GPX1",-0.85165987004488,1.37568479974348e-06
"ATN1",0.613550750672051,1.37921585103818e-06
"ENSG00000298624",-1.53563975685762,1.38055863651106e-06
"SPAG7",0.484325912952921,1.38346690411645e-06
"CEP83",-0.955438677766315,1.38424294454727e-06
"CDKN2D",0.969817340400821,1.38862684555492e-06
"SUCLG2-DT",-0.936412753383986,1.39176137341741e-06
"RAD51-AS1",0.791380692232219,1.39291067820693e-06
"NSUN5",-0.512446093458915,1.39348255582209e-06
"RBPJ",0.527556257360232,1.39785119618348e-06
"ZNF432",0.889267204680498,1.39996455014779e-06
"PTPMT1",-0.544294380576266,1.40173493497023e-06
"ZNF200",-0.686896264791255,1.40247043047144e-06
"HMG20A",0.638046226184909,1.40882488919529e-06
"ZDBF2",1.05124538464914,1.41114214751114e-06
"ATP2A1",0.767788676533081,1.41269976445035e-06
"RPP21",-0.597414739374896,1.41621102401199e-06
"HNRNPR",-0.508757766016823,1.42704591626013e-06
"LGR4",0.610319108629872,1.4285206169552e-06
"ANGPTL2",1.40108609827856,1.43229783698965e-06
"ZNF724",-1.32981073755858,1.44209333860661e-06
"OSER1-DT",0.977687516131739,1.44405985984646e-06
"ZNF439",0.79921715404539,1.44469021367925e-06
"TMCO6",-0.739376042048883,1.44540470124072e-06
"FBXW8",-0.674094211398975,1.44706956535711e-06
"PPP1R12A",0.501044742651227,1.44764714715328e-06
"ARPC4",-0.605128712667904,1.44828547106959e-06
"STPG1",-1.19586155629512,1.44934880758719e-06
"CCM2",-0.745651884203335,1.45098464860821e-06
"NUDT13",1.03817643409708,1.45289834014796e-06
"CCDC183-AS1",-2.07244887974264,1.45605577231787e-06
"FANCF",-0.895295130111394,1.45800739259036e-06
"MCCC1",-0.551547779209917,1.46550901304105e-06
"TMEM121",-1.07527706684046,1.46786252355475e-06
"TMEM220",-1.21000433577848,1.46931419389674e-06
"SALL4",1.16239962653829,1.472840443363e-06
"RNASE13",2.78973140350757,1.47705599998917e-06
"NT5C",-0.589538687746179,1.48044292354098e-06
"MYG1",-0.93178299529605,1.48514424228744e-06
"CHRNB1",0.557862795751219,1.49076214518122e-06
"TMCC1-DT",-1.05700165027486,1.49113573222358e-06
"AK2",-0.511922490969853,1.49126718548609e-06
"AKR1C3",0.651928075471745,1.49336420701627e-06
"NHERF4",-2.88644738904991,1.49695047289775e-06
"EDF1",-0.755867159404502,1.49838978196117e-06
"CXCL16",0.814895014783019,1.4985268266808e-06
"ZNF678",-1.10275200439952,1.49886374398819e-06
"HOXC9",0.884964132120475,1.49945706700585e-06
"MIR924HG",-1.00189406404431,1.50114841420196e-06
"ZNF691-DT",-1.56090447202747,1.50441720469894e-06
"SMIM14",0.932573071525089,1.5056417958062e-06
"CDC123",-0.673577458514674,1.50592377095628e-06
"WWOX",-0.61197443490381,1.51146005016255e-06
"SIL1",-0.532486939476376,1.51476963128308e-06
"ENSG00000228521",4.75598303340257,1.51823114311283e-06
"OLMALINC",1.15755948429231,1.51987280048741e-06
"SPTLC3",0.803085394673993,1.52043512124999e-06
"MORN2",-1.19133719610589,1.52294465595771e-06
"ITM2C",0.558819351378214,1.52477645318591e-06
"BEX3",-0.662164991732975,1.52566309925704e-06
"FSD1",1.58730911608754,1.53069528564057e-06
"ENSG00000259363",0.782740429846384,1.53411505402123e-06
"STX16-NPEPL1",0.908648439066337,1.5393766416071e-06
"TMEM161B-DT",0.605365566348996,1.54333376022195e-06
"NXT1",-0.826479032229778,1.54919340302874e-06
"FOXA1",-0.560547318259805,1.55052476811015e-06
"NEK8",0.826030157800736,1.55140230436416e-06
"KLF6",0.662153308630792,1.55758581086439e-06
"GLB1L",-1.01278134978118,1.5577363895335e-06
"AIRIM",-0.669131536851537,1.56012105649172e-06
"ANAPC1P2",0.696113703398468,1.56076014534226e-06
"LINC00671",2.17249676376643,1.56394527381762e-06
"MYO1G",1.59743899152798,1.56534872607458e-06
"ENSG00000286271",1.13747209895727,1.56651140496735e-06
"TBX10",1.02020656913439,1.57225152692313e-06
"ENSG00000288911",2.0618162939942,1.5783273457524e-06
"OSGEP",-0.782079034891415,1.58158140231194e-06
"FANCA",-0.697953411147246,1.58977849889907e-06
"UCK2",-0.559791590705183,1.59005905574219e-06
"PMM2",0.434633372907481,1.59040007120625e-06
"LOC105374927",1.82229952916936,1.59605107242067e-06
"RBM12B",-0.500014630994503,1.59848995167236e-06
"PEX11B",0.587462620625194,1.60216315216667e-06
"CACUL1",0.464895869572906,1.60518393667952e-06
"PRORP",-0.54268148185468,1.60705144251261e-06
"ENSG00000291224",-1.02559803299212,1.60849137452374e-06
"PRSS27",2.08675094163838,1.6115698352408e-06
"FIP1L1",-0.514445927777835,1.61304959975942e-06
"ARMH1",2.08261687167425,1.61461658768924e-06
"PCDHGB4",-1.13780942176035,1.62519701497734e-06
"PPP4R4",0.661896829507797,1.62531875191254e-06
"NLGN3",1.95085135911566,1.62732622256196e-06
"TUFM",-0.639303065548319,1.63209283548815e-06
"IST1",0.494316255068003,1.63571627898954e-06
"MAP3K10",0.669243459376664,1.63736233154654e-06
"SEC62",0.816874232782636,1.64310106636319e-06
"ENSG00000273674",1.70262543794739,1.64639898345562e-06
"TBC1D31",-0.788259946237952,1.65106622891234e-06
"CDC23",-0.455971148054238,1.6523643695934e-06
"LSM14B",-0.475610201628602,1.66550087340305e-06
"C1orf122",-0.620204152283262,1.68016300765182e-06
"FLVCR1",0.706321679050508,1.68443948690352e-06
"PIAS1",0.474656103107345,1.68512348755709e-06
"TMCC1",1.13744155574436,1.68589311200175e-06
"MIS12",-0.527610460091333,1.68640644302884e-06
"ZNF316",0.927348992846905,1.68765801918366e-06
"MED1",0.554296246390918,1.70233395131351e-06
"ZNF85",-1.43751750329119,1.70369271717208e-06
"PDSS1",-0.815094901657087,1.70765425947384e-06
"INPP5F",0.566072484465681,1.71266543847057e-06
"PMP22",-1.22937562336542,1.71345431060482e-06
"MYEF2",0.529036989471389,1.71545515061364e-06
"CCT2",-0.718664345868802,1.7163936405005e-06
"E2F4",-0.468983130943421,1.71712514816267e-06
"TPH1",-1.36811847427632,1.71952375100514e-06
"ARHGAP45",1.63421761147278,1.72257800521233e-06
"INTS15",0.522792012753789,1.73318134146205e-06
"CMC1",-0.568619194864832,1.73593884295846e-06
"LOC729732",-1.54090480758446,1.7362784177099e-06
"NDUFV1",-0.412231538625508,1.73951034181935e-06
"ENSG00000276570",0.715817880661876,1.7467399502387e-06
"ENSG00000276663",1.87190580935927,1.75870037757945e-06
"ERI3",-0.663090399598228,1.76305404124129e-06
"PXK",0.985337647088268,1.76740111367848e-06
"CEP350",0.619130902942105,1.76875884351002e-06
"MBP",1.1259062602649,1.77122618195237e-06
"EFEMP2",0.702809014362982,1.77159793606661e-06
"SKA1",-0.756697385303218,1.77420778043661e-06
"ANKRD27",0.560770715688139,1.77463188230395e-06
"TSHZ1",0.635043368952697,1.77806519012825e-06
"TRAPPC6A",1.07391867895195,1.78235369735219e-06
"LRRC26",-4.54365975404156,1.78450544171098e-06
"TBP",-0.50505987800233,1.79081871879342e-06
"GTPBP10",-0.504167411410939,1.79152611878599e-06
"DICER1-AS1",1.01319275170102,1.79338505278818e-06
"TCP11L2",1.95954222769507,1.79558899526424e-06
"LINC00616",2.60149888992679,1.79981895651657e-06
"LYN",-1.04779916760944,1.80244604738251e-06
"ANKRA2",0.93165454097236,1.80291192837569e-06
"FAM156A",0.738936658923223,1.80301994947493e-06
"GATAD1",0.469101668669912,1.80547610597562e-06
"SERPINC1",-1.14408485600198,1.80982247703851e-06
"ENSG00000289842",1.09329236566654,1.81007709216344e-06
"NOD2",2.89697585134829,1.81105646167032e-06
"MACROH2A1",-0.44994680176023,1.81222423217535e-06
"CALML4",-1.04672777365012,1.81609700775565e-06
"N4BP2L2-IT2",1.02363085614057,1.81670125624381e-06
"PSMD12",-0.532513957775888,1.8190790846468e-06
"ENSG00000248092",-0.515413310946407,1.81955831900634e-06
"PAFAH1B3",-0.667325924254953,1.82013383275084e-06
"HPN",0.832743290036141,1.82185324622992e-06
"CHCHD5",-0.83334637961946,1.82917672321802e-06
"GEMIN2",-0.580523241192546,1.83038980321751e-06
"C1QTNF3-AMACR",1.56986269031553,1.83096022827257e-06
"FBXL9P",-1.01158816041142,1.83917494858838e-06
"GAL",-3.0353440348071,1.8422917593137e-06
"MIOS",-0.734998608711001,1.84535640661176e-06
"ENSG00000238290",1.73765994492092,1.85031965923189e-06
"SH3BP5L",0.615751380456951,1.85253490786241e-06
"SNHG4",-0.843176328173969,1.85492375748801e-06
"ENSG00000265185",1.85294670259643,1.86044115914812e-06
"SRSF5",0.572271444629545,1.86990065346643e-06
"NBDY",-0.95585132449268,1.87090380380047e-06
"RAD51AP2",1.71009409655883,1.87106334130943e-06
"PHF8",0.692414179018744,1.87149644376922e-06
"PACRGL",-1.28864666928692,1.8730034614867e-06
"PIGO",-0.906626289215399,1.87673595279168e-06
"GLE1",-0.470039009119697,1.88495530207761e-06
"USP14",-0.48082236883705,1.88672501595316e-06
"ENSG00000289500",-0.646529657085874,1.89159993160211e-06
"EIF2AK3",0.642248611626812,1.90588607485437e-06
"FANCB",-1.32370750790115,1.90766474496459e-06
"ITIH3",0.638960674237878,1.91176575478178e-06
"TLCD2",-1.14200400432248,1.9196772369525e-06
"EHHADH",-0.677424256035426,1.92395167572833e-06
"DYNLT1",-0.479209137551829,1.92419660273692e-06
"GTF3C4",-0.590138005169541,1.93138697753936e-06
"DENND2B",-0.589603490355223,1.93342985438733e-06
"ANXA9",-0.82789483315026,1.93529690884058e-06
"DESI1",-0.640761752849535,1.94313964992878e-06
"ZNF395",0.960375402297281,1.94374055436276e-06
"ENSG00000271754",1.7857711885199,1.94674990475034e-06
"ATG13",0.75476056201803,1.94681166162926e-06
"RPGRIP1L",-0.879965522853611,1.9545090089683e-06
"SAMD15",-2.56728681547664,1.95630695149718e-06
"NAF1",-0.763588858805034,1.95780650604921e-06
"KANTR",0.776589644259833,1.96546711537981e-06
"NR2C2",0.602117460140937,1.97014230923449e-06
"SETDB2",0.620540666394756,1.97025458710341e-06
"RAPGEF5",1.09271095687659,1.97492063776182e-06
"ZFTA",-0.89553093719336,1.97778871632189e-06
"TRPC4AP",0.481995424739964,1.98853811693568e-06
"FN1",0.711119184834288,1.99082342568832e-06
"RBKS",-1.20822719278035,1.99171998644794e-06
"LOXL4",-1.15903232635741,2.00306482147754e-06
"PCDHB2",-0.909944327272238,2.01093327922935e-06
"ENSG00000248727",0.811646329281042,2.01168084588191e-06
"ENSG00000280187",-1.55542243549304,2.01256677866785e-06
"EHBP1-AS1",3.02211132092406,2.025783929767e-06
"ZDHHC7",0.469894268592243,2.02784195223626e-06
"ZBTB5",0.722434378498938,2.03026356940902e-06
"ENSG00000226900",3.08094009798293,2.03731842587539e-06
"C2CD2L",0.689197851549326,2.03916990220855e-06
"TMEM237",-0.754752870559444,2.04169154690376e-06
"PDE3A",2.67055769755603,2.05235055451537e-06
"LINC01772",1.61806526167958,2.05608229886489e-06
"CDK17",0.5713187655034,2.05821961291643e-06
"ENSG00000288044",0.752793403286548,2.06457890565157e-06
"CHD9",0.613041106481411,2.06664198609566e-06
"CYP2E1",2.89990701667434,2.06780097943605e-06
"ENSG00000273906",-1.1691086497809,2.06845392844137e-06
"NDUFA4",-0.610300807099006,2.07024470220156e-06
"PIGL",0.666068893183932,2.07840144496688e-06
"ENSG00000260889",4.29371671912991,2.08333461160771e-06
"CD9",0.945851584599101,2.08964156145305e-06
"TAMM41",-0.63263553049414,2.09042879224082e-06
"TMEM184A",0.561031904946678,2.09129895354647e-06
"LIN52",-0.683759098228475,2.09278638010248e-06
"LYRM2",-0.688493631237226,2.10000182032067e-06
"CGGBP1",0.46453466257188,2.10515068244526e-06
"CTNS",-0.54768056013327,2.10778318584454e-06
"NEPRO",0.447453620525824,2.10805942572023e-06
"IL21R-AS1",2.47695611631662,2.10936327139011e-06
"MRPS33",-0.606638621751155,2.12084737995901e-06
"MYLK",-0.924305652265683,2.13055586988358e-06
"SCN2A",1.79425420770233,2.13062427937505e-06
"ENSG00000226396",1.32573863318903,2.13366793747569e-06
"PSMC4",-0.605366241204524,2.1406860297794e-06
"LOC102724159",-0.957268641778799,2.14561401770644e-06
"LINC01820",2.19357151607597,2.16156671577566e-06
"VPS25",-0.551993018546425,2.16267805579542e-06
"SH3BP4",0.577056478617132,2.16511255026602e-06
"GLCCI1",0.911477731034588,2.16522223407774e-06
"ZFP90",-0.635558757580624,2.16602253455995e-06
"NUDT16",-0.600839151553512,2.1694995125078e-06
"TAGLN2",-1.51380386992576,2.16963665323562e-06
"COG7",0.551622834532452,2.17683747222852e-06
"MALT1",0.482544196757649,2.1776636074147e-06
"CPS1",-0.499328313368684,2.18385732445156e-06
"CLINT1",0.409571130078309,2.18443136861359e-06
"AOC4P",1.83039600845528,2.18610974047557e-06
"RPS10-NUDT3",-1.66158838915779,2.18688301175234e-06
"CLEC18B",2.05139508828761,2.18758799020143e-06
"C1S",-0.93010757978024,2.19116816376271e-06
"MIER2",0.481828548934062,2.20797935506986e-06
"ENSG00000279267",2.15249787705499,2.20883227850252e-06
"TUBA4A",1.50796482547799,2.2110394555233e-06
"FOXC1",-1.21947698032511,2.21211393963303e-06
"CTSZ",2.21182561710088,2.21654327946586e-06
"DAO",-2.25522270316425,2.21759145682737e-06
"SCFD1",0.427945877050703,2.2187775713846e-06
"SEPTIN7P13",0.617602719068645,2.22189482994644e-06
"BBS1",-0.736965486210902,2.22335740705774e-06
"MAP7D2",-0.690548183634054,2.2259088339005e-06
"GPHN",-0.597357160363596,2.22853744003894e-06
"NRP2",1.8755691102327,2.23415700756044e-06
"RGS3",-0.534986606678542,2.23446054848922e-06
"MRI1",-0.724217033773268,2.25459317210498e-06
"ENSG00000272054",1.87314981453964,2.25860618919952e-06
"CRB3",-0.805202403981857,2.26451169595706e-06
"ENSG00000204860",-0.963489600328038,2.26789308265343e-06
"ENSG00000237522",1.05399656103765,2.27009852511345e-06
"KDM2A",0.415922914586041,2.27121708467181e-06
"COQ3",-1.10799177635623,2.2790937534795e-06
"LINC00649",2.39415630066977,2.28091920923388e-06
"PAXIP1",-0.535225327739271,2.28671272353704e-06
"LRIG3",-1.43814834823487,2.29326029122667e-06
"CHST7",0.894463074751844,2.29524832169589e-06
"TEX15",-2.8674892861791,2.29609346451534e-06
"BRD3OS",-0.966726190056398,2.30008569497946e-06
"MLLT6",0.496216541745422,2.31124523990784e-06
"CCDC183",1.15535810235926,2.31969692015154e-06
"ENSG00000272669",1.33882486674152,2.3291860656142e-06
"ARHGEF40",0.619860895525013,2.32970382503216e-06
"WHRN",0.781917188263671,2.33223657051581e-06
"LCN8",2.97426189733934,2.33551277474763e-06
"RNGTT",0.614078863855723,2.34516114649365e-06
"GJB1",-0.731600598345815,2.34522661766636e-06
"ENSG00000253552",-1.23120660054795,2.34578661268644e-06
"ENSG00000299339",1.70629872080959,2.34956883425583e-06
"SPEF2",-1.00546116815079,2.35237680874359e-06
"NSMCE1",-0.911398470725316,2.35395479252405e-06
"REXO4",-0.583584545441133,2.35430950205843e-06
"TGIF1",0.958436537381289,2.35614705475614e-06
"TAF15",-0.585759260522659,2.35988349125814e-06
"NOL12",-0.634693539179818,2.36148284953114e-06
"MXD1",0.593020087278524,2.36263917107666e-06
"DYSF",1.30497594325891,2.36319215486667e-06
"TPRG1LP1",2.2403384577077,2.3642491949298e-06
"PLAUR",-0.998835751306133,2.36480564643626e-06
"CCT3",-0.645977865204122,2.38101026429428e-06
"TMEM131L",-0.888810549124688,2.38871779639956e-06
"SLC46A1",-0.646140317746558,2.39615847494567e-06
"SORL1-AS1",2.9760377050172,2.39617994007235e-06
"PCGF5",0.587726947188764,2.3995338591297e-06
"IRF2BPL",0.639058184967493,2.40127073558301e-06
"ESD",-0.534002327087837,2.402666502064e-06
"RABL2A",-0.783021241217,2.40313486675025e-06
"LIMK1",-0.776753688395273,2.40382823579057e-06
"DDX18",-0.500918704228446,2.41310173367799e-06
"CLMN",1.08346360748905,2.41599727068642e-06
"MRPL55",-0.579537246826838,2.43329587094298e-06
"ZBTB8OS",-0.589382840801314,2.43597216969106e-06
"NECTIN2",0.562854039975695,2.43655821282768e-06
"NAA20",-0.573427084179333,2.43746098785435e-06
"SMYD4",-0.682866140782939,2.44087051411437e-06
"LOC124902453",0.683258134508918,2.44179174116028e-06
"CA12",-2.97819022945013,2.44838761593231e-06
"ENSG00000281332",1.14671926457298,2.44982990513904e-06
"ABHD6",0.642138343280413,2.45389088613657e-06
"TRPV4",1.42651389546403,2.45453157169717e-06
"POLB",-0.642480935849375,2.46409748911947e-06
"PPM1G",-0.631916030724625,2.46555838810607e-06
"SDHAF3",-0.74327861723371,2.47508023085964e-06
"HARS2",-0.519335188219627,2.47996432073425e-06
"HPF1",-0.879647357990664,2.48146546758448e-06
"SLC35F6",-0.631408295579993,2.48822626793206e-06
"NUP205",-0.513884038342729,2.49362999849917e-06
"RRP8",-0.571727198025415,2.49550553291234e-06
"LINC01270",0.827317773142678,2.50248124536447e-06
"EFHD2",-0.842480547764946,2.50732757776539e-06
"RIBC2",-2.47658577583569,2.50915352657793e-06
"GALNS",0.573266588008402,2.50916393481105e-06
"ENSG00000267321",-0.75532320051711,2.51059561271801e-06
"JPT1",-0.605108676689722,2.51643794389482e-06
"LCORL",0.734050916145249,2.52443419989531e-06
"CNN3-DT",0.74159757211359,2.52526279727661e-06
"OGFR-AS1",1.11104140085492,2.53022831474275e-06
"GBF1",0.55058133253321,2.54214333363252e-06
"MXRA8",0.73030814958619,2.55490538662398e-06
"GVQW3",-0.90154250077914,2.55702800995634e-06
"C2CD2",0.545853203768993,2.56107844241468e-06
"ENSG00000299040",2.24735010713122,2.56426819632665e-06
"LINC01138",0.642577594159613,2.56558995214099e-06
"CHCHD2",-0.556119230358983,2.5671977086355e-06
"HOOK3",0.532796695663915,2.57051178172695e-06
"IRF2",0.638269169264758,2.57205783802004e-06
"VARS2",0.575417202365493,2.57255893005687e-06
"LOX",1.08076014599948,2.57317633275514e-06
"GSR",-0.627554761810761,2.57650115558678e-06
"ACTR10",-0.640536478163645,2.60418954206539e-06
"SCAMP5",-0.478871401513183,2.61290616446228e-06
"EPDR1",-0.561277710308286,2.61300645889387e-06
"B3GNT2",0.698393892031821,2.62065562841895e-06
"SLC25A20",-0.759507428699181,2.62844556782667e-06
"CLTCL1",-0.596163529835357,2.62850900173574e-06
"NPEPPS",0.486541595845073,2.63026244649457e-06
"CEP72",-0.773875090184775,2.63328136393392e-06
"SORD",-0.736619061571982,2.63580405411505e-06
"TCAP",2.22861611486721,2.63785291359975e-06
"ENSG00000287426",2.14185752535041,2.64037774869112e-06
"ENSG00000286900",1.6525216939312,2.64407164296223e-06
"USF3",0.686241004793497,2.64839370698015e-06
"ACSM3",0.666184624992317,2.64905863101611e-06
"NUMB",0.439452884347852,2.65415633581832e-06
"ZBTB40",0.50760093128716,2.65468712602605e-06
"ENSG00000287771",2.74505928042066,2.65913162294753e-06
"GPANK1",-0.546410834124769,2.66073819722205e-06
"ENOSF1",-0.514834240541207,2.66473010107751e-06
"NUP214",-0.467059590182864,2.67399116786728e-06
"RHNO1",-0.660512322610606,2.67626728049199e-06
"TBX2",0.989302314681075,2.6775594725532e-06
"ZDHHC11",0.939352052710158,2.6808607490014e-06
"TCEA3",-0.604964009154398,2.68346021359697e-06
"ENSG00000228509",1.17399423537105,2.68537991257645e-06
"NARS2",0.672955073799082,2.68857021458696e-06
"ENSG00000309149",3.03202647854728,2.69249967825536e-06
"HOXC8",2.04134671244894,2.6931161042906e-06
"MPHOSPH9",-0.678055279571422,2.69789153195707e-06
"DIAPH3",-0.664086558584485,2.70649311184661e-06
"PGRMC2",0.457688077373354,2.70876719227485e-06
"GDF15",1.33447797487368,2.71325422806367e-06
"PALM2AKAP2",-0.703117735199215,2.72178069127571e-06
"TM6SF2",-0.984459443682796,2.732256499638e-06
"PDCD2L",-0.765114027824452,2.73520804051737e-06
"PRKAA2",0.555115770233186,2.74527998618068e-06
"KRT17",-3.59942722149833,2.76464764933693e-06
"FMNL3",-1.20836225358566,2.77027809200222e-06
"LINC02367",1.52949966114212,2.77256062220193e-06
"GABARAPL1",0.968926791073785,2.77543271736431e-06
"ZFHX2",1.18517592484186,2.77725831436289e-06
"G3BP1",-0.457010026791288,2.78171327453221e-06
"PALS2",-0.762554996875237,2.78679547901662e-06
"IFT25",-0.709881151302732,2.78698323479393e-06
"BBOF1",1.36629335057577,2.78775087532017e-06
"FLNA",-1.00338168808083,2.79806947532564e-06
"OGA",0.439686282297768,2.79902708527831e-06
"GNPDA1",-0.510895890449723,2.81517876459641e-06
"TAF12",-1.07596289610945,2.81571776952213e-06
"APPBP2",0.477972994909305,2.81857803356477e-06
"MFSD13A",-0.913974866646606,2.82560553128273e-06
"ZNF273",-1.00441840281058,2.82589255906015e-06
"ENSG00000290999",1.33668973116163,2.83640648375095e-06
"BSDC1",0.498876001197951,2.84224651240971e-06
"MTARC1",-1.03431607730775,2.85433505205387e-06
"LOC124901628",2.03030831159824,2.85503949892157e-06
"EID1",-0.89551747112749,2.86278504470836e-06
"SLC16A9",-0.916650875492864,2.86541439114889e-06
"EZH1",0.580922634269999,2.86902502195566e-06
"MTLN",-0.897119804953532,2.87105106038662e-06
"BHMT2",-0.852779852057531,2.88647358807188e-06
"ATG7",-0.806576836648167,2.88756305682822e-06
"PSMA3-AS1",0.543462541772971,2.88771482998436e-06
"ETFRF1",-0.816412710612671,2.88788649267953e-06
"ZNG1F",0.569709068292497,2.88811808498075e-06
"RNF208",0.53508706737781,2.890960072412e-06
"SH2D2A",-1.94445035172663,2.89373527666498e-06
"ENSG00000253428",2.02732934214438,2.90982695538043e-06
"PSME3IP1",-0.454558368295631,2.91885926772619e-06
"WDCP",-0.691247737466254,2.92134230291819e-06
"RRP36",-0.587504898575445,2.93156209967581e-06
"GAS2L3",0.777350996571186,2.94921256541214e-06
"ENSG00000287668",3.18887766506956,2.95327218264676e-06
"TVP23C",0.764942989629149,2.95803343568849e-06
"INPP1",1.28278044707199,2.95848909917297e-06
"OR2B6",2.60955587209142,2.95897875469945e-06
"TSR3",-0.779011409319664,2.96151182823324e-06
"RNH1",-0.501652678004721,2.964420573916e-06
"NCLN",-0.554890174042639,2.965913245053e-06
"RLIG1",-0.725124549504688,2.98292079546249e-06
"LBHD2",-2.82456728799612,2.98580512067797e-06
"ENSG00000258457",-1.01624004455416,2.98638962310046e-06
"DSCAML1",1.60549836906515,2.98812470971522e-06
"ENSG00000289741",2.10883734307251,2.98939080097782e-06
"ENSG00000269069",1.39780256807906,2.99534109603832e-06
"FOXN3-AS1",-1.52297981718886,3.00380914941452e-06
"AS3MT",-0.585941639476849,3.02808226658543e-06
"ENSG00000272688",1.26420436910939,3.03291265553822e-06
"MTRF1",0.559537176623855,3.03330255540277e-06
"ENSG00000280537",1.27608776826864,3.03439657875217e-06
"GTF2H3",-0.613264878847419,3.0345965282524e-06
"ZBTB18",0.80331576601142,3.03589475438318e-06
"TMEM167A",0.444024270266339,3.03672772482919e-06
"USP46-DT",-2.43303678697195,3.04904381373232e-06
"FKBP4",-0.843255263987297,3.05897693560451e-06
"CCT4",-0.596776856175853,3.07904071966098e-06
"USP24",0.399687905916707,3.0891251693263e-06
"PARD6G",-1.04696185277759,3.10207760465089e-06
"AKT1S1",0.519535332712478,3.10370408983349e-06
"TAPBPL",-0.917634129702135,3.10937845660781e-06
"ST14",0.920955331181493,3.11084176572063e-06
"LHPP",1.28556305777679,3.1165940662508e-06
"DDX28",-0.925092686854276,3.12294540201493e-06
"SAMTOR",1.0874149317994,3.13024103785576e-06
"PNPLA8",0.79329433383063,3.13655796884769e-06
"MPPE1",-0.728031913332679,3.1423711938157e-06
"PIF1",0.951840351619807,3.14706552514817e-06
"PDZK1",0.615957209761641,3.16037596969522e-06
"ZNF653",0.683821412330956,3.16624502156317e-06
"ZBTB37",0.605937624605347,3.1739914882278e-06
"LYSET",-0.555224072707553,3.1812380522774e-06
"PPP1R35",-0.657414516857622,3.19533791572082e-06
"RPTOR",-0.415706260779339,3.2001821762305e-06
"PAPOLG",0.54733816692918,3.2093605524463e-06
"PDCL3",-0.673932205502455,3.21963989723223e-06
"ATP6V0A1",0.486676671803351,3.22293407115809e-06
"TRAF3IP1",-0.484715012709586,3.22856498966011e-06
"HAAO",-0.73387858652396,3.23012196028261e-06
"GUF1",-0.474682498814198,3.23100343477289e-06
"DHX15",-0.421234350166427,3.23307978378097e-06
"ENSG00000289956",1.44149277734157,3.23960905755148e-06
"CD164",0.608893514497473,3.24368655536926e-06
"ZNF211",0.491954734714338,3.24943427570328e-06
"SLC38A10",-0.594479530127746,3.25044480675608e-06
"CAVIN2",-1.63348320651026,3.25091129935708e-06
"TMEM165",0.51707161885714,3.25267638887951e-06
"MACROD1",0.60883140098371,3.25459064567471e-06
"GTPBP2",-0.473397837792914,3.25815535984364e-06
"H2AC18",-1.02623569500345,3.26108097958026e-06
"ZNF84",0.469494048498529,3.26139043858901e-06
"ENSG00000270020",2.03647162114714,3.2654772966347e-06
"BAHCC1",0.950971194241708,3.27447104724563e-06
"DNAJC12",1.17517454451433,3.27450329667243e-06
"MSL2",0.688861904081524,3.27696537867227e-06
"SCFD2",-0.78723796556818,3.28594379548516e-06
"KIAA1586",-0.516142700401086,3.28664685174716e-06
"MYSM1",0.5225001281871,3.28910677946154e-06
"NOL8",-0.55037424929889,3.29797055165168e-06
"MAOB",-0.835461922519983,3.3028427092221e-06
"S100A4",2.32067981137999,3.3085608675636e-06
"LRRC42",-0.511333830785685,3.31352611717047e-06
"FOXO1",0.598049907232839,3.32504177708586e-06
"EDN1",2.43564302147772,3.33000222748229e-06
"RAB26",1.79105307382015,3.33431526502231e-06
"RAVER2",-0.571760389566923,3.35524549579146e-06
"ZC3HAV1",-0.430314958630096,3.3668225078113e-06
"FAN1",-0.542313684510713,3.36982123628879e-06
"ZNF600",-0.79781745994904,3.3771087060973e-06
"SPTBN1",0.576807274701644,3.37720258311462e-06
"TMEM214",0.52668298158225,3.37965365625557e-06
"TSPAN14",0.691825969041717,3.38352079223766e-06
"RPS6KA4",-0.654642221457473,3.38793660095629e-06
"RALGDS",0.590668202458765,3.38837411447007e-06
"ZNF66",-1.16701015659118,3.39871882639702e-06
"TMEM63C",3.13073593946078,3.40704464405378e-06
"ZNF189",-0.584429539386202,3.42042111600254e-06
"PSMB3",-0.630904092027813,3.42350635014754e-06
"ENSG00000273174",3.31472693890344,3.44356300156676e-06
"SWI5",-0.655018291623115,3.44731436036694e-06
"NUP62CL",-1.26431922079491,3.45973158837281e-06
"PDP2",0.669779300510903,3.49794954103878e-06
"PSMD4",-0.569448628849088,3.50248779745339e-06
"TRIM23",0.794451135481588,3.51918803756437e-06
"MAGOH",-0.633673867162496,3.52175566363029e-06
"SBF2",0.551119761436421,3.53797632790693e-06
"DOK6",0.599099737348912,3.54046571312761e-06
"ENSG00000261487",1.47564228081548,3.54834342578491e-06
"RAB2B",0.427245164246141,3.55406694694114e-06
"ZSWIM4",1.46909391007541,3.5638177775485e-06
"FOXP4-AS1",0.693757612132007,3.56673056597937e-06
"PSTPIP1",-0.978433265876204,3.57332353642974e-06
"RCCD1",-0.541537684476288,3.57833869545671e-06
"PMS1",-0.625486016574448,3.58372490301958e-06
"ZFP14",0.835702482726764,3.59719753659389e-06
"LCN12",-1.12869882441435,3.61458618887093e-06
"LINC02997",2.76086639007159,3.63316835588293e-06
"WDR25",-1.10825225175171,3.64402527020656e-06
"CFAP100",-3.01835833627729,3.66483262496786e-06
"TMEM41B",0.619393597639892,3.66607642608546e-06
"DCTD",0.417342245365079,3.66763560015149e-06
"SUMO3",-0.748015416074951,3.67597076317917e-06
"TRMT1",-0.569264789769292,3.68120391585271e-06
"RTEL1",-0.69982406617402,3.68145154226393e-06
"SLC3A2",-0.825884742487731,3.69474328866112e-06
"TENT5C",4.41912817253004,3.71149694203788e-06
"APIP",-0.621195580956148,3.7315709411637e-06
"ENSG00000273356",2.75997617556894,3.73436197125855e-06
"NOTCH2",-0.716688439716166,3.73463413497585e-06
"TMEM88",1.28269986013501,3.75701730997023e-06
"HSDL1",0.440994685255843,3.7575413252418e-06
"TRIM26",-0.42380553085692,3.76597414093409e-06
"CLK4",0.550042752955175,3.77215455731208e-06
"IQCN",2.85253189861745,3.77240610597494e-06
"LMLN",-0.908343642759771,3.80385607924144e-06
"SYBU",0.925613840657198,3.81185835040161e-06
"LOC107985524",2.31553858441294,3.81397164450848e-06
"ARPIN-AP3S2",-2.90750482873254,3.8254835648835e-06
"ARHGAP35",0.485093748115209,3.8271023125409e-06
"FYB2",-1.82491716350577,3.82740710040625e-06
"FAM227A",-1.18474291943806,3.83816449708431e-06
"HAGHL",0.892852444911205,3.83921354288386e-06
"HEXIM1",0.533956896417715,3.84629251556194e-06
"SRD5A3",-0.667962313980088,3.8474960075826e-06
"PLIN2",1.3807113589758,3.87195136613839e-06
"AZI2",0.608927157715173,3.90108616654839e-06
"ARPC5L",-0.520683024258475,3.90293099523369e-06
"ABHD2",0.84971032736602,3.90309487923789e-06
"ZNF138",-0.758183403065064,3.90412237795262e-06
"ARGLU1",0.487167607215732,3.90487896915794e-06
"LAGE3",-1.05453189288707,3.90887434099249e-06
"SLC30A10",-0.977951643392286,3.91019596495958e-06
"REST",0.517750091130719,3.91257743203187e-06
"PTGFRN",-0.740677699940596,3.92804489529183e-06
"MILIP",-1.01506677522551,3.95015930371241e-06
"HERPUD2-AS1",-0.933468257331245,3.95184428685733e-06
"MEG3",3.48745058043361,3.9536521505591e-06
"RRP15",-0.632095456039073,3.9537464001034e-06
"NEIL1",0.656979249470253,3.96631582962275e-06
"GAS5",-0.595781091793565,3.98393738007145e-06
"TRIB2",0.681733749089939,3.9873591159487e-06
"SPATA2L",-0.632192103486422,4.00183069309185e-06
"COL5A3",-3.26019966891901,4.01157773069721e-06
"CGREF1",-0.580676894209768,4.01290506595916e-06
"ADH5",-0.51405419087999,4.01474395894698e-06
"RRP12",-0.570546996993406,4.01929243496919e-06
"HNRNPM",-0.500740348567895,4.0482875775372e-06
"PLA2G3",1.98059258973649,4.0495893060089e-06
"ENSG00000272343",1.86773487045569,4.05686785101154e-06
"ENSG00000261012",-0.794765069115106,4.05736922930627e-06
"ARFIP2",0.418951105482641,4.06455966838017e-06
"SPATA33",-0.719560235380474,4.08633034117982e-06
"AQP8",1.86982803486189,4.09177961031617e-06
"SNAPC5",-0.83034813444419,4.0994270027869e-06
"MAPKAPK5",-0.426470392534402,4.13293123707196e-06
"ATMIN",-0.454092440206249,4.14417103613047e-06
"TANGO6",-0.73819859907923,4.1494967106195e-06
"L2HGDH",-0.913994032398305,4.15671700251281e-06
"LOC100507053",-0.810643142461725,4.17352535671484e-06
"ENSG00000286214",1.11248046163422,4.18138877214638e-06
"DDX20",-0.686524560156599,4.18597358302645e-06
"ENSG00000272884",2.34936296310006,4.18624079782419e-06
"TCIM",1.77613630724426,4.19299333964778e-06
"GFOD1",-1.55218034344371,4.19326883482091e-06
"TMEM203",-0.50453325595076,4.20141895306647e-06
"CYFIP2",0.560271857932885,4.20847624425117e-06
"ENSG00000260219",-1.11225667697628,4.22753025969626e-06
"RTL10",-0.485424528432321,4.23264898418168e-06
"HECTD4",0.493059783340093,4.24006926087085e-06
"POLG2",-0.541132012517662,4.24132596858397e-06
"ZNF638",0.414548758584237,4.24922975507423e-06
"CEP44",0.560269563946326,4.25239327301588e-06
"ENSG00000282097",1.37025967220203,4.25319407044471e-06
"SHQ1",-0.568171088688341,4.25695862013486e-06
"TFCP2",-0.492315258765305,4.26379513220084e-06
"FAAH",-0.864571952579669,4.27805030935058e-06
"LOC105372401",2.15240809158431,4.27934771385056e-06
"NUDCD1",-0.593204577705357,4.28164780205744e-06
"COPS3",-0.549398813406964,4.29541910301561e-06
"TMEM241",-0.775390489906354,4.31089013293322e-06
"ENSG00000290791",0.769881048689393,4.32471383276679e-06
"CCDC28B",1.30505852715932,4.32867167174546e-06
"KNOP1",-0.568926962342166,4.3454276409674e-06
"FOXP4",0.524376270557949,4.34566345761088e-06
"CDKAL1",-0.490524276502125,4.34784839947595e-06
"DUSP22",0.511191928806513,4.35263837405316e-06
"VPS13A",0.541915322097563,4.35800015219951e-06
"KIF5B",0.444139154812507,4.36225064216349e-06
"BIRC6",0.508602610171279,4.38614623768476e-06
"NAT10",-0.443295084219289,4.39468452760884e-06
"SEMA3B",-0.940867688625596,4.40604606809207e-06
"CDC42EP1",-0.652970233367928,4.41383638113571e-06
"SLC7A1",-0.618418410140704,4.41399399708582e-06
"TNFSF13",1.01136458212067,4.4162680456858e-06
"SMLR1",0.511742776891147,4.41923582816337e-06
"TRPC1",0.578437045713908,4.42925009571209e-06
"CAMK2N1",0.545616402035234,4.44182778606352e-06
"LOC100996660",-1.4060545934238,4.44751854856734e-06
"MLST8",-0.526277050461038,4.45095483076238e-06
"GMCL1",0.536681851833445,4.4515402722507e-06
"PLA2G2A",2.07439471087811,4.4545409819384e-06
"LRRC20",-0.435879940043299,4.45548809941659e-06
"ENSG00000241886",1.91048497444134,4.46997413522569e-06
"MILR1",4.10755122875057,4.47613132277189e-06
"DGCR6L",-0.625000889725524,4.47739866890251e-06
"R3HCC1",-0.704547661021486,4.47881115866417e-06
"ANTKMT",-0.678697707227239,4.49419151949943e-06
"CHMP3",-0.505621772218827,4.49531069360834e-06
"LMNB2",-0.454565701707495,4.49854806212306e-06
"ZNF747",-0.756552228436872,4.58040645361016e-06
"CMC2",-0.427110469304315,4.58218261395574e-06
"PPRC1",-0.424711667405531,4.59106219267438e-06
"PC",0.5234584652206,4.59345317060818e-06
"ENSG00000275897",2.38057007258971,4.59481984918876e-06
"ATP6V0E2",-0.545713104581299,4.60483979936897e-06
"POLM",-0.673389791246184,4.61720992626534e-06
"TCTN2",-0.950638792448337,4.61868622316675e-06
"GTF3A",-0.568930895434467,4.61923750225705e-06
"MIMT1",0.888382725740884,4.62026921084143e-06
"ARHGAP29",0.504386157732752,4.63358686760313e-06
"KLHL21",0.434131221752762,4.63825629083841e-06
"RFLNB",-0.631541175128439,4.63860534273438e-06
"RUSC1",-0.460202679641591,4.63999995446403e-06
"MUS81",-0.477911040495783,4.65608979502104e-06
"RFX3",0.675981493000921,4.66288407835081e-06
"ORAI3",0.742135225060215,4.66295280984594e-06
"FAM162A",0.588373723404683,4.66602533901635e-06
"METTL3",-0.42222051517367,4.66911936256467e-06
"TSC22D2",0.538508345248885,4.67991142605779e-06
"NUFIP2",0.412241924994191,4.68568854829148e-06
"FNBP4",0.565547688111267,4.70709895893293e-06
"PRDM10",0.636357310630339,4.70827321126816e-06
"DIMT1",-0.614989876683756,4.71289664497472e-06
"CIART",2.10950922804184,4.73245043736339e-06
"CCDC89",-2.88950641745587,4.73956007198207e-06
"SNRPD3",-0.491731602011142,4.74229396496003e-06
"MFN1",0.552184794960359,4.74679872518528e-06
"ZNF764",-0.754163741051079,4.7473286178847e-06
"SNX1",0.467115218428361,4.75335223560415e-06
"CACYBP",-0.704047725957044,4.7605214334825e-06
"ARHGAP11A",-0.516450789902564,4.7655047269728e-06
"ZNF550",0.470229950934352,4.76986610348176e-06
"CCT6A",-0.662537246124724,4.77826015943466e-06
"SERPINB9",0.914303373269027,4.79302156153915e-06
"ATP7A",0.735770957418899,4.79709819680419e-06
"ENSG00000260714",1.52681062604924,4.7986346671392e-06
"PLAA",-0.529905916685546,4.79950856979628e-06
"GYS1",-0.633277570504151,4.79961538551803e-06
"LOC105378287",1.99367542393838,4.81807858497045e-06
"ENSG00000290916",1.96817450842063,4.82848921257648e-06
"NAA15",-0.450333687653345,4.83740104561276e-06
"HASPIN",-1.19641570479988,4.84001227096406e-06
"DTWD1",-0.641197871854396,4.84025062526398e-06
"ATG3",-0.714990269543358,4.84390878442234e-06
"VPS4A",-0.521870407612572,4.84484071808532e-06
"TIGD5",-0.848352321927868,4.84564652165155e-06
"CEP104",0.46094444349919,4.85517919240512e-06
"TXNRD1",-0.61693420299093,4.86107431226561e-06
"NXPE3",0.706694418202328,4.88236713907599e-06
"ZNF786",-0.636543391182223,4.88497146613352e-06
"NAP1L4",-0.383944260872201,4.88768778815173e-06
"CDK2AP1",0.497454789928044,4.88922377237002e-06
"ENSG00000275457",-1.03291449910161,4.8963369933734e-06
"ACSM5",0.855008747357985,4.90629716956592e-06
"CREB3L2",0.610750811018159,4.91549699997581e-06
"THAP3",0.490185101251814,4.91872064256679e-06
"ERLIN2",-0.52073567073121,4.92646377031662e-06
"PAN3",0.53587252055329,4.92660078315298e-06
"FYB1",2.79671911917641,4.93058350027996e-06
"SRSF11",0.595216463661889,4.93558536016384e-06
"RRM2B",0.53500285535139,4.94200839708168e-06
"SRSF7",-0.421620556954358,4.95781446291466e-06
"DMPK",0.754861306271998,5.00297690740032e-06
"SNORC",0.647708123851119,5.00723004444525e-06
"ENSG00000293606",2.57931260433637,5.01650804382704e-06
"LEMD2",0.472628228790544,5.01891308322985e-06
"DGKE",0.709679717073385,5.02037977365537e-06
"BRI3BP",-0.650558510446502,5.0338981637828e-06
"DNTTIP1",-0.481262927093944,5.04638206009831e-06
"RNF10",0.494605396928378,5.04870717011651e-06
"YOD1",0.638568028706183,5.05614805864533e-06
"PM20D2",-0.48386082446514,5.06125117307927e-06
"RAB11B",0.532005421398383,5.06701567024801e-06
"USP37",-0.464086291912752,5.07474101466212e-06
"ENSG00000299943",-1.98233646957194,5.08554673668074e-06
"RBM39",0.645659276338984,5.08994101365297e-06
"JAML",1.1546870158415,5.09091601353672e-06
"KLHL13",-0.851367656238908,5.09992054614524e-06
"CEBPZ",-0.508379928977177,5.10456914615762e-06
"MRPS26",-0.647111929561662,5.10456944735785e-06
"PSMA2",-0.467191586617057,5.11218953355816e-06
"FEM1C",0.575890285402358,5.11470930201632e-06
"MAPK8IP3",0.518863920879144,5.16127216033967e-06
"CIBAR1",-0.718086351240288,5.17295303008936e-06
"GNPAT",0.440147197582421,5.17949444965122e-06
"RNF125",1.59834403881853,5.18451480009859e-06
"ZNF627",-0.725175749491436,5.20235805247046e-06
"TRIM44",0.612933808469414,5.20349024372418e-06
"NUP98",-0.392394604517876,5.22214571143867e-06
"ENSG00000291061",1.84128161096994,5.22255325588773e-06
"KDSR",0.60568526887299,5.23012082575064e-06
"ENSG00000236963",4.98834031134122,5.23863955121589e-06
"COQ10B",0.595757209801366,5.24006854949533e-06
"ITPR1",0.571268937257814,5.24423090062783e-06
"ENSG00000268575",0.595559737231663,5.24677641614201e-06
"IER2",0.464773093179829,5.24827997370175e-06
"ENSG00000244879",0.794873562883727,5.25492842976234e-06
"RBM15-AS1",0.916375300999091,5.26509924897089e-06
"CRYAA",0.668282866278748,5.27259444693896e-06
"DNASE2",1.06071542539913,5.29930980697078e-06
"IRAK1BP1",-1.35563715226421,5.30620358527263e-06
"EXD3",0.792938627740629,5.30691262345102e-06
"NR2F6",-0.786214541137224,5.30733846629945e-06
"ARCN1",0.588443718586446,5.30740417109696e-06
"UCHL3",-0.68049383033017,5.30808378797836e-06
"IQSEC1",0.43245891316579,5.32968175065068e-06
"BBS5",0.574592500678847,5.34267238468134e-06
"POP1",-0.862005250256477,5.3428284254188e-06
"ETV4",0.640938642209529,5.36305936967743e-06
"ZNF337",-0.56807176165054,5.36903305846401e-06
"ENSG00000272501",0.766826918115411,5.37185459725945e-06
"CTNNBL1",-0.477676485671526,5.37860273867327e-06
"ENSG00000288670",0.981200558231782,5.39097244512418e-06
"AKIP1",-0.815185114403807,5.39617042932574e-06
"PRDX2",-0.726508628774099,5.39868670569287e-06
"TMEM51-AS1",1.12717996016742,5.40654534607312e-06
"STXBP4",0.640769185925953,5.41012206626131e-06
"TM9SF1",-0.583621155755787,5.41144263384879e-06
"MBTPS2",-0.608106016772288,5.41679864258792e-06
"PIP4P2",1.20923381850655,5.41883022151328e-06
"LINC00870",1.3248840345912,5.42909960190671e-06
"KMT2E",0.530176306713356,5.43130597938987e-06
"LIN9",-0.767659305483711,5.43600555495878e-06
"PSPN",0.750004332292084,5.44084705780334e-06
"MFSD8",0.552879926118011,5.44377095262779e-06
"TANK",0.517695472614187,5.45548334740232e-06
"WDR48",0.562936475062777,5.48449629413954e-06
"DORIP1",0.722763822217439,5.51369581356269e-06
"GRB14",0.814171565126358,5.52700366486951e-06
"ENSG00000226330",-2.5194828839556,5.53328081190892e-06
"PHYHD1",0.862854715099777,5.53583228045007e-06
"SAMD8",0.631941025490259,5.54078116574354e-06
"NOPCHAP1",-0.682595328030204,5.54357437978721e-06
"ENSG00000279177",1.39027650966311,5.55313777236614e-06
"ENSG00000280330",1.39027650966311,5.55313777236614e-06
"PIGY",-0.494055814856976,5.55444028326902e-06
"PYURF",-0.494055814856976,5.55444028326902e-06
"ITPR1-DT",1.28636430769924,5.57801209098433e-06
"CHN2",0.520906487145887,5.60721587186404e-06
"PI4K2A",0.43906997681199,5.60855323805716e-06
"KIAA1671",-0.598041252977021,5.62590934485428e-06
"DTD2",-0.479946978872735,5.64471249147355e-06
"ACTR3B",-0.72061756186755,5.64948387082812e-06
"NFATC2IP",-0.627452057658774,5.6530336600284e-06
"OPHN1",0.865612112161798,5.6557826301463e-06
"NDUFAF7",-0.419721039551518,5.69000421195313e-06
"LCMT2",-0.861182135535944,5.70872065981817e-06
"MAPKAP1",-0.443705103152823,5.7120825696992e-06
"METRN",-0.720651931879584,5.7176277923053e-06
"ENSG00000272374",-0.874158907258903,5.71928196178588e-06
"ATF5",-0.569969946916892,5.72080473742941e-06
"MINK1",0.580591155665574,5.72124361195498e-06
"ENSG00000269939",-1.23673513989929,5.75321158405991e-06
"RWDD4",-0.530247040911441,5.76336657293434e-06
"ZNHIT2",-1.47854777281642,5.77402869365283e-06
"TMEM87B",0.522695182544863,5.78133142423811e-06
"TMEM182",-0.844836047809525,5.7818288291953e-06
"PSMD1",-0.422802049715381,5.78473266321965e-06
"SDAD1",-0.445202583656956,5.79085071191252e-06
"TP53AIP1",2.84074260488886,5.7948513610689e-06
"SPCS1",-0.537431677363688,5.7982608132685e-06
"FAM117B",0.603261601233972,5.80534452811319e-06
"ANKRD11",0.543655518007503,5.80986905936102e-06
"ENSG00000184068",1.84159599983541,5.81613337486653e-06
"ENG",1.89692015183039,5.83606961898868e-06
"ARHGAP18",0.402750741272151,5.84299206548785e-06
"SACS",-0.589990806699908,5.86455372824234e-06
"RAB11FIP3",0.491583979670839,5.87057638329995e-06
"MRPS10",-0.489823118174951,5.87394101766441e-06
"LINC00294",0.659831008850475,5.8813737969497e-06
"B9D1",-0.775389408180596,5.89391212510492e-06
"RNF138",-0.693831835105795,5.9066668214876e-06
"SLC2A4",-0.824074618428107,5.9142000989495e-06
"YIPF3",0.464106185469147,5.92035105592468e-06
"ARSG",-1.34894846451558,5.94667363918168e-06
"GLOD4",-0.425307641720296,5.95914295623057e-06
"FAM182A",0.467501691233578,5.96587820791964e-06
"GALNT3",1.40133261861469,6.00317071145478e-06
"SUMO2",-0.520452272602275,6.01086344093402e-06
"ENSG00000289402",0.920813940968944,6.01813080942395e-06
"TIA1",0.558786248092789,6.02119724414306e-06
"SLC37A4",-0.562244433419399,6.03268245432534e-06
"POU2F2",2.42172982317875,6.03308956016741e-06
"PEX11A",-0.694282477640319,6.03640656797919e-06
"CELSR1",-1.84816800053857,6.04089063382796e-06
"PFKFB2",0.67981265028318,6.04489477492044e-06
"MTHFD1L",-0.706748074100808,6.04585358313643e-06
"ATG9B",1.69924880667377,6.05407727933428e-06
"TRIM10",0.600391713198763,6.06313496066776e-06
"USP39",-0.439953402586749,6.07095316845508e-06
"ZNF791",0.558869072055693,6.07398946445572e-06
"LOC124904039",-1.78203153331208,6.07462400076925e-06
"TBC1D8",0.498772461582976,6.07553927070423e-06
"ACAD8",-0.541855268888809,6.11947230100733e-06
"DCP1A",0.418707426771762,6.12077773060542e-06
"SLC2A14",-0.88230597659915,6.12473805977336e-06
"PYM1",0.573997596549318,6.13211759072581e-06
"LOC730101",-1.23404430644666,6.13697485050854e-06
"CA11",2.23891554013108,6.14696498851041e-06
"PSIP1",-0.522276543843048,6.14963930208124e-06
"SOWAHC",0.423272799269027,6.15852557065989e-06
"DENND10",0.559414670636389,6.20139140680229e-06
"ENSG00000233775",1.06108024893475,6.20532781594833e-06
"BOD1L1",0.517070622682851,6.21557485211705e-06
"CCAR1",0.41874612260177,6.21755898137064e-06
"POLR3B",-0.712139462069261,6.23419732358626e-06
"TRIM52-AS1",0.629501832533197,6.26699959447717e-06
"SPAG4",1.15596731183844,6.27798651145149e-06
"TOP2A",0.516531451044675,6.28747884439807e-06
"FAM169BP",1.57465120072343,6.30964834138236e-06
"CLUH",-0.515293399109253,6.33471251592569e-06
"TMA7",-0.601081266169512,6.33639092719289e-06
"FITM1",0.82165296842554,6.35921732696586e-06
"SEMA3G",-0.496667730853974,6.37159857799742e-06
"C1QTNF6",0.746618320617209,6.38892646798992e-06
"LINC02985",-1.3028877991398,6.39185105992049e-06
"PIERCE1",-0.968498246909873,6.39205308729449e-06
"ENSG00000280057",1.71590410928901,6.41097900151467e-06
"ENSG00000232104",0.670034521691166,6.4189266118932e-06
"EGLN3",1.5769684946432,6.42871873987651e-06
"PIPOX",-0.55010643354033,6.44530736089079e-06
"NDUFAF1",-0.838035626280886,6.4492912205231e-06
"TAF11",-0.419785376805476,6.45081975167395e-06
"SLC35B1",-0.512330948241275,6.47320902251518e-06
"CLEC18C",2.30829560183383,6.49904211954379e-06
"STK36",-0.558592034415036,6.51329960238019e-06
"STK10",0.88434417710573,6.53883885956923e-06
"DSP-AS1",1.38013830769244,6.55112311580314e-06
"SMYD2",0.550908089674311,6.55131612856407e-06
"ENSG00000272692",1.02506773159719,6.55957715416182e-06
"ENSG00000228835",1.33215255073192,6.60474240447302e-06
"HMGN1",-0.413222285430182,6.65684748707481e-06
"PDE4DIP",0.662753989755733,6.66152942445169e-06
"DCXR",-0.469188710236816,6.6735459324409e-06
"PPP1R1C",0.777752668406903,6.68699784970167e-06
"KITLG",-2.07033363320551,6.70764683641581e-06
"ALAD",0.487345790079344,6.72377642262677e-06
"H2BC5",1.11091983238357,6.74768284226251e-06
"RPP25L",-0.683451355495975,6.7485177469621e-06
"ST7",0.496433582351764,6.76518554664213e-06
"NPHP3",0.593608810136215,6.78650328138832e-06
"ARPIN",-0.779675664146348,6.78957239480165e-06
"RNF25",-0.470613379607138,6.79087606902246e-06
"ALG10B",-0.742804358120485,6.8198179835114e-06
"CTBP1-DT",-0.563230656504587,6.82490208519354e-06
"FCF1",-0.504848261083054,6.83294331912197e-06
"AIG1",-0.60735749444302,6.84330758930728e-06
"C6orf120",-0.403879990498698,6.87805870457769e-06
"SMG1P5",-0.641954311525461,6.89698899645445e-06
"CDK5RAP2",-0.52480157661817,6.92353032641561e-06
"VAMP3",-0.455693310377722,6.93446739208367e-06
"MAPK8",0.617860033675497,6.943679202906e-06
"MRPS30",-0.475826202502629,6.9858781195803e-06
"FAM219A",-0.591083667200009,6.99096627485988e-06
"STIM2",0.748240541217362,7.01984025119857e-06
"KIFAP3",-0.803751991366751,7.02751648399802e-06
"ISCA2",-0.643201828798669,7.03361503825372e-06
"PARP6",1.28723455553251,7.0497204612687e-06
"SH3BGRL3",-0.961825769815935,7.07062763303755e-06
"ACSL3",0.70643586717676,7.11857431444936e-06
"ACY3",-1.33185244335914,7.1298041464919e-06
"JADE2",0.619894802524226,7.16686166210155e-06
"TLR9",4.2919015524359,7.18074062348633e-06
"TMEM160",-0.785161374689346,7.19918181603147e-06
"INSR",0.472962397946887,7.20324049281738e-06
"MIA",1.42287704597641,7.2311014153405e-06
"SNRPB",-0.461169245215792,7.24403103087415e-06
"PEAK1",0.414797733415144,7.30126015441971e-06
"C9orf72",0.688796160790651,7.31824937791015e-06
"RBMS1",0.511926368375279,7.32212361984383e-06
"SIN3B",0.533999758702937,7.32588407799756e-06
"CD248",-1.03126876359393,7.32673644897805e-06
"SCNN1A",0.754904949980617,7.33000336088829e-06
"ADM5",1.14483692917338,7.33531035942955e-06
"GTF2H2",-0.611197354626537,7.37023581248402e-06
"SNX14",0.501638599401166,7.38971329632539e-06
"TRO",0.477324170656624,7.40312830020888e-06
"GPX2",-0.663933403093498,7.41074775219268e-06
"RNF123",0.456597755303958,7.43662590160114e-06
"ENSG00000274528",1.48109153965283,7.47813254452835e-06
"CCDC28A-AS1",-1.22963380249651,7.47821989288368e-06
"PDCD2",-0.606076256921874,7.48338035568424e-06
"BRME1",-0.851543586117837,7.49521446540758e-06
"PTGR3",0.555107142197471,7.49605406208543e-06
"PLAU",1.63473382346196,7.52226132197573e-06
"WDR31",-1.4044240088884,7.59242968248359e-06
"TYRO3",0.719678474360365,7.59370203477261e-06
"PECR",-0.608123999171789,7.627097171212e-06
"LINC00632",3.3971361665061,7.63270913282709e-06
"ROCK1",0.469047231986247,7.6384834941281e-06
"NQO1",-0.493633355667886,7.64321175828933e-06
"MBLAC2",-0.542694945319033,7.66006797309856e-06
"MIR34AHG",0.627306455397243,7.66234550048703e-06
"ENSG00000214770",-1.84643147236412,7.68730977904927e-06
"ZNF436",0.731511933603458,7.72411674169145e-06
"UBTD1",0.859238848521849,7.72473920765013e-06
"ENSG00000267898",1.70877316687321,7.72508434285518e-06
"CFL2",-0.429739254575522,7.73128541090925e-06
"CASP4",-0.466430783227561,7.73559567963913e-06
"PKP2",-0.636537410460216,7.75770786338308e-06
"KDM5C",0.435237522317968,7.76419372162783e-06
"EEF1A2",-2.18969402053254,7.78398177388198e-06
"TAF2",-0.457111150814085,7.79087143045636e-06
"SLC22A9",0.568090296153694,7.7944018999551e-06
"WDR45B",0.490482530895794,7.8059225760739e-06
"SF3B3",-0.404888754954936,7.81838222681526e-06
"RPE",-0.474038755480199,7.81880253035988e-06
"TMEM268",-0.666140122332704,7.81983488994141e-06
"DDX27",-0.477702093705533,7.82039593849354e-06
"ENSG00000302313",1.10251516230704,7.85629813227425e-06
"HSPA14",-0.68686405672639,7.86720325415362e-06
"KALRN",0.875336949309521,7.87615651776444e-06
"GALNT6",2.87488068710177,7.8785248533975e-06
"CPEB2",0.88484391949749,7.8819810150975e-06
"ENSG00000257894",3.08550104813061,7.89588641223275e-06
"IRF3",-0.384692909447478,7.89837333612983e-06
"B4GALT4",0.427377267813355,7.89868061966277e-06
"SOAT2",0.745270458854122,7.90211931857998e-06
"FAM86HP",-1.10358177493347,7.911847640947e-06
"HCAR1",1.59381784170337,7.92876704733014e-06
"SNRPD1",-0.769651396401874,7.93678327570746e-06
"UBA7",-0.870850842884866,7.94853604142008e-06
"EPG5",0.479381729617878,7.9661411636823e-06
"GGT7",0.568592511977535,8.00161649471031e-06
"DCAF7",0.451705971576608,8.01000413750319e-06
"YJEFN3",0.949915314199554,8.01805269952027e-06
"DPCD",-1.09316315346407,8.03580042446735e-06
"MYOM1",1.4201705271846,8.03658599760968e-06
"ABCE1",-0.470249306821782,8.03788095619174e-06
"TFIP11-DT",-0.968171801960927,8.03892308670309e-06
"ZC3H7A",0.432745498270675,8.04832019774211e-06
"PEBP1",0.566506549208075,8.0784796902568e-06
"PLXNB2",0.773330657592995,8.09887315819182e-06
"CORO7",0.557830998126039,8.10679054823366e-06
"GLRX",1.03870838632583,8.1103601746126e-06
"NOXA1",-1.09082927569049,8.14158038735632e-06
"ENSG00000237927",3.12182768979553,8.17899959093957e-06
"RRN3",-0.392026166308138,8.1987557703429e-06
"ZNF37A",0.425058317168086,8.22738059632476e-06
"ARL16",-0.515699195471413,8.24642536482394e-06
"ENSG00000213062",0.884893629303992,8.28047423965552e-06
"TNPO2",-0.561425715287048,8.28516688233198e-06
"WWC1",-0.603628744838708,8.29170523605829e-06
"SULF2",-1.14608474065769,8.30079189483013e-06
"NRN1",3.37893191499734,8.32936012081608e-06
"ENSG00000303299",1.14657693167517,8.3488237042516e-06
"JMJD7-PLA2G4B",-0.654806943857533,8.37018447546282e-06
"C2CD4C",3.06485539045058,8.37451502909007e-06
"SLC6A11",-0.665932113846151,8.37789079299191e-06
"ENSG00000295095",3.97532270343156,8.38286194380631e-06
"STAG1-DT",1.44064815705361,8.39335742763013e-06
"ENSG00000279283",1.07663987458076,8.3965155181028e-06
"COQ2",-0.635930216899638,8.42396873895162e-06
"CFD",-1.50097242846942,8.42586061545138e-06
"DNAJC18",0.894351745417281,8.52047936509682e-06
"TACC3",-0.429903368862742,8.54482605854353e-06
"USP54",-0.652923053994871,8.56575445555858e-06
"ACTL6A",-0.432124917529722,8.56854256416732e-06
"ENSG00000254233",-0.767000578004216,8.60189495667668e-06
"RELCH",-0.605476751371514,8.60850327004825e-06
"SLC38A9",-0.722943831467638,8.61908074747688e-06
"ATP11A",0.532509305200362,8.64711860014348e-06
"WASF1",0.492718104489701,8.66591653928194e-06
"RIOK3",0.418851064089678,8.67470864728823e-06
"BRMS1",-0.599403341489456,8.67634689081764e-06
"GSAP",0.684957882712789,8.6901332843714e-06
"CD59",0.504575092043824,8.73282710592128e-06
"PUM2",0.389333202729644,8.73811447971453e-06
"ZNF268",-0.602654088442043,8.85791531711596e-06
"KBTBD2",0.459326766758542,8.87066013514431e-06
"LOC100129534",-1.13146721038265,8.88061937447156e-06
"PABPC1L",-0.512082950388159,8.89233307309209e-06
"PLEKHM1",0.625160419054629,8.90395840650154e-06
"PHB1",-0.576650533806375,8.90909076882132e-06
"NR1I2",-0.958131324771015,8.92221361120118e-06
"NAPEPLD",0.590607903128514,8.94285664538049e-06
"HSP90AA1",-0.657275839807802,8.95005703688234e-06
"ENSG00000283782",1.1942781256188,8.95789830988178e-06
"L3MBTL1",0.473092229447811,8.97754775973238e-06
"DNASE1",0.513307101395335,9.00276451264829e-06
"NR6A1",0.549518501400275,9.00709164258033e-06
"ENSG00000260920",0.698384646778775,9.03816353315074e-06
"CNKSR1",0.58093337141141,9.05115142841243e-06
"CBL",0.503902186080183,9.06941044388759e-06
"SLC25A42",0.575162258042162,9.09458885824803e-06
"F8A1",-0.785816649079448,9.10705965353071e-06
"CLTB",-0.842958152489534,9.12229434616496e-06
"ZNF529-AS1",0.730456030164353,9.12512997707131e-06
"EBF4",1.82381789296129,9.1339782234732e-06
"BAZ2B",0.628457076766718,9.1462869388401e-06
"SLC35F5",0.475403203057568,9.1710774135017e-06
"PDE2A",3.23618850154152,9.17483148719642e-06
"DLGAP4-AS1",1.12750561684133,9.18712357137229e-06
"ENSG00000288983",-1.07512440168078,9.19196184040905e-06
"CCNH",-0.557680645814708,9.23140950740421e-06
"PRMT2",0.462950557383663,9.23933788105514e-06
"RPL7L1P9",3.3878340171714,9.28359026348802e-06
"NHP2",-0.780347063445651,9.29777028534317e-06
"BZW2",-0.66275761980985,9.30348282591571e-06
"CAMSAP3",0.41325367091533,9.33274270049035e-06
"FBXL8",0.715015011757983,9.35578964980427e-06
"MOK",-0.792260726496212,9.36304007094261e-06
"RCE1",-0.581152835615733,9.36357863520511e-06
"PPP2R3C",0.47018455535313,9.37419923103252e-06
"PLEKHM1P1",0.524963342618847,9.39696983477371e-06
"ZNF219",0.499387113052278,9.42825486232893e-06
"PNKP",-0.588530244705598,9.46939589661883e-06
"ADO",-0.536445141500287,9.470061916403e-06
"DEDD",0.428742942947474,9.47882864159021e-06
"DPP3",-0.547280962857548,9.48848397206308e-06
"TTC21B",0.450157770355269,9.50388415554474e-06
"ENSG00000285589",0.765377238889088,9.52623502215953e-06
"TEP1",0.520979902970681,9.5286072819825e-06
"ENSG00000258634",0.804359265680106,9.52980385195419e-06
"DDX10",-0.609084838134096,9.53187138918805e-06
"ENSG00000274292",1.4427841502834,9.54594641983465e-06
"KAT14",-0.709749739921231,9.5700197850463e-06
"ARG1",0.722894326920074,9.61116533085307e-06
"SLC25A21-AS1",-1.04215945227714,9.61483876268359e-06
"CCDC170",-1.88486966975947,9.63828533400566e-06
"MGAT1",0.503461327000985,9.64349676434577e-06
"CACFD1",0.647846349198685,9.64478545359322e-06
"ZNF862",1.52915881838558,9.65240921005241e-06
"RABEP2",0.487292551372363,9.6540654942295e-06
"DBF4B",-0.681968370927043,9.66160493133047e-06
"MNT",0.429423975509123,9.66383153173305e-06
"MAB21L3",1.85631898671442,9.66386962527387e-06
"MRPL12",-0.749999954785948,9.66849547316713e-06
"TTF1",-0.591013851422477,9.69049301484351e-06
"PRDM16",0.832641269412476,9.70101726832354e-06
"ENSG00000279108",2.06990357446968,9.70548016199355e-06
"MYLIP",1.05110595112541,9.72889657623642e-06
"GDE1",0.426041478432683,9.76256157885718e-06
"GNB1L",1.02648810883009,9.76499296554878e-06
"ZNF100",-0.925463038632512,9.77709005601047e-06
"DDX42",-0.384129776860947,9.8012978951518e-06
"LINC03016",1.97449222395265,9.80508332672611e-06
"ZNF827",-0.583221743308664,9.82436400581226e-06
"PLCG1-AS1",0.856296443244492,9.8304765864269e-06
"ENSG00000304919",3.50303378347795,9.87613464839025e-06
"SULT2A1",0.741925551233448,9.91660804937308e-06
"ENSG00000258114",-2.47863009275353,9.91867743015093e-06
"ENSG00000261578",1.63786921953888,9.9222464868262e-06
"MAFF",1.03648760069433,9.94645573042411e-06
"SHB",1.13195686560326,9.94932362677476e-06
"SNRPD2",-0.548231292554622,9.98812816661266e-06
"MSANTD1",1.1723223096624,9.98963851897879e-06
"SYNM",-0.918122042081188,1.00169832391256e-05
"SVIL",-0.88312234764608,1.00347578837076e-05
"ZNF878",-0.982219020073042,1.00789755107674e-05
"ZNF485",-0.981366622931134,1.01092363850656e-05
"ZNF436-AS1",0.59095105410085,1.01108984957126e-05
"SLC26A8",2.99096326565386,1.01418185951642e-05
"NOP58",-0.455894805239096,1.01841826736621e-05
"TPRG1L",-0.436604551609347,1.01973133567432e-05
"TMEM116",-0.663551211312377,1.02129092125138e-05
"ZNF12",0.406304907988193,1.02179127632107e-05
"SMG5",0.45585283180507,1.02480869218058e-05
"RBM48",0.658676267489259,1.02582553624931e-05
"RPS15AP30",1.69954710250817,1.02727442347571e-05
"UBE2D2",-0.499950823351738,1.02778751343083e-05
"GPAA1",-0.64175502560421,1.03005033663207e-05
"VN1R1",1.51438095818038,1.0322490961633e-05
"CNPY2",-0.466215737379735,1.03262731637135e-05
"ZBTB26",0.665058814363801,1.03610567607837e-05
"SLX1A",-0.638237500129581,1.03978505438694e-05
"ADGRD1",1.37112423931986,1.04391553374492e-05
"ENSG00000305511",1.23624736113292,1.044945506493e-05
"FAM83E",1.9984552730465,1.0450620275089e-05
"SP5",-0.581762634244462,1.04580088932628e-05
"SNHG33",0.572956992515293,1.04626472539999e-05
"ENSG00000285641",1.36926310296801,1.04758965916519e-05
"THEM6",-0.534029923674839,1.05100855656034e-05
"IPO13",-0.629045794862833,1.05145834454947e-05
"SSPOP",-2.45156326033195,1.05482128179297e-05
"PSMD8",-0.563869739159099,1.05610758253023e-05
"SLC30A7",0.518534743071645,1.05653234981839e-05
"SQOR",-1.01201380707335,1.05691146618234e-05
"DCTN4",0.378932806988875,1.05743422920607e-05
"C1GALT1",0.400875935294716,1.06030909135406e-05
"ING2",-0.691804096863874,1.0639089835436e-05
"NUDT5",-0.570063843098959,1.06502071858772e-05
"CRACD",-1.14935714895299,1.06641489104939e-05
"RAB3GAP2",0.382195248223561,1.06828801905736e-05
"RFXANK",-0.570407791068207,1.06970785928632e-05
"ENSG00000240758",1.25323547156126,1.07025111082291e-05
"ZDHHC9",0.458380258217269,1.07052931973449e-05
"RAB35-AS1",-0.788431257629484,1.07156114725661e-05
"NHEJ1",0.459772465222118,1.07222384644202e-05
"HAGH",0.403197496273612,1.07660722894634e-05
"ABCA1",0.515819219073584,1.08074357560816e-05
"CORO2A",-0.652949330497261,1.08418543399948e-05
"MRPL28",-0.556559104339973,1.08937329636296e-05
"CHST15",1.5389081425352,1.08974175211259e-05
"DNMT3B",-0.887443539373115,1.09030744064969e-05
"SREBF2",0.415198073875446,1.09044901131483e-05
"CREB5",-1.79759511559138,1.09097671895072e-05
"ARHGAP10",-1.31977332612507,1.0916637480985e-05
"ENSG00000276772",2.09231834985211,1.09378093942153e-05
"PABIR1",-0.612240333743761,1.09789403773157e-05
"ZNF805",0.672731919885879,1.10526795966236e-05
"AGBL2",-0.903990017480674,1.10561756007844e-05
"SLC25A27",0.718384521029288,1.10735512131442e-05
"CLCN4",0.73886118383027,1.10773533491282e-05
"FOSB",1.97158980641799,1.10820417331674e-05
"BCL2L13",-0.704676360758933,1.11239757806966e-05
"ENTPD5",0.412315337282812,1.11305604076246e-05
"ATPSCKMT",-0.901194045136244,1.11485147514978e-05
"ENSG00000286905",-0.98339697792682,1.11515412821824e-05
"ENSG00000260948",2.31581865161808,1.11518016956398e-05
"ENSG00000275688",0.792200543264105,1.12146076298053e-05
"ZSCAN26",-0.616645499600155,1.12191826468424e-05
"MED28",0.408760203377457,1.12504394794111e-05
"SLC66A1",-0.464099033201698,1.12505022522274e-05
"DNAJC4",0.52961250982331,1.12554571247038e-05
"CEMIP2",0.893093797557822,1.12764557690482e-05
"KPNB1",-0.400889915967719,1.13227764107877e-05
"LINC01558",0.730284205932838,1.13301167270077e-05
"FAM167B",2.43921576059154,1.1332732025054e-05
"ENSG00000290683",-0.588809915052181,1.13580788449629e-05
"LTN1",-0.390013212196664,1.13656106944727e-05
"HEXD",0.682106862111357,1.1408188201897e-05
"DPM1",-0.384784374246883,1.14261457328107e-05
"SAMD1",-0.469471709706328,1.14567468087456e-05
"ENSG00000226622",1.68976447814653,1.15131968220309e-05
"ENSG00000279696",0.976111369868626,1.15223682895383e-05
"ZNF248",0.497049313837296,1.15424230462359e-05
"B4GALT7",-0.488479841817389,1.15461680673893e-05
"RAB27A",-0.852112861152646,1.15463324844353e-05
"NFS1",-0.380138224510433,1.15522406904233e-05
"RAPGEF2",0.498272984672707,1.15548986852092e-05
"GABARAPL2",0.494647535959945,1.15963143702422e-05
"CLEC4F",1.06620741170312,1.16022207143957e-05
"CENPN",-0.460557690089408,1.16063087327143e-05
"CTDSP2",0.507951334983379,1.16137398386102e-05
"WRN",-0.443321830209255,1.16144920587932e-05
"OXSR1",0.402087778442488,1.163634632419e-05
"TAF7",0.436409885501776,1.16367456659017e-05
"TMEM126A",-0.616199143641966,1.16488032823424e-05
"PIGA",-0.692038054042912,1.16618584023046e-05
"TM4SF1",0.90880450558692,1.17022718964723e-05
"MACROH2A2",-0.600880774886965,1.17130476523275e-05
"FZD9",1.37122082542547,1.17378229267429e-05
"GNRH1",0.977252722195153,1.17487481283712e-05
"BAZ1A",-0.636162149826824,1.17937526464524e-05
"CAP2",0.772283429380973,1.17951291060565e-05
"ENSG00000248019",1.08636665710864,1.18012487567419e-05
"FERRY3",-0.716312507522879,1.18043397346223e-05
"CGAS",-2.3722086058158,1.18180883155337e-05
"ENSG00000297191",1.92414119592214,1.18412949724075e-05
"SEPTIN10",0.426912337326994,1.18691789482686e-05
"ENSG00000272990",1.98652811865453,1.19088642262762e-05
"AKAP7",-0.597732771636165,1.19299465287536e-05
"THAP12",-0.504419109074668,1.19392376372983e-05
"DDX56",-0.425176611622559,1.19489349080444e-05
"ENSG00000308230",1.9219652556598,1.1963814597373e-05
"CD72",3.82046025937579,1.19819208786932e-05
"SRSF2",-0.570819209266214,1.20032977126279e-05
"DMKN",-0.614039621483637,1.20213611302057e-05
"PUF60",-0.382946632896075,1.20269032213333e-05
"CDHR2",-0.939278679300738,1.20433778526576e-05
"ZNF425",1.62064887460628,1.20743169928897e-05
"TAPBP",0.446393152316087,1.20874092915382e-05
"THAP9-AS1",-0.468766755113065,1.21222636838233e-05
"SLC1A4",-0.611177303439923,1.21392106551893e-05
"SART3",-0.362291800573519,1.21482144057777e-05
"TAC3",2.37127923972649,1.21524946287867e-05
"USP8",0.4076401618947,1.21560478122309e-05
"MRPS12",-0.68778071053171,1.21853069328054e-05
"ENSG00000286144",-1.70324434551278,1.2194478386998e-05
"SKIC8",-0.488801330522338,1.22174035499601e-05
"KCP",-1.04265896580253,1.22197679817466e-05
"ENSG00000225650",2.92622601205842,1.22831418771185e-05
"DNPEP",-0.491558389970637,1.22883250063349e-05
"ST3GAL2",0.420204846232064,1.23313563785438e-05
"C8orf44",0.768139444624047,1.23460191010721e-05
"F7",-0.788325062595909,1.24182150989085e-05
"ZFAND2A",-0.52449530140436,1.24289024470542e-05
"PARP1",-0.469154773042976,1.24384324257267e-05
"FUS",-0.532883336502732,1.24717335800239e-05
"JAK1",0.482966361473231,1.25049330607905e-05
"B4GAT1-DT",0.731338954004556,1.25638809174429e-05
"TMEM222",-0.502745980117219,1.2585459033578e-05
"STYXL1",-0.787338184712496,1.26065334939212e-05
"NARS1",-0.44542353156188,1.26297624856441e-05
"TRIM37",-0.460868550248634,1.26315088967251e-05
"MED19",0.57015637020172,1.26692622748988e-05
"CENPH",-0.70162147661103,1.26753272300565e-05
"NDUFB2",-0.483280268618336,1.27335494891685e-05
"DNAJA3",-0.473304290127364,1.27601896445613e-05
"PPP1R3G",0.702139004476574,1.28496560431004e-05
"CLPTM1L",-0.514823423841858,1.29404153147484e-05
"ENSG00000228065",-0.727756517740776,1.29434758033914e-05
"EIF3M",-0.461456856643914,1.29469304298094e-05
"SH2B3",-0.57336690614669,1.29557757096132e-05
"TOP3A",-0.586000890637935,1.2970746610103e-05
"TRMT11",-0.439426788396703,1.29760756475681e-05
"ENSG00000297950",1.97191585228527,1.30019554247081e-05
"SKIDA1",-0.961355215133945,1.30471235280803e-05
"GATAD2A",-0.478587724222737,1.30503637013807e-05
"INSIG1",1.5100863496813,1.30716867469946e-05
"FNIP1",0.498693147288876,1.30939047595386e-05
"RNF181",-0.427624410780753,1.30971142788314e-05
"ENSG00000219529",1.64880000362605,1.31253708113992e-05
"TMEM43",-0.468245401233879,1.31560096243213e-05
"LOC154761",1.68817282531177,1.31798717500764e-05
"CRACR2B",0.446591833259742,1.31932197110527e-05
"ELOA-AS1",-0.845126875494564,1.32717385387154e-05
"OPRL1",1.57090996203361,1.32736478521621e-05
"ENSG00000273284",1.32018285356474,1.32758852733155e-05
"CLNS1A",-0.481919949608793,1.3311525634973e-05
"RREB1",0.407159510316606,1.33295842834334e-05
"ENSG00000293920",1.32101206629585,1.3367220548489e-05
"CYB5B",0.422418139996002,1.33680681926639e-05
"RING1",-0.463305572935641,1.3380112238258e-05
"TOMM40L",-0.48849656827386,1.33837680616914e-05
"NOP10",-0.660118144600637,1.33841146527814e-05
"DCAF15",-0.429491670848704,1.33877294752206e-05
"IER5",0.686683079226002,1.34434588960741e-05
"ATP5PD",-0.474066357243937,1.34473874055536e-05
"TMEM185A",0.583156240340539,1.34515953011336e-05
"TET1",0.541304025233333,1.3457325975931e-05
"LOC124901966",3.5025562121002,1.34623923027597e-05
"SEC31B",0.71015018450337,1.3474614933611e-05
"MAX",0.578659293971261,1.35097154155661e-05
"HLMR1",-1.92200093467736,1.35293586180913e-05
"NRSN2",-0.464673520790887,1.35915296502671e-05
"DCAF4L1",1.84337141237765,1.36180073023229e-05
"LINC01694",-1.01128609575254,1.3641930139787e-05
"SRRM2-AS1",-1.06090068763132,1.36632545447003e-05
"ZDHHC18",0.392217916447144,1.36908710552261e-05
"KIFC3",-0.415176045115811,1.3722061340347e-05
"RAB3B",1.63549547084082,1.37733871948096e-05
"ANKRD13D",0.530116332942645,1.37875724510836e-05
"HSF2BP",-1.06646749745684,1.37911632266673e-05
"PPARA",0.659669033251043,1.38444114480294e-05
"CYP21A1P",0.839039243291065,1.38492567290442e-05
"ZNF680",-0.820515087896209,1.38621010382308e-05
"ZPR1",-0.400873969521106,1.38847854362207e-05
"CCT5",-0.560908991594365,1.39734872788977e-05
"IPO5",-0.414054832706778,1.39869955365457e-05
"UGT2A3",-0.706855056277332,1.39976980777653e-05
"ENSG00000304218",-2.24047937950666,1.4005492386757e-05
"KARS1",-0.626601307486693,1.4026782610955e-05
"ENSG00000293192",-1.14678429132537,1.40533984781833e-05
"INHA",0.814220069673584,1.40962492970753e-05
"MEX3C",0.64621496299859,1.41246317605568e-05
"SOD1",-0.667353090394476,1.41369137721958e-05
"C11orf58",-0.419754047341098,1.41567731124018e-05
"IFT46",-0.715473513888838,1.416537277699e-05
"RANBP10",0.406138273679894,1.41704976222913e-05
"XPO4",-0.488024110176228,1.42939800696748e-05
"AGTPBP1",-0.550781911751291,1.42972959517877e-05
"SYNGAP1",0.702389050901224,1.43310088122544e-05
"GTDC1",-0.710104770137086,1.43529258361918e-05
"MANEA",-0.556469726639571,1.43711625669508e-05
"CSTF1",-0.391903815677893,1.43903903643016e-05
"APBB2",-0.630571266833196,1.44026800181504e-05
"ENSG00000279118",1.2074757569547,1.44242242444467e-05
"UPF2",0.432315573089191,1.44262454424677e-05
"ALOX5AP",-1.82909930385573,1.44349881880629e-05
"SPIRE2",0.5282428713801,1.44505620379069e-05
"PANX1",-0.576486784150073,1.44627757734792e-05
"PDE11A",1.09110481423856,1.44755728350032e-05
"H2BC15",0.976992251067552,1.45533411593328e-05
"SEC13",0.456779434728093,1.45581834702619e-05
"ASPSCR1",0.577356512557365,1.45852228085501e-05
"MRE11",-0.555053893156145,1.46362853244004e-05
"LOC105374338",3.56546575945573,1.46387036286992e-05
"GSTM4",-0.500464562609534,1.46733582909732e-05
"ENSG00000271533",0.692068323759742,1.46764285735141e-05
"PLA2G15",0.534279241755797,1.47257127551368e-05
"MLLT3",0.886446278466087,1.47576027990729e-05
"LOC124905527",-0.85009749781555,1.47801491934003e-05
"LINC00907",-0.69060717734577,1.47837441204515e-05
"PRXL2B",-0.551447950045023,1.48040990339747e-05
"AURKAIP1",-0.51355065222295,1.48359058291045e-05
"GSTO2",1.00203718826815,1.48576330858689e-05
"ARHGAP5",0.402359174668298,1.49275515195771e-05
"FHIP2B",0.409251644033838,1.49372094767684e-05
"ZNF490",0.706817781602485,1.49578741013546e-05
"SNX11",0.51521687182236,1.50114720112711e-05
"APOO",-0.922252147493351,1.50327370678871e-05
"ENSG00000279701",4.95361989267465,1.5039282322153e-05
"DNAJC25",0.477407755419663,1.50733057917847e-05
"RIMS3",-0.77594749682644,1.51727355469781e-05
"CLCC1",-0.45573090052994,1.51849174405197e-05
"RHBDL2",1.04739330919524,1.52301271227205e-05
"MCC",-1.81176973699072,1.52492307012378e-05
"SCN1B",1.07126769414071,1.52571121309507e-05
"NR2C1",0.478561486248858,1.5312603156198e-05
"LOC728392",-0.599772920740766,1.53314724360768e-05
"NAT1",-0.756972585154391,1.53411004000166e-05
"SHPK",-0.4710290086403,1.53531647730858e-05
"BUD13",-0.447435171873513,1.54252193025508e-05
"BUB1B",-0.433455214302204,1.54465384921072e-05
"SS18",0.424007574793208,1.54754089757745e-05
"RNF31",-0.578569995960796,1.55527134570177e-05
"SLC29A1",-0.743663417663758,1.55778784746115e-05
"CKMT2-AS1",-0.64971473939088,1.57159304315694e-05
"NTAN1",0.459905196980207,1.57181706543967e-05
"AP3M1",-0.521549536576602,1.57413905046439e-05
"GAS2",0.529721795240149,1.57778137348272e-05
"AHR",0.550144437039163,1.57983909354703e-05
"NIN",-0.735804161347407,1.58007316971389e-05
"PERM1",2.21343211102799,1.58140495077831e-05
"MTUS1-DT",-1.23003205628184,1.58187982045437e-05
"ENSG00000286388",-0.81990705048497,1.58269695934003e-05
"OPA3",0.414712879527553,1.58323205037279e-05
"LINC02323",-1.05764518001504,1.58334964233817e-05
"KAT6B",0.495161566884688,1.58387670741121e-05
"CRAT",-0.531192282528461,1.59269380937751e-05
"RBM17",-0.389537486509027,1.59415970065252e-05
"CHST10",-0.653396908506616,1.59618934271271e-05
"DNAJC9",-0.477199754687173,1.59800110662658e-05
"STEEP1",-0.64481508327422,1.59897138707809e-05
"ENSG00000177337",1.24547943238269,1.60172632171865e-05
"HSPB1",-0.772376627382405,1.60825051845472e-05
"ZSWIM8-AS1",1.59045528153356,1.61143187689962e-05
"SH2B2",1.25246639092905,1.61394378578841e-05
"GOLGA8M",1.72610214779135,1.61716391435847e-05
"SPATA7",-1.04355265690081,1.61738863928398e-05
"SENP5",0.393808939695583,1.61782926706931e-05
"LSM5",-0.360856789616173,1.6197421539461e-05
"GHITM",-0.482204981050526,1.62545870830654e-05
"ABTB2",0.590974777804501,1.62668308621379e-05
"PTP4A3",0.815394744016407,1.63298212131287e-05
"ADAMTSL4",-0.692599017545049,1.63893392387917e-05
"DCPS",-0.441529643375512,1.63915625236921e-05
"DENND4A",0.596373744785316,1.63984757034833e-05
"PSMA1",-0.366245268441403,1.64020191816722e-05
"ENSG00000226239",2.44659475703888,1.6402603208645e-05
"NUP160",-0.473155657301318,1.64428181533977e-05
"P3H3",0.504819955843756,1.64571594720288e-05
"KIF9",-0.936650281971387,1.64885460022786e-05
"UBA6",0.460678618366926,1.66127917344718e-05
"OGFOD1",-0.431240233306168,1.66156806953028e-05
"ENSG00000284633",1.50957749125861,1.66168976706092e-05
"IFT57",-1.11414637913168,1.66583901319897e-05
"FDX1",-0.66183608525465,1.66832773569848e-05
"ENSG00000288741",-1.12483184888197,1.66870407384428e-05
"SNX9",0.552569963132344,1.66924650539973e-05
"PHF10",0.387191509997363,1.67038722002456e-05
"AMY2B",-0.922306374702048,1.67057923190069e-05
"XGY2",-1.79061954487674,1.6711050045959e-05
"AVL9",0.395678943819151,1.67342823300447e-05
"DSG2",-0.511060426638903,1.67799285672143e-05
"ENAH",-0.484631648284178,1.68040988653366e-05
"SLC34A3",-1.61807418283132,1.68289259861751e-05
"SLC13A3",0.858684486978448,1.68479864026808e-05
"RBPMS",1.38417141036954,1.68495139440336e-05
"ANKRD24",0.968198542002901,1.68814676977655e-05
"ITPRID2",0.439123156763109,1.69512908401372e-05
"SMARCA4",-0.403448687544766,1.69780096484842e-05
"GHDC",-0.438423513419419,1.69877479100256e-05
"ENSG00000293413",1.15845243486642,1.70149823473974e-05
"USPL1",0.625748984910572,1.70845212815763e-05
"SMAD2",0.352688978387986,1.70902513377681e-05
"ENSG00000260534",2.33034355246474,1.71404166731298e-05
"FAM184A",-0.613613174216296,1.71930215072576e-05
"PMS2P1",-0.523575920256337,1.72406228616352e-05
"IL21R",1.26444437945071,1.72695053970924e-05
"SLC25A28",-0.469000685726648,1.72797343302971e-05
"ENSG00000290995",2.91896177819436,1.73266305397038e-05
"KNG1",-1.40782197305199,1.73405116770511e-05
"DEPDC4",-0.967765486745704,1.73428599321207e-05
"PATJ",0.589380473814114,1.73573107042626e-05
"CCDC43",-0.353701169132064,1.73579377550968e-05
"NRDE2",0.461075880491645,1.73850865869279e-05
"NEMF",0.429214417923742,1.74404076719787e-05
"LRRC56",1.19036381124595,1.74855182425619e-05
"TBPL2",4.84551272423515,1.75064710321434e-05
"LYAR",-0.754052807709283,1.75416876412833e-05
"SRSF1",-0.373574137943449,1.75775220980941e-05
"ERI1",-0.545849488760738,1.76378055372458e-05
"RBM42",-0.398386665983136,1.76415437512579e-05
"ENSG00000278041",-2.30659601902825,1.76467618993948e-05
"LSM10",-0.520307528775891,1.76579102241225e-05
"CEP131",-0.485591302178703,1.77000928184265e-05
"LINC01564",-1.52040484726065,1.7734359175361e-05
"RAD18",-0.520961097645893,1.78281515731254e-05
"PROSER2",-0.733807092481212,1.78484986432116e-05
"DHRS4L1",-0.962041850893365,1.7855760136343e-05
"BAIAP2L2",-0.699159633071782,1.78620521363479e-05
"ENSG00000272848",-1.35240822223636,1.78644215377805e-05
"ITIH4",-1.30785527667072,1.78974462034205e-05
"ELAVL1",-0.43682085423018,1.78994311154271e-05
"ENSG00000260997",3.31925574504251,1.79483623105445e-05
"CIR1",0.783239611877899,1.80721745175689e-05
"ENSG00000288559",0.996983471881429,1.80779977364616e-05
"MTERF1",-0.591688227687096,1.81254507157942e-05
"DEDD2",0.547990589609432,1.81509346614679e-05
"HSD17B1",1.14178123547495,1.81670055005301e-05
"PLGLB1",1.50050424852474,1.81693708779266e-05
"KEAP1",0.444558358246899,1.81831629159533e-05
"SEC23A",0.490580613253986,1.82036561163315e-05
"MTHFSD",-0.490104980888152,1.82605104545899e-05
"CHD3",0.392391761766311,1.8339261747247e-05
"HSD17B1P1",1.60991255139387,1.8368886747154e-05
"FSIP2-AS2",1.38453422045358,1.8371164378331e-05
"TESK1",0.423805409688848,1.83943643761851e-05
"GLS",0.482483646560648,1.84781510315419e-05
"TTC33",0.511875317655521,1.85245441680152e-05
"TTYH2",-1.5314208314711,1.85316189555987e-05
"TIMM50",-0.482568902109551,1.855010519197e-05
"MRPL3",-0.474935221222783,1.85666096302115e-05
"TERF2IP",0.576853407406207,1.86057418951355e-05
"CSNK1G2",0.360369670954141,1.86574260259437e-05
"FADD",-0.723469321786929,1.86702108920731e-05
"ENSG00000256955",2.16621144231312,1.87130523551857e-05
"PTGES3",-0.491110678001669,1.87426262029718e-05
"FAM185A",-0.810395442848455,1.8749812765834e-05
"TNFSF10",0.632606655304338,1.88310733369062e-05
"UVSSA",0.430419145656284,1.88645227921463e-05
"ATP1A1",0.478876062880445,1.88765045270389e-05
"TRIM32",-0.645738713410182,1.88935929351906e-05
"ENSG00000270696",0.704799961969535,1.89042088143055e-05
"IMMP1L",-0.624860779613688,1.89043692826038e-05
"ENSG00000245910",-0.45110377132569,1.89408588136672e-05
"UTP11",-0.524905136118551,1.89546662583169e-05
"LINC02889",2.54921050100937,1.90146679887635e-05
"DNTTIP2",-0.558808729026336,1.90243210461863e-05
"MRPL21",-0.546692296452682,1.90581177116941e-05
"ENSG00000272617",-1.28005224504074,1.90751315964279e-05
"TMEM35B",-0.786363757820134,1.90788703193835e-05
"ZNF841",0.601431881536338,1.90852679064935e-05
"ARF1",0.488754475490815,1.91840986748155e-05
"LOC124903567",1.39864125371086,1.92348368903066e-05
"COMMD1",-0.62162605238991,1.92438625895e-05
"ENSG00000276550",-1.22839623171287,1.92521099336528e-05
"PDE8A",0.347692291861745,1.92551399579912e-05
"EMC4",-0.468250701313839,1.9262668388495e-05
"SGSM3",0.595264740735499,1.92745094088417e-05
"LINC00467",-0.81951893442076,1.92827471693127e-05
"GPALPP1",-0.514205486266598,1.93291636285251e-05
"ISCU",0.558104614187092,1.9357087364382e-05
"IRGQ",0.511539975347104,1.93798471738739e-05
"LIPG",0.639758235995426,1.93840450487905e-05
"ENSG00000285804",1.82488516504114,1.94410989165573e-05
"PIGC",-0.50643835944471,1.94671765982508e-05
"GMFG",2.38153647925333,1.96274158061645e-05
"HERC1",0.511021353755474,1.96578118533401e-05
"TPCN2",-0.617424874526935,1.96663253112815e-05
"ZNF180",-0.716168014962855,1.97250273090513e-05
"CSTF3-DT",-1.40058865147972,1.97495968630829e-05
"EMP3",-1.25418159953943,1.97830343805591e-05
"ZNF184",-0.800643699699648,1.98055617472475e-05
"SLC27A3",-0.610374665199378,1.98229488241582e-05
"UACA",0.448434831464691,1.9837633994671e-05
"MRPL20-AS1",-0.500213056753722,1.98928151818596e-05
"TOX3",0.482402196455093,1.99183209785245e-05
"COPRS",-0.551069380526679,1.99299448975748e-05
"CSF3R",-0.639835526765253,1.99335119197835e-05
"ENSG00000290057",1.83988939867386,1.99438949955521e-05
"TCIRG1",-0.663635513432339,2.00243155798696e-05
"ZNF333",-0.725187897900714,2.00245476260577e-05
"NEMP2",-0.650490002676612,2.00389576189911e-05
"CEP192",-0.506422915862365,2.00413083258195e-05
"MFSD14B",-0.432988258903393,2.00493178800524e-05
"ENSG00000288096",1.52348091348585,2.01330071222986e-05
"LIF",0.708921845072736,2.01496476990573e-05
"SERBP1",-0.472685398344243,2.01621513697554e-05
"USP33",0.406575852799395,2.01942283088969e-05
"LAMP2",0.500958852882119,2.02385514302299e-05
"ALG3",-0.524453528430942,2.0253662733504e-05
"TNFRSF10D",0.430271818401406,2.0254863545085e-05
"PUS7",-0.425125348991299,2.03174551055323e-05
"ACOX3",-0.578236867171519,2.0394387030792e-05
"SLC22A7",-2.14583189736157,2.04022535303597e-05
"GALR3",2.05332833371014,2.04094904363618e-05
"SUGP2",0.516814833784618,2.0444066468634e-05
"ZNF318",0.50860279768155,2.04670392134969e-05
"ST20",0.905778458897717,2.0487873026997e-05
"RPSA2",-0.553158408038976,2.05056832246883e-05
"ENSG00000259424",1.45959094968394,2.05278468914988e-05
"ENSG00000284543",3.13432498034239,2.05553648467383e-05
"HDLBP",0.522017197608624,2.05724455225629e-05
"CUL4A",0.363220029560459,2.05963338203701e-05
"SCIRT",2.09860839279959,2.06077023551518e-05
"WDSUB1",0.575058462418221,2.07162855631919e-05
"EGFL7",1.53794938462964,2.07602090648855e-05
"HECA",1.80451310163669,2.08693795054814e-05
"ESPL1",-0.756613374719584,2.08747083461353e-05
"GTF3C5",-0.362751093187697,2.09159593556106e-05
"ANXA6",-0.371385613596544,2.09732344055682e-05
"WIPF3",2.27379510491273,2.10294967777823e-05
"ENSG00000196656",-0.91642532113559,2.10303979108095e-05
"PTPA",0.360520586733745,2.10995683307422e-05
"CCDC85B",-0.827027028517125,2.11019306102406e-05
"SRSF3",-0.36813899897432,2.11086476834124e-05
"ZCRB1",0.575614229520858,2.1124211244757e-05
"C1RL-AS1",-0.806212343852548,2.11296064659113e-05
"ADAP1",-0.576590851754632,2.11327237289724e-05
"ABCB8",-0.497588685883574,2.11545090309283e-05
"BCAS2",-0.684923629137803,2.1161266960291e-05
"FGFBP3",-0.729181163674134,2.11687376082407e-05
"GC",-1.79942637546317,2.11769563993136e-05
"LINC00939",1.40197527782127,2.11782666833065e-05
"E2F6",-0.377063927178937,2.12119635812124e-05
"DIS3",0.36534727548835,2.12164540089926e-05
"ETF1",0.430692444424093,2.12280902539516e-05
"OTC",-1.78729555694586,2.13331515488626e-05
"GAA",-0.607174521265376,2.13379708120928e-05
"CNNM2",0.644970944202564,2.13835476846912e-05
"PCTP",0.489822313206625,2.14133756690549e-05
"FAM3C",0.47028084101662,2.14500951917255e-05
"LRRC14",-0.50349060912231,2.14928817258338e-05
"GPATCH2",-0.722170072894609,2.15530203351706e-05
"GRIP2",2.22257699736743,2.15847981721455e-05
"CASP1",-2.13218090563371,2.15952348648618e-05
"MRPL15",-0.44878279310707,2.16601620736695e-05
"PSMD7",-0.447388258999507,2.16762464709449e-05
"MTUS1",0.356934844408329,2.17153028501185e-05
"EPO",-0.826372691466198,2.17255846227918e-05
"NAIF1",0.923481208623476,2.18017580716291e-05
"EML4-AS1",1.42033335475209,2.18145681181223e-05
"ENSG00000284606",-1.65010137553662,2.18211059629041e-05
"LINC03124",0.724688023054969,2.18214167273958e-05
"ANKRD13B",-0.846627751059669,2.19217620157463e-05
"GNL3L",-0.439069136207886,2.1953682862677e-05
"ENSG00000273240",1.88974610387203,2.20169751976722e-05
"NIPAL3",0.563001567273112,2.20644735760384e-05
"PTPRK",0.530841439239172,2.20933572423881e-05
"CLIP1",-0.42632847649223,2.21194516042683e-05
"ATXN7L1",-0.629901419662247,2.21356798684331e-05
"VTN",-0.753282871356469,2.22012858306294e-05
"ACTR5",-0.450415537561515,2.22259335823152e-05
"B3GALT9",-1.02835100435231,2.23327650334435e-05
"TENT5A",0.533917142731469,2.23399619063751e-05
"VBP1",-0.417426567007024,2.2341173411449e-05
"THUMPD3-AS1",0.451214814355836,2.23605799349654e-05
"GPN3",-0.676403690125433,2.23719179943969e-05
"FAS",-0.905033703896424,2.23813386744236e-05
"NDUFA11",-0.415304678460452,2.23902903082431e-05
"ENSG00000296118",2.70987391427673,2.24307528216834e-05
"ITSN2",0.393037908213258,2.25083728705529e-05
"ENSG00000290957",-0.882578155801968,2.25191527230746e-05
"TCHP",-0.410480226287167,2.25361803875421e-05
"LAMTOR2",-0.592770744036506,2.25558726919326e-05
"NCOA6",0.379974892518449,2.25841354849254e-05
"RTTN",-0.766016770647228,2.26089062899563e-05
"STX8",-0.70431341760942,2.26380917297262e-05
"SLC22A10",1.51017903575539,2.26609321732196e-05
"SYF2",0.590691167978871,2.26661546475266e-05
"ENSG00000224616",-1.01149318129586,2.27573724412763e-05
"PTPRM",0.566748347138602,2.27664298769837e-05
"CTXN1",-2.92349874323776,2.27682831434891e-05
"DDX41",-0.427349740734667,2.28115503853768e-05
"SPRED3",1.97721711963539,2.28526524487503e-05
"ENSG00000278730",0.445613668648169,2.28538664686627e-05
"MGAT2",-0.442507999446496,2.28908961104591e-05
"APCDD1",1.28154873954366,2.28922495828288e-05
"RSPRY1",0.38762777335801,2.29893994403208e-05
"MRPL51",-0.463846646215166,2.31353149277851e-05
"STXBP1",0.737135788766443,2.32196944383809e-05
"ZC3H14",-0.344746924663792,2.3375662927783e-05
"ATG16L2",-0.941722551674772,2.33836138899114e-05
"SRARP",1.36786250782388,2.341436100747e-05
"CCDC121",-1.04573313989986,2.34147363064215e-05
"ATXN1",0.500814424046144,2.34176678144365e-05
"PSMB9",-0.902443006865215,2.34211191047411e-05
"MAPRE1",-0.525422651588157,2.34323349176888e-05
"ISM2",1.78110043189306,2.34726846255695e-05
"PHTF1",-0.400936055234127,2.34868082539081e-05
"MIER1",0.417307815690675,2.35556486102881e-05
"UGT2B7",0.502240254700483,2.35808440718818e-05
"RAD1",-0.391205776813359,2.3605095410267e-05
"ZNF551",-0.827469002131061,2.36155412297955e-05
"LARS2",-0.394654619887834,2.36410949006759e-05
"ZNF772",-0.589900946636625,2.36503939739621e-05
"NAT2",-2.33085699479205,2.3669700774145e-05
"RHBG",-1.1030959081362,2.37068692880773e-05
"FAUP4",1.24007133187968,2.37117136251097e-05
"TYMP",-0.673411727852661,2.37255530615282e-05
"UFD1-AS1",-1.52293055849527,2.37353335694609e-05
"GOLGA2P5",-0.544653125375853,2.38003548547513e-05
"MED13L",0.422809346084495,2.38158750215207e-05
"TOP2B",0.447295150349033,2.38942904155429e-05
"FAU",-0.586495411218988,2.39183062147021e-05
"ENSG00000260249",1.12019365748653,2.3974648957979e-05
"PSMC2",-0.426507980884134,2.39845442486179e-05
"ENSG00000263823",1.18302922738299,2.40095701378149e-05
"ENSG00000293402",-0.655108880123166,2.41780039284292e-05
"ENSG00000234678",1.06803882364687,2.418769161334e-05
"NFIC",-0.453497803171392,2.4205959338655e-05
"SAMM50",-0.379760951650789,2.42662651903682e-05
"TRIM4",0.380206523148017,2.42760530889284e-05
"EIF3K",-0.702274304723535,2.42930615741457e-05
"ENSG00000287808",-1.65190077976246,2.4336435521338e-05
"CCDC106",-0.59682371476296,2.43670283426477e-05
"SHFL",-0.51296706049279,2.44788514635466e-05
"ACSL5",-0.455633627573684,2.44813432242503e-05
"RPAIN",-0.388083742772223,2.45081543360026e-05
"HS2ST1",-0.571809772671878,2.45227810569546e-05
"CMBL",-0.506491656236185,2.45810217813742e-05
"POGK",-0.379359103773757,2.45995488106347e-05
"ENSG00000287853",2.57963310450157,2.4640892697133e-05
"WDR62",-0.758040168334116,2.47966739915993e-05
"FASTKD3",-0.630106191180004,2.48375724507786e-05
"ACADVL",-0.403629420386071,2.48528471519576e-05
"ENSG00000294020",1.2229485649937,2.48821655537995e-05
"AHCYL1",0.366654546553832,2.49403234511556e-05
"MIX23",-0.427871728651792,2.49753989128676e-05
"LPIN3",0.462618271382517,2.49787449021572e-05
"ABCB4",0.541042025161291,2.51144759172428e-05
"ALDH6A1",-0.710544977442915,2.51239410743108e-05
"ENSG00000240291",0.749515078578312,2.5128304515902e-05
"ATP5PB",-0.427975884039376,2.5216589648416e-05
"PAN2",0.470311587846247,2.52510739402485e-05
"CMPK2",-2.07100075974553,2.52786438712162e-05
"LINC00479",1.82943365338889,2.53415774447818e-05
"UQCC5",-0.55647829624227,2.53664864745843e-05
"CPAP",-0.569160607703413,2.53670906672024e-05
"RPP40",-0.639628743389465,2.54117334236596e-05
"VGLL4",0.396200882809208,2.54188554260085e-05
"CKLF",-0.559823966175451,2.55458063313446e-05
"IER3",1.75545410668399,2.56241511835703e-05
"TUBA1C",-0.491148653370803,2.5628447087567e-05
"RALGPS2",0.361906618657478,2.56841353017606e-05
"ILRUN",0.559476286489259,2.5688631163865e-05
"FRAT2",0.675372297921048,2.5740524855395e-05
"SCRN2",-0.585300730583666,2.57562361935136e-05
"ENSG00000279406",1.14657019333451,2.57576522614183e-05
"TCAF1P1",0.598312133175992,2.57787243608054e-05
"ABHD14A-ACY1",-0.824988305499263,2.58061765300025e-05
"NUP188",-0.42395832666386,2.58264358673775e-05
"SNX16",0.634154989566773,2.58431559632264e-05
"SMOC1",0.441803113835265,2.5872069114204e-05
"LOC124909451",3.21182301497144,2.59101187965457e-05
"GNPTG",0.425989116629064,2.6005859695664e-05
"SSBP1",-0.718878831303784,2.60099992636429e-05
"LOC102723996",-1.21783976166888,2.6165791939431e-05
"ENSG00000280063",-0.79096047388151,2.62769037855692e-05
"KIF20A",0.521566522591382,2.63079480608089e-05
"LDLRAP1",0.649994741856302,2.63319003865315e-05
"CRNKL1",-0.39152117457894,2.63843253518483e-05
"MRPS34",-0.47744504401898,2.63996783795991e-05
"CAMK2A",3.10968139754693,2.642795895279e-05
"GABPB1-IT1",0.616636143582023,2.64785409222801e-05
"TTC1",-0.559584293743497,2.65492764174582e-05
"NES",-1.08147046733016,2.65724848603494e-05
"ENSG00000303737",1.97577415263164,2.65860419751923e-05
"DZIP3",-0.460526057884896,2.66607459053536e-05
"CARHSP1",0.391230976896054,2.67058830579626e-05
"NUP43",-0.565058570519261,2.67853338578243e-05
"ENSG00000275234",0.670050778828756,2.68353543672555e-05
"FOXD4L3",1.89950676008843,2.68694569504447e-05
"SLC22A3",-0.783542262039312,2.69356904643078e-05
"C8B",-0.579721951999574,2.6953881189513e-05
"DLD",-0.456077189758561,2.69697515494189e-05
"ENSG00000290386",0.605005161681106,2.70575609166649e-05
"PITPNA-AS1",-0.968812343731563,2.71063495665743e-05
"MLNR",-1.97240426915353,2.71574530800377e-05
"WDR35",-0.614940484252071,2.71703012792926e-05
"LRP3",-0.525271545827563,2.71868841747584e-05
"ARHGDIA",-0.483045126668201,2.72301771526691e-05
"EFHD1",-1.68295969725601,2.72885547536093e-05
"ATP5F1B",-0.434378194119276,2.72949571855736e-05
"PPP1R15A",0.639778045368912,2.7299707031174e-05
"EIF1AD",-0.360716508736545,2.73242225692508e-05
"PPP1R9B",0.382386806433215,2.73634999782625e-05
"SLC30A5",0.372657727639063,2.73813033435033e-05
"KCTD21",0.872076515129562,2.74286856934943e-05
"KLF12",0.973936586952181,2.74945707918993e-05
"RPL23AP82",-0.687921015641661,2.75487272699009e-05
"FBXO34",0.467556134832203,2.75536174974177e-05
"TNFRSF10B",0.531742654672451,2.75756311352893e-05
"SLC25A5",-0.571450877171433,2.76272562167326e-05
"DOCK1",-0.370231973289199,2.76548336141475e-05
"LINC02615",1.00142287444866,2.76792144420697e-05
"FAM241A",-0.701052812844731,2.77044977607325e-05
"OSTF1",0.594943815013094,2.77390706189263e-05
"RIGI",0.691672109557501,2.7902693771593e-05
"UTP25",-0.537041261582553,2.7903696954953e-05
"FXR1",0.428921331362881,2.79697413813603e-05
"ENSG00000280362",3.88139943224472,2.798705484838e-05
"PLXND1",0.39152575635547,2.80119682330215e-05
"CETP",1.6268935011911,2.80506000357276e-05
"LFNG",1.88450027283148,2.82900889885101e-05
"SRPRA",-0.39063802255192,2.83960110193164e-05
"ENSG00000264943",2.7299973180463,2.83971552063415e-05
"ING1",0.574840194956596,2.85316701147914e-05
"SYNE2",-0.674164815891812,2.85340709022819e-05
"HSD17B4",-0.440146653975656,2.86215183664068e-05
"ENSG00000255121",-1.667268349732,2.86534566628084e-05
"GTF2IRD2B",0.528176455786602,2.87084523824423e-05
"ENSG00000263606",2.19389119103688,2.87620000031591e-05
"NAA25",-0.40249133026751,2.87657773311968e-05
"SELENOW",-0.551049786704669,2.87697208109976e-05
"IMP3",-0.431513149993128,2.88591916017774e-05
"CCDC194",1.19283548230942,2.89402233557603e-05
"RAB8A",-0.519515219124539,2.89448617872418e-05
"VCP",-0.393881677867947,2.89504456720955e-05
"LOC105377294",-0.838073437847017,2.89540201237865e-05
"PRPF39",0.595168483747973,2.89999396801672e-05
"ENSG00000273599",2.84179190778346,2.90228738299454e-05
"ENSG00000280399",-1.81964182538677,2.90713917985113e-05
"NPEPL1",0.83464658466057,2.91184546913484e-05
"PITHD1",-0.360112956139008,2.9127220474694e-05
"NKPD1",2.91959694906207,2.91910662526658e-05
"ENSG00000228350",1.02723451498245,2.92373716594396e-05
"CTDSPL2",-0.416874694816104,2.92633563526192e-05
"ENSG00000224174",1.08700288121191,2.92869702277792e-05
"ENSG00000290033",-2.17696761352053,2.94108222128046e-05
"ZNF623",-0.462386426929951,2.9418631102803e-05
"FURIN",0.490769157879952,2.94187223528672e-05
"NXT2",0.680111165495269,2.94612301667422e-05
"PRKAA1",0.377379138128772,2.94692831956758e-05
"PCSK6",-0.456728831727283,2.95298730216148e-05
"BRAF",0.532659067001088,2.95748989273337e-05
"ENSG00000233967",-0.631933531019157,2.98143835852903e-05
"ENSG00000291265",1.76028103225187,2.99373105350579e-05
"ZNF598",-0.447711579488302,3.00426966632296e-05
"ENSG00000261799",0.81659475074087,3.01794954247579e-05
"RALY-AS1",-0.823956187261702,3.02833997549759e-05
"MTERF4",-0.37380838110878,3.03861934203454e-05
"SDHC",-0.451799977459281,3.03902993974551e-05
"PTPN23-DT",0.793278145355184,3.03909062422633e-05
"FYTTD1",0.424862019442136,3.03988513207581e-05
"ITPA",-0.388842246909447,3.03994411223187e-05
"MON2",0.480784949276919,3.04000721666852e-05
"SEC31A",0.396694402890867,3.04678048975346e-05
"LOC105374593",1.34220657927894,3.05007487974383e-05
"LGR5",-0.393626884948237,3.05155236624523e-05
"PLPP7",2.07193363135624,3.05247754689287e-05
"SLC5A11",-1.55313490782592,3.0642854763355e-05
"ENSG00000293557",-1.77717755411238,3.06566942971086e-05
"INTS7",-0.417619482726098,3.07103919061294e-05
"POMGNT2",-0.559397575201222,3.07103948195463e-05
"F11",-0.430698348874721,3.07117381496597e-05
"SKOR1",1.47837840002222,3.07360744559662e-05
"DHRS4L2",-0.494960920118756,3.07555300067329e-05
"SNX21",-0.594208831827517,3.07811061650828e-05
"HYKK",-0.863531399288679,3.0803693980336e-05
"ENSG00000270933",1.23429763982572,3.0837171645677e-05
"UBC",0.504774496045531,3.09883423450561e-05
"TXNIP",0.843006587992094,3.09983575844395e-05
"PDAP1",-0.577572706602277,3.10139721722724e-05
"ENSG00000224093",0.727429980744847,3.10164851855075e-05
"TEAD3",0.367808025072919,3.11424463094163e-05
"RGPD4",1.14183655571913,3.11888801193854e-05
"ZNF75A",1.05870756243506,3.11903521462961e-05
"FERMT3",1.34739385032179,3.12005800469688e-05
"GABRE",0.604947810167531,3.12145134345108e-05
"ZYX",-0.645896859580382,3.1288207087829e-05
"ATP5MC3",-0.441990701736593,3.14118469637953e-05
"ENSG00000288854",3.02723920313487,3.14187442917711e-05
"ENSG00000260400",0.902429185755423,3.14330402709944e-05
"ANKMY1",-0.62190438760324,3.14407066239193e-05
"GTF2F1",-0.528558556776491,3.14717142864722e-05
"ENSG00000226510",2.72323806042171,3.1489089923861e-05
"CCSAP",0.539897549906022,3.15063209705976e-05
"HCG15",-1.22113022727345,3.17654402219653e-05
"NBPF9",-0.496822789382025,3.18074706850007e-05
"LOC101927572",-1.30897732163394,3.1811622122214e-05
"LINC02481",0.734500214884374,3.1821390073292e-05
"PTPN6",-0.513065873204203,3.18687221872927e-05
"ENSG00000203392",2.17572998339014,3.19544057241413e-05
"SCGN",-1.68432285327301,3.19596573447132e-05
"SAPCD1",-0.933084778060891,3.19818200160824e-05
"GNAI2",-0.362134249514932,3.2237595015385e-05
"CPLX1",-2.10464143501142,3.23693944342326e-05
"FAM136A",-0.377583076488878,3.23871737067902e-05
"FUBP1",-0.392678609056825,3.24952494826322e-05
"ENSG00000289294",-0.87487696916182,3.25110715238794e-05
"ENSG00000272043",1.74368566615795,3.25348039414971e-05
"SMURF2",0.372565005135281,3.25915574003518e-05
"TCF3",-0.402362503020034,3.26428085634482e-05
"FABP5",-0.992770935630726,3.26522908401827e-05
"UNC93A",-0.695211108073805,3.26581590273625e-05
"MT2A",0.733846938855144,3.28399340951777e-05
"ZBTB2",-0.48576255861167,3.28611845435568e-05
"SEMA6A",1.55201330587866,3.30483585359917e-05
"UCHL1",-6.76409069366864,3.30794694737446e-05
"LIN37",-0.537901750607821,3.30933129394554e-05
"UBXN2B",-0.696802478396512,3.31332732217107e-05
"FAM13B",0.458718657866064,3.31500100386335e-05
"KHSRP",-0.415456719276289,3.31822087780638e-05
"NUMA1-AS1",1.36612356840303,3.32016206743344e-05
"S100PBP",-0.419045486604589,3.34093717706363e-05
"ENSG00000297787",1.31878019645391,3.34287394064521e-05
"CPD",0.428877360712035,3.34591717066277e-05
"LINC00665",1.8610113855588,3.34628905416802e-05
"CEP126",-1.05159014745646,3.35168188648518e-05
"DGAT2",-0.742216719341749,3.35189109977239e-05
"TEX29",1.58317055337423,3.35416704506668e-05
"TMEM52",-0.640118414436765,3.35584292433114e-05
"RPS6KA5",0.78282161115544,3.36599792373381e-05
"FAM210B",-0.360752035742907,3.36760502342658e-05
"ENSG00000228043",-1.08399037111805,3.36762139831541e-05
"ENSG00000237637",1.84798241021873,3.37090239079583e-05
"INO80B",-0.505341845652666,3.38401212565264e-05
"ZNF224",0.477338314728619,3.38519962735193e-05
"ADAT3",0.738126521234853,3.38661221730433e-05
"KIF3A",0.54549119641149,3.38863803373288e-05
"FANCM",-0.616963750345468,3.39053419056553e-05
"TCEA2",0.538067001429618,3.39386420873587e-05
"LOC728743",-0.533351572748607,3.39738386794625e-05
"ENSG00000284052",1.02857657675218,3.41436030925424e-05
"ANG",0.810883590072916,3.41683286838119e-05
"ENSG00000294538",-1.62104625585483,3.42228549543419e-05
"UFD1",-0.425660591770587,3.42820200291584e-05
"ZNF619",-0.765490155896903,3.43041847298411e-05
"MAIP1",-0.546876905063655,3.43815365916229e-05
"CDK16",0.470567077410916,3.43972862827404e-05
"ZNF267",-0.519275563117455,3.45780989767595e-05
"PTPN23",0.399186633203984,3.46038445630337e-05
"CCDC92",0.76754376310025,3.46201034213027e-05
"LPXN",0.972376543624829,3.47800871394291e-05
"C17orf75",-0.404864790878126,3.48330945573269e-05
"AHCY",-0.425781024580339,3.48582898211652e-05
"EIF1B",-0.392274703186555,3.48785031615068e-05
"TP53TG1",0.561408028129352,3.49016049502094e-05
"MAP1LC3B",0.65268214953501,3.51555245703867e-05
"SLC30A6",-0.441721328483436,3.51612036875767e-05
"NOL7",-0.458258197247999,3.51674533173541e-05
"ASPRV1",2.10693549271545,3.52171525358651e-05
"PHB2",-0.359606765018921,3.52543882082401e-05
"SLC9A8",-0.366321602951464,3.53020265823547e-05
"ENSG00000260914",-4.27694469410928,3.53485395408525e-05
"NCAPD2P1",0.975373327126154,3.5349909657116e-05
"ENSG00000231770",-0.85236226155063,3.53573733311842e-05
"ENSG00000279026",1.05712033499304,3.5388438019481e-05
"UBE2I-AS1",1.54571915544575,3.5492835805037e-05
"GPATCH2L",0.398337503779894,3.55496956344746e-05
"SEC23A-AS1",1.29027083392456,3.55777018129344e-05
"ENSG00000272774",1.4978663472666,3.56325634306462e-05
"H2BC11",1.50286539789431,3.5738614276864e-05
"ATP5MK",-0.528714258371424,3.60812771676375e-05
"ENSG00000308570",1.37493144484951,3.61881908450583e-05
"APTR",0.489210941470084,3.62297628204643e-05
"CENPA",0.470305617672642,3.62544939042021e-05
"RAP1GDS1",-0.530405630330369,3.64076056710363e-05
"CHRDL2",-1.28235468644778,3.64707735075324e-05
"ASNSD1",-0.382635677262636,3.6544365525918e-05
"ENSG00000302574",1.93992694680586,3.66227031473253e-05
"VPS39",0.385023450065255,3.66608755331113e-05
"CYB5RL",-0.578752675657776,3.66682032480952e-05
"ARFRP1",-0.497234778419312,3.66891768231107e-05
"RNPC3",0.498932253223975,3.68308829708993e-05
"ENSG00000269911",1.09638030099355,3.68513251269199e-05
"CPNE1",0.389332473222365,3.68857602964008e-05
"SZT2",-0.45363664046718,3.700834358985e-05
"SF3A1",-0.45071061801216,3.70565153517709e-05
"WDR27",-0.454206219309707,3.70930233923063e-05
"EIF2B2",-0.45454763644458,3.71004581331344e-05
"NRBP2",-0.703515321945156,3.71442269643117e-05
"COPS7A",-0.488951633038521,3.72319052387587e-05
"ENSG00000188985",-5.44041374347306,3.74259091097717e-05
"AFG2A",-0.793066487795138,3.75467708227715e-05
"MAMDC2-AS1",0.666345283884449,3.7556065376001e-05
"DSC2",-0.69220635379109,3.76356247383786e-05
"B4GALT1",-0.569405418162765,3.76497535201186e-05
"ENSG00000290644",3.39749050947273,3.76500932447619e-05
"ETS2",0.679933068613408,3.77128850301132e-05
"OTUD5",0.452441026651243,3.77130499275455e-05
"PDZD8",-0.438826830436438,3.77773165800558e-05
"ENSG00000257086",1.29393697483752,3.78050214111547e-05
"COPB2",0.396162938692331,3.78057149937718e-05
"EGLN1",0.627248675980929,3.79191156156135e-05
"FKBP11",0.416108387697236,3.81099286141297e-05
"AP1G1",0.334918683010616,3.81715919014316e-05
"MGAT4EP",1.01381557595737,3.82614742214012e-05
"ENSG00000250508",1.16255554097684,3.82774242119579e-05
"YARS1",-0.417533381372366,3.8366522779551e-05
"DAGLB",-0.485323185117641,3.8376756166656e-05
"ELL",0.53541173925899,3.83961359080503e-05
"GDA",2.6314990172591,3.84059794754951e-05
"TVP23B",0.553713053104501,3.85234698466103e-05
"AZGP1",0.48981585078569,3.85239933980176e-05
"ZNF765",0.564850801770318,3.87271852218814e-05
"ENSG00000268230",-0.589318699103841,3.87393834121149e-05
"TMEM272",1.15621912243923,3.87961292834565e-05
"COMTD1",-0.583324055881857,3.88373119141432e-05
"LOC105370787",3.14967024864319,3.89329808757017e-05
"ENSG00000273084",0.623700859376696,3.89792950609749e-05
"HKDC1",-0.474219049807065,3.89961123454919e-05
"PMM1",0.467860719190753,3.90182667756947e-05
"TCFL5",-0.618901741697118,3.90772654996575e-05
"CREG1",-0.520171780931777,3.90947811448674e-05
"HROB",-0.559963442208631,3.91031732217282e-05
"NAGK",-0.400794767814734,3.91137738303214e-05
"TCAIM",0.459180132671722,3.9210611792818e-05
"OST4",-0.451669283634043,3.92225392783072e-05
"ENSG00000231160",1.02657542498337,3.92557584433636e-05
"IGFBP6",0.940978642667504,3.92668837816986e-05
"RPAP1",-0.386454740162524,3.93212544118016e-05
"MAK16",-0.446903188748489,3.93252379649982e-05
"MEMO1",0.36900819505047,3.93383826461203e-05
"SMAP1",0.477967555636762,3.93519285963006e-05
"DTX4",-1.70111000154061,3.94195380622933e-05
"CANT1",-0.46616266692619,3.94231739224495e-05
"ELMOD2",0.368165745789719,3.94502463280057e-05
"TTLL4",-0.461278877353499,3.95404135923277e-05
"CFAP43",-1.90072540675957,3.95511892238547e-05
"DCAF5",0.427774915658511,3.95536548161175e-05
"OCRL",-0.402810841636153,3.95704647871996e-05
"BPTF",0.450254222621504,3.96882916575225e-05
"ENSG00000290484",1.58508354000648,3.98007788120057e-05
"ZNF324B",-1.03099446513457,3.98632883491753e-05
"FBRS",0.367537547333182,3.98996897832197e-05
"ALG12",-0.434791908822277,3.99178564137454e-05
"USP16",0.337308990520805,3.99217803643785e-05
"PTPN1",-0.334925061934314,3.99732243088736e-05
"LINC01132",1.86487515338582,3.99906409656048e-05
"COLGALT2",1.45870638572853,4.00167166488018e-05
"LINC01524",1.11227458799513,4.01114140696313e-05
"ENSG00000300140",1.74679650206538,4.01796536864871e-05
"CC2D2A",-0.817122502403658,4.0256862432495e-05
"CDC42BPG",0.977072244917666,4.02575101954226e-05
"C20orf96",-0.504379118676164,4.03808910952002e-05
"PRDX1",-0.511231361596941,4.04083383276156e-05
"ENSG00000291166",0.686368328196054,4.04194104754392e-05
"SLC44A5",0.586856699249447,4.04410398981346e-05
"C4B",-0.5445670685775,4.04415649068357e-05
"ENSG00000282381",-1.30755519424986,4.05020027594442e-05
"LOC124905312",-0.592784320189469,4.05494268788405e-05
"HNF1B",0.652596584910953,4.06854137896221e-05
"RMDN3",-0.474418935358971,4.07246448322776e-05
"GGT6",-2.28461668639284,4.07308515848005e-05
"CNOT2",0.311521959349259,4.09052016542265e-05
"TNIP1",0.666420392440176,4.09718900337168e-05
"MICAL2",-1.86708609052305,4.09920796909603e-05
"ULK4",-1.00493384959506,4.10936346819226e-05
"DUT-AS1",-1.75983133309865,4.1114317377254e-05
"LINC01011",0.809790744575467,4.11345500230863e-05
"S100A9",-4.32214989965497,4.11491988616166e-05
"COPS8",-0.436891604270595,4.11896010671754e-05
"ZNF33B",0.45496698994814,4.1253147044197e-05
"SNRNP200",-0.344093428275881,4.12988022417726e-05
"LOC124901333",1.01562351525242,4.13320977072946e-05
"EDEM3",0.394433842222917,4.13448516604643e-05
"PDHX",0.514112432352272,4.13721136223457e-05
"ENSG00000286416",1.17262464991825,4.14389856580831e-05
"GNB1",-0.397111524621609,4.14699691411243e-05
"NBR2",-0.61577722619303,4.15115208873598e-05
"C18orf54",-0.562217729981944,4.15752073562173e-05
"UGDH-AS1",0.800568518408979,4.15929076221995e-05
"DSP",0.71814344625992,4.16326278055339e-05
"USP46",-0.576142949718991,4.17877195455162e-05
"PREB",-0.591014740763843,4.18493651846474e-05
"PDIA4",-0.561734197462276,4.18907885807017e-05
"PIK3CB",0.524787823334617,4.20502527217349e-05
"PLS3",-0.568986672621348,4.20900828131859e-05
"ENSG00000260971",2.06567970064519,4.21622005673018e-05
"DUS3L",-0.405016185508907,4.21809798790149e-05
"NBPF14",-0.651665241783105,4.2201943565667e-05
"STS",-0.7666158357228,4.23664849902241e-05
"PRRG4",0.753731054278242,4.25177300845501e-05
"ENSG00000237390",1.77817694276687,4.25178805944787e-05
"LCAT",0.616603553103101,4.26725639396989e-05
"METTL6",-0.518110860822685,4.26998498852321e-05
"DDX55",-0.427113943156895,4.27772074477053e-05
"WDR46",-0.411634852633936,4.29354451783529e-05
"MEAK7",-0.481346144673876,4.29548673393958e-05
"ENSG00000260729",-1.04456452378749,4.30862106526065e-05
"AP1B1",-0.416904046652375,4.32283847897434e-05
"OTUD6B",-0.503549320264025,4.33692989557594e-05
"SAAL1",-0.514556474749943,4.34751437330704e-05
"TNFSF14",1.21702383331271,4.34797706854187e-05
"DKC1",-0.380525336796416,4.35170021239893e-05
"CCDC102B",-1.05430214263694,4.35824717435131e-05
"LINC01280",2.14586237995215,4.36345380811103e-05
"HS6ST1",0.654164039395053,4.37676472751277e-05
"SH3RF3",3.25199727474105,4.38933032187045e-05
"NTHL1",-0.545655529747655,4.39336904910771e-05
"KLHL36",0.393421408564514,4.39576902435284e-05
"USP2-AS1",-0.96535316223691,4.39895300072433e-05
"ENSG00000228541",1.37937727482799,4.41734599085863e-05
"SAR1B",0.427810787368818,4.41923058695689e-05
"ENSG00000289046",0.846768712578433,4.42101983017585e-05
"STAT5A",-0.777560416015474,4.43262379481166e-05
"VPS33A",-0.382383247983389,4.4463532147261e-05
"EIF3I",-0.503073619997054,4.45232739235745e-05
"ENSG00000279337",-4.85200503278293,4.47705075554947e-05
"CNNM3",0.478666645606333,4.49525567222363e-05
"DLC1",0.47387870536522,4.50302005536783e-05
"RASA2",0.424883066735969,4.5078909212178e-05
"RBBP7",-0.326318437433974,4.51595719313525e-05
"AMH",1.50969800456906,4.5161760249027e-05
"LOC105372990",3.30092492770426,4.51868306662359e-05
"RALB",0.581815555909491,4.52015492271277e-05
"CWC25",0.413488930834671,4.52166812774328e-05
"LINC02532",1.37161804867291,4.52957597599861e-05
"GGCX",-0.530334593619206,4.53096425559664e-05
"CD36",-1.54807397928676,4.53792896261476e-05
"TMED1",0.426081796084508,4.54219349190127e-05
"LOC124900193",1.00735866872968,4.55384179436332e-05
"USP5",-0.372375817643764,4.55747679517144e-05
"DNAJA1",-0.59430104373987,4.56107699564415e-05
"H2BC19P",-4.03208913360093,4.56300916817742e-05
"ENSG00000236528",1.4143363901516,4.56354526550914e-05
"WSB2",0.790361280754054,4.5695658317465e-05
"TRPM5",2.8605611674813,4.5809308805929e-05
"NR2F2-AS1",1.08536806634076,4.58694403965067e-05
"TMEM187",0.735007957620517,4.5935773513477e-05
"ENSG00000305357",2.05837412819492,4.60194169215027e-05
"ZNF346",-0.447531748201743,4.61177071800198e-05
"ENSG00000273420",-0.825173749090417,4.61502659971904e-05
"ESS2",-0.471080235728617,4.61535931784739e-05
"RBP4",-0.543038301510486,4.6215847802957e-05
"STPG3-AS1",-1.22552908392136,4.62580727355941e-05
"PPP1R3F",1.06761820857424,4.6345660279126e-05
"ENSG00000261342",1.88126315625506,4.64041033999482e-05
"SPAST",0.425063177211125,4.64632941091495e-05
"ENSG00000291313",-4.58162571484476,4.65143442754744e-05
"BUD23",-0.441944201710717,4.66148924223384e-05
"ATP11B",0.485282915003281,4.66174606378667e-05
"ENSG00000253669",0.65162557618037,4.67779902242313e-05
"MVD",0.559605610332604,4.68070762145364e-05
"CCDC171",-0.972420984770577,4.68379485795583e-05
"EXD2",0.417020182947065,4.68448988995806e-05
"LYSMD3",0.538468613314092,4.70048189290569e-05
"ENSG00000289377",1.74507474648447,4.70147122519795e-05
"MMP14",0.958110859347593,4.70726076707877e-05
"RAPGEF4",1.09102994058065,4.71414978919089e-05
"SRRM1P1",1.40087232859794,4.7153158124338e-05
"C9orf40",-0.48563532691243,4.71676972849474e-05
"WASHC5",-0.51527896962156,4.72436212396446e-05
"ZNG1A",-0.343193948928712,4.72493584121543e-05
"CILK1",0.413136068574396,4.74079488797267e-05
"MOV10",-0.430080692908288,4.74897162134952e-05
"SLC39A9",0.501249502866244,4.76107678951676e-05
"FRRS1",0.602388345327625,4.76250196896369e-05
"ENSG00000264895",0.976712561921581,4.76987181867898e-05
"PDXK",0.399860886407861,4.77407103404654e-05
"MYL9",-1.36288650648764,4.7748049370903e-05
"SSC4D",-1.51391573966473,4.79995182447229e-05
"ENSG00000288913",1.2639300313803,4.80585669281864e-05
"KIF15",-0.562983395519579,4.81196869226666e-05
"NDUFB9",-0.582427135260073,4.82155550006799e-05
"ERI2",0.547446863380705,4.83255063588101e-05
"ZNF580",0.376629209308386,4.83670789824773e-05
"MIR600HG",0.585071054536594,4.84800817482821e-05
"NISCH",0.473596281994217,4.85118846935423e-05
"FAM24B",-0.965223529527023,4.85361664321339e-05
"RPAP3",-0.466575993605404,4.85741429448661e-05
"MYO1A",-1.01060533846864,4.85748303141914e-05
"MTURN",0.672430551088794,4.86971200836579e-05
"ERH",-0.492768458762721,4.8739445380449e-05
"EDA",-0.689656505079883,4.87873832430143e-05
"ABCA11P",-0.931631935095267,4.89319058484007e-05
"CRELD1",0.367197139956756,4.89690844649519e-05
"SLC25A14",0.478019650646424,4.90618685768039e-05
"UTP3",-0.458099914002092,4.90791163781936e-05
"HACL1",-0.589389884708362,4.91204923985722e-05
"MLLT10",0.455569044971382,4.92690805725418e-05
"ZC3H12A",0.425587267257144,4.92911554383744e-05
"NEDD8",-0.610824544678845,4.93330900445681e-05
"ENSG00000230628",2.39121280440923,4.94391962036085e-05
"PPP6R1",0.40295497581378,4.9451692900212e-05
"MISP3",0.654424777971651,4.95401319082371e-05
"ENSG00000203279",0.704508250860429,4.9637250345989e-05
"LINC03129",1.29206836991834,4.96632280949378e-05
"BCAP29",-0.421595423765113,4.98013910628027e-05
"LPCAT3",-0.446822026524449,4.98268759921511e-05
"NEU3",-0.600017130730587,4.98562183523927e-05
"EDC3",0.366764603026317,4.98863787194032e-05
"SNRPC",-0.432747029642581,5.01652412925266e-05
"RAB33B-AS1",0.571052716926683,5.02778019878873e-05
"ARHGAP19",-0.768518064347109,5.03057000474092e-05
"UBR1",0.390907501359584,5.05337731499373e-05
"ATG4C",-0.574207979369591,5.06129472294547e-05
"FBXO48",-1.14880068503003,5.06747591494128e-05
"ENSG00000273062",1.4064690126509,5.07628661619426e-05
"SDHAP2",0.413168632743232,5.07860827311062e-05
"COX5B",-0.432943057454822,5.09218704443244e-05
"FKRP",-0.392965130318503,5.10150166591097e-05
"ENSG00000274422",0.807698669074957,5.10950735649974e-05
"LOC100129215",-0.802764413074914,5.10966985929832e-05
"BAZ1B",-0.373062113628253,5.11374731775626e-05
"ZSWIM1",-0.446260358998247,5.11533998759742e-05
"GFER",-0.392387650817964,5.12289530462881e-05
"ANAPC11",-0.371608052175011,5.12416153227164e-05
"ATG9A",0.45816020610832,5.12477427867249e-05
"HS1BP3-IT1",0.78846025896584,5.14108712638011e-05
"PPP1R7",-0.480118747854356,5.1414208901061e-05
"ENSG00000302646",-1.38429485413551,5.1462815546868e-05
"RPL30",-0.554359083307199,5.14786587378717e-05
"ENSG00000259953",0.555039349371857,5.15032479142133e-05
"MTA1-DT",-0.688865861880788,5.15394050551582e-05
"ENSG00000259529",-0.371272668760033,5.15842593363574e-05
"NBEAL2",-0.483876652376821,5.18807793162152e-05
"ENSG00000299797",2.86813553542324,5.19356308180158e-05
"CAMTA2",0.429813494766743,5.19829832702032e-05
"ZHX2",0.526685055611237,5.19937073288916e-05
"PPARG",1.06497857697152,5.19961804315832e-05
"EIF5A",-0.529667083509039,5.19996935669168e-05
"RFX2",-0.892652865619514,5.20144519214483e-05
"QRICH2",0.601496325748726,5.2252666122047e-05
"MIGA2",0.401384431047785,5.22743221527382e-05
"GYG2P1",-1.26729845914072,5.22751797101923e-05
"STXBP5-AS1",2.54455148560143,5.2277274456018e-05
"RPS10",-0.493169557695745,5.2290540929662e-05
"RPS27L",0.415531637639054,5.22928724223353e-05
"DHX30",-0.300842468509457,5.23914030035699e-05
"ENSG00000257663",1.74635438641025,5.24442887235988e-05
"UBXN4",0.330695601622055,5.24628608429388e-05
"TBRG4",-0.333258738547612,5.25107952501263e-05
"ACTR1B",-0.349201395060493,5.25676928279785e-05
"CREBL2",0.535326479816934,5.25681797472714e-05
"FDXR",-0.733272794996405,5.26156389672214e-05
"BMS1P14",0.92803581022153,5.26558639726545e-05
"ENSG00000307433",-1.00601898640897,5.26973863915788e-05
"REM2",3.14176260102281,5.27976664330732e-05
"SLC4A7",0.592764740556263,5.30088949646568e-05
"ENSG00000244055",0.637249046207234,5.30133375431174e-05
"APH1A",-0.480131229573345,5.30173357340734e-05
"EOGT",-0.441651013564298,5.30552249293932e-05
"ALDH16A1",-0.556558551984427,5.31474942520493e-05
"BSN",-0.798815552296355,5.32052577665137e-05
"ETV5",0.443022029483267,5.32117764351813e-05
"UIMC1",0.439395249474263,5.32145113553992e-05
"ENSG00000289562",0.705248529361779,5.32209077433519e-05
"SULT1A1",-0.444044363754756,5.32352578363249e-05
"PSMD6-AS2",0.92664651961325,5.34927883312822e-05
"MARVELD2",-0.512886543056963,5.36880391154292e-05
"VEZT",-0.38784186280502,5.36883649000274e-05
"UBE2J1",0.468751499099204,5.40876879473525e-05
"MPZL2",-0.512696273419316,5.41468991054131e-05
"IGFLR1",-0.635270029700645,5.41640583813568e-05
"MRPS28",-0.544492306430114,5.42505651775305e-05
"BIN3",-0.504633478682768,5.4354599847357e-05
"FAM120C",0.644106278343948,5.43836636247879e-05
"TAMALIN",-0.815882643424328,5.4403618985814e-05
"BOLA3-DT",-0.580505551394737,5.45629311117318e-05
"ITFG2-AS1",1.21033079361547,5.45916179497066e-05
"UGT2B11",-0.644408009093798,5.47158188426185e-05
"HISLA",0.471089328745864,5.47248637437563e-05
"TICAM2",2.42136701777723,5.47418720193084e-05
"ENSG00000269176",0.929938660175053,5.48412329327286e-05
"MIDN",-0.374759530850016,5.49709020728139e-05
"MINAR1",1.56586520045677,5.49804776910524e-05
"H4C9",2.57547059694378,5.49986148111509e-05
"RIPK4",0.735457016903905,5.5005021127358e-05
"THORLNC",-2.27330184483264,5.50611868573769e-05
"ENSG00000267519",1.34666947492226,5.51226635474017e-05
"ENSG00000278341",-1.20982096136741,5.5126177904844e-05
"HCN3",-0.753707260387234,5.51501819208532e-05
"TRDMT1",-0.912808717411746,5.52112286483503e-05
"ENSG00000288061",0.782832651010412,5.52280119892816e-05
"STXBP6",-0.417508533964633,5.53748674767469e-05
"TLN2",-0.514783746501505,5.5401773811942e-05
"MSMB",2.56219163333917,5.5621215275695e-05
"TMEM127",0.440544142534222,5.5660769010405e-05
"ENSG00000297388",1.62748629386839,5.56731555323714e-05
"SLC7A10",1.74475487409247,5.5778287754049e-05
"GATC",-0.365672040154756,5.58190097935197e-05
"BLOC1S3",0.529702597137002,5.58260155515132e-05
"XKR8",0.625719996441583,5.59194993471941e-05
"TAF4",-0.374529316704243,5.60060302152419e-05
"TIGD4",-1.26615762404687,5.60153360169047e-05
"ENSG00000302883",-1.2901482196223,5.60771328574179e-05
"ENSG00000279443",1.7887039904653,5.60968640226667e-05
"PEPD",-0.465920513627907,5.61405075858663e-05
"CCDC78",-1.04621105432806,5.62823581046414e-05
"CRIM1",0.456069434660912,5.63511828472625e-05
"BRSK2",0.810493268043765,5.6444392943176e-05
"NOL9",-0.436968324940277,5.64608902628585e-05
"ZNF547",0.682566808817258,5.6507682124749e-05
"FAM27B",-0.812680054466515,5.66161019628101e-05
"CC2D1B",-0.409498783467178,5.67077018198358e-05
"SLMAP",0.347895870086185,5.68497893803096e-05
"SLFNL1",1.26618167705562,5.69553608877547e-05
"MAPK7",-0.412939848569896,5.70562888822646e-05
"ZNF561-AS1",-0.770784132550921,5.71082704144813e-05
"NOL6",-0.469760556811504,5.7122420972999e-05
"UBA5",-0.329722527785076,5.71487704898504e-05
"FKTN",-0.382107989097215,5.7237385602606e-05
"HSCB",-0.651030047625664,5.73679174430266e-05
"AKAP14",-2.45013402934359,5.73765556832173e-05
"INSIG1-DT",1.94750313490036,5.74469822794229e-05
"ACRBP",1.96405166250783,5.75142013535018e-05
"GJC3",1.28791550279804,5.76115688108256e-05
"GNB3",0.750756296710758,5.77179526634952e-05
"TAF5L",-0.413867888218582,5.77728532127559e-05
"SLC30A9",-0.497905395716419,5.78245364241863e-05
"URB1",-0.508053346712925,5.78497463919571e-05
"EXTL1",1.21418399080242,5.79090892620369e-05
"PRPF8",-0.365234653793277,5.8006969109988e-05
"ENSG00000271971",0.840421369385994,5.80910408414471e-05
"C11orf68",0.535753116844328,5.81885593230384e-05
"ASB9",-0.6543524070527,5.81891966818516e-05
"CRBN",0.377837884286279,5.83595698301747e-05
"INHBC",-0.807171672262913,5.84413381301447e-05
"IDNK",-0.997204812327271,5.84624671655072e-05
"LOC100506358",0.991182695151276,5.85648541544496e-05
"LAT2",0.981983570116883,5.86652652478681e-05
"CHAD",1.56654548141096,5.88501742332875e-05
"LIAS",-0.487698953827832,5.8867582755637e-05
"INVS",-0.427625994076076,5.89759791938285e-05
"LYNX1",-0.73878202164054,5.90321336281647e-05
"SPOUT1",0.38039838625226,5.91660264754574e-05
"PPIE",-0.456326725207929,5.92294392852393e-05
"VAMP8",0.379092372003959,5.92700268177164e-05
"LINC01547",-1.22455495736218,5.93970055124598e-05
"TECTB",-0.818462251466098,5.94369450542648e-05
"LOC101928466",1.60578879225319,5.95013920250825e-05
"FHIP1B",-0.513047621134191,5.96699528508263e-05
"ENSG00000306117",1.9071618948928,5.97965265525704e-05
"ENSG00000278291",-0.81085839637032,5.98013477545267e-05
"ENTR1",-0.375733337967431,5.98580995641113e-05
"CCS",-0.400083293902353,5.98669691488126e-05
"C18orf21",-0.594624343331604,5.99661247890741e-05
"ELOF1",-0.476131573661236,6.01851006040633e-05
"C1orf210",1.45934556195119,6.03090696868392e-05
"DCAF16",-0.407829895315548,6.03305058315032e-05
"IGFBP1",2.29378158866669,6.04022116827416e-05
"IL17RB",-0.410594253140199,6.0429169384095e-05
"NSD2",-0.374363953169254,6.05554758656443e-05
"SIPA1L3",-0.436634022157177,6.06258642842883e-05
"RNF44",0.438825995078652,6.06791921039368e-05
"SUPV3L1",-0.442236720957824,6.07561756977597e-05
"METTL26",-0.41832247179963,6.08971223274031e-05
"MIPOL1",-0.51497157384686,6.12575553270844e-05
"SNAI1",0.809136176196289,6.13194837040546e-05
"KLRK1-AS1",1.83970032345844,6.1330838206049e-05
"MSH3",-0.445625287484335,6.13508000093377e-05
"COA1",-0.338953383944221,6.13692632849124e-05
"PAGR1",-0.619297205477534,6.13829790942759e-05
"JDP2",-0.864845600716135,6.14656683406701e-05
"RNF39",2.43004220414674,6.14689513270418e-05
"SURF6",-0.381470733849627,6.15149398251133e-05
"MTBP",-0.681004866343097,6.16371367978543e-05
"HTATSF1",-0.443372717205731,6.1670768030352e-05
"PSMD5",-0.401989430404229,6.18092831377219e-05
"DHRSX",0.430597377268459,6.20526850508788e-05
"STAU1",0.487291829971188,6.20529728784294e-05
"SERPINA6",1.01349522318387,6.21510004385283e-05
"MAPK9",-0.391816088582871,6.24055855148725e-05
"CNBD2",0.718898513566885,6.24256167476957e-05
"LINC01549",2.35264732383128,6.26133489501794e-05
"SLC9A5",1.15599508032671,6.26555772538181e-05
"SAMD10",-0.4244014619034,6.26695165054159e-05
"MEGF6",1.04967643296589,6.29594321250694e-05
"GPATCH11",-0.422772671219024,6.30370444783653e-05
"TOP6BL",-0.529725629207145,6.30617298898807e-05
"H3-3B",-0.457619084606934,6.31141701695143e-05
"NSMF",-0.443693218825315,6.31798786345745e-05
"SGSH",-0.69415909871145,6.33610130525665e-05
"FAM78A",1.76665165026547,6.33690678490172e-05
"TEFM",-0.521769321353856,6.3403223163568e-05
"NBN",-0.419810171675717,6.34557445896209e-05
"PFDN1",0.529604136178908,6.34678870656275e-05
"MAP3K2-DT",0.510279573265854,6.35296296079199e-05
"KCTD2",0.408149592353039,6.39066250501222e-05
"GAL3ST4",1.45483343467716,6.41490554368012e-05
"CAPRIN2",0.351997954999462,6.4339396879338e-05
"ENSG00000304197",0.675376682501862,6.45694056031207e-05
"ZNF775",0.62874913050949,6.45911137274527e-05
"RNASEK-C17orf49",0.998885782647265,6.46097830477102e-05
"CCL16",0.978010986331654,6.46438517462962e-05
"CYP4F12",-1.1812221059734,6.48091408204183e-05
"RNF149",0.457962287281523,6.49014601065649e-05
"AUH",0.550600914204575,6.49992831803603e-05
"PCDHGC3",-0.701295063361437,6.50006362598682e-05
"ENSG00000274922",-0.853780193176339,6.50143296951881e-05
"CAPN5",0.901090716804059,6.51001299530254e-05
"TRAF3",-0.480896671392196,6.51269238787449e-05
"RNF144A",-0.671655658314814,6.5216457385395e-05
"MPHOSPH6",-0.45486298616741,6.522773881706e-05
"ENSG00000299379",1.1654462332099,6.53163374426239e-05
"LINC00654",-1.93964310097675,6.53612036971116e-05
"SPACDR",3.88130812628552,6.54494600615183e-05
"NRN1L",1.23428775999005,6.54755543574377e-05
"ZNF493",0.553553893154424,6.55346540043355e-05
"TMEM139",-0.626440598701531,6.56003223368382e-05
"RPL27",-0.53549086189765,6.58091477452835e-05
"SAMSN1",4.40953752763556,6.5940601954655e-05
"BST2",-0.47806137107963,6.59930916762567e-05
"UBE2I",-0.38314026421418,6.60725137402143e-05
"RTKN",0.380532360330048,6.61512386000182e-05
"SLC17A8",-2.54923582059648,6.63705586588031e-05
"SERPINH1",-0.46380307333422,6.64154504766868e-05
"MFSD4A",-1.70046188556195,6.67347931230699e-05
"RANBP9",0.393253163921778,6.6746403180313e-05
"OIP5",-0.683534316096713,6.69275366564823e-05
"HCLS1",1.89282858712737,6.7001106187442e-05
"ITGB1BP1",-0.359507208234436,6.7063889948117e-05
"LTV1",-0.397109337465921,6.71834247692611e-05
"MBNL3",-0.378177181554942,6.71891715998397e-05
"ZNF625",-0.855765291078549,6.7447510129939e-05
"LOC124901321",1.05921303790702,6.75133672406229e-05
"ITIH2",-0.512608975860417,6.7598012298779e-05
"TMEM126B",-0.377619340448261,6.76132891227859e-05
"ENSG00000295453",0.919008382222182,6.77039998820578e-05
"TMUB1",0.31701550390395,6.77568514808171e-05
"MX1",-0.746295246463983,6.77759803823275e-05
"ATF7IP",-0.421122586661696,6.79748179079051e-05
"FTCD",-0.549248259015809,6.82958972494049e-05
"IL17RA",-0.451853652118312,6.83092958951572e-05
"COPG1",0.402499154854786,6.83899081952459e-05
"ARHGEF19",-0.798645147555437,6.85445822351288e-05
"UQCC3",-0.57608130038811,6.86349901444179e-05
"CNOT6L",0.407137659872681,6.87340722810223e-05
"RPL21",-0.465993680232705,6.87633371813335e-05
"CCDC142",-0.808698235400594,6.87706632320351e-05
"PYGM",2.91192190304219,6.89443266683593e-05
"NDUFA13",-0.395629457314843,6.90249571471676e-05
"PPP6R3",0.374331133349397,6.91857925710961e-05
"ARHGEF9",0.704874434323577,6.95615909080777e-05
"ENSG00000258674",0.896813504961723,6.95635107220683e-05
"MPC2",-0.343032723168789,7.0245449003468e-05
"MGME1",-0.372830473206111,7.03171944143981e-05
"ENSG00000272554",-0.80077598635012,7.03236967187356e-05
"RNF145",0.716687656891564,7.03940843300665e-05
"PSMB5",-0.513251119577111,7.04899395083981e-05
"AURKB",-0.422539252530791,7.08727880352956e-05
"GALNT8",1.71403985315274,7.09020376552286e-05
"ATP13A1",0.499227431619007,7.13366835355899e-05
"P3H4",0.434566773390467,7.17114657690523e-05
"LY96",1.8469558306108,7.17946867146153e-05
"SMC4",-0.372210319710154,7.19524417939539e-05
"C11orf24",-0.468953503802134,7.1965349700879e-05
"ZNF74",-0.480067957987345,7.20696283918853e-05
"CNBP",-0.358478827664388,7.20741784360153e-05
"ARSI",0.667809215942464,7.2112023041586e-05
"TOM1L1",-0.47965797506717,7.2161052304269e-05
"INTS10",0.339806333586649,7.23520961413859e-05
"LOC122539214",0.952299972063935,7.23724096025138e-05
"C2orf72",-0.503938175387347,7.24254763886494e-05
"ENSG00000293276",-2.97443019768131,7.24360570627594e-05
"PPWD1",-0.358732419651967,7.24846771117466e-05
"ZGRF1",-0.72516724684818,7.25147979457102e-05
"MTCH2",-0.350793421990558,7.28108372838227e-05
"CYBC1",-0.456698525694893,7.28139679855299e-05
"ENSG00000272989",1.8788991623625,7.29562639381974e-05
"ALDH3B1",-1.35426633345849,7.3031295249894e-05
"ENSG00000244701",0.808916981038529,7.35323636008775e-05
"GTF2IP12",-0.405604355490026,7.36435942722305e-05
"ENSG00000244151",1.68499312965175,7.39096507175191e-05
"ENSG00000283235",1.24103679900599,7.39117566714503e-05
"ENSG00000279196",1.43630900500677,7.40373433169664e-05
"RTF2",-0.396039438379668,7.4056072847914e-05
"CCT7",-0.510738581173673,7.418186229258e-05
"CLN8",0.445706501887308,7.42492015505359e-05
"ENSG00000290588",-0.797464738785389,7.44279433506792e-05
"SPACA6",1.2777595297964,7.45522739980541e-05
"CD320",-0.421589941699049,7.46787544952408e-05
"SAMD4B",-0.349302567790931,7.47134725098358e-05
"RRBP1",0.506357393556823,7.4729224110404e-05
"NANOS1",-1.16292855646761,7.48055893205597e-05
"SPAG16",-0.497761284434407,7.48324850761854e-05
"HSD11B2",-0.65731430014512,7.48805998534684e-05
"DAP",0.59546455999745,7.49054601146234e-05
"MRPS11",-0.427391461113807,7.51529732462117e-05
"RRP7BP",-0.589810999902525,7.51581177934629e-05
"VANGL1",-0.456855359851656,7.52680954931073e-05
"NUGGC",1.23895085374078,7.54772882060523e-05
"ARL5B",0.421062087772285,7.54993062825694e-05
"ECHS1",-0.397561520155187,7.5698751925244e-05
"NMT2",0.359424437506974,7.57782360500403e-05
"WDR72",0.691013180533692,7.5954243227007e-05
"TNRC18",0.416002377963997,7.61135006719098e-05
"ENGASE",0.395508316508396,7.61868330132708e-05
"C5orf34",-0.795864668970762,7.64838300485659e-05
"ACTN3",2.54219696785143,7.6537303601538e-05
"CCER2",1.77214258744395,7.65847335713504e-05
"RNF141",-0.697228453905214,7.66725488566593e-05
"CDC37",-0.478289724636323,7.66906879759155e-05
"CSNK2B",-0.405563907993323,7.67340485541747e-05
"ABHD4",0.392639412996455,7.68221416149864e-05
"TRMT2B",-0.399241196748766,7.69838203083149e-05
"TMEM276",-0.502789483703839,7.71257769340301e-05
"TTBK1",-1.03421509163736,7.71638104079136e-05
"ENSG00000234147",-0.578904581504154,7.72566145267585e-05
"MAU2",0.337544639510313,7.73485891462054e-05
"OXA1L",-0.457623264210683,7.74997684483782e-05
"MRPL46",-0.426610590993431,7.76881801751756e-05
"H2BC6",2.01416729219067,7.7728985924891e-05
"IFT172",0.495382517543903,7.78777115425351e-05
"ZFYVE28",2.23094873202621,7.80640487297194e-05
"NDUFC2",0.533930705879112,7.81151247975201e-05
"ZNF606-AS1",0.49624750836257,7.81919475564073e-05
"MMP23B",1.26348212939899,7.82997873222643e-05
"RGPD6",0.837335070525823,7.83427709118278e-05
"SDCBP2",1.41704485602621,7.83973298200426e-05
"HOMEZ",-0.409440132695158,7.84111728851464e-05
"AGO3",0.450244072016689,7.84527381015227e-05
"E4F1",-0.448494473695274,7.86149369311035e-05
"THOC3",-0.44495828179999,7.87295827073606e-05
"IFNGR2",0.41253589493865,7.90642236594604e-05
"OMA1",-0.707477068015947,7.92223989160881e-05
"NPIPB7",1.23605052764505,7.93771855817525e-05
"BRF2",-0.531779824811868,7.94668335621078e-05
"PLEKHM3",0.661176559956151,7.95604066975683e-05
"ENSG00000293486",0.826978495035027,7.96573045940829e-05
"RNF170",0.473127245516336,7.98950576845656e-05
"MRPS25",-0.412079423468559,7.9944122095572e-05
"ENSG00000280042",2.86311690310417,8.0034431004658e-05
"ENSG00000289159",2.79817315836111,8.0119712459452e-05
"RAB34",2.2250799019893,8.01223872703709e-05
"UBL7-DT",-0.590981641615881,8.01329870506324e-05
"PSMA6",-0.388158967506319,8.02759434485198e-05
"SNAPC4",-0.537286201718237,8.05069503707884e-05
"PNMA1",-0.587250959002888,8.05466386557001e-05
"VTA1",-0.39431315980384,8.0608830525497e-05
"LIME1",-0.670311682055833,8.06946532169529e-05
"LINC02055",4.84539924645234,8.079765445015e-05
"ABCA7",0.619595926218395,8.08918201763979e-05
"ENSG00000214425",-1.37092527319381,8.09726457309977e-05
"NPEPPSP1",0.499802177207625,8.172679227187e-05
"SLC8B1",-0.769394866269876,8.17624242050099e-05
"LVRN",2.56350760752311,8.1854298882564e-05
"PEA15",-0.464640787440271,8.18744901465604e-05
"HOXC-AS1",1.75108108299277,8.19518199260451e-05
"CAD",-0.357064613512835,8.21040052873926e-05
"ABCC6P1",-0.509950365784646,8.21414062784834e-05
"ZBTB10",0.489219271328767,8.24140061825793e-05
"LENG1",-0.574074846825965,8.24849535198261e-05
"ENSG00000309002",1.42956489002911,8.25080670314289e-05
"PLEKHH3",-0.626045227607848,8.26352593334438e-05
"ENSG00000230551",0.675891633872327,8.272453352648e-05
"RPS6KB1",0.392149974641087,8.2892089671023e-05
"DRG1",-0.407771641938281,8.3077291050501e-05
"TCEAL9",0.499518065053075,8.30890155728003e-05
"ZDHHC13",-0.548661313708735,8.33197751256972e-05
"PEX14",0.379400100493258,8.33796371883912e-05
"USP25",0.381362476656631,8.34968763449929e-05
"DGCR11",-1.38261533020501,8.36548608612804e-05
"WDR5",-0.353258320670369,8.36605228452342e-05
"CSRNP1",0.411581180909853,8.42322524180803e-05
"THSD1",1.88761901328708,8.43199677097448e-05
"CCNDBP1",0.595400569612729,8.43439218648533e-05
"HSD17B12",0.453217615600639,8.43853024434055e-05
"ST3GAL3",-0.675905037468431,8.44455447547077e-05
"BCAR1",0.394953510870438,8.44492406337676e-05
"RRAD",0.921626956386253,8.46772201663835e-05
"LRRFIP2",-0.369149537830395,8.50155530411052e-05
"SYS1",0.38370085352999,8.50322050278774e-05
"STARD7",-0.385049834108415,8.50727810039928e-05
"ENSG00000289285",-1.1024822213043,8.50743316846274e-05
"DBNDD1",-0.715748701570688,8.50953994225807e-05
"SEMA3F",0.484807157273499,8.51547989244805e-05
"SSBP3-AS1",2.79834063516163,8.5225148612776e-05
"CFAP74",1.06959971525414,8.52398373258223e-05
"BLOC1S1",-0.390046305274793,8.53169546700643e-05
"PRKAB2",0.407153665340747,8.54242172047377e-05
"HDAC1",0.318247545442731,8.54886683737916e-05
"DLG3",-0.491298290645245,8.55375469481182e-05
"ZNF236",-0.470292679046729,8.56251797637836e-05
"TCEAL4",-0.360480309768089,8.56409517406991e-05
"ARSB",0.415289412264866,8.57910708051715e-05
"KREMEN2",-1.45359797315852,8.58152807614647e-05
"ENSG00000303236",2.35910788643316,8.58876410276244e-05
"ATP13A3",0.389358585506564,8.59574044044752e-05
"HAX1",-0.402393432677618,8.60019313445094e-05
"LOC105373017",-2.01810911036557,8.61054502243955e-05
"CYC1",0.88597241520513,8.63621905998001e-05
"THRA",0.465293109125052,8.65864045789289e-05
"TRIM50",1.00906569778446,8.66012476546983e-05
"ENSG00000296618",0.662286898660067,8.6745231519559e-05
"ATP8B1",-0.935055617386345,8.70554743848908e-05
"TRIM36",-0.86967653483863,8.70572397428428e-05
"CAPN1",0.307856701079952,8.71387657175431e-05
"RPF2",-0.562146173665242,8.72896318433172e-05
"IGBP1",0.559681127489347,8.73490401008601e-05
"CROCCP2",0.399693091011621,8.73767671136104e-05
"DMAP1",-0.356401164009367,8.75212184728803e-05
"ENSG00000275632",-0.989420633402722,8.75464595279362e-05
"MRPL18",-0.584760027075483,8.7594845318316e-05
"ENSG00000284968",0.682842117860019,8.78495575626072e-05
"SMAD4",0.38578868342678,8.79441628729887e-05
"BHLHE40",0.842223458863955,8.81104837767391e-05
"MYL6",-0.563177431348166,8.8141817408773e-05
"NEIL2",-0.547845446415902,8.83555124188915e-05
"EIF3CL",-0.888950033576409,8.84574597967458e-05
"RASGRF1",1.40231463453331,8.85253651431411e-05
"IGFBP2",1.13423922224083,8.85930755032644e-05
"DPP4",0.574403072549516,8.86046516687182e-05
"LNP1",1.04274677602604,8.86535093246766e-05
"ENSG00000267048",2.03575738464879,8.87645997376507e-05
"PDE4DIPP6",1.02942866685676,8.88450515355387e-05
"STXBP3",0.411383666403138,8.91751195327792e-05
"KCTD7",0.457219274230427,8.92291956482251e-05
"LOC102724351",1.40296534138938,8.92442422106772e-05
"TMEM217",1.18318829683991,8.93971643202811e-05
"RNF103",0.492948631784538,8.95192752221634e-05
"ELF5",2.37080635717101,8.95677955160386e-05
"AKR1D1",-0.824174393209051,8.95817225763417e-05
"TEKT3",1.35668018627135,8.96384091679342e-05
"DNLZ",-0.898959834785152,8.96661254959397e-05
"TMEM231",-0.709380932895079,8.98235230857192e-05
"GOLT1B",0.44288829856916,8.9888804065894e-05
"SPATA6",-0.911577352964811,9.01025411848605e-05
"KHNYN",0.48867129424399,9.02681046720737e-05
"CAPS",0.786117423698338,9.03860248621479e-05
"ENSG00000223745",-0.644764365131249,9.07433376540106e-05
"EMC1-AS1",2.15219323190571,9.07923597158473e-05
"TM2D3",0.428455190593682,9.09593628005599e-05
"STAM",-0.424686853626804,9.11237420867324e-05
"TMEM198B",0.596888189741102,9.13234489204237e-05
"CEBPD",1.06400824261169,9.14690913782613e-05
"TBC1D22A-DT",0.596226555955244,9.16045063842553e-05
"PLXNA3",0.352812955713515,9.16549277138183e-05
"LOC100533634",-1.48157049105212,9.17203924055937e-05
"DRC7",0.868733393971335,9.20183370222297e-05
"NAB1",0.333623506834284,9.20781928325641e-05
"NDUFB7",-0.502230729954232,9.21580700260989e-05
"POLRMTP1",-0.860419748419483,9.21617922784558e-05
"OGFRL1",-1.73358651671374,9.22164614151765e-05
"GAS2L1P2",3.18173212839306,9.23600756967145e-05
"SHTN1",-0.414683175971832,9.24035586135007e-05
"THBS4-AS1",1.90243578886491,9.2584809569688e-05
"SMN1",-0.389594154236062,9.27457987781707e-05
"EIF3J",-0.445505281739144,9.29436980968402e-05
"ENSG00000254632",-2.09214891600684,9.29605628359011e-05
"RNF32-DT",1.08075368085839,9.30347487184924e-05
"CHKB-DT",-0.869749827859385,9.32185385752275e-05
"ENSG00000303713",1.81942279348375,9.33358805102437e-05
"ASXL2",0.352207270228943,9.36058074955702e-05
"SLC9A7",0.547085038292651,9.38427517657033e-05
"ZNF296",-0.686233341194404,9.39359841598394e-05
"CLDN3",0.875154346278845,9.39958207081467e-05
"LMNA",0.503298235058366,9.40149117816197e-05
"GTPBP1",0.429139783204815,9.4019136753153e-05
"CDC42SE1",-0.424423006061279,9.42011862515565e-05
"SARM1",1.39537662135474,9.47410374551068e-05
"DPAGT1",-0.381506732098921,9.47524244134316e-05
"TTLL11",0.695953981146411,9.50094339953364e-05
"IARS1",-0.319651867860477,9.52778046369832e-05
"SULT1B1",1.2106989142165,9.52949359643674e-05
"HDDC2",-0.553981477721158,9.53692378564217e-05
"ZC3H12C",-0.724261387736844,9.54590838080533e-05
"MIA3",0.34920656198633,9.55673970161473e-05
"WIPF2",0.337370498872747,9.57690250192659e-05
"MAP3K15",0.411407177159647,9.58288451323869e-05
"DRAP1",-0.4899823859538,9.58596404443946e-05
"CCDC125",-0.476350260035658,9.59718155772769e-05
"ENSG00000303190",2.2980135733475,9.6018021564108e-05
"RPS27",-0.505664375153191,9.67550958529558e-05
"ENSG00000243155",0.944521256039469,9.69296454377968e-05
"RANBP2",0.362068895761191,9.71150888319826e-05
"P4HA1",0.477704892107855,9.71931267580213e-05
"LOC107985940",1.6286512259639,9.7260917550065e-05
"CPLANE2",-1.75190047612345,9.73271726916485e-05
"RBM19",0.385249394627498,9.77738010154892e-05
"ZNF516",0.440630770432409,9.79562232268592e-05
"LOC730183",0.668800917303122,9.79620573441626e-05
"EPOP",0.632004289696187,9.7978245139943e-05
"IBA57",0.522692362437553,9.80349731280135e-05
"ZNF48",-0.497684209227631,9.80573089889686e-05
"PSMD3",-0.399768660194326,9.8239896910178e-05
"AIP",0.476454024982857,9.85308157509882e-05
"PRKACA",-0.441042489619654,9.85322899919793e-05
"TGS1",-0.452691625387357,9.89777089815829e-05
"NDUFAF5",0.411631012603248,9.91100863963195e-05
"HAUS3",-0.481795766854511,9.91139653984411e-05
"STEAP1",-0.564964998064121,9.91830260928831e-05
"LMAN1",0.42180654604931,9.94443358342846e-05
"SLC35D2-HSD17B3",2.29238335713486,9.94888497194058e-05
"GNL3",-0.322005450805537,9.96455821348661e-05
"FXN",-0.424360030899253,0.000100016543153004
"COPS9",-0.46395031215887,0.0001003494772686
"UBE2A",-0.322202092515437,0.0001005129739405
"RALBP1",0.476258503880904,0.00010053089408243
"LOC105377134",-0.914072578896211,0.000100552081061202
"ENSG00000299996",-1.49043873655186,0.000100753066877193
"IWS1",-0.378177845568855,0.000100818234198321
"SLC9B2",0.386332372165845,0.000101253375579751
"ENSG00000291176",-2.66686464474234,0.000101547573707566
"DOK4",0.489058346610139,0.000101631888325143
"ZNF319",-0.510006981985608,0.000101777095749925
"FRMD3",0.536279046577628,0.000101846345722652
"APC2",1.258100613433,0.000101917441211542
"ANKS6",-0.670589021603981,0.000102146170166868
"HNRNPA0",-0.348262881537318,0.00010219096136543
"QSER1",-0.380065714537013,0.000102213721114842
"CES3",-0.729442212438976,0.000102218017671332
"LIN28B",0.397223411496676,0.000102218899482406
"LINC01572",-0.568003275539767,0.000102817292840784
"OLFML3",-1.69587774577447,0.000103320428065901
"CTXND1",1.25611313482233,0.00010353129578077
"EIF3B",-0.351395096287805,0.000103533411538089
"LETMD1",-0.434931797729531,0.000104105242539883
"HOMER1",0.451428846898028,0.000104189247048954
"NDUFS3",-0.347824564325121,0.000104287305468775
"OPA1",-0.327170536963088,0.000104340869233825
"SERINC2",0.559169827278688,0.000104432378201658
"KLF3",0.397837633836701,0.000104594389178136
"ENSG00000272720",1.0296897041788,0.000104617554053955
"GAPVD1",0.317707600976826,0.000104739193261917
"CHTF8",-0.711060316414784,0.000104740973818216
"DESI2",0.366496199896969,0.000104827242085711
"KDM6A",0.59703586168105,0.00010515958157894
"HP",-1.08218999902414,0.000105170730955206
"FKBPL",-0.576093016368449,0.000105437356378403
"MPZL3",0.786912036942915,0.000105534932144969
"ARVCF",-0.394702806123556,0.000105629782177528
"FAM133B",0.299876580644008,0.000105782558973225
"KIAA0513",0.792193229470963,0.000106150506681957
"C1orf159",-0.603867018589646,0.000106290434657335
"SOS1",0.364665979362128,0.000106310800890866
"PLCD3",-0.517467437070371,0.000106503214121175
"ENSG00000285085",1.18720299954298,0.000106706279161387
"MDP1",-0.65196054897071,0.000106813430316404
"VPS26A",-0.340734807776062,0.000106998657026318
"CFAP20",-0.41808691315521,0.000107007087250697
"ENSG00000284642",0.914685566943793,0.000107043375873128
"CLIP3",1.02603553679013,0.000107200201631848
"AGGF1",-0.344613434495412,0.000107316913674978
"RELL2",-0.513135334010651,0.000107487169502291
"ENSG00000176912",0.596124850405713,0.000107955438448125
"HMMR",0.56430035233757,0.00010811181042988
"MOSMO",0.393484386121706,0.000108177996595726
"ACP5",2.08016947614317,0.000108201138707592
"ZNRF1",0.334249913027441,0.000108216307336276
"NFIA",0.621925612049045,0.000108251582425655
"ENTREP3",0.390591230626317,0.000108294028408247
"HECTD3",-0.353002287988993,0.000108427992169934
"WDR18",-0.35506511088469,0.000108570447648418
"ENSG00000272888",0.333573055448782,0.000108580200239605
"MTMR7",2.1433022593218,0.000108830799326079
"PTPN21",-0.777307334441401,0.000109389187412226
"CANX",-0.482857648730565,0.000109495301678936
"PCNX4",-0.351741722998956,0.000109507400935601
"ARL8A",0.930826205883001,0.000109543285511567
"IFTAP",-0.629673167470902,0.000109942149965668
"ZNF22",1.20929621829395,0.000110118357289139
"LDLRAD1",-1.25878711647091,0.000110370182148716
"ENSG00000288966",1.74225966843818,0.000110486996547843
"LIMS1",0.324593492449403,0.000110708726442311
"MICALL1",0.550736867121134,0.00011118082868928
"GORAB",0.471182164656538,0.000111230980726482
"SLC16A1-AS1",0.533989465102473,0.000111299204404287
"POLE4",-0.381915067645894,0.000111328427154687
"IL22RA1",-0.552983602296675,0.000111341435715965
"SEMA4B",0.477089330082669,0.000111471888111069
"ERN1",0.420364335329437,0.000111562467232882
"HMOX1",-0.678485069748049,0.000111716084584122
"AADAC",-1.35817359402952,0.000112381408138426
"DOCK7-DT",1.10741217251057,0.000112634523893259
"MFAP3L",-0.966588465878948,0.000113327649030128
"HIVEP1",0.515016259310303,0.000113605699301671
"TRAPPC6B",0.307148661431062,0.000113743218795539
"EEF1AKMT1",-0.756037509638346,0.000113863785058779
"NSG2",3.15805019925941,0.000113984306638619
"KAT6A",0.324473274149708,0.00011427313353357
"NLRX1",-0.457831690503576,0.000114484796612015
"SOCS7",0.363097601443563,0.000114675564968086
"FOXP3",-1.88103749434691,0.000115107289599908
"HNF1A",-0.278666950859097,0.000115551848409764
"ENSG00000267666",1.52227004894342,0.000115592897541019
"TFAP4",-0.400663804467777,0.000115657435934887
"CDS2",0.411875200136773,0.000115991222975555
"NRAV",-0.974998952937422,0.000116174758904583
"JMJD7",-0.906937162035186,0.00011619890657185
"CUL9",-0.470309115149286,0.0001162025213829
"SFPQ",-0.316459332301354,0.000116781480343248
"DCLRE1C",-0.56178500976807,0.000116916757179362
"KRTAP5-9",1.48485391715552,0.000116949919401078
"THUMPD1",0.29485236289166,0.000117117236615122
"ENSG00000227953",0.63442561517322,0.000117198913455003
"SLC49A4",-0.561612448275039,0.000117285915719564
"CD99P1",-0.772411716617011,0.000117362888850244
"GLDN",1.36808062629111,0.000117504639972755
"ENSG00000273702",-0.810097634094317,0.000117780145175561
"KIF2A",-0.358556365242825,0.000117817306638374
"ENSG00000262333",-1.11063054366605,0.000117847277901614
"AGO2",0.519739805521434,0.000117874063482566
"MFAP1",-0.571984982779565,0.000117909231739876
"DYNC1LI1",-0.482841974869211,0.000117945074732552
"MGAM",1.6683979593427,0.000118160321427413
"MTRES1",-0.674272677761945,0.000118571166095327
"FLYWCH2",-0.710215876300941,0.00011938531172192
"PAQR7",0.416975827512357,0.000119550673431846
"ENSG00000304625",1.41949090392453,0.000119711688149064
"HEATR5A",0.35419430619785,0.000119760794400748
"CCDC107",0.486364419938099,0.000119794152949862
"HIPK1-AS1",1.76545742045874,0.000120130068006517
"BET1",0.4054532773988,0.000120366384425904
"TCEA1",-0.303450506943566,0.000120377983080305
"ANKRD20A5P",-0.873325849213362,0.000120380650480536
"RIN3",-0.370137419727909,0.00012063796035509
"TRMO",-0.588415056308952,0.000120656998970541
"HERC2P3",-0.420640329250982,0.000120744086318663
"CCDC15",-0.743556623179665,0.00012104519950615
"C22orf46P",-0.679652362455776,0.00012135177048091
"GAR1",-0.452720049842962,0.000121457085484058
"PARG",-0.388378359369155,0.00012148663789349
"EDA2R",0.617754739993582,0.000121620266269175
"ENSG00000266933",1.85572171720826,0.000121759453036309
"ENSG00000265478",2.59629658670444,0.000121781831767971
"LOC645485",-1.10361334232403,0.000122176236519033
"PLRG1",-0.330348695851752,0.000122311465874369
"CDHR5",-1.61687472032374,0.000122424922223537
"TMEM236",1.84649434785522,0.000122808242949525
"ECT2",0.44161461644098,0.000123065117156584
"UBE2D4",-0.508042629928959,0.000123312104387567
"GNAZ",-0.52883764696992,0.000123546227256187
"GALNT1",0.391020444531684,0.00012364453686967
"FOSL2",0.822786465002614,0.000123876936429233
"UICLM",-1.0380002749813,0.000123898710153331
"HERC6",-1.30656627075278,0.000124046530570461
"PCYT1A",-0.388156160737572,0.000124196729249528
"RAB28",-0.493464114706874,0.000124226709268697
"UBE2G2",-0.318674520861452,0.00012434968047945
"ZNF740",0.468041232859297,0.00012450478289352
"ATXN1L",0.340919465337301,0.000124803837058302
"LEO1",0.669901302832905,0.000124960073772891
"JUND",0.544437240034871,0.00012499000255033
"FOXK2",0.330942262419842,0.000125250000448859
"CENATAC",-0.398166908490929,0.000125338258370097
"MANSC1",0.646680743600194,0.000125339842224492
"ZNF35",1.08916870324492,0.00012547880658081
"CDK5",-0.469881570829716,0.000125694915603522
"AFG3L1P",-0.525702841241158,0.000125985885122868
"LLGL2",0.444989479903864,0.000126001958303006
"MYB",-2.02417253237517,0.000126265215798227
"FKBP9",-0.436090799741226,0.00012635225532518
"BMERB1",1.37414606774468,0.000126369645762033
"TPBG",1.41837883064658,0.000126560609114527
"CKAP2",-0.498820437053787,0.000127042685055154
"ZNF326",-0.373827381782345,0.000127082306368565
"FDXACB1",-0.979064733172605,0.000127543599449455
"PET117",-0.684277302452469,0.00012772754272247
"F2R",-0.596363540930296,0.000128220257573652
"ENSG00000290863",2.20488836000903,0.000128372727338592
"NAXD",0.296234977444063,0.000128395795268468
"TATDN1",-0.651505553920696,0.00012854637584787
"PPIP5K1",-0.522863650397222,0.000128822252997608
"PLSCR1",-0.415053394551977,0.000128878881500406
"TMIGD2",1.91930361438574,0.000129461045946035
"GMFB",0.338175154288501,0.000129751801429211
"ENSG00000250999",-1.35289490500155,0.0001299168745615
"ENSG00000259347",0.679624307072613,0.00013013589095878
"TMEM109",-0.526729600971821,0.000130293147802699
"ENSG00000245025",1.07971148473581,0.000130337559537495
"CTF1",0.958463817525531,0.00013049627263884
"WBP1L",0.444966893111074,0.000130668563416324
"BIRC3",0.853715011812497,0.000131048911563228
"C9orf163",1.3329332695796,0.000131295115915587
"ENSG00000272345",1.06412750309744,0.000131556119202223
"ENSG00000274460",0.60412840744725,0.000131660036916245
"PPCDC",-0.591123476015088,0.000132310772967343
"RC3H1",0.368624297273152,0.000132416067703855
"PRR35",2.06517758728343,0.000132442938300688
"PAPOLA",0.339716488883168,0.000132839138158676
"SF3A3",-0.40543244818438,0.000132850813922151
"PODN",1.94179798018367,0.000133151715096608
"NFKB1",0.432467195176239,0.000133482310017423
"ISM1",-2.39084813459707,0.00013350600276354
"C19orf53",-0.607057575505533,0.000133689627526829
"PRX",0.967719869198816,0.000133857463523693
"GLTP",0.41446870446243,0.000134146784479142
"LOC122526780",-0.822371356385114,0.000134472697279017
"IFT88",-0.4662125631951,0.000135245346316988
"ZNF833P",-0.833676211740241,0.000135429908023074
"C4BPA",-0.518188865085688,0.000136230908949673
"ENSG00000228918",1.77246275148523,0.000136279852996711
"AQR",-0.400291123362784,0.000136316451478395
"OR1F1",2.83779806839307,0.000136454738150997
"HYAL1",-0.379986748058316,0.000137066881688034
"EFNA3",1.11460014689661,0.000137241302962559
"ANKLE2",-0.310945220385242,0.000137334012259126
"ZNF33A",0.312116238173093,0.00013747252616478
"RTN3",0.373463078374775,0.000137654658791135
"DERL2",-0.403174410371916,0.000137702576390579
"NCOA5",-0.305452280607597,0.000137884520078555
"CARD19",0.451695480685071,0.000137903630474643
"TIGD3",-1.07099126952195,0.000138093250602912
"ATP6V1F",-0.416532492860438,0.000138117872747391
"TMEM145",0.810350977420741,0.000138140997000019
"CDON",0.427747696620849,0.000138146382501588
"JADE1",-0.323445120310439,0.000138153329655212
"FAM20C",-0.61947966335647,0.00013835040613211
"TAB2",0.432877685992047,0.000138512302080975
"ENSG00000279649",1.94522704249548,0.000138877718151146
"TMEM248",0.365709869156268,0.000139191173131767
"SLC15A4",-0.437405664303333,0.000139266751541054
"ENSG00000291125",1.34935418462506,0.000139311428329526
"IVD",-0.403618963515021,0.000139480070562452
"CHRNE",-1.10265879203215,0.000139632116732332
"ITCH",0.316727563516398,0.000139744546410701
"HSD17B8",-0.575355705874571,0.00013979136156698
"ZKSCAN7",-0.634209799633387,0.000139967547478155
"PIMREG",-0.662542402163749,0.000140008383305635
"LOC105374254",-1.24376566819523,0.000140015378216912
"IL13RA1",0.376100744229748,0.000140173752402937
"GRAP",1.46245121977311,0.000140561417702704
"ABCC5",-0.439390482501714,0.000140567997119093
"CLCN2",-0.549968677749984,0.000140694927758252
"ENSG00000279103",1.00366924080874,0.000140706521010736
"LLPH",-0.462553359473147,0.000140757276521593
"DHRS4-AS1",-0.421399108178121,0.000140764834519698
"IKBKB",0.483316716954785,0.000140917447286973
"AKTIP",0.424910115610877,0.000141121798139883
"ENSG00000303311",1.99779169159108,0.000141166311605832
"PTPN14",0.468724724989637,0.000141767682780434
"RPUSD3",-0.39992816239878,0.000141878237746404
"NOX3",2.98464937453349,0.000142147576515576
"LOC101927788",0.772877835105282,0.000142395431757367
"YIPF5",0.405695839035804,0.000142462203598799
"ZNF518A",0.390108114622432,0.000142637396382161
"TRIOBP",-0.434515830557829,0.000143162909451484
"SLC43A3",2.51215714124176,0.000143170886666104
"SUN2",0.508490868333007,0.000143242685592625
"AGL",0.394395004832412,0.000143413746249737
"CBR1",-0.554041607917249,0.000143529617145693
"MRPL19",-0.383192499728788,0.000143671676569432
"LINC01273",0.513400158255981,0.00014394355058422
"WTIP",-0.98063131082399,0.000144202418213987
"ENO2",0.502463817144153,0.000144265363923915
"ENSG00000298291",-1.38501518308798,0.000144278403818124
"ITGA2",0.946937768097939,0.000144500176710557
"FNBP1",0.346128018619721,0.00014452234240394
"LOC124906276",1.06569317104194,0.000144532972163758
"ZNF496",0.429027432585872,0.000144903120084503
"EMSY",0.311535561492383,0.000144969122276468
"IFNAR1",0.338429460840138,0.000146031203743158
"EVA1A",0.554295938849803,0.000146422524333253
"ZFYVE21",-0.432895968098475,0.000146564046779642
"ADCY10P1",0.898971734067877,0.000146599516600817
"TMEM38A",0.683904532345424,0.000146663937393963
"SELENOT",-0.414915885491356,0.000147348555572271
"ENSG00000271553",1.05448635001982,0.000148684360109637
"TLN1",0.342612411338777,0.000148747877223562
"UBTD2",0.314769050347137,0.000148997270721987
"KLHDC9",-1.46546093452384,0.000149128293258269
"APOBEC3G",-1.16343223421512,0.000149222588797287
"DYRK1A",0.298131384599649,0.000149506837333341
"ENSG00000296642",0.751134340245568,0.000149647786465894
"FIBP",-0.432618555747831,0.000149705603689807
"RFPL3S",1.68921020814282,0.000149921480864351
"PRP4K",0.398113653707687,0.00014993639562251
"HMGCR",0.588905581909499,0.000150054479521221
"PICALM",0.336402013041188,0.000150375207416278
"TRIM28",-0.332550680652824,0.000150556902903481
"VPS72",-0.417925901989548,0.000150689949714342
"EML6",-0.672170052089258,0.000150910383257875
"ILKAP",-0.351305196097383,0.000150931134432352
"HCP5",-1.20603562547698,0.00015097794235152
"METTL2A",-0.353725821732842,0.000151349195113074
"ENSG00000255031",0.631640077964425,0.000152017739631627
"CCDC163",0.632698305487309,0.000152154193133951
"RNF121",-0.538650910083393,0.000152461898213979
"LINC01909",0.860728442707406,0.000152682652213909
"TBCB",-0.363488988628916,0.000152900098104352
"SVBP",-0.455268955420658,0.000153736756552636
"AASDHPPT",-0.353064618754712,0.0001538316498514
"SLC25A47",0.710458748461429,0.000153919852659202
"SLC9A3-OT1",-0.595181728406532,0.000154103241963806
"KPNA6",0.307627375417767,0.000154143869879213
"POLR3D",0.480503610973733,0.000154366252895854
"OSR2",-0.937187209589197,0.000154394115140684
"TRABD2B",2.56228481458431,0.000154483257708099
"ZFP36L1",0.354064444774545,0.000154860402116368
"FBXW9",-0.731925014656406,0.000154921805604549
"PLCB1",0.401035521059238,0.000154988122940464
"STAT5B",0.37104233324846,0.00015527169458683
"EMC8",-0.361286461508808,0.000155788260274208
"MRFAP1L2",-0.403212443017532,0.000156021860714522
"TFR2",-0.436793049349249,0.000156106643756788
"TTC34",-1.34786428260108,0.000156185846273321
"ATF7IP2",0.520096479427855,0.000156225252469155
"ENSG00000232352",-2.67567132992968,0.00015662619075622
"LSG1",-0.343990919446091,0.000156736027332482
"LSMEM2",2.1561003738215,0.000156758866193445
"ENSG00000277840",2.06667916630838,0.000156825111039479
"RNF167",-0.354162785593802,0.000156990037157928
"ENSG00000263096",1.61150175515571,0.000157292063996673
"BCRP3",1.01170456645857,0.000157656824628234
"FEM1A",-0.430241340105684,0.000157739411201551
"WASF3",0.409805296578973,0.000159194716175093
"LINC03009",0.396570360396779,0.000159598708474471
"AFM",-1.36762319262349,0.000159652776065981
"ENTPD1",1.27088312402203,0.000159718341268876
"MANBAL",-0.336422818153343,0.0001597702008459
"LINC01250",1.02837629482666,0.000159815860876677
"ADCK2",-0.487369661480849,0.000160036566407497
"MUC13",2.00393043418967,0.000160114057457788
"GATAD2B",0.408605616578015,0.00016025400513678
"SLC25A21",-1.11998148725394,0.000160339323547568
"ABCC10",-0.441285830538688,0.000160376254725437
"ZNF282",-0.326733375377752,0.000160413361761435
"CUEDC1",0.541925014514703,0.000160426213173943
"BMI1",0.339551175211243,0.000160748411516611
"SMIM24",-0.965884386073868,0.000160904905545295
"ENSG00000280239",-0.807385023986711,0.000161053758416384
"PRKRIP1",0.33944457296969,0.000161073372088743
"MRPL35",-0.347007651691225,0.000161238185905378
"GBP3",-1.65230890878594,0.000161286995964989
"TENT2",0.44032185334292,0.000161542788650557
"ENSG00000257135",-0.856548476770691,0.000161712437830401
"BPIFB1",1.19410109818132,0.000161988730734055
"DST",0.34294337702681,0.000162108751833229
"MYC",-0.442362694225624,0.000162524952707519
"SLC16A7",-0.900308904844856,0.000162682828716982
"PRPSAP2",0.362316055601083,0.000162695646426899
"CPPED1",-0.345740461066965,0.000162798558693927
"PROB1",0.687212772816282,0.000163296074957208
"MRPL16",-0.45800545554503,0.00016334663970638
"CENPL",-0.55935550603976,0.000164038877649306
"PSME2",-0.342689546759378,0.000164082332987535
"FNDC10",-0.733440013942355,0.000164564248004016
"PLA2G4B",-0.513472424346972,0.000164734733282349
"ENSG00000298954",1.69202708409609,0.00016479520303895
"ENSG00000300864",1.19421526722434,0.000164819015411358
"APTX",-0.325972114861441,0.000164919750762492
"EEF1B2",-0.555747698109484,0.000165135986125339
"LOC124906013",0.927407929009289,0.000165207788951207
"TYW1",-0.44015810378402,0.000165287884507337
"MAN2C1",-0.397697628206604,0.000165824741580214
"GTF2IRD1",-0.520809669496031,0.000166331240955224
"SMG9",0.325739778727119,0.000166481673915547
"NUDCD2",0.43794138536443,0.000166565676896703
"DUXAP8",0.344978877981112,0.000166591515543092
"DOK3",0.573298582633246,0.000166600553730678
"TAF1B",-0.428490569156551,0.000166641783339078
"GTF2F2",-0.502735578870853,0.000166766896326777
"LOC728554",-0.364503029870196,0.000166946747550815
"SKIL",0.343112202065681,0.00016782275660461
"KIF18B",-0.613441743530492,0.000168662245984546
"CAPRIN1",-0.3478436763052,0.000168870208349058
"ENSG00000289584",1.74224148159806,0.000168932491720073
"RPP38",-0.505586479219878,0.000168951591988306
"TMEM67",-0.762908422458893,0.00016906064427585
"ENSG00000288752",-0.744441065961786,0.000169285902528712
"GDPD1",0.616479059230622,0.000169409487532928
"AGFG1",-0.406342239306737,0.000169510634029182
"RAB18",0.306032513491778,0.000169661456950009
"TM4SF5",0.571234142926443,0.000170002756647093
"PTCD1",-0.342765185234162,0.000170138433039998
"ENSG00000282221",-1.72521335958665,0.00017025828685266
"KLB",0.925525719157763,0.000170274379240893
"PSMB8",-0.321869800265659,0.000170640031285449
"ZNF846",0.58409267274603,0.000170753959736861
"ENSG00000262265",0.9673542742082,0.000170768721228538
"SAT1-DT",1.14822942339229,0.00017081257306221
"LIAT1",-1.56905826025582,0.000171750483026673
"NFIX",0.445077762443012,0.000172316258396669
"ENSG00000286403",-0.565358316427418,0.000172452271964247
"NBEA",0.832171435918538,0.000172903142328637
"CEP250",0.343143881469925,0.00017313445330511
"EPN2",0.348118440503515,0.000173364946509202
"MADCAM1",0.875030396641624,0.0001736717496057
"LOC112694756",-0.726609880337552,0.000173788316463588
"BCCIP",-0.427899544652614,0.000174049783225243
"DDX25",1.83554349710534,0.000174572803259436
"BIRC5",0.310408725596974,0.000174903608532057
"GDF11",0.916070980285089,0.000174981943843456
"ZNF593",-0.58739168743089,0.000175169396048415
"FNBP1L",0.351244777005519,0.000175399328180265
"MTRR",-0.302129538811919,0.000175603717837445
"ENSG00000261334",2.13676347711513,0.000176041060700667
"OAZ2",0.379723622951184,0.000176512321770493
"SPATA17",-2.09884802411833,0.000176551319150663
"KLHL31",0.780420321107214,0.000176556578808834
"BRPF1",-0.319616710957307,0.000176669804028554
"DUSP11",0.462944102790705,0.00017674779700562
"HACD2",-0.504799426585556,0.000176789335790642
"ENSG00000260778",-0.849344941401044,0.000177022227564814
"LOC105370921",-1.41369652031266,0.000177132864909048
"KIF18A",-0.503805273579695,0.000177168494309662
"RGCC",2.18299106362805,0.000177457142303664
"LOC128706665",-0.659208711008811,0.000177663486642233
"DNAJB1",-0.385113218870169,0.000177744053268714
"PDLIM3",-0.785493624915614,0.000178001941521697
"ANKFY1",-0.314545809573391,0.000178325797193642
"ENSG00000213071",-1.77827209541888,0.000179026899170798
"CCDC77",-0.392266499245102,0.000179253780527005
"SARS1",-0.41732453470861,0.000179522531276709
"SIAH2",-0.519634753188106,0.000179526620682267
"SULT1C2",-0.764173981694602,0.000179588630270825
"CTIF",0.434451816042959,0.000179948387146033
"FHIP1A-DT",1.07843803192891,0.000180207514013165
"TRAPPC13",-0.47735853709072,0.000180265214607217
"CBX8",0.389732117288039,0.000180315465288176
"MORC3",0.424863240462194,0.000180430560927868
"ENSG00000272183",-0.889795284257711,0.000181864057656108
"RILP",0.670470844163105,0.000182248131821774
"CHCHD4",-0.523711944315182,0.000182367920153207
"INTS12",-0.481865475654734,0.000182492570674864
"C1orf74",-1.66269806817718,0.000183280621434966
"ENSG00000259132",-1.14544645483771,0.000183282941967908
"HSP90AB1",-0.521196317880194,0.000183486354886581
"DBNL",-0.417500235241968,0.000183636355547559
"PTMAP5",-1.17000901561695,0.000184135901713323
"TRABD-AS1",-1.00063734557821,0.000184304533184213
"ENSG00000296722",1.47224898031082,0.000184366179931504
"RUNX3",1.26809587967831,0.000185109360625117
"SLC1A5",-0.473702292407201,0.00018544680843927
"GTF2B",0.454065305285729,0.000185558374626297
"ENSG00000286989",-1.1432083988318,0.000185726591603892
"SMC6",-0.392564152254254,0.0001857641962893
"ACSF2",0.541962224528758,0.000185879007298135
"NUBPL",-0.302585198214951,0.00018616913802132
"ACTR1A",0.382930898161522,0.000186377085535469
"ENSG00000293143",0.65901599736297,0.000186563046946801
"SLC2A12",2.71197383366159,0.000186922594482679
"ITFG2",-0.417620353669518,0.00018701838117611
"ENSG00000288927",1.61208552295083,0.000187141325924715
"GRK2",0.278036167320613,0.000187644580412074
"STK4",-0.31187241552251,0.000188072353113326
"RAE1",-0.304809567234295,0.000188585688152277
"ITGA6-AS1",1.62722509870066,0.000188903468684031
"SDR42E2",2.21539781913233,0.000189934504515597
"IFNGR1",-0.475162069581635,0.000189953374683089
"ZNF714",-0.697608463833209,0.000189975246337355
"LTB",2.18635387900247,0.000190242422586832
"ZNF629",-0.369889744078785,0.000190408516797624
"SMIM30",-0.534940803700862,0.00019073875688953
"MOB3C",0.708458544696325,0.000190879979461071
"MED25",-0.308815489923852,0.000191365654185536
"SCN3A",1.82821203442637,0.000191568360770928
"ENSG00000254990",0.779287848631719,0.000191720049467355
"FANCC",-0.392142837529461,0.00019200382010412
"THAP2",0.660390969349,0.000193268266424062
"ENSG00000258469",1.30038955337561,0.000193404373949273
"ENSG00000272894",0.782001077622428,0.000193617271629641
"EAF1",-0.460186185047744,0.00019365191573332
"TSNAXIP1",-0.93397511974697,0.000193820317024862
"ACOXL-AS1",1.64580648035437,0.000194466551891906
"SPTSSA",0.305952710812587,0.000194475647847581
"KCTD11",0.850953860586536,0.000194492192956085
"LRPPRC",-0.336697957265146,0.000194591788344768
"STAT3",0.306876497996536,0.000194944775186878
"ENSG00000303182",1.15413019541739,0.000195866526247334
"ENSG00000290003",2.18888615307584,0.000196207531653807
"ENSG00000214796",-0.875597418126367,0.000196312995868775
"CLP1",-0.507388781691043,0.000196363893035807
"LINC01485",1.9548010889276,0.000196588436648647
"CABLES2",-0.646947413643805,0.000196710409124771
"ENSG00000288473",0.755479052200479,0.000196758711146292
"OSBP2",-1.22209967865284,0.000197031037662623
"FOXD4L1",1.00833068569984,0.000197051937510894
"HNMT",0.416144794979377,0.000197549258309793
"SPINT1",1.20318598293834,0.000197566921046694
"SCCPDH",-0.321576505523989,0.000197692534999566
"TFIP11",-0.383468460208931,0.000197938366319177
"ENSG00000289375",1.09543970766064,0.000198241102115835
"TFAP2E",1.38731760745339,0.000198248934282965
"FAM120B",-0.395503663328405,0.000198301708868047
"LURAP1L",0.718106239320827,0.000198789822655979
"CBX2",0.678203564021205,0.00019905403024839
"MRPL41",-0.364242994032638,0.000199576898828461
"CKAP2-DT",0.939123790251663,0.000199760343084375
"PEX3",-0.392574575073088,0.000199892032136866
"INO80E",-0.391836487938228,0.000199931037096181
"HPRT1",0.483754102233939,0.000200373136100513
"ZSCAN16-AS1",0.462171765534675,0.000200516750280422
"UBE4B",0.382333155432137,0.000200587326420022
"ENSG00000305105",0.573435498522603,0.000200894304349673
"ZNF587",0.564206184895445,0.000201183714807252
"MATR3",-0.31396460196836,0.0002011939491094
"MST1",-0.538710683351857,0.00020131441009164
"PGBD1",-0.394218728199125,0.000201588323631468
"ATF2",0.260360227867936,0.000201692620209172
"RDH11",0.447862031899927,0.000201710627697728
"CYP2U1",-0.691454131840477,0.00020180681629926
"PPP1R15B",0.361933510878449,0.000201811524363926
"SF3B2",0.314779930473979,0.000201846794357955
"VPS13B-DT",1.19400924100768,0.000201944319493487
"DYNC1LI2",0.325666582406675,0.000201971675076246
"ENSG00000287009",-1.02736160540458,0.00020212172664355
"ENSG00000304435",1.24502924742098,0.000202579359249611
"ZCCHC17",-0.355354341867535,0.000202587595921026
"IQCE",-0.625270788445283,0.000202624410731085
"KANSL2",-0.393183258583836,0.000202675700015474
"LANCL2",-0.497052677255249,0.000203267546700373
"ARMCX5",-0.5045416353215,0.000203270188692722
"SLC25A25",-0.57781535881657,0.000203297943395375
"MAGED4",0.593672832372052,0.000203311835794111
"THAP10",-1.04601346815516,0.000203940888139766
"POU2F1",0.338091062392566,0.000204077579116511
"SMARCA5",-0.335953130734626,0.000204193096551901
"DUSP16",0.357068596761787,0.000204450207800382
"AASS",0.593087324677572,0.000204904602110304
"C11orf54",0.446514479772875,0.00020510766567073
"LZTS3",0.42120559617167,0.000205191979717783
"HLX",-1.00640608015419,0.000205482689978003
"HPX",-1.70019897963299,0.000206704681984589
"ARPC1A",-0.365992798164096,0.000206837224961536
"ENSG00000285091",2.37846050956879,0.000207023161811633
"CFHR1",-2.5486074106571,0.000207025418309905
"TMEM209",-0.455406121736641,0.000207477637161893
"TRMT12",-1.11770190973914,0.000207661946434208
"PITPNM1",0.432539959956297,0.00020768070338782
"PIN4",-0.522874282345015,0.000208475265720628
"HCCS",-0.54853741707161,0.000208575640384174
"ATP2B1-AS1",0.919744698083581,0.000208869123731232
"ZNF853",-0.570803208941968,0.000209269649316345
"ZNF8",0.467154159366932,0.000209539879529361
"KCTD18",-0.569394740851185,0.000209619956704724
"LINC00923",-0.877424770100969,0.000210250580339571
"MARCHF3",-0.720509146560952,0.000210305568000151
"BCL9L",-0.623206460589883,0.000210363695582865
"AKIRIN2",-0.339111918384479,0.000210375709873983
"ENSG00000286000",3.09614938064176,0.000210414942189425
"LRRC51",-0.847606208102384,0.00021107548144982
"MRPS31P5",0.515015391905052,0.000211400932639697
"UBE2Q2",0.483010185468836,0.000211585691529327
"SLC19A3",0.636122961956493,0.000211816763941397
"MED12",0.370290053155673,0.000211890008200474
"SMAD9",0.489763735448183,0.000212139979053236
"BAG1",-0.481213866334168,0.000213114314080979
"ELP6",-0.375936410785418,0.000213459624961232
"RPUSD2",-0.475150699382088,0.000213470639465151
"ADM2",0.48826842204404,0.000213518054478134
"MBD1",-0.320628641485676,0.000213584773216237
"SHD",-1.41178996564199,0.000213697023873964
"YWHAE",-0.43130164437383,0.000214069047187385
"ENSG00000302546",1.8195259714476,0.000214303944189714
"LINC02210",0.517703831432757,0.000214330318361827
"CILP2",-1.44150081705585,0.000214679977432615
"CCR4",1.83860181511886,0.0002147617698736
"FOS",1.15595538382564,0.000214832281358461
"NKRF",-0.390837463982623,0.000215290515622895
"SH3TC1",0.544819400859141,0.000215504899148863
"ENSG00000287129",1.06992769283547,0.000215669305100605
"DNAJC17",-0.525923131513929,0.000215855917180713
"PTGES3L-AARSD1",1.00244955196731,0.00021607093404088
"ENSG00000232987",1.05276203655669,0.000216369806985704
"C17orf99",-1.24481855722593,0.000216708258531347
"RCC1",-0.319561365942679,0.000217324705664325
"SGCE",0.372403465042046,0.000217447305410093
"CALU",0.456319076308267,0.000218069342835607
"OCLN",0.365558890708631,0.000218301111662032
"FBXO24",1.60608110387645,0.000218555172278687
"EXOG",-0.41059012186688,0.000218664040935441
"CDK9",-0.364658144452978,0.000218731714845879
"COA5",0.289460175138122,0.000219024757392629
"HLA-B",-0.485404613813822,0.000219172185285397
"LETM2",-1.11615651556823,0.0002192084389267
"STX7",0.368181785645683,0.000220406286709882
"RN7SL3",0.686212202381,0.000220419305500742
"SLC16A5",1.48429875300526,0.000220690496317025
"OAF",-0.373929844675704,0.000221397369055356
"FHIP2A",0.518525362982028,0.000221477586511089
"ENSG00000273080",-0.933941072349528,0.000221647668686938
"ENSG00000259699",2.72262671567921,0.000221679136451726
"ENSG00000295161",-1.67816123505819,0.000221788303550343
"METTL22",0.270203370020975,0.000221979252347215
"PIP5K1A",0.294554802291725,0.000222142412348839
"RANGRF",0.351533366730988,0.000222193807681945
"AGAP1",0.416524087428327,0.000222423684844714
"RHOF",0.459885198847783,0.000222627149449764
"ARHGEF7",0.417678354003106,0.000222868838027289
"CRADD",-0.60217452468512,0.000222888232390498
"ENSG00000226964",-1.00130481943827,0.000223025230122475
"PSMA4",-0.3467880852673,0.000223210956126355
"LOC124906869",-0.651629495613615,0.000223429162738591
"RASSF8",-0.710100152683683,0.000223430316143682
"NEDD1",-0.429489873672771,0.000223557397776228
"LINC02613",1.85361602414753,0.000223570382973354
"SIRT2",0.382959540106963,0.000224013273364533
"CAMTA1",-0.338518960741353,0.000224109823457104
"SYNCRIP",-0.325544680993823,0.000224508697151465
"PPIA",-0.366499662464212,0.000224663668125913
"ENSG00000258474",1.32973213899335,0.000224674950177423
"LOC102724701",-0.534625873204967,0.000225146514693329
"MALSU1",-0.397915185094003,0.000225328741216328
"SLC22A4",-1.3286710746385,0.00022543052748204
"SDCBP2-AS1",0.795508880129019,0.000225743901262371
"SESN1",0.412524636054567,0.000225980921239838
"ENSG00000261560",0.842381587314872,0.000226093504295602
"CLASRP",0.544774976817394,0.000226227211878557
"NKIRAS2",-0.381075112821428,0.000226267905253646
"ENSG00000259130",-2.30787114428847,0.000226321853034124
"ENSG00000255046",1.41889910564317,0.000226518120021702
"GNL2",-0.366087752144365,0.000226728384497556
"DSE",0.763717701395725,0.000227041051147164
"CACNA1H",0.892583530850985,0.00022705851764295
"ATOSB",0.693167886950556,0.000228517605568292
"RIMKLA",0.77253932182364,0.000228534899844165
"MED8",0.340282063635379,0.000228602855763864
"CORIN",1.59515576632642,0.000228825435898345
"GAB1",-0.357041138191575,0.000229261668037791
"DENND1A",0.414750596508628,0.000229805260773629
"DHX35",-0.364937616344629,0.000229843005203709
"LOC128706666",-0.643480585618393,0.000229879769480418
"RIPK1",0.300978131208691,0.000230724652482372
"SGK3",-0.410066055828925,0.000230910638351465
"LRRC47",-0.315276588337836,0.000230964720211109
"DGCR5",2.47811808804102,0.000231608182197988
"TIRAP",-0.529375228178078,0.000231905662256354
"DZIP1L",-0.978940560938729,0.000232183842860865
"ROR1",0.895494821257156,0.00023223802683933
"LIM2",2.42815251603581,0.000233501579200958
"PSME1",-0.303116727565719,0.000233574325200128
"RNF168",0.338538005349413,0.000234044700328837
"TMLHE",-0.528000470704187,0.000234068095940286
"PYGO2",0.272136601638836,0.000234445362671514
"ENSG00000205488",2.16762214315415,0.00023475543982346
"MVB12B",0.505779154614077,0.000235484161103419
"ENSG00000304960",2.71641532327424,0.000235496560350596
"TNNC2",-1.24476569212614,0.000235685093301519
"PON3",-0.491987737679118,0.00023605360189218
"SUOX",-0.334020029166468,0.00023665132165816
"ULK3",-0.350624697269387,0.000237719787565057
"VCF2",-0.664591850283138,0.000238270923760887
"MAP4K1",0.796195375258018,0.000238384099774316
"DENND4B",-0.386679770781399,0.000238711503227276
"NSUN2",-0.327704389723995,0.000238878506183726
"DUXAP9",0.368777476466448,0.00023920599883403
"C16orf87",0.33542328339176,0.000239913172948088
"ACTA1",-1.65959890564348,0.000239981235261335
"ENSG00000253102",-2.24594281095081,0.00024013910282654
"ENSG00000273893",1.5947290826041,0.000240191033927631
"CREBBP",0.331093211795348,0.000240358947025817
"ORAI1",-0.403699266689664,0.000240476355865238
"NR2F2",0.366215914541595,0.000240983204201867
"PGM1",0.55455301940658,0.000241173049999668
"DOCK9",0.997014054309422,0.000241325474027807
"SCLT1",-0.392610796515682,0.000241723999768184
"ENSG00000261915",1.0705609099494,0.000241946936389397
"ENSG00000237753",0.969498321299855,0.000242154324904278
"ATP6V0A2",-0.475974080279936,0.000242274954068979
"PPP1R13B",0.325021903997211,0.000242401110144328
"ENSG00000234617",1.52841541686921,0.000242423767725439
"TRIP12",0.384243088511012,0.000242893638809602
"EPHX2",0.494054450312242,0.000242943928461822
"ENSG00000287425",1.13281042338354,0.000243300646020585
"MORF4L2",0.283364501791605,0.000244718717355032
"EFL1",-0.619917536353444,0.00024474610866654
"TRAPPC4",-0.412311129216981,0.000244785095719044
"ENSG00000258944",1.64883697368863,0.000245256272889378
"SPATA6L",-0.772125713992603,0.000245283287638001
"BAZ1A-AS1",-0.600160627563075,0.000245554194611993
"ACSS1",0.551372413489089,0.000245696081130244
"PPP1R13L",0.530233674036302,0.000245831004644156
"MICAL1",0.521773247679556,0.000245886404550886
"TMED7",0.36123224480072,0.000245969012614323
"PPP4R1",0.338189820728731,0.000246150841363797
"ENSG00000291015",0.568437575898053,0.000246220782021033
"CYP2W1",-0.56616726509457,0.000246323649673737
"ENSG00000214465",2.13617907800211,0.000246455492921354
"ENSG00000286808",0.799490829078555,0.000246521404991469
"NADSYN1",0.419619389442654,0.000246662622834841
"DHRS3",0.32230786569507,0.000246685452179344
"HECTD2",0.526646519609416,0.000246930999476711
"KIF21A",-0.281578079015551,0.000246976769830429
"RBM45",-0.567886528912204,0.000247155800184883
"ENSG00000308670",0.863629473054547,0.000247249691283031
"ENSG00000295233",1.35387887973277,0.000247483702970112
"PREPL",-0.35265206517765,0.000247487088390504
"FAHD2B",-0.614195420653998,0.000248371241037476
"SLC44A1",0.35658986947615,0.000248623420480464
"LOC107984643",-2.15856120796735,0.000248655631676185
"ENSG00000278959",1.37320107737723,0.000249838101883067
"C1orf174",-0.31120517220813,0.000249902018635998
"SIRPA",0.449903887236628,0.000250026085655718
"ZBTB12",-0.43485455347307,0.000250240753363645
"STEAP2-AS1",1.8017914050824,0.000250900565867664
"VAMP2",0.30725326352854,0.00025122391505381
"BCL7A",-0.531345609575031,0.000251346496983349
"C17orf107",1.02258201645241,0.000251388154271609
"COMT",-0.3324583675142,0.000251461841628997
"NDUFAB1",-0.383351945227283,0.000251925969330166
"FSAF1",-0.371112864333087,0.000252314773825308
"ANKRD39",-0.419759875370868,0.000252446485067508
"EPS15",0.305558504346275,0.000253151220352768
"UNC119",0.372455104842336,0.000253425111795013
"OSGIN2",-0.527154929913507,0.000254240334135987
"MRPL27",-0.320284138847429,0.000254275813952353
"CES4A",-3.30634462085878,0.000254527186728036
"CCDC18",-0.581539962254474,0.000255367831284061
"LOC122513141",-0.542065450814621,0.000255727178608038
"CDKL1",-1.28464301657061,0.000256818557232822
"FN3K",-0.388064103764385,0.000256828545948449
"ENSG00000230658",-1.53365721586691,0.000257324875007251
"ENSG00000242588",0.390858637518956,0.000257664701183112
"SLC12A9",-0.619694974964698,0.000258273590940071
"KLF9",0.545482647826145,0.000259558142520194
"CCDC149",1.5792862411546,0.000259593918744568
"DVL2",-0.351689657102634,0.000259837215930385
"FTSJ1",-0.369052931828354,0.000259974935583297
"RAP2A",0.321312931798094,0.0002600684042106
"SLX9",-0.548102336772767,0.000260464662970943
"IL17RC",0.386205357722703,0.000260959397182205
"ENSG00000289281",-1.87171909991667,0.000260972052918217
"REXO2",0.51890404697346,0.000261133009532007
"AKT2",0.29711308365058,0.000261323609965001
"DNAAF11",-2.83740577427564,0.000261669116276754
"ENSG00000285693",-1.01170875988969,0.000261794274175647
"VTI1A",-0.28772639373051,0.00026286901089371
"PLEKHA3",0.382797436801204,0.000263934890638119
"PREP",-0.344414923938101,0.000264015070509157
"MTCL2",0.405235737909392,0.000264049795698733
"CNTNAP2",-1.31151036527094,0.000264162857052976
"CHUK",-0.373405759610362,0.000264420112843976
"SUMO4",1.28342657067903,0.000264460331418984
"ADAMTS17",-2.68535497146799,0.000265028016174823
"LINC01605",0.495168035002828,0.000265822347417897
"CD151",-0.436559821803133,0.000265832536026913
"ZFR",-0.307511601876842,0.0002663675306139
"ENSG00000293203",1.79003680838793,0.000266634964267667
"UBAC2-AS1",-1.01427634664403,0.000266724649038534
"NUSAP1",-0.292197528654841,0.000267484566238292
"BCAN-AS2",-0.605751476472644,0.000268004408847774
"PARN",-0.264336642021881,0.000268158612500137
"TMEM14B",-0.415282735228099,0.000268485757886066
"EEIG1",0.506945487648339,0.000269228411196483
"ENSG00000287539",1.58937213254709,0.000269252966645213
"UQCR11",-0.376301810021475,0.00026926308910107
"CASK",-0.407273553666767,0.00026937998692833
"ARL6IP1",0.503888015024566,0.00026940744471126
"SNHG12",-0.469693506993065,0.000269561411530937
"TRMT13",-0.363246089072324,0.000270457906408845
"MTNAP1",-0.291959051294653,0.000270993002504308
"DIAPH1",-0.376051426169838,0.000271100279402157
"ENSG00000254910",1.33658564618815,0.000271167429539551
"ENSG00000258404",2.90260306066473,0.000272738127953904
"ENSG00000255966",0.651701697077103,0.000273091169563165
"C4A",-0.470152972867548,0.000273117297389108
"CCDC6",-0.330350053645948,0.000273597095808372
"ZNF256",-0.556505094559693,0.000274399258428537
"HIPK1",0.296698991314472,0.000275574175109688
"LOC728138",-2.55225984432379,0.000275806504962907
"CCND1",-0.387132856179076,0.000276073083117275
"ADAM8",1.10229082054295,0.000276166743316312
"ENSG00000251867",0.79513698063254,0.000276205679715971
"KBTBD8",-1.01235558189843,0.000276369083560103
"RGMB",-0.624940899513996,0.000276935287793124
"CDC25B",0.389311926692097,0.000277196730195849
"ENSG00000304706",1.6482212564229,0.000277239238796231
"DCP2",0.34066313975544,0.000277883257467661
"COMMD6",-0.434020998202043,0.000277934528203198
"FGD4",0.54905597594734,0.000278896279795835
"NCAPD2",0.289532420497221,0.000278925128146876
"GLIS2",1.15397309426788,0.000278977133235669
"HDAC2-AS2",2.31088296724164,0.000279600293564552
"CFAP69",-0.69062930002548,0.000279789095893337
"PDIK1L",-0.614545943250845,0.00027985468437145
"DYNLT2",0.413439240157961,0.00028013608411597
"PROX1",0.367629346046877,0.000281033594302893
"LCP1",0.965393701614716,0.000281841567060419
"PRR18",-1.73997903965027,0.000281884117071086
"CEP152",-0.445600626942549,0.000282916917933146
"SMG1",0.382238760152781,0.000283129417706079
"TSPAN33",-0.361704341438538,0.000283267718759992
"ENSG00000293721",2.11832705451843,0.000283766529083711
"ENSG00000289000",1.50271229926142,0.000284077677294222
"IPO9-AS1",-1.34813701700347,0.000284162196934354
"ACTB",-0.602246118610241,0.00028482029451388
"H3C10",0.756482296080103,0.000285029524035579
"APOC3",-0.761889129768343,0.000285180368885934
"MRPL13",-0.333327057310964,0.000285508769535248
"ENSG00000249021",2.21506082097918,0.000285807453649036
"TBL1X",0.33610254734292,0.000285952807680424
"KCNK5",1.31716769709375,0.000286001090290771
"DPF1",-0.724734302195321,0.000286172820232767
"ZNF790",0.68936755537085,0.000286766851191511
"RHOT2",-0.368731718378937,0.000286781580237714
"MIR194-2HG",-0.657606227224384,0.000286929900637066
"MAFG",0.324268340169287,0.000287736747391382
"ZNF621",0.373291933287616,0.000287763744830036
"VEZF1",0.388093244749345,0.000288260800028425
"COBLL1",0.412628696929724,0.000288547608792698
"MYH7B",-0.793896285166342,0.00028872632000358
"LOC107984128",2.66639908732165,0.000288742599460617
"DSC3",-2.25153983107983,0.000288872795920588
"FOCAD",-0.436485296889704,0.000289195356212976
"AIF1L",-0.506660931628857,0.000289256980383873
"ENSG00000270127",0.851588971169094,0.000289546873100099
"ENTPD1-AS1",-0.422247473074546,0.000289591877417434
"DEPDC5",-0.376336651786116,0.000290894582741516
"SMARCE1",-0.329265187472064,0.000290986882418642
"CLDN15",0.46893910747484,0.00029134816257725
"ENSG00000294008",0.692478464385452,0.000291406204178419
"TTC27",-0.381498375646998,0.000291510041855077
"SLC41A1",0.658400114639437,0.000292186392615921
"ABLIM1",0.363715598957513,0.00029272694608226
"AGAP2",0.795874940408811,0.000292879554832038
"ZFYVE27",0.370894542118248,0.000292968201394044
"CALCOCO2",0.383944023086023,0.000293380756421949
"PSMA5",-0.371785962172583,0.000293582140399466
"UBE2L6",-0.362357671905155,0.000293639803894157
"GPAT4",0.325077239065898,0.000293856325110222
"SLC1A3",-2.49084155626016,0.000294727165832453
"ZNF177",0.607697884242378,0.000294747485588553
"HOXD4",2.91379122947146,0.000294954629246209
"LIPE-AS1",2.1277162224453,0.000296519062687344
"SIK3",0.321871247397319,0.00029717214092955
"CALM1",-0.35614781336408,0.000297566152736692
"POMT1",0.582225916219992,0.000298347867357157
"NLGN2",0.47237428494142,0.00029970057352554
"DPH3",-0.373277080629195,0.000299754207351544
"ACP1",0.503455403238935,0.00030002703242542
"GUCA1B",0.706394305069309,0.00030006686768839
"ENSG00000291100",0.295185503788543,0.000300480410618778
"SCRIB",-0.394261672781257,0.000300504445246989
"ENSG00000274776",1.35758986441811,0.000300933176400574
"ENSG00000275481",1.4354484130409,0.000301124056787059
"C2orf88",-0.757446836939209,0.000301224995949271
"SYTL2",1.34117265146076,0.000301342061719989
"CYB5R3",0.467801084431191,0.00030148175539511
"SNN",-0.820586922195462,0.000302018170173646
"EMC6",-0.389390537490603,0.000302041430999387
"ENSG00000287710",0.75840523909605,0.000302423323172527
"AP3S1",0.281977738810242,0.000302564424713988
"SPATA20",-0.350802636582935,0.000303752271123081
"ENSG00000288743",-1.32078315512866,0.000304198309236651
"ABCA6",0.889096911427113,0.000304449027123816
"CACNB1",0.628101392718228,0.000305330389168883
"SRRM1",0.405635938242816,0.00030533599445037
"ZNF574",-0.384875060631585,0.000305549334896309
"CDCA8",-0.367094923005778,0.000305601374188979
"LOC101927863",0.942297271871231,0.000305806588125858
"APC",0.43732834868315,0.00030594595460175
"RAP1B",-0.332343665093989,0.000305975798276977
"PPFIBP1",0.367077970827841,0.000306281530117554
"ICAM1",0.806609152207596,0.000306948368882719
"MBD5",0.329001297051369,0.000307612580958449
"MAPK3",0.477653846547689,0.000307677294402251
"TGFBR3L",-0.818280415929569,0.000308014761248561
"AKAP11",-0.312964339322467,0.000308720132681527
"AACS",0.278868513578124,0.000309111063882594
"KIF11",-0.341172435637251,0.000309322855439629
"SNAPC3",0.320892915512646,0.000309773719675202
"PMPCA",-0.292239952855807,0.000309942351397914
"ENSG00000279970",-0.725836459521344,0.000310044396143371
"TTTY10",1.1839905316951,0.000310709119093127
"TTC31",-0.486631005576398,0.000310898661073516
"NRBP1",0.304156060792446,0.000312071473794033
"ABI1",0.332798452724449,0.000312342584951664
"KIAA1217",-0.463874563175954,0.000312820629446927
"ENSG00000274895",-0.836813932055161,0.000312963539497223
"MED17",0.340617259810087,0.000314376620893125
"SNRPG",-0.517973560564633,0.000314801751584134
"RABL3",-0.580350390481523,0.000316135112213331
"BRD2",0.293575064994338,0.000316391623243238
"PYY2",1.1778974163575,0.000316689452291682
"BBS4",-0.415363111260703,0.000318280777115026
"DNAH17",0.962078993704601,0.000318670650254871
"SH3D21",-0.525102110643489,0.000318840922827288
"ENSG00000298115",2.41251660026957,0.000318880315751731
"DNAJB6",0.429971515996071,0.000319500456727879
"ENSG00000297842",-4.7000635722452,0.000320337005737552
"HADHA",-0.337409861169118,0.000321176902524661
"RARRES2",-0.521862727509616,0.000321272249292688
"RAB9A",0.384891688870912,0.000321707005609786
"PPP1R14B",-0.444893564623442,0.000322355311736535
"SCARB2",0.379898590546027,0.000322642552355258
"NDUFS8",-0.298659902400826,0.000322687001092231
"SLX4",-0.568271956778221,0.000322700283119747
"PDF",-0.459168418981587,0.000322915830182136
"ENSG00000302601",0.784612078703828,0.000323596907374791
"BEST1",-1.41276264537391,0.00032372448014593
"PEX6",0.401922878719634,0.000323733007051468
"LOC101927040",1.68257161010621,0.000324254875991822
"ZNF93",-1.12201996342453,0.000324934477344352
"FLVCR2",-0.635360797862298,0.00032523275289423
"ENSG00000274213",1.20532703271833,0.000325802228128386
"SLC38A6",-0.70673967443712,0.000325866134267303
"SSH3",-0.430732222399916,0.000327635684180355
"BBS7",-0.506184683008927,0.000327770123339271
"RAB30-DT",-0.413062168771754,0.000329010503772591
"C3orf38",-0.407007839112342,0.000329458314596357
"SEC14L6",0.776962048283733,0.000329622685356187
"GMDS-DT",0.466907690739841,0.00032968532304342
"HOMER2",-0.459604174827199,0.000329784307409654
"A2M-AS1",-1.13170712777236,0.000329796422384424
"INHBE",-0.97767568540086,0.000330141195732158
"SLC37A3",0.384961985529286,0.000330242570426173
"GTF3C1",-0.285142894356878,0.000331874704913619
"ENSG00000271781",-1.17141946979048,0.000331918039140794
"AGMO",-1.00804548791669,0.000332360106848117
"IPP",-0.682530725482438,0.000332864339060861
"ENSG00000299870",1.3339775194726,0.000333064569053836
"MRPS22",-0.323214457652275,0.000333348904635061
"LACTBL1",-1.41727518625562,0.000333738120378981
"ETV6",0.58015332189069,0.000333931389966307
"ATG12",0.284860773597742,0.000334081364800595
"HRAS",-0.408218969264215,0.000334454704059159
"ENSG00000230648",0.749732444753497,0.00033465403757531
"HDHD3",-0.397518280802436,0.000334694426181253
"ENSG00000235381",0.519364655851233,0.000334788818368504
"ENSG00000234997",1.50207705449423,0.000335366288434994
"ADNP2",-0.370610246555559,0.0003356085854988
"ENSG00000309392",1.30554382346663,0.000335611773524877
"KMT2A",0.309882745849478,0.000336699364243441
"RPS5",-0.370224066869676,0.000337220692801846
"SEC24C",0.299188574506955,0.000338119834477847
"RMDN2",0.583954089145058,0.000338874644134654
"ZNF622",-0.423426815166886,0.000339860251946652
"PLIN3",0.607865166011948,0.000340181143568046
"ERBIN",-0.33376843972518,0.000340411932289913
"ERCC2",0.260289600583244,0.00034079880004885
"PLAGL1",-0.781951992535754,0.000341141146425218
"ATXN2",0.307764495427244,0.000341181465315171
"FBXO32",2.67227834716443,0.000341665444917584
"ELOVL3",-1.45680790430772,0.000341771753160748
"LINC02249",-0.645335457795896,0.000341781420874074
"ENSG00000241884",-2.43413701806549,0.000342165406182586
"ZKSCAN3",-0.444997664329338,0.000342485473770314
"ENSG00000287104",1.10841312983258,0.000343796446821289
"SDC1",-0.464306345780416,0.000344113487399824
"CTPS1",-0.50096979856119,0.000344127496828233
"TGFBR1",0.327873519742605,0.00034434749169652
"MTHFS",-0.417996435516717,0.000344562169438793
"UQCRC1",0.344746311196763,0.000345090045606513
"GALNT16",-1.1078373148982,0.000345577151752653
"LOC107985532",-0.693854506104161,0.000346088387250498
"LINC02569",1.63898560414807,0.00034711476729396
"ENSG00000289190",1.22946247876041,0.000347964646000678
"ENSG00000263244",0.423566184819671,0.000348152265770033
"PTCD2",-0.459091710713184,0.000348275392095739
"DNAJB4",0.458415577413128,0.000349001119021315
"EIF3L",0.401697902415831,0.000349150594719735
"TYK2",-0.368725375919902,0.00034943051579297
"SOCS1",0.511262813321974,0.000349479618891748
"CTBS",-0.412994980787949,0.000349669130987837
"UBE2Q2P1",0.404642301805521,0.000350502902375331
"CPN1",-0.368021002419357,0.000351880707359339
"LATS2",0.360441892549758,0.000352143895727871
"GNPTAB",0.401477321358754,0.000352283830395458
"ENSG00000289372",-0.723623854621712,0.000352323164453107
"ENSG00000229431",-0.770561665871207,0.000352418520362849
"PRORSD1P",0.505234856382534,0.000352672569915574
"SPART",-0.340337699364557,0.000352886368624093
"TPRN",0.280709026132823,0.00035322614694316
"DNAL4",-0.71191499542221,0.000353334059509184
"CEP170B",-0.314814145639507,0.000354351272361979
"ENSG00000227518",2.15293683019748,0.00035445336098468
"C12orf43",-0.349602887211655,0.000354550785438326
"ENSG00000278192",1.29675268806649,0.000354820059806826
"RNF139",0.419857408822679,0.000354930933526372
"CYP17A1",1.04870797277166,0.000354964846649925
"KLHL12",-0.382448635118098,0.000355275951460682
"ENSG00000235859",0.745920199652947,0.000355883013166357
"PCBP1",-0.372170737571411,0.000356076558378552
"INPP5A",-0.380993167011841,0.000356565109755662
"ABHD16B",-2.04382083984427,0.000356843649006018
"PDE6D",0.469719403199127,0.000357003815843698
"PHIP",0.327956360722025,0.000357272249409463
"GTPBP4",-0.321169530675987,0.000357873882837563
"FLJ32255",0.576814693377507,0.000358848614528326
"MAP3K4-AS1",-1.34376918070764,0.000359180963870014
"ENSG00000274723",2.17352443555126,0.000359202856478662
"SCHIP1",1.77467589622253,0.000359216892120174
"CES1P1",-0.86646084077989,0.000360199200504424
"TMEM82",-1.35825265720528,0.000360434951783709
"LINC01409",0.667715236967433,0.000363413125003342
"ARPC1B",-0.415859143911342,0.000363520073153327
"FBXO36",-0.880440488766824,0.000364210397323157
"ARSL",-0.388098260354007,0.0003644881692668
"MRPL9",-0.343769671138914,0.00036517178649883
"ENSG00000274561",1.18942169619437,0.000365707692085274
"RPS27A",-0.378213469885026,0.000366598229966845
"RTKN2",-0.564124499599127,0.000367122507381438
"NDUFA1",0.431579421310076,0.000367561527016301
"NDC80",-0.38650951994908,0.00036777059651924
"ENSG00000268173",-2.67233681034254,0.000368005174229384
"ENSG00000278601",2.75781704123482,0.000368748679726717
"HYOU1",-0.44288460035496,0.000369141572077053
"ENSG00000277142",-1.02653973794682,0.000369418375521733
"ENSG00000257839",1.32626789536369,0.000370406132291
"ENSG00000293664",1.2678988050489,0.000370513080046724
"RHBDL1",0.465808345837445,0.000370653591478304
"SWT1",0.57361020379717,0.000370930142569536
"ENSG00000305128",1.58232377077677,0.000370976120628451
"CATSPER2P1",-0.767332981125736,0.00037145828110754
"PNPT1",-0.424394078211724,0.000372394756204543
"ENSG00000261094",0.520874780523173,0.000372873458412497
"CCDC124",-0.450992767464516,0.00037294491365971
"XIAP",0.402224200018245,0.000375134041550397
"ZSCAN31",-0.681418688736615,0.000376372045857652
"ZC3H8",-0.400852280557367,0.000376384038520955
"ACOT1",0.367389737518375,0.000376603920168942
"NLE1",-0.453399063191327,0.000376795242922206
"PSMC6",-0.333824276740366,0.000377083161846157
"GTF2IP4",0.822790185687377,0.000377623084425723
"RGP1",0.40581509089194,0.000377658052904339
"DMGDH",-0.823299594730403,0.000379551557712978
"ANKRD54",0.293633599854271,0.000379634973064574
"USP31",-0.29597859536289,0.000380297248714265
"CYP51A1",0.427661597577533,0.000381764599312805
"HK2",0.765828755327156,0.000383510116488813
"MAD2L1BP",-0.414940745036403,0.000384873002004874
"MTMR11",-0.756062457521546,0.000385382884659794
"ENSG00000297420",1.85517659540806,0.000385978149342689
"BACH1",0.390206614788591,0.000386673954403515
"ENSG00000274191",-1.3236813508883,0.000387643950058216
"ENSG00000297806",1.99920530034074,0.000387654702546509
"RAD17",0.270552792339517,0.000387790853181017
"EIF2S3",-0.297518435495808,0.000387981129748092
"ENSG00000273270",-0.69330889320533,0.000388085175630862
"OTUD6B-AS1",-0.550326188894619,0.000388299432801401
"NAB2",-0.410392591896184,0.000388367525128786
"CSKMT",-0.602835728379687,0.000388550930610995
"STX4",-0.255850346504755,0.000389061274189956
"MID1IP1",0.318673815867107,0.000389767043567736
"SELENOI",0.390709774576033,0.000389861674304581
"FRG1JP",0.489824064422846,0.000391006117402897
"GCNA",0.861494204520237,0.000391351847382329
"NKTR",0.425666731754636,0.000391929612615629
"DUSP7",-0.493595593559754,0.000392292864810691
"ENSG00000261596",1.36040902413285,0.00039269882534405
"ENSG00000261732",-0.808983368571472,0.000392931916203041
"ENSG00000233766",-1.45033553586686,0.000393131679613649
"ZNF281",0.317711830909765,0.000393657224115629
"CDC42EP4",0.529539516280758,0.000394402856980708
"APRG1",0.792428518499106,0.000394900627826312
"ENSG00000275185",-0.8913915993036,0.000395409402971489
"IQCG",-0.953732790135383,0.000395821462497274
"FBXO45",-0.400274350558956,0.000396050716169027
"ACOT8",-0.378346433107512,0.000396592511370705
"BTN2A1",0.347981862235151,0.000396767503019599
"BCDIN3D-AS1",-1.78342529569722,0.000397197012309425
"UBR5",0.336352554350001,0.000397260940618085
"HCFC1",0.317957632415178,0.00039735917230278
"PROSER1",-0.352156976033253,0.000397517068941666
"ILF3",-0.360771288116641,0.000398682091410087
"ENSG00000287737",0.681374965013647,0.00039879153560144
"EP300",0.346532958813521,0.000399553209620303
"GLOD5",-1.52350029574502,0.000400554340771949
"NAMPT",0.267885059569173,0.000401555584452831
"ATP8B4",-0.909667652922643,0.000401735814268712
"GLMP",-0.435388815304398,0.000402006849346913
"LOC124901104",-1.29785308957596,0.000402091429658597
"ENSG00000262049",-0.345700761143943,0.00040266114258955
"ENSG00000310496",-0.663210337295698,0.000402712286388195
"ASAH2",1.05122709592578,0.000403055628838506
"ENSG00000232915",-0.903892732383944,0.000403708460492221
"ENSG00000181097",1.41785957976236,0.000405320580195231
"ENSG00000301688",-0.918801385442977,0.000405750709482704
"MEGF8",0.466917550391836,0.000406445121083292
"MARS2",-0.424515385654414,0.000406538848343029
"ENSG00000267681",-1.295826629691,0.000407102802978448
"KIF1B",0.311924011971859,0.000407450439428194
"INTS6",0.310990544171842,0.000407721875454074
"NDUFAF6",-0.362096268244886,0.000408214092606249
"PPP2CA",-0.326790000028838,0.00040916357847223
"ARF4",0.341517597028403,0.000409996297180918
"RIN2",0.808375767321854,0.000410154634413739
"UCN2",1.08456053672574,0.00041097134920485
"RHBDD1",-0.4650142913619,0.000411074148904556
"NDUFA9",-0.402732527179334,0.000411534569866809
"ACSL4",0.346781977222187,0.00041165501297177
"TMEM143",0.448451168191094,0.00041189149038575
"ZNF516-DT",1.13133461780945,0.000412013857190636
"DCTN3",-0.429947236859586,0.000412317836799861
"ATP9B",-0.439267358233666,0.000412334074605253
"ENSG00000271976",0.960020511322841,0.000412363507187819
"EEF1B2P3",-0.907264604532725,0.000413182062450843
"GSN-AS1",1.40414733461156,0.00041359057183875
"CCDC62",1.98444090102517,0.000413601831381503
"RANBP6",0.340406900618387,0.00041373471518172
"ABHD12",-0.338459130449857,0.000413875531922789
"ZNF524",0.558604842986794,0.000414333723603351
"NDUFB6",-0.378980245431527,0.000414792872532048
"VN1R51P",1.55097135916096,0.000414796301496556
"TERF1",-0.350769193534143,0.000415228863009565
"KLHL2",-0.435091791551247,0.000415320624790262
"IQCH-AS1",0.415163327960948,0.000415322276020025
"ATP6V0E2-AS1",-0.853314008688064,0.00041589989681869
"C2orf42",0.51955583295658,0.000416486226097171
"MAFTRR",1.26994844295248,0.000416745213142629
"ENSG00000267397",1.76166006310257,0.000417029055139034
"DMAC2L",-0.48414515866968,0.000417119462353309
"SP110",-0.337439532724952,0.000417120818372323
"LZTS2",0.369541808266343,0.000418979397363351
"BNIP3",0.55640527778467,0.000419018231452988
"NMRK1",0.636599582616158,0.000419297343912691
"GSDME",-0.35583724216505,0.000419401511434145
"SPDYE21",3.19841939091927,0.000420834559605257
"RN7SL2",0.499445621382468,0.00042088379090874
"ENSG00000273796",1.01523979277232,0.000422113311482618
"C19orf25",-0.335643102101312,0.000422610321967357
"ENSG00000260091",1.50744148637133,0.000423012663746594
"LAMP3",-3.7491958392712,0.000423162458776919
"FMC1-LUC7L2",-0.891253910871613,0.000423869257792776
"ZNF83",0.398995534750891,0.000424074114715255
"A1CF",-0.394261263368176,0.000424378890810375
"DTNA",-0.665408524036141,0.000424825126575032
"ENSG00000250290",0.586259792248711,0.0004249506927157
"LOC105372733",0.507834251475499,0.000425088138999782
"PTPDC1",-0.516465660779648,0.000425912630411274
"ENSG00000308990",-2.21859684998356,0.000426056784896343
"PCED1B",-2.35851195950105,0.000426076833747562
"ENSG00000266086",0.442495392826236,0.000426476206509021
"SS18L2",-0.367822946022355,0.000426817152198129
"SEC61G",0.548654591618134,0.000426992163062401
"SLAIN2",0.332271627693284,0.000427358035952188
"DOCK6",0.396317542014678,0.000428820024289104
"WWC3",0.435277836597895,0.000429659993815726
"SETD3",-0.320950567663301,0.000430270905829457
"TCAF2",2.28772467593241,0.000430512616763208
"ENSG00000289731",-2.60469419379348,0.000430885027747694
"ALDH1B1",-0.358055414060739,0.00043185928852911
"ENSG00000278834",-0.807019523838939,0.000432911818032107
"HSD11B1L",0.612624564567578,0.000433497883789404
"TRIO",0.274315698040515,0.000434153510161694
"TMEM132A",-0.58988873330597,0.000434262888891052
"SLC20A1",0.374062120237962,0.000434628543919937
"TMEM88B",-0.647514064839523,0.000434629562932089
"ENSG00000280152",0.476210307360883,0.00043545240730237
"RMND5A",0.339703541890157,0.000435759934741665
"PEX1",-0.432836517645683,0.000435947372572415
"ZFPM1",0.306018938574359,0.000436006269050711
"SPTBN5",1.41046207396337,0.000437161060236568
"PRRC1",0.28143697449447,0.00043731043752568
"LINC00659",1.5832309852753,0.000437544313744651
"GET4",0.276530723636431,0.00043952082012216
"IFT70B",-0.909205366260136,0.000439889421853262
"TMEM123-DT",1.16013519261119,0.000440541507225721
"GATD3",-0.386960861376302,0.000441287308947631
"CD2BP2",-0.334826259918532,0.000441610083194726
"LINC00310",1.9215046890074,0.000442057459278227
"ENSG00000289100",0.540369326178656,0.000442543205107689
"PERP",0.467436136213057,0.00044313266101898
"GPS2",-0.339995493295499,0.000443397133660655
"R3HDML-AS1",1.03643731412805,0.000443780757196374
"NUDT16L1",-0.309500999647096,0.000443862278203136
"REXO1",0.318496046923418,0.000444285250342933
"UBD",0.797245168220956,0.000445076387346244
"PRR5",-0.516074007219932,0.000445518821460666
"HAP1",1.7696687933764,0.000446749272061531
"ZNF91",0.292852469863778,0.000447007983868221
"ADAM10",0.352224302923572,0.000447372997591958
"ENSG00000280007",0.696920210383642,0.000447473711658613
"RPS2P5",-0.602949047156116,0.000448238377356566
"CREM",-0.426524199467663,0.000448411278201711
"EPHA1-AS1",2.30982005850706,0.000449572204309533
"ZNF768",0.258348081451709,0.000449607829839416
"ENSG00000259915",1.00709551085618,0.000452024883835235
"ZFAND1",-0.28636404327849,0.000452541268643407
"DGKD",0.359158253321487,0.000453491502474723
"HBQ1",-0.747555383118836,0.00045431976685949
"SH2B1",0.338039507224698,0.000455607247899762
"CSNK1E",0.28870627466846,0.000455738701734054
"RASA4B",1.08786256165589,0.000456356574567835
"FAM238C",1.14002906366011,0.000456673730260355
"DRG2",-0.413363467692115,0.00045680782319247
"ENSG00000264772",-0.499671470839779,0.000457426305394554
"UBA52",-0.438805744245119,0.00045765759814144
"ENSG00000295728",2.01744859912949,0.000458113528119568
"DNMT3A",-0.27220794165641,0.000459113374161028
"HCG25",-0.634994602565762,0.000460670743039015
"ARHGEF10L",0.333350873306175,0.000460826456458918
"SPINDOC",-0.346417715920204,0.00046231651141013
"SPRTN",-0.44296236930175,0.000462337308993436
"FTO",-0.290021765650125,0.00046295601451057
"ERCC1",0.415866224847822,0.000463344000585384
"EID2B",-0.520500912609899,0.000463484048441237
"GKAP1",0.439560758888418,0.000463623698426103
"ZSCAN2",0.410194968193836,0.000464199769400932
"SCYL3",0.51995181322766,0.000464435899300201
"ENSG00000308747",0.753793114719666,0.000466065138924318
"PLIN1",-1.39728640530663,0.000466199406377116
"STX2",0.33544988110083,0.000466303976402651
"TMED7-TICAM2",1.01446131267742,0.000466359883996152
"TNK2",0.352002051531108,0.000467209862785441
"DDX3X",0.370607574778941,0.000469138158454117
"MBNL2",0.432994209682706,0.000469403247489164
"DDX51",-0.455909014863197,0.000469832772492296
"CPNE3",-0.314699727766997,0.000470054242114935
"MCUR1",-0.293682899637652,0.000470131117542262
"SLC30A1",-0.507504518207478,0.000470345412378469
"USB1",-0.337696888127577,0.000470834818313413
"CEP128",-0.774293942825745,0.000470926849722263
"IQGAP3",-0.527773639357746,0.000470939571299793
"NUDT4B",0.78745649307183,0.000471940559901692
"ENSG00000255182",-0.954385874619641,0.000474187553806994
"LINC01310",1.76788024493714,0.000474645812820323
"SLC9A3",-0.765372675777905,0.000474910491681368
"SLC7A7",1.79485105148402,0.000475832534292629
"MXI1",0.403741498540629,0.000476357048078394
"LPGAT1",0.324149790644922,0.000476988402874444
"USP40",0.340617553124355,0.000477046621656687
"TYW1B",-0.541009500431856,0.000477971827595037
"LINC00622",3.58482152733792,0.000479275725920729
"RPIA",-0.387951450705993,0.000479361857348787
"ENSG00000293463",-1.44781664824569,0.000479493968917199
"NABP1",-0.349656686682749,0.000479823445863141
"GALNT2",-0.423002417459269,0.000479920618477201
"DDX23",-0.324840757958388,0.000480860913467579
"TLE5",0.389846632911243,0.000481304503633536
"TMPPE",-0.93772542692914,0.000481568824989787
"HES6",-0.476823718562534,0.0004817430213516
"LOC105370500",1.06820120231479,0.000482293813103211
"ZNF233",-0.814349821064047,0.000482403811699373
"ENSG00000273204",0.785088715838517,0.000482645017333222
"SLC25A29",-0.629126482774134,0.000484441635903332
"BCKDHB",-0.41104959631567,0.000485268676724259
"NPHP4",-0.379316432937049,0.000485405140032626
"ENSG00000293404",-2.74047013138583,0.000485474307601722
"SYT7",0.767821965216328,0.00048732217540177
"LOC100130357",0.869888516344703,0.000488364964190169
"UNC13B",0.297586829858998,0.000488872143284655
"TMEM254",-0.353595572215462,0.000488964841666795
"ICE2",-0.315819324362564,0.000489490443726748
"ENSG00000278002",1.95833232857479,0.000490459265006855
"PRRG1",0.44588531157603,0.000490782154876933
"ERICH2-DT",0.675093372487425,0.000491545023184958
"NOM1",-0.354727618492456,0.000491985602514779
"ANAPC10",-0.457927739545283,0.000492463970192196
"RAB30",0.53109058059107,0.000493642535016789
"ENSG00000290126",-0.705730993879063,0.00049454037197384
"ZNF140",0.408928453786386,0.000495284223703932
"ALDH4A1",0.314928410038944,0.000495340422382734
"STIMATE-MUSTN1",0.613551933265991,0.000496198193319773
"NBPF1",-0.255010938117195,0.00049619903279803
"GAK",0.26506587230555,0.000496362901535567
"CDK8",0.309271125019802,0.00049712067731851
"ACAT2",0.384678954002511,0.000497839915700349
"ENSG00000306735",0.911565707220467,0.000498311083257058
"BAD",-0.437237470976824,0.000498851426450034
"ENSG00000301431",-2.34157704692291,0.000501629030094416
"CRYBG2",-0.812370967035519,0.000502165107951434
"ENTPD2",-0.600932061525772,0.000502646402304402
"ZNF20",-1.21685990421712,0.000502849389778075
"KDM4C",0.35883883442712,0.00050347840373908
"AKAP1",-0.350048934065933,0.000503815591003742
"SUDS3",0.257179394367405,0.000504208645577023
"KDELR2",0.356855399052846,0.000504298349295292
"BRSK1",0.957297429139337,0.000504444525190712
"DOLPP1",-0.457739906975883,0.00050496843738726
"MAD2L2",-0.393895301545923,0.000505801103500961
"PGBD2",0.429036653814944,0.000506975243301424
"FIRRE",-0.363666641440245,0.000507417326549801
"NFE2L1",0.306582965118093,0.000507868003904499
"ENSG00000308689",-1.67705635348365,0.000508130882254048
"ENSG00000267001",-1.37013312679277,0.000510569217480358
"TAOK3",0.313224129398041,0.000511188090077996
"MMADHC-DT",0.674688069161476,0.000511350791962151
"RAD23A",-0.292585487007955,0.00051249191187103
"ENSG00000272563",2.46522988841038,0.000512521266048334
"MTPAP",-0.275443673527091,0.00051307631926637
"METTL5",-0.437518095709646,0.000513475300453191
"PLCB3",-0.46553325643251,0.000515417169144383
"PLPBP",-0.344320423354792,0.000517281791858802
"CYP2U1-AS1",-1.31606478429808,0.000517384313518163
"ATP2A1-AS1",1.63023152073678,0.000517396261348028
"ENSG00000225806",-0.888739737888134,0.000517500031998342
"OSBPL3",-0.483729124550237,0.000518251622496214
"SHROOM2",0.47053288260527,0.000518546765930313
"UBIAD1",-0.438481758528989,0.000520945054760789
"LOC440300",-0.53745683358275,0.000521011559674959
"CELF6",-0.652427412819293,0.000521335018815147
"NPRL2",-0.316980555762428,0.000521496672072842
"ETNK1",0.33346393369526,0.000522007487531755
"VPS13D",0.361688173031237,0.000523839657599971
"TDG",0.391960457241946,0.000524165831664915
"EARS2",-0.317672196688309,0.00052441034974933
"RPL41",-0.328412174437949,0.00052692964201817
"PEX13",0.286991839361505,0.000527135093984348
"CNTLN",-0.473157712919924,0.000527646951117839
"AFG2B",-0.366737828538597,0.000528053108961584
"PKP3",-0.350154685223204,0.000528167046191803
"BUB3",0.278427791736669,0.000528177503834832
"ENSG00000289114",1.48993101629756,0.000528620203710371
"PRKD2",0.393661187009839,0.000529034945204444
"ENSG00000249790",-0.813447414331725,0.000529197942495638
"ENSG00000260874",-1.50185486897961,0.000529415293354438
"MRM3",-0.50443481533384,0.000531329451281403
"XYLT2",-0.31631291478233,0.000531353790044238
"RDX",-0.330206932053536,0.000531488663237231
"DUSP5",1.4537671536065,0.000533529646880824
"TNFSF12",0.750634710426182,0.000533874158881711
"FAM98C",-0.478508085405092,0.000534513015454882
"JAK3",0.545982574496101,0.00053602436292001
"JUNB",0.632398537251057,0.000536372632654922
"ENSG00000272449",1.48076042392413,0.000536717989539256
"NUBP2",-0.271772348644486,0.000537744327838679
"PHACTR4",0.314345103021508,0.000538535782220574
"RHOA",-0.337983434540297,0.000538908982091837
"ZNF441",-0.51635144008146,0.000540061646208651
"TUT7",0.353994562020995,0.000540153664649427
"PQBP1",-0.293181834331982,0.000540338924740609
"ENSG00000289183",-0.518038057195858,0.000541647851070881
"LYRM1",-0.260207487396983,0.000541824625308714
"STN1",-0.440939376711714,0.00054183657570511
"ZFYVE16",0.289919726815119,0.000542223337690516
"HYCC2",0.474401204629219,0.000542339683129471
"PROX1-AS1",-1.02099083130609,0.00054271056955795
"MYBPHL",-0.860268212197417,0.000544733382842585
"DENND1B",0.507897167504642,0.000545172256621687
"ENSG00000295937",0.487423088892691,0.000549373054994078
"PCBD2",-0.487626855632124,0.000549458463777451
"PPP1R14D",-1.65200166222837,0.000549532173222603
"FSD1L",0.476828381336709,0.00054964543623001
"ENTPD6",0.281633200797904,0.000551137433289779
"HGSNAT",-0.378449625288002,0.000551665136068742
"MRPS18A",-0.394355804705787,0.000552635937654219
"MBTPS1",0.248143339102189,0.000552988408432611
"HPS5",-0.279072067588452,0.000553007155081119
"ENSG00000198618",-0.581661316500383,0.000553706685700415
"NEB",0.929615124648417,0.000555700777985687
"KIF21B",-2.09518079892484,0.000556175876607293
"ENSG00000290048",1.0209667751548,0.000556559727048643
"ENSG00000214826",-1.00004953092259,0.000557691292785112
"PDE9A",0.751981881879986,0.000557839486859934
"ZUP1",-0.374812170420141,0.000558986120403826
"ZNF660",-0.607256435484235,0.000559935705201524
"SLC35C2",0.304644549081473,0.00056027988255823
"KLF13",-0.501428954798268,0.000561875041104222
"SLC41A2",0.455790567276746,0.000562352089953185
"ENSG00000267530",-1.03055846695552,0.000562885448776303
"DCAF8",0.256116975985808,0.000563225686813431
"ENSG00000179818",2.45082443413427,0.000563722381009328
"LOC124907725",1.07705381060263,0.000565795238030962
"ENSG00000277957",1.37667594888619,0.000566007419767761
"ENSG00000286549",-0.90258364174646,0.00056603769274431
"STIP1",-0.422400855196648,0.000566216675427257
"IQGAP2",0.253811195071819,0.000566937173089826
"TOR1A",-0.411396042345078,0.000567386267211311
"CD83",-0.634901034182538,0.000568664907776398
"PCED1A",-0.374977753103556,0.000568793288280585
"HNRNPLL",0.313846504461176,0.000569651596647095
"ENSG00000296810",1.52580492366841,0.000570741133801924
"STRC",1.53705814796357,0.000570955136684378
"HNRNPL",-0.353924026154271,0.000571008627977211
"RGPD1",1.85415106912849,0.000572320853787051
"SON",0.275723091688272,0.000572561067823771
"BRD8",0.46609935110047,0.00057266038075796
"RAB32",-0.562011108290102,0.000573602030004823
"RNF213-AS1",0.636014678675281,0.000574221199232908
"ZNF652-AS1",1.79345693513457,0.000578377051353884
"ENSG00000255234",1.0083869702168,0.000578598273579028
"DKK1",-1.00143120827958,0.000578927649966952
"ZMAT3",0.604481018210549,0.000578977736566832
"KIDINS220",0.27181143061694,0.000581492015072207
"WDR19",-0.383066946468319,0.000581878362950138
"MFSD3",-0.486263214687549,0.000581893964664455
"PUS3",-0.458018872587233,0.000583179252795117
"IDE",-0.311251955925998,0.00058374763813696
"RTCA",-0.416438919348026,0.000584822428873605
"PRPF18",0.398259100558533,0.000585296198427453
"ENSG00000270069",-0.679401553277649,0.000587988685452799
"ERICH4",-0.798454181704082,0.000588726218525204
"ENSG00000273314",-0.955436572298764,0.000589747480745372
"ZNF784",-0.519160189511994,0.000591368350394966
"SNURF",0.944782525222971,0.000591708658725964
"SEPTIN7",0.334347267909213,0.000595345144171909
"ATP5MF",-0.390167382850193,0.000596072009495907
"MRFAP1",-0.346011717560725,0.000596298082856663
"DYM",0.366419139509268,0.000596365326750798
"MOCS2-DT",-0.698066331834524,0.000596780303343805
"ZFP36",0.619161940018409,0.000597008491288238
"TRRAP",0.270239366326295,0.000597204564448745
"SLC25A13",-0.280407415755922,0.000598139388492061
"SAR1A",0.286496225589772,0.000599124651427205
"CFAP68",-0.651962516250394,0.000599340889326028
"ENSG00000258744",-0.543220817786978,0.000599984296355802
"C9orf85",0.456459076047888,0.000600522398949592
"NDC1",-0.395835209123111,0.000601002484570926
"PYGO1",-1.09101463685443,0.000601204211780802
"HBA1",-2.01665800416909,0.000601634187189177
"WRAP73",-0.472126241411484,0.000601832979775797
"SLC39A3",-0.397332719385898,0.000603086778654187
"USP47",0.304633357191219,0.000603460618806548
"HRG",-0.840807720958608,0.000604795481838155
"VMP1",-0.342991877873624,0.000605199602050936
"ENSG00000264575",-0.379591330067461,0.000605704606396814
"GPAM",-0.804192238614019,0.000606120944214434
"LL0XNC01-250H12.3",-1.58082722612941,0.000606289931292996
"LOC105371646",-0.759742842036305,0.000606993624610216
"RAB3GAP1",0.274583418137165,0.000608058253092333
"LIN28B-AS1",-1.09363601957871,0.000611928290634345
"ENSG00000270638",-1.00799381904816,0.00061316351991519
"LINC02245",-0.52061270348629,0.000613197102550806
"PHF23",-0.323256585692734,0.00061488315018466
"POGZ",0.346223848874451,0.000614935839726186
"LMTK2",0.377959997333173,0.000615420568296562
"PPP2R1B",0.288197845478131,0.000615468896734494
"FAM83C",2.16735289334311,0.00061654409179422
"DUSP13A",-3.07785659451496,0.000616658396697586
"ENSG00000264808",-0.721344160982056,0.000617110820763108
"PLEKHA8",0.274688016522946,0.000617980676095503
"BLOC1S4",-0.466816569770955,0.000618444025820502
"KANSL1L",0.477163187501352,0.000618752175460013
"AHCYL2",0.382854920022457,0.000620163293550352
"DCST1-AS1",-0.920525415881495,0.00062354154448682
"OVCA2",-0.56046429300165,0.000623832429493319
"SNTA1",-0.577372129338788,0.000623960019116713
"ENSG00000287739",1.97958860094892,0.000624130130347887
"STAMBP",-0.25036750928873,0.000624489348494555
"CHST6",1.64173846013884,0.000624600097336734
"ENSG00000272293",0.774872094471938,0.000625155448405892
"ERCC3",-0.267158911759738,0.000625257714735084
"ZNF343",-0.2946506748162,0.000625320707545554
"ENSG00000279792",1.02333783876545,0.000625369824536543
"PLEKHO1",0.618237569044733,0.000625510587916183
"NAA38",-0.411792073097729,0.000625958998742378
"OSBPL10",0.647117347053156,0.000626080893504851
"FIS1",-0.411645134297484,0.000626476490593839
"FNDC5",-1.36223781915565,0.000627144860627762
"PNPLA3",0.395675130869329,0.000627702035252945
"SMPD4",-0.260124062493653,0.000628261595869669
"ENSG00000286529",1.28349011907129,0.000628801779044934
"ENSG00000229167",1.27896049306756,0.000629389693995932
"VAPB",-0.256371683561246,0.000629997683666815
"HERC3",0.544399578358247,0.000631488287222277
"PRKN",1.70468002738087,0.000632813669993695
"PTAFR",1.81329987235828,0.00063290955145259
"CLTRN",0.951439768866883,0.000633079140305968
"OXNAD1",-0.36543492120833,0.000635973530101042
"KLF9-DT",1.7246540276842,0.000635976483794336
"WBP4",0.310081596819765,0.000636396719126734
"EIF3D",-0.395324031085034,0.000639402360018973
"GSTM2",-0.457394434507973,0.000640290949358612
"ENSG00000204528",1.71624021328908,0.000643363571526125
"MAP3K14",-0.350695149550797,0.000643605916918059
"ENSG00000307834",1.7609439285293,0.000644902545889871
"ENSG00000289365",1.1253135036918,0.000645115538080183
"RTP4",-1.73316772081613,0.000645366617218922
"RPS12",-0.456071601973437,0.000646714261896247
"RPRD1A",0.241489356162513,0.000647971908656228
"ANAPC16",0.262991748407639,0.000648137222896601
"ENSG00000279168",2.0205353906401,0.000648652397130214
"ATG10",-0.466713570943117,0.000648769824864153
"PI4KA",0.329405666615905,0.00065018967367206
"RPL35",-0.475061564759037,0.000650237533775748
"CENPW",-0.496701159682392,0.000650503553698492
"RUNDC1",0.293760225401602,0.000650856817185635
"MROCKI",0.402103438166362,0.000651625026620192
"SLC40A1",0.395346621072053,0.000652329908242495
"ATRN",0.357071311828985,0.000653267013563915
"ENSG00000305617",2.27243772200664,0.000653272992645844
"ENSG00000269318",1.53334537489662,0.000655060430714934
"TP53",-0.263546352406767,0.000655399129221
"ENSG00000297244",-0.535006911924153,0.000656641763913084
"ENSG00000262445",-0.888270730896546,0.000656919085927073
"CEP43",-0.338310203545968,0.000658046756440703
"ELF3",0.657618409351979,0.00065833414157509
"LINC00862",1.17074350613769,0.000658647226878846
"RIBC1",-1.67647192772407,0.00065881274915741
"GART",-0.287420121454404,0.00065890869407589
"FAM98B",-0.350331442417939,0.000659225066816866
"SMAD5",0.295720587259998,0.000659470850639367
"AKR1C2",-0.364662280225974,0.000659548251789477
"YAE1",-0.373388651835903,0.000661276777002406
"NAA40",-0.388909565390526,0.000661499744194816
"LIFR",0.412369311262351,0.000662086246874846
"FOXK1",0.384250338585833,0.000662540502494336
"VPS13C",0.447832884671712,0.000662668678835439
"VASH2",-0.704989425978897,0.000662956236386113
"CITED2",0.42976045401881,0.000663854520434819
"CES2",-0.594477243934314,0.000664390995988684
"RBBP6",0.325875591802617,0.000664907379813562
"CDAN1",-0.42117604411566,0.000665167757165717
"ENSG00000307215",1.89326633487117,0.000666254269859098
"EPS8L2",0.488668202123744,0.000666417107103844
"ENSG00000290535",0.503093803002908,0.000666708924819576
"PIAS4",0.282353441112603,0.000667797626971403
"ENSG00000272021",1.17605656468858,0.0006700631545794
"DBP",0.650898265217044,0.000673076158256917
"TLCD4",0.360410843287489,0.000673295779966733
"SERTAD1",0.67414810907679,0.000676549075595656
"ENSG00000270605",0.531758241265878,0.000677424082293353
"GPR108",0.30546904557887,0.000678570304118195
"SP4",-0.560285212477638,0.000679746995491826
"LUZP1",0.315393888813849,0.000680302924483577
"PPP1R11",-0.444576576400417,0.000680423896423647
"TBC1D19",-1.16381245971411,0.000685826179242763
"ACP6",0.344953405755765,0.000685957236265389
"GIPC2",-0.363772845858832,0.000686021948336786
"ENSG00000289504",1.63208391237914,0.000686309174680478
"ZNF527",-0.687912379841155,0.000687297110707706
"DENND5B-AS1",2.56169817737218,0.000687474941739549
"GDF1",-1.05502960259693,0.000691963371941338
"LOC105371083",-1.35865028139645,0.000694137075220904
"PPP3R1",-0.28729819529594,0.00069582996702343
"ANGPTL8",-0.473169895564357,0.000700313625839087
"MCOLN1",-0.46131367118765,0.000701203535982607
"ENSG00000259867",0.775650939753344,0.000701931994754847
"DPH5",-0.311436388498349,0.000702605925297067
"BCAT2",-0.719822926496991,0.000703251770128606
"YPEL1",1.71440274959142,0.000703999121925181
"ATP6V1G2",1.29116947204793,0.000704275684519876
"ABRAXAS1",-0.491199563355317,0.00070435116239425
"TRIM17",-1.41193439519761,0.000704446185817727
"LPCAT2",0.544087349286918,0.000705301910708886
"H4C16",0.901323296423067,0.000705589320591103
"KLHL22",-0.414830566032077,0.000705906022597781
"MTMR9LP",0.596333930961256,0.000706251775890513
"RPL12",-0.381489090886423,0.000707595508143902
"LINC01876",-0.862643609321855,0.000708079798508907
"KIF26B",-1.39364264011152,0.00070831474879747
"PRDX5",0.396713670726032,0.000709545692709435
"CLASP1",0.298271895058153,0.00070970917938338
"LOC100287792",-1.74574500859608,0.000713732678736775
"CSTF3",-0.280319317576066,0.000715318302163229
"PSMD9",-0.335263517916707,0.000715689030166381
"CCDC22",-0.33630406069276,0.000717054907791061
"ATP6V0D1",-0.309237511086456,0.000717059945264102
"BCL7C",-0.316906055548074,0.000717541425617656
"MT1A",-0.958020793044245,0.000719790091661189
"CARS1",-0.360601111084076,0.000720156538506475
"LOC100289495",1.22462754503608,0.000720625022404199
"PLEKHJ1",-0.299349382048713,0.000720677374716618
"EMILIN3",-1.84733768278587,0.000721534370877087
"CINP",-0.362757818910561,0.000721983240315539
"ARB2A",-0.475136675886257,0.000722995716807096
"TCEAL3",1.62756174908253,0.000723659130616499
"THAP8",-0.546075376095294,0.000723737443301321
"PLA2G12A",-0.307223687798389,0.000724202142304661
"TINAG",1.58852696954098,0.000725363868071556
"ADH1A",-1.3401115155579,0.000725791736502907
"RPL26L1",-0.380893919788075,0.000726337201967494
"TMEM106B",0.303272505499494,0.000727528733636904
"SNX7",-0.614045722943681,0.000730571857529205
"ENSG00000280287",0.547214988405904,0.000732033545581958
"CDKN2B-AS1",2.41885482490341,0.000732108012320897
"DGLUCY",-0.302117979434895,0.000733411972621133
"CALM2",-0.314462163322703,0.000734162785221266
"NPIPB6",1.38101631718366,0.0007342131141288
"GNS",0.369176054829329,0.000734578404563166
"PFN4",-1.50459420491366,0.000735427701782781
"UBQLN4",0.293780717095262,0.000735697322299993
"NDUFS6",-0.448236619790514,0.000735896954424436
"ENSG00000287733",0.699379365097766,0.000736123540480505
"SLC44A4",0.496589677503001,0.000739194215438702
"LOC124900713",-0.873602088404075,0.000739223709216708
"RIOK1",-0.355903939694578,0.000740092617661614
"PEDS1",0.314120826286911,0.000740685527008019
"CIAO2B",-0.308785689627404,0.000741844249904331
"PKDCC",0.519399051039915,0.000742700104946616
"ENSG00000286714",0.732445525655571,0.000742765269838219
"ENSG00000303230",-1.60559265455826,0.000743149339483953
"MLYCD",-0.43642304787457,0.000743689368167562
"ABCC1",0.308220899823903,0.000743710795471532
"ENSG00000260500",-1.10801701631032,0.000745743463022592
"MTREX",-0.286111627812132,0.000746116001126348
"NUAK1",1.068731212421,0.000746595233477233
"ENSG00000305936",-1.09620985174768,0.000747424621789739
"CMIP",0.350869818798466,0.000748149131112676
"ENSG00000285304",1.07231548261303,0.000748264340594742
"RGS19",-0.548731909702838,0.000751883746042246
"ENSG00000300989",2.38459995595606,0.000753085509468866
"FBXO3",0.367469824202453,0.000755271501908146
"CYP3A4",2.432553033371,0.000756923364132318
"BICRA-AS2",0.872870115791867,0.000758820283335852
"YEATS4",-0.355987798452567,0.000760758509738077
"RAB11FIP2",-0.397178317987997,0.000761518178315927
"ENSG00000289331",2.65361027647754,0.000762321042771488
"FZR1",0.2694529131172,0.00076257413868291
"ENSG00000291264",-1.3720028680346,0.000764056060076878
"ST6GALNAC6",0.360401620763097,0.000764737236449008
"ENSG00000272969",1.80068478286075,0.000764922475185828
"AP1AR",0.267651598203577,0.000766795758867106
"HLTF",-0.360683605501974,0.000766904899226863
"HIP1R",0.290087719133961,0.000767442524773287
"IMMP2L",-0.405839412759551,0.000770158806926393
"CDK10",-0.456250275337208,0.000771761680894214
"ENSG00000255441",-2.15186431088864,0.000772446643093819
"PSTK",0.449853253770906,0.000775155218712393
"ICAM3",-0.396875449428392,0.000775328077898776
"ALG11",0.469545621580181,0.000775593398908866
"ATG4D",0.357335623407868,0.000776267841550148
"OXCT1",-0.992339117906026,0.000780547615342547
"CERS1",-0.618697529875979,0.000780869762408703
"CIT",-0.437336853061079,0.000783518938926675
"PSD4",0.364506164565485,0.000784123996418442
"OCEL1",-0.336038748975343,0.00078499753225481
"PITPNM2",0.312464692180865,0.000785150259690006
"ENSG00000260285",1.12683452923105,0.00078515538377226
"NECAP1",-0.26284940327215,0.000785300854170506
"RNF213",-0.338859770610752,0.000785788507637564
"TATDN2",-0.275838446962796,0.00078983340503851
"ENSG00000295911",-0.592313864043644,0.00079177611384167
"HOXA4",-0.429861688186484,0.000793196554126081
"BACE1-AS",0.413599361865174,0.000794696959834378
"TADA2A",-0.450616376920654,0.000794798496121366
"FAM3B",-0.300617006054164,0.000798435809449324
"CPSF6",-0.243344651679402,0.00080007986230443
"SLC44A3",-0.43278139603054,0.000800088674094907
"CBFB",-0.304841330959573,0.000800707460644742
"TATDN3",0.484151388093415,0.000801466044539352
"GTF3C6",-0.421276292818933,0.000801892673357714
"DDI2",0.291059301608087,0.000803633894971414
"ACTG1P14",1.45458349055708,0.00080429471903344
"ECI2",-0.294205779734945,0.000804401653696194
"FBXW2",-0.245684271686599,0.000805092039836172
"VPS11",-0.31531527842519,0.000806344680650127
"PGAP6",-0.303487997047183,0.000806565096621292
"ENSG00000271659",1.01447099568349,0.000807759570252314
"RAB33B",0.487193176968997,0.000809445351633357
"WASF2",0.254619390524383,0.00080997854782757
"DDX21",-0.333079052248962,0.000810576680732652
"RABEPK",-0.303845376061426,0.000812437188834698
"MERTK",0.32696855707665,0.000813083926079329
"YY1AP1",0.355096019176549,0.000813188922317044
"LINC01816",0.810966965019858,0.000814371999528593
"MECP2",0.296390178802448,0.000817394959005376
"NUP210",-0.520538296642362,0.000819199321663961
"MFSD2B",-1.83554757408595,0.000819935003207482
"HSPE1-MOB4",-0.77196604345489,0.000820282805258395
"GCNT2",0.397312531479522,0.000820389444109947
"ENSG00000268744",1.23527409255002,0.000820656163703536
"DUSP3",0.423951380499155,0.000821197856671223
"COA6",-0.29181757007633,0.000821761685031908
"SPATA13",-0.337529089240037,0.000821904274950874
"PLAC8",0.867108871237143,0.000824829573388394
"TNFRSF25",0.627909493480735,0.000824983622025485
"LNCSRLR",1.88115654603888,0.00082634131465407
"PARPBP",-0.348976934905475,0.000827627266505821
"ENSG00000276131",-1.01913817946077,0.000827737851069212
"RBP1",-0.8906326988085,0.000827875537644281
"A4GALT",1.96492219144759,0.000829095244579316
"PML",-0.297337636834464,0.000829166355334859
"TMEM229B",0.957667191894908,0.00083209800930078
"PYCARD",-1.00024890136199,0.000832848181746383
"ATPAF1",-0.361637761374021,0.000833426969063016
"POLDIP3",0.278294634332893,0.000834708097326331
"ENSG00000290854",0.602508495309724,0.000834810351987525
"MSRA",-0.507631782667159,0.000834830531634087
"ENSG00000308663",-1.14135512403945,0.000835653866837024
"ARSA",-0.505522049418596,0.000835845555326341
"ITGA2B",1.25886838308456,0.000837118089969421
"RBM15",0.428184777432902,0.000838702827049984
"ENSG00000307250",1.23433674578918,0.000839719334270866
"ENSG00000279464",1.10059797961711,0.000841257284216694
"ENSG00000260233",0.520010586640476,0.000841296205914938
"FRAS1",0.426609033872089,0.000843941813534329
"ENSG00000303479",1.89345902742792,0.000846017421040004
"ENSG00000289045",1.0421906288679,0.000846182772909835
"ENSG00000276386",1.36646419186406,0.000847632938564983
"RAB11A",0.321234537578388,0.000850278486029967
"SELENOH",-0.430537056435822,0.00085178015925028
"LRRTM4",1.00832241630802,0.000852870696792512
"ENSG00000230695",1.27798136730062,0.000853358623574891
"FBXO31",0.294372088894657,0.00085569811893428
"BCLAF1",0.27509830448328,0.000855915723509442
"SFN",-0.85173141640108,0.000856103108343317
"R3HCC1L",-0.374568380159203,0.000858342829058581
"ENSG00000143429",-3.5774113212694,0.000858662324151877
"LOC105377224",0.903202687338406,0.000861895870089327
"ENSG00000257764",2.22509630703822,0.000861991105865182
"MAGIX",0.989194217675964,0.000862789079303523
"DLK2",-0.772395700306948,0.000866695426725077
"POM121",-0.241484753516441,0.000866890646287603
"RPS2P1",3.430555148794,0.000867841052924767
"SNU13",-0.365433971782928,0.000868048469997279
"ZNF782",-0.478820022680525,0.000868682168347119
"BBS10",-0.367487810678711,0.000870408258272968
"CYP27B1",0.585650794355188,0.000872299243487538
"COMP",-1.18025322166361,0.000872323623655413
"TMTC3",-0.460837984456247,0.00087304432753479
"METTL25",0.533944648337212,0.000873079091960224
"KRT18P52",2.30187422596277,0.000875339320312374
"BORCS6",0.489045726302094,0.000875386354614492
"SYT9-AS1",1.15346463296929,0.000876347239922067
"KIF13B",0.286505767304098,0.000877122540151334
"ENSG00000294279",-0.874200364980841,0.000880733080486972
"SLC10A5",0.842249312137433,0.000880848136425859
"MRPS9",-0.350542810926177,0.00088191403279236
"ZEB1-AS1",-0.431427738400455,0.00088199473085491
"IFITM1",2.50591034339945,0.000884536287752867
"MED11",-0.372497913218326,0.000886192071591716
"CYP26B1",1.54712593854151,0.00088750795466283
"GOLPH3",0.340497088311508,0.000887934909272443
"HOXC6",1.53874721302999,0.000888216425644602
"TRIAP1",-0.27004337515365,0.000888451591885355
"ENSG00000302692",1.22243331923956,0.000890106506556298
"ENSG00000268650",1.87179275688267,0.000890786546202247
"LRP5L",-0.358536480105686,0.000891729913340059
"SPATA21",-0.890106914933178,0.000892689566618692
"FOXA3",0.390338567732751,0.00089332150720726
"AHDC1",0.382025634083735,0.00089388407366492
"WWC2-AS2",0.946946148379836,0.000895738627658107
"FBXO8",0.490585683163333,0.000897621847508444
"LONP1",-0.273777641921692,0.000899307516047244
"ZNF543",-0.480763206266901,0.000901518070401375
"ATXN7L3-AS1",0.882302758538971,0.000901680152169001
"GPX8",1.62952704450127,0.000903017545728597
"TM7SF2",-0.332150268635957,0.000903612872009117
"CAPZA2",-0.344216346519664,0.000905623854165621
"ADD3-AS1",0.845143862120939,0.000905693861683908
"KIAA0586",0.345567140830532,0.000905824220106719
"ENSG00000275854",1.20536248480542,0.000906317933751859
"PISD",-0.252908810417063,0.000906967155571884
"OGT",0.270012558706132,0.000907127836787008
"USO1",0.330956125136102,0.000907732780503423
"REC8",0.508994968225947,0.000907923889864931
"BTBD3",0.327599062566365,0.000908168622511703
"ADORA2B",0.604478328445779,0.000908936100088282
"ENSG00000273382",0.580438155321348,0.000910040646980827
"PLB1",2.30308506945116,0.000910575536592675
"VLDLR",0.685589246158562,0.000910723250709174
"ENSG00000273226",1.66070643210365,0.000911751591429284
"ASF1A",-0.281248148781733,0.000912802362330195
"CD302",0.323391099809559,0.000913498246026984
"TRPT1",-0.448031910233492,0.000913578780987909
"RBMS2",0.419457931063205,0.000914082418010404
"ENSG00000234964",-3.0603166591741,0.000916990999130461
"VAC14",-0.28844604029552,0.000917044509061177
"ZMPSTE24",-0.453352168075021,0.000917971717316958
"ZNF675",-0.54130189952394,0.000918130297333567
"ZNF106",0.280878080102444,0.000920107146654632
"TTC8",-0.42450405565996,0.000920225021722426
"AJUBA",-0.40150146502942,0.000921125181306542
"ENSG00000289152",1.44701053281459,0.0009213355619191
"OBI1",-0.406473215501193,0.000924336626955732
"CDKN2AIP",-0.309734015900015,0.00092446539132565
"TSPEAR",0.974431729365465,0.000925448226828751
"PXDC1",0.396515273864535,0.0009255094742384
"BRD7",-0.304814597330105,0.000925897352733182
"ENSG00000300031",1.93429231341289,0.000927569450473673
"ELAPOR1",1.65666830919504,0.00092782179579961
"TPD52L2",-0.257090961352456,0.0009291026130094
"CCDC201",2.28170471151857,0.000929710505220453
"AVEN",-0.535973334949508,0.00092987158602589
"SRP14-DT",0.647043097067859,0.000930152601546788
"BTG2",-0.55839010044177,0.000930538309021704
"ENSG00000228335",1.81135535603044,0.0009313156874486
"KCNH4",-1.50927654329977,0.000931360208629627
"BOD1",-0.26980754312012,0.000934445278502553
"QPRT",0.379137920868458,0.000938007443460809
"STARD4-AS1",1.098643682194,0.000939782602822443
"BLOC1S5",-0.297405953207601,0.000943109549545129
"XRCC4",-0.546850198564472,0.00094338702385403
"LOC105370103",1.06467228247723,0.000943912702308342
"ENSG00000289378",-0.900491010707852,0.000944042346260682
"RILPL2",0.315034688265077,0.000945239097383821
"ENSG00000227681",0.510586388975274,0.000945618204787251
"RNF4",-0.298352786031597,0.000947569082188783
"ENSG00000286379",1.34526231719172,0.000947808078671085
"MFSD14A",0.441472176860845,0.000950403854540476
"KDM5D",-0.251181867416215,0.000952754102865949
"BEND7",0.382188854890597,0.00095490420961058
"ZNF280B",-0.478417739253962,0.000955142431253282
"ENSG00000286689",-1.58151071466067,0.000956004887306385
"ABCG2",-0.43998861402086,0.000956337302422608
"ENSG00000288818",0.81788136368708,0.000957597279279682
"ENSG00000304996",-1.63143692642055,0.000960128757368037
"ALDOC",0.570400156205296,0.000960636091393397
"LDAH",-0.291348402739939,0.000965502694969546
"LOC100506274",2.37892780496988,0.000965614290235657
"ENSG00000261889",-1.64315435296909,0.000965619455127615
"DNAJC21",0.256893306852627,0.000966775685248099
"LINC00641",0.588708790871975,0.000967313039621637
"NEK7",0.371211796754868,0.000971751676869533
"APOL1",-0.394685847888995,0.000972865919669644
"RELT",-0.438696235928034,0.000973273662554464
"MEST",-0.238463556622063,0.000976504905383492
"CXXC5",-0.254395996757571,0.000978752769570819
"NPRL3",0.261911087016215,0.000983058517223894
"DCUN1D2",-0.341119965498552,0.000984854995458741
"PSMG4",-0.304335907543316,0.000986153032076221
"HSPA5",-0.42914120307658,0.000986576845619947
"FTCDNL1",-0.674876276947511,0.000986616205411733
"R3HDM4",-0.251772460668126,0.000987804924688145
"ENSG00000294595",-1.44315419877602,0.00098797879777961
"SSR4P1",-0.829477818325042,0.000989359227450328
"ZMYND10",0.750332855696383,0.000990096820880638
"MRPS2",-0.354154259121766,0.000992911941988845
"ENSG00000297887",1.69517378491074,0.000994293066863087
"TVP23C-CDRT4",0.736684396830705,0.000994674318021707
"GCC1",-0.555748669647135,0.000998875549941474
"ENSG00000296253",-1.65034173948874,0.00100074346841072
"LINC00926",0.615581945298071,0.00100100884180409
"CLN8-AS1",-0.493168678830833,0.00100684155715183
"ZSWIM7",-0.489519597213173,0.00100999423804928
"SPDYA",1.81602168323422,0.00101071175696802
"DIO1",-0.614780062309299,0.00101168256679727
"SAP30L",0.387165170118361,0.00101179543834411
"CDK14",-1.01179175588813,0.00101222578642446
"ENSG00000308641",-1.21055880666055,0.00101262081049161
"CXCR3",-2.41422704753957,0.00101328019530649
"NFU1",-0.444413101834804,0.00101515238871944
"ENSG00000280402",0.915328968184788,0.00101606889860801
"ARSD",-0.372248188565372,0.00101620759992181
"CERK",-0.347777247823004,0.001016971733546
"PHF13",0.329603492298832,0.00101744341329291
"LOC124907997",-0.932893939720805,0.00101758728605114
"PDE12",-0.326687944304788,0.00101872591622579
"LOC389602",0.480449400999944,0.00102096721324736
"GCHFR",-0.371413940318989,0.00102120783636305
"KLC1",0.266123028365721,0.00102129480113327
"TDRKH-AS1",0.864658443431517,0.00102204488395668
"ENSG00000305667",2.19629251308003,0.00102340432539504
"MPP1",0.288617897573178,0.00102426454186194
"TBC1D22B",0.281112185227689,0.00102571183141699
"LBHD1",0.534192948364827,0.00102617165104759
"ZNF561",-0.406702040214783,0.00102907870122752
"TGM1",0.423430426198636,0.00102985012802616
"DLG4",0.463477029934216,0.00103055930535792
"ENSG00000278896",1.95044488827304,0.00103180257865815
"PABPN1",0.333194948692768,0.00103222832290234
"LINC01278",-0.31356537304536,0.00103302188374447
"ENSG00000299307",-1.658093281597,0.0010331244457836
"TMTC2",0.708753661162336,0.00103683631202776
"KHDRBS1",-0.282949354219521,0.00103899034788224
"FRG1-DT",-1.6027815083588,0.00104431367826123
"TRUB1",-0.304911997419411,0.00104469891624297
"SHMT2",-0.319555078926405,0.00104516172094121
"TAOK1",0.277648200113073,0.00104524642424703
"TMEM62",0.294802215235957,0.0010453737111284
"ROMO1",-0.367974054439343,0.0010469852625037
"SNX4",-0.272313360587627,0.00105065997576255
"ENSG00000229585",1.49547712079625,0.00105141234897558
"STOX1",-0.509550281877342,0.00105160760864945
"ZBTB24",-0.460799860785121,0.00105332690633504
"ENSG00000248673",2.21661888230778,0.00105525251275101
"ARAP3",1.50996382942232,0.00105687673301378
"LINS1",-0.513083051101857,0.00105839425642859
"COQ5",-0.410123688801245,0.00105897653057879
"ZNF777",-0.395671666456682,0.00105978970241974
"CDIN1",-0.574382315669163,0.00106054494403746
"FAM111A",-0.46936038422725,0.00106145575354474
"ACYP2",0.371195817613619,0.00106452875933455
"ENSG00000289065",0.813426723149552,0.00106530653306103
"ADAMTS9",1.65721816985382,0.00106983828076982
"BTN3A1",0.366107070688107,0.00107287077295066
"ENSG00000297141",2.78733075935085,0.00107288257888595
"CLIP4",1.18884875749686,0.00107566197318699
"VDR",-1.95740554472941,0.00107617350815382
"ADAMTS4",1.02858915561652,0.00107644313091311
"ENSG00000295873",-0.604145613158657,0.00107877837968317
"ENSG00000230647",0.376304917191958,0.00108173164315179
"TINCR",1.82303076389152,0.00108279497871049
"CASQ1",-3.47226657429765,0.00108302533688733
"ZNF668",0.346612316839419,0.00108345603048802
"ENSG00000298107",-1.77136747749587,0.00108356938685373
"ENSG00000261526",0.400463908315246,0.00108363361888654
"ENSG00000290263",1.76299186941553,0.00108392309613514
"ARMT1",-0.356511888308746,0.00108494796258627
"CD7",0.491603479318073,0.00108499637200793
"ARPC5",-0.329351911789513,0.00108672378960513
"UGDH",-0.326121086260797,0.00108923553153158
"ZNF350",0.505003283922856,0.00109050817437337
"KRT8",-0.533237442173379,0.00109111851680441
"BMP2K",-0.330014903374332,0.00109205788908676
"SERINC1",0.312540219867426,0.00109230566974554
"ENSG00000271855",0.750659642763763,0.00109231497788597
"ENSG00000293390",2.62935883288144,0.00109483695786189
"AIF1",0.976838570998013,0.00109559263355463
"ANKRD1",-0.71455380825444,0.00109595071311462
"TACC2",0.231441645717361,0.00109643970106898
"ENSG00000280234",1.50843975905086,0.00109701467846532
"RHOG",-0.467616733645814,0.00109909129711802
"TMEM37",0.386474682178505,0.00109929071934989
"ENSG00000279347",-1.51930584911517,0.00109986760368457
"ENSG00000251409",1.56341599013566,0.00110065649912172
"C16orf86",-0.554419981134583,0.00110107547875372
"CASC2",-2.17338116415575,0.00110301605220477
"SLC12A6",0.461287306655776,0.00110577345950854
"LOC105379507",0.639772520675987,0.00110676951300462
"PPP2CB",-0.367383166889956,0.00110785597140894
"PLTP",-0.577917757433424,0.0011098880103899
"UCP3",-1.0870293197637,0.00110994785066518
"ENSG00000306836",-1.59915494159035,0.00111083191462058
"ENSG00000273055",2.23512897678749,0.00111171927979918
"SHANK3",0.262884716762291,0.00111241930080845
"ENSG00000297034",0.941743106740455,0.001116526911442
"DNAJC1",-0.353625950649619,0.00111806473880131
"ENSG00000307956",0.916379434110885,0.00111882370939098
"SGPP1",0.422307555800732,0.00112015022523886
"AMN1",0.463633826476566,0.00112229190650573
"IQGAP1",-0.269773822038879,0.00112365081272668
"GPRASP2",-1.16654064724333,0.00112437624017097
"CITED4",-0.417563035911517,0.00112459651384353
"FAM89B",0.434553351310628,0.00112524116208395
"RADX",-0.582516451197945,0.00112615471936287
"ENSG00000309885",2.17830957038281,0.00112789340630649
"ELOC",-0.3445749329885,0.00112797668764237
"SPAG5",-0.426778951441237,0.00112873208309528
"FAM76A",-0.475695290385033,0.00113074180003659
"ENSG00000290076",2.49039622145962,0.00113109812468117
"SLIRP",-0.445896226807803,0.00113139492497173
"JAK2",0.45331854091705,0.00113153833102464
"CHEK2",-0.330122226821246,0.00113185365744516
"DCUN1D5",-0.344467419890046,0.00113334887485108
"MYDGF",0.410113555170485,0.0011336012841457
"FUCA2",-0.406247015656059,0.00113424365732892
"TRAF7",0.227269732898276,0.00113563996604561
"S100A1",0.526526059954245,0.00113677009481323
"ENSG00000302261",-2.18389910418816,0.00113728362114836
"LOC124902033",0.527882340171656,0.00113747672196661
"RAD51B",-0.827818746878035,0.00113778986299599
"KMT5A",-0.2709347703024,0.00113812860628287
"GPLD1",0.334558817819644,0.00114063318874203
"ZNF583",-0.702821051874304,0.00114455503169758
"LOC124903619",0.978901773122149,0.00114484158664206
"RGMB-AS1",-1.42932963841598,0.00114527126113378
"ENSG00000272088",1.86144683167463,0.00114775775997268
"CAMK1",-0.280660599487694,0.00114818286029213
"SLC12A4",0.341250104825293,0.0011495373627944
"CEP192P1",1.58281452833698,0.00114968215419431
"DBF4",-0.343095979034081,0.00115051229274891
"RABGAP1L-DT",-1.39762561236173,0.00115068982328597
"FBXL17",0.395752091956623,0.00115229332014609
"CEP85L",0.777176430653928,0.00115249456514693
"ENSG00000272918",1.52345910033294,0.0011529235657454
"ANKLE1",0.51710928380581,0.00115296558257316
"MIER3",0.347357851324276,0.00115455003865893
"ENSG00000290549",0.81461174617042,0.00115482078790733
"LOC285442",0.481078974511125,0.00115694263640617
"METAP1D",-0.325745736247584,0.00115703100397223
"RASA4",1.23874374679993,0.00115717444093826
"RBM24",1.31480554685484,0.0011587504467937
"DIAPH2",-0.46149941122553,0.00116127495524182
"KCTD10",0.312365693013782,0.0011623071779953
"ENSG00000295671",0.426812676062234,0.00116562831007554
"CYP4F11",-0.557152774234898,0.00116637255323564
"ADGRL1-AS1",0.719712763593943,0.00116749204484279
"SPMIP1",1.86758270265421,0.00116875294050848
"ENSG00000228719",1.930389112405,0.00116919248849129
"UBAC2",0.283106037575747,0.0011705547894878
"APLP2",0.317368345733158,0.0011725049242239
"ENSG00000289981",-1.53082369918138,0.00117257349995321
"ENSG00000262172",1.12818154629294,0.00117605217490543
"ARNT",0.276701681500751,0.00117714906584288
"MPZL1",0.29618793792305,0.00117850352640852
"SYVN1",0.316804129841641,0.00118145672139781
"PAFAH1B2",0.283810312109111,0.00118231271868082
"KBTBD7",0.456822057893989,0.00118286928153247
"ZNF579",-0.295749606375297,0.00118546154798743
"ENSG00000272631",-0.760086828896806,0.00118553122132657
"ENSG00000281469",1.06307295050145,0.00118557801830494
"FAM217B",-0.366879757986159,0.00118866136940438
"CCDC159",-0.610891010898381,0.00119041393014546
"EMC1",-0.471961257385016,0.00119090308072499
"ENSG00000223813",0.548075193382313,0.00119415550519642
"XPO6",-0.313551379047931,0.00119440285510263
"STOML1",-0.614751423149942,0.00119518440847391
"SHCBP1",-0.336225059223701,0.00119978792983132
"SYTL1",0.638101121612575,0.00120131983588412
"ENSG00000305830",1.18526400229095,0.00120197986853544
"ASGR1",0.297497217713227,0.00120841691612507
"RBBP5",-0.309387254635354,0.00121034336600191
"ZRANB2",0.278922003650021,0.00121036669894916
"CALM3",-0.358005960612093,0.00121168796622229
"TM9SF4",0.331689786260818,0.00121174677119825
"SLC25A43",-0.416335275621812,0.00121239704066078
"TMEM81",0.860955820081703,0.00121263754325138
"ENSG00000223725",-1.63899358541203,0.00121299940868165
"HMGB1P5",-0.401573530178346,0.00121549697605326
"ST7-AS1",-0.667631471301208,0.00122003173054144
"ENSG00000236827",-1.98862805185663,0.00122069916452174
"ADAM20P1",2.51866493583924,0.0012216194917896
"UBA3",0.249139375988112,0.00122323130280918
"BAG6",0.297161707732681,0.00122376286242729
"NPIPB9",1.62463014633603,0.0012262775563966
"HPS3",-0.294678572143148,0.00122717047080654
"TPCN1",0.345637789140357,0.0012272168720605
"TERF2",-0.266419520709089,0.0012275809365007
"AQP9",1.39537157632133,0.00122778766490682
"XCL1",0.634639191426968,0.0012279549202896
"UBXN8",-0.323283249791648,0.00122991273143748
"TNRC6A",0.23420335565995,0.00123030566605627
"URI1",-0.262834650733736,0.00123093025476569
"TM9SF3",0.329253391073173,0.00123102157421102
"RNF8",0.331180106746698,0.00123146694850713
"MFF",0.23715811120977,0.0012325740695112
"SNAP29",-0.414371070070679,0.00123262155569814
"IRF2-DT",-0.59011388191802,0.0012328107527032
"DCAF13",-0.275728911835286,0.00123311290659248
"INO80C",0.48548431019547,0.00123929631123535
"CFDP1",0.313961969598645,0.00124055159105328
"MED15",0.24525483579918,0.00124253222241285
"GDPGP1",-0.638611692829911,0.00124265981682153
"LINC02980",0.482121822877106,0.00124414944641759
"SOD2",0.417970235217555,0.00124416310521228
"ENSG00000286117",-0.734610902856921,0.00124632596556118
"PARP3",-0.26606945814757,0.00124716592626656
"ARNT2",1.40185106294514,0.00124785506298493
"RBM8A",-0.322822270804683,0.00124790432095726
"ENSG00000272896",1.17921467152706,0.00124839424323363
"ENSG00000260160",1.10493779007066,0.00125019058250892
"PTPN9",-0.355649470980308,0.00125127554780616
"ENSG00000293186",0.970140979073403,0.00125332112628813
"ZMYM3",0.334985745482915,0.00125503494964814
"ENSG00000294479",1.17162616816408,0.00125578088368524
"STKLD1",0.59265279747238,0.00125642959002226
"SLC12A2-DT",-0.447976280070416,0.00125891606369184
"MYO5C",-0.33328079613043,0.00126075859614811
"UQCC4",-0.485423931712663,0.00126244424738686
"CCDC174",0.298987867214227,0.00126400165663245
"ADIPOR1",0.289468223939795,0.00126485266046004
"LOC107987142",0.645772754420727,0.00126537866397117
"EMILIN1",0.417320253271508,0.00126567506047528
"MRPS15",-0.259384583203593,0.00126715847492501
"SFMBT1",-0.450872647513033,0.00127085438522603
"UBR2",0.2919234416602,0.00127257771636682
"ENSG00000239775",1.14721698892114,0.00127624959383543
"PEG10",0.378303821494625,0.001279812916685
"IVNS1ABP",0.348884069117241,0.00128245222783506
"ENSG00000290830",-1.20799123024306,0.00128439346173325
"M6PR",-0.300994830277969,0.00128631216914231
"IGFBP3",1.38262886734005,0.00128650232005206
"WAC",0.253066852611663,0.00128670042006663
"AGPAT2",-0.773918565051829,0.0012867130270543
"MON1A",-0.448273476489129,0.00128685022261985
"RAB5B",0.314660764688377,0.00128954071546515
"SNAP23",0.224571463029118,0.00128993771840383
"ARMC10",-0.321395485793247,0.0012923158568185
"DNAH14",-0.421270059871104,0.00129370802766824
"CYP11A1",-1.20301129211332,0.00129433003911669
"RPL26L1-AS1",-0.867928337027925,0.00129438643478444
"GGH",0.415679228892494,0.00129618607219256
"ZAN",-1.57156369294869,0.00129722545824607
"ENTPD3-AS1",-0.532461434607705,0.00129741635192947
"SGF29",-0.334464550565531,0.00129774053200609
"KCTD21-AS1",-0.52987719029187,0.00129846858209599
"ENSG00000232828",1.54622573886564,0.0012991040650452
"ZNF503-AS2",0.513681307967776,0.00129980860013991
"ASH1L-AS1",0.513807107223585,0.00130265967038137
"NECAP2",0.29784680154754,0.00130399565175697
"PRDM11",-0.335868827533378,0.00130440777920243
"LINC01770",0.553389146196346,0.00130490459841206
"CCDC12",0.259035447238505,0.00130501112304264
"DSTYK",0.408310053109147,0.00130506721940792
"DIPK2A",0.375536279986885,0.00130558126667644
"TSFM",-0.321894277414578,0.00130579968260536
"SMS",-0.38053198777911,0.00130655991403906
"ACHE",-1.04438107270538,0.00130711389083497
"LOC105372705",-0.707600692769336,0.00130832536341407
"ENSG00000266680",0.562169031793578,0.00131169151221788
"ZNF891",0.378530409488851,0.00131454236222372
"CUTA",0.244528321346196,0.00131458351356112
"ENSG00000242861",1.99054392499796,0.00131683264477733
"C12orf60",-1.00753015487607,0.0013169399473198
"SLC67A1-AS",-0.930463395957298,0.00131885809550653
"EXOSC4",-0.40694297550039,0.00132403428110592
"NTN4",0.457810181986518,0.00132724486748239
"EVI5",0.369136799302454,0.00133139598841895
"ENSG00000267404",-1.45630718996618,0.00133313427702424
"SNX10",0.3158595459422,0.00133428185940755
"EGFL8",0.341338653862945,0.00133615189882125
"ENSG00000272661",0.846064178673691,0.00133762632271284
"AIDA",-0.320316658599591,0.00134087220988988
"EIF1AY",-0.384235568693072,0.00134104241026762
"ZNF92",-0.345288218128859,0.00134145843897533
"ENSG00000196205",-0.533889687710713,0.00134270712405752
"NHLRC4",1.0477682767012,0.00134620436847705
"ZNF555",0.41872199395839,0.00134640947747998
"CRLS1",-0.218695152250079,0.00134686909358376
"WDR45",0.316849360790862,0.00134794333345374
"PTCH1",0.460471067370379,0.00134808441722698
"ENSG00000295436",1.6667111533556,0.00134901578064396
"SNX25P1",-1.0355334697979,0.00134963340156786
"ENSG00000271147",-0.603828993397296,0.0013505975789544
"ENSG00000286608",1.21948907302051,0.00135239634912057
"KANSL3",0.234485703696786,0.00135385847667471
"RARS2",-0.309584572515269,0.0013539556316424
"TSPAN12",0.925708232938506,0.00135451814487408
"C20orf204",-0.544235406354579,0.00135726056858796
"ACO1",-0.25052774375391,0.00136236787070244
"ENSG00000307343",2.62849458456379,0.00136373984679509
"ENSG00000288612",0.474651581704595,0.00136446892045572
"FLOT2",-0.377192693746954,0.00137117230267169
"GPR137",0.264882285166566,0.00137307823442508
"ZNF460",0.538330949383338,0.00137321388213075
"VPS50",0.293365804442245,0.00137494371827879
"DDIT4",-0.525630261308712,0.00137550061006394
"COPG2",-0.299858095799777,0.00137639701372169
"ABHD16A",0.327639676659708,0.00137941804182313
"CNEP1R1",0.289781729155994,0.00138019786080994
"LRRC2",0.91276741296964,0.00138293266378666
"ARMC9",0.264854760587122,0.00138424627194577
"CFAP96",1.33145334914483,0.00138463255304506
"PRRT2",0.82772597723637,0.00138472222218117
"UBE3C",-0.236520771923569,0.00139071425201506
"ID2",-0.383299604698732,0.00139207222164688
"ENSG00000285744",-0.788757860368559,0.0013925681881087
"MYCBPAP",1.60175792294734,0.00139326998998719
"NFXL1",-0.323156486125636,0.0013979193743936
"EXOSC7",-0.296960893486745,0.00139885862236532
"IFFO1",-0.328023434510436,0.00140312738428317
"NDUFB2-AS1",-0.894648765679461,0.00140355080802459
"ENSG00000249258",1.18770696714169,0.00140361571879328
"CCDC30",0.64961105255662,0.0014054195561901
"ENSG00000268975",1.82887373880661,0.00140598164774369
"CHN1",-1.14039111039762,0.00140649054776804
"ENSG00000295981",1.46923274986687,0.00140708595117955
"ENSG00000287165",1.43857213830631,0.00140719482605832
"NHERF2",0.427564307972678,0.00140794532126443
"MRPL22",-0.349048850169304,0.00141121811997865
"GUSBP14",0.411535206088958,0.0014112819952578
"ELOVL5",-0.315229557277139,0.00141351291167568
"C2orf92",-0.588995494303424,0.00141460097403101
"ENSG00000298743",2.49040056597698,0.00141476008683555
"RAD23B",-0.340071708537778,0.00141494828604676
"METTL16",-0.316733889343648,0.00141732083216976
"ENSG00000260698",1.51205999182091,0.00141943933243773
"ZNG1B",0.363113501749875,0.00142075655230045
"ENSG00000260526",0.707019092300292,0.00142275448820238
"ATG5",-0.291575690794253,0.00142276883578658
"BPNT2",0.343698649589845,0.00142360450800093
"DCAF10",0.33035476236893,0.00142826975776582
"EVI5L",0.410500293319876,0.00143069053479015
"C1orf220",0.481305708458004,0.00143136141994171
"SUPT6H",-0.231867829106147,0.0014327940891479
"EXOSC6",-0.238811539467464,0.00143455856101511
"DDX39A",-0.29299704637836,0.00143837774946229
"LOC124904058",1.01945747074925,0.00143868532660675
"SETD9",-0.592512134535913,0.0014388277539691
"DIP2C",0.374838812998525,0.00144192771634541
"TFE3",0.259366066309131,0.00144207278494386
"NOP2",-0.389071076539949,0.00144260951280555
"ENSG00000293957",0.515347898585995,0.00144834850869217
"ENSG00000279041",1.27983660927697,0.00144842061943285
"NME6",-0.276590558543737,0.00144875720167108
"C15orf40",0.281971621738545,0.0014488948017227
"AVPI1",-0.359200231873499,0.00144898963426343
"ENSG00000268400",3.79046444398113,0.0014504522609893
"MSI1",-1.72988578121769,0.0014521047571391
"NFRKB",0.276192212287298,0.00145289082475646
"ENSG00000296329",0.429618570996015,0.00145296697145942
"EIF3E",0.343170469929479,0.00145375958662404
"S100A14",1.17681324655785,0.00145616214396074
"NUP42",-0.303025168684314,0.00146286518027578
"ZNF821",0.380557429218199,0.00146467349178619
"SNTB1",0.231334769065799,0.00146822148622666
"TMED8",-0.343819459877081,0.00146902453261439
"C1QTNF1-AS1",1.07367555742828,0.00146955419101656
"NSL1",-0.231365290151596,0.00146998395302324
"ENSG00000290849",-0.564631378493415,0.0014725079594331
"HINT1",-0.250481101616777,0.0014733815612333
"BCAP31",0.362167711746132,0.00147421053109641
"CIMAP3",1.57863818501648,0.00147503920410713
"ERN2",0.639192220653883,0.00147965187336749
"MFHAS1",-0.327975708967893,0.00148398476584471
"C10orf88",0.351498980157821,0.00148779888853445
"ENSG00000269189",2.0818189089724,0.00149029588320584
"SGK2",-0.292901240430713,0.00149139619651084
"RAB1B",0.352028627752973,0.00149474797239322
"SELENOO",-0.265883679922955,0.00149623156694984
"ANP32E",-0.234039100238924,0.00149804729830184
"ENSG00000288909",1.27469091679381,0.00149807776991936
"SERPINA7",-0.322259039122237,0.00150577908225909
"SNX13",0.259403865000529,0.00150785903683845
"VMA21",-0.235722733172777,0.00151056949527161
"SERPINB8",-1.22215667095675,0.00151083280616075
"TUBB2A",0.553354265132069,0.00151515114439348
"ATP5MGL",1.55025811617637,0.00151781459180173
"ENSG00000251615",0.930629583740087,0.00152082337298217
"NUCKS1",-0.241260587790224,0.0015219668385958
"KMT2D",0.385706470567454,0.00152314903987663
"ENSG00000259171",0.758806816717233,0.00152444940249803
"WARS2",-0.451828972178867,0.00152674877878934
"FAM131A",-0.353294055293314,0.00152687483054976
"TIALD",-0.741692608959543,0.0015282508189244
"GPX7",-0.511433459393283,0.00152897408425138
"ENSG00000260391",1.53353706607126,0.0015292148868361
"SEC61B",-0.283492595440966,0.00153345786666389
"HSPA4L",-0.333962411408753,0.00153465464187195
"ANKRD42-DT",-0.54409499453655,0.00153620320881762
"MYL6B",0.350874183857839,0.0015375528455163
"COX8A",-0.292458681645835,0.00154034098892346
"CYBA",-0.324918517838902,0.00154118483814983
"TNS2-AS1",-0.90040416213425,0.00154282493695373
"HLF",0.285310915113793,0.00154367646796235
"SRR",-0.592781335014996,0.00154691795848442
"FUT4",-0.830334748202037,0.00155254478641276
"UBE2Q2P13",0.719586334086604,0.00155256897694083
"HCG18",0.287098213031204,0.00155313433880745
"VPS8",0.318274175168399,0.00155338833349554
"CEBPG",-0.239130490827065,0.00155364436769013
"PTPRO",-1.28315262058617,0.00155746153994087
"ARHGAP21",0.321253374872552,0.00155800254421792
"SBK1",1.21889462587367,0.00156069848956256
"ENSG00000236209",1.1060538189171,0.00156101454186254
"PLXDC2",0.462558563409214,0.00156410613340893
"LOC105373411",-1.48313952321166,0.00156718680080546
"ENSG00000293234",-0.521062875583307,0.00156881096536139
"USP21",0.375954960874262,0.00156885136315936
"DBIL5P",1.18701112762222,0.00157306348685842
"SPATA31H1",0.696107458238723,0.00157375766769966
"ENSG00000289023",0.802439671860645,0.00157378509909556
"LINC03064",0.758766331493138,0.00157418337840682
"CASP9",0.285925722121295,0.00157457105321599
"CPZ",1.18239570812582,0.00157483700249071
"SHOX2",1.03473834484878,0.00157492286771209
"DAGLA",0.371765263812267,0.0015753648026776
"SENP7",0.331077814074011,0.00157701007171229
"ENSG00000275902",0.841506135489906,0.00157755265165756
"GPSM3",1.21634819452949,0.00157764025612816
"CDK5RAP3",-0.339273610136817,0.00158202132515451
"GCSHP5",-0.785451157777395,0.00158238296710643
"ENSG00000260776",0.981066787142111,0.0015849660894126
"ABHD17A",0.277169170121766,0.00158510287586825
"RIOX2",-0.278451043391363,0.00159414362260402
"IGF2BP3",0.243452916463563,0.00159496686187565
"NBEAL1",0.289367353844101,0.00159620375483199
"PDRG1",-0.323007157040196,0.00159747152426602
"NXPH3",2.62942773999762,0.00159844602075294
"TMEM175",-0.387079718864675,0.00159876906549571
"ENSG00000258790",-0.413844684600964,0.00160368059653442
"ENSG00000275441",0.845076388919919,0.00160412312477738
"SLTM",0.298515352151353,0.00160460353500689
"TDP2",-0.221835633662935,0.00160539343246486
"TFDP2",-0.299331394859203,0.00160693946646111
"ENSG00000273154",0.603530358105361,0.00161028964976505
"ENSG00000226803",1.60438447488444,0.00161131456321453
"LOC105370447",2.39072863213248,0.00161258247923325
"RALGAPA2",0.325684227316442,0.00161285202644299
"ENSG00000278974",-1.21152733336597,0.00161366621904341
"SLC31A1",0.351643760085822,0.00161483671895474
"UBA6-DT",0.310205634163381,0.00161781670403365
"PMFBP1",-0.571294938049393,0.00161798077557066
"HS1BP3",0.411297580120597,0.00161843689024943
"C14orf119",0.230896925949818,0.00161979327629126
"VILL",0.791955232331606,0.00162135107610283
"CPSF2",-0.275277494292008,0.00162263974465604
"FGF19",1.77044589815747,0.0016243897219769
"CCDC180",0.643329965370471,0.00162439105518845
"VPS33B",-0.410807295572143,0.00162449229874882
"ENSG00000274685",1.55899660378878,0.00162525402815191
"ENSG00000278600",0.374564247921765,0.0016331427989394
"CCNP",0.477982456264947,0.00163424833962998
"ZC2HC1A",-0.452971292453423,0.00163562848196732
"EEF1E1",-0.338980976921246,0.00163620451695836
"MTX1",-0.389013465305915,0.00163638237444507
"SFXN5",-0.350900655551087,0.00164588953509089
"GNB5",0.39776180396712,0.00164813450285308
"SLC47A1",-0.417569399568935,0.00165036091758739
"PPM1B",0.264793742010497,0.00165206473482053
"CPNE8",-0.668344806190394,0.00165499950487494
"ANXA5",0.313650391835499,0.00165573370979281
"UPK1A",1.56903415239688,0.00165754234610326
"ENSG00000203546",-1.16569235208268,0.00165934105287467
"DNAJC28",0.691523697799833,0.00166317649217416
"F5",0.541723034306064,0.00166490373511123
"PRAM1",1.55445824671411,0.00167133926611633
"ARIH1",0.294474522412871,0.00167437789573501
"TAF1A",-0.561304995245556,0.0016760346987422
"VAMP4",0.63110789645303,0.00167937380589102
"ZNF823",-0.368502217416891,0.00168062585625562
"MRPS24",-0.321260263537966,0.00168127650437263
"SURF1",-0.342593238719482,0.0016828007898197
"TANGO2",-0.265510628266026,0.00168542279455304
"NOTCH2NLA",-0.545905614961599,0.00168730711909286
"ANGPTL3",-1.29061506725587,0.00168894740857215
"CIC",0.310427266624078,0.00168913026239854
"ACOT7",-0.330143560580446,0.00169061699568917
"PAICS",-0.370082423137567,0.00169062533651626
"MUC12",-2.05563607502589,0.00169094639254539
"CHMP4B",0.453506584882208,0.00169128912469863
"HNF4A",-0.241795162979639,0.00169201759547033
"LPA",-1.14802014606254,0.00169421235753245
"ANAPC2",-0.330771431456245,0.00169948749340066
"ENSG00000249572",-0.728762366989344,0.00169980226508509
"NFKBID",0.671747617811963,0.00170257610498475
"NPIPB14P",0.937267132568779,0.00170411745659188
"GNB1-DT",-1.37699048842173,0.0017048549918201
"ENSG00000268218",-0.450140406701144,0.00171340820306334
"ENSG00000271335",0.641048803245761,0.00172262657667199
"EHD1",-0.298675591596539,0.00172414215049316
"CAT",-0.289434841584695,0.00172911972642265
"TLE6",1.17133549643468,0.00172987358143161
"PRR14",0.269434061780667,0.0017312093517345
"RPL17",-0.390326086312801,0.00173520260491777
"DLX4",-0.482283393341536,0.00173613717151103
"STK25",-0.25598213688567,0.00174368344516972
"GPC6",-0.672016432539964,0.00175018878473075
"MTFP1",-0.366653706662529,0.00175024927120176
"ENSG00000289559",-1.22511619910915,0.00175535590753979
"LINC00528",0.358859657865293,0.00175544179121355
"CSTPP1",-0.334403128227394,0.00175606909541748
"AP1M2",-0.377913891024451,0.00175655100462943
"FRMD8",-0.379637081953866,0.00175716888000856
"MIA2",0.233697931178999,0.00175828659583109
"LOC101928230",-1.49837879334378,0.0017587775503059
"ACSL6",-0.497290969682271,0.00175939153258612
"UMAD1",-0.48714356649622,0.00176113217852274
"USP27X-DT",0.72258456311747,0.00176194900352419
"ZNF431",-0.41034061472972,0.00176389720271991
"ENSG00000309428",0.651814380191236,0.00176642319801849
"CYCS",-0.310072718527169,0.00176721099915988
"ENSG00000309757",1.21438178962458,0.00176886210433759
"IL1RN",0.512528811060539,0.00177009575371474
"ZNF121",0.291398892829683,0.00177469647526953
"ENSG00000307784",-1.29301643442919,0.00177749233553965
"C19orf12",0.270347074632329,0.00177761300637861
"TBPL1",-0.315857167266591,0.00178143416040991
"SYCP2",1.52687617159654,0.00178158901655115
"MZT2B",-0.327004836367983,0.00178209196225169
"H1-0",0.366438590289228,0.00178450844913115
"IRS2",1.30454274675186,0.00178590738644576
"PGLYRP2",-1.92102004018696,0.00178613631154316
"KATNA1",-0.330949244277707,0.00178621286500685
"FNDC4",0.582777537327165,0.00178868002134156
"ZNF217",0.29001457732547,0.00178983591611813
"NME2",-0.408757542415705,0.00178987909028054
"MRPL2",-0.293601767800849,0.0017936283610931
"ENSG00000274383",-0.718309600462345,0.00179448627279989
"SAV1",0.375280256455164,0.00179466398239116
"ENSG00000303549",1.09812242022016,0.00179907176864589
"TSNAX",-0.330439902055955,0.00180057522863444
"AKR1B10",-0.37851988509874,0.00180139060609568
"KISS1",1.41458640064473,0.00180388461356975
"ERCC6L2",0.279884824526756,0.00180407015926236
"IRAK2",0.311379403200279,0.00180486096432239
"SLC6A13",1.14852773340598,0.00180682221481863
"NSUN5P2",0.34235065377261,0.00180724333855464
"ENSG00000306878",-1.39495571254416,0.00180853099993372
"TXNDC12",0.255218450153348,0.00180914178290652
"UBTF",-0.286983053485852,0.00180954131605289
"CYP8B1",0.423566104767573,0.0018100028300075
"UBE2V1",0.339031912783292,0.00181676089799457
"NR1I3",-0.943056549361517,0.00182083109074748
"TOLLIP",0.26950786873506,0.00182331538339771
"VWA7",0.548811631183989,0.00182365061892138
"TXNDC16",0.409891894384991,0.00182445260649426
"FMNL1",-0.802351097880993,0.00182598859167654
"DCTN1",-0.230928161236891,0.00182681529151175
"FABP2",-1.14353581536919,0.00183368668833114
"POMP",-0.330423408020188,0.00183460922340311
"TRIM34",-1.47042487814758,0.00183465201829779
"ENSG00000254929",-0.681449708980755,0.00183488403586322
"ENSG00000259970",-1.44377777958563,0.00184134531457094
"ZBTB47",-0.534173754063599,0.0018436604129172
"AGPS",0.299278648128867,0.00184960922908787
"ENSG00000289496",0.731852855226501,0.0018496827046923
"AARSD1",-0.347760002814635,0.00185197112747569
"TBC1D9",0.31092948247248,0.0018527462825849
"LOC100996643",0.791209220496579,0.00185463694547169
"ENSG00000288827",-0.583377638224077,0.00185669474185506
"IL6ST-DT",1.47184469950231,0.00185802180205155
"RHOC",-0.51067368897733,0.00185895259962135
"ENSG00000304365",1.48754276596029,0.00186172305406174
"CNPPD1",-0.296777173890329,0.00186413011710301
"ENSG00000274964",-1.27016783872898,0.00186559628663256
"ENSG00000296153",0.562333478974968,0.00187265193133572
"PLP2",-1.0278491149018,0.00187333864141656
"ENSG00000293164",2.03600666718884,0.00187342056514872
"ENSG00000266473",0.855466634679158,0.00187693591854429
"ENSG00000224837",-2.04688688842263,0.00188211971947417
"SFT2D1",0.289455790553531,0.00188304637216176
"ENSG00000289931",1.42872783914446,0.00188375987855864
"RHOBTB1",-0.701725757399169,0.0018889367693342
"FKBP2",0.453107178573942,0.00189666911198862
"ATP2B2",0.555776502445994,0.00189805821036924
"ATP8A1",0.412295482413023,0.00189871989671562
"ZKSCAN2-DT",0.338919321512935,0.00189953311102643
"LOC124905134",-1.55329260438948,0.00190262294633403
"ENSG00000249378",0.759988778715394,0.00190835418379566
"B4GAT1",0.345777971284576,0.00190890715086081
"TNRC6C",0.360406498551733,0.00190899855212112
"TMCO3",-0.339975504056353,0.00190961761557813
"RAB17-DT",1.1319604820994,0.00191108134583874
"ENSG00000291159",0.332022252490365,0.00191304507905283
"DECR1",-0.233851378677806,0.00191375168566716
"ENSG00000261168",0.963840087287785,0.00191406913631152
"GTF2H1",-0.285138019554759,0.0019182065476949
"PSMF1",-0.267853717572239,0.00191854901597639
"CDK11A",0.337893000850102,0.00191911660659035
"CCDC13-AS2",-1.55249163157968,0.00191922839045636
"ATP1B3",0.322154983227488,0.00192141578431957
"CLPX",0.272117193081524,0.00192445621209598
"GRN",0.319952923865106,0.00192612879915167
"HSFX2",1.79155682925877,0.00192765510882196
"ENSG00000280171",-1.39468448430168,0.00192826516725802
"NPLOC4",-0.224801921919418,0.00192954301915949
"ENSG00000279573",0.823783481280933,0.00193045148607727
"CDCA7L",-0.948831018230139,0.00193160285678972
"ENSG00000301406",0.766291320601683,0.00193291160589404
"METTL2B",-0.277747786828179,0.00193789588527808
"MSANTD2-AS1",0.494477241754894,0.00193886264034982
"IMMT",-0.281687833608081,0.00194032433839339
"ENSG00000258199",1.29627272368233,0.00194398574059144
"ENSG00000287093",0.859155834685801,0.00194850814659962
"PGRMC1",0.285559163026449,0.00194906335826372
"ZNF160",0.325360836421019,0.00195147664717878
"IGLON5",1.07813748710142,0.00195266641849716
"CACNA1D",-0.859578235495382,0.00195532798462286
"RN7SL1",0.469988216106157,0.00195601369985188
"ENSG00000288767",-0.8303754183668,0.00195671543931155
"SLC5A6",-0.272273323493205,0.00195854156445484
"ZBTB8A",-0.747335152998344,0.00195941296957771
"ENSG00000289124",-1.05667236439541,0.00196107351506424
"SULT1A3",-0.433483321295183,0.00196402243858344
"ANKRD40",-0.211470844225487,0.00196725478439735
"POLR2J4",0.311291870551669,0.00197046304367945
"RPL37A-DT",-0.788436537726218,0.0019751140869453
"AKT1",-0.22430829009215,0.00197538441199763
"PCDHB8",-1.16704675310524,0.00197606799622178
"CRIP1",-0.977551457720589,0.00197653147285959
"CD40",-0.395381542603531,0.00197817246082717
"EPC1",0.279916427956733,0.00197845920776562
"PTPN4",0.301515026896778,0.00197908130897793
"EPM2A",0.345039523858948,0.00198021389495028
"FOXD2-AS1",-0.49026969455774,0.00198194064388029
"ATF4",0.30220817222454,0.00198274617454679
"LOC105378353",-1.04381095993814,0.00198601450956953
"JUN",-0.565099963401879,0.00198614857291445
"STAR",-0.8049951359327,0.00198643021789343
"EVA1A-AS",-1.88654538882007,0.00198655096975182
"ENSG00000275857",1.17118728872745,0.00198999343196045
"PLEKHO2",-0.332274644340485,0.00199859142404983
"MIF4GD-DT",-0.604057846012147,0.00200032807767787
"TLR2",0.732808188585015,0.0020005121563389
"SNX22",-0.530542227763071,0.00200590177999798
"TRIM31",2.0366345016597,0.00200897421542436
"CD74",0.291729758070593,0.00201214450914778
"EP400P1",0.351186022982549,0.00201346663887417
"LINC01999",-0.989969666773624,0.00201561968114696
"ARL6",-0.563113245474827,0.00202136956400044
"STAM2",0.256466956636321,0.00202245886588955
"COX10-DT",-0.365389808369803,0.00202274120234481
"IDH3A",-0.297536966952906,0.00202314749587108
"ENSG00000277007",0.767391865216135,0.00202626310822642
"CCDC93",-0.237603948580457,0.00203083347800812
"ARL1",0.269315957655552,0.0020364518411419
"IGFALS",-1.04256724775308,0.0020378218577607
"PCBD1",-0.264516970159967,0.00204540778200405
"ENSG00000260743",1.52279181152635,0.00204873346243378
"LOC105376695",1.35941645626851,0.00204884215680542
"SP140",-1.11122751996876,0.00205007296442646
"ENSG00000279544",1.47404807310354,0.00205726171312456
"DNAAF10",-0.425247752351539,0.00205807699006459
"ENSG00000259644",1.86306270052912,0.00206583792385055
"EHD3",1.45549975830035,0.00207214454294602
"ENSG00000291008",0.88711571098196,0.0020729687378514
"ZNF280C",-0.41936533652622,0.00207303813001486
"FKBP8",0.343463221682955,0.00207539756600878
"ENSG00000296830",-1.18922515587849,0.00208011424714345
"PRKCSH",-0.358531778565001,0.00208343480035278
"IMPDH1",-0.362983021687499,0.0020860189281643
"ZCCHC4",-0.282902388577839,0.00208622104147375
"NAP1L5",-0.5833605700361,0.00209038407421355
"AMDHD1",0.487280997668915,0.00209106388166498
"RDH10",0.374595498621161,0.00209289315295381
"BTBD16",0.819422582774285,0.00209372611864791
"ZNF674-AS1",0.468689248353779,0.00209716645318849
"MSH5",-0.315463701117595,0.00209792952661789
"ENSG00000258430",0.879465379046745,0.00210028244364277
"ACVR1C",1.19766880314643,0.00210035656962662
"SATB2-AS1",0.555901250070508,0.00210367962764127
"DNM1",0.917424828326527,0.0021039978363407
"SLU7",0.34322641127707,0.00210625252263407
"AK6",-0.307125240910074,0.00210730622341178
"BLCAP",-0.213947472291215,0.00211195572514707
"PFDN4",0.344424808162146,0.00211309967071216
"IRF9",0.295264336506563,0.00211439871572893
"DKK4",-0.710834058009983,0.00211603610411281
"UBL5",-0.289712345110816,0.0021178452211498
"FAM110C",1.46147719393062,0.00211950306035666
"BOLA1",-0.670437151358281,0.00212042540006209
"ENSG00000306748",1.70882022821079,0.00212205634117659
"ZBED6",0.93125246319426,0.00212305756417893
"MSANTD3",-0.373641476115211,0.00212430776648986
"FLCN",0.396799675024488,0.00213007553827433
"ZNF865",-0.279844520457175,0.00213104412833046
"GPR35",0.232116553799633,0.00213303262716349
"STMN1",-0.242220467023641,0.00213380365608227
"PIK3R1",0.293720703894547,0.0021359747994246
"GIHCG",-0.53524721204567,0.00213804755468011
"NLRC5",0.506853888212949,0.00214090928190561
"PBDC1",-0.271247822414663,0.00214415624842347
"SHOC2",0.304744931562056,0.00214542151982964
"TBC1D3C",2.96908400729531,0.00214564687132639
"ZNF546",-0.504148149229816,0.00214717515811209
"STAG2",0.233127950405103,0.00214940799294281
"CCNC",-0.252827519063126,0.002149639724943
"ZC4H2",-0.325166942345687,0.00215253928995606
"FAIM",-0.44423255605723,0.0021537510713875
"DCAF1",-0.237351298659148,0.00215564274109868
"PKD1P6",0.366985183884593,0.00215824414371326
"ENSG00000270504",0.483122974516816,0.00215863359933728
"WDR91",-0.335761161220227,0.00216019986914543
"FAM229B",-0.525276076429377,0.00216048379316182
"UFL1",0.336382402523775,0.00216170137588928
"BCL2",-1.39189983703439,0.00216342707965351
"CLDND2",1.02415162785871,0.00216438897646004
"ZFAND6",0.257553643345322,0.00216864850813593
"SCMH1",-0.279482531914995,0.00217594791427291
"USP4",-0.272773032304488,0.00217718090028381
"BCLAF3",0.381955704912228,0.00217958256723776
"ENSG00000306885",1.3771833222109,0.00218040171153792
"TFEB",0.470011911380836,0.0021805149799795
"GIT1",-0.228440696418349,0.00218205943560622
"ANKRD52",0.222624977383058,0.00218558790665097
"MEX3B",0.967526018454634,0.00218725293950144
"STK38",0.288626550001766,0.00219016000782807
"ZSWIM9",-0.604252243479089,0.00219216147416959
"GCN1",0.250746754982609,0.0021934377290855
"UPP1",-0.625216354125285,0.00219462761135882
"SPDYE18",-1.00442288701591,0.00219478476691566
"RNF185",0.266527220807815,0.00219853293976687
"H2BC4",0.603759760052748,0.0021987220171653
"ENSG00000310236",0.423516451703854,0.00219919113460086
"TIGD1",-0.365930482596288,0.00219942312511425
"ENSG00000226608",-0.917479421365419,0.00219981113110164
"ZDHHC20",0.347679077343057,0.00220386149484935
"C8orf82",-0.390206509038611,0.00220686562133735
"LINC02826",1.65664129403575,0.00220917993615554
"ZNF347",-0.59034478009366,0.00221013191715364
"CLDND1",0.225856905369381,0.00221162882443577
"ALDH7A1",-0.225783089794719,0.00221387361839835
"GM2A",0.260317588927307,0.00221804342142158
"UBE2W",0.293962535209936,0.00221870323621508
"ENSG00000261338",1.28911971822593,0.00221983891282597
"NUPR1",0.757190816127861,0.00222137502953553
"CDK12",-0.259570946436403,0.00222171133064893
"CAMKK2",-0.328500732995047,0.00223069369423388
"CRYBG1",-0.423084149850148,0.00223589615342016
"USE1",-0.469269576954848,0.00223855746283798
"LOC124903770",0.500188352522714,0.00224096183146591
"PTBP2",0.362458619155427,0.00224266659255899
"SUPT7L",-0.229154743119037,0.00224308175564439
"ENSG00000288234",1.57750211270586,0.00224332613303242
"NBPF8",-0.32760905982937,0.00224543357954643
"ARHGAP1",0.266294770896725,0.00225046186050526
"ENSG00000286132",-1.01881811060627,0.00225347307929583
"RFK",-0.330405617648493,0.00225426278253193
"NKAIN1",-2.37713298530843,0.00226600798088786
"KIF3B",0.242227458489131,0.00226786959846987
"ENSG00000271576",0.438776517382594,0.00226852704253813
"FKBP6",2.34859525779733,0.00226977098017309
"CRIP3",-0.536170109266125,0.0022712392227082
"MTHFD2L",-0.30494763483543,0.00227189768982747
"TCF12-DT",-1.33790568270211,0.00227298388800624
"ENSG00000287787",-0.793613634637893,0.00227445757874624
"L1CAM",-0.75370098317253,0.00227505476379911
"ACOT2",0.271807403529891,0.00227577541974058
"ENSG00000306813",-0.681580657562553,0.00227675082473784
"GIPR",1.24935571474635,0.00227716587734588
"SNX27",0.256868819185621,0.00228083276886402
"WDR11",0.289382571606712,0.00228550797718307
"ZNF257",-0.839053433351809,0.00228585298889094
"ACLY",0.25565003188963,0.00228850723726868
"NRP1",-0.6619377791937,0.00229201915412163
"SH3BGRL",0.403937369847971,0.00229244992670025
"ENSG00000259605",0.56938967371604,0.00229355401331751
"C17orf58",-0.37893562116877,0.00229738594699801
"INTS14",-0.260297641912374,0.00229943028538417
"TTC13",-0.3614810960117,0.00230005682552618
"C1orf198",-0.309801318441633,0.00230088082096294
"ENSG00000250461",1.92021524220808,0.00230105438104978
"KLHL28",0.396191022117585,0.00230531995795268
"NPHP1",-0.730005767577908,0.00230654294555285
"LIPH",1.85035652227457,0.00230860953709832
"SMARCA2",-0.342487490907845,0.00230893684684829
"EMSY-DT",-0.673699586267076,0.00231030546017712
"RDM1",-1.00758018776059,0.00231144772013059
"ENSG00000272106",0.36503984173874,0.00231542575272798
"DNAJC15",-0.305357141619478,0.00231932773866449
"EIPR1",-0.406592452703761,0.00231970561862021
"NET1",0.213680363065624,0.00231992692161119
"ENSG00000290548",0.461511810312422,0.00232197382901477
"EIF4G2",-0.24094206739463,0.00232946928203347
"SLC7A9",-0.520639392216468,0.00233168091142881
"FUT8",-0.534108625905678,0.00233306585171278
"DDX11-AS1",-0.646793248622442,0.00233381965242818
"TGFBR2",0.441394421304239,0.00233928198782738
"MTMR4",0.277311896229604,0.00233944356331048
"CLCF1",-1.25046664159686,0.00234121562206254
"SPR",-0.318983616804454,0.00234939408295899
"DNAJC8",-0.276052365837083,0.00235188006929697
"ENSG00000273565",1.19994132844416,0.00235540440696879
"KANK4",-0.726517211523496,0.00235896703060177
"MICALL2",-0.35059514901399,0.00236186756179742
"RWDD2A",0.312528482338606,0.00236201530345534
"TRIM39",0.233436651514975,0.00236240304207863
"PLPP1",0.352855742424044,0.00236292734515717
"LOXL3",1.25997675977239,0.00236469790832455
"ENSG00000279057",0.67792078236278,0.00236766152194548
"PARP14",-0.399843884981639,0.00236907730533659
"LINC02541",1.13519514019164,0.00236921057801351
"ZSCAN12",-0.325107425408423,0.00237029960892389
"PGM2",-0.278818136300202,0.00237349536757805
"LINC01622",1.11507633484764,0.00237477087474251
"DDX31",-0.375850825609848,0.0023768206141006
"GALK2",-0.368012277096094,0.0023777732882148
"SAXO4",1.08137094567633,0.00237844174009862
"ZBTB4",0.29133576246176,0.00238366261976231
"METTL15",-0.31575587899482,0.00238453243424815
"GADD45GIP1",-0.432737608259105,0.00238736638745517
"FASTKD1",0.251465431642142,0.00238816951111784
"ANKRD31",-1.24775355582773,0.00238857251775162
"WASH2P",0.362402021683355,0.00239141702692455
"GMPR2",-0.300586990733639,0.00239474081102394
"MAPK1IP1L",-0.244450603665391,0.00239858345865594
"ENSG00000288100",1.12068199727277,0.00242251361575992
"PSMB7",-0.420663191193391,0.0024231405067667
"LCIIAR",-1.0514641111046,0.00242445138546618
"SMARCC1",0.230282484664707,0.00242589321201464
"ZNF500",0.307752611842167,0.00242911836785088
"SYT5",1.78131778469784,0.00243259766536353
"ATAD2B",0.345240155471504,0.0024364208578353
"LOC102724200",0.318759525364368,0.00243853186027083
"ENSG00000279089",0.640690551564452,0.0024513107549809
"ENSG00000272512",-0.807339968675182,0.00245144528733447
"SF1",-0.306383364667442,0.00245248376065703
"FAM174C",-1.03715010972559,0.00245462633263272
"TMT1A",0.521333114563284,0.00245504475044445
"MTTP",0.439133950703007,0.00245655365975516
"TMEM51",0.296354554525289,0.00245885045283772
"ENSG00000256646",-0.605306451273668,0.00246842749323404
"ENSG00000291078",-0.547334616123367,0.00246942460245545
"KIF1C",-0.258332438675698,0.00247088765873927
"ENSG00000233085",2.31484765432036,0.00247371399195579
"SLC66A2",0.263708776966134,0.00247420205463858
"LGALS1",0.61532139995288,0.00247636673268334
"BTRC",0.291638714586241,0.00247817780351204
"ATG14",0.306078378775755,0.00248036385416431
"ELOVL2",0.22995214061175,0.00248043180872905
"IQCD",-1.4401539360606,0.00248048267394585
"DNAJC9-AS1",-0.560380121448361,0.00248104133491097
"ZNF30",-0.456882742472671,0.00248513997149756
"CWC27",0.256875108004294,0.00248544936451145
"ARFGEF1",0.292165307198944,0.00248938374138824
"ENSG00000280339",2.2165014717478,0.00249400145600938
"TARS3",0.427755901006146,0.00249586391765119
"ENSG00000290230",3.16357866743958,0.00249733207983856
"SAP25",-1.32127993117854,0.00249925868853076
"IRAK4",-0.337351482568309,0.00250037692269524
"SDHB",-0.257865538094196,0.00250193011939745
"HADHB",-0.255909001964101,0.00251150410230313
"GAB2",0.372849569745956,0.00251446216115136
"KRT18",-0.631215555615978,0.00251611553346119
"ZNF264",0.30126621534412,0.00251626984478683
"CAPN2",-0.502683603091542,0.00251949774310722
"GET1",0.290649051365896,0.00252109506811139
"TMEM208",-0.322159885763767,0.00252117963758316
"MAP2K5-DT",-1.03563168448688,0.0025248273258584
"MFSD6",0.565144021888768,0.00252587390301094
"ENSG00000226965",1.43035400887433,0.00253310983941201
"FOXD4L6",1.30671389548233,0.00253486038141832
"MAST3",-0.32448965902813,0.00253735118070521
"TPGS2",-0.36466272270211,0.00254379631651817
"LINC02762",1.13533371387391,0.00255490436999314
"RORC",-1.03294104353796,0.00255675652929132
"LCA5",0.517456454906551,0.0025610723313215
"SHLD2P3",0.346485968746756,0.00256252276428889
"LGMN",-0.356054880627113,0.00256365967966969
"YARS2",-0.303297767712754,0.00256521367974759
"ANKRD42",-0.370192888373059,0.00256825652172366
"ATP1A1-AS1",-0.675135179368934,0.00257370070273438
"ENSG00000270137",1.24219589419785,0.0025762643387718
"TUT1",-0.24806295035046,0.00257660404590345
"CYP2D6",0.601295696300682,0.00257970680468229
"HOOK1",0.218891134692116,0.00258434552783523
"MTR",0.247380192149411,0.00258515414101822
"MROH8",-0.581438052699843,0.00258986210436957
"BSCL2",0.401915822736645,0.00259069940188191
"ENSG00000279423",0.552425199649512,0.00260250779644691
"KLC2",0.280937800270774,0.00260614477689841
"NUTF2",-0.264948515527165,0.00260662205849182
"PLAC1",0.675991009701438,0.00260715997009959
"SEC61A2",-0.295965464759512,0.00260748179060317
"ZNF813",0.341215814846424,0.00260998774287607
"PTPRJ",0.412904493649279,0.00261217700161905
"HSPA12A",-0.380047079949254,0.00261406149986901
"ZNF526",-0.364657229884229,0.00261836655676027
"LOC102724220",-1.3079617665932,0.00261844893018806
"ZC3H13",0.305936559989322,0.002618547028221
"LMCD1",-0.654628835064294,0.00261900142716833
"ENSG00000289042",-0.817645347532262,0.00262227358463175
"KPNA3",-0.242484407129504,0.00262611057343696
"ENSG00000288839",0.908062359125526,0.00262696565802167
"ENSG00000301802",1.25815232399719,0.00263020876446792
"LACTB2",-0.531362054165051,0.00263220276452174
"ENSG00000183308",-0.894022699073454,0.00263634607997931
"SLC10A7",0.402194391649585,0.00263666084699956
"KIAA0930",0.316581206821652,0.00263859507459303
"LOC100507547",0.804367566052772,0.0026424068487519
"ADAMTS16",-2.3091167054823,0.00264873854641712
"IRX3",0.39011974265735,0.00264925884365445
"FBXL3",0.296349408888812,0.0026546575513278
"LOC105372432",0.455937691917657,0.0026577073768752
"SCAF8",-0.240034201227788,0.00266421677943321
"CARMIL1",1.15503566027588,0.00266429637911379
"CENPI",-0.39656973370861,0.00266986486464784
"ZFPL1",-0.227776847232467,0.0026700454366634
"DUSP10",0.655104488651944,0.00267131100143273
"ELP3",-0.316513545572784,0.00267964215073728
"ATOX1",-0.285708197309905,0.00268288976362042
"N4BP2",0.268060741874044,0.00268333473227094
"OSBPL11",-0.276059753674331,0.00268935478852512
"MHENCR",0.290411879645761,0.00269059062852058
"ENSG00000271862",0.858776958607515,0.00269072949405511
"ENSG00000218283",-0.489892363156658,0.00269262807369924
"PAX8-AS1",2.2305950200527,0.00269280691494472
"SVIP",0.332162201537467,0.00269744413329621
"RXYLT1",-0.308159400319438,0.00270005017372692
"ZNF45",-0.362590418551044,0.00270157565315051
"LRRC23",-0.600365878032143,0.00270257800780359
"SMAGP",-0.612658130466354,0.00270533553362553
"ZNF28",-0.44471624253997,0.00270677324793501
"CAPZA1",-0.254131596638798,0.00271250022719221
"ENSG00000270171",1.58839120718383,0.00271428091719831
"ENSG00000272072",2.03418632091463,0.00271640833472021
"USP27X",0.46382357621302,0.00271808318707273
"CEP295",-0.415848752910327,0.00271866700702475
"MED29",-0.279657584069985,0.00272198411953915
"ZNHIT1",0.23650122700178,0.00272476977297718
"RNF220",0.223915090875438,0.00272876305007269
"SLC35E2B",0.225955713504059,0.00272913633986229
"RAB12",-0.229376930462791,0.00273202849263131
"PABPC4",-0.240284448055853,0.0027422149935602
"RASSF4",-0.440555348747213,0.00274354781456626
"CHFR",-0.241714635614507,0.00274412152145691
"NMI",-0.562679106796263,0.0027446724298308
"TAF1D",0.297158992915355,0.0027529044054564
"DMXL1",0.275549637389129,0.00275324704825815
"SENP1",-0.302763776535392,0.0027532966014375
"TAFA4",0.89442314003871,0.00275697233139914
"ENSG00000298139",1.2422028193762,0.00275717889744423
"RINL",0.363088306679071,0.00276047291406399
"MARCHF6-DT",-0.743284968608248,0.00276379613782565
"SPAG8",-1.41669379518452,0.00276460583269631
"UBE2B",0.274950184353216,0.00276537409628562
"VIL1",0.308204897481271,0.00276538862579499
"HFE",-0.356369142473116,0.00277389790684182
"GOT2",-0.263616944550347,0.00277619329560775
"FUBP3",-0.224138681403818,0.00278307854927564
"RPS15",-0.379329444263663,0.00278382893915992
"ACTR2",-0.263996215244164,0.00278530232812571
"ARMC12",1.63143452726878,0.00278747599106301
"THBS3",0.619305813123232,0.00278955705677233
"ENSG00000304289",-1.55434442715897,0.00279300060845004
"MGAT4B",0.248823718129024,0.00279490338995902
"CDH2",0.335144955073612,0.00279580887967626
"MAEA",0.223834540375957,0.00279766047378465
"RHOB",-0.350340960223307,0.00279962817348256
"TRPV1",-0.417153155192039,0.00279991701682256
"NCOA1",0.268534150990501,0.00280111703418908
"ENSG00000279670",-0.669432870308726,0.00280492195117804
"WDR89",-0.362537488275968,0.00281458742544149
"MPDU1-AS1",0.376852982741089,0.0028196816776954
"TEAD4",-0.272558534400797,0.00282118336999923
"CAND1",-0.223401159099231,0.00282235925580574
"RN7SL832P",-0.692616725041143,0.00282396677328782
"CCT8",-0.325116320161539,0.00283046313839276
"PTBP3",0.257381331174696,0.00283231554996813
"LRRC49",-1.38985254010275,0.00283650562884692
"MRPL58",-0.527121288368639,0.00283792433798481
"CSNK1A1",0.227110766069046,0.00283823889054233
"LINC01276",1.76230246862492,0.00284051250345504
"NOMO3",0.364178251077593,0.00284283544893996
"CEP164",-0.321480844814389,0.00284761556226301
"INTS6-AS1",0.570141001214423,0.00284916700934636
"ENSG00000275764",0.512089151686457,0.00285794809284743
"CTPS2",-0.257713630612986,0.00285946183129931
"HDAC4",0.316113956298392,0.00286067324033643
"NUS1",0.263341830077861,0.00286511486774826
"ENSG00000308674",-0.482206864448175,0.00286642734706293
"SCOC-AS1",-0.847034049383354,0.00286711506279777
"ELK1",0.282089716190106,0.00286806395858262
"PGM2L1",0.410861689457451,0.00287255532019123
"FIGN",0.272915115331428,0.00287513916998478
"LAMC3",2.03414905356508,0.00287556259054505
"ENSG00000227627",-0.581216495490684,0.00287969744316289
"ZFYVE9",0.315861230183402,0.00288806384464301
"LINC02897",-1.09040971947043,0.0028889767001613
"ENSG00000272599",0.401532224255148,0.00289002659663574
"ABCB1",-0.265772226006776,0.00289532980110206
"ENSG00000270179",-1.49424409139469,0.0028970368439746
"ENSG00000279742",-1.51853616326329,0.00289823840391609
"GOT1",0.48313409760464,0.00290083119238634
"DUSP19",0.520968232072943,0.00290568037954334
"AQP11",-0.306609580922077,0.00290614407190698
"CALR",-0.324283313179326,0.00290858408112927
"FNDC3A",0.20604256904215,0.00291297599402475
"TMEM267",-0.307025292793098,0.00291344003606627
"HERPUD2",0.282172072988168,0.00291958323590975
"TTC23",-0.301324772956869,0.00292688238328201
"ENSG00000274104",0.693766451202597,0.0029310208084365
"ZNF394",0.273192447197473,0.00293117297932513
"POU2AF3",0.549470004454583,0.00293366147996133
"ENSG00000290043",1.42336739642586,0.00293510197766533
"BAHD1",-0.398415083018747,0.00293746774707277
"ZNF79",-0.390570523859669,0.00293829623053082
"CENPC",-0.410804316065613,0.00294550258854302
"RPS4Y1",-0.362284404026668,0.00295088130028141
"ENSG00000224888",1.3058381666914,0.00295248124421394
"ENSG00000214106",0.379859084842234,0.00295985258313949
"ENSG00000286835",0.579155363110118,0.00296156558924672
"ENSG00000257524",0.558423171677277,0.0029645247400905
"RCHY1",-0.335080394560438,0.00296894450835242
"MCTS2",-0.310723831974654,0.00297112958488048
"TCF7L1",0.569632133550425,0.00297828903635904
"SLC39A4",-0.538110713548717,0.00298036118492919
"STIM1",-0.286607574905902,0.0029813932446013
"ECI2-DT",0.944483031792137,0.00298522964275087
"SIAE",-0.266693180368885,0.00298963377664689
"TOP1MT",-0.312588154855022,0.00299039578802951
"ARID1A",-0.221255718362779,0.00299825292319957
"RNF217",-0.542371718194349,0.003003219260575
"SLC16A1",0.332793237152287,0.00302119237334071
"CAPNS1",-0.349390987146802,0.00302147488515012
"GAS7",1.11326797292033,0.0030292385816976
"DNAJB2",0.243844152252242,0.00303444648217032
"SEMA6A-AS2",1.050287383734,0.00303533438816429
"RPL32P29",1.10740384990207,0.00303688795212943
"CERT1",0.338946594950803,0.00303695720560711
"ATP6V0A4",1.71051497568489,0.00304503770185188
"CDC42BPA",0.334680448865944,0.00304601523731221
"DNAJC19",-0.233826511163608,0.00304919658477301
"NSUN4",0.278698371096576,0.00305069932292496
"CBX1",-0.264833887153861,0.00305359741236439
"RDH12",0.599728907033308,0.00305482797946449
"GPR107",0.245121247614755,0.00306345696179611
"HEBP2",-0.262850036128135,0.00306797434082307
"SLC16A6",-1.20299439512127,0.00306891499300566
"MLKL",-0.331221894081334,0.00306988283397737
"THAP9",0.311620490662703,0.0030771404000575
"CHRD",-0.324522153352862,0.00307798363283163
"PPOX",-0.371288509871229,0.00308302303127348
"HERC4",0.228251190333241,0.00308357560657215
"ZBTB17",0.283390307086078,0.00308526945127812
"ELAC1",-0.73751830019862,0.00309525781735481
"ENSG00000303764",0.577118527475782,0.00310146459006634
"CRIPTO",-0.665397522939847,0.00310241881731067
"TMPRSS2",0.923595542432616,0.00310255014312714
"DCDC1",-0.799863554791056,0.0031056969654339
"ZNF836",0.515257382484024,0.00310609894318026
"LYG1",0.667026686634565,0.00310732392080928
"ENSG00000230562",0.905020149200719,0.00310952111212326
"WDR41",-0.293358579718739,0.00311233000622296
"PCSK7",-0.316869819005319,0.00311463006617138
"ENSG00000246263",0.530755605094921,0.00311464946369357
"ENSG00000279281",0.537379286747807,0.00311682499244662
"LMAN2L",-0.246481201109777,0.00311848716032604
"MIR9-1HG",2.00079529480222,0.00312130592947207
"CGNL1",0.353095467883292,0.00313022243421175
"MYH10",-0.202859842180706,0.00313688376911176
"CSNK1D",0.24513528387536,0.00313722694107052
"WSCD1",-0.80535408816191,0.0031470449276994
"TLCD3A",-0.332259388894448,0.00314781210376934
"NHERF1",-0.349392031257926,0.00314994284054329
"LINC03006",-0.317295511122846,0.00315041444818214
"COG5",0.23085180664123,0.00315287647221935
"ZNF501",-0.755251383885692,0.00315486625557957
"ABHD17C",-0.783042443462333,0.00316583185641517
"NPM3",-0.305504542680205,0.00316765924084481
"USF2",0.239869989598282,0.00316864242973768
"DENND5A",0.232029492392353,0.00317183182475821
"RAB3D",-0.527650508484834,0.00317325783212176
"VIRMA-DT",0.780291643226745,0.00317377161059055
"ENSG00000295982",1.73609792169056,0.0031772499580759
"CCN2",0.892075993732141,0.00317729175806592
"RAB24",-0.328856838434813,0.00317784856849
"MPST",0.251566277825682,0.00317891689484312
"ENSG00000233476",0.717287010287122,0.00317965442977308
"CCDC69",-0.426370283274215,0.00318059434039267
"MCM9",-0.284004153359315,0.00318128312313105
"ENSG00000279700",0.924351825949286,0.00318254560484993
"ENSG00000306493",1.05776362907619,0.00318675013622938
"DUSP9",-0.256803562195913,0.00318675640626108
"C14orf93",0.337439590069131,0.00319400924002892
"ENSG00000116652",-1.67551544139934,0.0031948301461324
"OSBPL1A",1.50925585377263,0.00319701573153548
"NEK4",-0.229634287835741,0.00319737750765793
"ZNF280A",-0.849610081429296,0.00319818353175637
"EXOC2",0.286941363183494,0.00320328124020366
"SMG6",-0.265056793534143,0.00320350320681793
"PLAT",-0.832096186286623,0.00320392154160496
"COL18A1",-0.474291742146455,0.00321141708606308
"RBM5",0.310661185718086,0.00321517871708322
"H4C11",-0.876175908104715,0.00321572847462265
"TGM2",-0.40191313782175,0.00322470058552923
"CACTIN",-0.230249760805264,0.00322609809333067
"ENSG00000290021",1.23567546707453,0.00322967959330653
"PROCR",-1.10433660018519,0.00323056237316597
"CARM1",0.237162472032343,0.00323368813280547
"FBXO21",-0.222240340184787,0.00323833572402444
"ENSG00000308157",1.0036664098979,0.00324312049042525
"ADHFE1",0.645552536620218,0.00324971832702022
"MIDEAS",0.204863696697466,0.00325033140771319
"SETD2",0.247314168285779,0.0032507578832088
"NDUFAF4",-0.398734132071714,0.00325180256620364
"GNB2",-0.255503299185237,0.00325866800769381
"ZNF749",-0.417413301374839,0.00326209738601687
"ADD1",0.233427774063904,0.00326528019060214
"LIMD1",-0.22400094741878,0.00326853393290143
"TM4SF1-AS1",0.959037258278118,0.00326900498963573
"INHBB",-1.15329274204307,0.00327118743842044
"NF1",0.223639014864998,0.00327242077506017
"CLPP",-0.340409428152155,0.00327254349481422
"KDM4D",-0.87090435303809,0.00327290536187105
"AXL",0.870561280820624,0.0032755095038954
"ENSG00000210194",1.33695830558889,0.00327688401960748
"RPF1",-0.338516414969028,0.00327817808512436
"ENSG00000279179",1.41400539506511,0.0032788790964987
"RBM43",-0.582072825741779,0.00327890314419819
"LOC124905564",-0.356732992067622,0.00328792501900842
"UGT2B10",-0.264982910653986,0.00329277657221862
"LRMDA",-0.439825615396572,0.00329343737231677
"ASPHD1",-0.259722965993843,0.00329814942420454
"LARP1",-0.256132154267528,0.00330103200474496
"ADM",0.57390086810327,0.00330545193816474
"SEPTIN1",0.615395679631917,0.0033058079329228
"SSR1",0.274476799886242,0.0033073523887261
"ADAR",-0.312686107893166,0.00331184323209378
"ENSG00000290086",-1.38922741377745,0.00332475864220872
"RPL36",-0.391549917643624,0.00332528157545773
"ITGB2-AS1",0.904311952693983,0.00332810743741071
"PSMB1",-0.255840696738506,0.00333601886636721
"RELA",0.256962088025661,0.00333629489560167
"ENSG00000287031",-1.3281353689841,0.00334812506012002
"SNAI2",0.758945321340949,0.00334910376508222
"ATXN10",-0.242339511458392,0.0033530759617475
"ENSG00000287529",1.37270713529265,0.00335492626461439
"INCENP",0.307561953608527,0.00337250740831434
"TFG",0.228523162340225,0.00337569762150144
"ODF2",0.210234216463643,0.00337865965598011
"ENSG00000279591",0.650393497493528,0.00338896987096171
"GALNT4",0.484610387264656,0.00339328620794412
"GPR83",1.46662883088914,0.00339431164497168
"LINC02609",-0.381238444229355,0.00340747976657376
"FAHD1",-0.335040237462258,0.00340935786781312
"RPL38",-0.419042944842142,0.00341262623154595
"BRD4",0.240383973481317,0.00341264239847285
"ALKBH6",-0.30202377020591,0.00341608665338674
"ENSG00000249655",-2.21508754678952,0.00341855738367694
"MTG2",-0.245311196201213,0.00342010002720905
"FZD4-DT",0.889404177074574,0.00342046943819643
"SPTLC2",0.334721011229762,0.00342294629432066
"ARL4A",-0.531971357233474,0.00342434074593158
"L3HYPDH",-0.369327369035541,0.00343300528030787
"CARMIL3",0.584780224297989,0.00343584404143994
"KANSL1",0.234825323766442,0.00343615807210846
"LINC00174",0.382643164797866,0.00344518975413674
"ZNF839",-0.398595624720073,0.00344619825105198
"TXNRD3",-0.576936331478018,0.00344728473484109
"MZF1",0.308267069882598,0.00345129160196663
"LOC155060",0.562615171742872,0.00345455008219404
"SORCS2",-0.723929954946949,0.00345909580055278
"IDI1",0.217821932507637,0.00346751576067636
"GUSB",-0.321034539188482,0.00347433241859785
"FBXO41",-0.289938763214454,0.00347505587584744
"ZBED3-AS1",-0.643145294023832,0.00348176817356612
"ERAP1",-0.456795224783297,0.00348863739290153
"ENSG00000273329",-0.495315316146162,0.00349539679111865
"MICAL3",-0.363198976584696,0.00349754583717646
"TBC1D12",0.315069962809717,0.00349926136398036
"MED10",-0.329367943528601,0.0035004765671444
"SGTB",0.296305080357446,0.00351865942747226
"PHKG2",-0.287416473207961,0.00352301973174804
"HAL",-0.683100170414692,0.00352514867581191
"ENSG00000310535",-1.53834245144829,0.00353404473676677
"ENSG00000286681",-0.784273552030435,0.00353530455851544
"RPSA",-0.279491667656472,0.00353854611137349
"THOC7",-0.380556436387539,0.00353917104206317
"TGFBRAP1",-0.267761223767982,0.00354812875728406
"NUDT6",-0.444923833990929,0.00355817311472697
"XPO1",-0.357978551383002,0.00355951754874695
"RCOR1",0.255942999907213,0.00357445230582368
"EPB41",0.254524659884665,0.00357478581735082
"ENSG00000128692",-0.831266536649097,0.00357860980038316
"LRRC3",-0.316443621359604,0.00359863338835376
"LOC124904242",-1.30961898138674,0.00360035271011832
"AP1G2",0.276887858358595,0.00360454462063764
"MKI67",-0.250475809295593,0.00361152494399504
"BTN2A2",0.293304473826148,0.00361899963536452
"EDEM2",-0.270498019494558,0.00362640420411378
"RBM22",0.265759247334967,0.00362951148675198
"RTN4IP1",-0.587447812363333,0.00363530747462463
"ENSG00000290546",0.923541254262971,0.00364144116840766
"RBM3",-0.321223734012263,0.00364647517239584
"CHI3L2",1.58254648585705,0.00364880907032706
"PPP1R21",0.23911153539955,0.00365037514442833
"ENSG00000298662",1.46844379023771,0.00365217029347809
"ENSG00000261884",-0.346235186952554,0.00365426758464388
"MYPOP",0.287480441579353,0.0036621352656347
"XRN2",-0.243894858734005,0.00366219790059341
"HNRNPUL1",-0.229209238230196,0.00366683409426284
"AMPD3",1.17861937257416,0.00368175667975417
"LCLAT1",-0.407381183620599,0.00368197131839255
"CATSPER2",-0.622547906666249,0.00369168823380448
"AP5B1",0.320503733278426,0.00369312250624158
"SND1",-0.358511873832055,0.00370138785382324
"LINC02728",0.842901891101619,0.00370256178843296
"SLC7A5",-0.386930620461529,0.00370531392553049
"MED27",-0.306387504915555,0.00370602892971691
"HPGD",1.09006853288548,0.00370967725474406
"ZBTB25",0.294656017532765,0.00371198304741401
"NUP54",-0.236704124317386,0.00371199018074567
"DECR2",-0.238973671929765,0.00371631551644865
"ZNF529",0.265141935649904,0.00371632943611866
"ZNF181",0.288984466480247,0.0037208684679489
"ENSG00000293142",1.09096392967039,0.00372235638048744
"LRP11",0.286116486919791,0.00372998627302907
"ENSG00000286240",0.856185423467245,0.00373044720518248
"PDIA2",-0.756318505002302,0.00374368296283268
"ENSG00000302786",-1.06013306240935,0.00374395468488264
"PDCD6IP-DT",0.49398345334247,0.00376097770051484
"UFSP2",-0.38706173917808,0.00376951397346449
"ENSG00000259668",2.78722555101266,0.00377293508283992
"VRK2",-0.270211239312203,0.00377517708438519
"SLCO2B1",-0.68871537289415,0.00377839188975911
"PLEKHM2",0.210541840612825,0.00378004902719565
"RAPGEFL1",0.316954974179576,0.0037822326848127
"NEXN",-0.592335372077994,0.00378431931229793
"NR1D2",0.424555788850676,0.00378483825831304
"LGALS4",0.776897254844513,0.00378489235698059
"NUP50",-0.193891638959077,0.00378992374236321
"ENSG00000215105",-0.486618073235386,0.00379194454390351
"ENSG00000262514",0.877494001567642,0.00379627397464558
"LINC02538",1.38098971857446,0.00379923683731662
"HEATR6",0.247585521099127,0.00380119151371763
"LOC105376380",1.52207173126742,0.00380181497450412
"LOC124908099",-1.22553623549913,0.00381131492155062
"RIMBP3",-1.91637057536283,0.00381272713062114
"CRAMP1",0.25090346781641,0.00381398081976242
"ENSG00000293107",-0.38225006464678,0.00381614171645971
"CADM4",0.292678809416251,0.00382365674148194
"ENSG00000267838",-0.581391276515507,0.00382838001048315
"CDC27",0.212918322202856,0.00383119800923721
"FBH1",-0.211646707239907,0.00383134004793074
"CD207",0.913225689399513,0.00383150800986221
"FERMT1",-0.331285585999382,0.00383378431921773
"SOCS2",-1.16812435339316,0.00383418489097842
"CYP27A1",-0.31570053602321,0.00383718940950603
"RAMAC",-0.308448807783531,0.00384713462939252
"ENSG00000272510",0.898019218557443,0.00384782685325786
"ANGEL2",-0.252073361113618,0.00385157921362764
"ANAPC4",0.295743191932657,0.0038554530605507
"ENSG00000273381",0.917135820708753,0.00385749073065135
"B4GALNT3",-0.623496514289665,0.00385781555474308
"REEP5",0.27799945337153,0.0038626305251856
"ENSG00000205740",-0.904684904152918,0.00386583038122851
"MAGEE1",-0.419984646392368,0.00387213968476761
"C1orf54",0.977874194909494,0.0038740024690457
"GFOD2",-0.279242865340151,0.00387844668925209
"DYNLT2B",-0.649763654219805,0.00387987633676144
"ZBTB39",-0.30983503109573,0.0038873662137401
"DNAJC24",-0.300543144264852,0.00389407519865447
"SNRPB2",-0.24587973311528,0.00391355290365387
"DHTKD1",-0.371086482312387,0.00392508725427115
"ENSG00000302846",1.38512289785913,0.00392894294416163
"CASKIN1",0.389731578734787,0.00393120402081254
"ENSG00000250387",0.690393912464653,0.00393204962528855
"COX7A2",-0.300770546819057,0.00393340984763789
"SNRPF",-0.354341636704866,0.00393949050545529
"ZNF644",0.209924274907505,0.0039485538302909
"CFB",-0.305739716370541,0.00395317094827281
"PEX2",0.268658533868022,0.00395871843523055
"PPP4C",0.224654767348552,0.00396021206648262
"NCOA4",0.299414565357453,0.00396869648075697
"VPS45",-0.246291657998147,0.00397711086168154
"UBQLN1",-0.242531469677415,0.00398269624979282
"HIGD2A",0.293757007126466,0.00398464286954607
"ABHD14B",-0.237546262118408,0.00398647836454905
"OBSL1",0.309220417984434,0.00399551631399503
"C3",-0.458582582295854,0.00400137790295512
"ENSG00000271795",1.02190705367829,0.00400873153101357
"XPR1",-0.324125161034957,0.0040141223340767
"DOCK7",0.240283379431199,0.00401800664889937
"ZNF497",-0.475775297235361,0.00402300606151872
"AZIN2",0.531229633160485,0.00402784935037487
"KARS1P2",0.494776032967809,0.00402835767629901
"ANKS3",0.323692119649237,0.00403648743042847
"OPN3",0.378286018598575,0.00403764720991726
"SDHAP4",0.299956518328027,0.00404032533137295
"POTEF",-0.67003972096617,0.00404179904218638
"EEF1A1P3",0.867014107884937,0.00404264766557601
"DIABLO",-0.258487641889078,0.00404311680359817
"PHC3",0.251710715673642,0.00404744833011365
"GPATCH1",-0.29279525076141,0.00405070297549024
"ENSG00000287908",1.82234265701616,0.00405088502274318
"LY6D",1.36266139464604,0.00405492000220565
"UAP1",0.251177667004215,0.00405529337468925
"ENSG00000285733",-0.988689363160554,0.00405566390026146
"LNCATV",0.75986917442851,0.00407255925118127
"STXBP2",0.24062337228665,0.00408207260651763
"MIR762HG",0.546897840103723,0.00408220382576905
"RAB36",0.714349557740442,0.00409218492483495
"ZNF101",0.290821586733375,0.00409290777934558
"DHCR24",0.340147052556952,0.00409361171910414
"DNAJC22",-0.213016689236055,0.00409487544133964
"KCNK13",-0.462242186402818,0.00409554162493088
"XAF1",0.53321821148986,0.00410239417433815
"EPB41L5",0.243903344475708,0.00410337473691786
"MAGI2",0.518852488336791,0.00410753774280536
"CCL14",0.525287964540322,0.00410946959130771
"SEPTIN7P9",1.21249402813827,0.00411008065046772
"ENSG00000287234",-1.13906427132051,0.00411727752100778
"LINC01819",1.25672432952202,0.00411753341241639
"ENSG00000272942",-0.389292648540865,0.00411844554209289
"LOC105377035",1.14616909733472,0.00412026447719036
"HIPK3",0.28297663212988,0.0041211623585944
"FGD5-AS1",-0.199775610731526,0.0041265661787119
"ENSG00000286017",0.801021998950103,0.00412685969653122
"CD2AP",0.221102609521401,0.00412891395757958
"ANKRD10",0.2572177150138,0.00413053091688163
"GUSBP2",0.470451963675506,0.00414439265650871
"ENSG00000288056",1.21091490568626,0.00414762719806288
"RPGR",0.296169512115873,0.00414793753316797
"MBOAT7",0.232772396326598,0.00415486994619208
"YKT6",0.245053976836478,0.00416001608170157
"NCOA7",0.301136386492533,0.0041617321548145
"NDUFA6",-0.305360041607254,0.0041620129768421
"ENSG00000291054",-0.738344485636898,0.00416315666010303
"PLG",0.324393455014398,0.00416510447598381
"ENSG00000290085",-0.626955639659393,0.00417190616571523
"MAN1A1",-0.312507262486558,0.00417353584175365
"DEGS2",1.4781382893694,0.00417422746860516
"EXOC7",-0.197350634954805,0.00417475417171049
"NUDC",-0.438659229310968,0.004181165652478
"TRAM2-AS1",0.435876991825202,0.00418599762229836
"TMEM25",0.365329058303537,0.00418707370840118
"ART4",-0.376094542991351,0.00419614315606697
"ENSG00000267395",0.839272886901667,0.00420002487119483
"LRIG2",0.341704275596391,0.0042060853209498
"PUDP",-0.362810457773272,0.00420706815691832
"CYB5D1",-0.347311567395547,0.00420759129573401
"ARHGEF37",1.4324784508726,0.00421700134645283
"PDK4",1.35819936422176,0.00422064492109566
"ENSG00000303475",0.849102552601904,0.00422796533181097
"SAT2",0.287994523376703,0.00423842093092596
"IPO8",-0.278626580594297,0.00424311160250122
"ENSG00000229692",1.38234155863365,0.00424386039380232
"CGRRF1",0.376729473498878,0.00424423363434208
"CCP110",-0.28238479853911,0.00424760331771763
"ZNF286B",0.54845133017025,0.00425933332483887
"LYSMD4",-0.295420740200239,0.00427323709564234
"TSKU",-0.380678509619173,0.00427578120980552
"HGD",-0.237373857503788,0.00427714137363972
"AAMDC",-0.284591249207035,0.00428713569341115
"VAX2",0.611396346562823,0.0042898974566352
"ID3",-0.399306610040731,0.00429276805865688
"GDPD3",0.368204776595198,0.00430232086251977
"TMEM59L",0.527180913372094,0.00430326421626601
"ENSG00000303565",1.0620293272179,0.00430380480359317
"GJC1",-0.467841624983047,0.00430507237370783
"MAPK14",-0.202589032254154,0.00431232400377473
"TIMM17A",-0.276926678450106,0.0043166650913688
"DMD",-0.28693074758589,0.00432037679207092
"PIGB",-0.327188581169864,0.00432630537504157
"ENSG00000307684",1.11754232966508,0.0043296699134518
"LOC124904613",1.24270211073887,0.00433263032151347
"RNU1-2",1.24270211073887,0.00433263032151347
"RNU1-27P",1.24270211073887,0.00433263032151347
"RNU1-4",1.24270211073887,0.00433263032151347
"SLC25A15",-0.210027093799968,0.00433711526929108
"TRIM33",0.224976696261906,0.00435629245664246
"MTMR12",0.28341937664171,0.00435919871154648
"ENSG00000276517",0.686136945459562,0.00436382794369089
"LSM4",-0.272515699446659,0.00436520564036685
"ANTXR1",0.345538113070576,0.0043656810566891
"TIPRL",-0.343509884709,0.00436943996584947
"TFF3",0.939202975836491,0.00437213316766452
"FBXL18",0.32785881133683,0.00437335085160332
"PDX1",-0.707096979069755,0.00437477358136407
"SGO1",-0.313766288704893,0.00437903787870802
"CASKIN2",-0.257721445932424,0.00438355715514217
"CYB561A3",-0.305228567597468,0.00438388189747984
"ENSG00000273424",1.23567672800724,0.00439663405432093
"KPNA2",-0.212978004534173,0.00440033905888536
"ENSG00000185168",1.18800232977675,0.0044030696282593
"ENSG00000288637",2.4080572483311,0.00440330845609085
"MOAP1",0.387516050523115,0.00441417802681385
"ORAI2",0.30698410871218,0.0044166775254856
"ENSG00000274270",0.868584280946991,0.0044204916679847
"ENSG00000277662",1.24354281071451,0.00442117456086251
"TENT5B",1.98420867892121,0.0044228729263248
"CRYGS",0.549424560554526,0.0044269142882374
"EEF1D",-0.251466795217191,0.00443071915499025
"ENSG00000251485",0.912657581437276,0.00443084097984368
"FAM110A",-0.594058468133561,0.00444256349228306
"TMPOP2",-1.17292434977221,0.00445268902128256
"SACM1L",0.222160189717978,0.004454186465879
"SLX4IP",-0.283752301668915,0.00445757646919044
"ENSG00000230555",0.872307754687546,0.00446929199818271
"ENSG00000289017",1.13449162556649,0.004473317630257
"ENSG00000255893",-1.32835284273053,0.0044739068616166
"NUDT21",-0.227586609475113,0.0044757493538269
"PARP16",0.420119541575339,0.0044791744320553
"ENSG00000272505",0.572309827461742,0.00447984034095656
"BIVM",0.232665958830522,0.00448120903434993
"ZNF738",-0.491250431076366,0.00448363470609921
"TMX3",-0.303253938885934,0.00448495532831055
"CCNI",0.253675488764755,0.00449619655482252
"ZNF483",-0.445755880989374,0.0044972775359973
"ATG16L1",-0.312484504316225,0.00449868636795266
"FKBP7",0.331464542904657,0.00449954651065542
"RNF40",-0.219978120720547,0.0045006000505184
"NATD1",0.713052690422912,0.00450630337774596
"KLHL18",-0.31226401201353,0.00450860309302782
"PHLDA1",0.384142458992267,0.00451572551458416
"KIAA1614",0.86251938473425,0.00451967493032207
"RPP38-DT",1.00522759483115,0.00452256446631187
"HHIPL2",-0.897890918114082,0.00452289893636351
"CLDN23",-1.38634620038475,0.00452986759682985
"EIF3J-DT",0.270055834845248,0.00454593920220471
"MRPL50",0.249534953677651,0.00455080603203407
"RFXAP",-0.324649256141254,0.00455284322503534
"TEF",0.530294885505947,0.00455882706664601
"AFF1",0.250755019747578,0.0045624692340335
"HAVCR2",1.49419214543517,0.00456307236410861
"ZNF169",0.363615797831366,0.00457605194706239
"LINC02021",-0.685566578759734,0.00457892950526682
"ENSG00000238039",-1.29383660678602,0.00458038539718339
"CDC42EP2",0.423467009400646,0.00458766332014017
"ISCA1",-0.262057983220838,0.0045959602136833
"ENSG00000302224",0.990382451599011,0.00459615166883948
"PTDSS1",-0.274015453732936,0.00459801882799335
"ENSG00000289004",-1.07994126089946,0.0046027018829027
"ENSG00000278996",-3.20168116150868,0.0046055231644497
"DPH7",-0.233668663144168,0.00460974315250106
"LOC105372295",0.442676027550967,0.00461016271065048
"RGS2",0.982234729123223,0.00461261059903116
"VSIR",1.36088613076049,0.00461804595441657
"PARK7",-0.308589024562687,0.00461955309254811
"THRB",-0.484193162807937,0.00462051664839575
"ENSG00000272572",-1.17935962090383,0.00462237976205135
"ERAL1",-0.240300917722239,0.00462343377230095
"RPL17-C18orf32",1.05060276654024,0.00462475236853189
"TEPSIN",0.241747018928626,0.00462568441411192
"SCAND1",-0.361430742782257,0.00462735553832582
"ADAMTS2",1.01753656144569,0.00463191505685458
"ERMARD",-0.430522391040632,0.00463305377045154
"ENSG00000290938",1.86368493576178,0.00466154951828536
"RACGAP1",-0.311489698469256,0.00466234836498471
"GRAMD4",0.271255933602175,0.00466737544845649
"MAMDC4",-0.3846255819914,0.00466808837424762
"PLAC8L1",0.711845890178777,0.00466970944592142
"IFI27L1",0.488712205324125,0.00467589015311241
"SRRD",-0.331165592738577,0.00467890912672999
"ENSG00000272812",0.614254434005542,0.00468991923687525
"RAB22A",0.226655825160489,0.00469178739422707
"GATA6-AS1",1.40041758652021,0.00469749849441326
"RPL21P75",-1.52160704337417,0.00469928888596119
"SHBG",-0.448833588329234,0.00470763714689335
"ENSG00000262881",-1.05014974698469,0.00471586462556026
"ENSG00000303650",-2.08895479135554,0.00472746943792058
"ARHGAP27P1-BPTFP1-KPNA2P3",0.280107404293686,0.00472919161376698
"LOC100652758",-0.522887612208313,0.0047372858024391
"PLD2",0.229019432513538,0.00473822362536632
"RPS6KA1",-0.23691151156804,0.00474425048231392
"RNASEK",0.259851400447696,0.00475034167726072
"ENSG00000289494",-0.559958618159607,0.0047548406775062
"FBN3",1.01255510442693,0.00475567941424703
"CTTNBP2NL",0.401597053285934,0.0047562221564962
"ENSG00000260566",0.384835549317259,0.00475712251097774
"ENSG00000279199",-1.19557609238147,0.00476742845897385
"ENSG00000269846",-1.09464917780324,0.00476895303151928
"ZNF251",0.273293106057788,0.00476900630385774
"SARAF",0.292083984146143,0.00476992530834763
"CMTR2",0.30659085494839,0.00479595129222661
"DDX6",0.211824255555212,0.00479628868708713
"PARD3",0.256840629860365,0.00480214183657136
"ZNF699",0.665158450593369,0.00480221597761584
"MORC4",-0.456625418535168,0.0048071546933623
"C11orf52",0.563767128586264,0.00481251327902127
"ENSG00000282508",-0.356168323418537,0.00481427609253186
"RGL1",-0.502496599899159,0.0048176278341744
"ACVR2B-AS1",0.584979697470972,0.00482581372317729
"DUSP8",-0.413750698847847,0.00482896389062417
"VIRMA",0.218423932942534,0.00483215705625376
"TMEM151A",1.38979081847863,0.0048473878762779
"IRF1",-0.393181447703427,0.00485042703822221
"ENSG00000231113",1.2349607544284,0.00485399498610827
"CHERP",-0.200139547668668,0.00486500835673841
"CDC42",-0.25129068132041,0.00487445423122041
"GATA4",0.22173185879793,0.00487647639407505
"ENSG00000297156",-1.1693726000956,0.00487909867710183
"ENSG00000231703",1.55821056188656,0.00488879838728055
"SYNE3-AS1",-1.47736867512157,0.00489040587930536
"BIN1",-1.17927175340209,0.00489325020507314
"CES1",-0.621449992673706,0.00489395938352963
"MTF2",0.244645704982037,0.00489462691229284
"GATA6",0.604063102846954,0.00489521129492408
"PARLP2",-0.643630319643976,0.00489815264967977
"FXYD2",0.617939100994744,0.00490646104023191
"SEPTIN4-AS1",1.23795635871186,0.00490717383385179
"RNFT2",-0.48948826304987,0.00490809480120128
"FBXO30",0.277741918945638,0.00491181425268967
"ABCG8",-0.419972382782588,0.00491707730112535
"NKAPD1",-0.270824279614455,0.00492006323133341
"MYO10",-0.393277673345888,0.0049253263372541
"FAT1",0.285721453873317,0.00492599379766281
"P2RX5",-1.09768746901748,0.00493384292730121
"TMX1",-0.271168287009507,0.00494909979184333
"ERF",-0.224504812469218,0.00495023173495927
"ENSG00000288097",1.55138700542165,0.00496573234193858
"GPHA2",-0.383524955273675,0.00496666561375137
"F2",-0.263685668217616,0.00497725648711276
"GDI1",0.216333281406627,0.00497747041663704
"COQ10A",0.398928061847249,0.00497866343289721
"CCDC73",1.20110074359624,0.00498247639386261
"KLHL25",-0.447473827032627,0.00498805372687433
"ENSG00000229178",1.06743718747321,0.00498991044884835
"MRPL44",-0.279731585535748,0.0049928992827804
"RNF216",0.228784682685437,0.00500057796426448
"IP6K2",0.306558144194125,0.00500146964822115
"KIF23-AS1",-0.919324211454039,0.00500387842839917
"LCDR",0.429340461365122,0.00500652704748832
"UHRF2",-0.24811138342832,0.00500778328798751
"ZNF570",0.416211856763324,0.0050241249499294
"ENSG00000144785",-0.92195937484115,0.00502916432957563
"TSPAN6",0.279381699051626,0.00503480607255576
"OGDHL",0.396260689121544,0.00503691063132978
"LOC124906262",0.330799901710687,0.00503860921550487
"ENSG00000225689",1.05571927774579,0.00503971055200431
"CHID1",-0.258542621275919,0.00504876155610015
"LINC02870",-1.10718275011471,0.0050518249467261
"HTR1D",0.680821556673064,0.00505202122795419
"GEM",1.67729853030044,0.00506248760796318
"LOC124905030",1.53677567794554,0.00506337638702405
"PTGDR2",-1.17356907072454,0.00506450618958362
"ZBTB11-AS1",-0.478120632028619,0.0050708910710254
"ENSG00000286033",0.780923555375304,0.00507226449844813
"YJU2B",-0.234689664477771,0.00507520668125977
"TBRG1",0.233048229423211,0.00507588936755437
"TMEM184C",-0.312673340260489,0.00507849483398099
"ENSG00000270426",1.51413043408327,0.0050893730068028
"ENSG00000304454",1.94806387804055,0.00509243927318876
"COA7",-0.300756468315998,0.0050930931789404
"ENSG00000282772",1.13004282332243,0.00510147196343329
"PLA2G1B",-1.0490954806728,0.00510465163674647
"ZNF486",-0.632108917172164,0.00510613035693838
"EEF2K",0.213467666507863,0.00510780529868578
"GK5",-0.262728179879191,0.00510821632652585
"LSM12",-0.214896501525278,0.00512308645925278
"FKBP9P1",1.66933627128429,0.00512995738538975
"PLIN4",0.459473059382097,0.00513615149087935
"DNM2",0.198261865049246,0.00513785231172391
"ZNF385C",-0.654688687039464,0.00513888417093199
"ENSG00000300150",0.756184897113508,0.0051469256121493
"BAG5",0.251407915850398,0.0051560043612665
"RPLP0P2",0.991345318055702,0.00515699123234942
"COMMD8",-0.373421881111747,0.00515975230136145
"ALDH8A1",-1.02035020731338,0.0051628940967937
"SPART-AS1",-0.987935687403675,0.00516449350704047
"ENSG00000275437",-0.668978537038995,0.00516510048927772
"ENSG00000310418",-1.16753105518536,0.00517069770204138
"FXR2",0.216840311141054,0.00517485218218024
"FLJ30679",-1.22229786626452,0.00518261115480491
"CDK5RAP1",-0.236075614430361,0.00518330362570337
"ENSG00000261061",-0.694881852439154,0.00518332702081587
"CADM1",0.390832029713551,0.00519672421798574
"CLSTN1",0.302242397239636,0.00519915214958675
"ENSG00000287190",1.0070059841392,0.00522815502202564
"FAM110B",-1.11027679917988,0.00522957005846294
"ACKR2",0.449894219443481,0.00523110901817349
"ASH1L",0.2468532184931,0.00523630428351925
"MDM2",0.332425932123194,0.00523736893229303
"CHPF2",0.359387977570835,0.00523968256039226
"ENSG00000270361",-1.20997510930281,0.00523977015704997
"DBNDD2",-0.550166368599196,0.00523997301637012
"TSPEAR-AS1",0.427233003163459,0.00524175824283174
"ARPC2",-0.315869793806544,0.00525063270521294
"ENSG00000279453",0.561352858925619,0.00525805473229094
"ZNF446",-0.515256458823587,0.00525845198458317
"HABP4",0.347705047361786,0.00526058146699888
"SH3GLB2",-0.278262655627861,0.00527338880142379
"PRKCI",0.232182355708908,0.00528730181768227
"ZNF350-AS1",1.42974228596937,0.00529428420433632
"SSNA1",-0.265173610707639,0.00529469219898796
"POLR2A",-0.281786286742855,0.00529509498994138
"ZNF182",0.26391525443068,0.00529649064601783
"RIPPLY1",-1.73256997943382,0.00530597115142156
"ARID5A",-0.302340359437758,0.00531536282658404
"TRMT10C",-0.299835705421354,0.00531844944925345
"IL18BP",0.309665991400129,0.00532253306129974
"RPL35A",-0.331100973800072,0.00532533963791035
"CMAS",-0.291100153416981,0.00532887355762545
"G2E3",0.245758088351841,0.00533411642639518
"GABBR1",1.18655317214851,0.00534281531506747
"C20orf202",1.50330849878299,0.00535372125538609
"CDKL3",0.713028439079401,0.00535765703914427
"MELTF",-0.555323773752249,0.00535855917980178
"DPP9",-0.179856799767405,0.00535955308352672
"ZNF32",-0.374625854039744,0.00536273785670436
"NKD2",0.853846361544511,0.00536374858211302
"CEP83-DT",-1.04619481481811,0.00536646817628014
"GLB1L2",-0.667616505869627,0.00537607777295215
"ENSG00000288973",0.36870208211331,0.00537932778080413
"LOC100420981",1.08977531649535,0.00538104244953419
"TAT-AS1",0.843185918317162,0.00538699626371548
"PDIA5",0.265930278546396,0.00539289032404838
"TMBIM6",0.267308014739187,0.00540377372121365
"ENSG00000305200",0.847853510388779,0.0054049959543139
"MCRIP1",-0.25432028912491,0.00541082694774607
"COX7A2L",0.254849133942548,0.00541467881957136
"ENSG00000278864",-0.711835536713061,0.00542060535029266
"ZNF581",0.275468082986865,0.00542610579781362
"ZNF433",-0.463627652311352,0.00543420432735202
"REPIN1",-0.229202362151403,0.00544224452626426
"FAM223A",0.736247032549404,0.00544397107798027
"FAM223B",0.736247032549404,0.00544397107798027
"ENSG00000275413",1.45595145758151,0.00544682007773832
"PFN1",-0.362631694618805,0.00544734772063129
"ENSG00000228839",1.91309644583272,0.00544880722431117
"YRDC",-0.364178773706277,0.00545356753602321
"SIRT6",0.295291998682198,0.00546235973327128
"SH3GL1P1",0.714221808641138,0.00546629909617668
"POLR2M",-0.245717172543534,0.00546859609162597
"FKBP1A",-0.284270789868394,0.0054839339394733
"ERRFI1",0.502068957499803,0.00548723808956454
"TBCD",-0.209694803166416,0.00549395141617481
"DNAJB5",-0.60670343212152,0.00549629228728535
"FNTA",0.176697280257157,0.00549637000566089
"ENSG00000270175",-0.614814303424883,0.00549874523481396
"RND1",0.46829744116954,0.00549972514809189
"LOC441179",2.25985867174136,0.00550382641794732
"LOC101928234",1.19477448514277,0.00550901791718367
"MRPL1",-0.302443940205339,0.00552236431791597
"LOC554206",-0.615047511832074,0.00552770029538956
"SPATA24",-0.617938626336991,0.00553799354028172
"TMED9",0.298140057471821,0.00553805591901149
"DNM1L",0.179608347935308,0.00555009589621795
"RDH14",-0.278727790556985,0.0055539497235781
"ENSG00000282393",-0.594008916215064,0.00555929109195691
"CCDC90B",0.267362715465325,0.00557220022737845
"LZTR1",-0.224828068197199,0.0055729201065058
"FBXO43",-0.447207175499204,0.00557647598214621
"ENSG00000289407",-1.3550853553461,0.00557744736452084
"TJP1",0.222726787066101,0.00558300078919753
"WBP1",0.205166021898874,0.00558530357406428
"BISPR",0.315348948102822,0.00558667230974074
"KCNMB3",0.288539489426351,0.00558744983981812
"ANKRD17-DT",-0.480221377456424,0.00560099580430153
"RRAS2",-0.317823105593793,0.00561250395037555
"PCNT",0.265553265684741,0.00562849775452907
"TBC1D3I",1.78430254257995,0.00562900533999384
"MRPS35",-0.282978800060468,0.00563442071039651
"ATRAID",-0.25355944813815,0.00563458628919747
"DDX50",-0.325608660178476,0.00564289991114905
"CYP24A1",-0.913514128507422,0.00565818113524792
"SEC14L4",1.21575789950902,0.00566630484875663
"NRBF2",0.282766330481379,0.00566678252620777
"DNASE1L3",0.89782992953484,0.00567659923843544
"ICMT-DT",-1.46457959216351,0.00568777823067792
"PTP4A1",-0.249930701175655,0.00569265420692911
"LINC00339",-0.336788497133148,0.0056953189078517
"HSP90B1",-0.33244319832607,0.00569634257419651
"VASH1",1.06305924073253,0.00570314466191661
"RPS2P47",0.782888774066936,0.00570330523550256
"ENSG00000293482",-0.896111408581699,0.00570699621363091
"PRSS36",0.716226580653405,0.00571642584338625
"DNAAF19",-1.63221743933376,0.00572413452271438
"ADSS2",-0.246096097483784,0.00573300509164753
"ENSG00000275719",-1.1116399773607,0.00576079291599276
"ENSG00000291241",-0.923217893250221,0.00576771727918077
"OTUD1",0.804519928057149,0.00576820507871049
"BCAM",0.469554074910356,0.00578663532316387
"VEGFB",0.385955168194187,0.0057875376222401
"ENSG00000227306",1.26319765226803,0.00578946973408511
"MKRN2",0.222598484051305,0.00578965099681656
"MAP7D1",0.339911061914159,0.00580233100337212
"ENSG00000286614",-1.27976272193112,0.00582509851453055
"PARL",-0.243513755635977,0.00582805723092538
"MGC12916",-0.515045152076584,0.00583823533899055
"ENSG00000261916",-1.17983993770466,0.00583943233243286
"PPM1N",0.935681946892229,0.00584717113245611
"ERICH1",-0.211256126182808,0.0058487564125971
"ENSG00000260966",2.72539647573119,0.0058627634667238
"SLC17A1",1.11653394525065,0.00587941366639314
"ENSG00000279689",0.73457508213295,0.00588008888709273
"KLHL5",0.322465856709193,0.00588492358098541
"ENSG00000257366",6.7542907558021,0.00588677678534653
"LTB4R2",-0.381768122889064,0.00589808892652501
"ENSG00000214189",-1.28903056486317,0.00590841528889064
"SYTL3",0.904835751327551,0.00590874945886331
"TRIM73",0.668336512221683,0.00591245423646567
"CARD10",0.245396888111257,0.00591667933123674
"UEVLD",-0.358562552608071,0.0059201655620791
"DOP1B",-0.333659170176863,0.00593255382760212
"HSPG2",0.253062907269564,0.00593403090526223
"WAPL",-0.196197533058282,0.00594475214694206
"ENSG00000285999",1.03301823623596,0.0059542446580162
"TOPORS",0.238058547529685,0.00595701488196747
"ENSG00000262879",0.231121849503664,0.0059585742141697
"ENSG00000275055",0.646990335937526,0.00596354639549406
"ZZZ3",0.201250274450247,0.0059653629162482
"SMAD6",-0.439526557288258,0.005969197189121
"SOCS6",0.240038132916752,0.00597269915387503
"PWWP2B",0.339729856475503,0.0059752716943329
"TRIR",-0.326166510941133,0.00599110091082971
"KIAA2013",0.230288632308774,0.00599830526949159
"ENSG00000228791",0.86006291001647,0.00600136113378542
"ENSG00000279613",1.29502281739709,0.00600380084033937
"UBAP1L",0.352753575461749,0.00600959911751392
"ENSG00000272831",-0.492536588443018,0.00602047840385051
"AZIN1",-0.198782738082922,0.0060254717359636
"ENSG00000229666",-1.05078593915959,0.0060268060392931
"LOC101928565",0.707607119082939,0.00602928860006232
"NDUFA12",-0.2559767715361,0.00603842483197495
"ENSG00000291296",0.885541118389779,0.00604307777219764
"PCSK1N",0.414975914683512,0.00604747231390696
"PRPF38A",-0.221348054682004,0.00605241917778376
"HRC",0.313461486166851,0.00605565663098976
"DNMT3L",-1.52553464541768,0.00606908014173381
"ENSG00000239883",-1.04502977081838,0.00607515556920774
"BCAT1",-0.313368643441371,0.00608301587705175
"C11orf71",-0.312153587893301,0.00609060038087676
"PPP2R2D",0.21564871182385,0.00609170052545144
"NMD3",0.223893986524356,0.00609229680341569
"ENSG00000260604",-1.0343352805823,0.00609549436701477
"TIGD6",-0.633209677461818,0.00610105370082682
"MRTFB",-0.207230960070858,0.00610344762169649
"BICD1",-0.467840029165222,0.00611253837967495
"DUSP28",-0.331674930085009,0.00612232943331841
"CDKN1B",0.201543444692576,0.00613658697681765
"IMPA2",-0.316914416290758,0.00613814655717088
"DAZAP1",-0.191776109937231,0.00614025463770047
"NPFF",0.47477024936984,0.0061465967700351
"VHL",0.248553937751027,0.0061791987790516
"SFT2D2",-0.319149500521577,0.00618485241448065
"ENSG00000257681",0.778602323298488,0.00618950174308814
"ENSG00000273259",0.423099005643413,0.00619977098709765
"TTK",0.281263728328836,0.00620559428087267
"GPBAR1",1.37697114580969,0.00620799696813399
"GIGYF1",0.277684900468265,0.00621419263934607
"TOR4A",-0.252192369390541,0.00622084063114561
"EI24",-0.220360579327407,0.00623050787527466
"NICN1",-0.439263222636905,0.00623075329575899
"FAAP20",-0.233326945829872,0.00623146396564351
"LDLRAD4",0.381732215560847,0.0062345746722367
"YBX1",-0.349056127731442,0.00623545096014206
"GRIN2B",1.79978317685133,0.00623785193417279
"ENSG00000249661",1.23859236384795,0.00623788956392003
"ARHGAP11B-DT",0.469168282875451,0.00624102207720995
"BMP2K-DT",0.934198180481798,0.00624981727840179
"HSD3B7",-0.206417432675103,0.00624994944122127
"CDKN2B",1.03961317174182,0.00625702362692688
"BICRA",0.290569941822599,0.00625761025606183
"DLX1",0.923221834821621,0.00626353803855973
"HLA-H",-0.711488025766368,0.00628069675248428
"KIF23",-0.251418055488812,0.00629364612174482
"ZSWIM6",0.447508132739323,0.00629847910788844
"COLGALT1",-0.304525904685447,0.00630035908011288
"GARRE1",0.229309356135924,0.00630530803074458
"CTRB2",-1.40713358364693,0.00631028897704439
"NOA1",0.25166895829876,0.00631368020179094
"LYRM4-AS1",-0.583213971100968,0.00631753784384572
"RHPN2",0.423054228029485,0.00632211937289745
"PTPRU",-0.326812539794189,0.00632332749247407
"CYP19A1",-0.444411720031943,0.00632872448526371
"RPL21P16",-0.541592267689435,0.00633424369708782
"ENSG00000225292",1.75627929691039,0.00634273415153978
"ZSCAN5A",0.3610585877956,0.00635437999125011
"PRKACB",-0.36624625097014,0.00635681287377493
"UGCG",0.419132097367996,0.00635718297549164
"LINC00881",0.554265990227221,0.00635750411745486
"SMC3",-0.206119993130346,0.006358654716801
"ENSG00000288833",0.634643025513555,0.00636367231578985
"CAVIN1",0.520915293915856,0.00637716774518862
"LRRC8E",0.329854775382604,0.00638338949977935
"ENSG00000289872",0.853628665269938,0.00639077736577358
"AIMP1",-0.207413950420336,0.0063910722934888
"ENSG00000276564",0.826392931105229,0.00639125502627096
"PANO1",0.663079953981612,0.00639638698495619
"PLOD1",0.251679413502411,0.00639844614115837
"ENSG00000282885",1.27668368713806,0.00639889875698402
"ZMYM1",-0.303186453756704,0.00641386282782563
"ENSG00000267030",-0.874096533328205,0.00641588876796439
"MTFMT",-0.333579822358382,0.00643316122429384
"TRIM71",0.194355778737597,0.00643665385262157
"FBXO9",0.214773640673992,0.0064477959925246
"ENSG00000305642",1.27903701906693,0.00645330571350709
"PPIL3",0.19782766709629,0.006456590617916
"ATP2B1",0.373678669866389,0.00646632811346902
"LINC02542",0.424487833163082,0.00647698821228969
"ACTMAP",-0.208192042575817,0.00647956809974431
"CPSF7",-0.220982168222131,0.00648303262549634
"TMEM129",0.369431339173483,0.00648443237499636
"C6orf163",-0.549947127712533,0.00648706710043945
"PIK3C2B",0.331365142653862,0.00649739889138043
"ZNF584",-0.443310895946107,0.00649797443312211
"KCTD17",0.452835762555503,0.00649933316905542
"STT3A",-0.314947213327398,0.00650130935047999
"THAP7-AS1",-0.58969128610845,0.0065017385679728
"DANCR",-0.201538601842115,0.00653250495287968
"ENSG00000229896",0.882559759361335,0.00653266167524566
"AKAP17A",0.228962304582012,0.00655752116284739
"C1orf52",0.258047038509913,0.00656173995733958
"ENSG00000284820",-0.666120558718634,0.00656779555167964
"LRIF1",0.232533772753826,0.00662715214482148
"H1-10",-0.199781708567734,0.00663392709828374
"B3GLCT",-0.290028357482243,0.00663962971543455
"PPIC",-0.32315135700821,0.00665053749866879
"BORCS8-MEF2B",-0.791888105508826,0.00665507709873754
"SLC25A51",0.345577834458367,0.00666249619266097
"MAT2B",-0.239184372645164,0.00666687381965059
"ICAM2",-0.373936643479341,0.0066706160944854
"SEMA3A",0.772573165695187,0.00667420492517042
"GPC1",-0.605260006381991,0.00667471691629954
"MREG",-0.315734407357393,0.00667996605767001
"MYO5A",0.341534015867869,0.00669919801424514
"PICK1",0.289531663467744,0.00670058698722804
"PNMA6A",-0.838948347943482,0.00670288405092791
"PPIF",-0.234845837230711,0.00670501200123112
"ZNF507",-0.223221908923396,0.00671530112030432
"STAC3",0.808275688019942,0.00672642661954582
"DPH1",0.342813400380846,0.00674062652502659
"PPARGC1B",-1.24957830858214,0.00676675667486626
"TEN1",0.378072610539163,0.00677546883772289
"PDGFB",0.351643751419026,0.00678316660633011
"TRMT112",-0.294363097863541,0.00678565327360172
"RTBDN",0.975394816699575,0.00678761862345454
"LIMD2",-0.582195443790227,0.0067993354244566
"UTP18",-0.225535107030055,0.00680454436787009
"TMEM220-AS1",-0.951480109791712,0.00680918102691977
"GPAT3",-0.88152244356943,0.00681043135399774
"BAMBI",0.298795350722158,0.00682170383055267
"C21orf91",-0.414803219450602,0.00683125160466783
"LOC400499",0.878259228825338,0.00683383826181357
"RALGPS1",0.330898663772898,0.00683965344953257
"INAVA",-0.37362138693397,0.00684091600993484
"BCYRN1",-0.623289085460949,0.00685818143406828
"GNAI1",-0.65159811000982,0.00686501281024018
"ENSG00000267426",-0.731149578173379,0.00686582228946803
"AREG",1.32717257097381,0.00687684167369803
"GTF2A2",-0.222817071389629,0.00688577718149683
"VGF",-1.12849820889211,0.00688664194705612
"ENSG00000304857",1.59700552492875,0.00688870469842936
"SEC22C",0.206834479076248,0.00688925929408639
"METTL17",-0.238474701092197,0.00689773042418175
"ENSG00000303901",0.727799553225887,0.00689823499472307
"FAM174B",0.990472089933223,0.00690361154511044
"ENSG00000232618",1.34348460245504,0.0069124062599207
"SMARCB1",0.214347841090796,0.00691585991781655
"ZNF778",0.239520583589381,0.00692178817287835
"SLAIN1",0.438729817041095,0.00692890659201842
"MAN2B1",-0.291018046844027,0.00693245499952956
"CRTC3-AS1",-1.76906082993348,0.00695663932647485
"VPS18",-0.280164891779882,0.00696114819446808
"DGKZ",-0.209442772206411,0.00696141100808893
"VPS35L",-0.689329821169876,0.00696412571304203
"POMGNT1",-0.192247202497836,0.00696566742177751
"ZNF124",0.288148393057669,0.00697791190113481
"KCNC3",0.29351777212756,0.0069925599249955
"PAEP",0.946037416580132,0.00699293046349344
"NDUFA7",-0.309919376402919,0.00700527369433665
"TTC38",-0.23692525410422,0.00700685172164989
"CD27-AS1",-0.379545879054146,0.00701249252366818
"RAB37",0.805508066513724,0.00701345011425604
"ZGLP1",0.373756004001813,0.00701626830628375
"C8A",-0.349383655495816,0.00701931018562598
"TMEM107",-0.460747840378391,0.0070224973876292
"ENSG00000280033",0.829095372979997,0.00703236221862214
"PLCG1",0.330484485257066,0.00703712105315043
"ENSG00000291214",0.492573518002247,0.00704002061301849
"SEMA4C",0.222058991205134,0.00704046819007747
"WHAMM",0.221029801056906,0.00704418703826494
"ACOT13",0.538458619625926,0.00706782217840382
"COBL",-0.302727107951274,0.00707936828623087
"FLACC1",1.23280627867569,0.00709852177897689
"MAP6D1",1.03718413353938,0.00710732730710572
"VDAC3",-0.180355857032946,0.00712856678350315
"ENSG00000253636",0.795840372717803,0.00713415419928789
"TLR3",-1.07360378237818,0.007137187734469
"MTRFR",-0.288762556549837,0.00714447421993621
"ENSG00000309012",-1.62036814596394,0.00714531758098888
"ENSG00000251259",1.34204420689637,0.00715388448680832
"TMEM191B",0.424681859071837,0.00718286731549569
"ENSG00000272622",1.08104282133641,0.0071884164493797
"H3C4",1.12534815955444,0.00720549669935251
"CLEC2D",0.482469451875819,0.0072088689674596
"SLC18B1",-0.242962880932773,0.00722698452050708
"ENSG00000188681",1.95863121298639,0.00723444735733801
"LBP",-1.83740632173945,0.00723579568160555
"UBE2Z",0.25705585630143,0.00723749582801761
"ZNF274",0.199730478209486,0.00723826414402192
"HHEX",0.205232727293291,0.00725701267487128
"MPLKIP",-0.221335081403338,0.00726472756132798
"CGN",0.43641581465988,0.00727299347975995
"SENP6",0.180558797635601,0.00727659006565621
"ENSG00000261351",-0.604822741342385,0.00728019215408093
"MYCBP2",0.258752120533043,0.00728303101714641
"LOC105370878",1.20354352527768,0.00728621366278766
"INTS3",0.20699737171496,0.00728702174253726
"GPNMB",-0.536607064087354,0.0073001937588018
"ENSG00000306875",1.26518466465332,0.00730338229435735
"CHST14",-0.263228615688043,0.00730935576133356
"ITPK1",-0.217561859481718,0.00731491559259305
"CCR6",-0.323678832299546,0.00731756651850925
"ENSG00000285081",0.82093634679262,0.00731925981203543
"ZC3HC1",-0.281045250374863,0.00731946483185851
"PPA2",-0.289942692921346,0.0073299629288139
"ENSG00000298364",-0.385376964184349,0.00735473305133546
"VMAC",0.47185964686312,0.00736142211694984
"ACAA1",-0.182784653381784,0.00736430590158738
"HIRA",-0.189533381089376,0.00738230449716956
"ENSG00000267707",0.827251633089542,0.00739586775033706
"MMP23A",1.34255078200485,0.00742035404472039
"ENSG00000273183",1.65831020854529,0.00742077022811093
"SNAP47",-0.282742946230294,0.00742395557821312
"JMJD8",0.273726136628731,0.00742789981972286
"TES",-0.361279521134859,0.00743580166839076
"ANKS4B",-0.287059089087292,0.00744143541737934
"MFAP2",0.785202595276253,0.00744192429431791
"KIAA1143",-0.255827281705311,0.007444831079213
"RLIM",0.18951755563196,0.00744496512142104
"BID",-0.306951160906249,0.00745107245404844
"TPM1",-0.294001183907774,0.00747628063920361
"SIRT1",0.254728280844064,0.00748002808326419
"EIF4H",-0.224507304206301,0.00748228280770023
"TXNDC11",0.2404953723248,0.00748977005041201
"ENSG00000272379",-0.526050350505823,0.00749354352159894
"STRN4",0.185271144104294,0.00749422094459686
"RPL8",-0.349935662047282,0.00751321067924235
"DDIT4-AS1",1.27421135888526,0.00752559582889318
"BRAT1",-0.252767703404672,0.00753093671154721
"RCOR2",0.318780897971969,0.00754319700586578
"FRG1",-0.309548469787822,0.00754765988674724
"PDCD6IPP2",0.343924978691536,0.00755443821003422
"OGFOD3",0.240657802266682,0.00756956418227204
"SMPD1",-0.313981003107021,0.00757197214215451
"RHPN1",-0.467381302172266,0.00757805355112107
"MACROD2",1.1264073574803,0.00758164492618914
"NME3",-0.385267870462367,0.00758357465302271
"GDNF",1.63150860488502,0.00758844555958592
"SLC67A1",-0.324143853785597,0.0076088584882599
"GIT2",0.194199682929001,0.00761368507642989
"EEA1",0.249433606245058,0.00761413855421247
"PRDM15",0.223214447836358,0.00761730033837477
"RSPH10B2",1.16821948710741,0.00762046997685923
"CDIP1",0.226601016314201,0.00764118368560626
"ENSG00000260101",0.918055783755984,0.00764165226026467
"TSEN15",-0.321292439681247,0.00765120112501628
"BZW1",-0.285839602304607,0.00765312270292542
"BCL2L11",-0.308118865108904,0.00765392075936613
"LINC01843",-0.869071378036185,0.00765448022443749
"ZNF566",0.271422733514824,0.00766516066525178
"ENSG00000230732",0.822616895463832,0.00766666226183109
"LRCH1",0.3536068657469,0.00769583059020155
"RNF139-DT",0.507729774827468,0.00769880207330995
"NMNAT3",-0.36136000857054,0.00770255853379474
"ENSG00000263934",0.767882978361554,0.00770423070955879
"MIEF2",-0.308649736070339,0.00770476948254253
"H2AC11",0.851759279965046,0.0077057063236213
"OXR1",-0.349209739041547,0.00770972879736618
"ITGB4",0.285699810789284,0.00771792598641958
"ANTXR2",0.274916280965442,0.00772033876103706
"SLC23A3",0.556127692898086,0.0077219780811737
"MAGI1-IT1",0.899183236264024,0.00772864751039141
"GALNT11",-0.389977997953102,0.00773157831516503
"ENSG00000297575",0.680519409313693,0.00773217440075054
"MVB12A",-0.241658915331073,0.00773283763502875
"ENSG00000167747",-2.02819278490017,0.00773984188489014
"ENSG00000259940",0.796042840157049,0.00774024634249785
"POU4F1",0.397106712881103,0.00774235587659401
"ADGRA3",-0.206894419274598,0.00775561730633477
"AGXT2",-1.7672796041708,0.00776460273303282
"GPSM1",0.415519637473263,0.00776468592547528
"CA5A",-0.265354786435757,0.00776774549594106
"SLC35D1",-0.345192588596539,0.00778430290091246
"GBA3",-1.14097828080922,0.0077924756265391
"GEMIN7",-0.237098910457621,0.00779629146385399
"SAE1",-0.239621453880994,0.00780731935154993
"FHIT",-0.308439501869988,0.00781573661110268
"ABCA8",1.39295224096671,0.00782122472705084
"PEX12",0.356353747816996,0.00783284567591683
"CEP57L1",-0.300791445292525,0.0078472715464301
"SNHG29",-0.183349474678096,0.00785052475484869
"LINC00278",1.26046906125723,0.00785147878259151
"KLHL20",-0.301177488201301,0.00786210951395531
"ATXN7L2",0.269594245789494,0.00786219133501692
"GARIN1A",0.788302460056012,0.0078912824483909
"ENSG00000270000",1.46932759363834,0.0078922808131696
"ENSG00000270937",1.55575816212561,0.00789536126055776
"PAQR5",1.1377333703425,0.0079129034646037
"ENSG00000291147",0.540154151302835,0.00791426219663925
"MPV17L2",-0.24400289999952,0.00793222620532136
"FZD6",0.357964631115996,0.00793759051179906
"CFAP144",0.837527821749469,0.00794664372181512
"ELF4",-0.659454929493035,0.00794700572194712
"ZMYND11",-0.186882866985043,0.0079526139487954
"CNTF",1.01720279670116,0.00796105795816905
"C19orf18",0.820240720513272,0.00797383836593114
"ENSG00000269378",-1.57597297247625,0.00798243516228765
"RPL7L1",-0.181820037263466,0.0079888655951389
"TMEM186",-0.298330004538458,0.00798932983476541
"RAB10",-0.22653425636378,0.00799197183531686
"TMEM86B",-0.386293069307203,0.00799477063344617
"SNHG26",-0.461573620197998,0.00800150624081399
"IMPG2",0.985962396453048,0.0080035392214034
"IGFN1",0.692361535505296,0.00800535548662643
"COL9A2",0.279058243193651,0.00800941070123518
"VWA8",-0.196731594354919,0.00801863235736318
"BHLHE40-AS1",0.664883332328718,0.00803240844668131
"CEMIP",0.946958857398165,0.00803514614600417
"LOC105375170",1.02217331422062,0.00803632860006736
"HEXA",0.217624484593657,0.0080371969380515
"ENSG00000286230",1.08746888100645,0.00806987975439018
"CYB5D2",0.347598304925829,0.00807736810420701
"ENSG00000242880",1.31050813041061,0.00809866479890886
"PTPRA",0.197730219944049,0.00810101092594996
"NAP1L1",0.227123400830468,0.0081072940931454
"ENSG00000289032",1.15034070194232,0.00812075982975876
"GFRA3",-0.52739929113264,0.00812907090522944
"FCHO1",0.391061124685741,0.00812987440585677
"FAM86B2-DT",-0.354907684660858,0.00813034430607791
"ENSG00000307181",0.7230140705633,0.00813388587388766
"LINC00324",1.01072961929775,0.00814220742170099
"AKR7A3",-0.728867209620166,0.00814374843317529
"ENSG00000271978",0.680514528176341,0.00814644698663975
"ENSG00000242094",0.788903327066914,0.00816338248609414
"ENSG00000286342",0.79121704233223,0.00816555997023868
"ENSG00000259985",-1.20408266985839,0.00816711597100007
"LPP-AS2",-0.834355905534212,0.00817684586825303
"INTS9",-0.23907803215505,0.00818342778988006
"MLLT1",-0.173972015204997,0.00819106430545246
"WASH5P",-0.420879995018362,0.00819257769833477
"SERPINA11",0.351104615979257,0.00821785357071192
"SMIM8",-0.328938041540047,0.00821786922740136
"SEPTIN9",-0.253904302371115,0.00823877556579697
"TBC1D24",-0.293569804432754,0.00823960674129967
"MYO1C",-0.258648473992194,0.00824476384462504
"ZNF416",-0.422330586674946,0.0082481470052601
"ENSG00000289339",1.19716075434481,0.00825186593823078
"FAR2P1",-0.300429440473989,0.00825275365801216
"TRIM62",0.413225434496414,0.00825361226897748
"ENSG00000253893",0.880816699760965,0.00825454922496758
"CDK13",0.225269485582252,0.00826111360391197
"SAFB2",0.195477366681665,0.00827979095330453
"PRR7",0.349463743334537,0.00828938782051084
"FBXO42",0.24687145373553,0.00829731742100433
"EIF4EBP2",0.242283468145633,0.00831250903301607
"ENSG00000289750",0.563861206380782,0.00831772525139754
"KRAS",-0.267990545744128,0.00832714638007665
"ARL17A",-0.233158642701641,0.0083428513629613
"PPIL2",-0.237597116598381,0.00837183226696477
"ENSG00000300885",2.21485584593258,0.00837827556109657
"FRMD4A",1.27632142762862,0.00838824130590994
"RPSAP13",-1.55490297234752,0.0083904565970114
"ZFX",0.224609274731117,0.00839099949071179
"WARS2-AS1",-0.324417728936193,0.00840144898019453
"MRPL45",-0.311659625737621,0.00843994486675923
"LOC105377128",0.696375745422768,0.00844639348072285
"PAK1",0.386461519181178,0.00846886758827685
"CCNQ",0.327953478248091,0.0084689946544285
"ENSG00000279656",0.445424166220213,0.00847584733694486
"CRACDL",1.10096017509589,0.00850564680205134
"FRMD4B",0.687353509282561,0.00851087721917116
"CNIH4",0.276409948178411,0.00851628523649021
"ENSG00000276116",-1.30777012796871,0.00853052449889329
"ZDHHC5",-0.229645173220433,0.0085321292676657
"ENSG00000272540",-1.20824869752214,0.00854630310060529
"IL1RAP",0.324973404962472,0.00855566642199128
"GAS2L1",-0.310919511786931,0.00855935982470844
"CIPC",-0.353197890298705,0.00856506762944116
"HSPA1B",-0.403406662191801,0.00859336771067949
"MTMR6",-0.344200270817996,0.00860474675449896
"ZNF512B",-0.237264441318189,0.0086178317676036
"NCKIPSD",-0.247624495080863,0.00863035380664958
"DRC3",-1.32412521137101,0.00864276298269769
"ENSG00000261618",-0.820103643976284,0.00864338538246818
"ANKRD23",-0.44571013499588,0.00864965297639251
"TCP10L",-0.644269367392017,0.00866014697149055
"RPS6KC1",0.239181989750768,0.00866624758732961
"SLC11A2",0.277382089665169,0.00867053005350955
"ENSG00000227014",1.39343862069415,0.00867208606571025
"FAM20B",0.208587020506123,0.00868269419659816
"SH3PXD2A",-0.221858187394108,0.00868277099681293
"TLX1",0.876230308495893,0.00868281124127095
"AHSG",-0.318589983356341,0.0086847570492593
"LINC00662",0.323156585612111,0.00868746248208709
"RAB3IL1",0.808592855568237,0.00868796059457509
"ENSG00000302400",-1.34016716032284,0.00868848909839956
"ENSG00000290908",2.08971145628368,0.00869504961455573
"DOCK5",-0.190072346785154,0.00869846121864295
"ENSG00000305318",0.398570510205649,0.00870361382616715
"ENSG00000298413",-1.00309275795752,0.00870600844320718
"CA3",0.478434742298764,0.00870906231378738
"APOBR",0.961012500456618,0.00874169550602638
"TNFRSF1A",-0.194644651049929,0.00875488258101797
"CHCHD6",-0.379574864891623,0.00881517915676086
"GLG1",0.318971323053453,0.00882375719657538
"ENSG00000286284",-1.43098719655664,0.00882855565626297
"ARID1B",0.187419200163637,0.00883848048318496
"ENSG00000290469",0.822108605134,0.00884152844266294
"NBPF19",-0.484850488040201,0.00886018691788384
"ENSG00000289627",1.05878782057689,0.00889198101438802
"AP1S2",-0.297296270502579,0.00889847153559022
"SMIM7",-0.174335089975164,0.00890343275630612
"DNAJB12",0.194010301019084,0.00890638702048539
"COMMD2",-0.25814514905227,0.00890760521445543
"LOC124903824",0.852127382541785,0.00890880730951852
"LINC01637",0.980215509444119,0.00891933536569787
"ENSG00000213197",0.979881709842351,0.00892014782764313
"ENSG00000305847",1.12990393402356,0.00894972317515445
"LOC105369147",1.34103921896737,0.00895287387080839
"DDO",-0.322254596477504,0.00895525263895848
"ALKBH8",-0.32085232214344,0.00896538466277658
"IP6K1",0.221971855926336,0.00896648060140989
"KEL",1.57126034088934,0.00897996315391876
"NSA2",-0.321061747406117,0.00899156935105575
"ITFG1",0.209575755015426,0.00901267836176141
"AP2A1",-0.2177951458831,0.00901535888756694
"TUBGCP3",-0.291899540379344,0.00901605366048091
"CYTH3",0.544411917331823,0.00901761847306525
"RNF43",-0.207622036462534,0.00903355586534772
"ZNF571",0.542785254698456,0.00903671219354595
"MRPL49",-0.28418164149894,0.00904613273922105
"POLR1F",-0.296865263486038,0.00906439464303247
"DPYD",-0.351532971862478,0.00907075655320758
"ENSG00000294822",-1.09796695604812,0.0090997345519973
"TARDBP",-0.18110099860444,0.00912568973669504
"TCP10L3",-1.1876909754944,0.0091281798625223
"PRKY",-0.253220420172343,0.009134968155361
"RNASE2",-2.35155411533738,0.00913519906273734
"SLC35F2",-0.480776061994842,0.00913677613018062
"YIF1B",0.242182234712518,0.00913850619387178
"ST20-MTHFS",-0.991376572375183,0.0091586497973796
"ENSG00000287742",-1.29934015858689,0.00916331494090962
"SLFN5",0.895937935310458,0.00916441256466639
"UCN",0.518283285063206,0.00916532380656424
"STK17B",0.84521753137977,0.00917432263516788
"C19orf33",-1.63167083640867,0.00917673887234816
"TOR2A",-0.296327662573716,0.00918051120519905
"ACSL1",-0.527713903213881,0.00918163048388029
"PILRA",1.33339847772106,0.00919697095884228
"MICU1",0.227267282628647,0.00919726945653081
"ZNF449",0.37323900856681,0.00920114297590078
"ADAMTSL2",-0.648236587495516,0.00920725529886837
"STT3B",-0.250300496323767,0.0092147445156744
"ENSG00000276529",0.428971967512382,0.00922449390040456
"ENSG00000289009",0.543519369969082,0.00924044531439473
"ARHGEF11",0.209832262228694,0.00924139234135799
"ZCCHC14",0.19704448810671,0.00925512049236426
"ROM1",0.560424459863738,0.00926072792445892
"ZNF322",0.290210930463038,0.00927818459162199
"ENSG00000286970",-1.23286798867274,0.00930134877190048
"ENSG00000287160",0.756313829323851,0.00933357868889926
"ENSG00000227482",1.22596975282898,0.00934103907790026
"GGA1",0.215687789532264,0.00934223305988468
"GPER1",-0.233836344141322,0.00935129506056832
"TTC39A",-1.6047540530435,0.00936473765326139
"ACAA2",-0.213934520565159,0.00936560901081984
"AP3S2",0.241022775097781,0.00936595091802776
"TIMM9",-0.33147160196294,0.00937391650727817
"STARD5",-0.456762630365912,0.00937585949428364
"ENSG00000289554",0.545615328422538,0.00937694270267686
"HNRNPU",-0.224311519807786,0.00938808366935538
"ZDHHC1",0.798905708916333,0.00939276722999379
"LOC100506207",-0.274825608818664,0.0093932963438276
"PLAAT4",-1.79529149956814,0.0094114230898751
"HMGXB4",-0.21907820565536,0.00941526682662362
"ST13",-0.237924015090494,0.00942236482485148
"MVK",0.257811865002742,0.00943693291170844
"PDPR",0.230793165308221,0.00944498262396
"SNORD15B",1.03521393380122,0.00945212116057861
"SOCS3",0.860819481669614,0.00945317627572175
"ENSG00000227782",1.07506703564561,0.00945336162239924
"SMU1",-0.183516464195166,0.00945441818412661
"CNP",-0.241264314040856,0.00945540543014827
"MDN1",-0.259573702046965,0.00947448518949622
"LARGE2",0.336401570513888,0.00947918191153163
"ENSG00000289138",0.707896138584977,0.00949354402269881
"NOTUM",-0.282290056514155,0.00949569269867352
"STRN",0.246890286113342,0.0094975975628078
"SCYL2",0.207215153161335,0.00950567243351396
"ABCA15P",-0.954771914704775,0.00950745292067348
"ENSG00000280417",-1.14151187291432,0.00950852108490645
"ENSG00000282100",1.11375222728692,0.00953061654523475
"YTHDF1",-0.191028151829046,0.00953570630777928
"DIP2C-AS1",0.45105813341825,0.00954166208250361
"CTSLP2",-0.857810154493133,0.00954933266390415
"LRP10",0.27835524247992,0.00956047396660541
"TMEM63A",0.362946487252234,0.00958363696633792
"PLD3",-0.207957366335167,0.00958372408874897
"KRT23",-0.842648322199724,0.0095919205743433
"DAPK3",0.234433266272553,0.00959399907089534
"TMEM147",-0.306145091718514,0.0096188631455737
"ENSG00000279162",0.958037479800902,0.00965161101335159
"LIN7C",0.218318622853188,0.00965278956674578
"ENSG00000273361",0.698853100289882,0.00965753702573481
"COMMD10",-0.314368450879062,0.00968090663929612
"KCTD14",-0.387669216913935,0.00970067860967359
"ARHGEF3",0.294872434342273,0.00970177030009991
"NDUFS7",0.16894700096838,0.00971626521446038
"ZBTB45",-0.284048346373795,0.00971814995622666
"PTMS",-0.27025983217351,0.00972297854315586
"PKD1",0.305051640773042,0.00973167242376
"ENSG00000305266",0.909858979678404,0.00974363493723261
"POLG",0.177084321550677,0.00975523787449922
"PRKD1",1.33353545469634,0.00975777699232823
"ZBED5",-0.251344758432953,0.00976850900952192
"FBXO6",-0.398369790178152,0.0097763182748304
"ENSG00000272405",-0.312086600726726,0.00978296655081716
"AHCTF1",-0.172407958897796,0.00980341887231841
"FBXL2",-0.454915784824951,0.00980420539258258
"RPL23AP42",-0.414246122986637,0.00980513525791096
"LINC00239",1.16359488641201,0.00980837447793339
"ACOT9",0.205750942433881,0.00981598599987661
"ZNF761",0.199996074357288,0.0098169604467888
"ZNF117",0.267959923957858,0.00982334860372532
"ENSG00000287721",0.748224603920385,0.0098279593108945
"ECE1",-0.244248469051712,0.00984129211439806
"RNF157",0.273588329923741,0.0098604240251146
"H2BC8",-1.0277839450754,0.00986978532281184
"HBS1L",-0.202926241310174,0.00987081943554114
"ENSG00000303853",0.34244548492109,0.00987266778114793
"ATP5ME",-0.403605869276467,0.00987799912983227
"DPH6",-0.423806044401085,0.0098830559293863
"SLC28A2",-0.935756176236455,0.00989202250861207
"SFI1",0.190283947393726,0.00989568467323337
"IFRD1",-0.225004103936566,0.00991880651401776
"RRS1-DT",1.13132530312196,0.00993163535657943
"ABHD8",0.22656521988908,0.00993421556089845
"ZNF202",-0.272584266271022,0.00994219303836718
"FLVCR1-DT",0.304811633366204,0.00995589776450312
"ENSG00000231731",0.631896127172468,0.00995824396001588
"EXOSC10",-0.207569915479185,0.00997055950784208
"WDR83OS",0.209650507637824,0.00997394471463137
"RPL17P7",-0.733354009993783,0.00997632175066043
"TPD52L1",1.4673395259135,0.0099799092962621
"NOS1AP",0.426970021993179,0.00998819057828088
"EDRF1",-0.204366058245413,0.00999056206519836
"ENSG00000254635",-0.342238484875584,0.0100071343709126
"ARF6",-0.23477504877706,0.010035443243757
"THOC1",-0.244524833903737,0.0100477092438562
"INPP5J",0.568868865111849,0.0100526531319616
"TBC1D1",0.223599275164278,0.010062756811904
"ENSG00000289421",-0.667732783897092,0.0100658295657134
"STK38L",0.230794898145032,0.0100690784210411
"AAR2",-0.193849928175138,0.0100706666956029
"EBLN3P",0.173598818750184,0.0100877736097966
"APOBEC3F",-0.507922605346155,0.0100922282965642
"C10orf95-AS1",0.234566789492675,0.0100937361578229
"HNF4G",0.343786917333411,0.0100961167959978
"ENSG00000272338",0.597170222080167,0.0101201643362011
"ZNF230",-0.456225418783983,0.0101216151014005
"DCAKD",-0.232000352153673,0.0101222110401838
"PDLIM5",0.282073254510436,0.0101323940417045
"RPL9",-0.281217578343506,0.01014036395271
"UFSP1",-0.58670778337804,0.0101445444992223
"BTG3-AS1",0.646822310093605,0.0101626795944106
"ENSG00000291121",-0.653747534141887,0.0101636542689958
"TUT4",0.24271599549707,0.010167045496888
"ENSG00000310372",1.05481043127459,0.0101779046288084
"RPL7AP16",0.815261273015115,0.0101831055488615
"USP34-DT",0.46293360489525,0.0102133767802705
"ENSG00000271151",0.563445512867168,0.0102158315245821
"SNHG7",-0.24871442978208,0.0102170318726922
"MSX1",-0.250595864057035,0.01021828253043
"MAP4K2",0.249302169585172,0.010222194139794
"TMEM65",0.237875551776726,0.0102287544791194
"ENSG00000226263",-1.2090100302502,0.0102302744701778
"PRRG2",0.777301928962917,0.0102330251135298
"AMOTL2",0.342565032340345,0.0102342025893659
"MRPS14",-0.230316726708191,0.0102348759781859
"ENSG00000224769",1.39333549887685,0.0102354624769262
"VPS13B",-0.3068450897254,0.0102371778238602
"PAPPA",1.44278665582054,0.0102467632148528
"YES1",0.220766914204636,0.0102525098331216
"RPL13P8",-1.28072227181507,0.0102672701302577
"RBM33-DT",-0.331724358496712,0.0102842349065308
"ENSG00000272476",-0.841205680954564,0.0102864385250586
"PPP2R5CP",2.02540149525042,0.0102871320957743
"DUSP15",-1.02735849538708,0.010299475348228
"ENSG00000304984",1.1121068492269,0.0103117804090393
"LYRM7",-0.242731970036859,0.0103153711975887
"GRHL1",0.208683328429381,0.010316403127079
"ENSG00000291221",0.459023219064804,0.0103168607156131
"DQX1",-0.302052185696887,0.0103191854847671
"TEX19",-0.697741083331228,0.0103255752401439
"CYP4F3",-0.66251165558077,0.0103376680634635
"ENSG00000261069",0.737669700704418,0.010337738441622
"RGS14",-0.304788224839234,0.0103419026893318
"ENSG00000288841",4.63687825503097,0.0103470677700919
"RUSC2",0.271564687183717,0.0103540614388861
"FOXM1",-0.223373009481108,0.0103588599354096
"CDV3",-0.209346764614748,0.0103601486156038
"ABHD14A",-0.237233995687179,0.0103641534040807
"UBA1",-0.20091930722257,0.0103677014214602
"LAIR1",-1.17957946299572,0.0103741992395327
"INF2",0.177674987562358,0.0103775332035437
"B4GALT5",0.299370080559262,0.0103921765150597
"SLC5A9",-0.353863993880371,0.010402651017116
"ERBB2",0.316311137825114,0.0104137849009292
"ENSG00000310253",-0.668157764539012,0.0104189160504661
"ENSG00000250130",0.73390113617589,0.0104198909756319
"FBXL12",-0.199599143898237,0.0104221404759748
"PEG13",0.6232428892801,0.0104417277052508
"GOSR1",0.170926169753634,0.0104734148855992
"STEAP2",-0.224967738900143,0.0104850205003163
"LOC124907018",-1.68882075357194,0.0104940789313032
"ENSG00000274184",0.966774129340138,0.0104978522316061
"ZNF384",-0.197639880351803,0.0105073106889439
"RPL32P3",0.235043700955553,0.010515607964979
"UBL4A",-0.244527696444514,0.0105162484556681
"LINC00491",-0.742837260129392,0.0105194254650206
"ISG20",-0.400533646276478,0.0105220531864553
"GOLGA4-AS1",-0.508937563627161,0.0105266250841605
"RBP2",-0.741044171837524,0.0105308210686249
"RCN2",-0.242560946358344,0.0105948046130779
"GPR89B",-0.289500564370148,0.0105965684524682
"KAT7",-0.254255655233927,0.0105972302083514
"CHADL",-0.620521518007256,0.010598534549349
"ENSG00000279589",1.12110892990801,0.0106106192376471
"LOC107984588",1.00155708423989,0.0106218220245539
"ENSG00000293497",0.297124100322959,0.0106260668561998
"CLIC3",-1.1009028793057,0.0106355255514177
"PPHLN1",-0.196482536220979,0.0106438753132866
"MIPEPP3",-0.60222868567116,0.0106451075997112
"CNOT4",0.278182124248982,0.0106567949599752
"CD63-AS1",-0.566584555551036,0.0106682513510545
"SLC45A3",0.453048699527422,0.0106717359844701
"CAPN7",0.196016944361933,0.0106765369553852
"C1QTNF3",0.367887891261204,0.0106848558303292
"ENSG00000260911",1.06117585329294,0.0107028089786443
"ENSG00000279852",1.19416103254133,0.0107463711812012
"MANCR",2.29229272129824,0.0107543492902838
"GPRC5D-AS1",0.435961273129519,0.0107901003529249
"ERVMER34-1",-1.52294550208197,0.0108027154179335
"DAZAP2",-0.245873615709822,0.0108077168971839
"ZNF143-AS1",0.520930021290803,0.0108157073048295
"LOC124902947",1.378429003973,0.0108246954682129
"C2orf49",0.224633495473955,0.0108280063303063
"REPS1",-0.194962252492591,0.0108311630864899
"PDK2",-0.278604856779344,0.0108420565299274
"LINC01426",-0.367706770436759,0.0108464132284472
"TMEM243",0.269221102454717,0.0108503437098987
"ENSG00000304602",0.700677159020305,0.0108512564768238
"TULP3",0.191570422627213,0.0108522923556488
"NEK10",-0.465945470996248,0.0108526447038593
"ATP6V1C1",0.222084692785052,0.0108572964502157
"PAK4",-0.232813415045402,0.0108688996092832
"EPB41L4B",-0.270409244442824,0.0108764955167296
"ENSG00000235333",-8.04835593951537,0.0108900575490782
"CEP57",-0.166333388336054,0.0109006425462774
"PPP3CB",-0.258291063916661,0.0109041922390634
"MTM1",-0.194935598958255,0.0109148303198804
"ENSG00000263272",-0.767260237480133,0.0109182604546433
"CIAPIN1",-0.208316165824292,0.0109516094562967
"LSM11",-0.345376853022088,0.0109641714017775
"ENSG00000228826",0.530962682826375,0.0109783016494269
"ASCC1",0.263342814579273,0.0109881356976366
"CDH16",0.819046063753946,0.0109981612211387
"RGR",0.817522779971156,0.0109995627588317
"WASL",0.217154018219723,0.0110033465974931
"EFNA2",-0.349481534303277,0.0110046550425944
"SFXN3",0.277368176541348,0.0110277135668687
"NOCT",-0.340343078242815,0.0110310410762397
"ENSG00000236751",-0.545794297135115,0.0110336779316915
"RPS17",-0.33568010218615,0.0110461528372172
"PKD1P3",0.272278174990535,0.0110515205886157
"LRRC46",-1.03651701998978,0.0110538636912212
"WDR83",-0.301777719695048,0.0110629140759462
"ENSG00000291219",0.544654842644272,0.0110700361507291
"ENSG00000263345",1.70089994255002,0.0110725393156301
"RECK",0.337225964422014,0.0110924165434319
"TMEM44",-0.2420206908996,0.011096328475501
"FBXO27",-0.73446199280764,0.0110967932381705
"PANX2",0.630222143725156,0.0111088495774791
"FBXW10B",0.683786568571598,0.0111103144526523
"ZC3H10",-0.465032639457407,0.0111737022320827
"HHAT",-0.507193130961048,0.0111752281992377
"ENSG00000260118",1.57705009179553,0.0111804207245557
"ATP6V0C",0.323434570940805,0.0112117965676394
"ENSG00000246898",0.471843457596915,0.0112211789811372
"DDX24",-0.195888972771348,0.0112478204614295
"TOMM34",-0.322871005787605,0.0112677309726237
"ABRAXAS2",0.228715186922987,0.0112711090554336
"ENSG00000279583",-0.264275090784481,0.011277062139331
"RSL24D1",0.276640140436373,0.0112969106884444
"CYRIB",-0.198444405234419,0.011305137125399
"TMTC4",-0.206585256718102,0.0113170491921595
"HCFC2",0.329848851892736,0.01131721408131
"EIF2D",0.185191771152067,0.0113204916394967
"ENSG00000260784",-1.13694834417449,0.0113269848067911
"MAML1",0.211064197288917,0.0113390287385798
"HSPA6",-1.00739275904852,0.0113527543764883
"ATXN7",0.20116877801203,0.01135347386543
"IMPACT",-0.34164835100374,0.0113543159639362
"ENSG00000273367",0.884790922559808,0.0113546290246226
"MTCH1",-0.195928495145065,0.0113791452151362
"ZNF57",-0.306654467343074,0.0114096065075491
"ZNF695",-0.372576498404783,0.0114108607612191
"FLRT3",0.811709016714065,0.0114245869971332
"KLHDC8B",-0.290824180747319,0.0114258176490901
"MMP24",-1.2503032523599,0.0114263977651829
"ENSG00000235663",0.966325779856969,0.0114276286739933
"OSBP",0.214371692024038,0.011434625799796
"SRSF8",0.17341468200696,0.0114390478988474
"DAG1",-0.37604226031454,0.0114399982359004
"ZKSCAN5",0.213727423216877,0.011442591467954
"NUAK2",-0.73364871843126,0.0114472810052802
"ENSG00000264070",-1.17858031976606,0.0114482540312962
"LOC124904902",0.934420839744598,0.011457347436295
"ENSG00000239445",0.548288666028201,0.0114605162642705
"ADA",-0.384127559632278,0.0114742351418974
"IFT122",-0.313287523912417,0.011504071202622
"ENSG00000260361",0.521521410621265,0.0115166063025333
"ENSG00000288938",-0.752549918030724,0.0115178072878493
"EIF3F",0.237805276338001,0.011540851742051
"RHBDD2",-0.297081923715966,0.0115457470909177
"ARL5A",0.167600623324356,0.0115514058976269
"PNKD",-0.195715325364217,0.0115571141671853
"SNRPA1",-0.200666344283192,0.0115719039993625
"SLC44A2",-0.574415284942144,0.0115726654903015
"ENSG00000300074",0.541752379768239,0.0115751660735442
"ENSG00000308740",0.784152072764513,0.011578764442185
"RAB2A",0.212161703038164,0.0115896574704215
"CSTB",-0.345295763654071,0.0115957491380208
"ENSG00000299582",-0.754428176146265,0.0116152087967789
"RYK",0.189570693478038,0.0116153893036545
"BCAS3",0.283147224841148,0.0116169421580217
"PLEK2",-1.35043517746119,0.0116225293008156
"PSPH",-0.194673392117659,0.0116241477412627
"GXYLT1",-0.316386298284727,0.0116337952043585
"SLC17A4",1.17435665607898,0.0116422551179965
"AHRR",1.02765653243644,0.0116501961982536
"ENSG00000294305",-0.830214160488287,0.0116540223448627
"ENSG00000233396",-0.383361443030433,0.0116554653364771
"ENSG00000293468",1.07639621873237,0.0116636045568606
"CTU2",-0.23589635741907,0.011675006361769
"C16orf89",-0.536147081585732,0.0116769169864818
"ZBTB7A",0.248051735135916,0.0116774528550567
"BMPR1A",0.223096024136233,0.0116903322313201
"RGS10",0.964864312646057,0.0116990993474363
"ENSG00000309144",1.30341929352475,0.0117015708700044
"FBL",-0.281724618437456,0.0117028652226277
"ZNF174",-0.241421622788989,0.0117030094076406
"ENSG00000242553",-0.397117448486417,0.0117204092399979
"PPARD",0.173120387201218,0.0117447050317813
"TRIL",-0.649682660640369,0.0117530486002384
"ENSG00000275445",-1.22215923869176,0.0117648955881308
"ENSG00000272145",0.510860854386816,0.0117729954248485
"VWCE",-0.276347048358406,0.0117891486230174
"EOLA2",-0.203855844296166,0.0117921587888694
"TNFRSF12A",-0.560385424663827,0.0118243271450772
"ENSG00000264058",-1.09556529800066,0.0118282370061045
"LOC441666",-1.18951835085869,0.0118360794995781
"LINC00973",-0.992380689792465,0.0118369274268072
"FADS2",0.355411418527274,0.0118397276396586
"HCN2",1.06317385579238,0.0118440122066756
"ENSG00000296743",-0.51931127837079,0.0118535090456476
"ENSG00000294537",0.751611572561464,0.0118710735899747
"RUNX1",0.3109724901233,0.0119015552093308
"UPK3BL1",-0.336477763614647,0.0119026026099003
"RASD1",0.567537912271335,0.0119239438833115
"GSN",-0.527762376680486,0.0119358927677787
"HSPB2-C11orf52",-1.22994499891606,0.0119536721346428
"NUDT15",-0.232840886758006,0.0119577650478768
"MDH1",-0.226500371389611,0.011958782859855
"ENSG00000271737",-0.599677694224605,0.0119628163719245
"VPS51",0.213281885965561,0.0119726212322193
"ADCY7",-0.40759130884191,0.0119983099657768
"ZNF155",0.335698004850138,0.0120166366399319
"GGACT",-0.705335255964775,0.0120169278460275
"ZNF430",-0.419420138560626,0.0120242855498763
"ZNF396",-0.615026202333345,0.0120280323033984
"ERP29",0.315168883134746,0.0120326959078299
"RNU5B-1",1.18909291103408,0.0120399918020824
"MARS1",-0.219089365990691,0.0120633834254056
"CCNT2",0.191386259689985,0.0120670734882713
"ZNF710-AS1",1.03351616974574,0.0120681738401391
"IKBKG",-0.201234782897856,0.0120951358512848
"NBPF26",-0.304184657700763,0.0121129393454596
"ENSG00000288908",0.763531833527975,0.0121268562872894
"CLU",-0.365636367457659,0.0121301571035665
"RBM12",-0.186423520757053,0.0121306966363934
"QPCT",-2.18279130319499,0.0121334201369738
"ENSG00000279601",1.05783367363076,0.0121383765140176
"KTI12",-0.27423405205843,0.0121503522943599
"ENSG00000255946",1.12468044924946,0.0121555997017077
"CCDC47",-0.238788792891837,0.0121665578204006
"ENSG00000290065",1.03018951543518,0.0122097112454231
"GREP1",-0.997961111914883,0.0122147128088356
"NKX2-5",0.691153788444427,0.0122552683511722
"E2F5",-0.31792889000672,0.0122686580116149
"POMK",0.289093161647831,0.012282628659723
"POLR2E",-0.217533674307281,0.0123088654581401
"ENSG00000272384",0.531974748683677,0.012315881481886
"DNAJB13",-1.64824773825566,0.0123165687548355
"DISP1",-0.290687386231244,0.0123426312191898
"ZBTB34",0.229224136740836,0.0123582919905933
"IL27RA",0.308527114851821,0.0123712030501647
"TMPRSS6",-0.778980326458787,0.0123722114753264
"TLR6",0.646065340211975,0.0123871562288396
"TENT4B",0.229015904208932,0.0123994261282545
"CAAP1",0.216142777857426,0.0124077211740454
"PRR12",0.25721808983693,0.0124095651686533
"ADH1B",-1.4312358210565,0.0124349981944872
"ZNF468",-0.244082645016929,0.0124351195700227
"GIGYF2",0.182924431309525,0.0124424501416561
"ENSG00000257507",-0.975429363270523,0.0124442000222701
"SOCS4",0.247105223962006,0.0124506261648613
"CACNA2D4",0.539401297516026,0.0124518216205093
"TAS2R5",-0.4877280356473,0.0124521799134726
"MICOS10",-0.277428826522637,0.0124832730819768
"RSL1D1",-0.24240261359311,0.012485322871341
"DMXL2",-0.331065937236404,0.0125350518518666
"DTX2",0.210880761981353,0.012541384281412
"ALKBH5",0.205576529723172,0.0125434957682011
"MORC2",-0.156274305239496,0.0125573818998451
"ENSG00000293410",-0.937534450404456,0.012557567677649
"ENSG00000258168",-0.366759594004938,0.012558364206394
"RDH13",-0.285317985584364,0.0125602135358111
"FGFRL1",-0.202561690695428,0.0125687231086243
"MTPN",-0.247871984434318,0.0125724561491811
"PMS2CL",0.803077771758707,0.0125889131688369
"ENSG00000273271",1.13424446764307,0.0125909999422681
"ENSG00000260293",-0.582207656154924,0.0126160408256918
"AK9",0.477899738546787,0.0126221722176511
"WDR33",0.177161654894176,0.0126281539818604
"MMACHC",-0.307613870030482,0.0126503527244574
"ENSG00000304038",-0.910538128455654,0.0126515472675001
"EXOC6B",-0.204706434703104,0.012658760500902
"GSK3B",0.209218153647019,0.012666420955881
"SDCBP",0.260915495657215,0.0126678567466696
"UBE2G1",-0.234912291042223,0.0126763328547373
"ODR4",0.222414226556503,0.0126907694639463
"ENSG00000291047",0.423278916569167,0.0126995502557326
"ENSG00000258781",2.38583242664279,0.012714493317496
"ZXDB",0.37296831462298,0.0127175409223604
"ENSG00000291032",0.566692809776614,0.0127264811321403
"JSRP1",-0.613203338120262,0.0127423812334552
"IFIT5",-0.284242998458061,0.0127522375395938
"POLR2D",-0.168332083527015,0.0127600874583711
"CLCN3",0.268627974102072,0.0127653702941419
"ENSG00000226310",-0.555463713324512,0.0127657924320496
"PHC2",0.318889429357608,0.012766678278677
"ENSG00000262304",-1.25852968384025,0.0127678827553318
"MBD6",0.2291490929701,0.0127833886086504
"MANF",-0.291325828846527,0.0127883813085459
"ENSG00000275097",0.867038363017205,0.0127886087113698
"ENSG00000257298",1.28599289873451,0.0127995484929259
"ENSG00000197099",1.18232762757567,0.0128022770506688
"ENSG00000297254",-0.897888058989101,0.0128091335987198
"ENSG00000308813",1.00756320580603,0.0128115894759827
"SRSF10",0.162683216151343,0.0128282765529633
"GCLC",-0.206831103702533,0.0128534158958593
"TNKS",0.216151324844308,0.0128966783625467
"HNRNPA3",-0.190276920824227,0.0129004589645426
"ILRUN-AS1",0.338200129536257,0.0129019077060524
"ENSG00000277223",0.794442469572346,0.0129196205446497
"ENSG00000266538",1.30361188660788,0.0129324946633002
"ENSG00000272980",-1.64888613789374,0.0129347095063995
"GLRX5",0.244268369655077,0.0129365718329698
"PAFAH2",-0.274016519519028,0.0129393930204161
"ENSG00000299346",0.704456868411246,0.0129516350241155
"PDLIM4",0.856492690000881,0.0129547576841103
"CCNT1",0.217443293178941,0.0129566279748934
"MNX1",-0.234655353445606,0.0129613207027586
"DIPK1A",0.207277632017835,0.0129650619535086
"CCDC134",-0.321309843094131,0.0129912580397119
"TFB2M",-0.282056886594947,0.0129991849621495
"SMG7-AS1",1.27415853604324,0.013022270550356
"MLX",-0.162032767654234,0.0130270570963282
"NME7",-0.39556185302303,0.0130539644326402
"CCDC117",0.21954101040803,0.0130560584825083
"IFIT3",-0.42829126294984,0.013080650378641
"EEPD1",0.287000420833852,0.0130909002157823
"ZNF286A",0.228260915352799,0.013092951787767
"POLN",1.29089729547815,0.0130998234925873
"SETD4",-0.261295988732407,0.013106004755948
"PPP1R14B-AS1",-0.979992375197577,0.0131109646038162
"PPP1R3D",-0.41376497696816,0.0131373053436408
"RPS2P49",0.776677385728696,0.0131399562004351
"ENSG00000288844",-1.1037360581651,0.013180684225937
"GAL3ST2",-0.568435155732715,0.0131808279618625
"TLE1",-0.227599520622159,0.0132017532209634
"C20orf203",0.925442490999922,0.0132145572915891
"MALT1-AS1",-0.554810166584662,0.0132283032447802
"ENSG00000260899",0.659029448653954,0.0132357347545988
"LINC02961",1.33965293139691,0.0132369927699155
"PDIA6",-0.23711097612513,0.0132512129104153
"DNAJC27",0.381175758181723,0.0132578970559419
"LOC101928505",0.368932082627648,0.0132631341441858
"HDAC10",-0.269286650798959,0.0132686221048302
"DPYSL4",0.760177771829416,0.0132917744915522
"AGA",-0.345701124242932,0.0132928048567874
"ERGIC1",-0.185826747699778,0.0132932999911333
"DDIT3",-0.288543326608865,0.0133013700812026
"ENSG00000157306",-0.400689190818283,0.0133232750781613
"PSEN1",0.268136496081344,0.0133475403882448
"CCDC13-AS1",1.3144199495282,0.0133640968668726
"LOC124900217",-0.40051604481876,0.0133974521868011
"FLNB",0.185816476819848,0.0134108258024036
"LACC1",-0.42339615411616,0.0134230977142036
"MMP17",-1.22037296035697,0.0134257135649932
"ENSG00000297708",-0.701304477590049,0.0134297724391399
"ZNF24",0.182169610436716,0.0134372109414153
"MTDH",0.243055940958423,0.0134851076719009
"ENSG00000258655",0.458941880439855,0.0134874543561548
"MMADHC",0.20823941177937,0.0134885978376516
"TMEM115",0.236434532741912,0.0134923476323611
"ENSG00000293945",0.947108058330631,0.0135040997603715
"LRRC59",-0.244758180247731,0.0135293715589463
"NDUFA2",-0.186272555486736,0.0135537772651109
"ENSG00000280010",1.22767299127787,0.0135628624359624
"ZNF608",0.652937098024295,0.0136120450302229
"LINC01933",0.891606845987922,0.0136210631829564
"ENDOV",0.253806887443917,0.0136366231893174
"ATP2B4",-0.286825896253339,0.013637377947721
"KLHL17",0.2103556270411,0.0136483504250493
"ENSG00000278177",-1.08360515095625,0.0136567683754938
"HIF1AN",0.222144554148161,0.0136894041667183
"BAG4",-0.209026018697452,0.0137357328182928
"EIF2AK2",-0.229823189237833,0.0137516409002475
"SCAND3",0.345269203521606,0.0137807805569336
"LSMEM1",0.881460544317367,0.0137813540670879
"FASTKD5",-0.191602263800148,0.0137815152518011
"ASAH2B",0.311170932392335,0.0137895179024994
"SEL1L",0.254836715769805,0.013798254321707
"PIP5K1B",0.326249201773829,0.0138131133253276
"NLRC4",1.12130070760465,0.0138196132332113
"ENSG00000285796",0.347259529455237,0.0138369524578502
"NOTCH2NLC",-0.58377299317645,0.0138369591040891
"THAP11",-0.251615559291411,0.0138646054303061
"FGFR3",-0.357939653173184,0.013879650890911
"ZNF721",0.193561611775734,0.0138828184066641
"LSM14A",0.210846567071257,0.0139073257018623
"LOC101927293",-0.865140751763997,0.0139184380674577
"ENSG00000278383",-1.09629655112899,0.0139393212175317
"ENSG00000276334",0.622563996454529,0.0139522627132958
"TBCCD1",-0.296302174843648,0.0139587938195152
"SLA2",-0.431758130919515,0.0139749410108468
"HOXA1",0.905095496331304,0.0139841595586092
"CMTM4",0.217126418626656,0.0139868167232735
"ENSG00000293550",-0.358817294848408,0.01400439947821
"MAPK6-DT",1.38832589815052,0.0140055913436699
"DDX19B",-0.203355248731392,0.0141001165598129
"ACTR3C",0.536707788929893,0.014104308257772
"ENSG00000280381",0.654603198972256,0.0141091557432702
"ENSG00000264404",-0.662240705663555,0.0141135021885568
"GOLT1A",0.263177068060735,0.0141789576705022
"ENSG00000280195",0.525409940409806,0.01419988045715
"LRRC37B",0.305909138317266,0.0142008035333565
"SLC16A10",0.331911787166098,0.0142050397219008
"EXT1",-0.272221825041947,0.0142209814761315
"LINC01036",-0.765999020910447,0.0142291791311672
"HM13",-0.237633181393772,0.0142505545833457
"BMP8B",-0.864621439475253,0.0142605095132156
"ATP6V1D",-0.288414293262085,0.0142648688156764
"ITPR3-AS1",-1.15940076280401,0.0142712303678261
"PEDS1-UBE2V1",-1.61677981752769,0.01427130700609
"ENSG00000305513",0.677635806171902,0.0143045639674132
"LOC107987095",0.612157179768834,0.0143081972188902
"TGFB1I1",0.977709955348892,0.0143187729469404
"GGT1",-0.224734011858192,0.0143519836813825
"OXTR",-0.391347085478056,0.0143550148758571
"ATF3",0.385502504048202,0.0143598399439556
"LOC100506606",-0.462436000337571,0.0143707331048433
"ENSG00000301079",-0.674748459890709,0.0143714887767132
"NDUFA5",0.196354973600892,0.0144053997769073
"SCARB1",-0.25275658710977,0.0144326488014448
"CIMAP1B",0.523306310033513,0.0144340999404622
"SPRING1",0.317642977136338,0.0144462506354138
"SLC9A1",-0.23862722807133,0.0144598209469786
"NDUFB8",-0.238303071864766,0.0144658216240358
"GPR19",-0.617629340764653,0.0144763041551808
"DLGAP4",0.167103054185918,0.0144948973451397
"PRDM2",0.207008152618477,0.0144981727178848
"RGS5",-0.953334758531098,0.0145040490896438
"ENSG00000267250",0.872614776854854,0.0145044530100863
"ARHGAP4",0.712034267089637,0.0145090268037691
"PRCC",-0.17068515316812,0.0145168538279395
"SLC36A1",-0.23359286088369,0.0145265825395993
"HMGA2",0.191012624633289,0.0145296937518856
"ENSG00000228107",0.616164612180438,0.014530541854304
"APOBEC2",1.87790877977857,0.0145673397266641
"LYRM4",-0.196540787032495,0.0145686659198998
"CAST",0.202618744944637,0.0145695624276164
"ZNF616",0.274614097211531,0.0145943286424568
"ENSG00000308452",-1.02848478395091,0.0145973840641002
"BSG",0.277662088819837,0.0146017076061753
"GSTO1",-0.233670928997151,0.0146218947597954
"RAPH1",-0.254578713769088,0.0146321995077383
"PIP5K1C",0.182218335265079,0.0146659285406167
"ENSG00000300389",0.897542127453495,0.0146695959175241
"CAPN1-AS1",-0.408071688832195,0.0146750515289479
"WDR55",-0.16235088898699,0.0146998307433025
"ANK2",0.288432642190706,0.0147073900537027
"ENSG00000303728",1.03020344534856,0.014725394353215
"ENSG00000262769",0.906628982340558,0.0147347710181076
"ENSG00000213033",1.10377053524481,0.0147592809734717
"BCL2L1",0.354076000384108,0.0147672327398288
"EIF4G3",-0.153271820667225,0.0148004252889768
"TROAP",-0.346037820420574,0.0148086422483564
"MOSPD3",-0.297748419063657,0.0148314292159136
"VAT1",0.245661266518948,0.0148385917444843
"ZNF205",-0.224036560709238,0.0148428706938
"MTA2",0.178211690158413,0.0148488203982045
"ENSG00000280384",0.974909375216404,0.0148775192966601
"ENSG00000237887",0.969614330329428,0.0148787344200053
"LHX6",-0.514525233373832,0.0148924222923252
"RPP14",-0.403791936559208,0.0148969411812593
"ENSG00000279756",0.661744587152289,0.0149047690602742
"FBXO4",-0.442729478667452,0.0149056270554416
"MESD",-0.2532247733582,0.0149235268086828
"ENSG00000279528",0.615860999916288,0.0149288708224583
"LSP1P5",0.534341210356319,0.0149385090051695
"SMCO3",-1.1173203404273,0.0149480488386518
"HEATR5B",0.168087703136974,0.01495680010512
"MIXL1",-0.303213474489487,0.014965581310485
"ZNF829",-0.624185500778496,0.0149681941292032
"ARHGEF5",-0.551442859157658,0.0149685096623688
"EXOC1",-0.240983963493817,0.0149700984912986
"LOC100289473",0.612070424475855,0.0149821496743109
"STRAP",-0.224872355028004,0.0149908493394071
"YY2",-0.498162864644127,0.0149985219329792
"ENSG00000278897",0.674288245501336,0.0149990222020542
"ZNF358",0.239208615939751,0.015001526039059
"WDR1",-0.303932853756666,0.0150032442397054
"PJA1",-0.481760220001256,0.0150224256781012
"HACE1",0.305126890740864,0.015026411343567
"NDUFS5",-0.322963488868336,0.0150421933685203
"SARNP",-0.253393269190887,0.0150675314538141
"FOXD4L5",1.01111835818307,0.0150696678280961
"ZNF624",0.45522118591235,0.0150937763285606
"DOC2A",-0.447632114638968,0.0151860019217294
"RNF227",-0.595392784421089,0.0151861992942218
"MRRF",-0.20149790682022,0.0152066060457713
"DNAH10",1.95592953301621,0.0152203382372246
"CIZ1",-0.202797638102458,0.0152306186150105
"CIBAR1-DT",-1.15704572312648,0.0152384969355459
"TMEM60",0.293446482967265,0.0152518653366305
"PALMD",-0.279536244079298,0.0152670990621009
"ENSG00000248406",1.19366483118098,0.0152744688781716
"ENSG00000240429",0.414861056639247,0.0152849331297841
"TRIM16",0.227277129344698,0.0152896695355432
"NAPG",0.153760065979417,0.0153180804491409
"ENSG00000269489",1.03125081297451,0.015342486834714
"SOX15",1.13962443594639,0.0153613392963923
"TOP1",0.244197687442225,0.0153625022582573
"EMC2",-0.24754580625425,0.0153716453814396
"LINC01234",0.339992019466749,0.0153950812526797
"LOC105371123",-0.930181357478817,0.0154006505143817
"APMAP",-0.213023452791721,0.0154037308091908
"RAMP2",-0.703926879635631,0.0154504777059766
"SDE2",-0.182393932754004,0.0154529343485584
"SNAPC1",-0.302433270882505,0.0154864827942754
"SNX6",-0.219443879128521,0.0154891904877812
"ENSG00000230606",-0.388807441346514,0.0155182037064604
"ANGEL1",-0.23723373495556,0.0155295460410814
"MIGA1",0.235193918051612,0.0155383271953868
"BMP1",-0.284817587085067,0.0155439095109969
"ENSG00000293161",0.490118507424664,0.0155802002186275
"MCFD2",0.198694002745146,0.0156308351290088
"ENSG00000255198",-0.681792119808591,0.0156405223430534
"EPB41L1",0.455487985635822,0.0156502106700925
"GABPB1",-0.213969713471317,0.0156619039755213
"ENSG00000289979",0.539497832079664,0.0156789832557909
"LOC124900414",1.89814927907879,0.0156819711643753
"PITPNC1",0.752655717972779,0.0156834616486386
"LINC01806",-0.619261452806028,0.0156870890796339
"CORO2B",1.31865570829304,0.0157002978419802
"PLBD2",-0.324611621104472,0.015720064854423
"NPM1",-0.282482387016384,0.015730269494184
"IL17D",0.523431752825859,0.015737902042768
"EME2",-0.33024401939379,0.015763862571843
"ZNF408",0.227605215491468,0.0157789318273842
"LINC00858",-1.1955949453418,0.0157928235015251
"TRUB2",-0.217978758410118,0.0158016257365458
"CD274",-1.18938481672708,0.0158130539799836
"SLC50A1",0.216748303078949,0.0158309691732375
"UBLCP1",-0.238005942705539,0.0158362990096046
"SOX7",-0.744591685778751,0.0158442177481678
"UBE2L3",-0.269516861546588,0.0158669800706255
"ZMIZ2",-0.210932789073347,0.0158783399201345
"H2AC14",-1.63404435166242,0.0159006731680603
"SEH1L",-0.216600941803454,0.0159033396302045
"ENSG00000298532",-0.8011221216455,0.0159092715241458
"C3orf52",-1.10363253187806,0.0159214800169063
"RSRC2",0.175344618610214,0.015933344654768
"SPTAN1",-0.176030925122219,0.0159443788250855
"SLC15A2",0.385405843355652,0.0159624898957326
"CD163L1",-0.527928873433392,0.0159677199721562
"ATG101",0.216830588139578,0.015973388580634
"TRAPPC1",-0.353701988388206,0.015979689986593
"TIGAR",0.279257850098514,0.0159946251619178
"CLPB",0.21492487705852,0.0160003646242075
"MAN2A2",-0.208818379473449,0.0160056823438431
"PPP1R12B",0.322202228687857,0.0160175402311452
"HEXIM2",0.227995659046234,0.0160352939917564
"ENSG00000262202",1.45949175965182,0.0160400954213206
"LOC124905468",-0.320828996602367,0.0160441933443004
"USP38",-0.265084279289413,0.0160544868901663
"GSDMD",0.244066980750878,0.0160608732711462
"SMCHD1",-0.194702814857798,0.0160612070228208
"TSHZ2",2.03555047778191,0.0160643915051569
"ARRDC1",-0.199307875640967,0.0160989105050155
"ENSG00000261542",0.645796715620842,0.0161253465982308
"DENND3-AS1",-0.479290483405577,0.0161424410653065
"NRGN",-1.33679784593728,0.0161485554174547
"NAIP",0.33034464162586,0.0161647497166053
"ZNF664",0.152454196334216,0.0161661203110096
"ENSG00000286192",0.961944297534293,0.0161680943622267
"MPZ",0.314209677758101,0.0161777802412128
"PRDX3",-0.170117338130519,0.0162022238181348
"ODAD4",0.90072017747899,0.0162257887709811
"MAPKAPK5-AS1",0.214569905086697,0.0162310645653369
"TOR1B",-0.227203932822437,0.0162432760179675
"CAMKK1",-0.498490563985061,0.0162961931088927
"STAG3L4",0.266739622308981,0.0163006516065964
"RAB31",0.398706925114607,0.0163012059448469
"ENSG00000263603",1.12477546278258,0.0163129390439652
"ENSG00000278986",-0.812692499322868,0.0163322103971999
"PLPP5",0.190714542979391,0.0163551243965578
"PINK1-AS",-0.259811789836188,0.0163554948641877
"ENSG00000269961",-0.848081744446687,0.0163679717036599
"MAN1C1",0.942251555227479,0.0163723713583293
"APOH",-0.280534026903656,0.0163735680973384
"MYNN",0.226988359221649,0.0163815656958174
"MIS18BP1",-0.245565581890149,0.0163936932963056
"AKAP8",-0.175404226420298,0.0164216974948992
"ARMC7",-0.302470919551169,0.0164500355596055
"ENSG00000288640",0.50214154913649,0.0164655404039034
"TMEM216",0.191961283292296,0.0164722448927894
"FOSL1",-0.544552677974567,0.0164779468235013
"WDR74",0.231090793576416,0.0164887690676971
"ENSG00000273295",-0.537630949660532,0.0165009999084262
"EML3",0.21941277791222,0.0165685879235893
"EPPK1",-0.319235600372143,0.0165798904405494
"PAM",0.248843403610231,0.0165843479417189
"DTD1",-0.19468297396278,0.0166152501917459
"ZNF549",-0.286711476993937,0.0166506127887774
"ENSG00000295196",0.346185041528581,0.0166612410760717
"PON1",-1.34694709676977,0.0166755789319815
"GSEC",-0.511853902639119,0.0167040733139325
"BAIAP2L1",0.262282692838848,0.0167514170616544
"FAM222A-AS1",-0.91286213467137,0.0167572752895415
"IDH3B",-0.172989643821635,0.0167644898107499
"ZNF596",0.412273278983844,0.0167686926507379
"RPL7AP66",-0.72759238801766,0.0167689890233105
"UCA1",1.95620815420946,0.016789126771058
"APBB1",0.563146007602049,0.0167921529548772
"ST6GALNAC2",-1.92804516751523,0.0167948482544625
"ZNF71",-0.354214530052338,0.016813160856563
"MFSD5",-0.273744287871169,0.0168175135617205
"TMSB4X",0.634634011218039,0.0168307071156195
"LOC105371272",-0.561502434970661,0.016898226590485
"PPP1R18",-0.346971879961971,0.0169325385081386
"ARL8B",0.210969164804848,0.0169478788324571
"C6",0.548053017553929,0.0169487751578163
"WDR81",0.186455298364213,0.0169775398705218
"PXN-AS1",-0.309734114415313,0.016979182126994
"MLXIP",0.152657513090925,0.0169816791927922
"THNSL1",-0.338692364819151,0.0169858396735549
"NAGLU",-0.320770543002173,0.0169932733511763
"NNT",-0.28386712450367,0.0170218065898228
"LOC105377209",0.683210970471107,0.0170246155475273
"PLEKHH2",0.212638994578545,0.0170352631908612
"CEP20",-0.174845805829059,0.0170362140124892
"LINC01265",0.571766134451569,0.0170413126093656
"KCNAB2",0.287481498513191,0.017050424842942
"DPY19L3-DT",0.812048297054702,0.0170863600861993
"EEF1AKMT3",-0.26459861499989,0.0171285303272473
"ENSG00000304816",0.655827132205153,0.0171341719526292
"SHISA5",-0.213213645611024,0.0171911147084062
"ENSG00000276337",0.486527678264409,0.0171965933697769
"PODXL",0.955162281770157,0.0172001985258531
"IHH",0.671819721336775,0.0172009288076851
"PGC",-0.973948250503799,0.0172035982795919
"RAD52",-0.246038896939735,0.0172471974947632
"AMN",-0.373187762571064,0.0172708381165747
"MYO5B",-0.193723004557996,0.0172760801770522
"CROT",0.330503990517663,0.017323344750659
"SNUPN",-0.359805581840687,0.0173313810979526
"CRIP2",-0.283255009073515,0.0173316472535142
"FAM111A-DT",-0.489945405741479,0.0173375327082216
"LINC02348",-0.421981971028951,0.0173514125834533
"ENSG00000293016",-0.7556732061656,0.0173733010578417
"ENSG00000306953",1.02977124145606,0.0174050577914674
"COG8",0.145281907750423,0.0174153320920766
"RSPH3",0.323200354511799,0.0174174108697504
"PRCP",0.310232013451298,0.0174258961218092
"ZNF77",-0.312741845556411,0.0174272491898766
"SDHA",-0.180464324327918,0.0174564831451929
"POLR2J3",-0.254490885701296,0.0174712615856629
"MED13",0.199272768242229,0.0174833253740056
"NSUN3",-0.239300139839664,0.0174892213261934
"CNOT6",0.20114447892919,0.017514876247587
"ILF2",-0.19640426170205,0.0175243178183726
"LINC00857",-1.28036291122948,0.0175429155784852
"IK",0.221663239562188,0.0175450661254299
"ENSG00000272853",-0.534240137687453,0.0175823825755971
"PDS5B",-0.173535574078333,0.0175844143513607
"KDM3B",0.184509733606609,0.0176077028855192
"LINC01145",0.286340280309436,0.0176399848389104
"CLIC1",0.442793045877567,0.0176440788476721
"LINC02754",-0.925929214241494,0.0176537348151581
"ENSG00000261668",-1.39307111250676,0.0176636127287989
"ALOX12P2",-0.335345655170584,0.0176677226123038
"LINC00863",-0.289708819125736,0.0176982134903348
"VAV3",0.300304063787642,0.0177052583001482
"ENSG00000285330",-0.690085315210777,0.0177528942241325
"STX18-AS1",-0.278292542766567,0.0177969838199398
"TPT1",0.302761254092611,0.017800496771607
"ENSG00000304244",0.584278575758267,0.0178263343692832
"BFAR",0.192619090828751,0.0178358684969585
"SIKE1",-0.183505477546838,0.0178490649694782
"TIMM44",-0.160341629205758,0.0178492774481253
"ENSG00000279821",0.645446781594236,0.0178578598541868
"UNC45A",0.158025398231054,0.0178740959899801
"ENSG00000286538",1.05798866428181,0.0179187994991897
"ZC3HAV1L",-0.626426970431105,0.0179355970515482
"UBFD1",0.246852678889395,0.0179628339625989
"ZFP64",-0.282353571058989,0.0179653497612502
"VNN3P",2.07460315711564,0.0179826591449407
"CORO6",-0.933930627445247,0.01798751821585
"ADCY9",-0.194172663792691,0.0179888269815825
"CBLC",0.334527702452681,0.0180055527869263
"LINC00942",1.38576368230826,0.0180359904348618
"CORO1B",-0.234048119821737,0.0180495800843757
"ENSG00000305943",1.36002888265724,0.0180527011698933
"CYP2C8",0.96082396523107,0.0180537966643903
"ZNF503",0.181482355642902,0.0180903721043257
"SH3RF1",-0.669503890075921,0.0181128783371713
"STX12",0.19621601848445,0.0181148587128278
"ENSG00000289558",-0.951263256775128,0.0181197158765332
"ATPAF2",-0.240070348836675,0.0181214057805305
"OTUB1",-0.157029358435961,0.018154357432087
"LINC02802",0.450921655228862,0.0181590925197469
"LOC102724428",-0.205074832613222,0.0181649363177081
"TTC9",1.5311593984163,0.0181734149133102
"ENSG00000279744",0.764421626121665,0.018191321005941
"EEF1DP2",0.940500825765481,0.0181953443592584
"ENSG00000272655",-1.14337528154419,0.0181969802502148
"ENSG00000274769",-1.29566602741191,0.0182029162353758
"TADA1",0.19628305901213,0.0182940024248557
"HNRNPA1L3",0.233001569563415,0.0183075959301032
"UHMK1",0.168920958645271,0.0183213759501214
"GAN",0.208784420564878,0.0183239734366227
"ENSG00000284959",0.467293611147929,0.0183730742447332
"KIF4A",-0.229849106418963,0.0184126657466377
"PKHD1L1",-0.737715335305845,0.018417318600848
"GNG4",0.240893568923474,0.0184249194641014
"GLCE",-0.239302329286248,0.0184400918672806
"ENSG00000288866",-1.23444864977227,0.0184423554698528
"NSMAF",-0.190863215075753,0.0184482771852543
"ENSG00000272973",0.93048984428576,0.0184627105389522
"CYSTM1",-0.32532850653628,0.0184718000445662
"ACAD11",0.222926409761963,0.0185083570122391
"C8G",0.263254852500411,0.0185208426618065
"THRAP3",-0.189254805247858,0.0185385636106398
"TNXB",0.431486774997034,0.0185590883605623
"TXNL4A",-0.250591571022817,0.0185926728198628
"TYW3",0.208785495368829,0.0186047528100165
"ENSG00000295087",0.358870733354497,0.0186085559172798
"ANKRD9",0.212394194055192,0.0186476937179285
"LOC124909363",-0.346422538997615,0.0186799251029992
"LSM7",-0.179941665739024,0.0186812909369985
"PIGV",0.202999242094076,0.0186938507180776
"FAM151A",-1.86924909034852,0.0187076978146871
"ASS1",-0.290819928041045,0.0187120257789175
"MEI1",-0.475974455279057,0.0187125076902913
"ANGPTL6",0.681270432812951,0.0187133584513295
"FAM21EP",1.14762827638167,0.0187138059863659
"IFITM2",0.586751988767072,0.0187276340612315
"CDK7",0.297840277749204,0.0187319689611143
"LOC101928105",-1.11591145543495,0.0187789486903188
"ENSG00000291201",-0.192789107773704,0.0187897273997884
"MICU2",-0.196126918630107,0.0187956578782802
"NPNT",-0.530381748954493,0.0188108287632147
"CMTM6",0.306737264294583,0.0188442907236575
"TRIM46",1.03478975876446,0.018844414644733
"THAP6",-0.236430627839093,0.0188618558872485
"FAM186B",-1.39151673960851,0.0188723640736719
"SLC30A3",1.14806298347808,0.018889178826261
"ZSCAN21",-0.258558077123392,0.0189135345775988
"RUFY3",-0.205410824482819,0.0189213138764726
"SLC2A5",1.05460182078173,0.0189343306400053
"C12orf75",-0.648124217110068,0.0189450768351545
"PCDHB15",-0.629680304263462,0.0189874383777618
"ATP23",-0.406653451242828,0.0189914245313525
"ENSG00000280383",0.32274916060945,0.0190344158992657
"NPAS1",-0.502540533149823,0.0190582709408255
"VAMP5",-0.311347702881946,0.0190908075940618
"H2AC19",-0.328476520429009,0.0191040536419461
"ATP6V1G2-DDX39B",2.06512647536663,0.0191159977297831
"ENSG00000256139",0.895865239614045,0.019116859847168
"SCAF4",-0.162389856511558,0.0192168052843149
"PLEKHH1",-0.230055041308696,0.0192323516142356
"PRKCZ",0.21681017328885,0.019234829994443
"NAT9",-0.188119884720945,0.0192362358173833
"ZNF609",0.236647198402527,0.0192624574329422
"ZG16",-1.03427569553201,0.019289835742994
"CXXC1",-0.22547736360496,0.0193028619371008
"BLOC1S6",0.151298640175196,0.0193235166377676
"MTX3",-0.204885498368651,0.0193281843718601
"HLCS",-0.301947475134514,0.0193537683521094
"TUBGCP6",0.205023667985709,0.0193593463031083
"PPM1D",0.23069675439231,0.019366616691521
"IFT81",-0.281132528685567,0.0193743056872255
"GLT8D1",0.204771418057834,0.0193866824349204
"PCDHGB1",-0.940663391049268,0.0193935454823588
"ENSG00000235090",0.808423723107004,0.0194035930720398
"UNC13D",0.336396833011461,0.0194343162759615
"RPL5",0.281499760466977,0.0194691457462349
"TBL1Y",-1.30731893630487,0.0194720746043316
"ANKMY2",0.187617190403407,0.0194798843824932
"KLRG1",1.03052306782248,0.019486825536627
"LOC127814295",-0.421112419405829,0.0194896416887435
"SELENOK",0.341385623649865,0.0194932962706556
"GNRHR2",0.549472768932354,0.0195150490627099
"ENSG00000267980",-0.705383013482543,0.0195219581070999
"ZNF428",-0.249389162835042,0.0195636382127453
"ENSG00000286136",-0.70784032016345,0.0195673077544383
"SEZ6L2",0.307190136183966,0.0195694117682743
"SYS1-DBNDD2",1.78879710789662,0.0195967938966315
"PNCK",0.395476231422314,0.0196292224888203
"ACTG1P17",-0.502852951132316,0.0196541761746113
"ENSG00000306752",-1.35535573918815,0.0196741481809378
"CSRP2",-0.600862304551016,0.0196783130880219
"RPS21",-0.267641751136453,0.0196961843687855
"ZNF774",-0.498870071810626,0.0196972387551954
"ENSG00000305781",1.47382766253385,0.019746098592337
"C18orf32",-0.205014199060326,0.0197533995048563
"MFAP4",-1.02665588801348,0.0197572655320954
"ENSG00000268603",1.18676183590284,0.0197834136244266
"ZNF658",-0.486028239431882,0.0197855303875788
"CDKL5",-0.315521337792742,0.0197886177971592
"ENSG00000258792",1.15195817745836,0.0198160122822626
"ENSG00000263126",0.331901186787447,0.0198217141776956
"EBI3",-1.13655466470691,0.0198338614402115
"APOC1",-0.194278721690255,0.0198909603880675
"HERC2P2",-0.270967264807973,0.0199109880453544
"ENSG00000275552",1.11923670922658,0.0199732712086206
"ENSG00000227704",-0.394127320827607,0.0199813719285033
"TMEM242",0.216014074903319,0.0200134568764874
"ENSG00000251393",0.406998860569728,0.020022091269443
"TRIM25",-0.17318010404224,0.020027973321191
"ZNF136",-0.274187029683443,0.0200294423135707
"BCO2",0.734621868321495,0.0200679466588402
"ALDOB",0.550112059058667,0.0200901622546498
"ENSG00000308991",-4.48263745939224,0.0200914848568785
"ENSG00000247735",-0.488622604810858,0.0201153209814942
"ENSG00000251411",0.883812925524621,0.020127750972243
"NCK2",-0.223853291213989,0.0201390407277968
"GNA12",0.265938369315106,0.0201446945496251
"SYNE4",-0.247277274385926,0.0201620736398426
"KIAA1549",-0.249007485810689,0.0201670737696787
"PIH1D2",-0.983572542840723,0.0201807320242096
"NOVA1",0.860443295216855,0.0201944070026628
"AFAP1L1",0.705822587775257,0.020239958058756
"SMYD3",0.252207683698801,0.0202749093773522
"ZKSCAN4",-0.307934183411522,0.0202858158383158
"SNX29",-0.242691554577293,0.0202943237584707
"NDUFA3",-0.240756375048413,0.0202967066014007
"PRDM6",1.22980823615116,0.0203541842690746
"PCDH19",1.00440271557112,0.0203656116933437
"SLC38A5",-0.237607062633396,0.0203813855171691
"ENSG00000175170",1.00969756993182,0.0203929011611998
"DNMBP",-0.273988349010051,0.0204221479692165
"ENSG00000289318",0.684134832097873,0.0204326882719307
"ZNF582-DT",0.659000274318013,0.0204339184228977
"ENSG00000289507",-0.72831562996813,0.0204424618694919
"SLCO6A1",0.725104237712376,0.0204668420999555
"ENSG00000286263",0.830811897996828,0.020483415385423
"LINC01176",0.485568982067287,0.0205045541781237
"HLA-C",-0.224827708347072,0.0205410698611057
"LINC01348",-0.404693813399303,0.0205485465549287
"ENSG00000267731",2.09790121108688,0.0205607589701215
"TMEM101",-0.16386143232149,0.0205959429292944
"STRBP",-0.204863981082254,0.0206163894407792
"DMTF1-AS1",-0.852021267671247,0.0206243459519633
"ENSG00000271204",1.33132040743725,0.0206280714122701
"ENSG00000293219",1.86416836736247,0.0206701108324468
"SLC25A34",1.1746486350259,0.020690391674696
"ZNF385B",-0.401564778330804,0.0207008232838095
"POLR2J3-UPK3BL2",-0.259297492000792,0.0207223650269896
"FGD6",-0.375357261559548,0.0207230031062495
"CHCHD1",-0.200213015050238,0.0207291875357381
"BRD1",0.160917296419482,0.0207528393885186
"FAM120A",0.159020869715777,0.0207580978675324
"ADGRE5",-0.592537453040401,0.0207712742980439
"HMGCS1",0.206414597611088,0.020774375775644
"CASZ1",0.315670841390488,0.0207850943499772
"CCDC38",-0.949565049335411,0.0208243349942499
"EHMT2",-0.163945760574234,0.0208332395111171
"ENSG00000259522",0.575564399004909,0.020834873882314
"CASTOR1",0.439436535732439,0.0208614453715896
"TXN2",-0.195784300447848,0.0208675026246794
"NREP",-0.278787983835666,0.0208685678354465
"ENSG00000285728",-0.783022537931937,0.0209179935587589
"ARL2",-0.200424827706841,0.0209252170271759
"ENSG00000290047",0.85065209725244,0.0209450760399655
"DDX54",-0.167852121932188,0.0209568671515064
"ENSG00000275180",0.420930045181104,0.0209715378518338
"ZNF648",0.994248300326405,0.020979059253817
"EIF5B",-0.257341181270467,0.0210051259578076
"ENSG00000260464",0.857299666935502,0.021014135714746
"LINC01126",0.528477927143587,0.0210177004957936
"APOC2",-0.234279295975873,0.0210335614900494
"ZXDC",-0.212438886258555,0.0210828304498955
"L3MBTL4",0.198854562310244,0.0210881555547017
"TADA2B",-0.199214351054049,0.0211295983457951
"PDLIM1P4",0.849983985021489,0.0211310393079967
"TSPAN17",0.27420976833686,0.021131795075502
"SSTR1",1.48576557413507,0.0211405267521195
"UBL7",0.24015631826428,0.0211614130011816
"NME1-NME2",-0.5013872715895,0.0212384010082187
"SPSB1",-0.285927455673427,0.0212680760984716
"IFNLR1",-0.206229008528202,0.0212986063193266
"UBP1",-0.183143377694244,0.0213006275028549
"ENSG00000263680",0.729916616223307,0.0213274744285457
"ENSG00000173209",2.06924761433992,0.0213613312430021
"MUSTN1",1.11581816966559,0.0213991841362729
"ENSG00000310402",0.813866141075028,0.0214018651978496
"CHST13",-0.268594410961277,0.0214027240414842
"ENSG00000235363",-0.699031816242272,0.0214106969385627
"DEXI",-0.218427370948318,0.0214210603752629
"PSME2P2",-0.706551680291502,0.021437793445851
"SSR2",0.231143529761492,0.021443177843985
"ENSG00000300973",1.21013920659874,0.0214786374643718
"ENSG00000295894",0.791831293243311,0.0214961631524173
"ENSG00000255508",0.353956390133335,0.0215052288057092
"ENSG00000258354",-2.20969935431908,0.0215075409639979
"TASOR",-0.198992015854456,0.0215075452981268
"ANXA2",0.429064557487816,0.0215119389662651
"LOC105369344",-0.863686892234959,0.0215346059420751
"PIDD1",-0.391356261663023,0.0215432399126833
"PKD2L1",0.841865209457258,0.0215610094932432
"ENSG00000186481",-0.637775967994134,0.0215638307513163
"DSTNP2",0.51385616770363,0.0215721986371883
"ENSG00000295811",0.939852500743344,0.0215775635876482
"KNSTRN",-0.190579558280943,0.0215923267892297
"ENSG00000241015",-0.846254080661657,0.021649200322338
"LOC105374981",-0.922458937696749,0.0216535729230987
"DHX32",0.327058438576504,0.0216637762304109
"LGALS8-AS1",0.625421645154386,0.0216690451443099
"AP2B1",0.232619183545372,0.0217119908749716
"HSPH1",-0.320855702593914,0.0217161018650122
"JMJD1C-AS1",-0.670954781872761,0.0217298145113741
"SLC25A41",0.688728015484385,0.0217302991549966
"SNHG31",-0.552643032053038,0.0217378181929287
"PPP1CB",0.166963490017011,0.0217516139700957
"SMIM17",0.694959541821025,0.0217526509370117
"B3GNT3",-0.469031047911745,0.0218004423782368
"DNAAF4-CCPG1",-2.8746770169851,0.0218041119964637
"ENSG00000273004",-0.795517044875809,0.0218092958329549
"NALF2",-0.298922434747779,0.0218129845483937
"ENSG00000293465",0.452398965360146,0.0218204601781254
"APOBEC3C",0.250354893250659,0.0219191992096599
"ENSG00000303221",0.595387161051998,0.0219546860415255
"CCDC9B",0.550100142829701,0.0219647858428139
"LMAN2",-0.179189992776899,0.0220387628522368
"LZIC",-0.183371915578912,0.0220524109080017
"ENSG00000186312",0.889774086959015,0.0220560319234869
"PPAN",-0.162826743432475,0.0220560607588533
"RMND1",0.159931454448384,0.0221268393001801
"SSBP4",-0.239886760958056,0.0221360873742839
"ITGAX",0.956651733914446,0.0221417181525266
"SCRN3",-0.257562722579139,0.0221551099245986
"ENSG00000215014",0.607707878675427,0.0221686156990814
"SORD2P",-0.483081275331495,0.0221707025412428
"CCDC28A",0.24526203600236,0.0222099303267637
"OSMR",0.247297783009087,0.0222172556322484
"H2AJ",-0.382379654221083,0.0222204775155595
"ENSG00000226386",1.08983050044797,0.0222378082658741
"ENSG00000279135",0.858628154382326,0.0222471472733533
"KAT8",0.162922681815586,0.0222497959712726
"OSBPL7",0.311379554663122,0.0222603841400778
"ENSG00000303075",1.16929642084807,0.0222638325953852
"ZNF76",-0.201656671805759,0.0222847174853618
"NACC2",0.164576284546579,0.0222908991330796
"HEMK1",-0.28238981052383,0.0222937820321061
"MKNK1",-0.198553865654,0.0222999069251253
"ENSG00000237481",1.02736696891204,0.0223025571423942
"ABRACL",-0.840114669279538,0.0223253612454319
"LINC01140",1.38239722713851,0.0223436357754359
"UGGT2",-0.28793762996526,0.0224476985085924
"GPRC5B",0.986578279941732,0.0224534843893125
"COX11",-0.156474097640511,0.0224577577071486
"ENSG00000232300",-0.446381921577169,0.0224589514512672
"ENSG00000303375",-0.86357821369109,0.0224935599208314
"GSTK1",-0.142101024373894,0.0225130990440031
"ENSG00000225111",-0.837277972513337,0.0225218445383699
"DENND3",0.267575089165587,0.0225265843809743
"PLK2",0.373772072163243,0.0225268210972035
"NOSIP",-0.172145571432276,0.0225489006991687
"LOC100130691",-0.208828633867832,0.0225521015227885
"EXOC5",-0.153079943611595,0.0225568574146566
"PHKB",0.155821532157969,0.0225642203920838
"CFAP418",-0.290831785629,0.0225858359361681
"GDF7",-0.231956892181874,0.0225935922316024
"ENSG00000241728",1.5523774996621,0.0226117059931645
"CEACAM19",-0.343399403871743,0.0226136795926959
"UBE2D1",-0.211355210876584,0.0226291982187698
"PCGF3-AS1",0.235565108573818,0.0226607755098713
"ENSG00000289528",0.81122748558185,0.0226686598211329
"LUCAT1",-0.590927985675411,0.0226712924668869
"CAMKMT",-0.217829235263081,0.0226774644116706
"ENSG00000288398",-0.533112820945407,0.0226987198107032
"NBAS",0.190887233174084,0.0227494753210014
"NDUFA10",-0.156296429746997,0.0227679705313028
"ENSG00000302141",0.913295563993802,0.0227745249808227
"ZNF19",-0.31255969133688,0.0227773777433604
"SLC6A8",0.275473323735734,0.0227955559588177
"EXOSC1",-0.244622574433433,0.0228159411624006
"CHMP1B",0.232270591474841,0.0228163351836111
"DHDH",0.778491598963027,0.0228564235760648
"MLEC",0.177536615292037,0.0228857719173582
"XNDC1N",-0.494544474556799,0.0228863749544141
"ENSG00000230185",-0.741772093726339,0.0228992198696806
"ZNF599",0.327079470030718,0.022900091098099
"RBMXL1",-0.214582616690658,0.0229065466892285
"DELE1",0.159271541137741,0.0229342247477584
"SNX15",0.195936617616276,0.0229480910079111
"MICB",0.206750444448842,0.0229679095335953
"LOC124904013",-1.05691171972134,0.0229690802677695
"CNTROB",-0.185692493858699,0.0229764927933278
"ENSG00000289626",0.636744210396248,0.0229786882240494
"KCNIP2-AS1",0.558707247882413,0.0229953540590496
"VAMP1",0.267170135467258,0.023013549079213
"DIRAS1",0.703026189200897,0.0230242271273046
"JAGN1",-0.180407440285501,0.0230276775138648
"PABIR2",-0.217862700474139,0.0230623620136959
"CEBPB",0.246617915840556,0.0230683625956769
"POLR2F",-0.218862020059465,0.0230960742098374
"NFKBIE",0.231081375174699,0.0230961070624313
"UXT-AS1",0.531819193130788,0.0231024340680131
"LRRK1",1.31928074386504,0.0231034013190771
"ENSG00000295288",0.934227727887918,0.0231075239703864
"APOOL",-0.225033935012318,0.0231110228150597
"LOC105375423",0.9711755943525,0.0231112849225969
"GLB1",-0.249738905834704,0.0231230877271151
"ENSG00000262691",0.846131998660479,0.0231590747488049
"MSS51",0.396608231101813,0.0232200148247874
"CRYAB",-0.705640041530288,0.0232292491554876
"SOD2-OT1",-0.357468829234017,0.0232376252184067
"TUB",0.50195589359554,0.0232787086652139
"ACTA2",-0.198791725720984,0.0232901136628125
"CD3D",1.40226537884764,0.0233368630080499
"ENSG00000259479",-1.67573808190278,0.0233382230308559
"PIM2",0.237359592540952,0.0233848266276361
"FAM53B",-0.187841390046812,0.0233922364485207
"ENSG00000272269",-0.587383259075695,0.0234049967844749
"ENSG00000299933",-0.532729078891124,0.0234100290617657
"ZNF324",-0.392251794328504,0.0234581484072472
"ENSG00000271833",-0.972566015520754,0.0234649961229263
"PLK3",0.213035503234122,0.0234690617766586
"ENSG00000260000",-0.585095125658864,0.0234704062933968
"ENSG00000213866",-0.796248784300192,0.0235099737750795
"ENSG00000305973",1.6642872836344,0.0235146439420565
"ECPAS",-0.154771562636334,0.0235157192168487
"STAG3",1.13717448695963,0.0235524877583215
"FAM227B",0.746331693060388,0.0235889025067429
"LOC100233156",0.188574067937242,0.023599882480323
"ATP6AP1",0.204228648323383,0.0236184627454458
"ACTN4",-0.171309669616344,0.0236391589052662
"GPI",-0.261740095574004,0.0236560821141804
"CLGN",-0.256481658999035,0.0236592998715566
"MOSPD2",-0.236345939382568,0.0236598482825596
"RAB40B",0.245496107094412,0.0237294159680066
"ZNF771",-0.267500674362671,0.0237339868590973
"ENSG00000229152",0.345002363562767,0.023734312511569
"MED7",-0.265653097723938,0.0238168755617384
"DEPTOR",-0.45108185295156,0.023825631835116
"ACADS",-0.21071953088612,0.0238456209339589
"PKN1",-0.171063466306664,0.0238627786778043
"EXOC4",-0.24415747146817,0.0239338735806365
"SDCCAG8",-0.29310226676854,0.0239538656747663
"ENSG00000281379",1.8418020485135,0.0239596093447102
"GUCD1",0.182988275103369,0.0239690049308345
"ENSG00000234832",1.10428407089538,0.0239903768518899
"NTS",-1.67502509684504,0.024005751930604
"FSTL4",-0.341348933855061,0.0240081117976725
"ACBD5",0.18802467655491,0.0240295649264015
"PHLDA3",-0.212407637935123,0.0240349281691994
"CLDN2",-0.581947699209826,0.0240639303693179
"ENSG00000224961",-0.979278086008445,0.024073819043812
"TEX2",-0.159828851355657,0.0241364977692329
"MDH1B",-1.51102103292916,0.0241637313125204
"NONO",-0.179153967452629,0.0241753677945665
"ENSG00000272754",1.06577886518265,0.0241774935445867
"DYRK1B",-0.349368048473641,0.0241799752922379
"TM2D2",-0.229197539489322,0.0241847333394364
"ENSG00000167774",-0.882330991239149,0.0241875527526925
"UBXN1",-0.241728151593784,0.0242203926840689
"ZNF513",-0.225216206837895,0.0242308154183036
"CDC73",0.174444934559827,0.0242362351507175
"SLC35A2",0.211389190120627,0.0242538655224338
"SLC35E3",0.27070470882023,0.0242731025882799
"ACER3",-0.340380736354873,0.0242850305081061
"HEBP1",-0.25502335589853,0.0243050616208006
"ZCCHC9",-0.175129400365477,0.0243272209737153
"DYNC2I1",0.248527575162875,0.0243588630820603
"GSE1",0.197789457022649,0.0243596231107293
"ENSG00000287601",1.63335407566375,0.0243598988974404
"XPNPEP2",-0.662988092737393,0.0243616287841652
"RARA-AS1",0.552831703969692,0.024445849978467
"ENSG00000230303",-0.450952616795185,0.024518336332942
"PNN",-0.253530745150877,0.0245195653923781
"ENSG00000295227",0.819006455290128,0.0245236752195311
"INKA2",0.326543382455169,0.0245342461449761
"TIMM23B",-0.310464505320076,0.0245611199724025
"PFKFB1",0.279203465811095,0.0245766346170335
"ZNF146",0.190695046444721,0.0245936391379759
"LIPT2-AS1",0.473878686923283,0.0245949906100884
"CCDC127",0.246241689441273,0.024688322839805
"LINC03112",0.845591290950125,0.0247012508382065
"ENSG00000230091",1.16320592710143,0.0247029239318135
"SYAP1",0.215910219649751,0.0247283870485755
"MAP1B",0.224080136770172,0.0247375845306957
"CPVL",0.193861741428071,0.0247778151681479
"ENSG00000229944",-1.12515748634911,0.0247882948543933
"ADPGK",-0.208411201445977,0.0248004503956871
"ENSG00000267120",1.37080907077903,0.0248096484693781
"RPL17P28",-1.11310892243511,0.0248181905578034
"COX7C",-0.206842159366692,0.0248285332452638
"SEC11C",0.264433040321325,0.0248370181181883
"ATP1B2",0.914510863891184,0.0248737578875813
"LCN2",-0.588553555562715,0.024922301951872
"AKAP8L",0.246128656320668,0.0249341473034493
"VCAN",-0.637201037867055,0.0249650938284339
"ENSG00000310431",0.78806196408624,0.0249832396007881
"GOPC",0.144412707719198,0.0250057856323796
"USP12",0.158406716596183,0.0250566279174813
"CARMIL2",0.365259024341839,0.025082918753042
"ENSG00000289511",-0.653108836349785,0.025110928417909
"LINC03034",0.867324973353855,0.0251423412516312
"LINC02766",0.538990607475098,0.025146008305344
"TMC7",0.482820283954724,0.0251848834064307
"ENSG00000261096",1.16529248906289,0.0252021965901966
"HACD3",-0.251689866231318,0.0252026104715428
"CFAP36",-0.272026455723546,0.0252374367200545
"MRAP2",0.429937962327081,0.0252381486670509
"EED",-0.282560347674969,0.0252400304189758
"COA6-AS1",0.415642582910772,0.0252466718571172
"ENSG00000300693",-0.862561699054936,0.0252550887190907
"MRS2",-0.16264410582049,0.0252569708480751
"LOC339260",-0.213658197247476,0.0252621518696539
"CRYM",-0.500169278658613,0.0252928095647632
"KDM2B",0.167909595212563,0.0253080491167672
"ENSG00000296448",-1.20265500105328,0.0253190987370622
"OXSM",0.286303573214481,0.025321713969726
"ENSG00000310289",-1.12656819916702,0.025335358747636
"ENSG00000283045",0.746754146558798,0.0253779770073746
"NENF",-0.214777963832618,0.0253844344794772
"OBSCN",-0.686265620219971,0.0254068611507793
"NALCN-AS1",-0.903398134717568,0.0254473185499483
"IDH2",-0.230853074251829,0.0254645703427965
"TNFRSF10A-DT",-0.333099013569598,0.0254997672316541
"RPS18",-0.254549302958978,0.0255167791471312
"ENSG00000287619",1.12036923547371,0.0255287845916532
"ENSG00000297328",0.841725775360592,0.0255303452848257
"C1QTNF1",1.60188571876964,0.0255860996728064
"GPR39",-0.985326191681494,0.0256043197646999
"RGL3",0.266956671614104,0.0256272888791705
"PGD",-0.181816256612187,0.0256355350335765
"ZNF544",-0.214918917298409,0.0256420944373727
"ENSG00000259917",-0.545056693170786,0.0256765949033925
"ENSG00000258900",1.42798654363593,0.0256809735327064
"MOB1B",0.212226632500584,0.025692023625811
"PEX26",0.147261555856707,0.0257034163774045
"ENSG00000134297",0.652617481252925,0.0257130070222484
"ENSG00000272502",0.475659177039573,0.025724349920287
"METTL25B",-0.210990279295841,0.0258069715237855
"ENSG00000256116",0.779560058819422,0.0258117888737591
"TBC1D13",-0.192646858368093,0.0258341488319326
"ENSG00000289226",-0.699722146175917,0.0258562885693802
"SNX29P2",0.29642195372139,0.0258826437472013
"SH2D5",-0.675617014999059,0.0258978446750181
"SRP9",-0.169088307654384,0.0259212698825919
"HNRNPUL2-BSCL2",0.390347370356495,0.0259462328137897
"ENSG00000235280",-0.412026247033431,0.0259491663676888
"ENSG00000290578",0.570359884197401,0.0259612738671765
"FCHSD1",0.207872944645658,0.0259848816157885
"CCDC150",-0.308791452754867,0.0259933583368036
"RIC1",-0.223044151992157,0.0260104402654451
"ENSG00000240463",0.770321580960921,0.0260333069473043
"ENSG00000272420",-0.774615646734478,0.026040350262457
"GCNT1",0.928543985143609,0.0260913896308243
"SEL1L3",-0.85636697181227,0.0261004281816475
"RNF115",-0.19443163700978,0.0261885377166967
"ENSG00000226471",0.4866771922892,0.0262265439414187
"ENSG00000293076",0.525864618544804,0.0262299042953102
"KLF5",0.547787836980325,0.0262371421169509
"ENSG00000289935",-1.27952132793753,0.0262585956435522
"GNAL",-1.05867363711614,0.0262842122677677
"ENSG00000249353",-0.389936686107067,0.0263705645126298
"ENSG00000278867",0.581808910097721,0.0263724552367256
"MARCHF7",0.181817610731833,0.0263827189801499
"GLI1",1.1269224131113,0.0264034058326456
"ENSG00000276698",0.350436139337145,0.0264126678867418
"KRT8P39",-1.09307461696791,0.0264531368569123
"RSC1A1",-3.26508594738896,0.0264806765051465
"LOC105371240",0.651065934317318,0.0264854351168488
"GBP2",0.486821679059443,0.0264862715790299
"IQANK1",0.385371057878188,0.0265023540858703
"ENSG00000272205",0.5412072418697,0.0265176986202996
"ENSG00000294546",1.59171228378861,0.0265754430453839
"C1orf50",-0.239362134893615,0.0265762102529807
"CACNB3",0.908771109731819,0.0265776313670788
"TPK1",-0.809903190746339,0.0265843856025157
"CCDC88C",-0.205920438687602,0.0265966725938324
"CSPP1",-0.178255173195752,0.0266050543599414
"CCDC82",0.171192067429488,0.0266275654578054
"MFSD10",-0.197381835535909,0.0266495748892061
"MAP2K4",0.197497194244307,0.0266781510637544
"CDH24",-0.437794441456419,0.02669922618881
"MUL1",-0.256483527522082,0.0267440079065694
"CHKB-CPT1B",0.459539578517432,0.0267514976206239
"TJAP1",0.163342185544205,0.0267628598641972
"ELP4",-0.242943481917664,0.0267715905644403
"LARP1B",0.16292784817711,0.026810841797101
"NDFIP1",0.193451717313048,0.026812967709023
"ZNF426-DT",0.470107120416555,0.0268567167327867
"SERF1A",-0.462693932205339,0.0268744529866672
"CLDN19",-0.569257182507121,0.0269128084130329
"SLC25A44",0.199893409008912,0.0269570944537514
"KPNB1-DT",-0.411896776816435,0.0269598298390198
"ENSG00000289053",-1.29867029045609,0.0269779788659146
"ENSG00000271672",-2.80934819423658,0.0269784491852077
"LOC105373974",0.483572632900762,0.0269847142397986
"ENSG00000303904",-1.0204308136316,0.0270031411125406
"ENSG00000288766",-0.77698438892898,0.0270077863421902
"GPRASP1",-0.346766695535046,0.0270236397812944
"PAXBP1",-0.163067465435459,0.0270270629121892
"MOB3A",-0.24064534087779,0.0270349473917059
"ENSG00000258964",-1.08423836550817,0.0270407496889633
"CORO1A",0.466658223487927,0.0270411206395708
"ENSG00000267526",1.02608674209357,0.0270825158841412
"LOC105374910",0.845818703174981,0.0270922668278711
"LRP12",-0.445728033649298,0.0271814065091704
"LPAR5",-0.669525350746547,0.0271839851285012
"SLC26A11",0.244791256381015,0.0271878827771297
"NAT8L",0.328943893202254,0.0272199671351245
"NUTM2B-AS1",-0.213208827848412,0.027254091501326
"ENSG00000259135",0.785296315247347,0.0272580016209791
"LINC00958",-0.633008006821745,0.0272623744877878
"CNTNAP1",-0.29076857129438,0.0272962315139354
"CHD1L",0.157442743111736,0.0273223629258782
"CHPT1",0.183791225408951,0.027364777130036
"LRRC37A",0.322781718059947,0.0273781855579706
"PKD1P6-NPIPP1",0.183978942185672,0.0274302822821706
"GOLGA6L9",0.196058647190834,0.0274398018948785
"TNFAIP2",0.680402415313637,0.0274959279754811
"ENSG00000301476",0.922494425513142,0.0275134389317271
"CTDP1",0.187357526986426,0.0275357042593299
"CDC5L",-0.175691427422905,0.0275373632253638
"ENSG00000245281",0.56348056963044,0.0275638166985521
"ENSG00000272779",-0.568456227024492,0.0275733446212654
"DENND1C",-0.753090811605836,0.0275767147167263
"PROC",0.167427686539675,0.0275876992797306
"MORN4",-0.264216391345721,0.0275927386850044
"ENSG00000295133",1.20963121998219,0.027646389456728
"HDHD2",-0.166302849020634,0.0276541742973409
"GNMT",-0.857108292421754,0.0276722150968868
"PDCD6-AHRR",2.87250278693892,0.0276736664679835
"LOC105379499",-0.88905757434358,0.0276784990434332
"ENSG00000228532",-1.60420916650595,0.027680735148736
"CROCC",0.160513274162667,0.0276888005645714
"PHLPP2",0.197187083776823,0.0276926469784382
"RASIP1",0.439194439179051,0.0277107025795319
"H2AC20",-0.881980282538804,0.0277506303964224
"TPP2",0.182023765807931,0.027790544933188
"TMEM41A",-0.336796252170972,0.0278072334204948
"LINC00471",-1.25295421175651,0.0278264101206618
"ENSG00000291042",-0.953471763701012,0.0278388041008
"CXCL8",-0.652061544814418,0.0278556686145648
"CCND2",0.692994786613059,0.0278705344732984
"ENSG00000293901",-0.444290903757818,0.0278800014804245
"MRAS",-0.594642991702053,0.0278832298186515
"ENSG00000273189",0.769628272416904,0.027886550226993
"KBTBD6",-0.295926775368923,0.0279070635209357
"PRDX6",-0.155538599154056,0.0279208853024304
"PPP4R3B",0.15749136352543,0.0279214738556822
"SCAMP2",0.193383250151456,0.0279499343440331
"OARD1",0.183929987656862,0.0279618740207518
"PRAP1",-0.591607395717453,0.0280128883570393
"ENSG00000249319",2.87374466027672,0.0280160941241333
"APPL2",0.165213894286929,0.0280161421909435
"PGCKA1",-0.929151591036337,0.0280302421940936
"ENSG00000297704",-0.984153221049724,0.0280522797792088
"BLVRA",-0.194157187617628,0.0281089514644284
"ENSG00000258938",0.605869137358606,0.0281511168270902
"LINC01068",1.43894746414684,0.0281770570693005
"DIP2A",0.167382809890607,0.0282149056195733
"TCN2",-1.19803110181855,0.0282306218714552
"ENSG00000309072",1.10232555595427,0.028269215751984
"LOC105373514",-1.20357915050257,0.0282750621749896
"SPOPL",0.218726078829846,0.0282853701274155
"LOC101929566",-0.774451902279382,0.0283147189902059
"RABIF",-0.21757970889741,0.0283438161773773
"TMEM225B",0.7700935882038,0.0283570618184185
"TASOR2",0.150547011568083,0.0283722333875147
"FAM161B",-0.284056732154204,0.0283736788210113
"SMARCAL1",0.22171560988217,0.0283742909363334
"RNF11",0.196182222651323,0.028394979847559
"CEP76",0.249761909494093,0.0284143525102036
"ENSG00000279209",1.48151220666205,0.0284389715807895
"SDC3",0.900782766510618,0.0284710344349572
"ENSG00000226332",0.550472676624194,0.0284900779098743
"THG1L",-0.30100868359185,0.028516271758914
"AXIN1",0.174138990221539,0.0285733640806717
"H6PD",0.217241016828491,0.0285755333921647
"ENSG00000278983",0.42077784199993,0.0285984986501336
"ARRDC4",-0.447376779543477,0.028622179721705
"ENSG00000307322",0.629080321864131,0.0286398545743645
"ENSG00000290460",0.64983288629444,0.0286707563553167
"ENSG00000300014",-1.01970862760146,0.0286824159063217
"PAOX",-0.630624432290081,0.0286863703807636
"RHOH",0.623761464106849,0.0287378037526109
"ENSG00000254186",1.09279092876041,0.0287697696631244
"ENSG00000276403",1.0288713393097,0.0287725290682544
"ZNF25",0.3735261143626,0.0288041535774498
"CLIC4",0.167074125192171,0.0288108744667538
"PDHB",0.210266524634699,0.0288264338078328
"ABCA5",-0.348623797879894,0.0288317553539737
"LINC02018",0.336075248164761,0.0288350229866722
"ABCF3",-0.162574200758464,0.0288511358666457
"ECD",-0.203843813589117,0.0288767910176708
"PSAPL1",-1.15112184877879,0.0288864215733651
"POT1",-0.229995282994416,0.0289219095040128
"PAK2",0.165507060089958,0.0289525745822956
"ENSG00000291038",1.11386178113052,0.0289727655275639
"ENSG00000261266",0.870233182757874,0.0289886014058689
"FCER1G",0.756953771788272,0.0290407800104346
"ENSG00000291203",0.176762838567963,0.029107610917765
"GAR1-DT",1.32455272808548,0.0291116034569389
"ENSG00000293455",-0.44951052605439,0.0291308141375406
"ENSG00000273265",-0.338328744741021,0.0291403516494132
"GLRX3",-0.259158385382617,0.0291615886767244
"SREK1IP1",0.17138544349085,0.0291792994519764
"CNOT9",-0.140246996409565,0.0292976905030386
"MANBA",0.273167731542807,0.0293240133825911
"ERCC4",-0.202636786316296,0.0293420323217647
"TECR",0.20837145724063,0.0293541667629346
"ENSG00000277767",0.45800293583033,0.0294073369547895
"ENSG00000304845",0.774659611860925,0.0294338277921368
"BACC1",-0.189609388096867,0.0294515875379494
"TMEM200B",-0.740099715804092,0.0294576684869635
"GACAT3",1.3776818175754,0.0294618852186092
"GRK4",-0.429121225828468,0.0295231146099148
"CCDC81",-0.84303961126657,0.0295809050524144
"MIR4453HG",-0.344001490802346,0.029610712282928
"PLCH1",0.343407096687284,0.0296404884668858
"PCSK5",0.925120327651926,0.029650876983113
"ENSG00000293324",0.625856878387522,0.0296602987714159
"ENSG00000227634",0.672032137865517,0.0296642442469159
"PPP2R2A",-0.16707811942993,0.0297018444706977
"STMP1",-0.191027676107084,0.029763592872024
"ATP5PO",0.186496163324244,0.0297721134182173
"FRG1BP",0.236108490387997,0.0298646730592305
"UBN1",0.156308261717205,0.0298809410279873
"BPHL",-0.181893707172229,0.0298848684572647
"HDAC8",0.189494529347698,0.0299368406725201
"TAF6",-0.153086245174652,0.029949322562101
"ZNF787",-0.183217891855854,0.0299808286915679
"RPS29",-0.207007734913916,0.0299830190612054
"MCRS1",-0.141514554271647,0.0300333937942308
"NDUFV2",0.302677242673312,0.0300448643923739
"NUB1",0.187083296843332,0.0300700380984646
"AXIN2",0.183111338313334,0.0301077885796034
"DUSP4",1.58845972624038,0.0301189321371042
"TMX4",-0.206804003928143,0.0301463516751784
"POLK",-0.17796948594593,0.0301493625047757
"MIA2-AS1",0.476453114445177,0.0301624809096617
"SMIM20",0.24404854562816,0.0301949801208896
"CCDC7",0.577853058789516,0.0302593132130989
"TTC23L-AS1",-0.673264551995729,0.0302904988368583
"IRS1",-0.257033846367498,0.0303089059233619
"ZNF227",0.305408459551925,0.0303193299922195
"RBM47",0.303625446832596,0.0303426600760015
"SYCE2",0.606252794571917,0.030357064196688
"ATP5F1E",-0.239533329631053,0.0303678844225803
"PACS2",0.171670901318477,0.0304096044749671
"TWF1",0.209785637778778,0.030435999121217
"ENSG00000224043",0.371532113044483,0.0304515805539
"LAT",0.318285910959337,0.0304729879812474
"PTRHD1",0.221476067622014,0.030502209449349
"ENSG00000289689",-1.09544552368422,0.0305476617758828
"LEAP2",-0.333774938328621,0.0306019509026717
"ADNP",-0.142803880826227,0.0306379222744581
"ING2-DT",-0.567095014700237,0.0306525068045139
"FBXL14",-0.382287862637623,0.0306558004196939
"KDM4A",0.179404401202688,0.0306812106470179
"HILPDA",0.313412231929206,0.0306983996223338
"STARD10",-0.212491349616997,0.0307088457614433
"PTP4A2",0.144343885812766,0.030746505270799
"SERAC1",-0.197764688307058,0.0307504900909825
"ENSG00000302206",0.382416352691522,0.0307540200179751
"ENSG00000269983",-0.384754530868064,0.0307590838807423
"PCAT2",0.148848505500322,0.0307921271120334
"DRICH1",-0.712059100035016,0.0308022794684235
"ENSG00000270061",0.802401888627222,0.0308107445668907
"ENSG00000298094",0.961200426957928,0.0308218966043941
"IDH1",-0.169885166983557,0.0308312762152578
"INPP4A",0.18559267735896,0.0308684316794232
"CA13",0.312268539871026,0.0309057856859869
"HPCAL1",-0.20646109049949,0.0309092130459867
"TRIM24",0.132856947796869,0.030946017308482
"ABLIM3",0.473456875044816,0.0309466496043297
"ZNF780B",0.184991991933142,0.0309641134266582
"GMDS",0.415883741107839,0.0309804456148127
"ZNF275",0.164633701084679,0.0310209401462508
"AP3D1",0.13687656512698,0.0310313652596357
"ENSG00000296024",0.874973438234377,0.0310598572210283
"EPHB4",-0.263992563429611,0.0310637221172119
"ENSG00000269044",0.378945623369854,0.0311216811036591
"CFAP70",-0.513146450472085,0.0311906874427896
"ENSG00000279140",0.767886899347194,0.0312696517345726
"ENSG00000253821",1.18663021055979,0.031320357588834
"ENSG00000290851",0.211961580704654,0.0313662578423066
"SPIN3",0.246483959915341,0.0313792799658928
"CHKA",-0.148162097166604,0.0313920692097461
"LOC101927330",-0.473124929406578,0.0313930107953005
"SETBP1-DT",0.653782596691981,0.0314048182875031
"PCCB",-0.161046813490342,0.0314048674490296
"ENSG00000246225",0.993307090676652,0.0314091528157065
"UBE2E1",-0.18230869236392,0.0314435901004779
"CDKN2A",-0.656842705054032,0.0314763000118103
"ENSG00000272916",0.4201453365481,0.0314803000219208
"MTHFD2",-0.214756541759576,0.0315920915235403
"ENSG00000293321",0.666926421375563,0.0316193242478359
"DDX1",-0.141686339569413,0.0316265056429524
"SOS2",0.218706608654917,0.0316649676358762
"FAM180B",0.709646769397765,0.0317243800598811
"UROC1",-0.385358880988124,0.0317382704001289
"COMMD7",-0.184122573474581,0.0317648764210864
"TRANK1",-0.520847304920317,0.0317937576594557
"NEURL2",-0.308916582263946,0.0318617507933134
"ENSG00000272791",0.661336156809816,0.031888927306179
"NEPRO-AS1",-0.480967430582621,0.0319526139291783
"DENND6B",0.301238201348228,0.0319546763710898
"CATSPER3",-0.587759516444698,0.0320026281035752
"LOC107986760",0.417266933135139,0.0320356859663493
"ARRDC2",0.437730008212076,0.032040492393794
"ENSG00000223546",-0.267392184560448,0.0320495464265078
"AP2A2",0.151062490141832,0.032066244339714
"GTF3C2-AS2",0.155724537487474,0.0320775866052903
"TUBD1",-0.215403706268885,0.0320927056660023
"ENSG00000285128",1.08529666905502,0.0321004796874559
"LOC124901671",0.613487008386852,0.0321132801419494
"ACVR1B",-0.278093121051163,0.0321306516264625
"DFFB",0.250752344783599,0.0321689824772848
"STX1A",0.212699081885257,0.0321709299264035
"HERC2P9",-0.20105545201114,0.0322897678463843
"ENSG00000223935",0.953276615991767,0.03230248630089
"ENSG00000273541",0.529534994022374,0.0323285872576589
"ENSG00000293612",-0.623529652784506,0.0323314276125481
"IYD",-0.715462333339705,0.0323540689489752
"ENSG00000272129",-0.596399499535159,0.0323588585050977
"POR",0.230684219871039,0.0323758899688833
"MCCC2",-0.141437582287246,0.0324511260520902
"ENSG00000274653",-0.831523651177866,0.03245863163779
"FGGY",0.299165253720459,0.0325550629208172
"ENSG00000226179",0.872275559972372,0.0326946534383084
"ENSG00000292342",0.872275559972372,0.0326946534383084
"LYPLAL1",-0.3112080852405,0.0327536000647759
"FRA10AC1",0.176090840505439,0.032770503699556
"KRBA1",-0.233694951208075,0.0327732121508352
"SLX1A-SULT1A3",-0.399109578467017,0.0328422613688814
"ENSG00000211459",0.543756279446113,0.0328453398540988
"SEC14L1P1",-0.812311148338123,0.0329140290767834
"RSU1",-0.29719328202843,0.0330025875882841
"ZNF572",-0.31655774763026,0.0330477741063868
"FAM3A",0.195344781856281,0.0330574869257506
"RBM4",-0.165676230147504,0.033061096001736
"TMEM191A",0.328483940615774,0.0330800150893782
"MATN2",-0.966752064870977,0.0330818857960562
"ZNF75D",0.235338820398465,0.0330944531760729
"DVL3",0.152756641477955,0.0331216437791613
"ENSG00000286846",-0.726547152265618,0.033164517966932
"RBM10",-0.132659408305987,0.0331748651603475
"MTIF3",0.288122567070258,0.0332098859812632
"NELFB",-0.17167728830104,0.0332200454733884
"RAPSN",0.641380829658858,0.0332455997882258
"NAPB",0.214302288426795,0.033276152908167
"LRRN4",-1.207840332519,0.0332976287385681
"COX6B1",-0.2233751565528,0.0332999493397561
"RNU4-2",0.976865101673262,0.0333657670636271
"YAP1",-0.149153490976112,0.033434445064723
"METTL18",-0.336409250475145,0.0334754123150037
"ENSG00000272662",1.1685776741274,0.0335216911391639
"CMPK1",0.162709706850241,0.0335643464981737
"LINC01238",1.19526133875163,0.033571505431123
"MAPT",-0.294362091945418,0.0335844960321472
"ENSG00000289021",-0.51569236789802,0.0335865721128872
"WNK2",-0.182541038980499,0.033609205430483
"RP2",-0.301722070543164,0.033609902583699
"ENSG00000238035",-0.296077128979192,0.0336142403540905
"RPS14",-0.194314159855601,0.0336173853678102
"PTCD3",-0.152397028623349,0.0336538105144596
"ENSG00000257497",0.725487790791635,0.0336914388150988
"ENSG00000250132",-0.359772382461667,0.0337247142074737
"AMD1",0.164371776695935,0.0337293915749968
"ENSG00000276256",0.170572787867334,0.0337819770830356
"HELZ2",-0.17135361572251,0.0337981383168477
"PIGBOS1",-0.271012703406339,0.0338551505669953
"LMBR1",-0.188843981990127,0.0338590407411695
"PELP1",-0.152274204845371,0.033863265141593
"C5AR1",0.644685884391203,0.0338806901953319
"ENSG00000227479",-0.856986082692204,0.033909033911658
"ENSG00000303902",0.283294712992824,0.0339317663121801
"ENSG00000250838",-0.930290606154855,0.0339507209428357
"TTC14",-0.220035237721847,0.0339558443918442
"ENSG00000272141",0.766864159836635,0.0339767776289695
"PRELID2",0.224829033343391,0.0339857482409514
"ENSG00000267059",-1.68348623238094,0.0340229966888412
"SNORD33",0.740628981832773,0.0340389253224438
"RPL23A",-0.2515804745402,0.0340688047090639
"RPS15P4",-1.02718693429042,0.0341165973189676
"NSF",-0.220226108067332,0.0341171755140819
"ENSG00000225192",0.81793241588731,0.0341191563750462
"SCLY",-0.145459801194871,0.0341227615179194
"CTAGE1",1.11719534786985,0.0341489034915075
"PHRF1",-0.177694098776633,0.0341752941698408
"ENSG00000288663",0.39145123681156,0.0342762038854862
"ENSG00000272555",-0.527165769175439,0.0342820362138173
"KIF27",-0.304760045905656,0.0343137696729313
"ANO3",-0.533843998016358,0.0343509684494456
"MST1L",0.3007464847052,0.0343561313121834
"ENSG00000305098",0.97304953388754,0.0343682771719863
"SNHG11",-0.204635261249903,0.0343799745179246
"ENSG00000204959",-1.02650094770859,0.0344148586849579
"NUDT9",-0.237003502345229,0.0344442765948885
"ENSG00000288704",0.934284853815512,0.0344605505470739
"FADS1",-0.189121489347282,0.0344930989915586
"PTCH2",0.355043419599305,0.0345087909298909
"DNAJB14",0.167002804420717,0.0345525967356309
"BTN2A3P",-0.322890365734261,0.0345610632351074
"LOC105374378",-0.269640844551877,0.0345618500692794
"ACER2",-0.513712635391974,0.0345837094925623
"SETX",0.151187484123124,0.0346031711183136
"ENSG00000289269",0.917632606967569,0.0346315349613072
"SLC66A3",-0.446389388820335,0.0346552058802209
"NSUN5P1",0.170588756036876,0.0346664857065199
"ENSG00000293801",1.11301723687239,0.0346687045092877
"GAL3ST1",-0.378054827930856,0.0346698627301222
"APBB3",-0.599968268949808,0.0347333741406753
"ENSG00000304332",0.489426857655976,0.0347832380542101
"FBXW5",-0.193293344209634,0.0348131342847413
"ENSG00000229609",0.395555562116225,0.0348546133223433
"ENSG00000203647",0.994677744786786,0.0349355131252624
"HMGN4",0.16999242324171,0.0350042169753514
"SUGT1P4-STRA6LP",0.361714795215112,0.0350054467927141
"SNAPC2",0.197163994774848,0.0350249474462027
"ABT1",-0.195135797961155,0.0350682629254771
"YWHAZ",-0.206894793654128,0.0351555061076181
"CLN3",1.00517390686675,0.0351561604332454
"GTF2IRD2",0.357682095771072,0.0351742600712866
"ENSG00000277459",-0.738266960806666,0.0352304209480523
"RPL11P3",0.96283341397624,0.0352451150128949
"PLEKHA2",0.315905180276307,0.0352743313587653
"CYP39A1",-1.25722913193267,0.0352746396813245
"AFMID",0.134980899710303,0.0352788470340341
"ENSG00000285730",-0.395951913893771,0.0352837862805875
"ENSG00000280067",0.790886344500362,0.0353702274710914
"TXNRD2",-0.156130926311017,0.0354064713233015
"UBOX5",0.225110029822908,0.0354193863782451
"ZNG1DP",1.35583870823642,0.0354317585564868
"LYPD3",0.561093038513172,0.0354372129306418
"INPP5D",0.232255701500094,0.035498258799044
"ENSG00000284743",-0.792011452484539,0.0355173481307474
"ZNF700",0.175090115652299,0.0355333917781219
"IFIH1",-0.218373998351089,0.0355390503763199
"ENSG00000272994",-0.240030616856237,0.0355654071270897
"ZNF746",-0.196044076545092,0.0356905783507746
"ENSG00000298852",-1.59654229878276,0.035695769242816
"ALOX12-AS1",0.270358455243427,0.0357406059817605
"DPEP1",-0.953363107804528,0.035800818264581
"FBXO28",0.185860122222356,0.0358056415350748
"ESRRB",0.826551002758623,0.0358554423910852
"GLIS2-AS1",-1.11499054995913,0.0358582241348436
"HYCC1",0.216423688848527,0.0359218868379032
"ENSG00000289227",0.759534480682033,0.0359452002701092
"ENSG00000250519",0.749773461902045,0.0359582053720449
"ZNF10",-0.205737567284794,0.035970029779503
"NIPAL1",0.361624613165977,0.036028551797321
"ZNF276",0.171350522834638,0.0360842816046177
"CUTC",-0.303678159330299,0.0360927582404483
"PCBP2",0.156054124332676,0.0361276706651641
"ZNF613",0.330598058971866,0.0361290582390913
"UBASH3B",0.828322816791562,0.0361383825498017
"SMARCA1",0.198741957789812,0.0361646913063853
"PLEKHN1",-0.469215428217665,0.0361915195927618
"ZCCHC7",0.22983960294505,0.0362600746091948
"LOC124903859",1.13277450680021,0.0362842097348586
"TLK1",0.141127092811427,0.0363180069994077
"ENSG00000295667",0.639853053987155,0.0363517225206429
"DNM1P46",-0.916168386804098,0.0363944525587088
"SNX30",0.263864210659974,0.0363968809617982
"COMMD5",-0.271570384190581,0.0364086480478516
"ENSG00000178146",0.994879470362701,0.0364360948590338
"ENSG00000298169",0.207783080182164,0.0364363382793832
"SSBP3",0.173774160302748,0.0365149760144922
"ENSG00000247934",-0.450844852935657,0.0365461169133957
"ARHGAP42",-0.411766888576611,0.0365701132983028
"CD276",0.20051467862022,0.0365793452330516
"ENSG00000257303",-0.660398934521575,0.0365805129298942
"ADCY6",0.187885516671743,0.0366557461913143
"ENSG00000261420",0.626163536597554,0.0366828993071601
"SPN",0.511978810062735,0.0366851333045318
"TFPT",-0.245281825154478,0.0367381363888947
"ZNHIT6",-0.17688372359251,0.0367465538598932
"RNF19B",0.261252348020335,0.0367920906252281
"ENSG00000307823",0.593062580885021,0.0368181219681626
"DNAJC16",-0.2510281707974,0.0368220485443165
"ENSG00000304654",0.577128265487268,0.0368313544216535
"HCAR3",0.468545751012505,0.0368845718610435
"KCNE3",-0.444923459452812,0.036907228983391
"MYO1B-AS1",-0.515991834286983,0.0369181904364728
"ENSG00000306474",0.611939533281216,0.0369280665592174
"ENSG00000210082",0.4373767929793,0.0369783390994355
"CCDC122",-0.517374462417542,0.0370537030104376
"ENSG00000197536",-0.582236112870343,0.0370946527853021
"ENSG00000225873",1.45975523042269,0.0371078336430976
"NUF2",0.158678794042607,0.0371134060261734
"ENSG00000293157",1.00878712737029,0.0371202101093664
"RPS2",-0.23982968440553,0.0371572372874055
"TMED5",-0.164241039778117,0.0371862316987048
"LIPC",-0.265831557836485,0.0371871567386592
"APOBEC3D",0.898739914975955,0.0371991650836325
"ENSG00000309922",1.02912349871383,0.0372641305298998
"ENSG00000205236",0.499195778068367,0.0372645211737119
"HSD17B13",0.600904352533467,0.0372782271986605
"CRTC3",0.175447406102716,0.0373772024477438
"ENSG00000272335",0.210299302864231,0.0374198599803616
"LINC01275",0.534462679639706,0.0374230890229192
"AHSA1",-0.268214527881155,0.0374253765629072
"ENSG00000285567",0.527176351916551,0.0374319418351461
"TMUB2",-0.141565982862757,0.0374356818385174
"ENSG00000174384",1.93700325496748,0.0374383988414218
"HELB",-0.572450307680015,0.0374477604641739
"CCT6P1",0.222527326797658,0.0374560717237519
"ENSG00000259416",-0.638717978628614,0.0374708230868479
"KRT8P3",-0.512162104567414,0.0375099602824464
"ENSG00000276523",-0.947636202331522,0.0375185976013487
"MAN1B1-DT",-0.378769317766715,0.0375259881119502
"RBX1",-0.186157498076598,0.0375648031130652
"SLC7A6",0.181305700806884,0.0376336721758402
"ENSG00000203709",0.407551803543509,0.0376733806558067
"SERP1",-0.193501872916117,0.0377487712835156
"ENSG00000294982",1.19056206478005,0.0377693778804176
"BLTP2",-0.153150847598371,0.0377890165098051
"VAPA",0.162125490176869,0.0378740308962859
"SERPINA10",-0.228663136448972,0.0379739811484859
"SLCO1B3",0.370412667704819,0.038001745798302
"ENSG00000268889",-0.860251221153729,0.0380122219395261
"GPR199P",-0.755173309794629,0.0380140313360791
"RNF41",-0.174749989791915,0.0380338040670402
"HPS1-AS1",0.788089237194249,0.0380407714778612
"DNAAF3",-0.839484805408208,0.0380688125478327
"MMUT",-0.184449605805265,0.038097584817589
"ENSG00000286138",-0.607310715729481,0.0381199178271191
"CBR3-AS1",-1.15428961675915,0.0381605423089914
"NUDT18",-0.326451440363899,0.0381626666461069
"ENSG00000251003",-1.15195035873326,0.0381647700695654
"CASP7",-0.167177160814205,0.0381888845821307
"ENSG00000251661",1.1938401539847,0.0382074118546653
"ENSG00000270141",0.920130886097364,0.0382348008369885
"OLA1",-0.213826197278411,0.0382408122423086
"NFATC2",-0.25154569831998,0.0382869526471806
"ENSG00000261238",-0.376995721346624,0.0383033747611927
"CUL1",-0.152230768069188,0.0383244257166543
"ENSG00000272525",0.534707188023837,0.0383859784903928
"ENSG00000273456",0.455837075442116,0.0384235650744102
"LOC100288175",0.254863306589305,0.0384592064829954
"ENSG00000225447",0.581607296750173,0.038540766956944
"NLK",0.18881329768413,0.0385915739822484
"ATP6V0B",0.177756786995771,0.0386098345215558
"RABGEF1P1",0.177737584465853,0.0386248025651286
"ENSG00000259976",-0.498799675650732,0.0386506704669221
"SLC6A12",0.994620514910372,0.0387212918774112
"KLHL8",-0.203279792525516,0.0387269353073425
"RECQL5",-0.196351834174408,0.0387480017823181
"ENSG00000288093",0.66919879706955,0.038776423983676
"ZNF440",-0.262787110537791,0.0388274298711975
"SMG1P1",7.33070549961581,0.0388477319034932
"AGAP2-AS1",0.442353610481439,0.0388528718455563
"CD101-AS1",-1.17558265558229,0.0388731052515014
"MINPP1",-0.209401226899934,0.0389839214512225
"ENSG00000264546",0.583428784507783,0.039070458901974
"C1orf162",0.468956045296416,0.0390853277857509
"LINC01608",0.666584990511617,0.0392350945105793
"MBD3",0.137578621813049,0.0392897767246056
"MIR22HG",0.225344857245433,0.0393359572194944
"LRRC28",0.237639040652456,0.0393989691356955
"ENSG00000299403",-0.915516163766539,0.0394188694854762
"METTL27",-0.759296099053934,0.0395058525085898
"RNPEP",-0.166818674915763,0.0395062191577007
"PCDHGA7",-0.975462213617397,0.0395129894594927
"CCDC66",-0.210849076342866,0.0395313163837347
"NCSTN",-0.197070088674024,0.0395442626823853
"H2BC13",0.778723760754567,0.039548283280293
"CSNK1G3",0.259864834635132,0.0395869614459161
"BAZ2B-AS1",0.489024141869532,0.0395931929212422
"ZNF230-DT",-0.690672399355416,0.0396074137716264
"TBC1D5",0.188215585921989,0.0396168651287734
"PYCR1",-0.175464559757356,0.0396633673628605
"ZNF213",-0.230979223669432,0.0396841207408301
"ENSG00000275198",1.00960184951228,0.0396918578992385
"PSMG3",-0.218251522664481,0.0397491520678143
"ZNF582",0.633463230144824,0.0397506422438675
"XPNPEP3",-0.171540246744506,0.0397698755251758
"SF3A2",-0.213667137868844,0.0397765167372639
"RHPN1-AS1",-0.640421694361462,0.0398149682564963
"ALG5",-0.249561436836469,0.0398226111335051
"FBXO25",0.200197046021102,0.0398276292476075
"ENSG00000256433",0.37375073044891,0.0398427957890551
"ENSG00000296499",0.98646993370272,0.0398831404381035
"ATAD1",0.209401678928411,0.0399480634700367
"COQ6",-0.199413017377223,0.039977191576685
"ENSG00000246334",0.481709866568992,0.0399829923599979
"ENSG00000289346",0.809749712431822,0.040048561224807
"ENSG00000275734",-0.626840226182346,0.0400639032726373
"ENSG00000279879",-0.570053588243434,0.0400701885772231
"HOTAIRM1",0.792514982521268,0.0400785909600921
"RPL24",-0.199750017751367,0.0400871100810057
"FAM222B",0.211050142682897,0.0401324931102579
"SERTAD3",0.173624489123852,0.0401449231366789
"SLC2A11",0.194011609079111,0.0401618983646573
"PPP1CA",-0.236063037288559,0.0402184772965438
"ENSG00000279330",0.930919519325371,0.0402294080113458
"VIPAS39",-0.214067303171953,0.0402409824223258
"SLC43A1",-0.178678677695024,0.0402591475926758
"GXYLT1P5",0.948217928048404,0.0402871675059746
"MAVS",-0.156012083524443,0.0402908186370973
"MPP3",-0.892398499324881,0.0402933804314002
"FKBP3",-0.159891606597459,0.0403141064763924
"ZNF594",-0.22454565224195,0.0403305105686928
"RAC1",0.179550889688602,0.0403739083983533
"NSUN6",0.191156179676183,0.0404063910087408
"PCNX3",-0.213559468314141,0.0404098578737451
"TRPM7",0.189326191440469,0.0404127365601733
"GPR137B",0.871406097368864,0.0404531676066423
"ENSG00000269473",-0.460977993982371,0.0404724812763298
"SLC12A3",1.8270445424225,0.0404871641253199
"NSMCE3",-0.22276367739592,0.0404950879727857
"ENSG00000278949",0.515070568577361,0.0405250261976481
"ZFP1",0.209040175812833,0.0405594826306245
"TMEM169",-0.348665400896707,0.0405844012013147
"ENSG00000282034",0.144415482038177,0.0406030897604715
"SLC11A1",0.474778504808957,0.0406104549113206
"SMIM12",-0.193236099710291,0.040614552923567
"ADARB1",-0.153110658664208,0.0406392110907807
"EIF2S3B",-0.605076027089498,0.0406696217544766
"SEPTIN7P2",0.162792947729455,0.0407213016383642
"NEDD4",0.182414854124085,0.0407733295567597
"ENSG00000214776",0.881742909216782,0.0408006503796037
"URAHP",0.513961737400348,0.0408904037743957
"LINC00494",-0.485355811988505,0.0409631518821506
"TTLL1",-0.456124195311381,0.041000238672596
"PRMT1",-0.152011289174002,0.0410182620478567
"FAM220A",-0.2708641146942,0.0410213735836706
"CFAP157",-1.15645119490527,0.0411249905748933
"ENSG00000276744",-0.587694654880625,0.0411475845436177
"USP30",-0.242294398475504,0.0411872462268243
"MTCP1",-0.331138751729432,0.0411956078404168
"KCMF1",0.201885825158415,0.0412000207496776
"MIR4713HG",0.522732907497837,0.0412056296047063
"DDB2",0.206060466738507,0.0412543760221109
"PCMT1",0.19188673041545,0.0412561042404921
"SLX1B",-1.17063812268555,0.0412836703638611
"ENSG00000289594",-0.412931494712983,0.0413323947601076
"LINC01376",0.328977082899586,0.0413673457999038
"ENSG00000237978",0.931627044086242,0.0414152231434017
"ENSG00000243885",0.645125822423064,0.0414602493365347
"RAB4A",0.163764770392751,0.0414853635371823
"GALR2",-0.785532076172,0.0414931445257286
"PRRT3",-0.346578322651716,0.041520667785258
"PER3",0.247537726185681,0.0415817983435852
"DPP10-AS1",-0.912227982973637,0.0415905073047505
"ANXA2R-AS1",-0.367628455044276,0.0416696731914465
"TRAPPC11",-0.168240696987793,0.0416882200981733
"TSNAX-DT",0.363622149632162,0.0417162418773836
"TNFRSF14",0.294683575067018,0.0417472591726288
"GABARAP",-0.194736777568667,0.0417505865100511
"RNF216P1",-0.132889289188245,0.0417786343165873
"ZDHHC21",-0.208306796645553,0.0417809916349713
"ALDH1A1",-0.272269255139564,0.0417989327630466
"IFNAR2",-0.147743936521026,0.0418168232373785
"ANKS1A",0.16437366962071,0.0418184821077111
"ZNF263",0.13867811532688,0.041835729425757
"ARLNC1",1.84289337718093,0.0418398921828187
"SNX18",-0.266104907460778,0.0418525417520864
"CDH1",-0.415773699103973,0.0419044585756307
"ENSG00000225975",-0.351629588583916,0.0419063123096002
"RHEB",-0.182449519933419,0.0419362651734675
"KCTD5",-0.149971239906997,0.0419505696993382
"ENSG00000275944",0.53936435763537,0.0420394088362239
"SHF",0.195487502177979,0.0420421098439031
"PLA2G6",-0.193439681331765,0.0420626141362707
"ENO3",0.297673571746539,0.0421779841353744
"TTLL5",-0.190719731083262,0.0421789032954277
"EIF4A2",-0.15236933636876,0.0422028227336017
"ENSG00000206149",-0.798430329141567,0.0422152928186231
"SUZ12",-0.164798073744323,0.0422234481531557
"ENSG00000301762",0.820463651184679,0.0422792950612124
"CCPG1",0.23570743102641,0.0422817631627345
"ZNF569",-0.283673196015239,0.0423023161903226
"RRAGB",0.243166270666467,0.0423244536665308
"SAMD9",0.349500783517719,0.0423640645116366
"ENSG00000291117",0.43672029474374,0.0423681662230282
"ENSG00000302691",-0.842291380591753,0.0424151213584655
"PPP1R10",0.178633398471219,0.042425602145721
"LOC101929130",0.592261432216921,0.0424766551731574
"PSEN2",-0.229988528978446,0.0425277646184315
"MSL1",0.142479512595114,0.0425440105101819
"NDUFC1",0.185970853662972,0.0425563983685876
"HIF1A",-0.163374475198488,0.0426349452371732
"ENSG00000253106",0.704461598847352,0.0426546359587341
"PWWP3A",-0.183223269763461,0.0427501919899173
"SPATC1L",-0.26155649060964,0.0427764603415147
"SRCAP",0.272954433056447,0.0428139343886855
"KCNH6",0.880107716716177,0.0428369276884249
"CKMT1B",-0.78154511424936,0.0428451155242476
"ENSG00000220848",0.876780661513069,0.042891955015473
"MTIF2",-0.204935304657408,0.0429019734724751
"CSRP1",-0.179207325266191,0.0429535965492782
"ENSG00000283627",0.363656005667119,0.0429904949129337
"TNS2",-0.234858474544697,0.043024164354283
"ENSG00000273448",0.716887636242038,0.0430484229385599
"LINC03040",0.539732256449963,0.0430987687550881
"TXNDC9",-0.194199856073871,0.0432387359982955
"ENSG00000294288",-0.848642201876618,0.0432478219245868
"STC2",0.176848448151604,0.0432944786018491
"ENSG00000257390",2.21346102790881,0.0433322017738584
"ENSG00000248235",1.23739854208958,0.0433322372776869
"HOOK2",-0.180236138753344,0.0433354828469137
"NINJ2",0.373062803765902,0.0433404437855396
"ENSG00000251595",-0.426619701877707,0.0433405071107578
"ENSG00000272800",-0.427017450088996,0.043458421379076
"KCTD20",0.142378563799696,0.0434909307097207
"LOC101928450",-0.68142860730672,0.0434953089922843
"VPS33B-DT",-1.12407094882578,0.0435802807262168
"ZSWIM8",0.201428801353909,0.0435874349800336
"ENSG00000204196",-0.419912568208792,0.0435899234036237
"INPP5B",0.188384298319701,0.0436470319560394
"ENSG00000262712",-0.295395855783392,0.0436492303753861
"RAB40C",0.167850134993388,0.0436556692784884
"GID4",0.197294901294598,0.0437104252948477
"ENSG00000287284",0.486857540229639,0.0437239930401619
"MAB21L4",-0.767916166955346,0.0437597563807394
"RCAN1",-0.201510812824257,0.0437774430502195
"ENSG00000259726",-0.528723154104711,0.0438500041585682
"HINT3",0.190749853675072,0.0438547219390795
"ENSG00000287074",1.25613645832702,0.0438803342078456
"S1PR2",0.45155530337385,0.0439001411884437
"ASAP2",-0.305859235859788,0.0439260919888409
"ACIN1",0.186540607021862,0.0440137094481463
"CUL2",-0.163851692933706,0.0440991493638445
"KIAA0232",-0.163265750055035,0.044101502800571
"ENSG00000287265",-0.70833774390506,0.0441050589143541
"ENSG00000268628",0.948152935166868,0.0441154901616305
"EEF1A1P19",-0.796455239643231,0.0441429984192587
"SCML2",-0.272471544373519,0.0441990427701761
"ENSG00000299654",-0.278116778731627,0.0442221047979413
"PPP1R8",-0.157393729516826,0.0442438073533869
"DERPC",-0.32261345715904,0.0442843842951798
"IFNAR2-IL10RB",-1.66629838031788,0.0443137211556799
"OXA1L-DT",0.400079899464752,0.0443442506105989
"ENSG00000287828",0.943951769927854,0.0443472955431448
"GNAS",0.206214231060761,0.0443846735232954
"YPEL3-DT",0.630158346323652,0.0444117708121832
"NUTM2A",-0.920479423413836,0.0444904105219128
"ENSG00000279518",0.516671872434857,0.0444998984659089
"ENSG00000270077",0.956723299761438,0.0445188100090704
"ENSG00000268750",0.726086974869398,0.0445458757796508
"MSMO1",0.218106687513438,0.0445518866409832
"ENSG00000272905",0.982764297725683,0.0445638888892083
"LOC101929004",-0.577457832933945,0.0445867678210923
"EIF2S2",-0.240961754774966,0.0446194384662888
"ENSG00000259826",0.578909376249462,0.0446737519656046
"MICA-AS1",0.216150076663107,0.0446744008866177
"ENSG00000215110",-0.466343311534387,0.0446985754570369
"OTUD4",0.157096627375052,0.0447743116676047
"ZDHHC3",0.146998195130764,0.0448274339421082
"UGP2",-0.151633194705372,0.0449212673590222
"NPDC1",0.261011485529799,0.0449258574869022
"TFB2MP1",0.959596326342086,0.0449462221852015
"AMIGO3",-0.421995777590146,0.0449612101738135
"PSRC1",-0.330791779289968,0.0449833832799103
"CBX3",-0.134057536705181,0.0450231426414212
"WASH9P",0.184534241094384,0.045051986985362
"LONRF1",-0.152568352501598,0.0450656115033617
"DUSP1",0.333469054471079,0.0450717478065024
"LINC02846",0.878552030735094,0.0450817632620933
"LRRC58",-0.140131272004476,0.0451243766940716
"C5",-0.323501344908092,0.0451860927383475
"ENSG00000270035",-0.886205905852331,0.0452007756006878
"ENSG00000290453",-0.795514832470825,0.0452122032242989
"ENSG00000270091",1.13331527218202,0.0452160484502913
"MTA3",0.149561985124172,0.0452654291690818
"ENSG00000171570",1.57972477033253,0.0452784071335356
"ZBTB11",0.172166669329766,0.0452795646539499
"ZFYVE19",-0.156164429764363,0.0453049345930274
"ENSG00000267500",-0.891227981520335,0.0453086717367143
"TDRD12",0.626347197780764,0.0453160307521014
"ENSG00000308429",-0.645849557927607,0.0453564940675767
"ABHD5",-0.242600397192526,0.045406378603115
"POM121L9P",-1.01447290899687,0.0454617171874531
"GUSBP1",-0.19466887592019,0.0455023772243384
"LSP1",-0.748340611718117,0.045575098083696
"ERCC8",-0.182540738001552,0.0456231051355159
"RUSC1-AS1",-0.648632697137578,0.0456334532324039
"PARD3B",0.359071695350506,0.0456907641671427
"YY1",0.127810427388007,0.0457390873218092
"PKN2-AS1",0.636231205789325,0.0457638075514518
"NKX3-2",0.796259415405351,0.0458163117175286
"PDE7A",-0.162280646814962,0.0458331542780129
"ENSG00000304586",-0.593720634240993,0.0458436705197206
"ALDH1L1-AS1",-0.61261600861338,0.0458561923338981
"GPX4",-0.180647541147031,0.0459010629399998
"ATAT1",0.175409993366704,0.0459037796685639
"PTGS1",1.36087673969174,0.0459625091526559
"NAPA",0.16378340780293,0.046013400957502
"TRIM41",0.150130671640048,0.0460381638356096
"MRAP",1.06176766678966,0.0461145081468568
"SNHG3",-0.196769408939237,0.0461291860997305
"RPS6KA2",0.941324875923569,0.0461886238756892
"ENSG00000217702",0.93915074787536,0.0461898143626426
"LOC124900192",-1.23827169511974,0.0462379872920378
"ENSG00000185834",-0.689433137644914,0.0462431546354462
"ENSG00000307255",0.524616067742622,0.046284766271589
"IL7",-0.526735765908066,0.0462908556076627
"ENSG00000270130",0.830049962388263,0.046359168261616
"ENSG00000262772",0.33415991296595,0.0464376565850238
"MYO9B",0.207614324295518,0.0464707203564629
"ENSG00000289401",0.582921023482655,0.0465385966298936
"TMEM80",0.187447064384869,0.0465798349403782
"KIAA0825",-0.95075702848515,0.0466009063150399
"ENSG00000278384",0.228637092247366,0.0466214197628687
"ENSG00000291218",1.2275704137158,0.0466288152322492
"GIN1",-0.318938869506535,0.0466509229468295
"NPIPB11",-0.243719853184839,0.0466668135287374
"NR3C1",-0.202254424017405,0.0466697783163041
"ENSG00000261611",-0.556669194851218,0.0468551593083401
"CSDE1",-0.156243153661435,0.0468978408886636
"LINC01124",-0.377851988340127,0.046913951370373
"DOP1A",-0.225716065964193,0.0469447499462577
"DYNC1H1",-0.149802177910417,0.0470066506747544
"CSTA",-0.321656485117914,0.0470523865807809
"TPP1",-0.199693381603644,0.0470827925350752
"ENSG00000272010",-0.641069293029666,0.0472138833514168
"POGLUT1",0.184227387996025,0.0472365449383817
"VPS26B",-0.149386106600427,0.0473285134833388
"CHD5",1.11600440276957,0.0473320957537902
"ENSG00000301545",0.905034347256342,0.0473777249673113
"NCBP2AS2",0.254301032106893,0.0473988626988167
"MKRN3",0.331621931496194,0.0474154787645291
"ZFY",0.191626053356678,0.0474616102120116
"DISC1",0.414247910163048,0.0474850920234307
"ENSG00000268790",-6.83612332963649,0.047516642299961
"PLCH2",0.569430099440824,0.0475272294296717
"TRIM5",0.179136231766318,0.0475361311370842
"LOC105375728",-0.57760688507953,0.0475449681318475
"LOC105371414",-0.431022186752519,0.0475652868695087
"EML2-AS1",0.868251262360176,0.0475977107134481
"ALDH9A1",0.197853176070177,0.0476187628771275
"LOC124906712",-0.671352094710329,0.0476316350490316
"ABCA10",0.560382413198402,0.0477488917320154
"TBCC",-0.18302291297839,0.047770561844329
"ENSG00000241962",-0.931787260847883,0.0477917896756986
"ENSG00000294399",0.989234088646326,0.0478233652936366
"ENSG00000237849",1.07688151267903,0.0478423712428515
"PCIF1",-0.158575060613494,0.0478426194577032
"GSKIP",-0.256636250996433,0.0478437485535256
"DNAJB9",-0.242984209397829,0.047877378395407
"CDC40",-0.151684144814233,0.047898646739551
"RSPH4A",-0.664335960811023,0.047904128467232
"PPFIA1",0.131668490627599,0.047951852893967
"ENSG00000305144",-0.912655018057843,0.0480195765389427
"ERCC6L2-AS1",0.330630736056041,0.0480668861273683
"STARD3",0.173661881639808,0.0481431812427146
"WDR6",0.151834923399255,0.0481622305999835
"ENSG00000165121",1.96411814657144,0.0481674475393718
"TBC1D15",0.178179774012544,0.0481704427274397
"ENSG00000293642",-1.45050559830889,0.0482015423367487
"IDH1-AS1",0.442895658533339,0.0482850882348181
"GIMAP2",-0.436417316294682,0.0484530107635
"NAA80",-0.242183743234187,0.0484930251104085
"ENSG00000231187",-0.406013408836159,0.0486316627962875
"MTOR",-0.1259027239212,0.0486569302862016
"STK16",0.166918294591296,0.0486734037313735
"LASP1",0.248012133462187,0.0486735582169312
"LOC107984262",-0.412480231933561,0.0487355645938686
"METAP1",0.147894889013853,0.0488408370954577
"ENSG00000254294",-1.36101951005211,0.0488668662367285
"TNNI2",0.264569717312379,0.0488840299371623
"ENSG00000289018",-0.600018508680562,0.0490893887794759
"PIGT",-0.155494848101839,0.0491023001078518
"BGN",-0.468949535914037,0.0491311214417593
"DDHD1",0.158749574592634,0.0491827556098878
"PSMB8-AS1",-0.437182400956655,0.04920113101668
"ANKRD50",0.231032689074661,0.0492025632696172
"SAP18",-0.207475272824669,0.0492115528282581
"LINC01340",0.670001339160735,0.0492130171813399
"LOC102723575",-0.781227326727218,0.0492334677545318
"GPR135",-0.40278428708173,0.0493044144344442
"SIMC1",-0.187594065983542,0.0493316694112129
"SEMA6C",0.230887915578927,0.049332023045586
"PHC1",0.14722614696987,0.0494131711289206
"FAM149B1",0.228488387078106,0.0495090389742653
"RPS27AP5",-0.722737272037835,0.0495234256943905
"ENSG00000274259",-0.652651455671146,0.0495372550234304
"LOC107986163",0.818134306744335,0.0495439943898219
"SNRNP70",0.13741396731809,0.0496357127097627
"NECTIN4",-0.464405133987735,0.0496477204894918
"TTTY14",-0.678901546918797,0.0496653252242511
"TMEFF1",-0.74913050860046,0.0497293333849089
"SINHCAF",0.153109285988565,0.049747202111619
"ENSG00000225680",0.698819153470346,0.0497482503269598
"GGT5",-0.981215132115222,0.0498071971713444
"TPR",0.16077133006256,0.0498112950061407
"KIN",0.181859608865187,0.0499835947186426
"IDI2-AS1",1.02944301818603,0.0499878039412998
"ENSG00000270558",-0.458121349418854,0.0500450972155146
"ENSG00000267249",0.643731798245529,0.0501150869695202
"GRIN3B",-1.04534703159802,0.0501327352129653
"CFAP92",0.977270181787581,0.0501659019922685
"ENSG00000303946",0.539794080575857,0.0502528881547256
"TMEM170A",0.205967441801646,0.050269832451117
"ELMO3",-0.200452042340642,0.050311531547086
"PNPLA4",-0.225886696606727,0.0503291310920334
"MAGT1",-0.243858920606379,0.0503799298311829
"ENSG00000258365",-0.519269583137618,0.050390177025327
"TRIM16L",0.279600641462719,0.0504077644854984
"ENSG00000294598",0.243095159879136,0.0504096227455744
"LAMA3",0.667617117471485,0.0504491905126563
"NEU1",0.151468998766111,0.0505210254471795
"NOXO1",-0.356255467081188,0.0505263993932933
"TSPAN1",0.480739761704938,0.0505276901512461
"LRSAM1",0.156495560815523,0.0505553839703839
"CTSS",-0.451477889951592,0.0505877635907242
"ENSG00000236603",-0.945286941648017,0.0505905627464087
"LOC101927609",-0.98439443852337,0.0506044798860602
"ENSG00000278376",-0.409520496072871,0.0506219794179699
"C19orf44",-0.198410064049605,0.0506692032934309
"CHD4",-0.134262632329294,0.0507727587016937
"NOSTRIN",1.0976944430697,0.0508338931287245
"LINC01431",-0.730369708907024,0.0508637396186891
"SNX32",0.935319357284915,0.0508850172367487
"BLOC1S2",-0.153342556855274,0.0509208033821621
"PGBD4",0.298028991055661,0.0509337469340823
"MFSD11",0.17645321021965,0.0509355785838189
"AMBRA1",0.148312157532948,0.0509979457556215
"SNORD17",0.492520447235102,0.0510060449923427
"PMVK",-0.206032177703319,0.051045260905118
"ENSG00000273691",0.3289901960776,0.0510471007839343
"FBXO46",0.191858508588216,0.0510729320931779
"MRPS27",0.140888614666017,0.0510846319942627
"ENSG00000259275",0.88377686600794,0.0511225871365659
"ENSG00000298058",-0.702875760185951,0.0512317387570526
"WDR7",-0.266121455065942,0.0512496435123315
"SMIM10L2B",-0.545205407434018,0.0512594234610701
"KTN1-AS1",-0.245665114236186,0.0512692279893718
"RAB1A",0.155537981094639,0.0512770561190681
"SLC33A1",-0.168796966943041,0.051321699000354
"LOC374443",0.189662512153053,0.0514144916129505
"SHH",0.259037371849763,0.0514162412138945
"NR1H3",0.195056309368247,0.0514222864554394
"GUSBP3",0.371098505007489,0.0514614344382581
"ASCC3",-0.184892748030975,0.0514917707764538
"ENSG00000266820",2.03345385921238,0.05149449707066
"ENSG00000289519",0.379105052868441,0.0515272503934086
"TPRA1",0.156576007907455,0.0515781478337927
"FBXL15",0.159247066963744,0.0516178424922243
"LCN10",-1.30308969330367,0.0517139727128483
"ZNF585A",0.268966792677582,0.0517244041927849
"GTSE1-DT",-0.987806358234824,0.0517371640424741
"LOC100289361",-0.438971615496615,0.0517372809765742
"MMP24OS",0.241076589583415,0.0518250551844703
"COG1",-0.128996926851921,0.0518772714671853
"MFSD14CP",0.171872454406882,0.0518803101940976
"GABPA",0.156729121581866,0.0519564428626289
"MUC15",-0.262713221616492,0.0519654352261339
"PPP2R3B",-0.200677322864067,0.0519801811523922
"MAN1A2",0.164762465497076,0.0519818638956967
"ITIH5",-0.51909407967464,0.052009943423079
"GDPD5",0.298969743478527,0.0520511319129901
"FGFR4",-0.205137148726876,0.052082567900437
"CBLN3",-0.357575133290703,0.0520850419301075
"KLHL9",0.197134119773684,0.0521175843271227
"ENSG00000289370",0.913143955863709,0.0521352914889403
"RETREG2",0.157933692091398,0.0522993617041908
"GCH1",-0.14128555261726,0.0523512187688398
"POLI",-0.186934839644509,0.0523982316139877
"MPRIP",-0.121172261019122,0.0524612410227654
"EIF4A1P10",-0.509091898568473,0.0524920350545132
"VMA22",0.155257821587481,0.0525203728686431
"NCK1",-0.237568626402234,0.0525434011087735
"LEMD3",0.185440028215218,0.0526397349459936
"ADCK5",-0.191012532287119,0.0526858850856553
"ENSG00000279841",0.520171172000147,0.052701944712932
"TRAPPC8",0.137179098173173,0.0527230718758082
"RN7SK",0.361424317442616,0.05274353608654
"ENSG00000260211",-0.730420578156358,0.0527469865943607
"DDX19A-DT",-0.568661124184331,0.0528300972345591
"SCUBE2",1.1095909147181,0.0528684686006928
"ENSG00000247373",-0.252155205499205,0.0529032341084508
"MTSS1",0.142848913464447,0.0530408393786318
"HMOX2",-0.145280427554745,0.053053651985954
"ATE1",0.153968618730101,0.053068831920601
"KCNIP2",0.324732827173008,0.0530859578443558
"ENSG00000286786",0.787132058600942,0.0530933966131546
"ENSG00000280092",0.846037550425797,0.0531038654199786
"LRRC37A3",0.366821074943699,0.0531077904850745
"ENSG00000259349",-0.482318296925055,0.053111790897911
"FAM114A2",-0.221056431512292,0.0531188069185416
"RPL17P22",0.819206276220746,0.0531369324463979
"APOC1P1",-0.410076221182005,0.0531460663080366
"ENSG00000305326",-0.507140436399243,0.0531646448677443
"NARF-AS2",0.507627057767295,0.0531873211587013
"ADAMTS10",0.519116650701621,0.0532222122213529
"ERLN",-0.477117870611756,0.0532791152525487
"RIMOC1",0.153623798764251,0.0532850069258705
"ENSG00000288928",0.720146567779151,0.0533549702097866
"MBOAT4",0.956062668136949,0.0533586222665049
"LOC105378944",1.29055769899168,0.0534122968218804
"MTF1",-0.230342209129934,0.0534139672842774
"MVP",0.272364604513375,0.0535559494275768
"ENSG00000284686",1.30685574334346,0.0536086662007939
"HMGCL",0.254613220080049,0.0536981208726529
"FAT4",0.31655555578431,0.0537063382616514
"ENSG00000278917",0.831937380116303,0.0537217586546651
"DLX6",-0.274820428643719,0.0538057386727839
"ENSG00000280306",0.640796084771926,0.0538078085675345
"MON1B",-0.116705979502806,0.0538158330495393
"TRIM74",0.746494658460453,0.0538481930873193
"POLR2J",-0.300226992606707,0.0538550514609451
"JOSD1",0.137489836678151,0.0538601796538826
"ABCA2",0.235771231814653,0.0538971427228843
"ENSG00000253819",-0.561603342757038,0.0539323803514978
"ZFAS1",-0.171617263786313,0.0539469383394094
"HNRNPC",-0.153380489146405,0.0539495069949255
"TMEM120B",-0.154309230234646,0.0540220736962353
"TMEM117",-0.321747050323136,0.0540490995882643
"NINJ1",-0.14942341712422,0.0540665186139303
"POLR2K",-0.172202440295856,0.0540771303291014
"ACAP3",-0.273427436699282,0.054105825133423
"ENSG00000234509",0.452010884649149,0.0541080647341637
"TIMM22",-0.182895903920069,0.0541122587678882
"ENSG00000269925",-0.878058608690393,0.0541154129377257
"RTL8C",0.225987514334096,0.0541594509489374
"ENSG00000280327",-0.947912139359141,0.0541808456822535
"C5orf63",-0.31860365982526,0.0542177439712525
"ARHGAP44",-0.274554855245369,0.0542320532432093
"LGALS2",-0.272078038693535,0.0542853243538828
"ENSG00000243679",0.341096013713625,0.0543897655259464
"AP5M1",0.15048208578372,0.0544128173766568
"SOWAHB",-0.743176769873893,0.0544229032977587
"ENSG00000251417",-0.934210220803481,0.0544351052964541
"THOC5",0.119521535833922,0.054554859740858
"DPY30",-0.176083796336494,0.0545619309787528
"TRAM1L1",-0.949069042664314,0.0545840488744092
"ENSG00000284428",-0.290883688836047,0.0546270991179346
"CADPS2",-0.171707577155055,0.0546309758655449
"ENSG00000259562",-0.700136225813876,0.0546381635040179
"BBS12",0.54211390380917,0.0546471980274036
"GOLGA2P7",-0.17086435939609,0.0546592656606367
"ENSG00000267649",-0.80511486119473,0.0546953906876189
"SLC25A5-AS1",0.619138151259988,0.0547065621727885
"ENSG00000279738",0.315182630429007,0.0547252859855532
"ENSG00000269978",-0.531514308229508,0.0547436457102092
"CMTM8",0.164282571688038,0.0547664602581485
"ZNF165",0.245329758933233,0.0547744586954168
"SEMA7A",0.170566987287064,0.0548375177461616
"YWHAG",-0.197095856156947,0.0548392905968936
"PPP1R12C",-0.179112727211672,0.0548683399622306
"ENSG00000270022",1.13672121042392,0.0548929629601985
"LOC102724023",-0.292679695455855,0.0548960909656113
"STON1",0.531460663083634,0.054901890734368
"PURA",0.164194510306913,0.0549176808997687
"RPL36AL",-0.263017650454616,0.0549526736020714
"LRRC37A2",0.647293861569908,0.0549590194742772
"ENSG00000275263",-0.858047934935125,0.0549687267040222
"FBXO38",0.155887595908125,0.0550097600505229
"RBM6",0.191433625049951,0.0551262303154082
"RRAGC-DT",0.58651683428664,0.0551447199750717
"LINC00205",-0.177818947555501,0.0553061630828283
"DPP8",0.140417108047119,0.055329023474956
"UTP23",-0.239106251335056,0.0553415066938554
"ENSG00000197582",-0.713557271726118,0.0554007010606741
"ENSG00000226853",-0.945917213284021,0.0554124867223978
"BDH2",-0.202352988980707,0.0554328392971943
"PIK3R4",-0.187161953107004,0.0554875507844905
"FAM204A",-0.163909543867852,0.0556491281622949
"CMYA5",0.465823387929859,0.0556643324618654
"ENSG00000196381",-3.09437147203714,0.0556824421934866
"EVL",0.160493640376417,0.0557196118269183
"ZFR2",-0.580889005206197,0.0557366665074772
"ALPK1",-0.339768694687756,0.0558282553530735
"RTCB",-0.16666856045701,0.0558303909186465
"ESAM",0.643594674289894,0.0558785480061011
"GOLGA6L4",0.199077378686959,0.0558949825468593
"NAMPTP1",-0.523625078859036,0.0559207730248893
"ACVR2A",0.151762293680946,0.0559841450538194
"C16orf46",-0.2842607486069,0.0559970062592743
"RIPK2",-0.183012137421038,0.0560117652338847
"ENSG00000262766",0.745115668394005,0.0560621726655619
"ENSG00000262837",0.663500963931188,0.0560711998647422
"PLA2G4C",-0.577938040535503,0.0561139919682813
"HVCN1",0.583159610453099,0.0561373734932318
"UBAP2L",0.147613940515346,0.0562801308574266
"MCM3AP-AS1",-0.286847374960205,0.0563021337279018
"TEX264",0.160935899974347,0.0563459488140558
"XKR9",-0.469265512839225,0.056368346534745
"AP5S1",-0.178659731943012,0.0563902050822518
"ENSG00000273449",-0.468375102955087,0.0563927899452826
"RTN4RL2",-0.337072616406578,0.0564060024374122
"PTPRS",-0.14035091746679,0.0565105906310442
"ENSG00000235313",0.604378649794505,0.0565334762896649
"ASPM",0.202613366807042,0.0565436428700587
"PPP2R1A",-0.15866457214436,0.0565868476514784
"PROCA1",0.394985396173053,0.0565934763546939
"PER2",-0.271319931728746,0.0566052177877001
"ENSG00000177173",0.952614700368324,0.0566184229571466
"TRAPPC5",-0.234778710794685,0.056681352003795
"UPB1",-0.57317778342055,0.0567145362420641
"ENSG00000269947",0.483484724018136,0.0567249402573875
"UAP1L1",0.236788456338569,0.0567378169849331
"RNF186",1.15214872687743,0.056746141230238
"LINC01003",-0.254139963764022,0.0568282034629832
"GCNT4",0.438251681741877,0.0568974407416289
"MAP2K5",0.214072300449081,0.0569066457440755
"SLC27A4",-0.183189907358924,0.0570355732483974
"HSF1",0.135019148727283,0.0570471198501436
"ASB7",0.183379432510493,0.0570799973257201
"U2AF2",0.124335430822798,0.057145741699477
"GALNT10",-0.209901385963996,0.0571489471626587
"ENSG00000269486",-0.388573800754619,0.0571511512342925
"PPM1F",0.131413942249365,0.0572321879124521
"KLF7",0.202743802224616,0.0572345029481513
"DTWD2",-0.239746167579596,0.0573265688456632
"ENSG00000223859",-1.0362857442345,0.0573281782687252
"NEK2",0.162770479872342,0.0574110757950099
"ENSG00000250764",0.717411505144934,0.0574188721344371
"TICAM1",-0.253302113319227,0.0574238657294319
"ZDHHC4",0.129831251525192,0.0574352544843522
"CCDC198",0.762349631223914,0.0574387060974511
"PCYT1B",0.29014058446324,0.0575549414301375
"EIF5A2",-0.357112531791524,0.0575954469532013
"ACBD6",-0.174353337546384,0.0576740020438811
"ENSG00000274425",-0.365481381467636,0.0577142803648532
"PDE6G",0.79011521241037,0.0578325824708558
"NOS3",-0.223901747674908,0.0578509862942915
"ZNF628",0.212611189206611,0.0578698703719425
"MED30",-0.210557227009466,0.0579990373210024
"CNOT3",0.159573082319394,0.0580714894794842
"TMA16",-0.205494801166447,0.058076321147682
"ENSG00000305756",0.470249155201537,0.0580810941967523
"RPS26P19",-0.476306019889951,0.0581310171884364
"ENSG00000289929",-0.226599255838227,0.0581453477696146
"PPP1R26",-0.13883867456067,0.0581473338377939
"UQCC6",-0.224454400249867,0.0581707848518602
"ADAM17",0.204194192068547,0.0581823087311765
"ENSG00000236095",0.446141176187059,0.058235978528286
"ZRANB2-DT",-0.791980580401885,0.0582642775334327
"AADACP1",0.520348434594108,0.0583119604872033
"DARS1",0.190142859539409,0.0583289580291244
"ENSG00000279602",0.432555162007787,0.0583515239956429
"BTN3A3",0.180704612223342,0.0583564781424677
"TEX261",0.137457977015372,0.0585305250263556
"CFAP251",0.517739587257403,0.0585362544532587
"PLEKHG5",0.222601437502825,0.058554821026505
"ST7L",0.18260473181701,0.0585615207980384
"ENSG00000267191",-0.45459979481422,0.0586721030820048
"SRY",0.410224837706675,0.0587223645352728
"PHF2",0.135135932478759,0.0587237069511021
"ZNF563",-0.267222874833921,0.0587331212306416
"ARHGAP12",0.125888191404429,0.0588788554530901
"CPNE2",-0.229631340869853,0.058889437503781
"ENSG00000261326",0.203139931810553,0.0589574830236256
"ENSG00000271078",-1.00030077219046,0.0589731023495078
"CHMP2B",-0.135699263667282,0.0590128234013938
"OTUD7B",0.145182660825601,0.0590201148508391
"ENSG00000261098",-0.291249039567161,0.0590302254694408
"ANAPC1",-0.123188177824968,0.0590697919991248
"CYP4F35P",-0.584512794155686,0.0590820210524494
"H4C5",0.940986976939463,0.0591100952421116
"CCT4P2",-0.485348587268266,0.0591284775121586
"BTBD7",0.154916520776241,0.0591564870708321
"G3BP2",-0.161775117500864,0.0592230095814433
"GNA11",-0.140742514477107,0.0592311961808614
"C16orf95",-0.287220590386199,0.0592900633567996
"CSPG4P12",-1.96584337893979,0.059307645955905
"ENSG00000306320",-0.497629986771581,0.0593101363952435
"ENSG00000300209",0.790473028046403,0.0593331909215259
"RPL23AP87",-0.348466869255452,0.0594431295866433
"HIF3A",-0.700005232877043,0.0595292161820052
"SIT1",0.95569873209311,0.0595688520371559
"SORBS2",-0.185862103900592,0.0597076435160457
"LTBR",0.14136258881762,0.0597469602525137
"ZNF419",0.149942288363593,0.0597605661394476
"LIMK2",0.140041227865536,0.0598024641407417
"ENSG00000278950",-1.17370520654473,0.0598600992817988
"SEC24B",0.140803876032658,0.0598731177606797
"KBTBD3",0.447834737303885,0.0599483775549915
"ACAP1",0.548703008182772,0.0599773755047499
"SELENOM",0.500040946455131,0.0600579926148377
"DDHD1-DT",-1.01971186778012,0.0601019374427061
"ENSG00000286185",-1.6259691494774,0.0602151394114534
"RPL6P10",-0.569941199888723,0.0603009038146748
"DSCR9",-0.392450343821637,0.0603025958412368
"ENSG00000277103",1.19003985986206,0.0603108112534291
"CDS1",0.192891943321143,0.0603645885420286
"ENSG00000277782",-0.670395907190703,0.0603793676521927
"ENSG00000287257",0.790597820285536,0.0604531718914546
"RPLP0",-0.172580260333132,0.0605448919841913
"CRYZL1",0.19491225232015,0.0605657647209397
"ENSG00000273007",0.487695657600543,0.0605760857610894
"SCAMP4",0.132875683790963,0.0606794779701829
"LOC112268198",-0.213370963268904,0.0607112676993978
"IAH1",-0.17434005487513,0.0607411491296169
"ATP2A2",-0.169352332936737,0.060848903723941
"LINC00667",-0.162027313086422,0.0608636385780779
"TMEM192",0.185120163768601,0.0609405377184481
"ZNF397",-0.206982306245936,0.0609756818772001
"AURKC",0.697013450236581,0.0609946780264483
"ENSG00000273451",0.633715048443524,0.0610005750293483
"SDHAF2",-0.15086700118795,0.061074895412306
"ASB1",0.135873769242455,0.0611338694356181
"ENSG00000289276",0.790745854564292,0.061164217545636
"ENSG00000273306",0.522863218803349,0.0611858872445539
"ACTN1",0.185380495020511,0.0611891782169802
"ENSG00000295487",0.838672866571344,0.0611931952186444
"FOLH1B",-1.33739148463934,0.0612146934102044
"C2",-0.186856246047991,0.0612350083280733
"SMYD5",-0.128123402047173,0.0613027205095566
"TEAD1",-0.127980266098577,0.061379968058391
"DUSP18",-0.405824948296176,0.061387270911559
"RAB20",0.305730954153104,0.061409597426242
"LINC02226",-0.755295857844241,0.0614455814677572
"LEFTY2",-0.850698322183857,0.0614765517204636
"MYRIP",0.286633519431604,0.0614783200746504
"RSAD1",-0.12734224348649,0.061514807645491
"GPC3",-0.262961401688912,0.0616123976415864
"GATB",-0.206720824410113,0.0616459347467276
"YTHDC1",0.116363586808934,0.0616505657944652
"ENSG00000267278",0.807794366052268,0.0616667434728307
"PWWP2A",-0.145803070106005,0.0616689875913078
"GDAP2",-0.136658272246214,0.061681911004744
"ENSG00000279662",0.665164536119305,0.0617076956951542
"C12orf76",-0.162479835665604,0.0617361473908933
"LINC02525",0.381248172121382,0.0617489178568078
"KLHL42",0.15093994165588,0.0617730021593269
"ENSG00000275202",-0.550224784873415,0.0618359485567053
"ENSG00000277959",0.796849308288706,0.0618469199966296
"NPC1L1",-0.188759954557965,0.0618524481181806
"ENSG00000299671",0.974191530026824,0.0618641019012064
"YBX3",-0.206971330670526,0.0619554882368735
"ETFB",0.205890888536352,0.0619759054088918
"MEX3A",0.169663798682359,0.0619802631556739
"GNPDA2",-0.249678498833871,0.0619831421751348
"ENSG00000213300",-0.371605153042729,0.0619945723329633
"NIPA1",0.159540924795911,0.062029168960993
"RGS9",-1.02880179399809,0.0620292879466341
"RALGAPB",0.115646073793415,0.062074879227546
"NR1H2",0.183589425857786,0.062099476687514
"OXCT2",-0.679047294113028,0.0621172638680086
"ZSCAN9",-0.153354157527207,0.0621646739896665
"CDCA2",-0.238084549370422,0.0622041825627787
"CAP1",0.182631884707697,0.062205756219514
"CKS2",0.162786760258791,0.0622333983573068
"PKD1P5",0.189512123115946,0.0622978725613383
"ENSG00000267160",0.521126337504906,0.062300987393757
"BGLAP",0.470896048357938,0.0623172824011971
"VWA1",-0.194374050943026,0.0624467675202325
"ENSG00000260816",-0.412229050309825,0.0625653797204163
"PLEKHB2",0.14948497894827,0.0625979134550878
"SLC25A32",-0.17280392589903,0.0626748313976041
"ARL15",0.217202988424757,0.0627661019887878
"GBE1",0.23994373024468,0.0627797318048524
"TAF3",0.137617384097395,0.0628801771400641
"NCDN",-0.155107260632095,0.0629015923589198
"ENDOG",-0.217501583499207,0.0629406148867002
"ENSG00000273137",1.09968660053836,0.0629456737146731
"PARD6A",-0.518702894071561,0.0629727668340882
"MSLN",-0.441733489852171,0.0630271470277901
"SMAP2",0.15017268708003,0.0630443290790755
"KAT2A",-0.21493574268472,0.0630529739646493
"TMEM191C",-0.350803691264165,0.0630989275199115
"ENSG00000273343",-1.24375965272931,0.0631218613207445
"ZNF460-AS1",0.580366775927079,0.0631435963904646
"ANAPC13",-0.154571203220648,0.0631643405014881
"NICOL1",0.374989638129032,0.0631664936121055
"PELO",-0.174922215171199,0.063172504224298
"AASDH",0.188013627455487,0.0632253692645196
"SLC25A23",0.211624110627961,0.0633299048590595
"ENSG00000301753",0.692727931963705,0.0634118046046339
"TMEM183A",-0.130401938017478,0.0635601494228232
"NETO2",-0.246527573077982,0.0637280936671091
"CLEC4A",1.03055122280731,0.0638039324920616
"ENSG00000298510",-0.30059615748379,0.0639184634817738
"UNC93B1",-0.186541103288873,0.0639496545129699
"ENSG00000272156",0.764638929236438,0.063972863807678
"MAPK8IP1",-0.272024468219708,0.0639964835830715
"MAPRE2",0.201055140992073,0.0640304636809988
"ENSG00000308027",-0.847492578689216,0.064041340606991
"TPPP2",0.700210408933662,0.0641599815805441
"RIPPLY3",1.08588034446061,0.0642093286614283
"ENSG00000224635",-0.530713660240887,0.0642530188355143
"NUP58",-0.122884120629274,0.0642763343167153
"HMGN5",0.432599093270164,0.0642968536547599
"SRSF9",-0.163606112364806,0.0643517806363662
"LINC03015",-0.745928836158229,0.0644659477675039
"ZDHHC24",-0.207116518601762,0.0644839848785176
"RAB21",-0.126056637116133,0.0644872563187528
"CDADC1",-0.216303681955602,0.0644927791083799
"HMG20B",0.159126597000569,0.064493918607528
"CCDC116",0.546740546596265,0.0645378664745702
"ENSG00000250371",0.837572747385302,0.0645534988022028
"MUC3A",-0.891561434760823,0.0646709506647525
"NUCB2",0.210773890982859,0.0647270624266189
"FDPS",0.148633833074615,0.0647288371102442
"ENSG00000271590",-0.443479565704344,0.064799073497341
"KHDRBS3",0.166162251800752,0.0648104186783062
"ONECUT1",-0.267027864217128,0.064821674957192
"CLOCK",0.143294017905391,0.064844521646939
"ENSG00000244313",-0.287542713045009,0.0648493377398311
"EPCAM",-0.141823757014145,0.0648658164983693
"LOC105374937",0.29496243687502,0.0649009932414781
"INTS11",-0.150067911048752,0.0649126574970063
"RPL23AP7",-0.382993514308646,0.0649324730383362
"ENSG00000272772",-1.89003160384122,0.064989960730605
"BCL2L2",-0.172580828703017,0.0649917655567301
"REP15",0.483789155188416,0.0651749872950127
"LRRC8D",-0.121528718763051,0.0652598837090574
"ENSG00000255339",0.674292567540106,0.0653261261726491
"LOC105377203",0.225167582317404,0.0653279351258417
"TGFB1",0.294729989087602,0.0653859341077154
"SHLD1",-0.243306929843679,0.0653967250408696
"ANKHD1-DT",-0.282074796910698,0.0655505516833585
"TRAPPC9",-0.157722423346041,0.0655675443224411
"SGSM2",0.157896240500728,0.0656768887995799
"PEX39",-0.209461239319061,0.0656969459237273
"KIAA1614-AS1",-0.400682124892835,0.0657398665235389
"ADAM32",0.643678155680974,0.0658836633906016
"XPO7",0.11783550365211,0.065894674563647
"ZCWPW2",1.0794223878949,0.0659373825586423
"SH3RF2",-0.207297396475455,0.0660026966042704
"ZNF8-DT",-0.305462686801621,0.0660407501362181
"ENSG00000308555",-0.550255085747132,0.0660428428013896
"IZUMO4",0.323948329345166,0.0661018825767606
"LOC100505912",-0.277838156247011,0.0661065163192544
"DHPS",-0.132869349820937,0.0661073872419643
"GPR179",0.644169731231546,0.0661140405679759
"EOLA1",-0.242956341584034,0.0661712254015014
"OTUD3",0.18793577593594,0.0662079302974425
"ACACB",-0.249758746864012,0.0662111859683492
"CEL",0.32427175603411,0.0662655243571528
"LOC100132249",-0.258251697470023,0.0662909774347022
"ZNF689",-0.161670359041022,0.0663279369724225
"BNIP1",0.235067052058399,0.0663598874201178
"ZNF295-AS1",-0.38877038735432,0.0664038176003664
"RER1",0.112192790207213,0.0666323248443324
"ENSG00000289151",-0.706638627693269,0.0666614525271196
"TMEM18",0.142802550312344,0.0666838800347465
"ENSG00000261211",0.477960285392868,0.066689918454703
"ENSG00000296951",0.622660543832578,0.0667229193238213
"PUS7L",-0.161308246680834,0.0667486819016185
"ENSG00000299259",1.41845069497942,0.0667487452477232
"ENSG00000291073",0.17729719565008,0.0667634914925175
"ENSG00000226085",-0.538245500685048,0.0667713317756777
"ENSG00000260588",0.698162851741389,0.0667854428957823
"POLH",-0.343866962695522,0.0668136106221603
"ENSG00000282807",1.31414026934489,0.0668227153216971
"ZIM2",0.741952378231425,0.0668870938772761
"CLDN9",0.590518253652803,0.0669255591847976
"MTA1",-0.139000809393518,0.0669414804589835
"RBBP8-AS1",-0.586414660100406,0.0670173755503844
"RNF2",-0.189570000960799,0.0671961256817938
"QARS1",-0.125388591305947,0.0672112487017769
"NINL",0.15919473774278,0.0672162099388862
"INTS4",0.161684829516722,0.0672180670420356
"STK24",0.154494312565134,0.067240527133683
"HDAC3",0.160787742786036,0.067268377080406
"ENSG00000297106",0.296097975098056,0.0672905128215939
"SNORA71A",1.01264686673125,0.0673259102446451
"ZNF480",0.138601048926798,0.0675166799575894
"LGALS7",-0.826979671144439,0.0676021673039021
"FAR2P2",-0.963728373436751,0.0677247487195113
"ENSG00000279342",0.539244071111401,0.0678337464556863
"RNF207",-0.198053356334542,0.0678942779287744
"GATD1-DT",-0.163636112234464,0.0679543991986098
"ENSG00000300781",0.439674821818483,0.0680246862874843
"PCAT7",0.302258295699654,0.0680892174837135
"TMEM259",0.187614304716751,0.0681292160415101
"MRPS5",0.1336993273946,0.0681520944173613
"SLC12A2",0.317521796677204,0.0681530670139821
"TMEM253",-0.489467411243807,0.0681840027902489
"PPIAP30",0.953918344962196,0.0682531448964744
"AP4B1",-0.179418303035413,0.0682757434946313
"ENSG00000272667",-0.405331812866871,0.0682835576659902
"SIPA1",-0.250695035702119,0.0683777028133756
"AGPAT1",-0.13698827775125,0.0684102803898566
"NBPF15",-0.176355810610233,0.0684405964111775
"GRTP1",0.135489516392939,0.0684824463586811
"THOC6",0.136381087217155,0.068566724036444
"ZC3H11C",0.573171751181548,0.0685828624521978
"SLC35B3",-0.195713234194376,0.0685855145656269
"CYFIP1",-0.139317780744282,0.0686276455113581
"RHEBL1",-0.479941796822092,0.0687581533044375
"LOC107984888",0.316672163167296,0.0687680392092515
"NIPA2",-0.136068703729564,0.0687756311879613
"STIMATE",-0.268079418813348,0.0688303141910037
"USP20",0.136488942698461,0.0688378704710475
"SPACA6-AS1",0.710197235904516,0.0688429821024416
"ENSG00000286548",-0.998087941853972,0.0689352189527217
"TBCEL",0.15819118201728,0.0691143429010914
"ENSG00000279491",0.541263833379634,0.0691640087424197
"MYO1E",0.296134426503137,0.0692051987267205
"ENSG00000180015",-1.10016366766716,0.0693155870193343
"POC5",-0.25677185073612,0.0693246978042939
"ETV3",0.1559750035616,0.0693352352447534
"MRPL45P2",0.232758196271027,0.0694131260901356
"EDC4",0.133657885218785,0.0694868980991084
"ENSG00000288745",0.646991211275253,0.06953252899926
"PALM",-0.221896264341411,0.0696077948973036
"RPUSD4",-0.141275043773608,0.069608840246447
"DLEU2",-0.238967753098058,0.0696373682491183
"STX18",0.132062829281391,0.0696374497034155
"ZMYND12",0.589384072083897,0.0697369270697373
"TIMM17B",0.140992706132721,0.0697864268339018
"USP15",-0.17740319932756,0.0698305926669585
"LINC01213",0.481139696890507,0.0699648761622413
"ENSG00000288939",0.779443284071017,0.0699726531243794
"ENSG00000280571",-0.685139171114354,0.070070717055315
"ITGB2",0.271518890948609,0.0700795406631217
"GTF3C3",0.124055756387277,0.0701057795444275
"TMEM11",-0.184068118154908,0.0703802896142327
"ENSG00000289357",-0.737439170435418,0.070434921993356
"MAST1",-0.479231555838624,0.0704540605769249
"LMO4",0.180070525708357,0.0704618079283601
"U2SURP",-0.14293571081949,0.0704658662256635
"PACC1",-0.223586910381005,0.0705913630898921
"ENSG00000260459",0.739143691968189,0.070716905401809
"ENSG00000262831",0.941902092408795,0.0707189017269395
"ENSG00000293088",0.780766208241476,0.0707393101751699
"NAA35",-0.136488876092363,0.0708245612823579
"FBP1",0.817099511533957,0.0708532246010087
"PDGFA",-0.631900721432262,0.0709090778107893
"IFT80",-0.140705385788656,0.070947104706099
"ZEB1",0.141900034014035,0.0709948198432891
"MZT2A",-0.163284902566931,0.0710464617753205
"PHTF2",0.208939493776181,0.0710469184734176
"ENSG00000228172",-0.741653496122533,0.0710923929350516
"DLAT",0.162843705891544,0.071174886523839
"LOC101928487",-0.383654975927411,0.0712405060906471
"KLLN",0.503692272645722,0.0712578502659488
"ENSG00000287100",-0.400574454917937,0.0712963806107249
"DNPEP-AS1",-0.594682471366112,0.0713187825655464
"SMIM14-DT",-0.644782962185732,0.0714889796452257
"ADAMTSL5",-0.407033710411606,0.0714906521011684
"ALG1L9P",0.556995556950939,0.0715045489105338
"PCYOX1",0.195555057194712,0.071515805729047
"RBFOX2",-0.130684929956078,0.0715617345641267
"ZNF670-ZNF695",-0.673936654937371,0.0715848066032839
"SBK3",0.542841578085436,0.0717188420135227
"ENSG00000277368",-0.691399387902888,0.0718224206756034
"ENSG00000289145",0.605852204877611,0.0720170081648214
"RBP7",-0.846364082657394,0.0720592461764262
"MIEF1",0.106847109202277,0.072060077424749
"ATP5IF1",0.140392666233281,0.0721699488809185
"ZNF737",-0.258252925080506,0.0721704470752114
"PLEKHF1",-0.392138061346415,0.0722649372692485
"SLC44A3-AS1",-0.367273772556488,0.0722870272981672
"OSER1",0.121532640460707,0.0722957125258795
"BTBD9",0.33319727504077,0.0723620754906579
"MED18",0.212065470753979,0.0724037008930959
"ENSG00000277945",1.2352813618382,0.0724729260148465
"VPS4B",-0.151811083196064,0.0725114651892556
"ENSG00000259659",0.780293570359812,0.0725219063499701
"SDHAF4",-0.245659888686806,0.072610240938817
"IFITM3",-0.279843149125034,0.0726408886835919
"COX14",-0.247116933671089,0.0726814056859595
"SLC25A3",-0.1279759345395,0.0727001666546069
"ZBTB14",-0.191991564118822,0.0728107058138783
"IPMK",0.202853487907519,0.0728318586528498
"ZNF888",0.207109059024062,0.0728338491088494
"FAM151B",0.656855349511395,0.0728707238185636
"ENSG00000246889",-0.369547129079925,0.072893169268027
"TMEM134",0.143012020376253,0.0729315601963749
"CNTRL",-0.137190248878301,0.0729455392850518
"CSNK1G1",-0.176786509379383,0.0730532960535487
"ARL4D",0.176176668895106,0.0730861728942563
"SLC25A40",0.167108639424845,0.0731569107850805
"AFG1L",-0.234473251528541,0.0731632499651066
"COX10",0.151323096364695,0.0732098898329335
"TP53RK",-0.17449789093359,0.0732235027211111
"ENSG00000232611",0.568469091601827,0.0732439772027279
"HCP5B",0.835201324373361,0.0733010536154516
"DUSP13B",-1.12715764566896,0.0733719142314071
"SMIM11",0.209283142974758,0.073372258373639
"SRPK2",0.114559467253256,0.073480690909927
"COL24A1",-0.35417752059659,0.0735339593753016
"RBM41",0.148109356351061,0.0738056416934635
"PDCD6",-0.137852865467159,0.073852755947016
"CHMP7",-0.145344347759837,0.073979063073365
"CHCHD2P1",0.715915102986795,0.0740523703290333
"PCGF1",0.228646907827532,0.0740610336522835
"GDF9",0.496601131595274,0.0740682637701759
"MLANA",1.06104162835275,0.0745520970770624
"BROX",0.141010042714234,0.074564638089902
"ELOA",-0.113178609633976,0.074595144257824
"RPS2P40",0.715291304695576,0.0746254261134316
"ENSG00000287576",-0.446187028731588,0.0746511624202653
"SERHL2",0.598870395699955,0.0746926696799331
"WFDC2",-1.89097355670452,0.0747298419169622
"LINC02328",0.341173422427627,0.0747879067923976
"ENSG00000238287",0.343192677542678,0.074801758004939
"SYNC",-0.288998718501444,0.0748052976256943
"ARHGAP40",0.611891804228837,0.0748086317729861
"H4C8",0.45085794328785,0.0748585464341213
"H3-3A",0.136085057897943,0.0748777342392913
"UBA2",-0.127286263435658,0.0749428623099614
"SPIN2B",-0.224058892855986,0.0750724872957738
"CCZ1B",0.127771436970221,0.0751428976861229
"FHL2",0.479523215674375,0.0751676153379817
"ZNF850",-0.346840407395185,0.075207398597305
"LTBP2",0.433872139630501,0.0752804793612673
"ENSG00000309115",-0.859221470798583,0.0752835128710854
"RB1-DT",-0.851574235261606,0.0753682002583722
"C4orf33",-0.285074680474366,0.075369879513131
"VSIG10L",0.189377270328128,0.0754272212188546
"MAP2K2",-0.151196283378966,0.0754872495431379
"ENSG00000309351",0.69493868583822,0.0755529777943198
"ABHD13",0.176177482335798,0.0755807295494902
"EEF1AKMT4",-0.194600841446215,0.0756175490640816
"ENSG00000272159",1.02254136029076,0.0756239418907695
"KRT8P33",-0.94368941243474,0.0756319757033453
"NEK9",-0.131516679512324,0.0756393115911587
"MSRB3",0.60658133065591,0.075754325710695
"SLC25A6",0.225909530839653,0.0757956543346635
"ENSG00000307990",-0.575162041505115,0.075881492644239
"LINC01829",-0.690551453576593,0.0759198567395884
"DNAJC7",-0.116897902860476,0.0760372865442331
"EP400",-0.135926850606214,0.0760949981433305
"RPL41P2",-0.62156783822821,0.0761982277116832
"XPC",0.136336800073468,0.0762086216292847
"ADSS1",0.322648813182026,0.0762235688371369
"ENSG00000279432",0.393792653000395,0.0762370980443794
"ENSG00000259865",-0.286324987079266,0.0763417468930239
"NBPF25P",-0.366952370490697,0.0764018064019761
"ENSG00000300349",-0.67331161346459,0.076463716707372
"EBLN2",0.41420346025309,0.0765689149290346
"WNK1",0.141647966721186,0.0766091132765515
"LINC01766",0.864543003967577,0.0767717098399333
"BABAM2",-0.163911187739522,0.0767742932287175
"ENSG00000290199",-0.430724719738216,0.0767944618577314
"POFUT1",-0.127073648078032,0.0768093292702361
"ATP5MJ",-0.161858283843632,0.0768808952775555
"NPB",-0.433982363010587,0.0770013435751736
"ENSG00000290397",0.302080632209598,0.0770059358725175
"ZNF592",0.150178685219879,0.0770073244809787
"PJVK",0.259794746219868,0.0770269958569647
"CAMSAP2",-0.189907685332651,0.0770470183068813
"LGALS3BP",-0.210724344141279,0.0770628849444213
"ENSG00000285646",0.823214484696874,0.0771434414534523
"ENSG00000289606",0.481138245821115,0.0771435267840881
"CHTOP",0.103403932083581,0.077177074928048
"CTDP1-DT",0.246100033347989,0.0771953253677487
"ENSG00000298227",0.913886185491224,0.0774017849727679
"LOC127239154",0.208975401027165,0.0774550635108232
"ENSG00000301931",-0.725498294474938,0.0775696041962455
"ENSG00000240225",-0.692417767884505,0.0777310250617981
"CEACAM22P",-0.963218728424562,0.0777870853402644
"ENSG00000270100",0.684164664573094,0.0778884889850187
"TREH",0.631774630625118,0.0778997789413954
"MSANTD4",0.155755929946506,0.0779011696031928
"NFIL3",0.147573341215736,0.0779747794352512
"PDIA3",-0.186426768238815,0.0780164659999593
"LOC100506405",0.421886890509439,0.0781607528319185
"UBXN2A",-0.143532167244487,0.0782352327597625
"ENSG00000258982",0.504237464858781,0.0782355199641556
"RAB8B",0.20427650149424,0.0782360808993558
"CNOT1",-0.141938973618865,0.0783480890722681
"LINC00562",0.705376093655065,0.0783891291518021
"LOC124909412",0.248654175282529,0.0784463992274168
"TBC1D7",-0.161288749244484,0.0784746414771021
"DGAT1",-0.383374956785202,0.0784747156465035
"ENSG00000268670",0.689799256343478,0.0784907777068558
"S100A10",0.302625124752623,0.0785036343518556
"LY6E",-0.150871100616448,0.0785647050012309
"ENSG00000247033",0.987765650173321,0.0785748294858508
"LOC101930100",-0.400176627012939,0.0786318951010397
"ENSG00000272906",0.451723544826662,0.0787168733680856
"LOC124904599",0.860741417465879,0.0787462046392595
"ENSG00000224086",-0.674449674227077,0.0787869710135758
"H2BC3",-0.982551111168549,0.0789986191333259
"ENSG00000255449",0.777756351558942,0.0790719489811268
"KLF16",0.158760148109274,0.0791835623319348
"TRAFD1",-0.136052023026473,0.0792956021605735
"EXOC8",0.20922861577167,0.079325615301554
"KDELR1",0.169707621710429,0.0793466060956195
"ENSG00000237004",0.761685665530577,0.0794657629518638
"FBXW7",0.190925370620093,0.0794802824289615
"TTC7A",-0.133844052446262,0.0794911224951804
"ZNF687",0.134987811448435,0.0796762745092271
"LOC100506071",0.502492670892802,0.0797390642650952
"KCNMB4",-0.495076285587816,0.0797730519442957
"PPAN-P2RY11",1.5066524612401,0.0797821206495886
"TDRD7",0.203658429755514,0.0797941128568313
"ENSG00000273355",-0.314934915496198,0.0798753242204184
"ALS2",-0.118735470526401,0.0798865796121425
"DDX46",0.14594720800698,0.0799000830485794
"AGAP4",0.176244154099578,0.0799366684762116
"KRT8P12",6.04650923719827,0.0799426030062271
"TNFRSF11A",-0.250485585300817,0.079958017159731
"ENSG00000289020",-0.789887989616617,0.0799819879682213
"CNOT7",-0.122584428492326,0.0799920682906993
"ENSG00000262903",0.710598649921066,0.0800585497461441
"OSR1",-0.450308821734597,0.0801862497411674
"TAS2R6P",-0.458505961782426,0.0802541282478711
"SNX19",-0.62899970224429,0.0802645085694921
"LOC102723564",-0.213143538523122,0.0802902554925273
"ENSG00000268362",-0.188406914914285,0.0803369719501943
"VPS16",-0.129936112813257,0.0803488241129778
"ENSG00000289985",-0.265823004644978,0.0803597716400335
"ENSG00000284292",-1.28102862750066,0.0805450770434115
"ENSG00000273345",0.547462040081754,0.080628394184877
"MCUB",-0.896451911238834,0.0807310747541053
"SERF2",0.179438397946362,0.0807349270195931
"ENSG00000293959",0.684838737119743,0.0808216420418998
"ENSG00000244198",-0.607402741478844,0.0808853143031118
"CHRFAM7A",0.871454238511786,0.0809979199963713
"PSMD6",-0.153312504750758,0.0811195250414173
"COX5A",-0.130422716032747,0.0811341080833232
"ZNF558",-0.154016314878818,0.0812447811349935
"PRICKLE3",-0.180050134941162,0.081274715887427
"POMT2",0.152782459585539,0.0813396939977108
"ENSG00000215023",0.881893936378611,0.0813456599164793
"DZANK1",-0.258837094555968,0.0815138114395104
"ENSG00000293399",0.593603919131961,0.0816105954125176
"ENSG00000303387",-0.947608432425684,0.081641030109127
"SBDS",-0.180229651934795,0.0817352768985091
"FGL1",0.370379986268449,0.0817370809470577
"ENSG00000290585",0.835630628682161,0.081779450857541
"ZDHHC19",0.465943391519344,0.0818632467594848
"RAB13",-0.190238611500378,0.082048536903939
"ENSG00000306167",-0.652143270025921,0.0820853296578069
"HINFP",0.15463093299851,0.0821069369304802
"ENSG00000229278",-0.537758346432351,0.082181121484928
"SSR4",-0.232415207730981,0.0822736373037383
"CIDECP1",-0.585214097446594,0.0822820087996251
"TFF1",0.641220993844137,0.0822870872735488
"ENSG00000288258",-1.1620484452913,0.0823208723757601
"B9D2",0.407776059003287,0.0823342363011795
"TMEM198",-0.154201866149632,0.0823598237265962
"LOC105371399",0.715808647715562,0.0823739641346357
"TNFAIP1",0.190934958063279,0.0824238713163873
"ZSCAN30",-0.145046468215596,0.0824804381515361
"IGF2BP1",-0.119442008342147,0.0825176862379848
"ENSG00000233435",-0.44126945113698,0.0825896720716662
"EFCAB14",0.116309264410831,0.0825902367605963
"APOL4",-0.661402689999442,0.0826038917496883
"MTMR2",0.138480141675125,0.0826282583508523
"TBC1D10A",0.184333897172103,0.0826746730967406
"GLYR1",-0.104466618435298,0.082707440192282
"PCSK4",0.193223510962729,0.082729097975124
"SNHG32",-0.169103094332196,0.0828062346701659
"TIMM10B",-0.150119781348572,0.0828346381940669
"ZBTB6",0.201258816209696,0.082840378531487
"ARMC8",-0.123393282976325,0.0828972538469395
"NPM2",0.205772239847747,0.0829243822493963
"BMS1P1",-0.23182743159346,0.0829668873766346
"MAP3K1",0.193260140299732,0.0829713259118659
"TARS1",-0.171583875232759,0.0829870147710835
"ENSG00000262420",0.301953855981969,0.0829928019485647
"ZDHHC14",0.183825475717667,0.0830207640664035
"ENSG00000224413",0.631784119395126,0.0830894809688853
"ARL6IP5",0.134505067425549,0.0831020635866736
"SLC12A7",-0.157384129359307,0.0831885513120178
"ENSG00000299028",-0.621085209514475,0.0832246842886473
"ENSG00000289164",-0.652855561283941,0.083255061282145
"LHFPL2",0.152427766150118,0.0832833568406867
"EEFSEC",-0.201021325989493,0.0832858336301898
"ENSG00000269924",-0.508168670012161,0.0834045527908296
"TMEM33",-0.18104535055321,0.0834642396817079
"EYA3",-0.13007630768094,0.0834776604402309
"VPS36",-0.12198262190914,0.0835753857721988
"POU6F1",0.644636183805816,0.0835981498754117
"RALGAPA1P1",0.620627734088545,0.0836802685651791
"EFCAB13",-0.501291108725723,0.0836899194209984
"PEX7",-0.846318421936786,0.0837566033647328
"EEF2",0.210136958477968,0.0838077424272588
"ANKRD13C",0.129283478585128,0.0838373802659246
"FSCN1",-0.29196960830742,0.0838897948045752
"LOC105376391",-1.25112480660196,0.0839109101459247
"LOC100505774",-0.430364856912141,0.0839311710691596
"ENSG00000279880",0.578612667266388,0.0839626293896285
"EIF3G",-0.107461248908424,0.0839934535539015
"ENSG00000272148",0.729921456396811,0.0840383890780885
"LOC124907114",0.442441395344366,0.0840892221763612
"RNA5-8SN1",0.442441395344366,0.0840892221763612
"RNA5-8SN2",0.442441395344366,0.0840892221763612
"RNA5-8SN3",0.442441395344366,0.0840892221763612
"RNA5-8SN4",0.442441395344366,0.0840892221763612
"RNA5-8SN5",0.442441395344366,0.0840892221763612
"RNA5-8SP10",0.442441395344366,0.0840892221763612
"ENSG00000226334",0.709003938469907,0.0840946618380923
"ENSG00000214176",1.11949278165297,0.0843356741386774
"ECHDC2",0.129467533298259,0.0844083575852521
"MX2",-0.153671998795509,0.0844571989888589
"ENSG00000258461",-0.312932267668106,0.0845824925115563
"ENSG00000278972",-0.759157040465305,0.0846598543925947
"NUBP1",-0.157620382443656,0.0847482882022543
"LOC105373367",-0.16547389897198,0.084767320780452
"SEMA4D",0.691846979050072,0.0848036546010549
"MTCL1",0.65357792024904,0.0849685007729576
"PTER",-0.279398010093706,0.0850274914564952
"ENSG00000296299",0.800968809456432,0.0851164917581849
"LOC105369591",0.539588994701008,0.085125259608032
"GUSBP5",-0.667944564668405,0.0851568980947957
"PTOV1-AS1",0.294353144004193,0.0851705256319787
"ZDHHC2",0.160006560721462,0.0852124628663619
"GPR153",-0.568359329621755,0.0852497051301085
"CYB5R4",-0.216859788572384,0.0852633685594997
"ENSG00000289613",0.56107236480964,0.0854230028918595
"ENSG00000291220",0.198243059704359,0.085498510605745
"PTPN11",-0.124736461294439,0.0855875029873853
"ENSG00000289468",-0.689228049497524,0.0856074863554745
"PRUNE1",0.234272569018355,0.085628827079232
"PLEKHG3",-0.216777797801356,0.085691429996456
"KRIT1",0.133291907435752,0.0857491405832057
"GABRR3",0.979654099357616,0.0858575391772709
"UGGT1",-0.182740756754306,0.0859334901698867
"MFAP3",-0.132122168232816,0.0860857376210505
"ENSG00000279569",0.411331309234943,0.0864242038324016
"TREX2",-0.976846738365315,0.0864854414262637
"ZNF763",0.466147069541032,0.0865445933002326
"ENSG00000288773",-0.53858872273167,0.0865475118738205
"RINT1",0.141988493239258,0.0865853338452636
"ENSG00000210112",1.00128373028543,0.0866879780867325
"LDLRAD3",-0.623548728773219,0.0867631955906564
"CREB3L4",-0.208765385210201,0.0867784299778114
"ENSG00000302714",0.952973110195996,0.0867964044309023
"PRR14L",-0.153718059461704,0.0868262066896476
"CTSB",0.187607645534799,0.086883910425148
"ENSG00000227200",-0.700988954525965,0.0868938837294068
"TYW5",0.156414370391616,0.0869101982787075
"TAB1",-0.134329489203643,0.086932180107016
"KIAA1191",0.118737688979743,0.0869450546411546
"RPL10",-0.158899819014851,0.0870948490608665
"ENSG00000280088",-0.219645040441673,0.0871612013429853
"STX6",0.134733463006528,0.0872319656265015
"TBC1D8-AS1",0.408729931059993,0.0872870545107136
"VESTAR",-0.340214786993208,0.0873119003650007
"BAIAP3",-0.313145195764681,0.0873123303422031
"BRF1",0.122320302055498,0.0873344618787618
"SPRYD3",-0.214187947406834,0.0875153822216824
"SENP8",-0.437283365763527,0.087605804712204
"MT-ND4",0.386634430752042,0.0876162088757851
"ENSG00000234160",-0.744239737594473,0.087650711372686
"C1D",-0.165709557169036,0.0876742957275688
"CDA",0.475597746980952,0.0876902723987747
"ENSG00000273254",0.632208394162855,0.0876921918578194
"LINC01979",0.668146570886558,0.0877293313429398
"FITM2",-0.187093597552681,0.0877663455272851
"ENSG00000277566",-0.77594934612173,0.0878269507514127
"VLDLR-AS1",0.72363763490949,0.0879880546848682
"ENSG00000268061",-0.504243159352664,0.0880268786500601
"GTF2H5",-0.147055281273254,0.0880341936969552
"ENSG00000286239",0.846467835945804,0.088090343384824
"ITGB1-DT",-0.691925043553031,0.0882093234430804
"ZNF879",-0.363088407765309,0.0882671791824293
"ENSG00000278434",0.488086856870139,0.0883896748891924
"TMSB4XP4",0.754307267112986,0.0885065299177151
"ZNF443",-0.162277491763125,0.0885620652329739
"CHSY1",-0.14959342995901,0.0886228486190422
"ENSG00000289515",0.386087547591917,0.0886341069240984
"PPL",-0.20311507503524,0.0886421440207248
"SPECC1",-0.612455133149298,0.0886804371944681
"SRSF12",0.205626544652004,0.0887991094036902
"S100A11",-0.481347217268746,0.0888227412830618
"GNA13",0.151381053874805,0.0888292253289357
"GPR3",-0.346625223165079,0.0889556689981421
"ZNF618",-1.15962120294827,0.0890315329177808
"TAT",0.226049191313876,0.0891684158055249
"LINC00642",-0.550977626703858,0.0891878643231645
"RPL4P6",-0.837655160512772,0.0894446520354785
"LOC101927661",-0.448208592703171,0.089543937873154
"ENSG00000132967",0.240319412565587,0.0895597064183436
"ASB4",0.907948216869943,0.0895778147679016
"ENSG00000280121",0.679584460883607,0.0896131107883434
"ENSG00000289155",0.304725330292728,0.0896246100667453
"CPTP",-0.13513567900326,0.0896462691645725
"IFT74",-0.182959374562987,0.0896572363646898
"NUP133",-0.1078685028465,0.0897009650342096
"BOK",-0.130667353397531,0.0897612775233266
"ENSG00000291068",0.172656031782693,0.0898058186117593
"MROH6",0.199694714244987,0.0899150628250009
"LOC653513",-0.527312055777935,0.0900137704827088
"CTRL",-0.415195368896555,0.0900955447627439
"MIR17HG",-0.186488082168504,0.0902549153859732
"ENSG00000273472",0.832172759419419,0.090355084327082
"EPOR",0.297886638122691,0.0903573980897242
"MAGI3",0.156262049864647,0.0903839751140514
"MGARP",0.975410365452319,0.090438452770377
"ENSG00000230432",0.758024482329721,0.0904405395362592
"ENSG00000279407",0.324143279207597,0.0904646574225319
"ENSG00000230454",0.360792437188056,0.0905620688804379
"ENSG00000232713",0.501054372233331,0.0905777480529467
"ENSG00000288728",0.43719226449568,0.0906056413375953
"ENSG00000279333",-0.797438949606914,0.0908479960397224
"TMSB10",-0.355353150794459,0.0908879328790161
"MBD2",-0.171830938986429,0.0909261519882986
"RAP2B",0.225124030977002,0.090931325516505
"CD46",0.14475320655741,0.091004493479285
"ENSG00000279221",0.863059360488625,0.0910665290669747
"PFDN2",-0.187249982313953,0.0910879851905502
"NSMCE1-DT",0.294238292704991,0.0910980809459291
"SUPT4H1",-0.13462892411367,0.0911958366228693
"ENSG00000243479",-0.466807124943896,0.0914881070937231
"ENSG00000294512",-0.1302930908874,0.0915855483709108
"ZIM2-AS1",0.662010540037959,0.0916150266521381
"APOL2",0.135254241194987,0.091673444623581
"PTPRG",-0.132607430722147,0.0916985488007481
"SEC14L5",0.574754752448367,0.0918047916366375
"STK4-DT",-0.874422571294246,0.091884066987402
"KPTN",-0.144446309062143,0.091942403987313
"CPT1B",0.149195510295079,0.0919945327863799
"PRDM12",-0.699393356788392,0.0921379734262721
"ZNF148",0.126045974893545,0.0922502786303448
"TMEM263-DT",-0.389682643404217,0.0923006562337964
"ARAP1",0.242187144462191,0.0924499584445867
"CARD8-AS1",0.356775932112293,0.092452216448897
"AP4S1",-0.156988352017838,0.0927476839149237
"ENSG00000258534",0.318628604538877,0.0928000290339458
"TIMM13",-0.158071424487687,0.0928265092193679
"CBARP",0.176658863211954,0.092873688746794
"CFAP44",0.217216442606113,0.0929287723672214
"ENSG00000274859",0.704162505326591,0.0929345555711526
"MEP1A",0.209565368825401,0.0930308274758173
"RWDD3",-0.151976338762589,0.0930977482254216
"ENSG00000269376",0.728685412613558,0.0931033952004795
"ATP6V1B1",0.294461465947326,0.0932108830984008
"NDST2",-0.146227033147153,0.0933099335536291
"PMS2P5",-0.267988780675663,0.0933302247826568
"BAG3",0.222024783365854,0.093414479591129
"ENSG00000308086",-0.652969748811536,0.0935285558995038
"TNPO1P1",0.708538793210929,0.0935599247375627
"PRKCE",-0.287639133625781,0.0936731974676056
"PRPF6",-0.108775732492641,0.0936867006910454
"SNRPA",-0.121576069068593,0.0937285132702764
"ENSG00000289546",-0.552145877290886,0.0938416452018722
"TMEM260",0.166067134376804,0.0938670350801836
"ENSG00000277715",0.547596613734542,0.0938746303032686
"ZNF711",0.215495524804655,0.0938895723882954
"CELF1",0.125582914141435,0.0939472307595348
"EHMT2-AS1",0.717225964754962,0.0941291603008279
"ENSG00000289074",-0.398526281250674,0.0941311571283029
"RPLP1",-0.165221992168465,0.0942136315748666
"SNHG21",0.217651681022326,0.0943451081345116
"CTNNB1",-0.141396786949469,0.0943876909023733
"TRMT1L",-0.177691983263108,0.0944541246237249
"GAREM2",-0.44644957701438,0.094457598829718
"ENSG00000289311",-0.481928387614756,0.094472646559484
"ELK3",0.385398735221,0.094521078595503
"CCNK",0.126502901774683,0.0945345262544036
"ENSG00000229750",0.602505663244564,0.0945877749725847
"ENSG00000272523",-0.386469963682774,0.0946404765687745
"TBCA",-0.214411592514621,0.0947868293875692
"ENSG00000213430",-0.682399258453333,0.094860628550258
"ITGA7",0.359817290232305,0.0949387354541597
"ENSG00000179899",-0.477469767203765,0.0950134162612086
"GPD1L",-0.212742604341305,0.0950852741152192
"ENSG00000259994",0.27792893762859,0.0951835001465342
"XPA",-0.177120780382952,0.0953492383621599
"BRMS1L",-0.143194122327626,0.0954428919984045
"CCDC112",-0.279897246129769,0.09545052878203
"LINC01970",0.574251254549834,0.095460996372325
"NPIPB4",-0.139229033870556,0.0956192889065892
"DNAJC3",0.181106720869022,0.0956581537863412
"RPL32",-0.177182103662417,0.095668151480593
"SIDT2",-0.203324707458721,0.0956809889341474
"ASRGL1",0.164165359566625,0.0957192571456799
"RAB42",0.272444917425109,0.0957210405522314
"ENSG00000279233",0.22517884898244,0.0957921376058269
"CDKN2C",-0.20245351132032,0.0958806304971492
"ERCC6",0.186399919740595,0.0958913203482446
"PPT2",0.127806023040868,0.0960142932950618
"ENSG00000271698",-0.263310592039949,0.0960278626200633
"ENSG00000302819",0.577846954430733,0.0963076999338525
"RPS16",-0.161961507745939,0.0963794867672831
"PARTICL",0.280170671569278,0.0964468847723327
"NUP93-DT",0.567934488546876,0.0964539735307718
"ENSG00000286276",0.859712021318885,0.0965454776529417
"ENSG00000243107",-0.841400282219718,0.0966903308326313
"CHURC1-FNTB",-0.620564348336355,0.0966943666112181
"TSPYL2",-0.136693948339728,0.096722190958122
"ENSG00000310026",0.47274591295719,0.0967248736173527
"CTBP1",0.113815692875468,0.0968599678368386
"ANKRD49",-0.16696592353625,0.0968729170962746
"CTDSP1",0.155289935717363,0.0969120487200596
"LOC124907779",-0.383496009796992,0.0969241743220817
"NBL1",0.385923090339881,0.0969453854127655
"SNRNP48",0.100149594801705,0.0970219923098134
"PIGS",0.154378424514094,0.0970343960005288
"ATP5MF-PTCD1",-0.798981528831233,0.097085820788183
"SHPRH",-0.195426461498047,0.097107157785041
"MYH3",-0.201363258388605,0.0972718458855284
"SETDB1",0.11616575893523,0.0972960859993825
"PATZ1",-0.102161319791518,0.0973168370569375
"PDCD10",-0.172127530637391,0.0973778481575925
"ENSG00000305995",0.372938759607289,0.0976015639435156
"ENSG00000274038",1.15905613291124,0.0976027561034969
"OCIAD1",0.125032025726974,0.0976181703158781
"WDR44",0.200343168788961,0.0976912929095408
"ZNF773",-0.218124106940009,0.0977043744607741
"NF2",0.115326792626985,0.0977864475888522
"ENSG00000260274",-0.298082589050359,0.0978245981582031
"ENSG00000297778",0.732621906984656,0.0978359061459875
"ENSG00000284747",-0.315540827064778,0.0978805616751257
"ENSG00000261613",0.347871215088001,0.0979323858325655
"NSDHL",0.195438045669538,0.0979981731688405
"NSD3",0.113617092647253,0.0980067297598931
"ENSG00000255224",0.319863804303631,0.0982098317979764
"YJU2",0.191105401440093,0.0983638384322782
"TSEN34",0.156221178166608,0.0984402157780937
"MARCKS",0.15308970314878,0.0984511128597888
"USF1",0.120335639710578,0.0984861915942842
"APBA3",-0.130938564517966,0.09864996518753
"SQLE",0.155911085545048,0.0986608308535502
"PKD1P4",0.159146007765001,0.0986654930166492
"ESF1",-0.139163956300264,0.0987065389257104
"ENSG00000306316",-0.140721537376899,0.0987357123077517
"ENSG00000229337",0.266410657418268,0.0987597412225918
"TMLHE-AS1",-0.502515863109632,0.0987682965395136
"ENSG00000233522",1.11816319291268,0.0987700698311208
"KRT10",0.141257910482653,0.0988147233674631
"PIGF",-0.146836542405294,0.0988922350566586
"KDM8",-0.22375364614604,0.0989402961198892
"TDRKH",-0.264857181128161,0.0989985693700545
"LYST",-0.318867372932262,0.0990481236404958
"LINC00628",-0.999139524987533,0.0991192804523714
"KLF11",0.191274981987787,0.0991341238339625
"TGFB3",0.324381987423216,0.0992208259977969
"LOC102724135",0.910123705851532,0.0992577296835084
"CAMSAP1",-0.120913801546222,0.0992619933418395
"ACOT11",-0.308307334876831,0.0994875182691748
"ENSG00000273064",-0.410679543536812,0.0995000076239132
"C6orf132",-0.412403718237583,0.0995153117173268
"MIR3936HG",-0.2665765554636,0.0995790130665186
"ENSG00000224810",0.967907720350535,0.0996083261329176
"ENSG00000281195",0.485926621020524,0.0996305816095275
"LAMTOR4",0.131762652428074,0.0996365355330541
"ENSG00000261996",0.956416328506746,0.0997094606113671
"RRAGC",0.179210070387381,0.099713581282682
"NPIPB2",-0.220979445253686,0.0997249729525097
"ENSG00000231234",0.759858560037052,0.0997255004842924
"ENSG00000242539",0.723312934762398,0.0997490527324423
"PAF1",-0.125136264925924,0.0997540596039973
"ACO2",0.118594376308847,0.0997840756643768
"ACSM1",-0.363235987347647,0.0998504735204474
"DRD4",0.46231339549263,0.09994830064136
"RPS21-DT",-0.212740259204585,0.100085448650373
"PCYOX1L",-0.201027296216616,0.10014319944298
"ANKRD6",-0.879881347749821,0.100190038386925
"GUSBP16",0.253496873148867,0.10028376998527
"ENSG00000310256",0.930586615967212,0.100349252607388
"ZNF780A",-0.143070592031704,0.100419697647768
"WDFY3-AS2",0.382244876925157,0.1004234961364
"IL17RE",0.257558889683863,0.100518681620128
"ENSG00000289396",0.466534164566702,0.100563087358666
"PRTG",-0.169674097749583,0.100568689734944
"ENSG00000280376",0.89048507433136,0.100727828295721
"ENSG00000287825",-0.282619488004046,0.100787845982936
"PVR",-0.103307488847673,0.100799787787083
"PGAP3",-0.18240914848382,0.100867874283656
"HSD17B1-AS1",-0.142578547586137,0.100978076735907
"ENSG00000289472",0.634318474130952,0.101004511514802
"RNU4-1",0.896019491552301,0.101033769427696
"EML1",-0.436634522082354,0.101039299563816
"RC3H2",0.11839684811694,0.101069686741965
"ANKRD46",0.121432816029415,0.101362955521817
"LNCTAM34A",-0.373893848998185,0.101503858691069
"RUBCN",0.171058207126098,0.101620047353079
"KLHDC7B",-0.732362754612128,0.10165922736899
"HIC1",0.569582933493379,0.101659310809273
"CAPN10-DT",0.167320843176924,0.101694386553317
"KRI1",-0.150052288001985,0.101774219499908
"CFAP410",-0.172968842023146,0.10183193409786
"ENSG00000258645",-0.779344627372981,0.101920403738268
"LINC02614",-0.240099724923515,0.101939707031551
"MICA",0.123303610365114,0.101981039699868
"MIR670HG",0.345957832448033,0.102018224854523
"ADCY1",-0.34832996322798,0.102295992765713
"LOC105377261",-0.449308180195359,0.102296678218786
"ENSG00000286909",-0.175909305313639,0.1023297001475
"PAH",0.263442942672941,0.10235963817517
"ENSG00000242282",-0.249522925275144,0.102479761314372
"B3GNT9",-0.21852406715073,0.102627718693757
"PMF1",-0.128422738334312,0.102661568949042
"ENSG00000231697",-0.754822360721708,0.102673604708403
"ISL2",-0.18325950454499,0.102732618253521
"ZCCHC2",0.183502301651801,0.102761995112788
"TUBGCP2",-0.116990857899109,0.102786043041802
"CSGALNACT2",0.141343638556291,0.102801944294117
"LOC102723347",0.295810065011698,0.102833918115446
"PLXNC1",-0.231475297369976,0.102940688362489
"SLC52A2",-0.149648105898475,0.103047186225189
"ENSG00000279236",0.844308749186105,0.103113700275384
"ILK",0.14661255875759,0.103159973791573
"ENSG00000228274",0.273102648360107,0.103187659742652
"PPP6C",0.13619800358971,0.103231253500279
"TXLNGY",0.143131050842004,0.103251106685552
"GLMN",0.174845545817286,0.103327348887525
"LRFN3",-0.164685447056444,0.103355019005233
"ENSG00000253372",0.81878967258341,0.103737268763608
"CD22",-0.645819053179726,0.104011176671403
"ZNF684",0.182532666908552,0.104192464303704
"DDX5",0.129418616237174,0.104195382643529
"SSH1",-0.134244309703642,0.104504887796186
"ADCK1",-0.190981203241959,0.104688656501193
"ENSG00000298553",0.260362530445816,0.104695966137095
"ENSG00000308416",0.307179118396353,0.104719051289607
"DXO",0.1398730043761,0.104735960055416
"MELTF-AS1",0.26304502135149,0.105086052199492
"DEPDC1",0.2047181621695,0.105089481375333
"LINC01767",0.478010077751179,0.105105737552666
"CTCF",-0.0929804351102281,0.105245475974252
"LINC02482",0.25606832209916,0.105269002061082
"SPRYD7",-0.142865607652234,0.1053947262794
"SUCLG1",0.0942648006695376,0.105436175116774
"ENSG00000299228",0.876319004126468,0.105602407724824
"ENSG00000280198",0.582588586037715,0.105704901587317
"TNKS1BP1",-0.129069789475182,0.105803899317567
"MTMR14",0.117651892475321,0.105885370336433
"ENSG00000232855",0.373308621703266,0.105923610128042
"ENSG00000250264",-1.12080313152722,0.106017019309074
"ZNF362",0.140591674139424,0.106088405911671
"METRNL",0.503640477328588,0.106093180336404
"LOC102724883",-0.610130538511562,0.106150809023374
"SPIDR",-0.125268307395186,0.106308617948344
"ENSG00000228084",-0.558333631577702,0.106326982179624
"ENSG00000250986",-0.479428736637945,0.106359080892955
"MFSD1",-0.212608175880139,0.106562591657758
"RO60",0.125069544366119,0.106594170500772
"SPAG1",0.244529457249923,0.106661963721177
"RELL1",0.208489252075259,0.106731345988608
"ENSG00000275494",-0.327270487978415,0.106798135459354
"TIMP2",0.24197075929888,0.106799320387868
"ZFP41",-0.143502636545331,0.106817514911987
"DDOST",-0.152156104021909,0.106870483640875
"ENSG00000271992",0.681435267790829,0.106871353434981
"NT5DC2",-0.110688049546209,0.106890207241042
"PIK3C3",0.160874052240414,0.106898571059441
"ENSG00000232024",-0.286568069756796,0.107018820625695
"MICALL2-DT",-0.644630762105777,0.107027409957945
"PIK3R2",-0.123051316272559,0.107108741826874
"RPS28",-0.165686140216004,0.107204252214825
"ENSG00000230530",0.882808575196908,0.107229173125466
"ANKRD37",0.376939884454496,0.107354923601835
"ENSG00000108448",-1.3005784049056,0.107471114147793
"EPRS1",-0.147805322715099,0.107517629238525
"ZBED4",0.110145410506038,0.107539143630746
"ENSG00000254454",0.388052591826966,0.107574497445147
"SLC23A2",-0.108553125817839,0.10764158910676
"TRAF3IP2-AS1",-0.190078143147857,0.107643857474272
"ENSG00000287107",-0.604577032670678,0.107738571147285
"ENSG00000298459",-0.550037732197628,0.107919222919132
"NAA60",0.115226378010445,0.107945900930495
"ENSG00000262410",-0.485504199929544,0.10798444183164
"NHLRC2",-0.130678547396866,0.108032124241954
"ENSG00000279476",0.463684862780418,0.108090457831023
"ENSG00000289109",-0.277254917401774,0.108120742255003
"ENSG00000289827",0.744292531247581,0.108183259087067
"RNF146",0.11884174637818,0.108304840635013
"ENSG00000258604",-0.482828630918412,0.108447491389337
"LOC100289230",0.233001470666143,0.108495589754996
"ACAP2",0.127259043542057,0.108612109795024
"OTUB2",0.341370878888057,0.108716916270655
"ENSG00000260751",0.324062547710943,0.108731027791949
"AGAP6",0.169652882708385,0.108759484735147
"RPL4",0.213290280673401,0.108830808182771
"EPS15L1",-0.117609743638507,0.108853613634087
"GNG10",-0.12489858311003,0.108912444747197
"TUBG2",-0.120481781339291,0.108930759442612
"RNF169",0.159136579240952,0.108930945445076
"FLJ38576",-0.482697497764941,0.109026320872481
"RFESD",0.412209117338599,0.109086825711292
"TCP11L1",-0.285615725836045,0.109149645866605
"MINCR",-0.24943216279079,0.109157388162349
"FDX2",-0.165914876635323,0.109317198716608
"CSPG4P10",-1.67207157761496,0.109351295701596
"ENSG00000230490",0.366382232549504,0.10938587248665
"ENSG00000248774",0.470954925139835,0.109446818612815
"ENSG00000243696",0.357549952028903,0.109526488794006
"TSGA10",-0.227239448432611,0.109563876591007
"ENSG00000260018",-0.283657641174163,0.109600529151156
"LOC105369250",-0.274097038651038,0.109610096192726
"ENSG00000279265",0.580050375065881,0.109791016148552
"SLC25A22",-0.116509984260489,0.109870974701947
"MRPL47",-0.152576135458807,0.109901981806672
"BPGM",0.257774945538823,0.109904826894554
"DNAAF2",-0.137507994682975,0.109910722600138
"SUGT1-DT",0.292791879049591,0.109938135989809
"ENSG00000309833",0.609458330834798,0.109938428367753
"RPL28",-0.195708637099414,0.110000379160956
"CDC42SE2",0.122798662764331,0.11000933814068
"ENSG00000261423",-0.308399378542131,0.110057715142615
"RABGGTA",0.193868743053243,0.110084117410279
"CREB3",0.152302211773042,0.11013489952807
"ACSM2B",-0.37190251704085,0.110149795071866
"LOC389831",0.632253435733993,0.110174426734518
"ZNF197",-0.199268171191939,0.110394855458684
"GUSBP15",0.354269378106457,0.110485881632067
"AATK",-0.242244001861579,0.110493499178657
"THBS4",-0.743848575369854,0.110510559609475
"SATB2",0.142974933436417,0.110526158879276
"PLGLB2",1.04412518117505,0.110716866710139
"RANBP3-DT",0.484656815941639,0.110808770576476
"SEC14L2",-0.306060464980463,0.110867084493637
"ENSG00000271699",1.13107971936158,0.110898117577013
"ENSG00000093100",-0.121323428676882,0.110923524383414
"DCAF17",-0.145734214728956,0.111049139007054
"DENR",-0.118493104380168,0.111069546502295
"GOLGA8R",0.471332638688579,0.111084574134676
"ENSG00000277210",0.571579697821123,0.111265987413415
"BNIP2",-0.124522140571588,0.111401457401716
"EMC3",-0.351367551737301,0.111405875497524
"PKIB",0.394307668008665,0.11142790765314
"PINCR",0.657702350270144,0.111437928810579
"SALL1",0.228667006775936,0.111503527990386
"PLK1",0.159075563768127,0.111519809885283
"ACADM",-0.137983721120816,0.111614885455864
"CIDEC",-0.253073373703831,0.111629559202411
"TXLNG",-0.112872434600831,0.111642175130144
"EBAG9",-0.175599001274675,0.112154888748317
"ENSG00000286837",0.634003082606228,0.112171088176002
"LOC105372564",0.30705389609552,0.112224589162433
"AP2M1",-0.103570009859326,0.112228649279815
"HMGB1",-0.122990531546999,0.11235383998254
"ZBTB41",-0.226310090659038,0.11237016223596
"S100A16",0.243658467243637,0.112464345181283
"ENSG00000296739",0.80258212226436,0.112498495571429
"ENSG00000300925",0.622773930318187,0.112604430703008
"ENSG00000270149",0.240570690765761,0.112608494199539
"ANO10",-0.188203048748322,0.112671165073188
"SQSTM1",-0.181706806302966,0.112726116399914
"LCA5L",-0.691926319517794,0.112740629136778
"PTPN3",0.122565591280979,0.112754823609841
"GRB2",0.160283468015721,0.11279722932505
"ENSG00000273014",0.398132984411256,0.112993506946862
"ENSG00000289119",0.294098340336026,0.113037852764546
"CWC15",-0.135636475637405,0.113133798209804
"DEPDC1B",-0.157274006889719,0.113200165899778
"COPS2",0.129778374040637,0.113253779135901
"CISD2",-0.121491759183867,0.113284375376996
"LOC105377267",-0.495995102782544,0.113335907381998
"ENSG00000271538",-0.422911162760268,0.113366489734302
"ENSG00000261997",0.904982702152408,0.113371269340529
"AAMP",-0.112110713474461,0.113464965736784
"ENSG00000283149",-0.333451155324223,0.113529182352372
"TRAPPC10",0.102165302307718,0.113599858618204
"ENSG00000233369",-2.3032259837583,0.113696814609439
"INCA1",0.166978373445535,0.113702436660111
"SCAF1",0.0931424808969449,0.113716424117682
"ALG1",-0.138449170109136,0.113746541982441
"TMEM167B",0.161376286125704,0.113769644329392
"BRAP",-0.148760296274022,0.113788666427605
"COIL",-0.112934881403556,0.113863535239867
"APOLD1",1.05996057114998,0.113937352549528
"WDR20",-0.14878744019494,0.113941669522255
"LINC00680",-0.127125351783413,0.113942091313171
"ENSG00000279145",0.752360826577515,0.113963489574496
"H2BC9",-0.36437777631065,0.113987618715454
"PHF7",0.248468628971088,0.11400423778901
"ELOVL7",-0.171356393273967,0.114090324683852
"MRNIP-DT",0.350730995610614,0.11420764200322
"RPL7",-0.158281611833429,0.114250718933508
"PHF6",-0.114998484462377,0.114272833319696
"GPBP1",0.093811301004965,0.114479893101553
"ENSG00000272638",0.611134447757046,0.114549302746088
"PRKAB1",0.126048942928531,0.114681552456974
"PRMT9",-0.16467654017763,0.114739408049511
"LRP8",-0.17765463505086,0.11480348508484
"ENSG00000294710",-0.569592762962408,0.114900566457839
"STAG1",0.137232660089907,0.114947003945926
"ENSG00000267546",0.513425835178831,0.115020604393796
"MINDY3",-0.136383583625551,0.115024151079773
"ENSG00000257267",5.3949111993782,0.115051999291858
"CAPZB",-0.134553237003325,0.115086265017137
"FBXO7",0.123405606930677,0.115103278823912
"SHLD3",0.259790504032085,0.115135654414028
"MLH3",-0.142766553579758,0.115199198137007
"METTL4",0.150963297640912,0.115259692532695
"ZNF559-ZNF177",-1.51770500908691,0.115299277222666
"USP28",0.12111116138677,0.115437867134631
"ARIH2",-0.101060413678991,0.115468538399807
"ZNF566-AS1",0.44462352898024,0.11560583343131
"ITPR2",0.11917722253531,0.115723830363571
"LOC124901151",-0.287778951495476,0.115840007349522
"CDC16",0.114721271154376,0.115924792204649
"STAB1",0.811117089638263,0.115976450001597
"POMZP3",-0.268003335753224,0.116042609836678
"AP2S1",-0.131661503407133,0.116099272403316
"LOC112268239",0.358334552952015,0.116236588773528
"LOC124900711",0.440949156394926,0.116336112946288
"TBX4",-0.990795727884967,0.116400299124916
"PLEKHA4",0.180378147087606,0.116403976158873
"PHACTR2",-0.188610110074303,0.116424115252204
"TNPO1",-0.129885105306226,0.116617179536079
"ENSG00000263307",0.497835713834125,0.116790093602739
"SYNGR2",0.111908627827599,0.116953076969992
"ENSG00000235669",-0.539925492729038,0.1170293374817
"SGTA",-0.0971466206512021,0.11704181990748
"TNS4",-0.689679220394545,0.117122878654411
"CRIM1-DT",-0.783845660997377,0.117273533270218
"SMAD1",-0.205342935041327,0.117348400989629
"SLC38A3",-0.246942150675992,0.117542831561901
"RPL19",-0.171330835748426,0.117602863845211
"ENSG00000144158",0.716774875094544,0.117637238396368
"RPS19BP1",0.154193947232153,0.117694725466982
"PRKCG",0.730647765274668,0.11769604477654
"LOC389906",-0.116613503457451,0.117826111640868
"RPAP2",0.163220857514578,0.117842359652586
"PDLIM7",-0.131669079638631,0.117862687411332
"ENSG00000289595",-0.234173405231702,0.117878257343009
"RABGAP1",0.132487636733617,0.117964302411253
"ENSG00000263884",-0.617872026529672,0.118044196935811
"LINC02803",0.69898305309775,0.118257097380134
"ZDHHC8",0.114355982377841,0.118358878622254
"INPP5K",0.183612762279886,0.118408162113686
"CTU1",0.198926240599465,0.11840855038519
"ENSG00000250135",-0.906126544863029,0.118446486456562
"SLFNL1-AS1",-0.300697982147067,0.118595758967858
"AAK1",0.0994461778509213,0.118599775707509
"ENSG00000262228",-0.57719990871371,0.118646089222118
"LOC102723553",-1.05693432898521,0.118741216549218
"VCX3A",0.771721572569193,0.118937427898447
"ADNP-AS1",-0.313065305144233,0.118951605157527
"ENSG00000286205",-0.541356095325824,0.118989904049788
"ADGRL2",0.14401078179062,0.119094129537933
"TRNAU1AP",-0.134139785220098,0.119149973429758
"ENSG00000289883",0.698648571754821,0.119325675007192
"ARHGAP32",0.119062448459971,0.119329980628212
"NFKBIB",-0.130927565184561,0.119333858417475
"ACE2",-0.358656359648151,0.119350982234291
"CELSR2",-0.181265912097028,0.119433035264856
"ENSG00000260669",0.193240264930314,0.1194491635085
"ENSG00000305512",0.206076059243589,0.119460002104336
"TMEM132B",0.583682062644168,0.119526496451165
"TMSB4Y",-0.777422614138691,0.119529215187608
"PLA2G12B",-0.207275320156405,0.119578067371488
"KLHL41",0.474793024829997,0.119658827007515
"AKAP10",0.128015772845583,0.119724041547175
"IFFO2",0.136537070304727,0.119994605215432
"PTGES2-AS1",0.606241716512696,0.120074172507991
"CDCP1",0.725624123667621,0.120122678375941
"ENSG00000309281",-0.218289233153379,0.120165528762049
"RTF1",0.0948171309791865,0.120316090189264
"NEK11",-0.406998676642069,0.120458567411132
"ENSG00000285827",-1.07021858084093,0.120460492332862
"LINC02608",0.428799803750669,0.120515039239966
"ENSG00000260317",0.54486883330711,0.12051835705602
"RBBP8NL",0.402605170472671,0.120543934955531
"SERPINF2",0.18516552187793,0.1206059369826
"MAP3K6",-0.219636170464942,0.120685013525388
"SLC25A12",-0.179870966591127,0.120699730447223
"ENSG00000301100",0.617397750289827,0.120732114691484
"ZNF556",-0.131461936568801,0.1207846104404
"ENSG00000246560",0.308451091312156,0.120798242962637
"ZNF707",-0.150332184060438,0.1208015715631
"UGT1A4",1.4511145584095,0.120825596731788
"TAF1C",-0.130823799508042,0.120906340191228
"ENSG00000287091",-0.411379505555008,0.120951478800073
"CHURC1",-0.134033128233237,0.121014544280952
"LIG3",-0.107007424805023,0.121094472643846
"SNORD10",1.05386453392278,0.121219450541049
"TAPT1-AS1",-0.237920055875406,0.121224701647184
"FRMD3-AS1",-0.556075964383592,0.121258044956858
"PHGDH",-0.106235652730351,0.121281711059724
"CDC26",0.131755472133708,0.121293126751723
"ENSG00000228232",-1.00093058361009,0.121367143652743
"NSRP1P1",0.529585201402953,0.121393987060942
"ENSG00000228120",0.52111199106395,0.121480599449501
"CALD1",-0.107745524348222,0.121502385612965
"KIF14",0.155084867450615,0.121604667049308
"ENSG00000274139",0.473298562617501,0.121615392251469
"RPL17P39",-0.69015652158532,0.121738862662
"TWNK",0.12423552896728,0.121812254102332
"ENSG00000279198",0.839047978916788,0.121855590075077
"TMEM240",0.526268966992603,0.121906886827652
"SLC26A2",0.188477151787241,0.121916728486899
"ENSG00000285702",-0.504420875766525,0.121929676560446
"ENSG00000267749",0.617260947272591,0.121934247715861
"EML2",-0.189980452449977,0.121944972336892
"ERMAP",0.213627954521944,0.121958674893196
"CAPN15",-0.117947985556475,0.12202864899058
"ZNF382",0.160667797758168,0.122048345717466
"MYRF",-0.105585978287574,0.122112122779079
"ENSG00000299860",-0.433823026033016,0.122566172724473
"TSPAN10",0.244387767618022,0.122629267630506
"ENSG00000294015",-0.790867994818723,0.122652708080929
"ATG4A",-0.262650348368244,0.122654359204252
"LIFR-AS1",-0.512375326036317,0.122703650859945
"HNRNPA1",0.126073649473216,0.122728075792427
"ATP7B",-0.156952717060762,0.122794805848884
"RPL9P8",0.226379535017613,0.122795376668074
"VPS28",0.136679204411356,0.122822374878195
"CERS2",-0.138320297834752,0.122858134903324
"ENSG00000253392",0.405374799442419,0.122971182900181
"CHRAC1",0.136187806355973,0.123028189433774
"ENSG00000288994",0.888073271580476,0.123088720525239
"ENSG00000309226",0.314008951652308,0.123112981701163
"TAS2R20",0.385705152845655,0.123115944980861
"MT-ND4L",0.382915377311387,0.123134964002865
"ENSG00000240731",-0.475509506922451,0.12320521694748
"SPPL3",0.150171719960896,0.123271831027103
"NBPF12",0.155175837864293,0.123319704383621
"SART1",-0.110481043171298,0.123397019931575
"ENSG00000196741",0.245747795200839,0.123471021757721
"CA5B",-0.273419360888759,0.123659242455603
"ENSG00000279837",-0.683933515582876,0.123812414551548
"LOC100422441",0.501207976571479,0.123829588181872
"IFI27",0.558180003694571,0.123886968555683
"ENSG00000248394",-0.361572296725035,0.123963581000873
"ATP6AP2",0.148960677468355,0.124051835642264
"SCAPER",-0.207509976754724,0.124110527507653
"ENSG00000247134",0.516809932972057,0.124154166182462
"ENSG00000286340",0.407346227752451,0.124268004520383
"MIDEAS-AS1",0.553582968096191,0.124321944283387
"PSMC1P1",-0.466712556167056,0.124412441658331
"DDB1",0.132390337864878,0.124430809790547
"ENSG00000224992",0.724673988830778,0.124535501995749
"RPPH1",0.375035534556278,0.124561480369377
"ENSG00000290728",0.237651892015175,0.124690401207924
"ENSG00000284946",-0.22736927105053,0.124726820100623
"ENSG00000286314",0.512698185973056,0.124781417576019
"SLC27A2",-0.144937952087893,0.124980349791905
"JTB-DT",0.419499433137411,0.125076207624224
"JAKMIP3",-0.5686383123974,0.125099327314211
"ENSG00000217094",-0.834082674790291,0.125363296702169
"ENSG00000306852",0.59469663685635,0.125378004754417
"SEC22A",-0.173349907726236,0.125394264917404
"LTB4R",0.187343640118243,0.125413466490598
"RIPOR1",-0.150533766066884,0.125555999857744
"ENSG00000275297",-0.420967558309671,0.12566214630885
"LTK",0.700671544141593,0.125675772639703
"GTF3C2",0.109763168097924,0.125681641932416
"ENSG00000308283",-0.52777745103273,0.125813135030263
"ZNF341",0.162062603610921,0.125955402374836
"ENSG00000259781",-0.150233204612554,0.125979944525874
"LDAF1",0.391252443931792,0.126017803046472
"ZBED5-AS1",0.2108334956873,0.126018535118969
"C22orf39",-0.131250856579724,0.126049381605386
"TLCD5",-0.194542687177994,0.12616087836838
"NUDT16-DT",-0.400746291678914,0.126391158022463
"LINC01780",-0.557860262562581,0.126414641974458
"FBXO17",0.199240782075405,0.126430962869696
"H4C3",0.475181416665316,0.12651003239235
"ZNF491",-0.451381150217948,0.126566366780439
"ENSG00000289349",0.542948129367572,0.126644100714725
"ENSG00000261645",-0.47953230384218,0.126743497636201
"MCPH1",0.128858696824792,0.12678697173455
"ENSG00000177855",-0.780863388616992,0.126868636306992
"B2M",0.118964281927912,0.126895850973288
"SLC28A1",-0.253815913292954,0.126916073330365
"HSF2",-0.12558581992676,0.126923116262158
"ENSG00000285816",4.92174011293408,0.12707418434118
"GNRH2",0.605969491981667,0.127210855925572
"UBE4A",-0.0990743882200522,0.127252547181914
"HLA-A",-0.137823801479279,0.127280388138777
"ENSG00000279495",-0.217320023054435,0.127439030222142
"SKIC2",-0.128072607506962,0.127473463310862
"LYPLA2",-0.120630469806815,0.127708064696692
"DYRK4",-0.191484950892825,0.127762618608783
"BATF2",-0.204075189704511,0.128200264328095
"ATP10D",0.266140390758133,0.128257165043769
"ZRANB1",0.108700036423942,0.128258090683695
"HECTD1",0.118484148155402,0.128401148808885
"NFYC",0.107014126214771,0.128411821287015
"NKAPP1",-0.234865250657116,0.128441253566983
"ZNRF2",-0.144331866945504,0.128462324819323
"IGFBP4",-0.188664531245724,0.128487125316145
"MIRLET7IHG",0.225131112368312,0.128501739031169
"ENSG00000288926",0.276807020516512,0.128506781849248
"RILPL1",0.137370801288592,0.128517716057293
"ANXA3",-0.812861481087838,0.128673490811503
"PSMG3-AS1",0.264823589697192,0.128699148264506
"TGIF2",-0.116641327957194,0.128711262754268
"ENSG00000290812",-0.761046170521775,0.128798088531774
"LINC02709",-0.374272897383821,0.128810622618904
"RPS2P46",-0.32632667605293,0.128910750228532
"HARBI1",-0.21828883049818,0.128946872647833
"ENSG00000229422",-0.573776178342329,0.12894720090815
"CHORDC1",-0.160443603495223,0.128980939573681
"TOM1",0.120783171225765,0.128998925559307
"ZBTB48",-0.15131857605112,0.129004747636153
"LRP1",0.159349358704419,0.129282742310264
"ENSG00000244480",0.4101215575319,0.129505938708924
"TRAF1",-0.23681722763371,0.129631921766792
"ENSG00000258768",-0.382170472446513,0.129691058599492
"CEP63",0.132633762961839,0.129775514154029
"RAMP2-AS1",-0.299862849596432,0.129887498626738
"SLC35C1",-0.11011639598555,0.130147609945669
"MAPK1",-0.120200576771439,0.130294206690387
"SCAP",0.121145392824524,0.130303532360363
"ENSG00000215388",-0.751508597313946,0.130315221095982
"NYNRIN",0.315928709349607,0.13031868626817
"CTNND1",0.12597704765979,0.130377072725577
"ENSG00000291276",-0.47464853324472,0.130383010501675
"SERPINB1",0.200821720446973,0.130408479981189
"ANKDD1B",0.766349292955183,0.130503392834911
"PAIP2B",-0.283746595390991,0.130636293676887
"IL12RB1",-0.884610353633762,0.130644148932542
"ETAA1",0.112096119079652,0.130816743896227
"SPCS3",-0.139914613316696,0.130873655703359
"TACO1",-0.138182151553482,0.130875648461135
"RWDD3-DT",0.515362313492891,0.130947198802642
"NRAS",-0.12501502462577,0.130971622276046
"ZNF407-AS1",-0.154613892112691,0.131022246592263
"PHAX",-0.142311707787399,0.131053012174164
"ENSG00000279035",-0.558751238072121,0.131114355691636
"ATP9A",0.115811344743045,0.131154549841522
"PTGER4P2-CDK2AP2P2",-0.163524334318849,0.131232228647386
"TAFA2",-0.619770716353345,0.131380764439408
"ENSG00000308112",0.689469212112214,0.131388404350331
"SLC25A4",-0.146390079852712,0.131464554629551
"LOC101929691",0.263849069371119,0.131504191682926
"AKIRIN1",-0.153098118640056,0.13152373680881
"IRF5",0.296405280747934,0.131531863946697
"RPS2P55",-0.704810587638477,0.131554626301717
"CHD7",0.103647580944184,0.13158164915195
"MORN3",-0.374092679573376,0.131631941495081
"LMO7",0.116636085379106,0.131747248832101
"ENSG00000303747",0.469202407747724,0.131796589845893
"CDPF1",-0.22927987592169,0.131843894603719
"PMS2P4",-0.167174655716494,0.131953663716082
"BTG3",-0.142186027382243,0.13201261410648
"CLCA4-AS1",-0.359808971512413,0.132024959519772
"PCOLCE",-0.426703492989177,0.132123787232144
"LINC02851",0.168180400512796,0.132271466493776
"RPL26",-0.166669882463682,0.132349670107098
"HSBP1",-0.135733763269411,0.132421726190014
"ANKHD1",0.13819859918409,0.132434009549956
"S100A3",0.748329654826261,0.132594383170106
"ENSG00000238260",-0.307334077789846,0.13273803894542
"ENSG00000301562",0.758902618471462,0.132802210444746
"ICOSLG",-0.268820751557237,0.13295133576732
"ELF2",0.115936775040547,0.132951507802151
"BTD",0.157616392021184,0.132971039844149
"EIF2AK1",0.151780402952168,0.132977446576936
"TMEM221",-0.297631976564431,0.133010167363887
"RPL37A",-0.150129274361042,0.133050362317486
"ENSG00000285943",0.284944443106422,0.133056338269909
"UBE2E2",-0.606695054226958,0.133058356232699
"H3C15",-0.887997535804808,0.13350355515994
"MXRA7",0.267653110341495,0.133513596091874
"XPNPEP1",0.101697949438961,0.133674442610941
"ENSG00000299885",-1.69236866420939,0.133684868938868
"ENSG00000290573",-0.656069917051198,0.133765184756468
"CATSPERE",0.496498630470396,0.133864914942929
"ENSG00000204253",-0.426790490551554,0.133888346915201
"RPL22",0.142649402573334,0.133986828612812
"PIGZ",0.194341159875522,0.134003026342179
"ENSG00000272871",-0.554779643859618,0.134048910773328
"SYNPO",-0.796487975603053,0.134281733661393
"ENSG00000290808",-0.687516269979936,0.134363794663565
"SURF4",0.143447144878009,0.134490431471529
"MTARC2",-0.115900627963723,0.134620261160686
"SLC25A35",0.185970766150293,0.134634268658119
"ENSG00000289210",0.76263628159324,0.134659337138196
"ENSG00000274403",-0.638285592856737,0.134697713869328
"HESX1",0.425845056341916,0.134716252891427
"TSSK3",0.51703065823951,0.134895026890266
"ZNF420",-0.241268154777963,0.134932182675018
"ZFAND5",0.0886095405710705,0.134955724697028
"SPATS2L",0.23805771944793,0.135016681498446
"ENSG00000296184",-0.573235692625568,0.135026311220133
"RPS7P1",-0.286720925747889,0.135080272836213
"RASSF3",-0.139010495999425,0.135274830202923
"ENSG00000307825",-0.750881039535884,0.135396934145695
"YBX2",-0.514277119116516,0.135495716999129
"SLC10A3",-0.123748070269828,0.135913538818534
"SCAT8",0.60901136225843,0.135981711032787
"C2orf81",0.527208424926795,0.136039427226071
"ENSG00000307098",0.583628436243575,0.136069127314084
"ENSG00000219433",0.73448816583913,0.136199262832596
"PSMB6",-0.12455518029586,0.136222647674762
"ZNF512",0.0928728587045942,0.136267247932557
"ALDH1L1",-0.168253466414537,0.136344917258322
"COL5A2",-0.280656611108529,0.136408454057025
"SRSF6",-0.11243124155215,0.136456910031311
"CPT1A",-0.218358370796731,0.136573410983395
"DHRS7B",-0.155597514591099,0.136608832747453
"ENSG00000310528",-0.495155283578897,0.136622237043684
"DDX11L2",0.546387159707254,0.136944595236474
"ENSG00000254165",-0.477624724133382,0.136967344538368
"ZNF808",0.19366170579503,0.136992221090369
"NEK5",-0.656156790596168,0.137240510050243
"CHP1",0.0989243680358424,0.137334735286412
"ENSG00000279133",0.205625165100509,0.13736420002338
"EAF2",-0.270041213730461,0.137399671840905
"ENSG00000304958",0.507226718893845,0.137655585381143
"PHYHIP",-0.884945332432946,0.137775857479685
"ENSG00000294582",0.542762430070363,0.13780125727002
"IGSF23",0.288055863335465,0.137948067782932
"NUTM2A-AS1",-0.0872317112058175,0.138119163811718
"PHOSPHO2",-0.157610800179494,0.138144147080261
"ECM1",0.21106081612965,0.138205587596734
"COG4",0.111716336373454,0.138216613814205
"ENSG00000293175",0.5625624512408,0.138325481416334
"ENSG00000288871",0.468476334022728,0.138331714795056
"RPS24",-0.152324332799836,0.138379280502542
"ENSG00000226415",-0.685071339684916,0.138465650233296
"ZNF383",0.226544303969237,0.138499237681603
"ENSG00000273017",0.503495879553712,0.138689284229753
"ENSG00000238045",0.403319538707949,0.138708040220847
"RHEX",-0.349615734023882,0.138754673528569
"TRIM66",-0.154058440893399,0.13875719529866
"PITPNB",0.107192720102091,0.138764255431551
"ZNF789",-0.183581172278744,0.138832232540725
"ENSG00000266217",-0.628747896969767,0.138907502775097
"TBCE",0.108282356303742,0.139012993006823
"ENSG00000296808",0.346241417861495,0.139100794566791
"ZNF285",-0.306136700740722,0.139190978059916
"F8",0.693504341885255,0.139283675656099
"MT-CYB",0.32151995500576,0.139325627567023
"CLDN4",-0.224858567857755,0.139382751002535
"MRPL14",0.112297596873726,0.139491692700925
"UBAC1",-0.0997880113391065,0.139612661557991
"MIOX",-0.361739107082407,0.139778815895375
"ENSG00000279095",0.216071041169243,0.140136762816766
"CTC1",0.105823713689462,0.140270522772622
"ENSG00000301754",0.520924322100651,0.140278616227276
"HERC5",-0.5930955995307,0.140288506747518
"ENSG00000288764",-0.487938820083052,0.140356348690834
"ENPP3",0.18609073416339,0.140545359858527
"ENSG00000310019",0.266455452234063,0.140548924657133
"FAM219B",-0.112175596732412,0.140574999908363
"SYPL1P2",-0.776992987371751,0.140917292119092
"FAAH2",0.250150259094806,0.140933253763995
"ENSG00000260782",0.709760120051144,0.140943967991998
"TMEM53",0.158424780494498,0.140973419785242
"ENSG00000288873",-0.444562017533374,0.141040534068715
"ENSG00000285314",0.523448481952076,0.141089856733377
"LOC102723566",0.473581932576469,0.141137847007983
"SBF2-AS1",-0.16676081165731,0.141161561300659
"CST3",0.124668215303164,0.14119559941477
"ADAM9",0.142282846383858,0.141332457892457
"SWAP70",-0.143031555795625,0.14133414465266
"PCNP",0.101609068853321,0.141415952321177
"ZNF706",-0.124972461465931,0.141453641104208
"AZGP1P1",0.362288399315137,0.141522243903867
"CARF",0.220163533947139,0.141581027430184
"FAM222A",-0.177073558795158,0.141643880147432
"PARD6G-AS1",0.23990437370336,0.141693386294233
"ENSG00000286540",-0.354186900143815,0.141718198492113
"ENSG00000297885",0.216405431558008,0.141728377945287
"AK3",-0.0946934639360598,0.141975360575191
"ZFP69B",0.173264883253382,0.141978068089429
"DPYS",-0.396736740293759,0.141998701313856
"VKORC1L1",-0.112354940167122,0.142024166557876
"SOX12",0.134137091932592,0.14205162315576
"RNF6",0.106663400684912,0.142066759135831
"C2orf15",0.211961410070469,0.142093580091014
"RHBDF1",0.139413747026119,0.142094113745032
"TMEM249",-0.19399091800608,0.142161555923205
"ENSG00000289222",0.318063703821887,0.142197924361521
"USP3",0.12860658734776,0.142335463155328
"ZC3H12D",0.165768605188826,0.142418089162874
"PCDHA7",-0.469563575460367,0.142422312751718
"ANKRD26",-0.142299349730145,0.142428319146114
"MCAM",-0.259157393513462,0.142559477834085
"RPL24P4",-0.491221205104203,0.142571881924186
"ZNF260",-0.175923574590936,0.142588230567061
"LSR",-0.101345462290086,0.142635463672962
"TRAK2",0.0962536079022828,0.142754402283833
"FAM91A1",0.098798200719739,0.142812274973386
"ZCCHC10",0.125209296170337,0.142835518911605
"U2AF1",-0.240064154264496,0.1429586222228
"CDK11B",-0.127280305853,0.14298899400427
"SRP54",-0.125710113654696,0.143022289028446
"MSH5-SAPCD1",-0.310545990672282,0.14308868703081
"RPL7P1",-0.303194013128637,0.143100791157772
"ENSG00000227598",-0.60535886932042,0.143101554113721
"LRRIQ3",-0.359200569964299,0.143182851619847
"ENSG00000278576",-0.486440740473204,0.143217288697142
"LOC103344931",0.238011873934499,0.143297496739398
"ENSG00000299227",0.39291383888676,0.143385254221715
"ENSG00000257411",-1.15150138610281,0.143436653215992
"ENSG00000257527",0.384859766542099,0.143547769804848
"RUFY1",-0.111631502694396,0.143838469363052
"ELMO2",-0.0931974195921453,0.143839160885115
"CHSY3",-0.472919234894115,0.14392693734664
"CSAD",0.17653873938479,0.144091780540216
"NTAQ1",-0.15584525677403,0.144093752711793
"LIN7B",0.222199637713817,0.144307829253627
"ENSG00000289444",-0.212345226679053,0.144492019795201
"DDA1",0.10364167702952,0.144617610867705
"TMEM255A",-0.397540922943563,0.144672224448541
"LARS1",-0.099673814726545,0.144686209051239
"ZNF225",0.184572202722105,0.144703293753546
"BCR",-0.088162780172116,0.144809508621332
"ENSG00000290429",0.666438660963158,0.144820203399409
"PLAAT3",-0.294955784592439,0.144832380804182
"KATNBL1",0.135487605590525,0.144890148561461
"PPP4R3B-DT",0.34407415172338,0.144954702778459
"GZF1",0.119648854740232,0.145096594129369
"HTR7P1",-0.421220358382952,0.145121826100787
"ENSG00000293476",0.116514133598384,0.145500766812593
"LLPH-DT",-0.593493007616306,0.14552743958877
"ZNF793",0.320542947965173,0.145712013625307
"TGOLN2",-0.11238972464533,0.145723986537219
"SLC35G2",-0.167866107162907,0.145844805526202
"LITATS1",-0.497820280512573,0.145864414911231
"ZNF226",0.138020415484621,0.146135887907868
"ENSG00000288948",0.502712883675643,0.146151758341001
"CA14",0.428490895204621,0.146241669334033
"TST",-0.170618537982913,0.146258510554345
"ENSG00000269151",-0.348729795610454,0.146329887041192
"ENSG00000290089",-0.375054624343279,0.14647306849276
"TSC22D1",-0.12292919847143,0.146693944150856
"DNASE1L1",0.158751358528472,0.14670441710343
"ENSG00000300534",0.764572117447144,0.146829541624475
"ENSG00000273142",0.142253113485058,0.146829840547497
"ZMYM4",0.0925319132124096,0.146848974000841
"LOC102725048",-0.408177721006683,0.146910030008668
"HES1",-0.188462292125538,0.147000940706202
"ENSG00000188223",1.09068565985849,0.147284495684995
"GRPEL2",-0.108743667266184,0.147446531446219
"ZNF641",-0.144173745684285,0.147452735484144
"PLEKHG2",-0.132191496792064,0.147461391341744
"QRSL1",-0.108100236937307,0.147569445849497
"PITPNM3",-0.439351842752469,0.147578666248163
"COA8",0.162148809579477,0.147611458306448
"SMIM27",0.221642522570256,0.147664173071695
"ENSG00000224032",-0.132277118364167,0.147793747058598
"UNC13A",0.509698601166594,0.14781355566816
"RCBTB2",0.261877729029565,0.147864444485452
"MRPL23-AS1",-0.245429973520529,0.147883933876776
"RPL27A",0.157651704642142,0.147896624435368
"CHCHD7",-0.0982330395249981,0.147944168008801
"IL6R",-0.163472017832726,0.147950003609706
"HMGB3",-0.122348893925257,0.14798479339499
"AK7",-0.331166235765598,0.148025465685404
"ENSG00000288187",0.251193831446663,0.148045280285936
"CDKN3",0.123191794731174,0.148158907453184
"C5orf24",0.0912986622740414,0.148268281349445
"SYDE1",0.216505033805905,0.148338884989314
"RABGAP1L",0.120719588385476,0.148454532280297
"ENSG00000302039",0.510562080913173,0.148463724615592
"SUCLA2",-0.128230564283158,0.148479224627366
"CAPN3",-0.209752498410997,0.14849314722885
"XBP1",-0.0987818103908871,0.14850695356299
"ENSG00000301866",-0.455088370971896,0.148562522317269
"ENSG00000279394",0.57681998147688,0.148605153950412
"ENSG00000270060",-0.810850915492601,0.148678794139131
"CDX2",-0.682960566279125,0.1487973884365
"CKAP5",-0.0957363924688426,0.148829993454868
"ENSG00000257379",-0.269570901510773,0.148843002111246
"RCOR3",0.110418883526356,0.14887243993927
"ENSG00000293178",-0.472531198995892,0.14893071741118
"ENSG00000235316",-0.315845838276978,0.149002637675289
"FIGNL2",0.302547385689133,0.14907168947946
"ENSG00000225233",0.618480156126282,0.149118863238981
"B4GALT3",0.122271478987454,0.149258061278252
"MEF2A",0.104011844206472,0.149272691031474
"ENSG00000280347",0.549581831216427,0.149283048432412
"LY6G5B",-0.159683419165243,0.149351148630985
"SLC15A3",-0.567209276132092,0.149512221033361
"ORC2",0.139967083411781,0.149639500801219
"BRI3",0.149653647158953,0.149827127127411
"ENSG00000279114",0.665127738399348,0.14991888709611
"CFAP298-TCP10L",-0.183664582412899,0.14992036665706
"ENSG00000278987",-0.450869100475696,0.149922917812462
"RPS14P1",-0.276397859033515,0.150060111267194
"ENSG00000308172",0.346548452673743,0.150289879147464
"ENSG00000270761",-0.514601597104415,0.150314584492345
"DCST2",0.675757639572038,0.150466094892507
"FBXO16",0.317354717974298,0.150466565126234
"ENSG00000289523",0.352102328142648,0.150538171813323
"ENSG00000229321",-0.654053855729568,0.15056232259155
"HDGFL2",-0.0966074813779079,0.150607518797035
"TAF1A-AS1",-0.287201657474107,0.15072909563723
"ENSG00000215302",-0.615148251725248,0.150748980630426
"ZNF674",-0.214898730396407,0.15077458409605
"SP140L",-0.104013576085784,0.150841361980308
"ENSG00000296598",-0.667601615220514,0.150852964673903
"USP42",0.12492998679066,0.151074516344606
"ICA1L",-0.221817984694194,0.151113208661082
"UPP2",0.56590034244469,0.151161468597708
"LOC100652768",-0.433071824240395,0.151265040662119
"ENSG00000285160",0.577796071362121,0.151309822975524
"ENSG00000272223",0.375712189325812,0.151467290555082
"ENSG00000270316",1.66905542954642,0.151576551346939
"PRDM4",-0.109473848111635,0.151671018243354
"TAGLN",0.314136997677581,0.151751447325035
"ENSG00000277170",-0.526539766975207,0.151774875326031
"ENSG00000260420",0.559817764704939,0.151817425561314
"ENSG00000290762",0.132297619192617,0.151833087552649
"SLC26A7",1.0239586714602,0.151855187099178
"RPL36A",-0.178449895767838,0.15195005501341
"KCTD3",0.0918583552881552,0.151952859457542
"NACA",0.145406953851149,0.152016965254123
"NQO2-AS1",0.947236524559856,0.152049513124323
"ENSG00000230074",0.652368146907081,0.152073960301267
"DCTN6",0.136065392607403,0.15209281922048
"IKZF2",-0.58150880149879,0.152144328336276
"SLC36A4",0.153079612723234,0.152176036687251
"ZNF410",0.118443380930993,0.152325993727888
"ENSG00000257139",-0.433536780068342,0.152557750089668
"ENSG00000290127",0.487002332757568,0.152683464842132
"KCNAB3",0.24284918449369,0.15269553223632
"DYNC2H1",-0.447651368106043,0.152852935991098
"MRPS18B",-0.0947035102657537,0.153008003594058
"LOC100134368",0.277645980287322,0.153150836488853
"MRPL32",-0.167326931505917,0.153217374833225
"MOGAT1",0.575800604394259,0.153273196292894
"CC2D1A",0.167593277501372,0.153324715129273
"ENSG00000303801",-0.623955848523109,0.153587037420088
"SLC22A17",0.197289131536657,0.15378120982058
"ENSG00000269951",-0.464531422310015,0.153987828650944
"ENSG00000287166",0.51956308980284,0.154007046132107
"ENSG00000271155",0.348236732999549,0.154020584979117
"ENSG00000262413",0.538305693089221,0.154104976664602
"ENSG00000177946",-1.07310527982772,0.154232744356601
"ENSG00000239945",1.44216714603037,0.154279673205445
"HLA-F-AS1",-0.190380310790018,0.154397590345814
"ENSG00000230202",-0.359122393670571,0.154674229445896
"MEIOC",0.528863946551762,0.154719420356395
"TRIM31-AS1",-0.248211356437058,0.154730993275147
"ENSG00000231466",0.327491855199054,0.154857478291425
"ENSG00000231856",-0.339676013777085,0.155146800000497
"ENSG00000213411",0.547421200170983,0.155180411323284
"ENSG00000276259",0.486714015705154,0.15518803965626
"ENSG00000233293",0.520308450992308,0.155300031583541
"PCDHB16",-0.270876247184389,0.155551702344982
"ZNF3",-0.0994970460943723,0.155556343769263
"ENSG00000234769",-0.483252021520575,0.155638160619961
"ENSG00000259623",0.175525031118167,0.155722833369696
"ENSG00000255992",-0.410821290122194,0.155914483673797
"ENSG00000288899",0.360802887979392,0.155971634250882
"ZNF692",0.127558188171607,0.156091934812995
"ENSG00000271936",-0.293497920827523,0.156204137776543
"C1QTNF12",0.472613363333374,0.156455145025519
"DDX59",-0.155527090582199,0.156493525028157
"DHDDS",-0.122943166101958,0.156647534380801
"LINC01271",0.439250084566191,0.156652237853487
"GFUS",-0.113883620998003,0.156667078347333
"MKNK2",-0.109493173161685,0.156834664573037
"ECSIT",0.111633679646254,0.156941044602837
"TMEM230",-0.132138199793122,0.156953791989514
"ENSG00000289890",0.352938285085621,0.157030349998005
"RRN3P3",-0.149969785203231,0.157369965077165
"ENSG00000230409",0.430795873392832,0.157396865032417
"ENSG00000272744",0.638508042532427,0.157489478625924
"PPP4R3A",0.0887917307816772,0.157635996875074
"AIFM1",-0.113467934390261,0.157960141092707
"ZKSCAN8P1",0.245518645781254,0.158235221688664
"NGLY1",0.104477854909754,0.158284180377128
"SEPHS2",0.147229172185134,0.158554843738376
"P2RY2",0.276107435731866,0.158658072115676
"FAF2",0.0902622292798245,0.158667465273157
"SMARCD3",0.954528589032316,0.158670898937532
"LOC389765",0.121394298215475,0.158742830091794
"TIMMDC1",-0.141314753672877,0.158750261336829
"CDC42BPB",-0.0994167890883173,0.15878361106167
"KIF20B",-0.147981950227746,0.158788905784051
"ENSG00000272037",0.726509290573489,0.158843838392406
"UQCRB",0.168329048917887,0.158849925139229
"ENSG00000287780",0.324085308409978,0.158966511932395
"ISY1-RAB43",0.20941711099762,0.158998044948874
"ENSG00000293348",-0.542785493321012,0.159227192758284
"ENSG00000250222",0.588213742214308,0.159289903359964
"ZBTB21",0.156280557300718,0.15935055181239
"C3orf70",-0.369441503923504,0.159389333018203
"KRCC1",-0.215859165452469,0.159395188293998
"TMEM120A",-0.10535840648576,0.159503674512823
"KRR1",-0.103875500475463,0.159525240525698
"ENSG00000269242",0.328091435106964,0.159761774343831
"PITPNA",-0.16162116934645,0.159877004959808
"RAB35",0.0879708136527486,0.159912189039054
"ST3GAL1",0.13520082877114,0.160018831384781
"NECTIN3",0.163991660515121,0.16010003244177
"SFSWAP",0.111013117411108,0.160138753826079
"MORF4L1",-0.1013644496602,0.160197977705065
"LRTOMT",-1.25093656923535,0.160276705418507
"SNORD13",0.645968101440513,0.160280870916898
"TANC1",-0.278011359552288,0.160320381567384
"KRT18P4",0.54994385507798,0.160624340892547
"SMIM10L3",-0.308847954986538,0.160666463064677
"ENSG00000214439",1.91798797549607,0.160676374866752
"ENSG00000278909",0.207788470134501,0.160709713759542
"ENSG00000286176",-0.83846755055454,0.160741341238164
"COL7A1",0.218873902641292,0.160743816116442
"NR2F1-AS1",0.241039747641738,0.16076026290532
"KRT10-AS1",-0.14853061997796,0.16078208314619
"ENSG00000288999",0.283507582903913,0.161039154135884
"ZNF575",0.277950730974803,0.161349341167232
"SLC29A2",0.186122092759813,0.161376156722501
"OIP5-AS1",0.10318602344671,0.161405325995909
"CYP51A1-AS1",0.39880197021418,0.161496973728781
"TRMT61B",-0.102766547394027,0.16173332755714
"BTBD1",-0.0981328930469143,0.161795891573696
"C4BPB",0.0964612954789098,0.161813451825415
"OTULIN-DT",-0.379453026865056,0.161833061725082
"ENSG00000293322",0.402194717009716,0.162128099592473
"ENSG00000273391",0.233032661262525,0.162134422398749
"FBXO22",-0.122639841350803,0.162193177230011
"SMCO4",-0.146180683563357,0.162215483237319
"SUGT1P4-STRA6LP-CCDC180",0.468372043883041,0.162257306032718
"ENSG00000259205",-0.414005288503982,0.1623688796132
"SP3",-0.0994828875165446,0.162438311853155
"ENSG00000279900",-0.485151000940239,0.162454228310874
"ENSG00000254536",-0.225881542149453,0.162521983820786
"ENSG00000289123",-0.3441009117301,0.162662288541922
"KIFC2",-0.164581997825648,0.162718250771884
"TAS2R10",-0.554563786085049,0.162723054001689
"NUDT2",-0.197137949913957,0.162817306167582
"LIPT1",-0.142128042294192,0.162818453921957
"RPS7P10",0.581349904211809,0.162905251216485
"ENSG00000288924",-0.176276397870477,0.163047720417406
"ENSG00000224945",0.204397132993149,0.163209034667486
"HOXA2",0.292596066296923,0.163320891733182
"CCDC59",-0.14460418813244,0.163514524989156
"LOC114841035",0.218427691347241,0.163519947703901
"CFL1",-0.160091513236917,0.163625985683622
"ANKAR",-0.251146931518336,0.163691032668914
"GLIPR1",-0.411557851166223,0.163697131177577
"TRPV2",-0.138401641110289,0.163815137837746
"LIG4",0.125158269121525,0.163879339395816
"LINC00869",0.370402867778894,0.16421049801344
"MT-CO2",0.297969891291549,0.164307541204657
"LAG3",0.223758854120522,0.164429311161975
"ENSG00000269906",-0.475632790799111,0.164449921780658
"UPK3A",-0.216314105055092,0.164457690545124
"ENSG00000230869",0.514810899113024,0.164589244517695
"BMPR2",0.098068041536334,0.16468426721493
"ENSG00000300506",-0.207961829624213,0.16469052850721
"FUCA1",0.126582396641196,0.164690723896186
"SLC25A53",0.387497639952109,0.164844719286176
"HEXIM2-AS2",0.258911936235358,0.164922432867599
"KPNA1",-0.130438504757471,0.164996183450875
"HNRNPA2B1",0.112104816822638,0.165070549774364
"GIPC1",0.115217118394305,0.165192934174149
"RPL6",-0.157305838908747,0.165238733558498
"ENSG00000279092",-0.208892783718774,0.165414699247185
"LENG9",-0.248611201872823,0.165510931828787
"CUL3",-0.12857733254174,0.165772005689287
"DNAJC6",0.283596763175433,0.165792363221238
"ENSG00000224415",0.693032285397466,0.165808348583675
"NXN",-0.209215766744933,0.165819830258159
"HNRNPH1P1",0.486583293460787,0.165984688277251
"MIATNB",-0.59486071241573,0.166018192647133
"ENSG00000203761",-0.53270701187834,0.166336410739388
"FHL3",0.223818872558011,0.166379286584602
"PCDHGB6",-0.557536377223483,0.166451297956942
"ENSG00000278985",-0.477982834550194,0.166497349268922
"ENSG00000259780",0.715822851191475,0.166526467229255
"LPCAT4",0.116676355687198,0.166627448284927
"CNN3",0.130387546138919,0.166707993684326
"UBQLN1-AS1",-0.46244667096963,0.166834172260274
"UPF3A",-0.113561981224136,0.166865726098933
"UGT1A1",0.322199302920126,0.167011492719554
"ENSG00000225339",-0.431485298126641,0.167081766752701
"ENSG00000261187",0.396896382259201,0.167124425138711
"ENSG00000278963",0.452431825127731,0.16729837165364
"SRPK1",-0.0796208733834094,0.167444453436727
"TIMM23",-0.136168398594799,0.167479599060373
"ENSG00000258465",-0.601254379960653,0.167840506867532
"H4C15",0.577462750154782,0.167863099148397
"ZNF221",-0.304417177253999,0.167884851808085
"BBIP1",0.128391488630228,0.168166631863253
"ENSG00000295570",0.571813483012577,0.16817140034093
"NUTM2D",-0.215392192486077,0.168183429959874
"LOC124904072",0.345775836702608,0.168187453193225
"SND1-IT1",0.220024989348292,0.168203266576399
"RARA",0.0879023130714272,0.168259679174741
"PSME2P1",-0.344300705678331,0.168266214725684
"MFSD4B",0.164953728956341,0.168294440573592
"ENSG00000285571",0.239772468478502,0.168301578708604
"ENSG00000259460",-0.228124829877062,0.168513282233457
"ENSG00000236643",-0.557404798768364,0.168543060331619
"LRRC25",-0.558169957852544,0.169131060082695
"APOA4",-0.462979663830906,0.169354286400308
"FBXW4P1",0.420619908994374,0.169447840764055
"ARHGEF26",0.156206801073753,0.169485396631643
"ENSG00000231991",0.577752859725795,0.169646103738953
"ENSG00000289405",-0.186943751556205,0.169728243195807
"ENSG00000279227",0.297687642306858,0.169866055889328
"SF3B6",-0.152975144330989,0.169910599611736
"ENSG00000277151",-0.689413896783999,0.170028415033125
"SNORA73B",0.286221976219337,0.170028770142968
"SYPL1",0.138834837171433,0.170111563150795
"CCAR2",0.0889013045278033,0.170153948656701
"PELI3",-0.200272575146601,0.170329849291811
"MTSS2",0.162350569778902,0.170389695228011
"PKN2",0.102923787078487,0.170714569514131
"RPS6",-0.138030079339315,0.170950433798743
"FCSK",-0.119135068071495,0.17098873269812
"ABTB3",-0.240449752963493,0.171052234167804
"IGDCC3",0.100502444157684,0.17110699333339
"IFT140",0.137558808095461,0.171136170983718
"ENSG00000305313",-0.375699474267692,0.171187388073413
"KAT2B",0.259275038075085,0.171243160236476
"ELL3",-0.236338777836745,0.171373971434107
"ZDHHC17",0.107345493094515,0.171381791801486
"ENSG00000258539",-0.893783557890638,0.171405966167936
"POGLUT2",0.125304968873266,0.172068842225503
"ACAD9-DT",0.24496770349367,0.172102318680017
"ERAP2",-0.165642978022201,0.17230552450011
"FBRSL1",-0.0984690155046184,0.172309278989859
"GOLGA2P10",-0.11927889878098,0.172514080468947
"CARD8",-0.119297756751712,0.172612703826332
"ENSG00000290146",0.357884738508754,0.172782516041354
"ENSG00000294996",0.398835249232546,0.172833380107481
"ENSG00000262526",1.48491240559885,0.172884102581988
"GMEB2",-0.104299070420379,0.172889836566311
"ENSG00000286912",0.469568162309213,0.172955554426044
"FAM135A",0.122083482023326,0.172981291476768
"TMEM14C",-0.135740253786537,0.172991600142573
"LINC00106",-0.443443413772127,0.173279188540164
"TRIM59",0.284975565001402,0.173456299541377
"ENSG00000245322",0.412541942715375,0.173464964232901
"C11orf65",-0.540546490818426,0.173572744122392
"ENSG00000229539",-0.206774620237942,0.1736329550577
"ENSG00000268189",0.490927005970824,0.173643435535711
"SLIT1",0.932816283570588,0.173772786481794
"ENSG00000272566",-0.557195028279799,0.173897680601564
"ENSG00000253190",0.693290085483923,0.173963073293311
"SUMF2",0.108814104359313,0.17426767979455
"ANKRD13C-DT",-0.275242573194108,0.174423352923587
"GON4L",0.1020220848061,0.174488564445712
"ENSG00000262370",0.305451826083474,0.174712774955607
"DET1",-0.215828784773847,0.174720148745781
"TAF6L",-0.127738880289245,0.174743303542685
"HSPBAP1",-0.171021996037786,0.17490289344799
"ZNF577",0.174922480770132,0.174946814321797
"C10orf143",-0.435385591861563,0.17522408808677
"ADAM22",-0.185641165311749,0.175294932005871
"ENSG00000288868",0.193224868156306,0.175565559454666
"ENSG00000280136",0.363858746834645,0.175581411570199
"SFXN1",0.0893823061638727,0.175622118716743
"SEC61A1",0.125373191047478,0.175641552972146
"CD99L2",-0.204447525733947,0.17593127697554
"RNF144B",-0.208966502258141,0.175934516045069
"ENSG00000304967",0.358047647595388,0.175997142495109
"RPL7A",-0.132407603758681,0.176000340312708
"SERPINF1",-0.194406866804729,0.176023310961437
"ENSG00000291262",2.16825794313936,0.176065117847015
"ENSG00000228037",0.7105547358697,0.176110256735557
"ROCK1P1",0.43028111769023,0.176146476853304
"RPS4X",-0.124089221277607,0.176184580794865
"PCDHGB2",-0.402828899424255,0.176302003321776
"SLC16A4",0.379711349837377,0.176340760456375
"ENSG00000290315",0.361745906964968,0.176360281083175
"TBC1D22A",-0.142458487076868,0.176364513396009
"MGST3",-0.115409897513084,0.176463994476663
"CENPBD2P",0.090126563586253,0.176597257733102
"SPINK1",-0.414873610023415,0.176664619350795
"BCDIN3D",-0.202482401196501,0.176868799912225
"ZNF607",-0.159587644859823,0.17693008409133
"ENSG00000231841",-0.946890362929594,0.177019659960298
"SLC29A4",-0.163618092569359,0.177022004592864
"ENSG00000259856",-0.471460898666513,0.177064363976208
"FAM193A",-0.107344620390537,0.177076466748765
"ANAPC5",0.106157451792438,0.177084727319596
"ENSG00000285130",0.55294383262001,0.177148894913849
"ZNF134",0.121855954331874,0.177198022467418
"NFE2L1-DT",0.459839999751116,0.177205464995277
"ENSG00000289602",0.510636997535931,0.177352919174656
"SHKBP1",-0.103311335670365,0.177420043898837
"GOSR2",-0.0936540132783722,0.177453659967718
"ENSG00000229299",-0.26334282031713,0.177722576971936
"ENSG00000290688",0.389089722180537,0.177745120798958
"ENSG00000280378",0.570015983243294,0.177899991084093
"NDUFB5",-0.124726962014942,0.177921837613746
"SLC25A37",0.0981391056792509,0.177950487420631
"ENSG00000250186",-0.657771638382739,0.178011845835512
"TMEM97",-0.121948533031966,0.178179652205663
"NDFIP2",-0.13609660836526,0.178347180153619
"GMPPA",-0.0869401188428652,0.178426579486481
"DNAH12",0.67678433881088,0.178762411383787
"DYDC2",0.145356343771427,0.178774503150739
"HSPB8",-0.999543999028351,0.178800116182247
"SDHAF1",-0.145798033506614,0.178929037048182
"ENSG00000279500",0.330331811433008,0.179046577123908
"STUB1-DT",0.577219200923281,0.179173244808708
"ENSG00000271888",0.409249609886534,0.179178922405327
"ENSG00000286747",0.377530786354456,0.179223464726258
"ENSG00000302600",0.481960422302296,0.17932467644008
"NIPAL2",0.182327647401189,0.17949894450307
"PPP5D1P",0.46537816154483,0.179508116267658
"LATS1",-0.0920472437623813,0.179652304695243
"STARD3NL",-0.0960195260227255,0.179846661129362
"ENSG00000205464",-0.776767165899744,0.179946761223516
"ZRSR2",0.164788630189935,0.180017156263285
"OSTM1",-0.121226529791927,0.180025570923442
"RGPD3",0.27167942294425,0.180106153999543
"ENSG00000266947",-0.577547070225506,0.18043788213156
"ENSG00000288770",0.517494583843108,0.180644619951991
"SLC39A5",0.163042137457996,0.180746182993223
"ENSG00000294260",0.682565078992222,0.180856181584483
"ENSG00000224003",0.376711742228925,0.180912970005837
"MXD3",0.183545414917147,0.181072425447404
"PET100",-0.133645386846604,0.181147245852972
"ENSG00000260093",-0.687382125279119,0.181269862588855
"LOC105371622",0.506553700683121,0.181288949202472
"CLTC",-0.104328529628444,0.181380834718255
"SIX1",-0.182075908418993,0.181480715971981
"NSRP1",0.139235677815866,0.181583970369016
"SMG1P6",0.323602501412124,0.181759839006644
"ANLN",0.0847502643520141,0.181825068340993
"MMP15",0.118759252512787,0.181896292635156
"GPX3",0.216430400668432,0.182073487250601
"SHLD2",0.114665093186101,0.182092020394053
"ITGAL",-0.279191279971021,0.182177826500176
"MBIP",-0.106459838483722,0.182180285174777
"ENSG00000233797",-0.579135297756991,0.182189201591384
"INE1",-0.351543316252371,0.182263864793184
"PBX2",0.0873400564941699,0.182286425682858
"CTSC",-0.149830718405152,0.182322448268043
"GUK1",0.120854665828665,0.182455531948191
"TDRD3",-0.129828830579225,0.18248612949024
"ENSG00000260565",-0.148041365009284,0.182489656172248
"ENSG00000272864",0.519163579239702,0.182546241730799
"DBN1",0.164156465235301,0.182604644695168
"NDUFA4L2",-0.595683890473107,0.182607617601307
"IDS",0.229066705311877,0.182668577443003
"ENSG00000293970",0.367288967086374,0.182706314983592
"RRAS",-0.294977739974007,0.182751300099663
"ENSG00000224411",-0.432015873390119,0.182813927459394
"ALG13",-0.112589165460945,0.182964647592595
"TMEM245",0.13208489811218,0.183016774620578
"SPATA3-AS1",-0.540168844557464,0.183127074208093
"CRYBB3",-0.480823041357742,0.183168723492612
"ENSG00000267222",0.490648203396961,0.183226406841882
"EPCAM-DT",-0.240809202231949,0.183279617733645
"HIC2",-0.0977767644369097,0.18340754706709
"INTS13",0.149199879318479,0.183735325647267
"ITPR3",0.264956744070422,0.183753527920831
"ENSG00000270996",0.716409531073464,0.183848478237281
"MEIS2",-0.122643194917289,0.183924179252116
"RHBDF2",0.126347997582941,0.183959962208684
"LOC105372480",0.186580725107167,0.184053472570031
"LOC102724642",-0.167426505948804,0.184178610715251
"ENSG00000303745",-0.423996972988792,0.184219756518494
"FRS2",0.126840213981987,0.184250352164433
"RBM18",-0.128861643875189,0.18426773998099
"DCAF8-DT",0.577203601431562,0.184273511352076
"ENSG00000279302",0.618843665454623,0.184352640414887
"ENSG00000260740",0.32522494658297,0.184587082729173
"SNORD118",0.537441472361992,0.184590670589979
"FBXO38-DT",0.341207958800082,0.184891293762911
"ENSG00000281344",-0.224637348030136,0.184918255248624
"CIB2",-0.330130869263039,0.184986540525754
"ENSG00000280107",0.249859200289318,0.185063796167903
"WASH7P",0.1093048587904,0.185188432721959
"SCAI",0.175329446360872,0.185227651858915
"HYAL3",-0.158477827953496,0.185482639619863
"LNPEP",0.131110633541168,0.18551265041947
"LOC124904194",0.385977929492083,0.185538743178266
"PPP3CA",0.0936927633250701,0.18563406595376
"DVL1",-0.0893061838833983,0.185638605427988
"WDR47",0.136536096404845,0.18574970199757
"MTCO1P12",0.24368372436338,0.185773734688454
"ENSG00000295474",1.01153785618798,0.186106362669902
"POLR1HASP",-0.117548623639797,0.186122674305095
"C4orf36",-0.315107675163904,0.186166616524299
"GRB10",0.187730287422819,0.186238188351763
"KBTBD4",-0.177010272715075,0.186520116785754
"ENSG00000224728",-0.970291861270536,0.18676170553532
"ENSG00000289334",0.508254156014572,0.186849769345592
"GTF2I",0.0937287607441376,0.187224856270354
"ENSG00000287859",0.714278653454315,0.18724474951059
"ENSG00000277534",-0.262561653579219,0.18731214854386
"EBPL",-0.109063825021322,0.187312712518643
"AP5Z1",0.11353214543515,0.187539323758086
"ENSG00000233381",-0.357164067700282,0.187608357389624
"BBLN",-0.168693361988032,0.187853037385687
"ENSG00000279520",0.33113578790274,0.18812154132561
"ENSG00000306369",0.444199927180183,0.188155411166007
"CASC3",0.108673582567489,0.188170737578421
"ZNF70",0.187278067719228,0.188219560482902
"DUS2",-0.0924099617788855,0.188351439836744
"BMS1P4",0.249777437866814,0.1884965952816
"ENSG00000279555",0.456327433895078,0.188604645729482
"ENSG00000281655",0.526988324147989,0.188663432208593
"MT-ATP6",0.261050720911121,0.188727713016313
"ENSG00000179978",0.137971960266246,0.189006483344089
"ENSG00000289687",0.338231396879199,0.189008276247359
"ENSG00000232874",0.501234208389821,0.189010436613509
"ENSG00000288953",0.19279772738275,0.189024656477572
"RANGAP1",-0.0803993526134515,0.189126238122458
"LOC107987440",-0.675474510335029,0.189143370492808
"PARAIL",0.113574365698767,0.189388835945338
"SCN8A",-0.179514536083404,0.189701622748046
"PLIN5",-0.291837811418625,0.189770333206398
"ENSG00000243636",0.385330165899779,0.189787617938196
"ENSG00000214110",-0.49174463520045,0.189952159150566
"ENSG00000249898",-0.296817465779201,0.190095453025027
"ENSG00000278861",-0.777629085377837,0.190568521440032
"ENSG00000267892",-0.326039102144246,0.190573385232121
"GAREM1",0.20396263950952,0.190635086086343
"PAG1",0.379516641144436,0.19067374944388
"FSTL3",-0.11736634240776,0.190704490150164
"CAPG",0.256333322526954,0.190708255656994
"ENSG00000228638",-0.722847033880703,0.190853518643143
"ENSG00000290850",0.449574616420823,0.19086494032669
"HOXA7",0.78159451848009,0.19098824814077
"DHRS1",-0.11947749967011,0.191003744649962
"LOC105371031",-0.498711968969668,0.19100541769276
"ZFAND3-DT",0.722428172551435,0.191033318255172
"FAM27C",-0.329291028289239,0.191109212268284
"ENSG00000257800",0.224546797916919,0.191113369981021
"RENO1",0.615373535794308,0.191146075958877
"ENSG00000288095",0.400487573088394,0.191332902866591
"SLC38A4",0.198423943864662,0.191582111723265
"RABEP1",0.108734544548937,0.191623542175133
"ASNS",-0.105743492147822,0.19187780092657
"ENSG00000272821",-0.317932871605615,0.191935025568817
"OR2F1",-0.516773732541711,0.191995115315061
"ENSG00000288907",-0.367791034994682,0.192032938375723
"SPATA25",-0.213009003588144,0.192039093363502
"TMEM161B",0.122186149277789,0.192159444958012
"ENSG00000272851",0.292300112531709,0.19219903942572
"GORASP1",0.0839059064362147,0.192210903251195
"REEP2",0.279959598014485,0.19224858436821
"ENSG00000205041",0.225917618720223,0.192273963720038
"FEZ2",-0.114273836606638,0.192323781698672
"ENSG00000257605",-0.797268265106093,0.192471669022004
"GTF2H4",-0.0924629185620388,0.192662530144216
"RPL7P9",-0.24404856199984,0.192678905137869
"NPIPA8",0.715719224683709,0.192913777124481
"ARGLU1-DT",0.43945408566524,0.192939733219241
"ADCY10",0.779587397983097,0.192985014488335
"ANAPC15",0.163205373861196,0.193082101944622
"PRAF2",0.256146995332153,0.193086871544291
"RAB40A",0.671569429487536,0.193258556504424
"ASS1P2",0.32018679230716,0.193402649176261
"ENSG00000267632",0.487896907122222,0.193565720471019
"SDR39U1",-0.095836891698061,0.193627480102242
"ENSG00000227080",-0.541962242520195,0.19366088577773
"FGL2",0.263825281332525,0.193690809563781
"RPS23",-0.144745166610889,0.193762149899624
"LOC729998",-0.159712281706209,0.19395478196276
"ENSG00000228589",-0.323318546969378,0.194078776317837
"DYNLRB1",0.130188443219065,0.194111877734067
"LINC01399",-0.392117166596723,0.194144322336869
"PMS2P7",-0.23921478092089,0.194146230080973
"ETFA",-0.0874763159218448,0.194488852978385
"ZNF18",0.180264681355827,0.194517011515675
"NAGS",-0.203113869153492,0.194543121174456
"LOC124904720",0.509786105093899,0.194579208763177
"ENSG00000228998",0.433504705190362,0.194656498468682
"CDK2AP2",-0.110479864835422,0.194679017325379
"SERPINA1",-0.161208019663285,0.194847528196599
"ENSG00000231563",0.30314789431049,0.194864777740264
"CNN1",-0.687642387274827,0.194880642766838
"ZNF8-ERVK3-1",0.760426405198569,0.195098820606947
"DHX38",0.085498809839837,0.195176893576627
"KMT5C",0.156624212543082,0.195262933050574
"MARCKSL1",-0.151653006944059,0.195342964846647
"ENSG00000299386",0.325074886016458,0.195488748743847
"ZNF697",0.146144923383091,0.19555115593818
"WDR54",0.346353179286585,0.195807868522021
"ENSG00000289971",-0.442229843125812,0.195868281797779
"MRPS31",0.113578247606733,0.195936436245317
"NCF2",-0.756323962012001,0.196044418874398
"NAV2",-0.124510213337998,0.196064309048713
"LOC101929470",0.65059503627409,0.196071645574986
"ZFYVE26",-0.101748703654465,0.196081677401728
"ZNF271P",-0.0919589265469285,0.196252528285009
"ENSG00000271009",0.263841452691538,0.196253842363176
"MMAA",-0.249135620825651,0.196286474875146
"TTC19",-0.1054857406458,0.197256748938073
"PPP3CB-AS1",-0.259285033672649,0.197268970310106
"POTEI",-0.57054035233293,0.197362896349318
"ENSG00000272810",0.532200939150352,0.197575052648673
"ENSG00000174028",0.536114968394723,0.197817209442222
"SMARCD2",-0.0885801142038579,0.197936899513097
"TEAD2",0.163458414536556,0.198292548317336
"ENSG00000307038",-0.340438376052571,0.198362136125221
"SIN3A",-0.135408985494832,0.198458771236387
"DNAJC2",0.114253964436608,0.19855293144131
"ENSG00000262877",0.237304548094623,0.198568797644701
"COL28A1",0.486926379644712,0.198612675885682
"HMGN3-AS1",-0.27695481824465,0.198639395332467
"COL9A3",0.270039197695636,0.198642693440421
"PCMTD1-DT",-0.214634777492219,0.198695483635783
"CDR2L",-0.246879019224938,0.198789637582999
"ENSG00000290690",-0.681689476187955,0.198986783909881
"LOC100507336",0.512622411700897,0.199012739105104
"ENSG00000309609",0.558532478609784,0.199029393808487
"USP45",0.117846449788966,0.199179544959853
"ENSG00000272219",0.357377470764151,0.199233050145599
"KHDC4",-0.0936779767943934,0.199239989223895
"TRMU",0.0879093393041764,0.199270477896377
"ZSCAN29",-0.0788045651903164,0.19943322976098
"MINDY2-DT",0.618329563679299,0.199445000901934
"NAT14",-0.141476682648494,0.199606540682471
"RN7SKP80",-0.689309882235835,0.199833597300652
"RPLP0P6",-0.317265287835629,0.199929738697084
"ZC3H15",-0.0923614060750684,0.199957884518931
"ENSG00000309071",-0.415701770323494,0.200124214198987
"SCARNA7",0.551489660820708,0.20012947910684
"ATP2C2-AS1",-0.20978272855672,0.200287025982178
"ANKRD36B",-0.185446349966664,0.20029147592864
"PSME4",0.095526768350188,0.20087886366273
"ENSG00000297294",0.398394453291015,0.200941983031349
"SLC41A3",-0.100147765274825,0.201169718269596
"ENSG00000251034",0.477430967281308,0.201171661040024
"AMOT",-0.391539794858214,0.201608039646461
"SYT15B",0.483020045456358,0.20181114797929
"ENSG00000271784",0.476583335943339,0.202149776784039
"STX5",0.140109276729057,0.202167124792305
"MYO1D-DT",-0.518295966847712,0.202569203709772
"FAM131B-AS2",-0.31359792041165,0.202721644841894
"FBXL13",0.478630002930224,0.202791858498721
"SPA17",-0.264215636265442,0.202804375343079
"LOC283683",0.235042267334742,0.202906014420091
"ENSG00000272721",-0.278626041737471,0.203009015732003
"RASSF5",0.471643754844511,0.203228807950608
"ENSG00000285329",-0.318788678942036,0.203290674053262
"ARAP2",0.359454381551069,0.203307002113285
"TBX19",0.220514860139485,0.203386275557287
"YTHDF2",-0.0859475799032165,0.203590865354552
"TCF12",-0.0883129032341245,0.20391041149817
"CNIH2",-0.400437902423748,0.204530796423391
"SMG1P7",0.197749681853971,0.204562807269908
"ZNF484",-0.215252697507181,0.204628764540723
"CCDC148",0.473150851138639,0.204958829876601
"STOX2",-0.687314430972092,0.204997514382077
"SNX5",-0.0847228151873169,0.205079389978974
"ENSG00000288719",0.589087747620292,0.205458284449204
"FGD3",-0.24353894727121,0.20552310689688
"TENT4A",0.090747279728423,0.205571955272212
"LAPTM4A",0.140003172357278,0.205635188552759
"ALAS1",-0.111206295274884,0.20592465620632
"ID1",-0.189856381984859,0.206162471136245
"ATP5MG",-0.131524391767072,0.206480653205218
"HUS1",-0.127145363241434,0.206519249987473
"ENSG00000272155",0.738935009857584,0.206550212937567
"EID3",-0.47395763520478,0.206680468382607
"RMC1",-0.118993037525538,0.20668454779415
"LRRC9",-0.578219237715459,0.206727479118298
"ENSG00000308468",-0.499693249526976,0.206936008139086
"ODAD3",-0.491985020540961,0.206968880762613
"XRRA1",-0.104276058291005,0.207129106399603
"ENSG00000270066",-0.396074712405035,0.207368483483388
"TEX10",-0.0868278541147106,0.207396530507562
"ZHX1-C8orf76",0.351589421482886,0.207398578538049
"ENSG00000286873",-0.338064578280152,0.20754065121503
"RAP2C",0.0958562617281572,0.20764250897795
"ENSG00000259891",0.168327147543942,0.207707115456474
"ENSG00000223459",-0.664496266601356,0.207910180290236
"ENSG00000273248",0.440544119922385,0.208282520009522
"ZNF17",0.196201518065134,0.208406133874308
"DHRS12",-0.165137742252381,0.208506945541956
"ENSG00000308454",-0.414523383643716,0.208602966958393
"TARBP1",-0.125827807418311,0.20893894027286
"RPRD2",0.0957728198122314,0.209067399908493
"ENSG00000256967",0.293116282126971,0.209278134851938
"DEPDC7",0.149757123848839,0.209357971224519
"SUSD3",0.244960746812162,0.209393705846291
"ATP11C",-0.135630470958234,0.20946168271319
"ENSG00000251023",0.347429373540254,0.209662614596027
"TBC1D32",0.222268952885617,0.209925820536468
"ENSG00000263620",-0.475472661367934,0.209996756659373
"ALDH2",-0.0786781236809962,0.21054137835711
"ENSG00000237550",-0.119998546709106,0.210541757218381
"ENSG00000289212",-0.478190137327027,0.210575522773628
"CLDN11",-0.291428968144425,0.210635842475402
"MED6",-0.110974989603113,0.210739782302569
"BMS1",-0.0837174704598082,0.210980335155386
"PPT1",0.104876019242763,0.211041243725735
"POM121C",-0.0957607939415745,0.211097577727638
"ACTG1",-0.281262047827727,0.211158777562802
"ENSG00000277744",0.598395097265674,0.211264976475205
"ENSG00000297771",-1.3696904588592,0.211282324812142
"PLOD3",-0.132831318065686,0.211289811004887
"ENSG00000308904",-0.604180259263217,0.211308886431496
"NUDT22",0.115672106387126,0.211368392676537
"LINC02043",0.798733188103675,0.211381799898009
"SLF2",-0.080517306392499,0.211510626326155
"AFP",0.195835438014963,0.211595126677741
"LOC101928669",-0.354169151432323,0.211979645904368
"RASAL2-AS1",-0.31771836736047,0.212101903263039
"ENSG00000267185",0.755609887155713,0.212311610550071
"UBAP1",0.106060681218861,0.212422677735421
"PCDHB14",-0.260879482269727,0.212424931770101
"ALDH1L1-AS2",-0.24494628013998,0.212593706994627
"ZBED1",0.119365734758759,0.212620205670123
"ENSG00000287839",0.416271203481205,0.212737170212916
"ENSG00000283228",-0.217541670221259,0.212799702208949
"DDX60L",-0.47498275635562,0.212900799497929
"ENSG00000248554",0.229401336232523,0.21291932527561
"ENSG00000250049",-0.201325777318623,0.21307537541946
"GGTLC3",0.528236478802943,0.213081978000274
"CYP20A1",0.187224597555658,0.213109181823615
"B3GAT1-DT",0.381093402093881,0.213180437670741
"USP11",0.124649478880963,0.213217651017102
"ZNF131",0.0908170054024671,0.213330935484621
"RAB3IP",-0.0914979207337825,0.2133740376931
"CDC14A",-0.155263933568313,0.213797190435592
"KLHDC1",0.568565243894945,0.213830165991345
"ENSG00000278952",0.31446982020095,0.213883725824711
"ENSG00000260645",-0.256640380382894,0.213978639336287
"ZNF266",0.128835041504307,0.213982935264134
"ETFBKMT",-0.310249642901053,0.214089556055422
"ZNF594-DT",-0.427859898256796,0.214167032662206
"DND1",-0.203042186590672,0.214544273285162
"ENSG00000300442",0.359655353637023,0.214549873063132
"ENSG00000274943",0.54827328631561,0.214554674821883
"FAM210A",-0.106040947834708,0.214630053810233
"CD79A",0.613791006408502,0.214804934981239
"IER5L",-0.230898442533735,0.21497081431423
"GINM1",0.116717956547592,0.21507728945318
"ENSG00000279356",0.52619484498095,0.215195966351061
"ZNF284",0.133298567457253,0.215271686560455
"RPL37",-0.174663869853712,0.215351880910534
"SEMA4G",-0.111850409217852,0.215546439708453
"METTL8",-0.0902983926270002,0.215607630360085
"PSTPIP2",0.425137494537652,0.215675564301937
"NPIPB12",-0.101044131877191,0.215687067419649
"CLIC2",0.60556353634722,0.215729089715302
"CAB39",-0.101259948272956,0.215905100780155
"ENSG00000221883",0.275485371683418,0.215912809942087
"SPPL2B",-0.143012611142253,0.216148083943613
"MARCHF9",0.131528754521946,0.216244015603787
"TJP3",-0.349691686578345,0.216426722366915
"COSMOC",-0.31588296705759,0.216669770912618
"TWF2-DT",-0.410322564086084,0.216700052908355
"PCP2",0.36583933351286,0.216905431649986
"DGCR2",-0.124211512593904,0.216968037253789
"TRPV3",-0.592406800738667,0.217013159121627
"ENSG00000197258",0.433423754675734,0.217023027050458
"INO80B-WBP1",1.57367640734072,0.217187745095855
"SCARNA17",0.243150565121488,0.217188568167205
"ZFP69",-0.16380381937381,0.217261745334994
"CAPN10",0.0808246050091439,0.217480234937295
"U2AF1L4",0.167154014174428,0.21753617062965
"F10",-0.0994697538289077,0.217588534794503
"AKR1A1",-0.0728384612746681,0.217637021994225
"GSK3B-DT",0.126839004135814,0.217686016379046
"ENSG00000078319",-1.27885349396399,0.217772061642202
"ENSG00000293751",-0.361577316085668,0.217913240196969
"ATXN2L",0.0988254073474045,0.217957572873294
"ADORA2A",0.131650218517368,0.217978158557095
"CUL5",0.0895709792649898,0.21803614883451
"FHOD1",0.10604033924431,0.218144041382179
"TLDC2",-0.425436067529354,0.218240235263836
"PCCA",0.102839292245453,0.218458359534154
"SLC9A6",-0.148995049757722,0.218547163898633
"MEGF9",0.143609014625435,0.218853785626836
"PPIG",-0.0958729083380668,0.219077912155391
"DUXAP10",0.0741951515196088,0.219190064490185
"FAM200A",-0.137179827830218,0.219488830869796
"TAS2R18P",0.612956883294888,0.21953420450135
"APOA1",0.210272503193783,0.219581321305233
"WASH6P",0.113850110592658,0.219650172579783
"PHF3",0.0756990398199975,0.219796316166968
"COL2A1",0.246022189772812,0.219912210973522
"USP7",0.0881087836770786,0.219940745172258
"ATP6V1A",0.0824080299647139,0.22001093664699
"LRRC37A5P",-0.733113910332485,0.22003459774547
"LOC124903491",0.421113081224242,0.220086660777339
"LPP",0.0727238515367846,0.220139411051076
"NACAD",-0.456503718140681,0.220200219437762
"ENSG00000266918",0.190873760399077,0.220230806066571
"IKBKGP1",-1.05042095870448,0.220313818560532
"TBK1",0.0747507394098864,0.220385680950695
"TOX4",-0.0857613503272572,0.220484267754968
"METTL14-DT",0.251027166278575,0.220543458401698
"ENSG00000289112",0.370241185023914,0.220550603563277
"ENSG00000267868",0.268732503298141,0.220564515528598
"RPS23P8",0.335093341773332,0.221002502309102
"PCDHB10",0.45017032610925,0.221229110214821
"GCATP1",-0.367189793314779,0.221310218701775
"SNHG5",0.0938872902889427,0.221312160887321
"PNLIPRP2",-0.443108473378998,0.221346393504203
"ENSG00000275454",-0.403142681802101,0.22136230173785
"CDNF",0.419761289822378,0.221375758964592
"NIFK-AS1",0.177201702614948,0.221482032755846
"ENSG00000266304",0.269477510402983,0.221501486547809
"ENSG00000296884",0.20550754853495,0.221739816945527
"ENSG00000259738",-0.454097341137194,0.22203565808157
"KBTBD6-DT",0.481961227866078,0.222036426256316
"FAM118B",-0.136213997044519,0.222236626755848
"ENSG00000289520",0.431937634383113,0.222273738260717
"KLHL7",-0.106463745019927,0.222687923911417
"ZHX1",-0.0939548150185798,0.222702860398963
"THEMIS2",0.462307038154345,0.222773879110092
"ENSG00000271327",0.193706148315549,0.222926998890089
"ENSG00000274373",0.26055344859895,0.223084619860814
"EGLN2",0.113802097133014,0.223086350183165
"NUDT19P5",0.437342948299377,0.223089274074335
"ENSG00000266469",-0.372584563747206,0.223090818197728
"ZNF488",-0.558745183602133,0.223125611934577
"LINC02466",0.590127271522033,0.223484541414383
"AGO1",0.079511846904855,0.223500173555826
"CRTAP",-0.0927702620263396,0.223519766528581
"ENSG00000287222",-0.291258805462538,0.223564298976141
"SSTR3",-0.789854739061593,0.223715779982846
"LARP4",0.0846732704062027,0.223731347686687
"SLC25A45",0.167579528732892,0.223804356698049
"KGD4",-0.101936294253259,0.22431232310617
"ENSG00000286050",0.305980794769454,0.224342822698449
"LRPAP1",0.0982289535591515,0.224597706011278
"ENSG00000259993",-0.633161711180436,0.224768206599358
"SLC39A6",-0.111579571040684,0.22476912036405
"ENSG00000293470",-0.159963515679815,0.224857879701221
"ENSG00000291067",0.255589725950544,0.225246290430079
"SPTLC1",0.100380633887252,0.225253338571918
"LOC645967",-0.540520268644182,0.225289929148582
"ENSG00000265888",-0.526902127679761,0.225483676101739
"TRNP1",0.245888968836344,0.225619688743944
"SLC22A11",-0.481175664735822,0.225722511601685
"ENSG00000275092",0.697226983304846,0.226197124829729
"EXOC3",-0.0898376861799476,0.22642193389022
"SOCS5P4",0.528283792315879,0.226455525678286
"LOC101929174",-0.320196431944676,0.226490380547943
"MRPL42",0.0901804107485564,0.226516468207346
"ENSG00000289014",0.518952703959785,0.226522836960773
"PFDN5",-0.118893087093179,0.226566726904941
"PRRC2B",0.0884175098858529,0.226654020746489
"ENSG00000279598",0.558072005422392,0.226764986176256
"ZSWIM3",-0.160972279814701,0.226804187327684
"CTSH",-0.0839741496645556,0.227024830237129
"CASS4",0.439415378681949,0.227079853227947
"ENSG00000277440",-0.463317034669464,0.227202487417558
"ENSG00000286448",-0.435458310993605,0.227225934196119
"ENSG00000275401",-0.538973984708504,0.227467493137666
"FMO4",-0.325056162065918,0.22755499068951
"MOB1A",-0.0780139438688169,0.227600671679907
"NMT1",0.080046251585295,0.227923930733601
"LOC124909377",0.470775485160452,0.228123087155996
"NUTM2B",0.461267917003263,0.228267532041444
"PCDHB6",-0.826227969164001,0.228395181309918
"CELF5",0.192219744601995,0.228511282970737
"TMEM54",-0.380499583892233,0.228743503261666
"SS18L1",0.105074557973538,0.228906114998403
"TRIM21",-0.186039132819033,0.228925985222779
"RGPD8",0.123372281390424,0.228958770955726
"SAPCD2",-0.125069888009284,0.229006624323772
"DMTF1",0.0857531488364663,0.229111074798133
"HNRNPF",-0.0782987357159316,0.229593607005971
"ENSG00000226445",0.396311370349394,0.22961523652202
"ENSG00000299818",0.537621713795422,0.229782499585196
"ENSG00000235454",-0.808110451237485,0.229784130424411
"ENSG00000264853",0.375054640781708,0.229833303342114
"REV3L",0.111283269321858,0.229856632067386
"CHMP4C",0.154581557659112,0.229918481563789
"ENSG00000254154",-0.335860494255204,0.229918840926901
"TNFSF12-TNFSF13",-1.11403523856495,0.230126760675566
"WASL-DT",0.206269333739135,0.230138378458404
"ENSG00000262050",-0.260894730123666,0.230485895332238
"PAFAH1B1",-0.0871879572929248,0.230548147388671
"CEPT1",0.0934522980014316,0.230627488612705
"ENSG00000262332",0.498809592069749,0.230689591252875
"CPT2",-0.150811669629949,0.230727070922829
"RPS15A",-0.105480146474221,0.230805446602888
"EXTL3",-0.107178950420728,0.230832392541066
"TRAF6",-0.127688570205221,0.230939093605168
"ENSG00000289875",0.30618309728228,0.23102750912744
"RPL18AP3",-0.188548816024464,0.231078638804347
"LINC01503",-0.352946281944154,0.231265450469652
"TTC28",0.103323731533716,0.231325457636447
"RPL5P34",0.41714631888506,0.231419642643808
"SERPINA3",0.144024576214232,0.231479571184222
"ENSG00000286964",0.330700442393754,0.23160495244802
"ISYNA1",0.143925703112532,0.231738822961214
"ALKAL2",0.591034837636882,0.231826954078601
"OGDH",-0.0905648524189483,0.231838344067678
"LOC100505942",0.263883353396988,0.231995569714751
"ENSG00000279425",-0.245556295820846,0.232032582070601
"HEATR3",-0.105634619242115,0.232116576114928
"LINC02987",0.146583056346778,0.232199915260139
"ENSG00000226268",-0.500103481020123,0.232349134237612
"ENSG00000237525",0.295357534651303,0.232356317452549
"RBM34",0.15212151594642,0.232498304838238
"MYH9-DT",0.410416178315083,0.23250077957557
"EOLA1-DT",-0.348271957463961,0.232510187087607
"UBR3",0.103730824850108,0.232515170660542
"CRISPLD2",0.687664200905136,0.232665557099607
"PHPT1",-0.0807996174579419,0.232673800967332
"CKLF-CMTM1",-0.610743475203445,0.232846797320648
"EFHC1",-0.0997793400565135,0.232870902118758
"ENSG00000260924",-0.144405850060913,0.232919083117879
"ENSG00000279568",-0.501456156589047,0.232942683044394
"PRRC2C",0.106290641719486,0.233045688249576
"PDPR2P",0.116769904242781,0.233093129207166
"RNF7",0.115558705882613,0.233207574758661
"STAM-DT",-0.212295934790273,0.233394771899689
"ENSG00000300026",-0.653220669987917,0.233434803074333
"RPH3AL",0.129069834998756,0.23346823620452
"IGSF8",0.104004947298722,0.233581687977047
"TSTD2",-0.0768401040935961,0.233582462655482
"ZNF114",-0.251225036589854,0.233864883712911
"TPTEP2-CSNK1E",-0.8786417576778,0.233967931231236
"DCXR-DT",0.347721098369243,0.234036588431541
"ENSG00000239528",-0.524012624800701,0.23405830656173
"SMIM10L1",-0.104100526217856,0.234157263459274
"RPL13P12",0.243200413796147,0.234256767681546
"ZNF516-AS1",0.406768753508399,0.2346338585668
"ENSG00000296802",-0.210616793319759,0.234992320794471
"ENSG00000279865",0.515221251873487,0.235115441923321
"THSD4",0.659645401435144,0.235133471625993
"ATP6V1G1",-0.125288202961228,0.235135562640269
"CKAP4",-0.118279007546721,0.235185086642733
"LINC00910",0.100060184319687,0.235453867145483
"ENSG00000275011",0.351706460652901,0.235548016339686
"GASK1B-AS1",-0.154298821006144,0.235736340341441
"NPIPA5",0.170061009589146,0.235741920248322
"ENSG00000272356",0.155339118275672,0.236254990525122
"ENSG00000274849",-0.346235710346057,0.236322951319075
"NT5M",-0.455273571470945,0.236351345603327
"ENSG00000224418",-0.349486353750604,0.23636291233294
"PIK3R3",-0.158046346982449,0.236463258222152
"LOC105370532",0.387025265585754,0.236487134937037
"ENSG00000264548",0.269647956923322,0.23655132204139
"ENSG00000291142",0.124104465454397,0.23670544512666
"ENSG00000213058",-0.33751556596028,0.236968346286823
"PCYT2",0.087570517581067,0.237152894088047
"TM4SF19-AS1",-0.538497608594844,0.2373365220778
"ENSG00000271380",-0.267875922849005,0.237434195055633
"MAP2K1",0.105822955365455,0.237521087985515
"ALPK2",-0.184232435543511,0.23766867563124
"GRASLND",-0.298742150433471,0.237674511697114
"TOP3B",0.0929005410281601,0.237931282365968
"NFYA",0.0867353615260824,0.238025924029272
"ENSG00000275645",0.466907662832009,0.23818845930591
"ARFGAP2",0.0790730577254221,0.23824899125463
"LINC01342",-0.504697212868947,0.238320743773353
"ENSG00000260197",0.257666730057863,0.238425789611956
"PPT2-EGFL8",-0.19472333227641,0.238590078205986
"ENSG00000259319",-0.556351974043876,0.238715120198171
"TSPYL4",-0.103277896725414,0.238726781774937
"SFT2D3",-0.101939898206711,0.238752891700542
"ENSG00000259924",0.591347721772125,0.238766351682667
"RGPD5",0.427266512228867,0.238857910480619
"LOC105375980",0.601159630965879,0.238907330087184
"ENSG00000233270",-0.445935783726565,0.239010464161079
"ENSG00000260855",0.27799920307568,0.239010520890853
"ENSG00000277369",-0.251563459790618,0.239080312892119
"ENSG00000296380",0.968422475832258,0.239210039184419
"L3MBTL3",0.176106660744314,0.239216892869477
"MLF1",0.390291636547395,0.239315518051792
"ENSG00000289027",-0.921928768037334,0.239348321223218
"ENSG00000280734",0.162514137054224,0.239413203002308
"GNL1",0.0815055878390725,0.239464810170461
"ENSG00000301382",-0.409702091108781,0.239618716732009
"ENSG00000251562",-0.231441011433691,0.239671576484247
"PRR15",-0.108740305457602,0.239794726373054
"ENSG00000310415",0.248962651481053,0.23983693560424
"CDYL2",0.352497487615216,0.239968595517438
"MET",0.103592201947444,0.239978095027509
"ZNF354A",0.14052220287862,0.240003338523864
"SLC6A4",-0.133403250271533,0.240473400301888
"ENSG00000227008",-0.599832028014308,0.240722638042517
"ENSG00000261519",-0.373020257777321,0.240836244947795
"SDHAP3",-0.085199224311626,0.241064165589335
"WNT11",-0.616936923656555,0.24115797948255
"MAP3K7",-0.0710441064534884,0.241175998742823
"MBLAC1",-0.231964475142426,0.241185517968107
"ARHGAP26",0.100661555181023,0.241284614866799
"GCNT3",-0.198101582878805,0.241417862913976
"PDXP",-0.107568535814272,0.241508756520991
"ENSG00000280614",0.438964694078128,0.241626086050676
"ENSG00000280800",0.438964694078128,0.241626086050676
"ENSG00000281181",0.438964694078128,0.241626086050676
"RPL23AP79",-0.778909152008459,0.241883885939107
"TTC36",-0.51791713321248,0.241949947876192
"ZC3H3",-0.0778254025308132,0.242011014886926
"ENSG00000273106",0.580163741264331,0.24216877648708
"LINC01465",-0.554445133811087,0.242375885447949
"MMP3",0.61547243295197,0.242527128185067
"DAB2",0.149824147332549,0.242540679570837
"ENSG00000226200",-0.217233296867974,0.242732026973615
"KCTD9",0.0898626148020613,0.242843537085973
"RELB",0.180312539482173,0.242867769095215
"CCT6B",0.348785854008956,0.242906928636879
"LEPROTL1",0.119170669752443,0.242922949456269
"ASMTL",0.148314128814957,0.243255930112106
"SLC51B",0.182924920500371,0.243308016906649
"ENSG00000289747",0.483784886507169,0.243317394652712
"LARP4B",-0.0729018060884072,0.243413783834707
"SIRT7",-0.0759751918114606,0.24381344142203
"ZNF606",0.109303465157508,0.243816075816333
"ENSG00000290997",0.623804604956234,0.243827363212354
"PDLIM2",0.129649645619657,0.243844955498055
"LOC100421402",0.446472208610255,0.243868879681733
"VKORC1",0.0936547427950692,0.243951965474573
"H1-4",-0.322387327864137,0.243989585016531
"PRKAG2",-0.287195899463524,0.244018883277937
"JADE3",-0.10569026989239,0.244080528743534
"ING5",0.0758033361289865,0.244090906682879
"ENSG00000309998",0.316633279978268,0.244179844181954
"ENSG00000307069",0.410859886076079,0.244225935975334
"ZNF649",-0.230077885032906,0.244261411555398
"ENSG00000304961",0.16465104931261,0.244301852136313
"FAM43A",0.314285536083702,0.244327158961822
"CCDC25",-0.10586105722364,0.244500727811131
"ZNF225-AS1",-0.447239544023118,0.244547537721961
"NDUFA6-DT",-0.283170873922926,0.244681441375349
"ENSG00000296265",-0.31384886847451,0.245000921731358
"ALKBH4",-0.112719785565359,0.245147110782971
"ALMS1P1",0.345307058367047,0.245152526310747
"PDCD7",-0.0712341839226692,0.245339526124301
"ENSG00000280120",0.182522690203767,0.245385999554748
"RBM25",0.111297860601667,0.245455572362733
"ENSG00000287078",0.491724062522564,0.245469660496192
"ITIH1",-0.121030214250524,0.245612826360987
"ENSG00000266910",0.368964767480904,0.245788761955472
"GOLGA8T",-0.614051193913242,0.245943011678299
"RAB7A",0.105432289878931,0.245992770258312
"ENSG00000237436",0.423747059645653,0.24605511207524
"TRAF3IP2",0.173869685744521,0.246065416477493
"FMR1-AS1",0.447857354016125,0.246102819445785
"LYVE1",0.389787907484116,0.246217842436305
"NDUFS1",0.0717640304642819,0.246244281348188
"TRIB1",0.247259038429118,0.246400035781726
"PEMT",-0.103061766168573,0.246527627398694
"ENSG00000225138",0.165035758115967,0.246527919517513
"SH3GL1",0.094633523077578,0.246661157844809
"MFF-DT",-0.288837101219164,0.246769364625109
"ENSG00000269937",0.219095085222648,0.246819372396759
"LAMTOR5",0.118669632948143,0.246920127842803
"ENSG00000214273",-0.435424896551333,0.247081808086823
"SNIP1",0.112143639790663,0.247085020451956
"PCID2",0.0762557829258123,0.24711730882259
"POTEE",-0.431826356655486,0.247487245370719
"ENSG00000257526",-0.461862471588247,0.247580573198403
"PHF20",-0.0882539569813723,0.247598945567964
"BANP",-0.0878676460862802,0.24761832769506
"ENSG00000259001",0.434060945160183,0.247765402439367
"COQ8B",0.116420026603537,0.247939713952424
"BICD2",0.0967670489818441,0.247996698975705
"INTS8",-0.0938098169921609,0.248077107983796
"ZNF14",0.169731541558701,0.248461407350041
"TRADD",-0.128138187204882,0.248804941067201
"FAM157A",0.102922563331249,0.249032400390685
"GGA2",0.0742184907681719,0.249121880167334
"ENSG00000286482",-0.478056213082811,0.249436402562324
"ENSG00000283128",-0.448822570913717,0.249719706197282
"ASB3",0.0883752667095939,0.2498218176262
"INO80",-0.0792799088745343,0.249848048917121
"SH3BGRL2",0.0822996953225958,0.250044659612151
"TOGARAM1",0.109439113217498,0.250052543969101
"PRC1-AS1",0.425142160530694,0.250063789340692
"ENSG00000290082",-0.503439976791265,0.250703441814652
"ENSG00000288934",-0.310796583844541,0.25091307396238
"ENSG00000265800",-0.701264786513964,0.251143045473504
"NDUFA8",-0.104833166488832,0.251360785957691
"EXTL3-AS1",-0.265901827140989,0.251767460913712
"ENSG00000254859",-0.216851851839781,0.251887578244465
"NUDT19",0.148959449466198,0.252310597798846
"ENSG00000262160",0.183533345221268,0.252884930318111
"SYNJ1",0.126295632748995,0.253083322570292
"METTL14",-0.0788531353194065,0.253221890751499
"RAB6A",0.0895937480499418,0.253346575560428
"VRK3",0.123953385553814,0.253498269961896
"LINC01670",0.724823196586912,0.253541080177301
"C16orf95-DT",-0.397966915273633,0.253541839197506
"ENSG00000271789",0.227871087202695,0.253629170995138
"LINC02139",0.54718298856573,0.253659033604918
"RPS9",-0.102549550177184,0.253692914705274
"WDR36",-0.0764395748352965,0.253805111045371
"JAG1",0.125231675345529,0.25383234550154
"ENSG00000274227",0.518336471747948,0.253919507608119
"TXNDC5",-0.097368999256844,0.25422571108658
"CDC37L1",-0.100110953316384,0.254294676185575
"CA5BP1",0.0999058513590458,0.254516808793519
"ENSG00000298285",0.580886166830638,0.254539701563153
"ZNF213-AS1",-0.104351857427586,0.254541370986759
"FBXO10",-0.128923157170534,0.254728814061384
"NPTN",0.101859425684236,0.254875041938815
"LINC02175",0.374157668651965,0.25504781678482
"ENSG00000263020",-0.270116442414359,0.255192455890515
"MED31",0.151617750135434,0.255318598998087
"ROGDI",-0.10164768070831,0.255346502288409
"ESPN",0.122867317447868,0.255416962583771
"SMOX",0.13760722755729,0.25543292792044
"MOCS2",-0.10071305868487,0.255442838247775
"ENSG00000203327",-0.424068359601986,0.255458018415765
"PHLDA2",-0.404504114052548,0.255503298396061
"ENSG00000204584",0.614540374300797,0.255533962775723
"ZNF837",-0.232158930859343,0.255626180441291
"ENSG00000289073",0.26934332030357,0.25583743363577
"EIF5AL1",-0.415719120775926,0.256540337911161
"NOL4L",-0.0689159757074757,0.256586040460384
"ENSG00000293999",0.403861931290843,0.25671692549631
"ZNF461",0.191621078437055,0.257097245462391
"XPOT",-0.0713038510078621,0.257391820234409
"MALRD1",0.131003876813377,0.257400791888537
"ENSG00000267096",0.321578815139894,0.257529498541274
"ENSG00000186301",0.117090023797362,0.257792186153811
"ENSG00000273058",-0.321223953864941,0.257862680494475
"FLJ46284",0.507904716362374,0.258153520233144
"MPG",-0.085710079834353,0.258492933654838
"TTC23L",-0.249888625573793,0.258591269890867
"ENSG00000227398",0.146874700552294,0.258804596807872
"BLTP3A",-0.0736954007662652,0.258937732843609
"ENSG00000272807",0.337426866555558,0.258997479288841
"ENSG00000260367",0.429402836176482,0.259128949223551
"ACVR1",0.12724560482004,0.259240505697993
"PPP1R12A-AS1",-0.254880544359265,0.259370675497651
"STK3",0.130421059855525,0.259404941243703
"ENSG00000265401",-0.607085252009575,0.259632997023909
"DMAC2",-0.103913165444819,0.260049824481873
"SCD",0.135373652994914,0.260159464409164
"ENSG00000293541",0.112349159396588,0.260441565202965
"NUDT3",0.0648816950144954,0.260612140922039
"ENSG00000267629",-0.3850459948339,0.26062175439217
"ENSG00000279348",-0.232227019674259,0.2606675157809
"ABHD18",0.11616519919331,0.26072017948686
"IFI27L2",-0.294280304563326,0.260770599587115
"SERINC5",0.128887555254147,0.260824755227265
"RPS6P25",-0.470082523997947,0.260915847494118
"ENSG00000261766",0.392280561992959,0.261182768665544
"GPRC5A",0.509814338114026,0.261561100686394
"MAPK12",-0.0805742115583848,0.261562685360592
"ATP8B1-AS1",-0.191929834241903,0.261710023908535
"MSRB2",-0.168486046669272,0.261789497258744
"LOC105371730",-0.482454495721592,0.261938359104505
"MLXIPL",-0.179647287140394,0.261953243783395
"PDPK2P",0.833042188571304,0.262275121661384
"ENSG00000306481",0.407947465000744,0.262442228795887
"ENSG00000299164",0.465388640106722,0.262481264273898
"PTPRCAP",0.539426821573631,0.262540161170805
"ENSG00000297268",0.29325283990699,0.262762900145221
"RPL10AP6",-0.443601852562937,0.26278652458884
"MAF",0.134737660075443,0.262865145386463
"TADA3",0.0978296759468128,0.262865235268478
"CZIB",-0.0964973727141856,0.262875902649265
"AGRN",0.127512824445183,0.262910097943632
"ENSG00000303936",0.22456501560619,0.263125515391391
"ENSG00000235655",-0.196292275687888,0.263259178736489
"ENSG00000131152",0.762960188040484,0.26329409311802
"SMNDC1",-0.0809490519650811,0.26353775430672
"DOHH",-0.134416808535136,0.26364567837823
"CD19",0.287822523407755,0.263661493537908
"ENSG00000261067",0.220111770779857,0.263676489984467
"ZNF710",0.0772342680751586,0.263874452692603
"ENSG00000272777",-0.420332385058623,0.26404651771827
"SFRP5",0.658534037215831,0.264112851933589
"TBX6",0.174826966246869,0.264155190729762
"MEIS1",-0.148051723056306,0.264424023537597
"RASSF1-AS1",0.322966733625118,0.264537630822085
"ART5",-0.505299035036226,0.264748435424422
"DLG1",0.0951196582233585,0.264983094083988
"ALB",-0.207155748457469,0.265070798489129
"PATL2",-0.456430395583363,0.265126299338329
"INAFM2",0.122293619621488,0.265221754047434
"C20orf144",0.340283932248268,0.265330317320419
"DNAJA2",0.0941098884962511,0.265428957925791
"HIGD1A",-0.108431237634231,0.265472521758594
"C17orf67",-0.229504519674422,0.265627037769585
"IFI6",0.161207413954968,0.265644511240049
"EBP",0.109570918180445,0.265657450356634
"DUS4L-BCAP29",0.611966987370266,0.265700662504571
"COPS5",-0.0668000079023064,0.265943833481462
"ASB6",-0.0994410537062661,0.266240537551974
"HAS3",-0.279931589846412,0.266318367811813
"EFR3B",0.319844434172612,0.266465908780783
"GLO1",0.0738081156368087,0.266501249192845
"EEF1B2P6",-0.559970675455581,0.266582496055557
"LINC01599",0.281347782174518,0.266586577012234
"ZC2HC1C",-0.229449217621906,0.266708376956923
"PCNX4-DT",-0.224750303721401,0.266775188359571
"MRPL33",-0.106725703098725,0.266910218416376
"CREBZF",0.105615868445331,0.267636457889716
"RPL19P6",-0.394538258653886,0.267727280441179
"ENSG00000279885",-0.334900237281348,0.267783895640909
"MISP",-0.266603843545671,0.267801725039249
"SNAI3-AS1",-0.141590614630264,0.267836547198245
"AHI1-DT",0.338314973502944,0.268023512213634
"ZIC2",0.407617772347956,0.268071000185769
"SRRM5",-0.296671964170828,0.268114942103625
"ENSG00000272173",-0.398694692787381,0.268152297993486
"R3HDM1",-0.0816687905807307,0.268379873101186
"ENSG00000235100",0.127194859626697,0.268380776253041
"PPP1R3C",-0.150490806414911,0.268447335133998
"ENSG00000273275",0.46300470277981,0.268495112633428
"MRPL54",-0.125965507801286,0.268704385192405
"AREL1",-0.0765953251395955,0.268958881393795
"ENSG00000288885",-0.166254667465162,0.269010121914203
"LOC100505985",-0.236910531557649,0.269119089195019
"OSGEPL1-AS1",-0.332180402630343,0.269303902597636
"ST6GAL1",-0.111278521719581,0.269340598593677
"RPL37P19",0.662421284503217,0.269581329448685
"EPN1",0.112902786507349,0.269657950190363
"UBE3B",-0.0934779392201176,0.270061859004613
"COL26A1",0.199540364104933,0.270162140928857
"ENSG00000263809",0.611036880058973,0.270205422693079
"ZBTB43",0.0917505655834465,0.270262549232525
"PIGH",-0.0966724730738353,0.270266111588044
"BEST4",-0.169224679531168,0.270269732923306
"MOV10L1",0.640606261959227,0.27051597012523
"ENSG00000234043",0.321109263093042,0.270661599828518
"SNHG25",-0.191945523985614,0.270668775441935
"H2AC17",-0.319492106191569,0.270826015595513
"ENSG00000287515",1.22406639391488,0.270834535101613
"ENSG00000303069",-0.340671275386435,0.270849692523705
"CACNB4",-0.243329637556817,0.270976657843672
"CCDC91",0.118027134489389,0.271183691560218
"PLS1",-0.126985234781003,0.271214285730147
"C10orf126",0.572001917622233,0.271381739439683
"NCBP3",-0.0747858668396367,0.271475579383685
"IQCJ-SCHIP1",-1.06818729347892,0.271509481210928
"ENSG00000273628",-0.452587884269128,0.271544407397423
"PYROXD2",-0.194508511274811,0.271581535208113
"ZNF783",0.125805730276665,0.271587545346271
"CRKL",0.0912681236655015,0.271661662842155
"MLF2",0.0823683898312236,0.271828202507932
"ZNF317",0.0815496003393669,0.272315456484072
"MACO1",0.0931831036745959,0.272469944258588
"GADD45A",-0.085684975889491,0.272624345108525
"PLEKHG6",-0.170858958251268,0.272713209933577
"CHKB",-0.0826593851580087,0.272824544407285
"ASAH1",-0.0868709269070002,0.27339245042053
"CEP135",-0.175270979035197,0.273534571466876
"APPL1",-0.0771313318193791,0.273552106972117
"HNRNPUL2",0.0808437087344406,0.273670174316796
"ACSM2A",-0.291917581260091,0.273684128500959
"USP3-AS1",-0.249298942478181,0.273714739328359
"ELOB",-0.120445491647659,0.273754835118388
"SCAF11",-0.0634624894464232,0.273756703779199
"ASH2L",-0.0723160865669879,0.273852380779916
"SIK2",-0.0956198331025011,0.274207356919227
"ENSG00000290051",0.256423481056118,0.274264856456242
"ENSG00000279474",-0.367901101449849,0.274423443037366
"ZNF672",-0.0947213869221647,0.274670739064614
"ENSG00000225905",-0.344644724874497,0.274710072506708
"PHF11",-0.0984112445463347,0.274799099614716
"MIR210HG",0.185476196312411,0.275510294587814
"LOC101929200",0.238805863784721,0.275915253105053
"LOC105370534",0.54462262420337,0.276010720584912
"TSSC4",0.119512118139358,0.276039927847285
"TPM4",0.164056671164309,0.276201208880428
"SLX1B-SULT1A4",-0.208134047083496,0.276264550548302
"NFE2L3",-0.185855578340968,0.27638429712373
"PABIR3",0.213993141549985,0.276444630902771
"PPP1CC",0.0830979867347164,0.276498298631141
"IL34",-0.248403706114541,0.276507055369599
"C12orf57",0.115911173152458,0.276859238599454
"ENSG00000285669",0.239918104576121,0.276910493514575
"ENSG00000185641",-0.27276252040091,0.277136653806959
"SLCO4C1",0.121578816819904,0.277494450366818
"ENSG00000261659",0.236060024726266,0.277708326252931
"BORCS5",-0.17254646771898,0.277790344540014
"MCPH1-DT",-0.170613887008176,0.277873660966187
"ENSG00000307927",-0.422914741509324,0.278431251322459
"RTN4",0.0875045249395547,0.279068126026354
"LARP7",0.0905382981141156,0.27908416564362
"UBE2R2",0.0762710080604765,0.279106941008641
"ENSG00000272574",0.567851719243837,0.279209972275694
"GATM",0.190391878599188,0.279221082176579
"CHST3",0.132889908417546,0.279387051044187
"CSNK2A1",-0.0713606314540058,0.279536981722263
"ENSG00000260267",-0.168191995774247,0.279558334895872
"BUD31",-0.107126734993351,0.279700060773489
"ENSG00000273175",-0.509281970632917,0.280001038263388
"RPS11",0.124654540615164,0.280042031358113
"EPM2A-DT",-0.290425478111832,0.280397766342327
"ENSG00000289154",-0.170010547026315,0.280415344202489
"RBPMS-AS1",-0.247659233893972,0.28068699528064
"ENSG00000260417",-0.284224232394243,0.280879556302291
"ARLN",-0.116724689615969,0.280978402778769
"NR3C2",-0.685035026793009,0.281012860243394
"TAP1",0.117648835834151,0.281029713714562
"LOC100289333",-0.181108599406939,0.281092686596568
"YBEY",0.159661378758993,0.281427653953452
"CIMAP1D",-0.410004802112676,0.281459170094943
"FAM117A",0.111238816282245,0.281704889862045
"ZNF253",-0.123951554116943,0.281779964732601
"STK35",-0.0764765783439855,0.28190792778796
"LAMA5",-0.148141030868074,0.282050952151929
"FAM24B-CUZD1",-1.14393977780516,0.282291674174234
"TSACC",-0.299090973848371,0.282400176242244
"ENSG00000265967",0.570920361742344,0.282437470187583
"BTBD19",0.119789627999629,0.282523807479407
"ENSG00000257921",-0.736735974769569,0.282694507841281
"ENSG00000300114",-0.324454158440639,0.28277336661842
"LIPT2",-0.226680497293632,0.283091544224645
"ENSG00000261485",0.174260332262129,0.283230484959342
"ENSG00000179967",0.37150328119963,0.283391797757139
"ENSG00000278829",0.448877287046576,0.283587013387126
"SLC17A2",0.127313067996667,0.283662430185015
"AMHR2",-0.513965503249665,0.283684514720997
"ABCB9",0.140536835235696,0.283881071357684
"ENSG00000263063",-0.41825449445799,0.283974730307072
"AKR7L",0.313046475870308,0.284020415432971
"SEC23IP",0.0732825608330825,0.284079609768552
"TAS2R19",0.646469317875901,0.284121809979091
"ENSG00000285658",0.43490306820643,0.284212057173975
"ST7-OT4",0.475956878923966,0.284219128215493
"ADPRM",-0.211140307127355,0.284286777839617
"ENSG00000293678",0.494329219217598,0.284345182825758
"FZD5",0.107393233054814,0.28443548566068
"TREX1",-0.611711162650606,0.284948491449376
"ENSG00000308327",-0.452386705300129,0.285313344766191
"BAX",0.0800845842921994,0.28535525987852
"OTULIN",-0.0851278210767315,0.285609333031798
"IER3IP1",0.0825317134952566,0.285665143231928
"ENSG00000289207",0.428190841098845,0.285859596194466
"LOC105370777",-0.428873240662161,0.285870972780221
"ENSG00000263826",0.461147010141618,0.285895279789711
"TMEM168",0.145560645899702,0.285910544352526
"ENSG00000295602",0.238762975723366,0.285928377191666
"ZNF514",-0.100673521770469,0.286109521719765
"ENSG00000274265",0.183828018453405,0.286185848791515
"RELN",-0.164988590592805,0.286633228927639
"ENSG00000227615",-0.285743389122062,0.286760837953131
"SENP2",0.0817935483836471,0.287019084905395
"NFE2",0.250974653706113,0.287238973461888
"ENSG00000291094",0.771295663071882,0.287368123242988
"UXS1",-0.0768187234955752,0.287521998967579
"RPL14",0.115761344358047,0.287567544175663
"ATP8B5P",0.338681305333566,0.287689733390592
"ENSG00000234156",0.568625761194491,0.287736476979012
"NDRG4",0.207852437640648,0.287766351405781
"ENSG00000279069",-0.668040883066334,0.287822703809196
"ENSG00000290544",-0.396507608660329,0.287854610009857
"CCN1",-0.248676267646899,0.288142574438733
"GRIN2D",0.278473087145382,0.288376015882533
"NOXRED1",0.256410979956491,0.28871717734733
"GRSF1",-0.0834340357358749,0.289031414311938
"PCOLCE2",-0.0774664078260919,0.289046965500712
"C2orf68",-0.0768455992114369,0.289413436120177
"ENSG00000258359",0.387672444502348,0.289432004919219
"PAPSS2",0.617577891838606,0.290161024737492
"ZNF429",-0.126204280347754,0.290256402210949
"RBM27",0.073269851071571,0.290395729897129
"HGFAC",-0.114085531380618,0.29062352988373
"DGKZP1",-0.424961207340007,0.290777156721786
"ENSG00000304945",0.413001407512828,0.290779768379335
"ENTPD8",0.279159496627744,0.290939628064953
"RPL7AP43",-0.618274390035414,0.291195945442631
"SCARNA2",-0.273995457397905,0.291219345966075
"ENSG00000264112",0.116112675543502,0.291431338183651
"RNF113A",0.138928510378619,0.29187569590063
"CHRNA7",-0.451141810221834,0.292282489698351
"ENSG00000271780",-0.15876245224996,0.292456478148189
"HCAR2",0.266830869903671,0.292477550357696
"GLYR1P1",0.589303444566719,0.292682949114157
"LITAF",-0.0860855824691114,0.293013182559133
"REEP3",0.0846940854280777,0.293402453263175
"PARP11",-0.162312898858319,0.29349514134802
"NRARP",-0.503758031368984,0.293628592498791
"FBLN7",0.238768726960525,0.293799764432275
"RPS20P33",0.389197982778376,0.293928020892624
"LOC730098",-0.351140273195867,0.293957341955735
"TPI1",-0.150315723784766,0.294051378241277
"LIN7A",-0.0964238145493714,0.294182201606708
"ZNF438",0.200862154778403,0.294495612979183
"SNX3",-0.0792234861545388,0.294629256964672
"ENSG00000289182",0.282747416055575,0.294659130868365
"LOC124903667",-0.112987142434399,0.294743506857119
"NLGN4Y",-0.128813140893211,0.294768770768228
"PHLDB3",0.0909957413380803,0.294837705060463
"ENSG00000289177",-0.119995017810454,0.295076354697813
"CCDC74B",0.389255974651566,0.295548327034074
"LMBRD1",-0.101202820366283,0.295627032140767
"ENSG00000305635",-0.199550305834413,0.295775180117884
"ENSG00000289126",0.412626683722443,0.295777669810066
"ENSG00000289565",0.822315189870878,0.296007968688719
"ENSG00000261770",-0.145621202779127,0.296348901036406
"KRTCAP2",0.0881958220904681,0.296356200829481
"PEX5",0.0670640186093783,0.296417242736753
"MICU3",0.151363923433149,0.296472876282003
"GARS1",0.0962721182620726,0.296496939780018
"SLC4A2",0.0905618545373974,0.296557602379678
"ILVBL",-0.120218000723071,0.296593822890985
"ZNF236-DT",0.333975881078615,0.296633425160701
"CBX4",0.0651980321455141,0.296654684159569
"RPL5P4",0.356630525263917,0.296696416283539
"LRRC61",-0.126617454755931,0.296795685708482
"FAR1",-0.15240908379799,0.297029754808481
"ACTR8",0.0703342266608746,0.297106862124755
"GLS2",0.156549072987472,0.297271832931364
"NPTN-IT1",0.33371747614391,0.297618424152067
"MARCHF5",0.0784078912263503,0.297831820459691
"CHD1",-0.0660085788101435,0.298084146545679
"MZT1",0.077663705725021,0.298225507242779
"RPL15",-0.0974097917430244,0.298278619297426
"LCMT1-AS1",0.386514366299331,0.298363639922412
"ENSG00000234219",0.416712302332695,0.299106325084223
"ENSG00000263257",0.437557474321931,0.299267904765161
"ENSG00000293013",0.324758538350641,0.299567588188157
"ENSG00000275936",0.484791273090945,0.299837185700069
"ENSG00000289059",-0.378616316315587,0.300019283960771
"CDC42EP5",0.278633403279174,0.300302245957695
"BAP1",-0.0696933865556432,0.300380160053503
"LNPK",0.0702733377508638,0.300605538451445
"ENSG00000285851",0.316431506334984,0.30069129852922
"RPN2",0.0897274529121269,0.301035010467542
"HIKESHI",0.0804302454530577,0.301262375351115
"GPATCH3",-0.0979189921998718,0.301396952825659
"MYT1",0.305419577053568,0.301732385662412
"ENSG00000226465",0.11805997503369,0.301779121740729
"ZNF280D",0.100714561325133,0.302003111113307
"ENSG00000183506",-0.235233989952268,0.30212391122353
"COX17",-0.118064147940027,0.302202403676974
"ENSG00000267199",-0.168299219229777,0.302209652693544
"IL20RB",-0.307452617009699,0.302365984946899
"ENSG00000285184",-0.169049148962056,0.302444975052716
"CPVL-AS2",0.201476558888513,0.302867044142496
"SREBF1",0.123736192067497,0.303035459023845
"ZBTB7B",-0.106117653313796,0.30322554084541
"ECHDC1",-0.0696305994590581,0.303391525670371
"MACF1",0.0710385698450213,0.303406740884685
"SELENOS",0.101407173995384,0.30346925491719
"TP53BP1",-0.0862980911587346,0.303506419537931
"AMMECR1L",0.0672933089980653,0.303518517309264
"ENSG00000257264",-0.464844863882146,0.303545698666052
"ENSG00000229591",0.535507645229811,0.30359236300523
"SKAP2",0.0757746083407233,0.303899785494117
"ENSG00000287042",-0.272826995657479,0.304191148214128
"KIF2C",-0.072227208248636,0.30425422502277
"CCDC144NL",0.156394698770455,0.304272904345228
"ENSG00000289015",0.493856932152803,0.304284987678195
"ENSG00000262362",0.379235249259141,0.304350428261699
"FRMPD2",0.393487609172931,0.30438031841009
"NPSR1-AS1",-0.115723760006447,0.30450066345861
"AMMECR1",0.114716636580539,0.304561662723384
"ENSG00000244300",0.157083687484396,0.304660289126676
"PCDHGA8",-0.396154108870117,0.305028985250273
"ENSG00000237757",0.481912226927242,0.305031289289865
"ATXN2-AS",-0.251034190972444,0.3051799589074
"TGIF2-RAB5IF",0.858332246139797,0.305232292342902
"SASS6",-0.0932260505803145,0.305253145423177
"ENSG00000304309",0.080226668998947,0.305542349073647
"PAXBP1-AS1",-0.246184928248012,0.305597473562826
"ALKBH7",0.0863212028288518,0.305651635824637
"ENSG00000279789",-0.163212635282046,0.305704208939136
"ENSG00000293919",0.116759182961537,0.305753325495626
"LOC100310756",-0.137258158914904,0.306107506665327
"MYLK-AS1",-0.160117456556221,0.306137871066297
"JAKMIP2",-0.15747206890999,0.306369853699004
"ASB13",-0.127196370962272,0.306443858179368
"FRRS1L",-0.233374493404795,0.306520584276469
"ABCA4",-0.298310163084654,0.306656839785329
"ARHGAP39",-0.0930524387107341,0.307131862025528
"CNPY4",-0.121865470427353,0.307231957464055
"DDRGK1",-0.0811700494353857,0.307281323972003
"ENSG00000261147",-0.667507561981608,0.307405186844902
"ENSG00000276980",-0.227013758829881,0.307480956434345
"TM2D1",0.0983181506702617,0.307488253769421
"ENSG00000299759",0.335183331314068,0.307540497782275
"IKBKE",0.146110711509152,0.307721517604418
"PARD6B",0.0977140769022104,0.30808928641518
"NRTN",0.164004127795647,0.308300137613173
"DUSP12",-0.0850729624532986,0.308324150257288
"SCART1",0.132846476428226,0.30875687133315
"GANC",0.0783173778514282,0.30923055715581
"IGFBP7",-0.471486245542819,0.309568889665779
"FAM72B",0.106416565007295,0.30969560238704
"PTRH2",0.0923635344903627,0.309730065885113
"ARID3B",0.114962280160413,0.309797385661641
"GPR176",0.66974013073424,0.309867932705548
"LYRM9",-0.358204578628528,0.309956562644829
"RASSF1",0.096180330003298,0.309979113035485
"PI4KAP1",0.10180378448136,0.31028668725999
"SESN2",0.101001688854295,0.310561584768141
"NHSL3",-0.0869194746249595,0.31060432154268
"ENSG00000261584",0.17695881832213,0.310678208700939
"FOXD4",0.255098654520343,0.310903118621633
"SCP2",0.0676972434438522,0.311082358685362
"CERCAM",-0.101526173795251,0.311263284127025
"ENSG00000256443",-0.337055125949844,0.311590896366462
"ENSG00000237640",0.261244400195924,0.312112068079656
"ENSG00000297072",-0.497330985419123,0.312140970446885
"FAM199X",0.080974863755775,0.312178975227664
"NIPBL-DT",0.0779442920177724,0.312281769571233
"ZNF300",-0.145018485749531,0.312283061661149
"CCDC88A",0.0988781022454836,0.312487822156483
"LRRC41",0.0678557817672709,0.312679551465326
"RAF1",0.066168329296174,0.312757591396198
"SCARNA9",-0.220482115779525,0.312868873330547
"MT-ND5",0.250189554683169,0.312929035778988
"SREK1",-0.0771086542539829,0.312968037544808
"DYNLL1",-0.122630787566095,0.313092593781043
"ZNF26",-0.097836296538613,0.313368553777884
"GLUD1P2",-0.184203549888014,0.313627940907798
"SPHK2",-0.0811725748245025,0.31369002739651
"GHRLOS",0.14190438141792,0.313697673478738
"ACYP1",-0.120783291963822,0.313772079863909
"ENSG00000302769",0.244971499463741,0.313932621658127
"ENSG00000308279",0.449401935641433,0.313949150558527
"TOMM70",-0.0695517662376293,0.313971912549788
"COPE",-0.0988650269393337,0.314320135747185
"ENSG00000266783",0.438560563899302,0.314439463861871
"RPN1",-0.0980545011151566,0.314506055186762
"VNN1",0.287659124224739,0.314715179364882
"KLF10",0.0986035706505937,0.314804790171987
"OAS1",-0.188699916108653,0.314955885481371
"TAF1",0.0887601174435296,0.315459288744029
"TACR1-AS1",-0.192947685193788,0.316349348413936
"NDUFS2",0.072956312941892,0.316611234466532
"PTHLH",-0.85457723400425,0.316673552619977
"ENSG00000267152",0.208872292635641,0.317133240885585
"ENSG00000111788",-0.13551372184032,0.31716405887353
"ENSG00000234636",-0.606234372279237,0.317196141358389
"HEATR5A-DT",0.279986035726735,0.317546727971634
"TMX2",-0.0800614277395833,0.317662176117761
"DYNC1I2P1",-0.331835254001934,0.317979069885111
"TK2",0.123770785634407,0.318129702775814
"HSPB6",0.382026327418317,0.318356403353598
"TMEM50B",-0.0900860860258583,0.318536563090953
"ENSG00000289091",-0.349823705930113,0.318572933819844
"ABCF1",-0.0726066706591645,0.318631482840597
"ZNF709",0.163045248359801,0.318644385231675
"UNC119B",-0.124621496694283,0.318728192741864
"LINC01139",0.296806568787867,0.319477835271286
"TRMT10B",-0.117412767718923,0.319592440442841
"LDHD",-0.161184103217596,0.319641216638299
"ENSG00000304057",-0.60322471198147,0.319844400016916
"FOXH1",0.380594340368632,0.3198875254888
"XNDC1N-ZNF705EP-ALG1L9P",-0.437265298229938,0.319992947246957
"TUBB6",-0.321568652058673,0.320381453304767
"CBLL1-AS1",0.258489806254706,0.320460258394421
"ENSG00000273139",-0.34052558468064,0.320613171996604
"AEBP2",-0.064517126073603,0.320687717850468
"ENSG00000237017",0.281102789446612,0.320699838853118
"CCDC85C",0.0772590396941717,0.320733749824785
"EMID1",-0.426175483286525,0.320776939042202
"PPM1L",0.271674533880696,0.32086673763603
"RPS20",-0.101490337609048,0.320874891149376
"LENG8-AS1",-0.151655927540895,0.321005026860545
"CTDNEP1",-0.0677735064446357,0.321153150941649
"DGKQ",0.0938124859509168,0.321160038711893
"LOC124904001",-0.300022752514235,0.321754875618061
"TET3",0.0625657433501777,0.321784523541784
"HERC2",0.086226780275069,0.322434392935345
"ENSG00000236814",-0.380400976847157,0.322763825091673
"ENSG00000280099",0.166094296248932,0.322795210714841
"ENSG00000293171",0.518042547467425,0.322824847970976
"SLC35A3",0.0976531945282942,0.323121954106552
"HSPA2",-0.350125624688256,0.323193507795624
"ENSG00000276148",0.584577338375923,0.323408273336725
"ANXA11",-0.083947587871916,0.323653949821511
"JPX",-0.077964203787195,0.323674226947175
"ESYT2",0.0663904271829156,0.323817847964967
"TXNL4B",-0.0933668739981442,0.32384413719881
"HSD17B6",0.248952397841077,0.323992206931821
"ZNF688",-0.142015366035104,0.324152505490979
"DDN",0.227578501448111,0.324200666318599
"LRRC75B",0.0901545035170567,0.324310482534735
"RNY1",0.499660357759525,0.324334027073801
"ENSG00000286787",0.364696485864279,0.324379127567097
"OR4F3",-0.646056494323068,0.324458448606082
"ACSS3",0.0599153869671632,0.324897388694337
"SLC7A11",0.129346223651991,0.325180874972617
"NOTCH4",-0.312818894381475,0.325720365820489
"FOXJ2",0.091153111055211,0.325817469950369
"KICS2",-0.140662599994901,0.32584824326643
"ENSG00000261172",-0.496544789223829,0.325855095699887
"ENSG00000274421",0.538353790414258,0.325863698601571
"IL6ST",0.0804796329875136,0.326001618094068
"MEN1",0.0703294518318789,0.326096754133778
"MTG1",0.0776055258610455,0.32651881575665
"ENSG00000259080",-0.442060167514046,0.326636311091412
"DGKK",0.132890611074127,0.326650451613779
"LOC105374263",0.187497387120342,0.327030997870076
"PRR15L",-0.332571048708154,0.327514986277005
"PLXNA1",0.0650012736449522,0.327539125971953
"ANKRD28",0.0791679379719265,0.3275634613893
"BRK1",-0.0731580785741269,0.327611066462472
"OSBPL6",-0.538550687927349,0.32765585996446
"SAP30L-AS1",-0.154296261882183,0.327840398497354
"ENSG00000296775",0.207615310186841,0.327950579745212
"FLT3LG",0.196283956375178,0.328271649766531
"SLC12A8",0.324803179439221,0.328664614377568
"ENSG00000289701",-0.106391279393084,0.328678311555656
"ENSG00000304287",0.318373550250773,0.328830031472083
"ENSG00000304068",-0.356702097699097,0.329000598870975
"CMTR1",-0.0686266949184216,0.329086171395475
"LSM2",-0.0981196088062993,0.329626333673237
"SNORA63",0.39517700620916,0.329821861345994
"HSD17B14",-0.395869398264867,0.329916210477824
"ENSG00000270012",0.123048205258639,0.330156571537563
"ENSG00000283515",-1.28192131419614,0.330270421980933
"TMEM74B",0.136397048263734,0.330392516522008
"HDGF",-0.0882919869074204,0.330434172086225
"ENSG00000267385",0.341745817436209,0.33047377288853
"SNRNP35",0.0690337246115912,0.330671192611247
"PIP4K2C",0.0925882803382349,0.330864865929674
"WDR38",0.507869668760831,0.33098337579948
"TAS1R1",-0.208706340540152,0.331202978069066
"ZNF552",-0.0982447328101953,0.331376576606115
"CLYBL",-0.107396254054079,0.331579525681479
"ERGIC3",-0.0647216827494689,0.331778245889125
"FCGRT",-0.102501869601712,0.331794897836648
"EIF3A",-0.0736053604370397,0.331924157967251
"ENSG00000305025",0.416440362585803,0.331993534909399
"RAD54B",0.085639536304713,0.332221873500594
"ENSG00000290569",0.496477141300808,0.332225164306032
"RPS2P14",-0.271999870369095,0.332249941364283
"FAM53A",-0.235267652243924,0.33235800391438
"APBA2",0.22450419767122,0.332452599223153
"SMARCAD1",0.0624114148510924,0.33247968964923
"P2RY6",-0.474238517324377,0.332986894395598
"COLEC11",0.138514320019111,0.333129553748459
"ENSG00000251550",-0.379601158558084,0.333346103801559
"PPIP5K2",-0.0748149923452068,0.333354783426086
"RBCK1",-0.0773432645843588,0.333359857182476
"TTLL1-AS1",0.39633009899595,0.33346936093879
"RC3H1-DT",-0.469796212595443,0.333619943568507
"PILRB",0.0981868041358077,0.333670691929902
"SLC25A26",0.0829292833946928,0.334187741090429
"ENSG00000248161",-0.334119437704606,0.334385007247383
"DUSP14",0.0960376476921644,0.334421537993648
"DYRK3",-0.298631462260348,0.334824739079295
"SLC25A48",-0.572883423589708,0.335242163144422
"ENSG00000306280",0.270287028398531,0.335389520548219
"RNF130",0.0632747031347936,0.335469529122524
"ENSG00000253341",-0.436608851182971,0.335550931701208
"LINC02798",-0.331407646226375,0.335786162628276
"IZUMO1",-0.387415634102044,0.335879322235143
"LOC613038",-0.518599196948956,0.335906187360749
"PDK3",0.0913561924172082,0.336108034996409
"ETNPPL",-0.117513560569458,0.336170844349453
"UBE2E3",-0.0900020027186221,0.336204236467852
"LINC00921",0.180053397284355,0.336344256234703
"ENSG00000272273",0.225700087842159,0.336347904959455
"ZSCAN20",-0.114157972483823,0.3365838751332
"SH3KBP1",0.114547445257223,0.336648682692924
"LINC00954",0.332902587939565,0.336650627007467
"ZNF23",0.0753525658341248,0.336792784203065
"ENSG00000278202",-0.344149457211132,0.337273139836001
"SLC24A1",0.0830941442533739,0.337457091408406
"NKIRAS1",-0.125399923923175,0.33752143681883
"ENSG00000123870",0.782354126564538,0.337531209629107
"TRIM56",0.0898116471810599,0.337636914493469
"SYNE3",-0.165876092616203,0.337643375598206
"ENSG00000275236",0.400877760533987,0.337713116493086
"RPL34-DT",0.397300017332549,0.337996213367854
"CLHC1",-0.0970502038649325,0.338302353555144
"KCTD13",-0.0860579176732704,0.338395651729421
"TMED10",-0.0775967813091125,0.33842717454362
"PPP2R5E",-0.0693672340696774,0.33851559759939
"LOC105371354",-0.370269788625496,0.338557288223539
"ENSG00000224950",-0.319362141258381,0.338762388276461
"ENSG00000280161",-0.330627503298139,0.338849261630597
"NT5C3A",-0.0806643026822609,0.338877121289971
"ZFP82",0.113194876481113,0.338935237241005
"ENSG00000272084",0.250692323042281,0.338970397978326
"KIAA1328",0.119413900645278,0.339190927143792
"ARSK",-0.125701491561981,0.339356215753933
"ENSG00000224858",-0.332270041600742,0.339397958749734
"RFNG",-0.10398731468654,0.339476896368806
"ARHGEF2-AS2",-0.248951383993618,0.339594104316433
"FYCO1",-0.0975255573672913,0.339714257103339
"ENSG00000258811",0.270153693007327,0.339798669837093
"ZNF329",0.113999564289757,0.339986480805168
"BMS1P4-AGAP5",-0.502678372236747,0.340001281626758
"SRA1",-0.0941670469025535,0.340230151496978
"ENSG00000231154",0.279179426187336,0.340315929034733
"RP9P",0.121547357778674,0.340479833582617
"CFAP184",-0.292918632646688,0.340579119966012
"TSPAN3",-0.0722113059657894,0.340602977173221
"SIAH1",0.0638363426065754,0.340654903242036
"TAF5",-0.095319364177854,0.340673990250206
"KRBOX5",-0.0933459973600134,0.34076102373665
"ENSG00000288998",0.462941917017924,0.340838141995254
"ENSG00000289937",-0.384610687468716,0.340954523722929
"ABHD17B",0.087864894122715,0.341312429850873
"PLPP3",0.1399692595628,0.341542206387193
"ENSG00000275468",-0.435122390087447,0.341676437508708
"CDIPT",-0.076437662470354,0.34170098272881
"ENSG00000288937",0.269146894076008,0.341846196965331
"CCZ1",0.0694465767983698,0.341946088772702
"PROS1",0.0708914286407476,0.342256265396662
"MMP11",0.0944620558280453,0.342315675223015
"ENSG00000305437",-0.346250844246222,0.342959245866531
"MAN2A1",0.0934111812214754,0.343157897846304
"ATP13A2",0.0654161187024564,0.343290250724325
"AMBP",-0.0938727640311672,0.343535409657605
"TMEM39B",0.0886788738086383,0.343649378945685
"ARHGEF18",0.0747807336328109,0.344136953512151
"WTAP",0.0532921040826721,0.344168914894143
"ELMOD3",-0.0979666506639526,0.344300754773677
"ENSG00000273155",-0.514939462439249,0.34441919635329
"CCNB1IP1",-0.0585791149517044,0.344592457159043
"ENSG00000232931",-0.149999269169108,0.345048938845459
"TTYH1",0.234726311716118,0.345060926790791
"LRRC70",0.590738157749147,0.345218912797843
"ENSG00000225850",0.419050324112443,0.345293427786458
"ENSG00000265303",-0.3510755084436,0.345310775789011
"ENSG00000262580",-0.123858135720329,0.345440952938653
"ENSG00000260643",-0.16880175417226,0.345466239049654
"ARMH3",-0.0900079453203588,0.345560447652518
"LOC727751",0.107532117895185,0.34556602024164
"LINC02008",-0.153212582243009,0.345733137116473
"EPM2AIP1",-0.0722575123318408,0.345840675565422
"OFD1",0.0818176830386032,0.345956980282948
"ENSG00000285901",-0.921160147698305,0.346131452617542
"ENSG00000285238",-0.523184996154081,0.346174779117583
"RAVER1",-0.0708132674975612,0.346225198459043
"ENSG00000234709",0.264168690021295,0.346404956330683
"SRRM2",0.0928521058100715,0.346449534921488
"FMC1",0.117172266894973,0.34656436534122
"ENSG00000176868",-0.308394300156517,0.346607918241185
"ENSG00000254860",-0.112871664231558,0.346641384935809
"ENSG00000287707",0.32318221299204,0.347054793276294
"PTK7",-0.097160247776329,0.347285656443601
"ENSG00000237264",-0.543528904385365,0.34756791950525
"ENSG00000282988",0.596885811646723,0.347820515165392
"LINC01101",-0.284435518793465,0.348085255005112
"CIDEB",-0.106816446523224,0.348190929000062
"RNY3",0.565774782400676,0.348349426591866
"TRAF5",0.179703514359847,0.34878217267241
"ALG14",-0.0840041001660131,0.348836920401151
"ENSG00000306718",0.200879244877761,0.348840616589204
"RNFT1",0.0640470612647248,0.34899736704276
"ENSG00000272518",0.293308724265237,0.34925244311641
"C1R",-0.171432561562202,0.349256361054818
"ROBO1",0.0711048681668498,0.34943644457879
"SLC30A6-DT",-0.244996541149545,0.349775026084928
"NKAP",-0.0924799397284099,0.349937035618889
"ZFAND4",-0.13151773028232,0.350137157735046
"POLR2J2",-0.175266079451368,0.350235099327626
"PKHD1",-0.399281880243233,0.350261905578485
"AGPAT3",0.071226775306365,0.350268046240729
"HDAC4-AS1",-0.349644049256159,0.350325393397078
"DHX29",-0.064221634039355,0.350422227724995
"MLLT11",0.32593666723208,0.351265034228527
"PKIG",-0.0876373872955233,0.351538927219716
"DMWD",-0.0871465381124897,0.351577488475566
"MRPL38",-0.060137871733866,0.351978271652379
"LRRC69",0.411821549689149,0.352054740274413
"STAG3L5P",0.0664617837695006,0.352240472004824
"ZDHHC11B",0.271319294789414,0.352277586823602
"ENSG00000275485",-0.432560594794728,0.352564326945203
"ENSG00000266371",0.332684010061829,0.352584798267617
"ENSG00000266904",0.262244826498965,0.352790500838606
"IL2RG",0.273780911021086,0.353046030835848
"PRAME",-0.256093734431572,0.353341863888772
"ENSG00000269054",-0.362416559863597,0.353524149346659
"SOX4",-0.196034326708979,0.353577949322886
"HUNK",0.269967924177229,0.353617157649982
"ENSG00000263535",-0.197871988689203,0.353671679452509
"ENSG00000242798",0.332696090797023,0.353786046205466
"ENSG00000308762",-0.39497591092183,0.353796156978019
"MYH9",-0.0671978470809954,0.354401356945779
"EIF3H",0.0957205901915922,0.354491455132611
"CLTA",-0.1064605217945,0.354491956997579
"TMEM128",-0.0908356211019274,0.354569962584121
"CLN5",-0.0886296484603937,0.354608072777199
"ADD3",0.0595945175674618,0.35488797195018
"LOC105370941",-0.320652081040668,0.355080472528037
"GP2",0.317290486929798,0.35532302804016
"ZNF229",0.328028605850615,0.35550571352582
"LOC105369167",0.216587598263445,0.355656587886603
"BICC1",-0.27840544687455,0.356653278639225
"PRKAG1",-0.0668182968875522,0.356702316159865
"ANO9",0.12197390650868,0.356715185733296
"ZNF254",0.107532841151774,0.356882218467949
"UQCRFS1",-0.0945045598443069,0.356913023947016
"ENSG00000293248",-0.234207602785909,0.356971369103958
"TXNL1",-0.101149447386713,0.356974843439973
"RPL21P14",-0.296538637113888,0.35713412633906
"FERMT2",0.093372808632216,0.357522072388804
"ENSG00000261451",0.447539216926522,0.357528827282425
"FRAT1",-0.16012410552459,0.35753789564705
"LOC254896",-0.106410490139845,0.357724826018624
"ENSG00000289277",-0.329847241519407,0.357820632073234
"UGT2B4",0.102162408668987,0.35812378738587
"ENSG00000279058",0.163641729104959,0.358391355186307
"PKM",0.108308379197671,0.358546116423696
"ENSG00000276248",-0.168066873534262,0.358591446704003
"GTF2E2",-0.101343209039934,0.359199957470987
"RNF157-AS1",0.416733285693244,0.359611355749445
"ENSG00000286650",0.311636312575513,0.359617427405736
"LINC02288",0.216992285789845,0.359681190904987
"ENSG00000284776",-0.206104748818754,0.359685212138571
"LOC107985694",-0.304531009515975,0.360150897558845
"TMEM269",0.33132634388152,0.360379545770147
"ENSG00000303016",0.159212488149306,0.360460698301072
"ENSG00000256969",0.379263605261417,0.360805238992484
"MSL3",-0.102537365157911,0.360835798319396
"ZFAND2A-DT",-0.116513629385157,0.360959191488216
"TMEM106A",0.107555115746712,0.36131098080646
"MAP3K9-DT",-0.107987116486733,0.361323206195076
"ENSG00000239415",-0.274487922044009,0.361589383430142
"ARFGEF1-DT",-0.371246940365397,0.361764447357096
"ENSG00000280184",0.517651369505127,0.361769506555474
"ENSG00000276728",-0.199420745759858,0.361858426940403
"PYROXD1",0.106835573964046,0.362051861349162
"ENSG00000290845",-0.272153729696536,0.362064478414151
"ZNF321P",-0.134913316761001,0.362123951115245
"MCMDC2",0.268699505184196,0.362206715891199
"ENSG00000310376",0.180223662401959,0.362264525545734
"CLSTN3",-0.131085669570983,0.362310769067963
"CELP",0.672068079488209,0.362316763206919
"RPL13AP5",-0.117006250425842,0.362651464676153
"SLC22A15",0.227882798796435,0.362726919887446
"SCMH1-DT",0.433757435638537,0.362732859781023
"RPL18A",-0.100003312368571,0.362842530979191
"MAN1B1",-0.0744996946735422,0.362991839538883
"HNF1A-AS1",0.158380795687862,0.363120054238461
"TMEM258",-0.0690968150866178,0.363593338829615
"FBXL5",-0.0938196086141819,0.363687894823746
"PCNX1",0.0735386746060636,0.36378445376604
"ATF6",-0.0871472805982794,0.364301235001747
"ENSG00000283236",0.217820358317857,0.364460112112069
"ENSG00000176933",-0.310117164891333,0.364533840952829
"FASN",0.083369266294524,0.364569270602019
"REL",-0.10088709659516,0.364577437974551
"ARHGAP11A-SCG5",-0.575270257377769,0.364818327024877
"ZNF814",0.134109403192975,0.364828144896861
"ZZEF1",-0.0692833603767811,0.36520292720287
"MMAB",-0.0830192617878785,0.365328194176479
"ENSG00000286207",0.160156818876199,0.365456936282841
"TWSG1-DT",-0.195440074319834,0.365615379416275
"ZNF564",0.0766271691641944,0.365863127371955
"FBXW11P1",0.218598197765587,0.366030212311721
"RPS7P11",-0.370923379797697,0.366081954849148
"ZNF557",-0.0968095879245984,0.366141110037384
"ZNF212",0.0912231455983671,0.366438332665243
"EPCIP-AS1",0.192067456515913,0.366530970768286
"AKAP6",-0.2826851634705,0.36669868020742
"TMEM69",-0.0827637270840473,0.366821053959586
"ENSG00000300700",0.244199695053231,0.36688908664128
"TNFRSF10C",0.313002396146401,0.367009825231873
"WAS",0.412848601691831,0.367033420676042
"ABCC11",-0.129835663733993,0.367083835348311
"ENSG00000158482",-0.286740662100121,0.367107630643997
"COPB2-DT",0.197021686075504,0.367158251600932
"ENSG00000301807",-0.214349819109598,0.367527731840805
"CDYL",-0.0890853995170312,0.367546387718048
"MRPL34",-0.0727209431401263,0.367555453193009
"ENSG00000279259",-0.346849020944483,0.367885913189209
"TUFT1",0.0965131853529395,0.367909091245708
"ENSG00000213131",-0.320527321857172,0.368019572736063
"LACTB",-0.0704108664208418,0.368166812515948
"ENSG00000247324",-0.23603911744919,0.368230460864046
"ENSG00000236017",-0.131883964724559,0.368498260896952
"ENSG00000292331",-0.131883964724559,0.368498260896952
"CCDC40",0.0921922707180455,0.368504176805984
"ZNF767P",0.0991406319536991,0.368699385014775
"ENSG00000241532",0.306613368950845,0.369143354164656
"HFM1",-0.173652876338668,0.369246935440727
"TF",-0.186788375775691,0.369466908070277
"ENSG00000262294",0.144864293626808,0.369490277926405
"ENSG00000290018",0.163093154241807,0.369494696413857
"SLC38A1",0.146577115616629,0.369502148042071
"ZNF747-DT",-0.182255381032686,0.369595517189881
"TSR2",0.0568982802888223,0.369693778290838
"MISFA",-0.341812112522077,0.369827396978847
"CD226",-0.257485971257368,0.370102575417412
"ENSG00000183929",0.252825456030915,0.370596577008504
"LOC101929583",0.724929544897067,0.37079944673093
"DAD1",-0.0738042497451456,0.371079312317782
"ENSG00000289727",-0.230998504683043,0.37132639948908
"ERICH6-AS1",-0.292566941641999,0.371571474510009
"ENSG00000300592",0.409571336015059,0.371589558606677
"ARK2N",0.0814181940132109,0.371697402929251
"ENSG00000183604",0.328657238240334,0.371766895247423
"RIOK2",-0.0736331829796809,0.371768174895335
"SAFB",0.0652407943217685,0.371848058389712
"ENSG00000222328",0.416842783203647,0.37188029587473
"ENSG00000290110",0.303472754911188,0.3721034680424
"DEF8",-0.0639606952925952,0.37213693035306
"ENSG00000290318",-0.404227009226628,0.372193823833618
"RESF1",0.0699846364894315,0.37247803685805
"ENSG00000259775",-0.341765091467967,0.372597594803019
"ENSG00000271851",0.177191199568394,0.372631802834982
"PHKG1",-0.206786287308942,0.37271704912335
"ZNF391",-0.138347643591709,0.372908660384197
"NEDD8-MDP1",-0.250197779578409,0.372937108617906
"ZNF496-DT",-0.0917534804121367,0.372968058303681
"IL11",-0.194616486133269,0.373019338270658
"LMCD1-AS1",-0.299990562323083,0.373328120982066
"PLXNB1",-0.100079370877737,0.373685522795565
"MRFAP1L1",0.0633289764073776,0.374113643335508
"ENSG00000280367",0.192184539002682,0.374232695957793
"ENSG00000254554",-0.229770911558928,0.374340130943559
"ENSG00000286715",-0.56665828383563,0.374451460241982
"SMG7",-0.0567345358210154,0.37449034779794
"TCF20",-0.0530832319304683,0.374523800826123
"INTS1",-0.0621739435697571,0.374557926734744
"ATP6V0D1-DT",0.117588084504256,0.374601813507616
"CYP2R1",-0.271467619991413,0.37478633374505
"UGT1A10",0.534583475752149,0.374835969457518
"NELFA",0.0545249957676316,0.374903508092979
"PACS1",-0.0750899661129678,0.375018021410325
"CTTN",0.0593135903577662,0.375046948125695
"TBL2",0.0792947291849668,0.375164293291288
"LRRC3-DT",0.446937991881197,0.375339446315642
"ENSG00000280047",0.273688849873771,0.375453507167769
"BDNF-AS",-0.330816252059475,0.375493706483857
"ENSG00000224417",-0.313505005639099,0.375898037570641
"ADPRS",-0.0736591443301165,0.376120530405053
"DPF3",0.127423410456596,0.376133031623521
"LTBP4",0.218512974299644,0.376234331167533
"AUP1",-0.0672244964708638,0.376249403120368
"MAPDA",-0.0752203078023699,0.376384712515373
"POLD4",0.137985184361493,0.376428204159945
"ENSG00000260620",-0.620282606285601,0.3764307343938
"STX17-DT",-0.216485848751321,0.376879352800478
"ANKH",0.0645209599721535,0.377342772149929
"HINT2",-0.0903027668486472,0.377357646526462
"SUSD6",0.0845417107772139,0.377644335289439
"ZSCAN23",-0.207151969053888,0.377702731354694
"TAGAP-AS1",-0.359306639029723,0.377863958686024
"ENSG00000229728",0.385984089307648,0.378198505698502
"NIPSNAP3B",-0.129535003660451,0.378324971223675
"HYLS1",-0.136905580087104,0.378840556643053
"SIRT5",0.0847961035351563,0.378964785012152
"SMDT1",0.0847553406647654,0.379106853498569
"ENSG00000223478",0.196260717312546,0.379218783514621
"URM1",0.055701637141438,0.379248941517262
"LDB1",-0.070984097936786,0.37936481019169
"ENSG00000289914",0.446119870806871,0.379415968652032
"ENSG00000294075",0.44795836776598,0.379537596305982
"CETN3",0.123030990109099,0.379546585139034
"AHSA2P",0.0672045597038101,0.379622229360352
"SIRT3",-0.0699955107523167,0.380430131957229
"NOMO1",-0.0795960390508182,0.380631297423532
"ZNF407",0.105856093833598,0.381101148730134
"LINC01144",-0.188498478473831,0.381185367827237
"ZSCAN5A-AS1",0.32577635973879,0.381196319346968
"HUWE1",-0.0589851464122224,0.381270408294365
"ENSG00000244306",-1.52645277810673,0.381274694995336
"ENSG00000253218",0.499450414741392,0.381607459985456
"ENSG00000310387",0.321152471381601,0.381635378506503
"APOL3",-0.149408305822586,0.381960935775761
"ENSG00000239280",-0.40256064725889,0.382102744473094
"RPL4P4",0.179329078650219,0.382300289510483
"TECPR2",-0.0740058819484647,0.382480738153605
"GRINA",-0.0803746155724573,0.382491357323768
"NHSL1",-0.0747623712652825,0.382716718910054
"ENSG00000257607",0.339011272592553,0.383100112239292
"MAP3K13",0.0586348537637313,0.383101439060966
"SBNO2",0.0651746672534321,0.383145374974501
"TMBIM4",0.0874230617885963,0.383220563977245
"C2CD5",0.0632365068242286,0.38340435131093
"SMIM19",-0.0890901456657032,0.383422274760218
"AMER1",-0.120666048842262,0.383590335176035
"SRD5A1",-0.0826648207023623,0.383633362992093
"MARCHF2",-0.102183045454864,0.383685396772781
"ENSG00000267769",0.329104777549686,0.3837057987859
"LINC01285",0.15575029308161,0.383743888147786
"ENSG00000225880",-0.0586897233422217,0.384008409315836
"PSD3",0.089005057521088,0.384079974285395
"ENSG00000288695",-0.480154921737086,0.384190392353998
"ZNF554",0.101150701883029,0.384208779949623
"TUBB8B",-0.185070471391694,0.384365685306837
"PRKD3",0.0717403270787043,0.384377049475594
"ENSG00000288010",-0.253607395732766,0.385002694934989
"ENSG00000308967",-0.471368707029172,0.385008192394243
"MYO1D",-0.0964142373206106,0.385210903304276
"ENSG00000278133",0.121275367952904,0.385323526774031
"HM13-AS1",0.299135200575584,0.385526852815047
"ENSG00000293033",-0.376773112373919,0.385531349316515
"HNRNPDL",0.0760568201835656,0.385898981928782
"HPS1",-0.0542376853503574,0.386066011045402
"ARHGAP27",-0.0855641570801819,0.3861717435349
"TTYH3",0.064938401347491,0.386247902089692
"SYNJ2BP-COX16",-0.561347348942021,0.386322860307899
"CSK",-0.0499059014943024,0.386440757623565
"PRC1",-0.0614085614491903,0.386837539824853
"ENSG00000241860",-0.114742104908733,0.387103824994954
"CPOX",-0.079698552151742,0.387278848344581
"RPL36A-HNRNPH2",1.1357680262221,0.387285405302808
"LINC02105",-0.419922160750587,0.387436804606865
"NAPRT",-0.126166665215217,0.387449164358771
"KYAT3",-0.0690653967601775,0.387550899010936
"ENSG00000291060",-0.0789980588370977,0.38761634408094
"ZNF34",-0.105049868924243,0.387673581358412
"ZNF354B",-0.0940446953792212,0.387931547511531
"ENSG00000260912",-0.164928944539452,0.387969643667743
"NOB1",-0.064621763210263,0.387983133865754
"CD55",-0.114307295202602,0.388046978858964
"UQCR10",-0.0795567085241224,0.388243230766609
"IPPK",0.0742252141895887,0.388475961489071
"USP49",-0.0977317687384259,0.388693007717713
"STK40",0.0808126999045243,0.388883096945591
"LOC105376944",0.259484791353103,0.388989500579099
"LDHA",0.115213744863776,0.389211221402663
"ENSG00000257327",-0.28240447894071,0.389436530931035
"ENSG00000224861",-0.225127603432727,0.390116090152394
"TMCO4",-0.124554816813218,0.390303527642825
"MAOA",0.0964263039113493,0.390367504656807
"MED21",-0.0713197582103646,0.390678510293974
"SUN1",-0.0792603069634265,0.390742425373837
"ENSG00000299773",0.165720511193884,0.391168075590336
"ENSG00000289038",-0.394881236812046,0.391277000273044
"PLEKHF2",0.0788911501445866,0.391492268558257
"ENSG00000267198",0.283346031776714,0.391741355750204
"LOC105375259",-0.424704412851905,0.391947382753286
"DNASE1L2",0.137458233083617,0.392087871639441
"PWP1",0.0606133056449748,0.392108265842589
"DAPK1",0.114479562904798,0.392437454270624
"DLX2",-0.336894635149706,0.392670384578509
"UBE2S",0.0860986037540504,0.39284615967227
"SUSD1",0.0900291073541658,0.392906632202709
"NPIPB13",-0.0861961528339977,0.392923593801444
"TMEM42",-0.0842172958262216,0.393303340604969
"PIK3CD-AS2",-0.228281521897802,0.393715102805493
"PDCL3P6",0.381972749617751,0.393733815655352
"ATXN7L3B",-0.0705369071427757,0.393767218899451
"ATP6V1E2",-0.199974967269052,0.393958759418657
"CUTALP",0.0878795508540735,0.394024435863967
"ENSG00000295613",0.311402638080074,0.394024482823037
"EID2",-0.0843832372382066,0.394297857837174
"ENSG00000305731",-0.126490876043436,0.394405404088558
"ENSG00000232347",-0.237142686068344,0.394491666296997
"ENSG00000269001",-0.302140939951738,0.394674585710281
"MAP4K5",-0.0528081327861475,0.395066514190463
"ENSG00000284879",-0.203389420861297,0.39541023544521
"ZHX3",0.0664749452858571,0.395489134604553
"ENSG00000289293",0.312249489148304,0.395788307647065
"GPT",0.124534286869703,0.395836112202546
"AIFM3",0.075574299191181,0.396100394194002
"ENSG00000226147",0.520502470647746,0.396151317026986
"PINLYP",0.283026749835455,0.396440719114874
"FBXO2",0.0708588347383319,0.396789861257725
"ATP2C1",-0.0578658282474986,0.397202481169304
"DCAF12",0.066193464693323,0.397317470455293
"SNHG10",-0.0736866014748003,0.397327857699364
"NCOR2",-0.0616902558451442,0.398114037810817
"LOC105379271",0.191696923484689,0.398224754123828
"SCARF2",-0.108751973672478,0.398274484656235
"CD109",-0.210518449077624,0.398301623564145
"ZNF540",0.297083632456307,0.398434540227402
"RPL14P1",-0.155245419097976,0.398462740752458
"MT-ND3",0.156099680381011,0.398523777234673
"ENSG00000277728",0.393652654164939,0.398536921686907
"NANOGP8",0.464468474997562,0.39863476753746
"STX3",0.119594055031395,0.39864552731565
"ENSG00000271797",-0.281702720369875,0.398807836742649
"TCTN3",0.0586079105005235,0.398933891787077
"MAFIP",-0.118607031251722,0.398935740477096
"PHYHIPL",0.0660346877142967,0.398977495256898
"ENSG00000234772",0.280916594104186,0.398985825783285
"LINC02035",-0.147765119481335,0.399026076082744
"PDZD7",-0.215416544474119,0.399227767847868
"FIG4",0.0915993495789769,0.399333832738858
"DNAJC27-AS1",-0.39782724791386,0.3993594207367
"TMEM144",-0.0626359008316607,0.399378556242268
"MTCO3P12",0.459126521917192,0.399522990994431
"RBMX2",0.0693318070636299,0.399978161840671
"SPATA2",-0.0736637971393511,0.400007005582735
"SHC3",-0.106979632385349,0.400860622883992
"NDUFB11",-0.0666420333603459,0.401392098695916
"ENSG00000272529",0.234805015467997,0.401524233134213
"ZSCAN25",-0.0643412969416224,0.401661162844556
"ENSG00000310536",-0.298164924194783,0.401708784709299
"ENSG00000270277",-0.356333797039208,0.401778489044701
"UBE2F-SCLY",1.04628886156298,0.401921192876743
"CD63",0.0912979514492637,0.402217994075811
"EEF1G",0.0842896673862666,0.402340762980041
"TIMP1",0.271265873619377,0.402524791672746
"GATA2",0.095107603763012,0.402573227520214
"PAFAH1B2P2",0.261346651473332,0.403122821958046
"ENSG00000258186",0.369228126731866,0.403175496221197
"RCAN3AS",-0.217510589640634,0.403239567365963
"PMS2P3",0.0841585908616171,0.403328067022654
"ZBTB33",-0.0711331701422717,0.403504390300253
"ABCB7",-0.068072724699916,0.403584119768507
"S100A6",-0.110528616010344,0.403653198052009
"ENSG00000260007",0.224509222007699,0.403766245079455
"PPP4R2",0.0548462448655478,0.403803070599045
"EAPP",-0.0738782855589215,0.403980703165675
"ZNF223",-0.129137705336294,0.404507905313599
"TNNC1",0.243324057828146,0.40464103300368
"OSBPL8",0.0536833234491673,0.404885882349863
"ENSG00000286221",-1.4298534139946,0.405057825785848
"OSCAR",0.334177817399237,0.405081052069594
"ENSG00000261054",-0.257258391262467,0.405153691350805
"SCPEP1",0.0756069407948521,0.405188517581575
"COPZ2",-0.299870828661171,0.405189506393144
"N4BP1",0.0793250004903554,0.405415523014798
"AGPAT5",-0.064712942842553,0.405572221340406
"B3GALNT2",0.0687757699326332,0.405663849447313
"NAALADL1",-0.15558508859106,0.405750848254818
"RP9",0.0669767961734414,0.40583293850767
"MAP4",-0.0601144321499639,0.405875082691228
"COL4A5",0.111887095632316,0.406127989226863
"PCDHGA5",-0.345748009844329,0.406403952263685
"MRPL23",0.0881779648977101,0.406608332709043
"USP18",0.053097227177193,0.406650223152703
"ABITRAM",-0.0786441064535998,0.406666224086938
"ENSG00000248593",0.290947026400684,0.407040629369017
"CYP7B1",-0.344775093434066,0.407057998608043
"CCDC50",0.0885544072295252,0.407060139934888
"ENSG00000272768",-0.267273755525344,0.407071600533538
"TBL1XR1",0.0619027978495881,0.407205632113002
"ABCD4",0.0698935678234051,0.407213133813586
"URGCP",0.0527912377409767,0.407416487080736
"ENSG00000273748",0.182123834319731,0.40746688221281
"KIF16B",0.065430091277732,0.407887109132167
"KREMEN1",0.0726052897036817,0.407907263581301
"ALG9",-0.0857667786543986,0.407992628614248
"SOAT1",-0.109274637578681,0.408082930574054
"GGA3",-0.0579813095606927,0.408111890515254
"PBLD",0.112398116673171,0.408965432099816
"MAGEH1",0.120446920292247,0.408988233780009
"CLCN5",-0.0860419112070417,0.408992702119475
"ENSG00000286011",-0.383040333653867,0.409234715249425
"ENSG00000267904",0.294389559487048,0.409543476930577
"SYNJ2BP",0.0500876023131982,0.409892457164591
"ENSG00000261346",-0.301143911159482,0.409990073640935
"AK1",-0.10301778577604,0.409995143311596
"ZNF669",-0.123896973351468,0.410034971144388
"FBXL22",-0.292848837227276,0.410080895364479
"SPG21",0.0587833602509877,0.410378247244414
"GOLPH3L",0.0969884006967028,0.410473641048029
"ENSG00000269973",-0.115815651892555,0.410489562711602
"ENSG00000271384",-0.414357471932677,0.410615720434346
"LOC642361",-0.104510938064818,0.41107358386149
"ENSG00000301128",0.355985093043095,0.411176497109624
"ENSG00000277879",0.166352401090589,0.411312074237176
"ENSG00000279794",0.201817916145614,0.411417281680823
"BLZF1",-0.0742746835880215,0.411552941736219
"ANKRD36",-0.121560000157241,0.411588172460979
"NT5C3B",-0.0603900145104172,0.411717935509377
"ENSG00000303760",0.27659878064828,0.41178555680671
"ENSG00000286129",-0.114539489691127,0.411834288559814
"OS9",0.0713962458604781,0.412160113412631
"SEC24B-AS1",-0.199089893189263,0.412377459774146
"GPKOW",-0.0752208251219272,0.412413784834853
"ENSG00000259959",0.11508239874944,0.412422998452688
"SLC15A1",0.180325180877119,0.412590468190538
"ENSG00000281849",0.266140044291937,0.412715611117991
"ENSG00000292349",0.266140044291937,0.412715611117991
"ENSG00000300739",0.196555412380878,0.413250114511308
"KRT18P5",-0.158749991079909,0.413610644450468
"NMNAT1",0.0886341993643617,0.413671229203664
"ZNF330",0.0694320308994356,0.413871850826724
"ENSG00000295510",0.271353931940612,0.413880727296969
"JTB",0.0759934202330914,0.414117201121831
"ENSG00000259353",-0.191798760714439,0.414213449679241
"RPL26P19",0.28323882251287,0.414617622188958
"TPD52",0.08288851847568,0.414743557261837
"ZRSR2P1",-0.60690556597042,0.414838781897856
"ENSG00000228709",-0.0861746823375961,0.415012423252253
"DRP2",-0.431716252992439,0.415185095429236
"ECM2",-0.276958420678632,0.415192461055542
"MTCO2P12",0.330171198628888,0.41527257734279
"ENSG00000276791",-0.152968520576161,0.415429827689656
"UBQLN2",0.0746988990800125,0.415583237896141
"DPY19L3",-0.0592591453835154,0.415997033473442
"ENSG00000271127",0.594039931539007,0.416097303604868
"NBPF11",-0.079136573516805,0.41615243126134
"SUMF1",-0.0629268721788865,0.416230189596846
"ENSG00000300245",0.29964954662313,0.416240308755666
"DCAF4",0.0716727626689816,0.416729411297301
"ENSG00000295624",0.394530672264627,0.416809053528945
"ZGPAT",0.0500008277683718,0.416850258997828
"MB21D2",-0.341184795939322,0.417142609352911
"LOC100287290",-0.239011432515437,0.417255071986864
"CRYZ",0.0832561424787328,0.417624346603532
"ENSG00000275056",0.258317415368472,0.417691169417434
"STK39",0.0969659283283341,0.417772491800802
"IL10RB",0.0706341332047527,0.418047195793667
"ENSG00000280046",-0.213397779419756,0.418227123999499
"TAFAZZIN",0.0842607484751778,0.418285611288253
"ZNF883",0.0832461361191422,0.418547764139744
"ENSG00000196312",-0.61715639808118,0.419114809155485
"FBXL4",0.0711349224212309,0.419227156487233
"ATP5PF",-0.0686841147469889,0.419576769266958
"TIFA",-0.107856044288659,0.419626045066858
"SNORD97",0.471014353417255,0.419728413763348
"ENSG00000301373",0.282065986226724,0.420057416841288
"GMIP",0.0884950324314448,0.42068913116477
"ENSG00000277895",0.292863665603093,0.420781976146519
"CNIH1",-0.0656689238608853,0.421224011500915
"SGMS2",-0.134377429675495,0.421390946690683
"ATP6V0E1",-0.056188444249479,0.421395153645153
"SDHD",-0.0639790295467525,0.421571738513493
"TMEM265",-0.604829166382444,0.42168144174815
"AMZ2P1",0.0938433612996708,0.421764940689457
"CDK6",-0.0677030841299534,0.421798523026966
"COQ7",-0.0668361389043898,0.421808617489403
"TAF4B",0.1507912323734,0.421908784179771
"TULP4",-0.0564476336034848,0.422091787487086
"ENSG00000248740",-0.177507397770467,0.422396777618432
"EVPL",-0.102261693197634,0.422837310374327
"COX7B",0.086082474150421,0.422887982982573
"ENSG00000258210",-0.235626007231635,0.422948907164555
"SLC35G5",0.365962707394094,0.422980020412567
"DDX17",-0.0598343420348032,0.423176767803184
"ARTN",0.260995267534202,0.423254071295103
"TRAPPC12",0.0941402217380819,0.423257228028591
"KATNIP",0.0623744842530364,0.42359154534971
"S1PR1",-0.537507882753226,0.42417194042297
"COL4A6",-0.114590791731052,0.424396843108065
"C6orf62",0.0504259673276146,0.424406389421895
"MYCL",-0.381519765387252,0.424913154618514
"AQP3",-0.232131962191733,0.425210775188526
"ENSG00000271991",-0.342210491854939,0.425238034502637
"RPS7",-0.0692607971615598,0.425488531658361
"RAB4B",-0.109525234897589,0.4255436299574
"ABHD3",-0.0629639128245043,0.425582000268036
"ENSG00000288031",0.422606621160825,0.425791857211442
"VTI1B",-0.0521208990137794,0.42579521059443
"WASH3P",0.0729263833902364,0.425832619965641
"UBE3A",0.0489713010892572,0.425872456163788
"BRICD5",-0.140382195135501,0.426173324850977
"INTS2",0.0614472813659449,0.42618705182309
"ENSG00000288849",0.554312456370414,0.426277001120327
"ZNF776",-0.072535086515102,0.426577993213566
"SLC12A5",-0.103728532496054,0.426674098318042
"SCAMP3",0.0543687716156825,0.426742807085089
"EWSR1",0.0574069023531256,0.426755068215481
"HHIP-AS1",0.343244150735516,0.42676050247315
"TMEM102",-0.118966743533983,0.426944941930345
"ENSG00000298153",-0.220842682321872,0.427042754707374
"LOC124903629",-0.385217499629418,0.427722732610792
"ENSG00000271993",0.292279752179613,0.427768500164828
"ATP6V1B1-AS1",-0.400883222662626,0.427995487762816
"MRTFA",-0.0665618013460867,0.428537991169011
"ZNF548",-0.0667533989288765,0.428554694583362
"MBNL1-AS1",0.240142515189615,0.428660928010559
"ENSG00000294706",0.317851088515285,0.428879200199266
"ISY1",0.0588559210653996,0.429070816312574
"RPL17P6",-0.181544018064475,0.429120699666174
"BPNT1",-0.0592425606646645,0.429429649500126
"ENSG00000274667",0.213696489559666,0.429445202653771
"UPF3B",-0.061271378521693,0.429936387728156
"CKM",-0.32048575049718,0.430247173710233
"ENSG00000280214",0.177067271531769,0.430546250817685
"MIR4458HG",-0.099038264601667,0.430651469990373
"BTBD2",-0.0636020426704833,0.430658065724643
"MIF",0.0775712733489136,0.431310777157384
"MKKS",-0.0567438015959834,0.431468232659797
"PSMG2",-0.0511608552441302,0.4314795115722
"ZNF687-AS1",0.175859765188585,0.431913754494956
"CCNB1",-0.0620296241836742,0.432296037998698
"C9orf153",0.282480979698084,0.432430136285637
"ENSG00000289532",-0.203782214918063,0.432525962322158
"TMEM9B",-0.0701604039138355,0.432600954107526
"ARL2BP",0.0713964806149171,0.433539615045994
"HNRNPH3",0.0535067808733106,0.433698393491841
"LOC124906471",-0.289450316979654,0.434171723364269
"RPL10P9",-0.189986553906631,0.434178190950226
"ENSG00000304713",-0.238626885795325,0.434592747796083
"HSD52",0.397240261633985,0.434840290989019
"ZNF304",-0.078905320449805,0.435086046278672
"AGR2",0.216025995614016,0.435712582628248
"ENSG00000266236",-0.353711643064692,0.435723477084234
"ENSG00000305851",-0.266836715232445,0.435929342602044
"LRRC27",-0.0995093516559486,0.436017389450978
"RN7SL731P",-0.605739370071272,0.436117189326503
"ENSG00000301639",0.23476362351506,0.436323294531871
"ENSG00000279557",-0.4131258394446,0.436672645813626
"SSTR5-AS1",-0.20788218028382,0.436688859256381
"TSNARE1",0.0978969938782833,0.436841439174116
"ZNF844",-0.101505922573309,0.436898489541189
"MED9",-0.0687539568548819,0.437162472443513
"ENSG00000286828",0.226584791022886,0.437304465839793
"STX16",0.0590808573223266,0.437308581092066
"ENSG00000170919",-0.0755896651815952,0.437492319670155
"ENSG00000224356",-0.345726354173927,0.437572989576924
"WASHC3",0.0980122104076186,0.437603772215776
"VAMP7",-0.0860811758598101,0.437889068648236
"ENSG00000286656",0.231088847922677,0.438029183758958
"ENSG00000260121",0.233971651700518,0.438112753438894
"IGFL4",-0.134550075509461,0.438294889456564
"TRIB3",-0.0738883176842533,0.438437412873045
"LOC100506076",-0.110206721917964,0.438442667891616
"SEPTIN2",0.0538187767922677,0.438574722793028
"POLR3A",0.0497126412900288,0.438787339885832
"ENSG00000284906",-0.264088542337069,0.438876101399893
"NPIPA6",0.0614460479622961,0.438900386835754
"LOC102724593",0.469355177194347,0.439023887422554
"GTF2A1-AS1",-0.190300611099723,0.439068401506259
"C1orf115",-0.0651350260737591,0.439520808662023
"ZNF175",0.126395743878142,0.439546079000035
"SNX12",-0.0672910267776255,0.439747353675253
"ZNF845",0.0791750437234575,0.43981601410253
"JRKL",0.0815903773397004,0.440234447766569
"AMZ2",0.057292173847337,0.440323841154961
"TRIM11",0.0569826998587622,0.44033061006303
"MYORG",-0.0698877173873139,0.440349806979465
"C15orf61",0.0860359722708732,0.440696166865367
"C10orf62",0.238769529382027,0.440878274896422
"POLR3GL",0.124169644261749,0.441412806663706
"CSPG5",-0.279492259435883,0.441439117178215
"FRG1CP",-1.03261556638488,0.442142824706111
"ZNRF3",-0.083208583615617,0.442529394154051
"SLC2A9",-0.058947119627175,0.442707333951172
"FAM72C",0.10066688135852,0.442778674966849
"ELOVL1",-0.0654164938199737,0.442940052032099
"USP19",-0.0477109929462289,0.443303692109055
"ENSG00000293098",0.128288556080275,0.443369860008329
"GRID2IP",0.353371252488157,0.443382480172296
"ENSG00000288988",-0.188867227706624,0.44341636010411
"ENSG00000261553",0.24072659538487,0.443613380638127
"SPPL2A",0.0808069004724008,0.443793748189289
"TM7SF3",0.079376277230031,0.444149231316968
"RAI1",-0.0746230992731002,0.44418464169609
"STAMBPL1",-0.265417478820639,0.444535309268285
"ENSG00000276900",-0.115423479977802,0.444607485861396
"APH1B",0.158412609530837,0.445405455183335
"ZBTB49",-0.0901480885855354,0.445409035709283
"ENSG00000261114",0.240517659530022,0.44545032875502
"ENSG00000278784",0.109722914079012,0.445535038129542
"ZNF799",0.0688811000461391,0.445603796834019
"ENSG00000289960",-0.268336144616672,0.44581573746679
"ENSG00000310238",-0.115429741264769,0.445903947620568
"SLC35A4",0.188633759797323,0.445944044266423
"GLTPD2",0.0752169636922657,0.446333730054643
"LOC107984505",0.265147022760624,0.446395495134487
"ENSG00000273711",0.23485183047472,0.446399941863905
"IKZF4",0.0879130619317714,0.446535842674644
"ENSG00000268357",-0.507298975914982,0.446605977555082
"CDH5",0.395639887000289,0.446883403582266
"PRKCH",-0.175671670887445,0.446941323553205
"LOC105375421",-0.269803359128948,0.447308144550867
"ISX",0.17744196861047,0.447317273121595
"ENSG00000273759",-0.134722953507907,0.447478599065299
"ENSG00000224566",-0.264108970301813,0.447747183187881
"HNRNPH1",0.0680529654449488,0.448144431166767
"ENSG00000241489",0.130856165896293,0.448251927846895
"BTBD10",-0.0644386802406808,0.448300031063922
"FBN1",-0.177140562619494,0.448301488610265
"IGDCC4",0.144793100726092,0.448419926964392
"CPLANE1-AS1",-0.261478609453109,0.448429280951543
"ZNF586",-0.0994835159648074,0.449076863394549
"ENSG00000279294",0.368486338592888,0.449084341090915
"VCAM1",0.483866001259724,0.449247647190373
"DNAJC11",-0.0497641322565095,0.449287772578797
"COX16",-0.0644581263498296,0.449503039539069
"FAM50A",0.0606243635220397,0.449824263173705
"AGT",-0.0708636281741498,0.449872061092319
"MT-CO3",0.146461249118595,0.450129584187771
"SH3GLB1",0.0645788629365908,0.450167006065706
"TRMT10A",0.0735262955677319,0.450203974592653
"HCG9",-0.308449449118943,0.450234434315272
"PRELID3B",-0.0695874176819549,0.450342054448746
"ENSG00000256073",-0.121618097492693,0.450352174093356
"REV1",0.0569789652923016,0.450358666468235
"ARAF",-0.0662925870127889,0.450468582570269
"ENSG00000172974",0.251818507912799,0.450508333555139
"POU5F2",-0.267627560512913,0.450716373258829
"PRKRA",-0.0487177306887526,0.450933274636933
"ZNF511",0.0518980792889567,0.45094250104849
"GPR143",0.203655605368662,0.451052587838995
"GOLGA8N",0.151286442882995,0.451612401815479
"ENSG00000227088",-0.109186703664606,0.451775193290063
"LIPA",-0.1004473501168,0.451922557687663
"ENSG00000290665",0.288598544469918,0.452375617229476
"SH3PXD2B",0.0890582329556525,0.452944817380534
"GORASP2",0.0626589501196879,0.452947389008112
"ENSG00000268869",-0.366879316662701,0.453164661726448
"RCN1",0.077243805721751,0.453389931140898
"ENSG00000233225",-0.278897628174935,0.453394805422103
"C1GALT1C1",0.0829410224329828,0.453418112212021
"ENSG00000260302",-0.356145420058929,0.453544258575278
"MTFR1",0.0672952656658839,0.453580973380638
"CYSRT1",0.19108369737368,0.453634222037784
"FAM168B",0.0528589281022743,0.453662528428
"KIRREL2",-0.378179836782072,0.453664321915258
"ATF6B",0.0751595126280117,0.453734597614319
"GRK3",0.0687967425125755,0.453747137635112
"SOX18",-0.0790009321373714,0.453865371141425
"ENSG00000309777",0.169969176453392,0.453919796373872
"IGSF1",0.0767241345274528,0.45398746831553
"MAP3K11",0.0629162225559646,0.45423694454403
"ENSG00000284657",0.115755426686394,0.454317586141745
"ENSG00000289698",-0.248831976659653,0.454381897265008
"TUBA1A",-0.219904372441473,0.45449710829416
"SPIN2A",-0.201100556897763,0.454595506452168
"MED26",0.0730503915706363,0.4551177188317
"RNASEL",-0.396582997915518,0.455129445883723
"ENSG00000257878",0.417462993067574,0.455256459858096
"ENSG00000280303",0.427302328506682,0.4553551864255
"PPP3CA-DT",-0.158733886845108,0.455365156899493
"TGDS",-0.0710704825221562,0.455519089651333
"ENSG00000289076",-0.227683709851548,0.455682450607848
"ENSG00000290848",0.218902283346036,0.455746216518979
"ENSG00000280355",-0.175840292307747,0.455881369834615
"SPRED1",0.0699881910823963,0.455995443893489
"ITPRIPL2",-0.0656461048801928,0.456151297124281
"ZNF44",-0.0645306322285318,0.45637694950478
"PRPF38B",0.0670061422769424,0.456632801876374
"ENSG00000300051",-0.312932120807318,0.456827462237995
"PURB",-0.0585886004269493,0.456938637084152
"MOGS",-0.0614728196747185,0.456961994144706
"ENSG00000224822",-0.490171523671442,0.457410412631362
"ADGRV1",-0.176665181713674,0.457491078957179
"ATP5MC2",0.0561888442528382,0.457696534187636
"ENSG00000254706",-0.328904200010057,0.457711539712062
"LOC124904731",-0.285839881349154,0.457989598259597
"ENSG00000229740",-0.147461739966333,0.458074690502732
"PDHA1",-0.0627033696196763,0.458119985518307
"TMEM150B",0.145368339162719,0.458135050635456
"C7orf25",-0.187080150478798,0.458508944205957
"TUG1",0.0468378050114597,0.458618191323403
"NCALD",0.341477714526124,0.458754915967663
"MAPRE3",0.148782730382594,0.458849981619269
"WAPL-DT",-0.115682369181864,0.458967929677885
"ENSG00000283341",0.267418487784658,0.45897457121053
"AKAP13",0.0466684719139996,0.459019982667221
"ENOX2",0.0959503587453052,0.459586183867788
"IGF2-AS",-0.108059650200695,0.459641144971481
"ACTR3-AS1",0.17025697902442,0.459800748433065
"GEMIN8",-0.0742652969104888,0.459818437707779
"TTC21A",-0.198708249010921,0.459843710617816
"SDK1",-0.158184041229319,0.460045117725913
"CCDC154",0.168811963321787,0.46007456626
"LINC02256",0.162915741574797,0.460348526945837
"ENSG00000290072",0.346097951016203,0.460456983553358
"PAIP1P1",0.178822979011306,0.460566038993386
"PART1",0.222948349406634,0.460619394508548
"ENSG00000267277",-0.148384811789394,0.460997877722679
"C1orf43",0.0615814983827054,0.461340229210175
"CCDC86",-0.0714700051074083,0.461373808737908
"GSTZ1",0.101732951000674,0.461432113831338
"ENSG00000288996",0.259375599531468,0.461659658061917
"USP22",0.0504718261094457,0.461686162948134
"EXTL2",0.0580736002589548,0.46194245869858
"LBR",0.0791088397029324,0.462011713915252
"ANKRD53",0.448275431689202,0.462163371300436
"TMEM11-DT",0.188507255353552,0.46242325761505
"C17orf114",-0.308083697586882,0.462819664264743
"ENSG00000248015",0.103708536749472,0.462953851073728
"LAPTM4B",-0.0654345450802918,0.463316306010498
"LINC02476",-0.28809773072133,0.463380570576077
"YTHDC2",0.0521093346453128,0.463470471737729
"LINC01569",-0.21937475276806,0.463579883007691
"RNVU1-7",1.05059482698652,0.463619223112777
"DHX58",0.0943498382070257,0.463648946896014
"NFIB",-0.0896458045603547,0.463764013513389
"ENSG00000288721",-0.154311272725687,0.463950376278395
"NEURL4",-0.0780127364075205,0.464136608126191
"THAP1",-0.0948389914438704,0.464429525379306
"ENSG00000296235",-0.250539706519987,0.464457627345051
"ETS1",0.465897082921718,0.464788243810909
"ACSBG1",-0.202468127698036,0.464858451480974
"ENSG00000299295",0.171645715871405,0.465048198941387
"ENSG00000235214",0.218671261459917,0.465135093215651
"CLEC16A",0.048259312363505,0.465336971710604
"PATL1",-0.0530317555047814,0.465405149086475
"CHMP1A",-0.0512729904032853,0.465431354855555
"ENSG00000253320",0.253806573467141,0.465485580246595
"ENSG00000304694",0.236871913017583,0.465983953932999
"ENSG00000293994",-0.199366147165922,0.466216764010197
"IL11RA",0.108856742941553,0.466817410454443
"ENSG00000233912",-0.144835144078057,0.466833540141125
"ADI1",0.0432724582374291,0.466868232723253
"LOC115308161",0.160296920499471,0.467219357787351
"LOC100996437",-0.0888984452975528,0.467267120986661
"TRIM13",-0.0613901766795085,0.467393811149007
"AFAP1",0.15906985474338,0.467489379577387
"ENSG00000186076",-0.287394194587096,0.467643097230265
"MAP1LC3B2",0.231727241723952,0.468115965029584
"FMN1",0.203136875815811,0.468296091317967
"HCG27",-0.103777976760167,0.468418960938992
"RHOBTB2",-0.0668625478536116,0.468480088076416
"UGT1A3",0.49356674641604,0.468602358591205
"ITPRIP",0.131846578649492,0.468685950703712
"ARHGEF33",-0.326200097726952,0.468928883361196
"WFIKKN1",-0.158629224514001,0.469440401811128
"FKBP15",-0.0455060497946297,0.4696693950338
"ENSG00000281571",0.219158603911894,0.469955165474002
"KCNJ11",-0.284880866842591,0.470424964342581
"ENSG00000303765",-0.248662573974057,0.470528837544256
"TIPARP",0.0775277363857449,0.47083506242812
"LOC105372249",0.247934879758404,0.470904102630635
"ENSG00000299324",-0.262592296808611,0.470972794108443
"GRPEL1",-0.0645810323331667,0.471372728001948
"ZNF565",0.112496389251541,0.471626925292434
"RMRP",0.193064352919816,0.471899959379936
"ENSG00000287250",0.314068187712318,0.471952109745832
"FER1L5",0.265027894960606,0.472090112758981
"ENSG00000308752",0.26638492364577,0.4722075764112
"GTF2A1",0.0629491259685721,0.472397342341514
"CORO1C",0.0491875739081112,0.4723999495876
"GAPDHP62",0.241198776184622,0.472517427675829
"ENSG00000297814",0.214761007316617,0.472714429793084
"ELP5",-0.0434477307525738,0.472856616989354
"ENSG00000289901",-0.409032098787389,0.472932679209984
"GUSBP11",0.0757427398026181,0.472961901939785
"TSC2",0.0695407160699076,0.473203114136764
"ENSG00000228423",0.299802678550757,0.473312198605681
"FBXW11",-0.0690453053622605,0.473346754520841
"SLC22A25",-0.170760349981271,0.473632806332423
"BACE1",-0.0769439362844409,0.47376535745117
"BICRAL",-0.0734856758522697,0.473845630252865
"ZYG11B",0.0549373386592133,0.474065246884453
"DLK1",0.0873782656632095,0.474337302103592
"LOC105274304",-0.210308153789004,0.474337730234808
"NFKBIZ",0.0661690768583773,0.474779363113876
"ARMCX6",0.0559525798859411,0.475248007961885
"ENSG00000234996",0.526097296735754,0.475470375679976
"ALMS1-IT1",-0.281240775423758,0.475982767618335
"TXNDC15",0.0660567068493851,0.476037640445292
"ENSG00000272892",0.233958250099316,0.476041458579093
"ENSG00000292979",0.0985915355211475,0.476174966446937
"ENSG00000270804",0.311398494532646,0.476192798012217
"USP43",0.0953567239832429,0.476292295304525
"OR7E14P",-0.794496176883294,0.476560725397325
"ENSG00000308554",0.0973725964737677,0.476692834500384
"TMPRSS9",0.109504242227555,0.476787547975109
"ENSG00000167807",0.12864299501129,0.476987940539098
"SSH2",-0.0633758153455037,0.477085706173621
"NDUFS4",-0.0509221911397224,0.477172542351517
"ENY2",0.0505306597320387,0.477262807235435
"SMIM5",0.235042230229286,0.477350772139455
"LINC02212",0.367767957134069,0.477626076886922
"LOC105370947",0.275593196686312,0.477670969720051
"CD58",-0.119298589683658,0.478000492231908
"HDAC6",0.0689078668768932,0.478355568753429
"ARID3A",-0.0518307910756047,0.478661718267305
"ZNHIT3",0.0505530615597026,0.478765984910324
"PPP3CC",0.0816419945191429,0.478875792905832
"KCTD1",-0.102791486569999,0.47890384541764
"TCEAL1",-0.0657825649860751,0.479026757454822
"ENSG00000272630",-0.176953061657204,0.479313192315011
"ENSG00000279246",0.123896805269816,0.479602601335237
"ENSG00000254676",-0.29851593866542,0.480509467559869
"SLC39A10",-0.0561830220240425,0.480529111505523
"ENSG00000310034",0.315702344228145,0.48068043646483
"HAPSTR1",0.0613580703031281,0.481132632961638
"NAA16",-0.0632211228593397,0.481223204653338
"GOLM1",-0.221981843769186,0.481275852870015
"ENSG00000272663",-0.31805569858247,0.481477779898362
"LOC105379443",-0.748398049289561,0.482100166660564
"CPQ",-0.0749909764301282,0.482289723708638
"SOWAHD",0.172474267212747,0.482770819532
"BIRC7",0.206074127465351,0.482820556239816
"ID2-AS1",0.116182413346226,0.482943263955074
"SLC13A5",-0.0657484790483708,0.483031725163335
"UBE2J2",0.0408668152714626,0.483197201327098
"PITX1-AS1",0.111443075856213,0.48339448154285
"PHLDB2",-0.0623095541683649,0.483751003707884
"ENSG00000289304",-0.263563567553849,0.483959612274721
"SPACA9",0.239305437546336,0.484072664023541
"MT-CO1",0.147166374465397,0.484104190291944
"FBLIM1",-0.120611388818807,0.484178314095517
"ENSG00000299955",0.148263903468762,0.484360911914316
"MAL2",-0.053965186362846,0.484391533972784
"ENSG00000272760",0.17270412522533,0.484467791006299
"FRYL",-0.0588766407512389,0.484527904896351
"HEMK2",-0.0620837815844492,0.484576649505657
"ENSG00000284431",-0.16282569558237,0.484706300597088
"FUT1",-0.268225574183809,0.485027115283884
"ENSG00000297599",-0.154611467003714,0.485887885408253
"GFI1B",-0.175789031433231,0.486105460384621
"B3GAT3",0.0710401073600633,0.487115313496581
"BTBD8",0.12481208751005,0.487381553265717
"ENSG00000307644",-0.311838978713503,0.4874396099115
"FAM76B",0.061301725937274,0.487720267411739
"RNF38",-0.0550666073075004,0.487788732090799
"UXT",-0.0886549456764414,0.487865305359355
"UQCC1",0.0386428930870182,0.487914216198389
"LRG1",-0.058174955171295,0.488111557541841
"TOMM7",0.0635921323582506,0.488331204573175
"ENSG00000280173",-0.329782660735126,0.488643551029331
"PARP4",-0.0521371215808254,0.488793509479866
"ENSG00000213888",-0.115105170560118,0.489393869862572
"SH2D3A",0.168396794205117,0.489400878971496
"ENSG00000304588",-0.290926888777207,0.489512502226632
"SMCR8",-0.0969598598030358,0.489746665211011
"DRC12",-0.205707919217674,0.489887455373255
"PXN",-0.0478100664622633,0.490111934424268
"ARF3",-0.069169030571973,0.490251306629517
"FTH1P10",0.216524238148155,0.490475326793966
"ENSG00000286116",0.131938828296615,0.491371340075902
"ENSG00000215908",0.250002297653583,0.491509409239994
"TRIM3",-0.0953157901321843,0.49152940062304
"ENSG00000287070",0.27142770986705,0.491612627689838
"LINC00880",0.175863455335775,0.491827057111754
"RBM7",-0.0589701230866931,0.491829414655075
"RUSF1",0.0477273881521105,0.492248535320985
"CSNK2A2",0.0493908455099992,0.492299977528264
"ENSG00000258653",0.306831155706451,0.492408891241852
"SSTR5",0.315479327052154,0.4925129137774
"CDKN2AIPNL",-0.0573130232282908,0.49287649038174
"VPS37C",0.0490710133109031,0.492947412687121
"MCM3AP",-0.0448097212660155,0.493063310545089
"ZNF528-AS1",-0.083240852470925,0.493106164103608
"HSD17B2",0.0829926691355935,0.493118751434541
"ENSG00000250995",0.258715829347697,0.493541870331255
"PIBF1",-0.0709892956115118,0.494171066198624
"ENSG00000271778",0.308400592199074,0.494527589321477
"SRF",0.0546973389599804,0.494538506718971
"ENSG00000288935",-0.207321422063139,0.494794360782275
"RASSF7",-0.0716923916061688,0.494813967090463
"ENSG00000267303",-0.0777591757823385,0.494814941291563
"PARK7P1",0.223023494916827,0.494858051227329
"ZNF860",-0.298083631659248,0.494944880325056
"OSBPL9",0.052085154278747,0.495703700110167
"LOC105372061",0.0889203907337603,0.495879166021654
"CTR9",-0.0473989144635333,0.495980519502207
"THUMPD3",0.05270971411879,0.496032297644181
"LOC105374852",-0.165040366875686,0.496170850224048
"ENSG00000255959",-0.211821951403838,0.497033081119493
"ASIC1",-0.202431917491475,0.497444190000814
"PGAM1",-0.0890023577906503,0.497542204741318
"FARP2",-0.0466570338526678,0.497570152937353
"ENSG00000273998",-0.145704948697737,0.497613602313931
"ENSG00000266946",-0.234163830806537,0.497678476568938
"ACCS",0.169622461629899,0.497682026058714
"SRP19",-0.0596751559109659,0.497734456125023
"ENSG00000272931",0.0957528659741921,0.49782835190392
"TOLLIP-DT",0.183806717648907,0.497930646766587
"ENSG00000124549",-0.166252108404373,0.498181091450601
"ABHD10",-0.0474154396204833,0.498198015356604
"ENSG00000288738",-0.262825386984208,0.49824023382427
"MED4",-0.0508052530783408,0.498319658065513
"KRTAP3-1",0.315354217102088,0.498320134535026
"TIAM1",-0.345869623334627,0.498412157129545
"TEKT4P2",-0.0602455533348649,0.499152194783483
"RDH16",-0.268629296185508,0.499455012529522
"ENSG00000242735",-0.650996273888715,0.499553199879086
"SPICE1",-0.0813763210048242,0.499630085668862
"ENSG00000275223",0.114977070788726,0.500143501446414
"RBAK",0.0474878174084186,0.500261394477001
"TRAPPC2B",-0.099888904227877,0.500343473823072
"ENSG00000287077",-0.291225720066536,0.500689409743701
"ZNF800",0.0592844859579024,0.500745256497741
"PLCXD2",-0.111498166302168,0.500911034116429
"RGS12",-0.0694315640002918,0.500933664080413
"VAC14-AS1",-0.259970592026639,0.501080613604362
"DCBLD1",-0.0618190446434543,0.501120219558311
"H3C3",-0.269522438933468,0.50132503367509
"ENSG00000287625",0.179805886829376,0.501368041421664
"RPL19P9",-0.215302576850139,0.501524964481204
"MAFA-AS1",-0.0900977626140457,0.501552034697631
"MAGEF1",-0.0593400212621943,0.501638774755412
"BCL7B",0.0592109661557863,0.501804100062198
"PHF20L1",0.0417162889729012,0.502001883774195
"ENSG00000273249",0.291011620589679,0.502125964271857
"ENSG00000260273",0.288729846193576,0.502658461132299
"EIF2AK3-DT",0.100353204937657,0.502834847557154
"UBE2D3",0.039494894353118,0.502890875443103
"ZNF713",-0.101906839510005,0.502908295321612
"TNFRSF21",-0.091352091834639,0.503018093125448
"TCEAL8",-0.0490434265521104,0.503045403164287
"NACC1",-0.0432704446924834,0.503209390811018
"MICB-DT",0.309868574822305,0.503515987710377
"ENSG00000303056",0.269721493349399,0.503691163316976
"UBE2F",-0.0517486516400204,0.503908061543027
"ENSG00000249956",0.18643784398895,0.504510604069945
"ENSG00000233010",0.260230661031937,0.504519655456944
"TMPRSS3",-0.14355597814438,0.504646697414552
"DYRK2",0.0674097612014229,0.504988425787157
"ENSG00000229119",0.227992203220356,0.505048607046862
"SUSD2",-0.133254766817238,0.505111178601071
"TMEM131",0.0618365186964565,0.505494020941887
"ENSG00000261140",-0.281316701333426,0.505981365860822
"RPS13",-0.0512984633444343,0.506001535796343
"ADPRHL1",0.187097056608104,0.506202399380504
"CHRND",-0.368082430259592,0.506323414031228
"FZD7",-0.259678786494264,0.506474286876164
"ENSG00000258311",0.114473783006882,0.50650693618593
"SERPINA4",-0.0987325900522352,0.506729349072524
"HOGA1",-0.0851940434952115,0.506855062066082
"SMURF1",0.051420055220114,0.506933548379564
"DOT1L",0.0493463559851244,0.506977053912981
"FLII",0.0432674875286591,0.507062543171612
"SKP1",-0.05257968311749,0.507121199663862
"PMEL",-0.204565280797193,0.508003195981453
"ENSG00000288923",0.390151443291499,0.508468854303978
"KLHL32",0.33569080885278,0.508777667671662
"PPP1R26-AS1",-0.100240245966422,0.508844618795213
"LOC105373347",0.307716596512424,0.508911872213235
"ENSG00000248101",-0.168226689456253,0.509203663574675
"RNPEPL1",-0.0553059585024067,0.5092635096483
"ZFP37",0.106178619802665,0.509299451587746
"DPY19L4",-0.0780495346225462,0.50937434309904
"ENSG00000279861",0.137169597383807,0.509399809279294
"IDH3G",-0.0572364445647068,0.509579583707794
"DBI",-0.0530607849892283,0.510010240668278
"ZNF398",0.0632553658527089,0.51049259849797
"HIBCH",-0.0565898620103023,0.510664682179771
"ENSG00000290913",0.263511745934857,0.510813938490855
"ENSG00000284707",-0.151566641214314,0.510939999941189
"DFFBP1",0.298653733753143,0.511682245853816
"ENSG00000276166",0.230923314568811,0.511687051690195
"ENSG00000287665",0.212816713408553,0.511716373427942
"ENSG00000269815",-0.29235194792672,0.512148840938587
"ZNF204P",0.190196104749572,0.512357450073925
"GNAI3",-0.0502897544221138,0.512379957199151
"RPL6P19",-0.236501227223388,0.512451066490592
"ENSG00000286724",0.256180208561398,0.512471882349794
"TMEM150C",-0.0882172154543947,0.512530706802207
"OLFML1",0.136763729075374,0.512627797989065
"ENSG00000298816",0.315042407961306,0.51304589637361
"ENSG00000258593",-0.153686914905495,0.513064433178281
"KNL1",0.0852603071682023,0.513085472800955
"ENSG00000279692",-0.125676210545722,0.513244989297704
"SMAD7",0.0884229138311923,0.513624922098039
"TP53BP2",-0.0567454905040393,0.513822065477642
"ENSG00000239763",-0.185471856718962,0.51424885543013
"DHFR2",0.0884483482492642,0.514280420327649
"RBFADN",-0.139092043650757,0.514599028999819
"TSC22D1-AS1",0.264549836101288,0.514660815339334
"LOC101928718",0.259833921067644,0.515061343684888
"RPL32P18",-0.301296956236223,0.515115482261914
"ENSG00000233849",-0.191201357987153,0.5152422060674
"ENSG00000224505",0.108539121552169,0.51552268208609
"TPM3P9",-0.0744512730726443,0.515765617792276
"DIPK1B",-0.150718234910849,0.515796965231623
"ZFP2",0.13153544031387,0.515799169858745
"ENSG00000296426",-0.297422595571489,0.515870611474727
"POC1B",-0.0700272695014227,0.516183473573115
"CCEPR",0.0401216087377982,0.516243633274652
"TMEM19",-0.0642421007562618,0.516454150597988
"FAM72A",-0.0893560296370218,0.516785090827466
"HCG20",0.31803370100898,0.517073354851277
"UBAP2",0.0407273251945348,0.517352379380916
"ENSG00000254812",-0.311948506553656,0.517395591754019
"ENSG00000289291",-0.170034836327531,0.517430209951806
"SPIN1",0.0481865800003092,0.517781411823414
"ENSG00000227388",0.0910634910405244,0.517810533893978
"CFAP46",-0.318936405193835,0.517884076190613
"CPB2-AS1",0.253472360547148,0.518580044309805
"COX6A1",-0.0579047517078794,0.519148638683963
"ENSG00000235319",-0.241655911804001,0.519158078488997
"LSM1",-0.0637974091873131,0.519681048631639
"ENSG00000258813",-0.243217536480136,0.519894521326518
"ATP6V1H",0.0638519522700832,0.52027311685003
"CMTM3",-0.0710708696327284,0.520612708333523
"ENSG00000289857",-0.0732567729251504,0.520656514099152
"C3orf62",0.0730507377255903,0.520755431663024
"ENSG00000289393",0.131959698660699,0.520975010292397
"PCDHB3",-0.343284325099503,0.521080827217841
"ENSG00000232098",0.0535635643010858,0.521081414692353
"ENSG00000302668",0.242612201150199,0.521108012979527
"BCL10",-0.0813015464397287,0.521166044958877
"JAM3",0.170450127396616,0.521388797822317
"PNRC2",0.0528927704464837,0.521422470958975
"GJB2",-0.372732768320007,0.521511767309687
"LOC100288570",-0.279588314473944,0.521541334464956
"ENSG00000289428",-0.175358602880416,0.522265949335556
"ENSG00000271918",-0.0875417081032215,0.522269841816738
"BCKDHA",0.0822673044270967,0.52228020423761
"ENSG00000307532",-0.18120103546593,0.523328680190027
"ENSG00000303007",-0.251679300114439,0.523636428064025
"ENSG00000271741",0.538440497852458,0.523951770856823
"CENPBD1P",0.0605013402428938,0.524293836414066
"NPIPA3",0.388502572297314,0.524297182202362
"OSGEPL1",-0.0975059195602493,0.524396299697305
"SUPT3H",0.0503818651860465,0.524411492187377
"LOC107986250",0.129226241899381,0.524421008109711
"MAP4K4",0.0463815768473858,0.52518894422105
"PFKL",-0.0662796938376246,0.526211983028673
"NDUFC2-KCTD14",-0.178309203230944,0.526430265288601
"TLK2P2",0.154448312091592,0.526609411283526
"GOLGA8H",0.136896247564947,0.526739219731035
"NUTM2E",-0.191962442624232,0.526965197223915
"PLPPR2",-0.0591626070414025,0.527125315408949
"KLHL26",-0.077473639663875,0.527201079545009
"TRAPPC2",0.0795649391791516,0.527258029970087
"ENSG00000228144",0.720847950356876,0.52738262230167
"ZNF611",-0.0831914662791353,0.52744348537422
"INAFM1",-0.0696703863468777,0.527604383181323
"ENSG00000227543",-0.26038159942825,0.527636512327303
"ENSG00000259033",0.14854080269885,0.528252248048851
"TAOK2",-0.0468273639981063,0.528673888332388
"TFRC",-0.0802291735680262,0.529112803445352
"ENSG00000268947",-0.299656128415807,0.529705774958266
"ENSG00000288815",0.20389771541705,0.530125257328942
"DRAM2",-0.0502808961002886,0.530852877090488
"PRPF40B",0.0482213150349843,0.530964812813452
"GLIDR",-0.272472057058387,0.53115418066521
"MGRN1",0.041971408225569,0.531181053066572
"FER1L4",1.12151031214685,0.531302406659134
"UBE3D",0.0678920527262305,0.531412283777564
"RIC8B",-0.0564478861491678,0.53141756917638
"ENSG00000267672",0.369961921923963,0.531664900434696
"ENSG00000275580",0.317745960896565,0.531955108431196
"NID1",0.0834384781749326,0.53199855819614
"EEIG2",-0.116227689533457,0.53234435421864
"ARMC5",0.0492853964177707,0.532665244820464
"ENSG00000228050",-0.120577275393702,0.532721935931125
"SEPTIN8",-0.0419047978264739,0.53273584810158
"ARHGEF17",-0.0630799314958008,0.532739993778623
"ENSG00000295949",-0.254173130632202,0.532762592740565
"SMC2-DT",0.239166593699361,0.532897976326978
"ZNF559",-0.0638002310655182,0.533017614974247
"ENSG00000238164",0.139266499182225,0.533065054914939
"ENSG00000296790",-0.127486845581292,0.533343002765558
"ENSG00000274825",-0.215307286429642,0.53363371612322
"ETV1",-0.249437307739899,0.533902456247058
"CPLANE1",-0.064071988584643,0.533962560811611
"LOC105379109",-0.272678149319774,0.534401011042562
"ENSG00000289295",0.119419140891246,0.534606142479873
"DHX40",-0.0557387250049833,0.534767968099372
"GOLGA8O",0.353487232678128,0.535041358824976
"AMDHD2",0.0539672944242782,0.535650881597082
"VDAC2",0.0571556626895793,0.535858154068745
"TMEM87A",0.0788191476311749,0.535899189302782
"LOC102723360",-0.187731491660228,0.535991215971337
"ENSG00000279722",0.199957056350465,0.536132452998543
"ENSG00000305798",0.231626908754902,0.536307259663643
"ENSG00000259158",-0.445037183641433,0.5364894124659
"TMEM30A-DT",-0.15895630513873,0.536732676157224
"ENSG00000299852",0.24624219665923,0.536793845001561
"LOC107985200",-0.0946032279646466,0.536868690035051
"BECN1",-0.0444627155376651,0.537339159932234
"CDC34",0.0485385714632861,0.538110290218571
"DPY19L2P3",0.257477420679312,0.538280930771723
"ENSG00000229358",0.200316061059897,0.538419565706775
"MARK3",0.0477780306254627,0.538762384236426
"AP3B1",-0.0418014890528063,0.538863635746832
"ENSG00000304056",0.173145192859624,0.539016175176056
"BRCC3P1",0.261555792107568,0.539214893136592
"KDM1A",-0.0413672250029844,0.539978997920385
"ABI2",0.038086803213803,0.540209339936752
"VPS41",0.0415949658067437,0.540555238688716
"EMBP1",0.100982858394623,0.540601275571427
"KMT2B",0.0568708798968317,0.540682313913655
"ENSG00000251279",-0.114413156831414,0.540790469494387
"SCOC",-0.0533959556527249,0.541012715570781
"ENSG00000184208",-0.23649275582498,0.541116733582184
"ENSG00000274372",0.0935477873996468,0.541188630406914
"VASN",0.0887628881618115,0.541372531284219
"LRIG1",0.059417699250103,0.541417668804284
"ENSG00000260368",0.29636283981426,0.541490171172031
"RPL13AP26",0.496600256895669,0.541539831908197
"ENSG00000306831",0.20070900882966,0.541938332233321
"OGFR",0.0404860308597135,0.541998728520704
"FAM88B",0.266786254297816,0.542037678807671
"ENSG00000296343",0.148249398628556,0.542052501117318
"FAM32A",-0.0492018572070317,0.542110437386723
"ENSG00000289043",-0.116677591045578,0.54216368647304
"METTL23",0.0519980074608844,0.542294030070825
"ENSG00000289003",-0.136357990666642,0.542598820237538
"C2orf74",-0.125412640956925,0.543501309106734
"ASAP3",0.05803861422946,0.543537646222893
"ENSG00000287895",-0.279543004635091,0.543642702516411
"PRKAR2A",0.0414229710341124,0.543692873496728
"APLP1",0.181643470837728,0.543747354892058
"RPL6P27",0.12442706677173,0.543763167130316
"ENSG00000280129",0.105293820786418,0.544334902239024
"ENSG00000259408",0.22136743191417,0.544358752495286
"FAM200B",0.0485704321252368,0.544506832657826
"ZNF426",0.0671576203831059,0.544757172330293
"LOC105371094",-0.17509380340288,0.5449706453773
"PLEC",0.0566537885966834,0.545089114106295
"RPL7AP6",0.103309126329852,0.545137533322926
"ZNF2",-0.0702474937873425,0.54525200512556
"ENSG00000267263",0.189959215495592,0.545312979341851
"NFYB",-0.0499453646265232,0.545869946035684
"ARHGAP9",0.232626357694336,0.546096960331099
"PPM1A",-0.0392502343781757,0.546249427203677
"MTRF1L",0.0643802266293722,0.546759242010238
"ENSG00000283765",-0.717432936437156,0.546823774153744
"P4HB",-0.0559886965246737,0.546832903685699
"ENSG00000260166",-0.368787890347356,0.547004856966705
"LYL1",0.15745005832783,0.547247318714456
"MTND2P28",0.156970000036116,0.547439985921208
"DLEU1",0.0489018184437184,0.54748454858103
"ENSG00000272911",0.235854452094748,0.54751354351334
"RSKR",-0.0780728902703209,0.547556069609398
"KCTD6",-0.047224591990696,0.547791293334903
"HMGN3",0.0492761705092585,0.548029636383669
"PHYKPL",0.0515621570388638,0.548042788669407
"COX18",0.0604702713078061,0.548045708909658
"TTLL3",0.0542577536049017,0.548304902312688
"ENSG00000289296",0.224122071163655,0.548555322405047
"TMEM150A",-0.0459785146138352,0.548672162888274
"PARVA",0.0679302177791999,0.548782059212297
"ENSG00000218537",0.26493093018687,0.548786572931627
"ZNF816",-0.06096353150863,0.548917263449369
"TMEM183BP",0.31475246801469,0.549079402991577
"CPE",-0.054375592290191,0.5492228229808
"NPIPA2",0.217571624757899,0.549277313366639
"SFRP4",-0.145172014806239,0.550020618743662
"MIRLET7A1HG",0.0687643358255445,0.55006673583863
"ERICH2",0.108794954859027,0.55007329037961
"ELAPOR2",-0.0725485693114929,0.550193157863177
"ADAMTS7",0.29094249410574,0.550495488987067
"BAIAP2-DT",0.0927071001403526,0.550800733389255
"ENSG00000307699",-0.199868125935787,0.551208808289807
"RUSF1-DT",-0.33447105892056,0.551298936160047
"TNFRSF6B",-0.238961533921593,0.551554174492672
"FBLL1",0.209125126886352,0.551640949230858
"ENSG00000272140",-0.150048357965417,0.551674984023523
"HNRNPK",0.0430397965143113,0.551755001524167
"RHOT1",-0.0446836776499729,0.551959236673994
"ZNF610",-0.156059911095197,0.552273040440433
"ZNF597",-0.0755535098006134,0.552668926621411
"KANSL1-AS1",-0.183344259519522,0.552706937867092
"TM4SF4",-0.126197246445172,0.552785999334032
"SLC2A3",0.147527061050798,0.552793412579551
"ALPK3",0.209739639111579,0.552972682122772
"ANKRD36C",0.108738956037195,0.553285502810202
"KCNG3",-0.095062301318309,0.553448103623461
"CLASP2",-0.0481755204909191,0.55354871574924
"EGR1",-0.122656625187591,0.553567226576121
"RNF14",-0.0567860422024177,0.553777005937183
"ENSG00000225210",0.68947467646971,0.553783973559491
"NADK",-0.0362263217124704,0.553882758856288
"TCEANC",-0.135805079575953,0.554041866164003
"ENSG00000280274",-0.257012422704635,0.554069582243929
"MSANTD3-TMEFF1",0.147414948274719,0.554153883383262
"ENSG00000204789",0.767028109619396,0.554322306669062
"SALL2",0.0850907393230508,0.554474757084935
"SLC16A3",-0.0564247323247537,0.554918830032351
"ENSG00000293044",0.147377111508265,0.555441665398458
"ENSG00000282876",-0.166167276459955,0.555453307606623
"ZFP30",0.0710500712452631,0.555702135090435
"ENSG00000280744",-0.387531671762784,0.555708592776132
"ENSG00000204685",0.0706860391266576,0.55616131644719
"PYGB",0.0393438395606925,0.556589418644578
"TKT",-0.0469008768286694,0.556870509950436
"TSC22D3",0.184384686784752,0.557057017514974
"ENSG00000259952",0.289109000964383,0.557423621284387
"LOC652276",-0.0652541916766984,0.55769779306165
"RNF114",0.0339163683310877,0.557720320325544
"SUGT1P1",0.230540895553336,0.557730520998685
"MAPK8IP2",0.112582425537412,0.557853337590305
"ENSG00000273568",-0.258254482186425,0.558092627231456
"RACK1",-0.062661845379153,0.558339648893487
"ENSG00000280032",-0.323722647071281,0.55843122700088
"CDHR3",0.0625726362240356,0.558645540852903
"BDP1",-0.0637702120874158,0.55866637825985
"POLR2J2-UPK3BL1",0.52207815891608,0.558996659763689
"ENSG00000303623",-0.142545225093319,0.559365994111761
"ITGA6",0.0842805610113066,0.559399266522366
"ENSG00000260401",0.262133801684758,0.559579971329933
"WDR24",0.0511860582249163,0.559741720044877
"ENSA",-0.0398508868771593,0.559755785868632
"ZNF816-ZNF321P",0.634578017068063,0.559900727715178
"ENSG00000249096",-0.168311921535703,0.560100283795565
"C1QTNF5",0.283090704102675,0.560494889468054
"ZNF614",0.0558247273682308,0.560510072983175
"SERPING1",0.0681704737072746,0.560594134374263
"NUDCD3",-0.0359494138330139,0.560700533466008
"ENSG00000302941",-0.143625540923372,0.560785135637929
"LINC01347",0.132225930171508,0.560826147436253
"PANK1",-0.0616463737218969,0.560958198140163
"CCDC102A",-0.11600309738853,0.561020474201021
"SPG7",-0.0504479914504458,0.5610339389672
"SARS2",-0.0506338372132967,0.561217883879624
"BTF3",0.0470024504528809,0.56123160548227
"DLL3",-0.184203198382059,0.561292217375701
"FAM234A",0.0440176552464813,0.562129200327698
"TTC9C",0.042049766006199,0.562248733104364
"ENSG00000310576",-0.0590755524614573,0.562310985250769
"LIN54",0.0401972017496218,0.562431831886058
"RBM26",0.0415290009631186,0.562895033148919
"CKAP2L",0.0464913180698232,0.562915572147205
"ENSG00000308909",-0.307508549613187,0.563191866883291
"METTL21A",-0.0513301656200526,0.563620497122212
"ENSG00000174977",0.328514691064897,0.564025045620758
"ENSG00000304977",0.258322147332177,0.564161721732009
"ATP6V1E1",-0.0643336364402433,0.564257374175096
"RHOXF1-AS1",0.106853016291386,0.564418503820786
"ENSG00000302385",0.215389630694021,0.564799683701403
"NUDT7",-0.0621386614662996,0.565092273239192
"ENSG00000289272",0.237815374213657,0.565242300041798
"GPRASP3",0.144374645006,0.565522819955964
"TARS2",0.0531829949479615,0.566381357522636
"ENSG00000275383",0.212548500537583,0.566491971204393
"PIGU",-0.0537621977676929,0.566603882478413
"YLPM1",-0.0327038095211412,0.566778656971967
"A2M",-0.0981517817989576,0.566813785309399
"ESPNL",-0.128917743102038,0.566903984315314
"TBC1D3K",0.527216048342646,0.56723082778221
"ENSG00000257509",-0.159046446201124,0.567293753050924
"ENSG00000250899",-0.085564489824452,0.567294552997067
"HOXA6",-0.201510695658589,0.567346723886067
"VPS9D1",-0.0531465220000319,0.56742436949694
"ENSG00000258017",-0.102570687170943,0.567510522481033
"CDC20-DT",0.258666859816618,0.568181564405738
"ENSG00000229704",0.110754260622888,0.568297652865555
"ENSG00000289552",-0.313799113770479,0.568647310714745
"NUDT17",-0.0904597284202592,0.568764988772726
"ENSG00000255517",-0.131491582410857,0.569208665687987
"ENSG00000226121",0.156661582611245,0.569332740871879
"PIP4K2B",-0.0332407161389175,0.569431250590907
"ENSG00000287594",0.178917738746276,0.56949484314757
"BSN-DT",0.343582585292268,0.569883185510948
"TBC1D9B",-0.0367524431762487,0.570314129136887
"SLC35A1",-0.05708189569028,0.570571601799162
"DCBLD2",0.0410474843355347,0.570874585461354
"RAB14",0.0367318690899677,0.571019304336143
"FKBP1C",-0.156241277258848,0.57134456668725
"SAP30",0.0586324027886669,0.571375193031102
"KIFBP",-0.0509496846293454,0.571693120802621
"SNRNP27",-0.0514063095332507,0.571727871160121
"AMFR",0.0514096990643421,0.571832727492199
"RPL23AP1",0.564034697960124,0.572076456705791
"ENSG00000231125",-0.370432227709624,0.572081541562168
"NPIPP1",-0.127932184445758,0.57258505114829
"KDSR-DT",0.230217603817152,0.572857522118744
"HOXA3",-0.0493523540923476,0.573003529377288
"ENSG00000286311",0.143625488643305,0.573010217537808
"TMCO1",-0.049509677705823,0.573172653020573
"RBM26-AS1",-0.104003747681535,0.573590498333133
"ITGA3",-0.180151874563244,0.573728348022104
"MYO7A",-0.0743391792142291,0.574327564148447
"RNF166",0.0527105739503134,0.574712856724099
"THSD7A",-0.278435501788076,0.5747628813823
"ENSG00000259581",0.20432301106009,0.575099094746584
"ENSG00000289943",0.182869186959575,0.575762002209718
"ENSG00000260774",-0.145578474999445,0.575973327510726
"ENSG00000213189",-0.140048848137824,0.576275672928997
"NPIPB5",-0.0515724376174576,0.576403035927632
"EEF1A1",-0.0615745120636625,0.576438174331282
"HSPA13",0.057757811410648,0.576583813183828
"MUC5B",-0.168587895144033,0.57687391729553
"ENSG00000269958",-0.0782365818017072,0.57695065429199
"KCNRG",0.235618933407267,0.577188264224609
"TBC1D14",-0.0366609247395437,0.577257088316791
"TMEM277P",0.253982882895692,0.577794381633627
"ENSG00000272983",-0.245466809340302,0.577878028000174
"NPIPA7",-0.0527714413505556,0.577920091456932
"TSPAN4",0.0497232545913607,0.578118243215618
"ENSG00000272108",-0.28022101851866,0.578438752359835
"PANK2",-0.031530325597121,0.57846622724271
"KLHDC10",0.0405644947835538,0.578594729033346
"CCDC126",-0.0728405767071668,0.578765070045209
"TFPI",0.0426270349935634,0.578800918518858
"EIF3FP3",-0.188807452202768,0.579028829388278
"GPR20",0.198155057466371,0.579321764243934
"NEU4",0.0747318096522399,0.579616444328539
"MTMR9",0.0581220444517977,0.579617371303984
"ENSG00000272750",-0.187341358560412,0.579697798409415
"FAM216A",-0.0596013313946231,0.579759665032326
"RAB15",-0.061664519199663,0.579999074864936
"DNMT3L-AS1",-0.147556930631234,0.580087627247375
"SGMS1",-0.061479192243095,0.580095971014885
"YIF1A",-0.0401780068930223,0.580100841356309
"NAMPT-AS1",-0.178076885731336,0.58047600787268
"UPF1",0.0436144265405399,0.580665414547041
"PI4KAP2",-0.0631547214562591,0.580850993375258
"BTF3L4",-0.0385896303982069,0.581078451909956
"SLC49A3",0.25858368565669,0.581353595530251
"BRWD1-AS1",-0.20825846087532,0.581442082225579
"ENSG00000289970",0.264221703569948,0.581518383470234
"ENSG00000289440",0.173978122785298,0.581528040931395
"AKAP3",-0.214292718097584,0.581980186995035
"NCKAP1",0.0323864009599698,0.582022544423005
"LOC105372266",0.217735381585681,0.582302989419518
"CAMK2D",0.0388961333685401,0.582628191823805
"IARS2",-0.0351969062475416,0.582860701759146
"MRGBP",0.038816919353335,0.582931238180235
"ENSG00000298823",0.185117325377696,0.583290953539125
"DNAL1",-0.083560218906451,0.583455469608171
"C15orf39",0.0433894274218393,0.583654557764534
"FDFT1",0.0461801245197861,0.584077141086864
"ENSG00000289103",-0.198600105452658,0.58412031975186
"CDHR1",0.246112801805618,0.584263454104922
"ACACA",-0.037683217602339,0.584310049667876
"PEF1",-0.0490566828323809,0.584657154403284
"ARL3",0.073435793799416,0.58465771249988
"ENSG00000306708",0.140029889957627,0.585071968419206
"ENSG00000280163",-0.189696946860558,0.585594812932642
"ENSG00000289067",-0.107892201039915,0.585780753583442
"DYNC1I2",0.0426948239480358,0.585789628522653
"AURKA",-0.0357227713182192,0.585872455114276
"MIEN1",0.066932847701337,0.586056286071775
"ZC3H7B",0.0372280580618856,0.586297019301039
"MSANTD2",0.039774911407182,0.586965017083128
"ENSG00000295057",-0.269454299393582,0.586990602235172
"ENSG00000259553",0.374801412633059,0.587686669821782
"MAGOH-DT",0.217884346029895,0.588071054952528
"CRCP",0.0415952973466536,0.588121734492741
"DLGAP5",0.0462228156192359,0.588690975571553
"ENSG00000244265",-0.142318126080807,0.589134208519367
"SCRN1",0.0553419179427054,0.589518214748795
"IL17B",0.125672568787417,0.590100238488783
"ENSG00000260949",0.164672632229752,0.590311747123966
"ENSG00000270562",0.128513693025292,0.590564175307212
"LINC00886",0.112669006691634,0.591009247337359
"TRABD",0.0350379636429822,0.591096564699832
"RNASEH1",-0.0351169104966737,0.591385263588132
"SBF1",0.0469417961810965,0.591582957356814
"PLAGL2",-0.0523384490953683,0.59204469258455
"ENSG00000301917",0.276159864872181,0.592256072415924
"ENSG00000267520",-0.0603607051717401,0.592340409444183
"ENSG00000233871",0.115403118283339,0.592523475631339
"RPL11",-0.0621206546102818,0.593292146225854
"JUP",0.0539001252483176,0.593712611851771
"ITGB1",-0.0444953714291463,0.593798408411702
"ENSG00000258377",0.194395208034323,0.593825388740193
"HLA-J",-0.161098414191604,0.594109503158921
"PGS1",0.0378767938028155,0.594153783676452
"SLK",0.0380947036973159,0.59430491310012
"QRICH1",-0.0335657688736826,0.59475690914543
"ENSG00000204620",0.279255119004793,0.595210120398801
"ENSG00000270574",0.131583479630853,0.59561005863298
"ASGR2",-0.0442862849331535,0.595615844429183
"ENSG00000244479",0.473583529061168,0.595757215313641
"ENSG00000251666",-0.207477772259786,0.596186352401355
"CWC22",0.0374836742794157,0.596197947032072
"UFC1",-0.0534222652909276,0.596203133045548
"TPGS1",-0.0679827132614151,0.597752791820094
"ENSG00000203644",-0.0775816063529519,0.597889907587366
"VPS26C",-0.0440984043505685,0.598007536987639
"SUGT1P3",-0.0616788706715152,0.598026230491736
"ENSG00000309183",-0.229083820536593,0.598364136396321
"ENSG00000289560",-0.139573876519629,0.59861748419825
"CCDC32",0.0462539748554826,0.598653561633645
"ENSG00000305730",0.234371269737001,0.598843867450647
"FZD3",0.0566952094312604,0.598941641841722
"PCDHB4",0.13445589172152,0.599001251595104
"NAT8",-0.0678925381343037,0.599560830499774
"ENSG00000215184",0.18476916671625,0.599802681930928
"LLGL1",0.039725964580519,0.599966861493608
"CCNJL",0.113978628962997,0.600209274702923
"SPCS2",0.0437871487396042,0.600219730312532
"LOXL2",-0.231317592059525,0.600283651850298
"NIPSNAP2",-0.0459697172709634,0.600483130505593
"GHET1",0.197473747953052,0.600515618426986
"ENSG00000279066",0.130503288476276,0.600637836026364
"PDGFC",0.0834191282145904,0.601129448388105
"ENSG00000276007",-0.0786989680167198,0.601248358483082
"MTATP6P1",0.106650803976337,0.601273711582846
"LOC101928881",0.127431153288053,0.601288454535517
"ZNF385A",0.107303334170602,0.601348850152089
"BORA",-0.0481363452689029,0.601403977326041
"NUDT14",0.083385197404055,0.601646354485386
"ENSG00000306969",0.151341026362432,0.601775782749727
"ARRB2",-0.0379192877702151,0.601803839497278
"SLC28A2-AS1",0.179335784424272,0.601873307899443
"ENSG00000180867",0.0626752256927687,0.602101146493939
"ENSG00000305352",-0.126043453643222,0.602267314374499
"AAAS",-0.0308187451799675,0.602436709679242
"DGUOK",0.0438567334042723,0.602605103417362
"ENSG00000235043",0.271611229485697,0.602674737596118
"COPZ1",-0.0509759691236254,0.602968808579317
"ENSG00000274225",0.1299034839215,0.603336870538177
"SWSAP1",-0.0661476144827644,0.603981760003507
"ASAP1-IT2",-0.104513657601312,0.604011623086891
"ENPP4",0.288237187651223,0.604363215355984
"NKD1",0.0394257067796868,0.604588695421362
"ENSG00000278112",-0.149431801087782,0.604651849987066
"ENSG00000293255",0.410598644551789,0.605298030899285
"DERL1",0.0433481903788247,0.605349517807091
"FAM193B-DT",-0.25095171373398,0.605466280479473
"ENSG00000259585",-0.197974332989752,0.606534310500528
"ARMC2",-0.161876310034375,0.606536194937475
"ENSG00000293793",-0.182800216655097,0.606668781215397
"HSPA8P15",0.118631547860226,0.606763347173952
"ALG2",0.0335588051213866,0.606829872018633
"SLC2A6",-0.0419053128818468,0.606933807767845
"TEX22",-0.163006546597436,0.607048919936529
"ENSG00000307241",0.13199517913878,0.607404243178476
"BCOR",-0.040399004992321,0.607408152154787
"MAZ",-0.0320064172432735,0.607660859108952
"TRIM27",0.0317203186918226,0.60768616284956
"ENSG00000254692",-0.459852343904346,0.607930314064396
"ENSG00000289353",0.0695403263455726,0.608496801651907
"NQO1-DT",0.149803989796453,0.608680946594863
"ENSG00000229816",-0.250080042143645,0.608906424392217
"ATL1",-0.164123731245599,0.609072073390539
"LINC02422",-0.128917708816298,0.609112212011336
"ENSG00000291099",0.090838200451026,0.609424655710643
"IFIT1",-0.0972007239118576,0.609678922101718
"CROCCP3",-0.0607900479314042,0.609710957986592
"ENSG00000295871",-0.256776555945052,0.609823944779481
"FRS3",0.0546893140475734,0.609937055838202
"C1orf56",-0.119497376227243,0.610249380537131
"GSTT2B",-0.0875130303924028,0.610416153251489
"TBC1D30",0.189311155240074,0.610747783693222
"ARL6IP6",0.0367789886369769,0.610821847473936
"CRNDE",-0.182819297645511,0.610824954959632
"SH3BP1",0.0411302274029415,0.611002559731638
"GPR137C",-0.0831457731941378,0.611108337564366
"ENSG00000279814",0.188961242887732,0.611303718195379
"ENSG00000290833",-0.0643454963950445,0.611735254763103
"ENSG00000302377",-0.527694468013184,0.611978495766065
"RPS3",0.0411582139340084,0.612409213202146
"ENSG00000296560",0.181397815331835,0.612590332356482
"DBT",-0.0496193737489807,0.612842439311181
"SEC11A",0.0457530576822229,0.613188514560654
"ENSG00000260167",0.308945092752114,0.61327643816048
"ALDOA",-0.0734708829966042,0.613351167491546
"LOC100287808",0.0814756865141404,0.613897030977736
"ENSG00000064489",-0.0989534243078415,0.6139667270026
"CBLL1",0.0382795150442823,0.614132308332375
"ENSG00000291043",-0.0895544200560646,0.614172567886396
"ENSG00000308423",0.217363675865253,0.614759769072014
"NMRAL2P",0.0916219584050857,0.614951905404681
"ZNF112",0.0671267292518332,0.61503392719789
"ENSG00000274751",-0.143668734171284,0.615411288153708
"RNU1-1",0.323506923846678,0.616164746272316
"RNU1-28P",0.323506923846678,0.616164746272316
"RNU1-3",0.323506923846678,0.616164746272316
"RNVU1-18",0.323506923846678,0.616164746272316
"CNNM4",-0.0437189521944133,0.6162205872055
"ENSG00000257027",-0.0755282517469391,0.616265376091443
"SZRD1",0.0376890269068413,0.616891201315598
"ENSG00000289106",0.110455458948966,0.617405853528725
"LOC128125822",0.0445410970850981,0.617561639508648
"BET1L",-0.0429162530207856,0.617946483950639
"ENSG00000305533",0.146793076966732,0.617950371842893
"HEXA-AS1",-0.148404803725441,0.618096738568077
"ZNF639",-0.03657134729644,0.618198148031464
"FEM1B",0.0370820965182969,0.618225751841451
"ATP6AP1-DT",-0.121058948231618,0.6185327544763
"RAP1A",0.0396429727402302,0.618568845263138
"HLA-L",-0.103341205579142,0.618963903131098
"ENSG00000230337",0.101131493470334,0.619200695922887
"SMARCC2",-0.0380725098732886,0.620446079500296
"ENSG00000294759",0.197545123931311,0.620556903495448
"ENSG00000267793",0.200725748632972,0.620999006424326
"ORC4",0.0372679555570493,0.62102763348599
"TXLNA",0.0325159892808325,0.62123368637123
"ENSG00000279077",0.19514229835245,0.621395049104681
"CAVIN4",-0.130127678478082,0.622049961281544
"RPL7AP60",-0.172466119641239,0.622093624319542
"ENSG00000230918",-0.144836355264277,0.622110694322157
"ARHGAP33",-0.102214859460476,0.623076282303115
"ENSG00000270118",-0.18599890215433,0.623436239357411
"ENSG00000230952",-0.0540738569738316,0.623648639385115
"ENSG00000267082",-0.303153244093245,0.624235601842862
"SNHG19",-0.0614399399472214,0.62503634138185
"ENSG00000276434",0.113911562858927,0.625547175676979
"TMOD4",-0.162311411010326,0.625590281466075
"SKA2",0.0398010077153775,0.625728292056544
"CENPS-CORT",-0.228578264344684,0.625988107768278
"ENSG00000279803",-0.246613578686159,0.626606597369497
"LOC100420580",0.258531261471565,0.626969082953918
"TRAF4",-0.0349592486515277,0.62720560788974
"ZNF56P",-0.0666311356727273,0.627360332521334
"COMMD9",-0.0526540374520533,0.627399056745138
"SEMA4F",-0.0420485522439472,0.627447618653667
"SNTB2",-0.0398310384284641,0.627543018463574
"TLX2",-0.199758162058293,0.627795093292146
"COLQ",0.15226536057093,0.628082078338
"MANEA-DT",-0.101676759092658,0.628145931179127
"ENSG00000226067",0.227955871632919,0.62844145551235
"LOC105373383",0.133532298201389,0.628522534284212
"TAS2R14",0.112313090410653,0.628718561673694
"NBPF20",-0.0474651190613107,0.628857770671275
"STAT6",-0.0344438961131374,0.629026293321175
"SKI",-0.042656106206149,0.629309145485871
"SCG5",-0.17616569397722,0.629444257644146
"ENSG00000237280",0.219846113227103,0.629670133707365
"LINC01554",0.28695509081031,0.629914568881522
"CRPPA",-0.140083445842353,0.630249424224534
"SFXN4",0.0455194977372278,0.630371014257132
"ENSG00000288906",0.178318881131401,0.630410554241015
"ENSG00000233203",-0.153954486076859,0.630879469593129
"PRAG1",-0.0550582891815753,0.631125487624348
"KAT5",0.0323060547718407,0.631208834135039
"POC1B-GALNT4",0.624868645173053,0.631251839039962
"RBM4B",0.0349606812453283,0.632544673934716
"ENSG00000269930",-0.244852099557438,0.63288124536236
"LOC101927687",-0.245692794266449,0.632884698608327
"COLCA1",0.103766750074173,0.633204376936364
"NANP",0.0352031361397761,0.633498696041923
"UBE2K",-0.0283310447355749,0.633637245304497
"ENSG00000269968",0.161181805342205,0.634167049368802
"VPS37A",-0.0321116520158975,0.634296266145389
"ENSG00000288012",-0.112241251992815,0.634366990690625
"GTSE1",-0.0404308279104063,0.634385240647668
"MATCAP1",-0.0389703688620307,0.634953509904908
"ZBTB20",-0.048926122416482,0.635100681140098
"CLK2",0.0335956446032677,0.63549250969354
"TALAM1",0.130829299532277,0.635626631386695
"ENSG00000279122",0.1649399193777,0.635699581713448
"ENSG00000287286",-0.201148656954438,0.636007163201468
"ARPC4-TTLL3",0.0781184716911205,0.636049978410194
"PCP4L1",-0.194173522392455,0.636291191916335
"ZNF250",-0.0629808109239271,0.636327991432397
"RBM23",-0.0748909166433186,0.636398208960513
"LOC100288637",0.0763779785782222,0.636503782585196
"MAPK13",-0.0528063884060513,0.637161446007181
"C8orf76",0.0466987958241951,0.637212911734228
"ENSG00000229927",-0.239612313147259,0.637860792548255
"PLEKHA8P1",-0.151458482613577,0.63790522251904
"ENSG00000269940",-0.0962279809516251,0.638152232242178
"ENSG00000302966",0.116750736734548,0.638363793806302
"ENSG00000240591",0.18697850348559,0.638533598651274
"PTGES3L",-0.122106183207955,0.638552929101349
"HMGB2",-0.0315902558421434,0.638971549380372
"ENSG00000235174",-0.0973490134657953,0.638976739043678
"NDUFV2P1",-0.0812640069909533,0.639118669259719
"FKBP1B",-0.0509899073942421,0.639256691867048
"ENSG00000254485",-0.137895575171187,0.639342597730236
"ENSG00000278920",-0.168683051604427,0.64001332276656
"ATP5F1A",-0.0356933867813345,0.640195881908168
"AGBL3",0.0794218730359633,0.640245729911648
"ENSG00000297567",-0.164351004926997,0.640459153712005
"ENSG00000287275",-0.190731498365136,0.641152472851849
"CFI",-0.0316953397384995,0.641282503813196
"ENSG00000287170",-0.123394379700972,0.641614219713593
"CDH26",0.105671750504279,0.641938980120412
"CUZD1",-0.193973865957439,0.642173490661484
"BCL3",0.0366660632536016,0.642181429810025
"BUB1",-0.0299027293601544,0.642271143521003
"ZMAT5",-0.0612543151911842,0.642430886067169
"ENSG00000259088",-0.229785585303308,0.642700361271367
"PCSK9",0.0675568570104651,0.643051537097574
"ZNF235",0.0541422474538864,0.643278230245986
"ENSG00000306799",-0.230140295480336,0.644249435803613
"ANKRD65",-0.0713333366887717,0.644257618968745
"TTPA",-0.0728843192149693,0.644776636826096
"SSB",-0.0389259870591633,0.644816672421772
"ENSG00000276390",-0.212941782612887,0.644950888682606
"GSPT1",0.0413381436011141,0.645387348625341
"ENSG00000308579",0.20442122752424,0.645657438474382
"ZFAND3",0.0424540518425663,0.645751727124162
"SRRM3",-0.129539258788044,0.645812710577266
"ADGRG1",0.119123488267439,0.645913292252648
"ENSG00000297002",0.215745855242723,0.646022175674967
"NCOA2",0.0410254004081186,0.646230373871536
"ZNF404",0.0713855798453076,0.646249496531358
"AGPAT4",0.173304004107577,0.646631382303384
"PGGT1B",0.0336781789644624,0.647039471466944
"ENSG00000274220",0.0621558860242009,0.64745606636274
"ENSG00000198406",-0.193377353438112,0.647652990155956
"DICER1",-0.0311102814482538,0.647750286579114
"ENSG00000274944",-0.115701146887887,0.647811170004086
"ENSG00000307673",0.174876280856192,0.647847593347723
"STAG3L3",0.0523424623414112,0.648205195153506
"ENSG00000276449",0.121794573498482,0.648219791684177
"ENSG00000305547",0.0892447830852501,0.648407330159286
"LINC00852",-0.091362637685486,0.648552906608262
"PIGN",0.0419415735378256,0.648561877937014
"ENSG00000295654",0.206790439745773,0.648962193418111
"JRK",-0.0405279339658299,0.649005133850536
"LOC100507250",-0.247328673027861,0.64903689642405
"ENSG00000298755",0.183301857252746,0.649043917281292
"LOC100419170",0.12481178543517,0.649142192787383
"PGM5P2",0.0857673342724087,0.649516759403781
"RRAGD",0.10082934418804,0.649821259686184
"LINC00513",-0.0442253588152439,0.65004849202627
"HEPHL1",0.212302339328547,0.650134104814147
"UNK",-0.0334608968926596,0.650354104067092
"ENSG00000293279",0.0536222471958885,0.650478761410612
"ENSG00000288852",-0.109947596998415,0.650588251237145
"ENSG00000293461",0.285836641969682,0.650883671565729
"SGO2",-0.0368461937727377,0.651039425384582
"MCRIP2",-0.0340653178240932,0.651456437802721
"PAXIP1-DT",0.0412433534124314,0.651781231268749
"ENSG00000267127",-0.176268024730663,0.651865059090507
"XAB2",0.0329690498305275,0.652190874020677
"ALDH1L2",0.125208306964431,0.652286790472111
"RNF5",0.0360979786900379,0.652356541410843
"ENSG00000267940",0.119409679579844,0.652608393285763
"ITGB3",-0.291558852119809,0.652625394996313
"CREB1",-0.0361830775095081,0.652874734765192
"TNFRSF13C",-0.167042594778214,0.652882272189772
"GYG1",-0.0483518983263239,0.653298245087111
"GATD1",-0.0439792907148979,0.653469606834673
"PSAP",0.0503556778435966,0.653561797637048
"KXD1",0.0420009491651014,0.653565321843594
"ATF7",0.0370419866516579,0.653661536467948
"LOC105371256",-0.157252650938746,0.653919880542638
"RNASET2",0.0395305353965968,0.654378155725094
"ENSG00000305299",0.270913207644602,0.654422042488588
"PARGP1",-0.0617813252111629,0.65486739476514
"ZNF433-AS1",0.104473577356504,0.654881317862151
"EFNA4",-0.0515547727495547,0.654922634402265
"ERP44",-0.0442344004563233,0.655246062393544
"ENSG00000305416",-0.240392262753946,0.655372604688417
"ENSG00000297626",-0.160103392081181,0.655572401683356
"ENSG00000289094",-0.116513317063423,0.655786139966002
"TOB2",-0.0306835437047306,0.656541335036324
"NIPSNAP3A",-0.046227273156417,0.656630416524096
"RAP1GAP",0.0343656605405684,0.656814115962834
"ENSG00000299019",0.248399708820419,0.656982446012903
"ENSG00000275029",0.156944947216903,0.657253700724007
"WNK3",-0.116155655927331,0.657289663816924
"CCNL2",0.0324811947101375,0.657601705063775
"NHLRC3",-0.0443359374542912,0.657634892484228
"LOC105374174",0.17836224051096,0.657768448730719
"PDS5A",0.0260028394414145,0.657837983467822
"RALY",0.0337941765253653,0.658114945567719
"CEBPB-AS1",0.155583799497874,0.658137377136781
"LTO1",0.0350815766575297,0.658172548792792
"ENTPD7",0.0413610983614428,0.658828625342514
"SYNRG",-0.040696206590109,0.65948714531089
"ACTR3",-0.0406765642375585,0.659667006076332
"ZNF766",-0.0410418420514372,0.659882906403443
"ENSG00000293315",0.10646249831782,0.66024579151
"MITD1",-0.0356103332347429,0.660507786474749
"MRNIP",-0.0457653178040887,0.660538577279151
"ENSG00000289236",0.102150475727634,0.660657875915134
"FAM47E",0.28802708124373,0.660671300773599
"ENSG00000305433",-0.161698016957763,0.66080348942632
"ENSG00000277741",0.218631894879727,0.660888145105367
"PMS2",0.0316487128831071,0.661041520232135
"EHD4",0.061428239812819,0.661063917273551
"CRLF3",-0.0456897469314609,0.661245231042317
"PDC-AS1",-0.113095471886423,0.661438553214307
"HLCS-AS1",-0.0667254967290322,0.661553963589809
"RPL31",0.0410357582267789,0.661740568113178
"PDCL",-0.0338251999055164,0.66175311328868
"EVC",0.0513406457214547,0.661791410508007
"PDCD6IP",-0.0298056783276072,0.661938756365385
"PTK2B",-0.0521028601531846,0.662197357590955
"BCORP1",0.117597576330645,0.663127226482023
"ZKSCAN2",0.033556517296365,0.663407670805744
"RABL6",-0.0275687154086967,0.663479242349955
"ZNF701",0.0461237978641779,0.66355974977927
"ENSG00000270872",0.0956695382664307,0.663694337186655
"GASK1A",0.22746639887133,0.663960764762315
"C14orf132",0.142565064261498,0.664080308148358
"TRMT44",0.0502502424618131,0.66415111431518
"ATL2",-0.031857193170436,0.664348523952344
"TAGLN3",0.22346662023279,0.66439199591912
"ENSG00000230724",-0.0451545982194882,0.664601729105969
"CD4",-0.0897781564766293,0.664674423670001
"ZNF626",0.0531636933366408,0.664744870692538
"ENSG00000267751",-0.0880031716263798,0.664744990276274
"ENSG00000303750",0.15076498155335,0.665005294229406
"NPIPB3",-0.0448241128756563,0.665762699018838
"ENSG00000272455",0.0512876362180327,0.665775326023846
"PELP1-DT",-0.148342184949667,0.665844798648495
"ENSG00000285679",-0.134657129959285,0.666260744545156
"ZNF517",-0.0638601866569865,0.666281787838093
"ENSG00000301874",-0.103591378057036,0.666910064712078
"ENSG00000270136",-0.120687163552439,0.666960211387639
"FGFR2",0.0782236635084193,0.667002045769512
"ENSG00000300063",-0.203646133714619,0.667021855475869
"AMIGO1",-0.0781682831393264,0.667131647456088
"NDUFV2-AS1",0.100923925757233,0.667177270864666
"GOLGA8A",0.0338713839182191,0.667448661516502
"C19orf73",-0.120822958414066,0.667471638093556
"BICDL1",-0.0461979125010256,0.667561337997064
"ENSG00000269403",-0.271879684549351,0.668107913956342
"TEC",-0.153693144098362,0.668354788191929
"ENSG00000295521",-0.13166174747707,0.668424604837787
"ENSG00000188185",-0.0539328553068388,0.668563595123701
"ASPH",-0.0401173793135227,0.668916594678869
"NEMP2-DT",-0.159944273916405,0.669174774790156
"GRIPAP1",0.0256027599839673,0.669236141604224
"ZNF875",-0.0310472658024181,0.669262368939563
"ZNF283",0.0674657678771906,0.669724085373104
"ENSG00000307459",-0.113648246879325,0.670128819492955
"RPS15AP6",0.158858489261427,0.670850631400855
"GALNT13",-0.0766088151363974,0.670984577924288
"SPP1",0.0806467186287488,0.671271260756251
"LEKR1",0.206817584144999,0.671272101733853
"ENSG00000295221",-0.125633365278238,0.671329702984571
"RAPGEF1",-0.041645171196347,0.671568574148015
"ENSG00000280353",-0.228470463469424,0.671955913859773
"ENSG00000286885",-0.220297978739682,0.672111733682754
"JOSD2",-0.0788216883642946,0.673028529198252
"ENSG00000278876",-0.136076876207311,0.673331535531094
"RCC1L",0.0354342369253494,0.673417989602479
"DDX47",-0.0285604523737441,0.673541626352566
"SRP68",-0.0358709460868119,0.673562878098565
"SNORA73A",0.208087388976774,0.674056877732808
"PIGP",-0.0562914340444383,0.674070012398603
"CRLF1",0.0399161879773709,0.674832635943233
"ENSG00000278126",-0.244257424636673,0.674869845905523
"ENSG00000247853",-0.197147140773654,0.674875208070322
"ZNF562",0.0314367067951903,0.675020192230436
"NLRP1",-0.0684041599068197,0.67505053783727
"PLXNB3",-0.0578440824501147,0.675646336177212
"C2orf69",-0.0347019410501082,0.675749623635056
"DPF2",-0.0319795927949933,0.676015208104396
"GLI4",0.0566233538908748,0.676388776664468
"CXorf38",0.048319309206993,0.676390299597983
"FER",-0.0307360622103744,0.676417984642055
"RTRAF",-0.0406970971104634,0.676731414382664
"RAPGEF6",0.0333081579149693,0.676932516960566
"ENSG00000236194",0.147274661677003,0.67698814338673
"ASB8",-0.0321700014589289,0.677086008026869
"ENSG00000273088",-0.328476479860464,0.677314165028534
"MT-ATP8",0.10746239043769,0.677340739180528
"RPL3",-0.0487746729289608,0.677348232191956
"ATP6V1B2",-0.0302012614126903,0.677407461717264
"DCUN1D3",0.0274650227266328,0.677423052129123
"C1orf226",0.0306300166651791,0.677539636389107
"HSPA4",-0.0454098999762331,0.677793021505946
"ZDHHC16",0.0412670593820286,0.677822589372717
"TEDC2-AS1",0.176118280070981,0.677954745988928
"ENSG00000301497",0.281330460080462,0.678245464000096
"FAM174A",0.0482070556175829,0.678481504340768
"ABR",0.106571132231876,0.679099081119555
"ENSG00000259642",-0.0832447885506468,0.680155763451011
"ENSG00000286707",0.15076163880419,0.680576489687412
"CYBRD1",-0.114596665101699,0.680717111549428
"UBE2Q1",0.0326535660283557,0.680953169818081
"PLD6",0.0499524137422142,0.681143011973038
"CIAO2A",0.0318184399759744,0.68135249239492
"POPDC2",-0.135679832644639,0.681389960907685
"MCL1",0.0370986194227254,0.68174576833486
"ENSG00000273402",0.20632937583238,0.681845158002383
"DCP1B",0.0397100498113257,0.681883380980174
"ENSG00000301730",0.208273594743176,0.681972269254172
"FAM83G",-0.0296211051162426,0.682003950612193
"LINC00261",0.0291865321076308,0.682023378899076
"LOC732229",0.130281319135291,0.682233480794852
"SERPINE2",-0.135663403101252,0.682561248005818
"ENSG00000273156",0.107848161136872,0.68262815178101
"SIK1",0.0625180463573869,0.682767731034702
"GPATCH8",0.0246830043367037,0.682896676114167
"NCK1-DT",-0.0617015443612189,0.683117184633261
"FAM200C",-0.0445074154319685,0.683333564083961
"KLF15",-0.0611884720993215,0.683466004028446
"CMTM1",-0.167794135787844,0.684230771618052
"ENSG00000288829",-0.0986568332228157,0.684344002625671
"SUGT1P2",0.193063930783414,0.684465722374158
"SGCB",0.0369390549101803,0.684543471972773
"ENSG00000276408",0.237430736539582,0.68467243696802
"H2AC8",-0.107079505722114,0.684735417959118
"DHX36",-0.0291186425875263,0.685147414745821
"ENSG00000306685",0.138735373116166,0.685393398336074
"THAP5",-0.0382952593771059,0.685473003227545
"ING3",-0.0470478714252589,0.685521463055522
"GASK1B",0.036490152387798,0.686069654105977
"ENSG00000246283",-0.108891992728444,0.686737800753848
"NPR2",0.0446337324397435,0.686751010733287
"CHRNA2",-0.101420179667163,0.686898374593778
"LOC101929609",0.0833163993810614,0.687068417781786
"RNF214",-0.0380533130823116,0.687274013646795
"EIF4E2",0.0268499214454536,0.688018346346146
"UBE2Q2P2",-0.0608746935851301,0.688022601561678
"LOC124903883",-0.172145831649104,0.688160580982633
"MIR4733HG",0.170283506820402,0.688368665493301
"ENSG00000272817",0.158239494509248,0.688875269069458
"DPP10",-0.118296628943214,0.689074783032319
"ENSG00000269997",-0.161990910086801,0.689120306518543
"ARHGAP11B",-0.0761276696497305,0.6896853686548
"DDR2",-0.155029522350448,0.689844856041599
"SLC4A1AP",0.0280532720161402,0.689853352812558
"ENSG00000231533",-0.134512346296983,0.689989801444467
"ENSG00000273724",-0.424441388511198,0.690048515424038
"EMC9",-0.0283346263947284,0.690107731119356
"ZNFX1",-0.0272098693082938,0.690371122196332
"SCO2",0.0317229212275504,0.690431721001248
"PPIB",0.0488608142831014,0.690553149935282
"ENSG00000261056",0.202782690112235,0.690656847768605
"KIF5C",-0.187590319240936,0.690866829736527
"SNAP25-AS1",-0.138734954173667,0.691079342055121
"ABCD1",-0.0249069995721185,0.691559479100573
"ENSG00000273243",0.125931173434548,0.691887197429908
"RUNDC3B",-0.0508854793183161,0.69209263008989
"ULK4P2",0.230962551085741,0.69232472727359
"ARV1",0.0419162243367007,0.69245815504791
"PDP1",-0.0694693373239273,0.692632251397391
"PRDX6-AS1",-0.0595136638921139,0.692679703434968
"ENSG00000260927",-0.140708281535047,0.692859186513488
"TECTA",0.172222692897365,0.692937180289792
"ENSG00000263235",-0.0704142322418155,0.693156220587018
"FUNDC2",0.0402898852188696,0.693353023035709
"ZCWPW1",-0.0518341000164349,0.693795997103438
"ENSG00000272086",0.0698677986577528,0.693845408787186
"ENSG00000235790",0.154567443753197,0.694252517783789
"GTPBP8",-0.0585781795943474,0.694286425263821
"ENSG00000280138",0.0761146414654232,0.6943451772329
"NUCB1",-0.0290977030926755,0.694460136244633
"C5orf15",-0.0317078006180945,0.694570355005945
"TMC4",-0.166272937731023,0.694615775066545
"COG2",0.028421678085985,0.69480066816398
"ENSG00000305766",0.125324122594465,0.695098168142544
"FLYWCH1",-0.0355838984261759,0.695329959011127
"ENSG00000270096",0.195088391175781,0.695834775374378
"SLC25A46",-0.0302480328763905,0.696402419906327
"NPIPB8",0.140368395837865,0.696623984610416
"SULT1A4",-0.143823807800744,0.696641500790598
"NEO1",-0.036262070640209,0.696797369991127
"D2HGDH",-0.0364069977174375,0.697042773755269
"ENSG00000285628",-0.0432859799116831,0.697306526324445
"ANP32B",0.0317753109701154,0.697427105464307
"LRRC39",-0.17257929355892,0.697849821724163
"ENSG00000289748",0.144044995962546,0.698530983669865
"ENSG00000289579",0.189062894481776,0.698569978061367
"ENSG00000279539",0.128522289883274,0.698777978196748
"TNNI3",-0.0668921506622706,0.698811234289611
"ENSG00000294960",0.106079950086142,0.699117297841889
"PGLS-DT",0.0637336724206844,0.69941527110888
"NPIPA9",0.0373760043617771,0.699493690805623
"ENSG00000198211",0.327295899848354,0.699680633341068
"UBE2N",-0.0297346800120476,0.699782572963797
"ENSG00000262678",0.0578902715211099,0.700487444205567
"CNTD1",0.19601174615307,0.700633048468518
"ENSG00000246877",0.0958420493314419,0.700778363028032
"LTA4H",0.027461800983723,0.700845646132817
"NAALAD2",0.0430105189042655,0.700892930084238
"ENSG00000290117",-0.130636574264676,0.701016036500102
"ARFIP1",-0.0329939311939866,0.701254090260493
"PRXL2C",-0.0331013786016432,0.701490542917617
"LIMS3",-0.434111114592175,0.701713918857473
"POLR2C",0.0299284944931463,0.70180512276428
"ENSG00000251050",0.244979525655706,0.70220396124068
"CKMT2",0.0648601982802983,0.702578298364334
"ENSG00000261220",-0.0836591736936814,0.702707944696042
"ENSG00000288820",-0.0535371397298755,0.702720977525146
"BCLAF1P2",0.200399630228094,0.702742005290009
"VPS35",0.0227434235427649,0.702982959829177
"ENSG00000307010",0.106086086130978,0.7031864837049
"GLRX2",-0.0408924990027448,0.703433510793986
"RBPMS2",-0.150172879848426,0.703663850808022
"NFKBIL1",-0.035926788645617,0.703872820946132
"DNAJC13",0.0280098066040204,0.704035069154963
"RPL13",0.0459818334223325,0.704616940011169
"MT-ND2",0.0849392487071289,0.704649748567116
"RCC2",0.0293778150536366,0.704719547031068
"EIF1",0.0330337908782282,0.704748566387557
"ENSG00000289268",-0.0574564401689284,0.704919709580387
"SUMO1",-0.0277613021967259,0.705738165185038
"HSBP1L1",-0.03781845599834,0.705823529671662
"RPL17P47",-0.114989951139854,0.705971214615914
"ENSG00000272702",-0.167993881440677,0.706128523956152
"CSRNP2",-0.032922519279677,0.706665748810428
"CIAO3",-0.0340644582881488,0.707137443678768
"PPIL4",-0.0320974313363719,0.707607285110962
"RETSAT",-0.0294401351371204,0.70769933963874
"ZNF528",-0.0476839916620374,0.707817008279519
"PANK4",0.0250272198490553,0.707964363203652
"ENSG00000214773",-0.139987753725553,0.708000276712846
"SNX8",0.0281836189587543,0.708230328004518
"TAF9",-0.0254702195828029,0.708231302253963
"MARCHF6",0.0308553997986068,0.708861964067294
"ENSG00000256028",0.047824365592515,0.709087097036405
"VNN2",0.14174009551838,0.709374907366889
"ERAS",0.115467488299354,0.709454890633379
"ENSG00000261499",0.340979664655452,0.709677638936703
"FLJ42393",0.0893359106359808,0.709768702094949
"ENSG00000236021",0.147225913228587,0.709793365295244
"MR1",-0.029830469876318,0.71001226397632
"ENSG00000213297",0.076844918580917,0.710411136191413
"SLC5A4-AS1",-0.157120538559775,0.711146948116982
"ENSG00000268798",-0.188035619590398,0.711309899818825
"YIPF1",0.0292995771438912,0.711398311787452
"NEURL3",0.0825326958107252,0.712270747230907
"RPS3A",0.0304242177283029,0.712912018763986
"POT1-AS1",0.133581324841687,0.713041884433382
"ENSG00000283757",-0.11795287665665,0.713620134783283
"CBX3P2",0.200811188608162,0.713860057661376
"TTC6",0.0449320283696672,0.714670113056439
"PAQR9",-0.0300097699314406,0.714895988024437
"SPATA18",-0.0491725766123136,0.715016065847053
"RPS8",0.0353715403929592,0.715131374320603
"DENND11",0.0346632461394162,0.715771193778053
"IREB2",0.0222419495191087,0.716123900824211
"ENSG00000267655",0.15245146490779,0.716334933722999
"RASSF8-AS1",-0.0477280025394375,0.716587346296059
"ATAD3C",-0.0472845349035763,0.71686057051188
"KCNC4",-0.117821979808911,0.716944082954948
"ZNF646",-0.0288336662706506,0.717109290231121
"ENSG00000261215",0.162686327261067,0.717138098044675
"LOC105375743",0.140838430785906,0.717164178882335
"KRT19",0.132753286550207,0.717551369311476
"MNAT1",0.0328783599223821,0.717956651596235
"SELENOF",0.0347438414399776,0.718320192078032
"LINC03022",0.127364409955262,0.718530696818866
"CYP4V2",-0.0302251742368166,0.718665314559345
"MRPL43",-0.02257339459334,0.718670805530956
"ENSG00000283141",0.117472613904509,0.71923275658224
"VWF",-0.104177915489494,0.719386562224163
"DDX39B",0.0288202604839536,0.719512124300622
"TNFSF9",0.131766211830735,0.71966943797267
"MEAF6",0.0389709827257308,0.719725390466672
"ICE1",-0.0247255631785617,0.71975573088312
"HSD17B3",-0.220593483283095,0.71981210254625
"PRRC2A",0.0245096990672432,0.720681336536247
"VPS37B",0.0387299081571284,0.720767515159625
"ZNF414",-0.038033379919433,0.720980989960447
"CERS5",0.0303810804708068,0.721315089972798
"ZC3H12B",-0.0575428093614986,0.722184431498511
"TCEANC2",0.0379406520149487,0.722465425184029
"IPO7",-0.0271212329538845,0.722867469534507
"ENSG00000259727",0.142489034586777,0.723433635984304
"ENSG00000290114",-0.201196919315401,0.723698262252571
"VDAC1",-0.0253353692528768,0.724751856951047
"ENSG00000298027",-0.173878113965542,0.724921155140944
"ITSN1",0.0316361823955733,0.724971417191526
"THUMPD2",0.0274697358177962,0.725091863700645
"ELF1",0.0271091406355357,0.726194322472762
"ZSCAN32",0.0273365882683696,0.726434086304578
"ENSG00000279203",0.0988139342945338,0.727034930457971
"UTS2R",-0.0547221493404978,0.727201614179174
"LNX1",-0.130059643070405,0.727434096865689
"ENSG00000298592",0.124447692735707,0.727532818891477
"ITGB1BP2",-0.0975962544359182,0.727654815290055
"ENSG00000260077",0.061363691871735,0.727766530252823
"TSPAN31",0.0307759096525628,0.728007964259484
"PRKAR2A-AS1",-0.10597136991883,0.728291945822762
"ENSG00000260495",0.0913168274178682,0.72844781095802
"TUBA8",0.103480198224825,0.728484172122335
"RNF187",0.0317397393317267,0.72917873835832
"LOC102723654",0.118603207493073,0.72953005261089
"ZCCHC8",0.0261170758954195,0.729669155666
"CNPY3",0.0220352594001091,0.72969877099174
"RPL7AP39",0.0585055127117982,0.729899111886595
"RWDD1",-0.0305755421320817,0.731459943472683
"GNPNAT1",-0.0227974780402266,0.731482433778833
"SMARCD1",-0.0248404702826344,0.731543237106425
"METAP2",-0.0274609936262479,0.73162005571512
"COL27A1",-0.0449309151485284,0.731859200051445
"EXOC6",-0.0295265518947312,0.731966027203055
"CIB1",-0.023859989064587,0.732950169925293
"RASGRF2",0.0297868421498422,0.732964486782608
"NDUFA9P1",-0.125641384407509,0.732995734431511
"ENSG00000268926",0.131485530550339,0.733050695047636
"RPS18P5",0.103937592074943,0.733197985598766
"ENSG00000261655",0.112199889403574,0.733499303352734
"DPY19L1",-0.0274301589399934,0.733765590792095
"EPS8L3",-0.0319510926039224,0.734588790833419
"PDSS2",0.0313430231766679,0.736248498701653
"CEP112",-0.0546381779531442,0.736360835878136
"ENSG00000280649",0.089707652685536,0.736556361718624
"ENSG00000286070",-0.209352967031155,0.736586234524426
"ENSG00000277324",-0.149545994964832,0.736865267988324
"ENSG00000249141",0.176449395188751,0.737272165281349
"NPIPA1",0.0275048034642837,0.737715268435097
"CERS4",-0.0407695178306337,0.737848776551798
"SMO",-0.0344955715467216,0.738941299116151
"HYAL2",-0.0285207989942031,0.739157427468743
"ENSG00000275479",0.151031458856342,0.739288229259605
"APOE",-0.043308585523821,0.739385143976202
"SVIL-AS1",-0.0262003578354907,0.739546453020289
"ENSG00000264635",0.113094879361134,0.74013117622257
"ENSG00000268573",-0.0661008902072793,0.74025944933521
"CISD1",-0.0296558371672694,0.740418610472362
"TBX15",0.064868482116941,0.74089369732656
"TNNT1",0.129256784081832,0.740952542886892
"ABAT",-0.0277143932006231,0.741001346692916
"ENSG00000228124",0.111371060899116,0.741043158128
"ENSG00000223393",-0.156201637716059,0.741335505310902
"FUNDC1",0.0380179380935934,0.741563031827587
"ENSG00000296280",0.111740295360283,0.741801874639097
"ENSG00000309527",-0.142335908432101,0.742257093386934
"LOC105378305",-0.0723020527108807,0.742702810100982
"FRMD6-AS1",-0.0960499388127223,0.742779288493917
"VCF1",0.0225772915019393,0.743001510065199
"PARP10",0.0293462704367654,0.743213650858848
"OSTC",-0.0261004793857832,0.743262140043888
"ENSG00000289437",-0.120448555448267,0.743956710739347
"CSGALNACT2-DT",-0.100920943254206,0.744377499526328
"SCARNA13",0.20001442102807,0.74445179942296
"EHMT1",0.0242126531620672,0.744798441146372
"RCBTB1",-0.026825268444201,0.744931312306678
"ENSG00000291270",0.0899920857136087,0.745209349498404
"LOC100505915",0.104238429193058,0.745306422557814
"SYDE2",-0.0609367623658554,0.745378935759507
"MFSD12",0.0226278437253539,0.745534602779383
"EIF4ENIF1",0.0242030163271239,0.745636137381769
"ENSG00000276110",0.122551086946401,0.745768735928662
"SGPL1",0.0209291127706043,0.746347136139245
"DTNB",-0.0351204229671709,0.746474131808554
"HSPA1A",0.0489461052877215,0.746488042469986
"PLS3-AS1",0.181675016309168,0.746647166683262
"ENSG00000214331",0.206756585542386,0.746724438266495
"AHI1",-0.0362270954203669,0.746817157516673
"SSR3",0.0277893274769216,0.746854655861738
"ENSG00000256514",-0.114951093334202,0.7470065740332
"LOC101929577",-0.0828420313135731,0.747419486219145
"CCDC88B",-0.0486538851240625,0.747851735374088
"USP6NL",-0.0286538876009459,0.748317947527133
"PCDHGA1",-0.0802156691312206,0.748480994908395
"GPC4",-0.158600404446724,0.748687134025896
"ENSG00000298642",0.156534991048046,0.748742423725162
"ENSG00000256742",0.0801548357155895,0.748795958350444
"LOC728715",0.0455459642154945,0.748835923570251
"ENSG00000273784",-0.0362035814327786,0.74886612259447
"ENSG00000213443",0.0546346548577398,0.748890251321236
"NTPCR",-0.0254676341888641,0.749366228051238
"ENSG00000257475",0.134172967562071,0.749368558088274
"ENSG00000295438",0.0887160141229314,0.749395309445227
"ENSG00000290385",-0.0342941506263407,0.749449909049245
"ENSG00000281468",-0.0766137921907581,0.749622590956118
"ENSG00000230663",0.130650500577132,0.749639767554795
"GAPDH",-0.0386140289733139,0.749967053081721
"PIP4P1",-0.0277819838480029,0.7500780418158
"ENSG00000272945",-0.159557473444139,0.750228670075713
"AKR1B1",0.0288161282783625,0.750428972190213
"MAFB",0.172328428658396,0.75048153924719
"ENSG00000280332",0.058354413362342,0.750846609894524
"CFL1P1",-0.102332585222249,0.751149890825476
"VEGFD",-0.073543909989266,0.751171977233729
"SMIM45",-0.144711540617549,0.751381812188967
"ENSG00000259287",-0.155936493971869,0.751527362393242
"TSKU-AS1",-0.0720906955398228,0.751867271039501
"ENSG00000307734",-0.169818007693997,0.752482734404663
"TARBP2",0.0264712256240339,0.752546620875323
"CDIPTOSP",0.11593807827355,0.752722625993693
"DENND2C",-0.0976901076432708,0.753638973082437
"ELFN1",-0.0859301278362403,0.753666227061336
"LINC02015",-0.0964385883609944,0.754431234308354
"SLC7A6OS",-0.0204533339506232,0.754572759933021
"C3orf33",-0.0327465811221558,0.754628108350803
"WSB1",-0.0230236381131314,0.754788289484555
"LARGE1",0.0299996891261375,0.755099372165072
"ACTR6",0.0278678321965034,0.755231797908183
"ENSG00000303018",-0.106441943353394,0.755458812538941
"RPL23",-0.0343566042294959,0.755656129134775
"ZACN",-0.0941360676291825,0.755785194170375
"ENSG00000268379",-0.179136604062344,0.756295162115053
"ENSG00000285018",-0.103714061455016,0.756337175676513
"NCOA3",-0.0252101735626947,0.756353035265756
"KCTD15",-0.0254406083229769,0.75643719237303
"AGAP5",-0.033096384937552,0.756860138578831
"ENSG00000279434",0.146813736276746,0.757064540454108
"ZNF589",-0.0281081905942987,0.757847513443181
"ABHD1",-0.125380185963937,0.758426554391438
"ALKBH1",0.0324179749660726,0.758864394673862
"KPNA4",-0.0226159198687854,0.7590619913292
"LOC729654",-0.0713646311534628,0.759223269622011
"CDC37L1-DT",0.0849042175479781,0.759231148830664
"MDM4",-0.0360760212799654,0.759373514240652
"FAM66D",-0.0829630202569715,0.759492685978899
"ENSG00000268584",-0.117406236480926,0.759505512419643
"TRAM1",-0.0215215694150312,0.759709040604049
"OXER1",-0.039006234150152,0.760474662546842
"ENSG00000237614",0.113075440331097,0.760551417857053
"BTAF1",-0.0201485979306633,0.760564221817917
"MED16",-0.0205186738617077,0.760754542782063
"COPS8-DT",-0.0323921015242542,0.761031227930974
"COL6A1",0.0528227339072239,0.761075734316265
"ENSG00000290928",0.0350200593519742,0.761631959651314
"ENSG00000305869",0.152294675383033,0.761677122510332
"SLC22A1",0.0579256623025055,0.761737875149795
"ENSG00000278993",-0.134759763233159,0.761740699536456
"SLC35A5",-0.0338572447567285,0.761993576094225
"SAMHD1",0.0197717173377504,0.762048464503964
"COPS7B",-0.0186006786976434,0.762329520808472
"FOXO3B",-0.0431226648353677,0.762398079907002
"AGAP9",0.0391765542025111,0.762448932112839
"LINC02193",-0.0260818159966666,0.762693158797917
"HELQ",0.0355823193402476,0.762761769072416
"SECISBP2",0.0233084750787606,0.762828352901787
"SUGP1",0.019065583195909,0.762880723956504
"COP1",0.0215878578656597,0.762905469437327
"SEC63",0.0288530234596298,0.762919892897802
"HMGXB3",0.0217694860592171,0.762961093806746
"LINC02882",0.134368254687656,0.763457413882406
"LRP2BP",-0.0927958725826292,0.763793413606778
"RHOQ",0.0448397486094203,0.764274956248535
"ENSG00000229127",-0.0626219054517068,0.764390200998421
"ZNF525",-0.0398432785416408,0.764485547200609
"GGNBP2",-0.0201233005444957,0.764544158875881
"FLOT1",-0.0225805943488195,0.76482459781984
"ANKRD18A",-0.0443266712506484,0.76493157703631
"PACSIN2",-0.0248666018698329,0.765272597149832
"SDF4",0.0205031835585608,0.765373155636014
"QDPR",-0.0265251698574307,0.765540542192876
"COX6C",-0.0303719623315026,0.766092081198684
"ENSG00000291018",-0.0885984727623327,0.766224563190011
"ZCCHC3",-0.0187995918137817,0.766390764644879
"LOC107986852",-0.0693445118543408,0.766720214760707
"SMC5",0.0225829162499419,0.766818112186822
"RCAN3",-0.0267201327978403,0.767500606228815
"TNIP2",-0.0246864556934423,0.767527644611826
"SLC3A1",0.10865838391734,0.767569304141908
"TMEM91",0.0354526075811492,0.768034332922348
"UBE2C",-0.0200379570662144,0.768427633041314
"LOC728485",-0.12810186453177,0.768489025058751
"ZCCHC14-DT",-0.0808746058849825,0.768738767875687
"TTN-AS1",0.0304173287372876,0.768943820431278
"RENBP",0.0836165801876093,0.769972632860186
"PABPC1",-0.0236817685122058,0.770053720513706
"GBA2",0.0201992786223339,0.770359222599184
"LAMC1",-0.037035807099805,0.770452208450527
"TAF13",0.0273127953307427,0.770495123033331
"ENSG00000285897",0.113214991629818,0.770896946102958
"ENSG00000270165",0.0933324903612456,0.770991619543242
"ENSG00000196295",0.0191478150039085,0.771244815953848
"RPL12P25",-0.150983294144456,0.771501802716742
"ENSG00000226266",-0.085187352117237,0.771529873782354
"ENSG00000288756",-0.0900992933521825,0.771848073526162
"PAQR3",-0.0367768692156895,0.771924981287841
"ENSG00000213453",0.0876555568032858,0.771964936737194
"ENSG00000205534",-0.280048831714531,0.771987460290253
"ENSG00000295786",-0.151736147523756,0.772021470569747
"HDAC2",-0.0202148521914744,0.772262707059553
"ENSG00000289983",0.100464755876289,0.772472513992719
"ZNF234",0.0251199674068815,0.772660422736377
"ZBTB3",0.0548604659996884,0.772709103352406
"RAB29",-0.0280477362416096,0.77312877081977
"NGEF",0.0249777594357802,0.773169541718453
"CEP97",0.036747228736826,0.773679724852048
"CPSF1",-0.021932154262511,0.773843857910591
"FBXW4",-0.0272591323857911,0.774041017125519
"MAP3K4",-0.0231872283876477,0.774161926916836
"ZNF81",0.0339361843066741,0.774268589101408
"PKP4",-0.0187965768103826,0.774293662406567
"ZNF222",-0.0420347163176254,0.774450463065599
"CWF19L2",0.0308659076938599,0.774456220481369
"ENSG00000264666",-0.0620350210207153,0.774634197825315
"ENSG00000259943",0.0297021254135198,0.774897997588808
"DCUN1D1",-0.0211916685337483,0.774921182606011
"ENSG00000228444",0.129063527790316,0.774926082953814
"LRCH4",-0.0247376698483919,0.774976086765061
"SLC35B4",-0.0213363049420147,0.775124951724018
"SAMD4A",0.0320598383596953,0.775174611398316
"FJX1",-0.105977570874918,0.775269307413531
"STRN3",0.0167976633698592,0.775270160650574
"HAPLN4",0.0927693369507721,0.775305165265384
"ENSG00000230715",-0.0875836724367925,0.775451416910294
"ENSG00000273443",0.114628695662925,0.775463900136485
"SYTL4",-0.0766569006598881,0.775540825496952
"DNAJC3-DT",0.0339308502446938,0.77635272716381
"ENSG00000290383",0.252247425179265,0.776393687985688
"TMEM72-AS1",-0.0920833807011316,0.776699103335322
"RPL13A",-0.028113291242583,0.776754025963438
"ENSG00000288759",0.0872458575378632,0.776755431791241
"LINC02449",-0.119777429697035,0.777067489290731
"ENSG00000251634",-0.073478631001203,0.777078576476485
"SAYSD1",-0.0253520872794591,0.777111013005547
"SNW1",-0.0231717353718137,0.777151018065629
"C2orf76",-0.0373543741794002,0.777635442373816
"NOTCH3",0.104186621794708,0.777706731958534
"ENSG00000269688",-0.150660801431813,0.777895643829256
"EHD2",-0.119377402734553,0.777940269847988
"TMEM68",-0.0235522111768012,0.778055059418769
"TNK1",-0.0324757950033978,0.778445323406273
"DHX8",-0.0270148337484555,0.778687853696639
"ENSG00000270720",0.1063963342589,0.778966695774768
"BCAS4",-0.0662220070681648,0.779351090938308
"ASDURF",-0.327078027156763,0.77952854408037
"SPG11",0.0217815628247354,0.779767936049143
"ENSG00000299597",-0.149753234559889,0.780186871821694
"ILF3-DT",-0.0247885762324385,0.780219442130231
"ENSG00000261572",-0.0436486869834499,0.780236017648008
"RRAGA",0.0334757059865761,0.780396800431544
"ENSG00000297423",-0.163433067827982,0.780716873990785
"ECH1",0.0255334827019905,0.780764811414013
"ENSG00000214223",0.196777077003216,0.781320392483765
"ENSG00000272195",0.119020221265999,0.781322695736162
"ENSG00000277400",-0.0341643464786074,0.781402884083974
"SLC20A2",-0.0221596062970221,0.781458496941737
"PBRM1",-0.018976739820759,0.781672770619701
"PSKH1",-0.0222371656518144,0.782022603830547
"RAD54L2",-0.0169666165193038,0.782133087728636
"LYPLA1",-0.0173073890244225,0.782246813698311
"ZNF207",-0.0191817591428842,0.78272578286597
"ENSG00000257954",0.143222680876558,0.782852898676202
"B4GALT1-AS1",0.12722890078196,0.782941649562995
"ENSG00000304572",-0.13180318112342,0.783084369318567
"ENSG00000234917",-0.161263830300737,0.783354204142543
"ZNF445",-0.0230910325371322,0.783767849728123
"STX17",0.0192900105972543,0.78419941945943
"PTDSS2",0.0230972227389738,0.784204869150594
"PKD1P1",0.063905628834582,0.784267186961201
"TBC1D10B",-0.0177953007585539,0.78451304962519
"PPID",0.0248556359751263,0.784623363686706
"PDE6C",0.15679384619052,0.78470186924254
"ZNF442",0.0418720485154363,0.784709850779991
"TMPRSS5",0.069530333341313,0.784899777486639
"TMEM232",0.130071950456328,0.785018232731277
"LOC101928053",-0.0888382182906742,0.785831310686716
"ENSG00000249849",-0.107814442164295,0.785941963685341
"ENSG00000260342",0.106140617622114,0.786046613410809
"H2AC13",-0.0962803402358981,0.786114972161192
"WDR5B-DT",0.0417967809323793,0.786125781530729
"RPS3AP26",-0.0568174814184433,0.786542042921853
"ENSG00000249936",-0.113433601649916,0.786661665601134
"ENO1",0.0372283304496615,0.786767131680253
"PCDHGA6",-0.0770230972433123,0.787028583224521
"ZNF41",-0.0253265358517109,0.787184246205845
"ENSG00000279759",-0.0584727297117618,0.787229954593078
"ENSG00000186704",-0.0510374373440376,0.787643443463332
"FNTB",0.0204133531091829,0.787707676481518
"RPL29",0.0278852729636439,0.787828759052582
"ENSG00000226349",0.146240878942919,0.788117327028653
"OAZ3",0.0879984428233577,0.788231672248473
"GDI2",0.0204598270093732,0.788524388512354
"TTC17",-0.0214535510340075,0.788542320453926
"ABCG5",0.0267803785003363,0.788587091096436
"TRIP10",-0.0158161251465681,0.789463601916881
"SPHK1",-0.0176329821281931,0.789669836650578
"NPHP3-ACAD11",0.192163809947023,0.789758926645898
"AK3P3",0.114870304662408,0.790020205297886
"ARL14EP",-0.0255630940496724,0.79031300006213
"ENSG00000285531",0.091557138532645,0.7907220017381
"PIGG",-0.0206821626816923,0.790951382547371
"UBB",0.0234427399133568,0.791044164703524
"LIF-AS2",-0.110494851450324,0.791200310034343
"SPNS1",-0.0237332000157817,0.791680687612361
"ENSG00000240695",0.117301722545915,0.791829452405694
"ENSG00000309031",0.0661966555899265,0.792023803353374
"LOC107985767",-0.0797800204228498,0.792101677933099
"ENSG00000306879",-0.129072377833769,0.792521759050757
"ENSG00000289102",0.0674144487131821,0.792575847157443
"NOTCH2NLB",0.0483134154345612,0.7937800478474
"ENSG00000300191",-0.127684061161978,0.793957436190717
"ENSG00000265018",-0.0628608135272525,0.794307549944237
"UFM1",0.0159522360058772,0.794433692552374
"SRP14",0.027096458748002,0.794616402951047
"LY6S-AS1",-0.0622337864925303,0.794628834507725
"UBL3",0.0283895747573472,0.794662173002606
"DPH5-DT",-0.0310174351655151,0.794886770792771
"CCR10",0.0711761621628273,0.794995946469614
"ENSG00000240801",-0.0494701359524181,0.795002038981061
"ENSG00000263786",-0.102080874623171,0.795501677731977
"CRYL1",0.023635737116982,0.79557171780412
"DLST",-0.0175764471892918,0.795761441112637
"ZNF567",-0.0297261133325983,0.796131366688353
"SLC25A18",0.0887303809011783,0.796388974880576
"ENSG00000309202",0.102416654408768,0.79714873920634
"ENSG00000253194",0.0880539960666483,0.7973970876099
"ENSG00000286813",-0.0714941254558232,0.799676858061045
"SPARC",-0.0307454533396347,0.799868357854403
"ENSG00000272153",0.0859788368542815,0.800040622520899
"WDR70",-0.0185810508691878,0.8002679743585
"ENSG00000287759",-0.0834193114203358,0.800337070543101
"LINC02936",0.0616770170873706,0.800552651974563
"WASH4P",0.091079286263394,0.8014551069448
"SYNGR1",-0.0624142030972454,0.801662969190082
"NELFCD",-0.0154746766055914,0.801811163968937
"ENSG00000270673",-0.0679534334118858,0.802094122339577
"EPS8",-0.0228360774437173,0.802354121939015
"SRSF4",-0.0190659415940208,0.802659259080858
"RFX5-AS1",-0.0703876323686714,0.802931887806614
"AFG3L2",0.0168610128468672,0.802947465592275
"VCL",-0.0227205787007718,0.803029124401461
"ENSG00000307079",0.179945855668456,0.803367253007643
"ZNF573",-0.0494374615786191,0.803543848458276
"ENSG00000288792",0.0606265303868989,0.803766045282739
"WDFY3",0.0171030299883345,0.803794579922925
"SSU72",0.0178455991168557,0.804109079535796
"ENSG00000270115",0.141685410314812,0.804456459837023
"CHD8",-0.0156572594219871,0.804507717149796
"SCAMP1-AS1",0.0270280832516158,0.804622916395841
"ENSG00000280069",0.0740422310222723,0.804665215800981
"TECPR1",0.0168850065819203,0.804943361383011
"ENSG00000289537",0.0712804059688322,0.804993462960813
"ZNF143",0.0244418052618228,0.806168942002165
"UGT1A6",0.0984832571543942,0.806383797636473
"ENSG00000279901",0.0613919968634547,0.807081773655735
"SPIRE1",0.0228392541828516,0.807093715818717
"GJC2",-0.0441467513166826,0.807213106758675
"BCL9",0.0207955972870778,0.80768400140296
"ENSG00000215492",-0.0565817108941773,0.807910697976833
"ZNF133",-0.0191258704070192,0.808033082762861
"LINC01012",0.0266259548043568,0.808126346733271
"ENSG00000223575",-0.1176714071707,0.808205399619761
"CRK",-0.0180875951256438,0.808317719287977
"TRIM22",-0.054628486088459,0.808570753346825
"TM9SF2",-0.0232099945525684,0.808840286590468
"RPL27AP6",0.0548108589535399,0.809053141186875
"ENSG00000302189",-0.106744614126545,0.809614263302172
"LOC101929918",-0.0769709242320477,0.809978347766259
"EFR3A",-0.0154794052827036,0.810109468195168
"SEM1",-0.0250768895888181,0.810271651351138
"NEK1",-0.0255650354918406,0.810539400515175
"ENSG00000261167",-0.0557666016583725,0.81054181032181
"DNAJB11",0.0226278324566298,0.810888955381063
"STAU2",-0.018493903667788,0.810974693690357
"PMF1-BGLAP",-0.0464854241057085,0.811098018839636
"ENSG00000286811",0.254063263943995,0.811266253197545
"H2AZ2",-0.0150855966834677,0.811369946457343
"ENSG00000310534",0.11236083917454,0.811558928759721
"CAMK2G",0.0231175192544246,0.812065666741455
"LOC105371485",-0.112139894973971,0.812222137196368
"ERGIC2",0.019592329729801,0.813088966910479
"PRR19",-0.0816867866569736,0.81343033473936
"PI4KB",-0.021028251042555,0.81411855470764
"GPR75",0.04013067737608,0.814520534568997
"GOLGA6L3P",0.0215149594157221,0.815490636240511
"RNF26",-0.0168090770398377,0.815502279602566
"ENSG00000261821",-0.0935317055843752,0.815754169769502
"ENSG00000306637",0.103977292151814,0.815902626529906
"ENSG00000293278",-0.052445452069073,0.816448660105428
"RPL9P11",0.0759182232234039,0.816608196020664
"ENSG00000275131",-0.0692260208811219,0.816817121595063
"ENSG00000302394",-0.0903320408036974,0.817052099645808
"CCNYL1",0.015034050676192,0.817276788521615
"RPL36AP37",-0.042264691425937,0.817451440174732
"CRY2",0.023713404279754,0.81757990988641
"RPS2P29",-0.0668626192486984,0.817775901585085
"ENSG00000304013",-0.239023477118133,0.817852442330416
"LRBA",-0.0153668005566781,0.818220364007394
"STRIP1",-0.0198535054601234,0.818259452813667
"LRGUK",-0.0583795697201975,0.818631607389136
"HEXB",-0.0178657125416076,0.81899504206556
"SYNE1",-0.0440850761434372,0.819098057928771
"TIRAP-AS1",0.0510073872188245,0.819429769285028
"ACTG1P25",-0.0645900257813853,0.819605928228305
"ENSG00000299521",-0.0912501586017998,0.820021855427861
"ENSG00000261315",0.0692008782512971,0.820206783900328
"RFX5",-0.0223591072452144,0.82023236837313
"ENSG00000272677",0.0600618916837294,0.820807135804149
"ENSG00000306721",0.0856340682128208,0.82084189003692
"ENSG00000250568",0.106805651424294,0.821160704333329
"ENSG00000228158",-0.085483595727187,0.821454247112851
"LYSMD1",-0.0273998155876874,0.821506661381222
"SLC37A1",-0.0788006281373603,0.82158350508886
"RDH5",0.0419653287150549,0.821600054440156
"PLEKHA5",0.0180824197890466,0.821719316702808
"CYP2S1",-0.0825308588574563,0.821858202598437
"DISP2",0.0945277889837178,0.821860648427055
"SLC29A3",0.0237888266589967,0.821879443639528
"ENSG00000294044",-0.0962578690200787,0.822050631196497
"AEN",0.0171724510936003,0.822055445584089
"KRT8P15",-0.0969894012127492,0.822078441613472
"ENSG00000298805",0.051502249215787,0.82209369295565
"FBLN1",0.0361124219946177,0.822310972458264
"ZNF335",-0.0172792576243298,0.822372934869085
"UTP14C",0.120455432545224,0.822683629810918
"POPDC1",0.0518806940675968,0.822704271357283
"ENSG00000227959",0.0440919515383443,0.822921861574738
"NTAN1P2",-0.08615862723986,0.822964567094277
"DYNLT3",-0.0222636636462521,0.823083548926333
"TRIP4",-0.0181826908046411,0.823363749838089
"ENSG00000267416",0.0678045960834304,0.823387980825018
"PSMD10",0.0177472090304336,0.824356701505301
"ENSG00000251026",-0.0411851717292889,0.824482033113358
"PGK1",0.0318650604790335,0.824536576878314
"WASHC1",-0.0224395620226415,0.824715278310702
"ZNF770",0.0158553998917599,0.824774063184349
"SNORD89",-0.106070161840687,0.824774887033389
"MRPL48",-0.0190364572876631,0.824905755781311
"EPAS1",0.01779185294286,0.825182842603397
"SPRY3",0.0657739943376982,0.825251834261788
"AKAP1-DT",-0.0627368069392733,0.825353975614075
"RASL11A",-0.0475388140537403,0.825406073570035
"ENSG00000290556",0.0778019914767813,0.825435010598038
"PGAP1",-0.0314200014699404,0.825524740407023
"PRDX4",-0.0182330497195821,0.825708909163017
"ARRDC3",0.0316128798044886,0.825763783263969
"TRA2A",-0.0221244518447675,0.82621201101678
"BCORL1",0.0222825423853874,0.826403838626271
"LINC00298",-0.0651853847030672,0.826470537157813
"CTH",0.019187169000524,0.826526204887322
"PRPF31",0.0151576738944682,0.826538140275709
"GOLGA8Q",-0.0989700165025776,0.826643908414545
"CSRP1-AS1",0.0815359578604372,0.826717556530044
"ENSG00000226253",-0.106612729197139,0.826718080652082
"COX4I1",0.0216642292322753,0.826940807115332
"DEAF1",-0.0171278382431375,0.827049607256655
"GCC2-AS1",0.0295867612612037,0.827421756219649
"ENSG00000244119",0.0629690632763771,0.82766395404884
"SMAD5-AS1",-0.135560748158909,0.828143320933916
"SNHG20",-0.0191868641513689,0.828462639553313
"SPATA1",-0.0488727180097607,0.82858413313908
"EFNB1",-0.0250226810659562,0.828677356585882
"ENSG00000227712",-0.0820543707563366,0.828875071134199
"RHOD",0.0555922092533508,0.82958298779073
"RPSAP36",0.226697804934952,0.830099845217991
"SYPL2",0.0584418252872328,0.830110359087939
"ENSG00000286527",-0.0675215505011646,0.830385185853128
"LOC101929536",0.0832938885013581,0.830518408342211
"CIITA",0.078334101286663,0.830652192172558
"ENSG00000287133",0.0920172871871015,0.830664359440832
"RAB3A",-0.0313190693142904,0.83066921682438
"GMEB1",-0.0226702021225702,0.830671735897055
"ENSG00000272829",0.0544279736204734,0.830823305361188
"TBC1D2B",-0.0167106697517226,0.831349804699785
"APOA5",-0.0483370995314339,0.831699604203121
"ENSG00000279059",0.0208301661157795,0.831713711309202
"TTC24",0.0670947828215643,0.831805902465454
"ENSG00000258568",-0.0720379041027226,0.831985410371326
"SLC39A1",-0.0152670805239329,0.832008315899163
"ENSG00000249494",0.0917932987885139,0.832244128619242
"ENSG00000250575",0.0217781017000626,0.83257441119854
"ENSG00000276997",0.107678198833149,0.832591319280973
"RN7SL4P",-0.123691533763936,0.833502694732705
"LTBP3",-0.017766877998479,0.833765321152257
"FIZ1",0.0172202145719321,0.8338522527783
"ENSG00000240180",-0.114237840950511,0.833854459151652
"CLPTM1",-0.0217107340398343,0.833981149153036
"SLC6A9",-0.0276435875878461,0.834215156627917
"ENSG00000256664",0.0417334265783082,0.834284053116347
"PHF12",-0.0124757027592829,0.834449851590331
"UPRT",-0.0273989816364315,0.834453809790626
"SNX30-DT",0.0796445771343621,0.834589889568001
"ENSG00000131002",-0.0347719499794194,0.834734602283804
"BAK1",-0.0174925556158042,0.835101904445677
"TTI2",-0.0188834045279733,0.835158210206759
"PTBP1",-0.0133986065106677,0.835557699554325
"EMC7",0.0197396024385,0.835604059227577
"HOXA5",0.0273098296644633,0.835682833066265
"GSK3A",-0.0151156330438338,0.8363498264222
"SNORA48",0.0741369229534071,0.836364295040469
"ENSG00000275601",-0.0494533331972319,0.837983530574016
"ENSG00000269938",-0.075024990878547,0.838070724306187
"ENSG00000228933",0.0304037737218423,0.83818536248577
"ENSG00000290391",0.109553941730153,0.838208386897177
"CCDC15-DT",0.0601382764606238,0.838267198178405
"DENND6A",-0.0174596611222587,0.838668370782382
"MOB4",0.0170900643166582,0.838717687490483
"MFN2",0.0116372601021682,0.838788948282953
"RPL15P3",0.0555039605048531,0.839110367204677
"ENSG00000226564",0.0779538320651844,0.839269561537585
"QSOX2",0.0146490033101765,0.839273817741145
"TCERG1",-0.0134264341584854,0.839605755019192
"SUGT1",0.0163604025406625,0.839831977020486
"MRPS9-AS2",-0.0596513653810062,0.840143116052108
"MTX2",0.0166139876867648,0.840854917843339
"ENSG00000225335",-0.0459946903425803,0.840983434973719
"SIPA1L1",-0.0129524666065586,0.841179971811289
"STAG3L1",0.0329262632866841,0.84149209952728
"ENSG00000213178",-0.0918899608242551,0.84167166471869
"LRRC24",-0.0314218754799319,0.841725805924943
"TAS2R4",-0.0660389929088682,0.84204408355561
"TMEM64",0.0289297645678774,0.842116625283749
"ZNF252P-AS1",0.0485113755350716,0.842229121963746
"MED24",-0.0133506058360465,0.842660495547822
"ELN",-0.0670414846770901,0.842787700001012
"ENSG00000304427",0.0768899581411779,0.84287299269016
"SOWAHA",-0.0638430206548207,0.843051774451679
"SH3BGR",-0.07279763942816,0.843071931730331
"ENSG00000267228",-0.0587306856029323,0.843203236445883
"H3C2",-0.0738875361545837,0.8432276315848
"PHYH",-0.0186476482833217,0.843238742796208
"ENSG00000306026",0.0734550303894179,0.843742477248561
"LRRC8C",0.0701574911980204,0.843945354163369
"CTSV",0.0265622488341353,0.844111418676412
"ENSG00000295329",0.0647595024724666,0.844378498187727
"ENSG00000286001",-0.0980907904274308,0.844575741421676
"PVT1",-0.0244997981106816,0.844663341836252
"UVRAG",-0.0143221631082881,0.84503616664398
"ENSG00000293629",-0.0779712691094076,0.8457118278368
"LOC124907726",0.0199743525774258,0.845739083704603
"ENSG00000284512",-0.126895150479883,0.845915531161197
"RPS2P32",-0.0439128894717324,0.846114513081416
"ENSG00000289250",-0.101779654495673,0.847263858711928
"NOMO2",0.0232448409937732,0.84727505847314
"ENSG00000296452",0.0638676819965222,0.847657175175776
"DSTN",-0.0203405432724215,0.84767021023044
"WDPCP",-0.0248638620372518,0.847735228157003
"ZMIZ1-AS1",-0.0341550329153073,0.848566045973097
"FRK",0.0193403651760449,0.848697135293931
"RPL24P2",-0.0905817843372957,0.848810099996123
"YTHDF3",-0.0130037693513225,0.848840016178933
"ENSG00000305871",-0.0487074655827883,0.849069201580255
"ENSG00000249746",0.0595530001521769,0.849143763959552
"CHMP2A",0.0177336238318067,0.84918460151607
"ENSG00000243609",0.0989028868142176,0.849327789493384
"ENSG00000286408",-0.0559112235655959,0.849886896811772
"WDR35-DT",-0.0530831454512021,0.849911587348863
"PRH1-PRR4",0.0401964721787587,0.850172907116882
"ENSG00000279549",-0.0622120975721096,0.850471956493042
"ENSG00000287574",-0.0836280915461303,0.850593155206156
"ADAM19",0.0681832051251562,0.851009817483599
"RCN3",0.0212582697465951,0.851172079778472
"LOC107984035",0.0327296880641652,0.851325528790418
"ENSG00000272410",0.118519104194863,0.851921905365424
"ENSG00000243289",0.0696473779585779,0.852329828188987
"MAP1S",-0.013438517129251,0.852527938530088
"DDR1",-0.0164043710877874,0.852847475083765
"STING1",-0.0274159285529066,0.852900353876836
"ZFP36L2",0.0171051226181668,0.853278064737945
"MMGT1",-0.0217348851267667,0.853759203038027
"LUC7L2",-0.016972054263125,0.854075072366699
"LOC100289518",-0.0663983293208369,0.854160986651814
"ENSG00000294321",0.0886607971776026,0.85434864402749
"STAP2",0.0147054613497995,0.855027712429112
"MED14",0.0130156839302964,0.855871911241315
"SIGIRR",0.033814851950624,0.855938001975024
"STX1B",0.0243571537439223,0.856112737656381
"ENSG00000256591",0.0369160089319898,0.85628850980633
"TUBGCP4",-0.0138317034189503,0.856372062873721
"NRL",0.026316556991988,0.856655495205457
"ADGRG3",-0.0186413808049688,0.85677170690884
"STYX",-0.0150645895706287,0.857720764663372
"SLC22A5",-0.0223212385658946,0.857880912567264
"ENSG00000288995",-0.0732996188003967,0.858154287406812
"JKAMP",0.0143614810163563,0.858602790481235
"BLTP3B",-0.0159017259629352,0.858801289103614
"ENSG00000288848",0.0799393098754154,0.859062130440911
"LINC01963",-0.0223540724723658,0.859653299101227
"LZTFL1",-0.0222671583279169,0.859937723156374
"TSTD1",0.0830618264306473,0.860041752944987
"PRELID3A",0.0173665951908591,0.860413973661961
"ENSG00000268520",0.0961788216183381,0.860471002973835
"SLC39A8",0.0325271416745941,0.860924568997968
"ENSG00000287404",-0.0779702349355305,0.860954062813374
"TLCD4-RWDD3",0.0467906339882645,0.861029087775541
"AP1S1",0.0116656540947966,0.861059176192856
"SHANK2",-0.0131995585726293,0.861236880644811
"IDUA",-0.0224581586097621,0.861688337912799
"UCKL1",-0.013431981271885,0.861822841772051
"ENSG00000272002",0.100939390356327,0.862135323776297
"LOC124902204",0.0565674004922646,0.862178472628698
"ENSG00000225187",0.102890842140031,0.862517487492857
"SYN3",-0.0250825476412367,0.863029443641944
"ENSG00000300036",0.0501968506363188,0.863244337322132
"TMEM8B",0.0183722082322206,0.863315123552486
"FAM228B",-0.0260602997936834,0.86339161057748
"PCDHB9",0.0355809038718908,0.86348413831883
"RPL10P16",-0.0349267361522414,0.863564642124623
"ENSG00000280164",0.146844039311721,0.863566973053015
"ENSG00000295750",-0.0777904596456023,0.863571046203015
"RNF111",0.0130589285470235,0.863786987149953
"EIF4EBP1",0.0205280212665718,0.863877932579177
"PKD1P2",0.0219782520297105,0.863910760143253
"HNRNPH2",0.017490883593427,0.864256221929679
"ENSG00000275807",-0.0245235174189726,0.864802551664967
"CIMIP2B",-0.0419453789091096,0.865067026520524
"RALA",-0.0136979762285365,0.865321615900771
"ENSG00000284969",-0.15122494770394,0.865431777797754
"SEMA6A-AS1",0.0358249602691639,0.865504070818138
"ZNF542P",-0.014366038395823,0.865557179680242
"SRP72",-0.0120007131796472,0.865709149484828
"ENSG00000279594",0.105297116776302,0.865880082843026
"KLHL35",-0.0950787781990706,0.866555722570326
"TMEM38B",0.0189895225378795,0.866792576030529
"ALCAM",-0.0134308025469311,0.867195267504093
"CEP290",-0.014353582200291,0.867524037010431
"ENSG00000289909",-0.0629252387145371,0.867539391732855
"H2BC17",0.0727567516293302,0.868003324052943
"ANO6",0.0180038341396326,0.868719362304757
"LOC107986822",-0.0261909551632571,0.86901999718911
"DDX52",0.0110862608822376,0.86909789051696
"ENSG00000260498",-0.076345210983305,0.869189662513832
"H4C14",-0.112420303281906,0.869259650413762
"EPS8L1",0.021772685339485,0.86945734030229
"FAM193B",-0.012962135999194,0.86962594156376
"CORO7-PAM16",0.101354218840768,0.869902430547882
"FRMD6",0.0256328013507227,0.869944643331352
"ENSG00000290907",0.0388537561782429,0.870061984606196
"RBSN",0.0143408257133981,0.870246372077321
"SP100",-0.0169171358096438,0.870709329814867
"ENSG00000287817",0.0373489617784781,0.87094080556544
"LOC105373554",-0.0796955116376611,0.870943245036242
"SP1",-0.0104287177272244,0.871038082196771
"ENSG00000268903",0.0742015312434585,0.871137711171862
"ZNF703",-0.0167644985398327,0.871168646310007
"GOLGA7",-0.00956354219598408,0.87140561198169
"ENSG00000285053",0.138281047686709,0.871428181380478
"SPEF1",-0.0848092695188499,0.87164446275652
"MT-ND6",0.0523144926022217,0.871759066862388
"GCKR",-0.016436782763576,0.871765834134336
"PPP1R37",0.0132096183516531,0.871981334821512
"ARPC3",-0.0142052304228123,0.872337998210538
"HCCS-DT",0.040453011658991,0.872762222655139
"HTD2",-0.020573728186256,0.872898667402986
"ARL6IP4",0.013826814718765,0.872962545861729
"TMEM276-ZFTRAF1",-0.0833641132969087,0.873154163406363
"GANAB",-0.0139584284072265,0.873155247632663
"SDC2",0.0136182307886669,0.873773054132992
"NRDC",-0.00989714271042043,0.873820775944654
"KLHL15",0.0227414337429337,0.873995890830117
"TSPAN7",-0.0138050693173094,0.874002081085881
"TUSC3",0.0324764326354025,0.874791100337106
"RB1",0.0109988888009789,0.875102947941349
"ATF1",0.0121203337255892,0.875532373838179
"ESRRA",0.0108153866539307,0.875809198921136
"UBE2V2",0.0134871097154296,0.875999209030364
"PPIEL",0.0339615747695289,0.876027233323121
"PPA1",-0.0151297771344061,0.876181221074718
"LOC107985911",-0.0198732857006696,0.8766483122266
"RFX7",0.009927448867462,0.876733634274034
"SDHAP1",-0.0127946074953055,0.876795833407208
"ENSG00000206417",0.0214820357731635,0.877388293184624
"ISG15",0.0164472023728508,0.877584427009132
"ZNF790-AS1",-0.0360921740083927,0.878095412557982
"TRAPPC3",0.0126996748736927,0.878214583943528
"PPP2R5D",-0.00933281238047499,0.878875671218249
"RPS19",-0.0137109096946119,0.879015040689797
"ENSG00000280388",-0.035900110806228,0.879088415754853
"WDFY1",0.00836504891786945,0.879924411142623
"ANKHD1-EIF4EBP3",0.013267463597764,0.88011945662081
"ATP5F1C",-0.0120922969385599,0.880289900472594
"ENSG00000259370",-0.0677710343733291,0.880413837318845
"EFCAB10-AS1",-0.0335043406932597,0.881446087464553
"ENSG00000290737",0.0463323049032575,0.881623669155022
"MRPL10",0.0145130014228211,0.881853363932988
"CHMP5",-0.0168927153951073,0.881973775697305
"RELA-DT",0.0241968509007161,0.882691474052217
"ENSG00000276071",-0.0632615335775573,0.882839993127853
"PPIAP41",0.0560726073945788,0.882985385013991
"LMBRD2",0.0159723120402375,0.883271622461801
"CTSD",-0.0127974872005101,0.883445744698244
"PTPRF",0.013364991299952,0.883967046361262
"ENSG00000267396",0.0285518219860118,0.884135657906979
"LAMTOR5-AS1",-0.0201712871588948,0.884491187864372
"SNX2",0.0103706223187774,0.88453583559502
"MT-ND1",0.0319976983345122,0.884672351797145
"OAZ1",0.0107541627729813,0.884714072169989
"SERPINB6",0.0176826648241914,0.884891654211575
"LCMT1",-0.0136583475312122,0.884901663192452
"MIB1",0.0101806650110781,0.884923079170426
"ENSG00000290537",0.042307016772956,0.885172996693615
"POLR2B",-0.0100086817177565,0.885351865838584
"C9orf43",-0.0427767482595173,0.885587609064874
"CCDC162P",0.0861277815191877,0.88570934055331
"LIMS2",0.042153129999136,0.886313807739593
"ENSG00000277229",-0.0535170099742346,0.886509338640241
"TTC28-AS1",-0.0114913706740118,0.886530869802389
"EDEM1",0.00848267191648302,0.886531135323982
"ENSG00000306113",-0.0500901957194732,0.886721331446454
"ENSG00000301565",0.0423535846336512,0.886925971439043
"RAB11FIP4",0.0169593654027414,0.887448587520933
"ENSG00000289238",0.0383611319521682,0.887927647595587
"RPL34",0.014271294339101,0.888146897634965
"EIF4EBP3",-0.0322242440843417,0.888243655887601
"RAB11FIP1",-0.0135407270695817,0.888327100569405
"ABCD3",0.00970325760631447,0.888459773623919
"RBM14-RBM4",-0.0473038539011509,0.888684291034688
"GLUD2",-0.0480929647367501,0.889437536200091
"MYLK2",-0.0598540924751463,0.8898538468539
"ANPEP",0.0170153871191628,0.890167683873295
"ENSG00000180229",0.0297859866281037,0.890279034083453
"TSPYL1",-0.0124059796891811,0.890721544107657
"CATSPERG",0.0411496478176318,0.891259457012862
"RGS2-AS1",0.0291154607862888,0.891507066038164
"SUB1",-0.0120031064102503,0.89153893782053
"H2AC7",-0.108890514251937,0.891558458028079
"ENSG00000262652",-0.0864567416242178,0.891637337303774
"ARPP19",-0.00815131764321964,0.891913526509001
"ENSG00000250474",0.0514887069362404,0.892503347847001
"ZFAT",-0.0171466458339268,0.892922868128095
"NRF1",0.0118537612976697,0.89389790478673
"ENSG00000280211",-0.0592125636151441,0.894154460672788
"AGAP12P",-0.0280386294145757,0.894185128977695
"ENSG00000297649",-0.02871686576642,0.894452671392597
"CCDC65",-0.0451605293714226,0.894936324402409
"FADS3",0.0148398364849757,0.896147953467744
"TRIM65",0.012468070818514,0.896411248206088
"LRATD2",-0.0344350144987112,0.89650920796341
"RASAL2",0.0150122776887826,0.896616155561765
"CNN2",0.0195265805919928,0.896681201048733
"LINC02693",0.0147032124571709,0.897662665757576
"ENSG00000289685",-0.0429478829650144,0.897784443554075
"ENSG00000279481",-0.0678185632843943,0.898078598237379
"HNRNPD",-0.00964715157368544,0.898119985629832
"ENSG00000283189",-0.0167769514414375,0.898235868404362
"CYB561",0.0256120296672335,0.898620995003839
"SLC12A5-AS1",0.0319254209260834,0.898665614415757
"GOLGA8B",-0.0114177394668998,0.89871567233618
"ASPDH",-0.0187293351581429,0.898757256467244
"ENSG00000289966",-0.0563037948199048,0.899070401397451
"WDR11-DT",0.0409209970007934,0.899174263564234
"CASC9",0.0252818650864927,0.899465207209691
"LINC02166",0.0387690855669184,0.899540441851152
"C2CD4A",0.0421974079865105,0.900491897227524
"PPP1R16A",0.010016518155658,0.900647712741844
"GXYLT2",0.0221122926350523,0.90081215515044
"RPGRIP1",-0.0527467797775077,0.901211966355638
"RPLP2",-0.0153290639005592,0.901405213336852
"ENSG00000271420",0.0377705522281792,0.901553266295331
"BLACAT1",-0.0195250464607328,0.901674314192707
"LOC124906280",0.0397784926951455,0.901742383925673
"ENSG00000283761",0.0396205638309051,0.901791993358895
"ZNF568",0.024026165914061,0.90189286878901
"HIP1",-0.0122294862087366,0.902187621020538
"SCARA3",-0.0107602158901928,0.902206754955622
"ANXA2R",0.0268844723699073,0.902859000584379
"IGHMBP2",0.00904224626080502,0.902873287773166
"ENSG00000290123",0.0357867967304567,0.903255091317783
"CERS6",0.00936172702647177,0.903292933847983
"MPP7",0.0141892808274807,0.903319192124115
"IGF2R",0.014065517089699,0.903561241093235
"ENSG00000285991",-0.0756611282618196,0.903621801739385
"SRMS",-0.0453661093804986,0.903772074889748
"ERC1",0.0129138594650092,0.903776057744422
"NMB",-0.0150687806415626,0.903836343611459
"NDUFB4",0.00840090217506888,0.904004302290213
"ENSG00000288586",-0.0367592670644706,0.904353956191569
"TSG101",0.0113154905359801,0.9047545469908
"ENSG00000272144",-0.0385376494341474,0.905015763907998
"ENSG00000306064",-0.0451661896775286,0.905087644290168
"ZNF16",0.0124890155282023,0.905266414991654
"MCTS1",-0.00903251416939137,0.905675892532478
"LARP6",0.0528593913668899,0.905681488107298
"COPS4",-0.0105733403488606,0.905791175903655
"ITPKC",0.0115649470295372,0.905850067206083
"PHKA1",-0.0104857694362903,0.906067939435373
"HTR3B",-0.0518723256782338,0.906355539346293
"RARS1",0.00781885194151772,0.906408500380054
"LOC107984243",-0.0210898088016287,0.906517521636628
"MYO15A",-0.0412885536703634,0.906693261080717
"TPX2",-0.00733582268561266,0.907042896907882
"METTL9",0.00886590762441564,0.907374036598954
"NUDT12",0.0154712383838805,0.907519925848081
"LOC131768270",0.0351246325541227,0.907535491619192
"MEPCE",-0.00685407476553785,0.907649261940556
"ENSG00000284048",0.168552686959163,0.908358697805746
"ENSG00000295516",0.038704829428766,0.908418335735302
"LOC100506235",-0.0270578883628578,0.908854387373996
"CKB",-0.0160320810069817,0.909277662899041
"ENSG00000253284",0.0526701441767132,0.909511204272578
"ENSG00000249129",-0.0330457741848315,0.909656242756184
"ENSG00000285667",0.0302886109207582,0.91009144163847
"ENSG00000273618",0.0397712395210991,0.910216854388996
"ENSG00000269921",-0.0308470919915411,0.910406336873127
"SP2",0.00946399293078651,0.910990007200346
"MYL12B",0.012543431367207,0.911096801908716
"TMED2",0.0091022984091144,0.911462001229421
"GPR155",-0.0267051821502677,0.911664338343274
"WDR13",-0.0096853354341026,0.911671677665368
"STAT4",0.0380676482217501,0.911886821583162
"FAM174A-DT",0.0352971164727236,0.911893477244496
"LOC124906119",0.0405580726959595,0.912219212730429
"EFCAB8",0.0392788089666872,0.912251790508173
"MYL12A",-0.0111430268600286,0.912428030667194
"ENSG00000277806",0.0412122481849945,0.912576728171704
"CATIP-AS2",-0.0378866439689345,0.912669856906697
"ENSG00000279786",0.0369279478779452,0.912761625617759
"NANS",0.00811803773050861,0.912830781284132
"CDC25C",-0.00893037189312434,0.912892488274517
"EIF2B5",0.00800548096308128,0.913227303956402
"LOC124902696",0.0402105962053815,0.913287513010025
"ENSG00000265451",-0.0426587385536635,0.91330352132053
"HGS",-0.00785123782297528,0.913813455117065
"PMS2P2",0.0341746282203321,0.914051636056023
"HSP90AB3P",0.0385629369405581,0.914124465594056
"ENSG00000293025",0.0234970980688819,0.914163190793878
"ENSG00000293917",0.0384433242598405,0.915447743403642
"ENSG00000301691",0.0236438990941426,0.915472942012933
"ENSG00000269779",-0.0513893046119475,0.91547991114014
"RPL18",0.00902885874753304,0.91602740652937
"DR1",0.00774688656938384,0.9160587047425
"MYO1F",0.0381319053516115,0.916174555122377
"GCAT",0.0107180469752519,0.916420997098413
"ENSG00000291208",0.0109330783199391,0.916663522211398
"CCDC157",-0.0167254692780241,0.917574862103659
"CHRNA10",0.0190401052405442,0.917901405469684
"SCML4",-0.0335876136946639,0.918019617310636
"ENSG00000276115",0.0240254420801939,0.918094683074051
"ENSG00000250938",0.0264424258723217,0.918306665715586
"PALS1",0.00922228287718506,0.918628371647246
"DHX33",0.00933092943995052,0.919509613262967
"ENSG00000279266",0.0386440149817508,0.919706221648428
"QPCTL",-0.00954451535624733,0.920002549914035
"APOB",0.0127319124779888,0.920101680280724
"DPM3",-0.0111039166007393,0.920194002350188
"ENSG00000268204",0.040098986989072,0.92045473516784
"NFE2L2",0.00595567451322954,0.920654972213558
"ZNF487",0.0116352316356362,0.920762688476687
"GLUD1",0.00817990894477217,0.921001705260624
"LOH12CR2",-0.0307841155504434,0.921032668122106
"ENSG00000253200",-0.0144853921190201,0.921120892455846
"ENSG00000284773",0.0471666554047625,0.921143886708683
"ENSG00000297327",-0.0216683725144926,0.921298432877003
"ENSG00000279718",0.0340019678956019,0.921649244998096
"ENSG00000299022",0.0121986477948649,0.92182516251313
"TLK2",-0.00599720803276986,0.923352180352646
"ENSG00000294418",0.0377911804065309,0.923386030773311
"PPTC7",0.00758912139826442,0.923396165744658
"FAM177A1",0.00693035794089919,0.923408705977596
"PORCN",0.0145347978945374,0.923480031006532
"SLC25A38",-0.00671293914240685,0.923512259773936
"ENSG00000258559",-0.0177434614841245,0.923736358588707
"ENSG00000276718",-0.0388512595002283,0.923738366850577
"ZNF880",0.0388460164937064,0.924222780420739
"ENSG00000251450",0.0232539324897205,0.924755398977244
"ENSG00000289499",0.0385982049479703,0.924970176182879
"PAQR9-AS1",0.0194844619793589,0.925556736910787
"ENSG00000218175",0.0399155134730762,0.925591393633127
"PRKCZ-AS1",0.0375333646244122,0.925936882287753
"ENSG00000255439",-0.0693999455691676,0.926247530875219
"ENSG00000272491",0.0392604732999725,0.926330953420733
"ENSG00000272933",0.0197827217344735,0.926787656721602
"RFX1",-0.00749470649781608,0.926893366713421
"PAX8",0.0133065477610312,0.927491078050903
"COL6A2",-0.0322370556854675,0.927554355707086
"ENSG00000233547",0.0390946721414216,0.927748248547495
"ZPLD2P",0.0133595459045237,0.928598812913395
"MYRFL",0.0191746886714915,0.928930829791241
"ENSG00000305493",0.0384730956457133,0.928978562976367
"CLDN14",0.0117326393960593,0.929154001789583
"CUX1",0.00547339929135652,0.929339079603707
"ENSG00000306533",0.0367216310714936,0.929348032294888
"MRPS30-DT",0.0226734731554555,0.929368788403315
"PSPC1",0.00631280227311905,0.929637194940906
"CALML6",0.0396850335984261,0.929644060388778
"ENSG00000259321",0.0179877076247086,0.929863337944535
"EEF1AKMT2",0.00852106756734309,0.929921225939867
"FASTK",-0.00746978068398758,0.930338697944109
"ZSCAN22",0.0138993131149472,0.930381572781981
"ENSG00000260803",0.02154569207397,0.930588902247049
"FAM66C",0.0381184259268193,0.930888710693824
"CCNF",-0.00631884835194891,0.931012625678227
"TBX3-AS1",-0.0326441921102502,0.931326079113875
"ENSG00000225345",0.0366177779406263,0.931332098089274
"ENSG00000261071",-0.0140842993636138,0.931387111239776
"ENSG00000267475",0.039907793024042,0.931916839105701
"B4GALT6",-0.00874952244181983,0.932180027216583
"PRNP",-0.0110933116666268,0.932482783908679
"VWA5A",0.0180020117324956,0.93248778347709
"LINC03011",-0.0114564037749573,0.932507413407009
"PALLD",0.0346004081534796,0.932625687541913
"ENSG00000279923",0.0380027512521951,0.932743566967417
"LAMP1",-0.00899500924241605,0.933008019506248
"ELOVL2-AS1",-0.0247264138321887,0.933330537871231
"PTPN2",-0.0065572514555242,0.933359191026898
"STARD9",0.0128332882824642,0.933415797332113
"WDR82",0.00613363568852592,0.933433196339801
"ARF5",0.00655531733081506,0.93362481670181
"LOC105377155",-0.019446625189599,0.933749459280355
"MIS18A-AS1",0.0226376936451705,0.933774373929408
"PTGR2",-0.0116321544167277,0.933937333225703
"UNC50",-0.00634768386789342,0.934019240095135
"IL18",0.0386054596791408,0.934135041706727
"ENSG00000223812",0.0393376839253246,0.9345461690176
"ENSG00000275576",0.0379589996387783,0.934681846858685
"ENSG00000289463",0.0202869721012621,0.934842402428834
"ENSG00000173867",0.0911682946810406,0.934849771580505
"ENSG00000236816",0.0526799533982902,0.93524570585926
"APLF",0.015097202896652,0.935312729607952
"DHRS7",0.00951745867854315,0.935325861226416
"ENSG00000204904",0.0375175503457141,0.936107335322567
"ENSG00000219747",0.0333532157958877,0.936307342633049
"TSTD3",0.0123120855944664,0.936413400381603
"PPFIA3",0.00661455135865132,0.936496411408541
"ENSG00000205578",0.0349333545752911,0.936590482043513
"FGD1",0.00986100892391614,0.93692442053625
"NOTCH1",0.0408531674789684,0.937247522247361
"ENSG00000226259",0.0324325631320924,0.937752616505102
"CD47",-0.0118283614215128,0.937974022919998
"ENSG00000100058",0.0684883342464137,0.938436731196119
"ENSG00000302995",-0.0458434157050522,0.938685540809225
"R3HDM2",0.00644599180245562,0.939614278588889
"PRR22",0.0123291604981736,0.939717124420335
"EPHA10",0.0387359450089444,0.939741123407331
"LINC00355",-0.0113530172746252,0.939765378748384
"HCFC1R1",-0.00754060544257875,0.939878754300075
"TNFRSF10A",-0.00722583236951752,0.93995313308503
"LAP3",0.00748899586098998,0.940011800720614
"ENPP2",-0.0143262556850869,0.940799761560533
"ENSG00000260063",-0.0269333429019862,0.940861057191643
"OSCP1",-0.0223155508106417,0.941226767069612
"NDUFAF2",-0.00901354912411322,0.941269208888374
"DCTN5",0.00454093853986141,0.941514994653589
"ENSG00000259921",0.038797647319633,0.942309311701902
"EFCAB11",-0.00734803623366262,0.942488975854235
"TMEM164",0.00930996820236255,0.943156798332778
"SNHG16",-0.00574921352768567,0.943317281813333
"CCDC9",0.00466606442773613,0.943850640988047
"TMOD3",-0.00539071136617288,0.944204031586021
"CMC4",0.00757530570697815,0.944574524691813
"ANO8",-0.00682344320758419,0.944582175583435
"WDR5B",-0.00802019805486536,0.944887714532025
"ARRDC3-AS1",-0.0174869094013561,0.945153232138997
"JPH4",-0.0226098137907509,0.945397778233269
"ZNF417",-0.00958715071586836,0.94591221296271
"ENSG00000258728",-0.0238757141455092,0.946564259082442
"SELENON",0.00642806358879406,0.947162557011357
"ENSG00000224916",-0.00569410053714761,0.947238299697545
"KLHL11",0.017297889564309,0.947536336220057
"CDK6-AS1",-0.0214582033420289,0.947565590580141
"ENSG00000284952",-0.0479409167427441,0.947700988446217
"SLC35B2",-0.00540589638241256,0.948349073071712
"YME1L1",0.00408602899730593,0.948416959012491
"CRYZL2P",-0.00713836285565213,0.948499872786704
"TRIM69",-0.0140894055583247,0.94851001428761
"DROSHA",-0.00758896138327926,0.94894067710159
"ENSG00000272277",0.0105749568509488,0.949108493674604
"LOC105374312",-0.0201043730930216,0.949287945591827
"ENSG00000256950",0.0203813685181676,0.950880484247293
"RNF126",0.00381939542837293,0.950936543147271
"SPTY2D1",0.00549690948082646,0.951055950317
"SLC27A5",0.00628805041490104,0.951219202026
"HR",0.0205437368547776,0.951578744894164
"ENSG00000258881",0.0139769833333114,0.951765634410746
"ENSG00000280279",0.00995554215948539,0.951990367408973
"THAP4",0.00636319346541391,0.952403129082056
"ZNF510",-0.00665946740878383,0.952407716983665
"SYMPK",0.00364779404037839,0.952493011224983
"SIRT4",0.0107646285300777,0.95299830309323
"TMED4",0.00413778549503814,0.953103339926752
"C3orf18",0.010033064520519,0.953239879183003
"ENSG00000293660",0.03188297605048,0.953437603564114
"ENSG00000298035",-0.00982832980300038,0.953551516880946
"SUPT20H",-0.00324723677590222,0.953642023398407
"CHM",0.00464679694254358,0.953754556924954
"ENSG00000237188",0.0224740113269643,0.953887257126452
"KSR1",0.0054854771667314,0.954194223648908
"ENSG00000259366",-0.0142992891602667,0.954429451740729
"SIM2",-0.0223818161617436,0.954655312634803
"ENSG00000293685",0.0254382572522907,0.955095480138495
"ADAMTS13",0.00613702601578156,0.95533494614683
"LIMS4",-0.0225941350190646,0.955441215607787
"FRMD5",-0.023019059782871,0.956681469066033
"USP36",-0.0037267753565783,0.957107077626125
"ENSG00000307669",0.0152254671860956,0.957155473658951
"FAM72D",-0.00575358422791356,0.95742305335356
"GID8",-0.00332593372603539,0.957789453584042
"STXBP5",-0.00410897544898421,0.958306452090154
"ENSG00000271714",-0.0186708261337396,0.958518249679758
"RP1L1",-0.034030906924641,0.958552959077415
"CTAGE3P",0.0111359566634489,0.958647009363776
"TAS1R3",0.015887398762646,0.958873980360461
"EPC2",0.00413232012852899,0.958876598487291
"ENSG00000229036",0.0273196760264826,0.959054562292592
"ZNF655",0.00317812806984241,0.95923357628061
"UQCRH",-0.00559364123663916,0.95925764302498
"ENSG00000272735",-0.0196709103448688,0.959440243365182
"ENSG00000282339",0.0145991924094387,0.95961787880487
"TSPAN15",-0.0139284502235766,0.959633928526339
"REEP4",-0.00434314158848411,0.959638739572104
"TP53I13",0.00591090790077791,0.959643617487993
"C17orf113",-0.00874024954782077,0.959955006821031
"NBPF10",0.0100718952397549,0.960057794614508
"ZNF587B",-0.00420714903071636,0.960186263394851
"ENSG00000247121",-0.0110083072317516,0.960426341570597
"PECAM1",-0.0120619790201892,0.960963467749846
"PPME1",-0.00351960053117636,0.961276359240564
"HNRNPA1L2",0.00600151278231621,0.961676043737412
"TMEM17",-0.0247004678639153,0.961798349210708
"ENSG00000238072",0.0248308451132121,0.961997926416117
"ENSG00000242242",-0.0131631017127688,0.962217118807093
"ENSG00000295782",-0.0118514752867562,0.96258242531127
"TMEM9",-0.00360827694251205,0.96280223816754
"SEMA6B",-0.00525425283991562,0.962805477571818
"ENSG00000289225",0.0144300267935538,0.962874737865706
"VPS53",-0.00260588053608914,0.963248399897806
"ULK4P1",-0.0252044590170707,0.963260866078034
"RXRA",-0.00515348261820071,0.963756795653337
"SRGAP1",0.00775591208978325,0.963762280540287
"CTSA",-0.0036827984180853,0.963843135406167
"ENSG00000304848",-0.0167954951291924,0.963973322271122
"XXYLT1",0.00346672091955412,0.963986119322777
"CCDC152",-0.0192929321796722,0.964167998809399
"TNFRSF19",0.00305474318190309,0.964304794690896
"ENSG00000260806",-0.00713300895445169,0.964443443842214
"CYP2D8P",0.0230264700188431,0.964596120953931
"ATF6-DT",0.0093158073082673,0.964797261355068
"RPS3AP6",0.00775416828342328,0.964859219265071
"ZNF585B",0.00459808357443362,0.964972143225482
"CYB561D1",-0.00506136708952988,0.965171705176137
"CEP19",0.0116686561841891,0.965252631358045
"MAGI2-AS3",0.00343868669068383,0.965560901007943
"ENSG00000265413",-0.018085344248162,0.965711723160049
"MTND1P23",-0.0139485462646835,0.96652525139839
"NAA30",-0.00320304715224929,0.96660174666311
"CTSL",-0.00370403829070492,0.966653003883855
"ENSG00000301573",-0.0382211287184103,0.966669009811233
"RPS9P2",0.0293902865153897,0.966676558932343
"ENSG00000264207",0.0094262753670435,0.967026299025975
"WNT3",-0.00342353537829408,0.967475448791459
"MTND4P12",0.0122555985127402,0.96760751400115
"KRBA2",-0.00488483455234565,0.967902697497027
"TEX30",0.00870373835296218,0.967910365382415
"SLC10A4",-0.0229327062527577,0.968007545198521
"PIH1D1",-0.00285057926995499,0.968839285967661
"MCU",-0.00316574203048872,0.96914035368023
"TIE1",0.0124515906839219,0.969578614418808
"DCTN2",-0.00259023155416784,0.969590420261371
"PRDM16-DT",0.00477362888444561,0.969919126425829
"DTX2P1-UPK3BP1-PMS2P11",0.00611866723914571,0.970035574175115
"LINC00311",-0.0116295345272569,0.970587439134776
"LINC02352",-0.0105995385895545,0.970606855699734
"UQCRHL",-0.00618304149174136,0.971112221772103
"TRIP6",0.00964360680579886,0.971284716455248
"MAP3K12",0.00701544162506335,0.971525874098479
"SMIM26",-0.0034257100889829,0.97180275044866
"LONP2",0.00217666462657391,0.971870446202019
"NEK6",0.00342263454363415,0.972081418021679
"VSNL1",0.00375100722810196,0.972209692598379
"ACTRT3",0.0117347010935976,0.972756520076443
"MPDZ",-0.00241040663967007,0.973054018350056
"UQCRC2",-0.00257276491131907,0.973236840010966
"HDAC7",-0.00637871426336921,0.973286922276439
"ENSG00000289810",0.0159758565757321,0.973440789918521
"MID1",0.0052922721132533,0.973504095565984
"KRBOX4",0.00278605179726721,0.974164355175955
"EXT2",-0.00360424601768084,0.974392169429029
"BCAR3",0.00449858960431388,0.974502690783629
"PGLS",0.0031223306488954,0.974526127621322
"ZNF708",-0.00465804815802517,0.974842430328314
"TIMM23B-AGAP6",0.00665257157660771,0.974880832595796
"C6orf136",0.00233371015666563,0.974995770461883
"ENSG00000286652",0.0117936382202644,0.97502583436862
"ENSG00000214248",-0.00616771373337685,0.975413187953507
"ENSG00000257433",0.00857251661680603,0.975798480372535
"PKD2",0.00240365653379765,0.97582140016617
"PHF14",-0.00216833779546792,0.976068545900741
"TMEM104",0.00265008802634854,0.976567004365375
"NBPF3",-0.0049585373934906,0.976975469797507
"ENSG00000288710",0.0167824103975391,0.977057635461336
"ENSG00000289244",0.00678771011009797,0.977188915000668
"NSMCE2",-0.00261658728703831,0.977509663440597
"ENSG00000288794",0.0103192148069389,0.977690699986455
"SLC37A2",-0.00642157732073171,0.977704719105287
"TTC7B",-0.0035910259733613,0.978182032856803
"P2RX4",0.00253682130515264,0.978341369165403
"TNPO3",0.00171463192483466,0.97866309914508
"ENSG00000243302",-0.00603525244921017,0.978764828906812
"AGBL5",-0.00238896039024201,0.978796105561981
"IGF2",0.00369721256497197,0.978862589512219
"ENSG00000261783",-0.00842687826831904,0.97909635982222
"VCPKMT",0.00344183335469958,0.979303867841294
"C9orf78",-0.00261772374975779,0.979687746937951
"ENSG00000288604",-0.0137460334614119,0.979711986954624
"ENSG00000286067",-0.0100325015659728,0.979787761998381
"PIGK",0.0023810425667531,0.979917881938525
"HSPA1L",0.00392372591452707,0.980016570714061
"ENSG00000224358",0.00952377741483131,0.980266884064298
"ENSG00000259378",-0.0100298469154086,0.980858255282724
"ENSG00000305937",0.00929328796798401,0.980943060602841
"LAMTOR3",-0.00191781317529286,0.981065050462278
"ENSG00000305792",0.00786118408912169,0.981095740157238
"ZNF781",-0.00400868836237044,0.981327128602324
"SERPIND1",-0.00236790091850779,0.98161621997424
"ENSG00000271141",-0.0114597976357538,0.981693872353612
"ENSG00000266079",0.00874174737835395,0.98184498926749
"LOC105369363",0.00937146529429675,0.982056544214494
"ENSG00000299646",-0.0092285970838999,0.982192342820367
"F2RL1",-0.00491375387369985,0.982200397003165
"BRPF3",-0.00187298472384474,0.982236410743314
"DEGS1",0.00188028156650664,0.982262095375116
"MFSD9",-0.00150427255130047,0.98256331437706
"PPM1M",-0.00317349992457264,0.982608007937738
"ENSG00000274080",0.00530116957668846,0.983892497989943
"PPP1R2",-0.00146731998868928,0.983917983697417
"SPECC1L",0.00120296237847111,0.984158819030843
"TFB1M",0.00135871856248772,0.984266864778837
"IRAG1",0.00704877519741328,0.984320018549929
"ENSG00000295746",-0.00791985119320231,0.984334229104644
"ENSG00000291194",0.010204669141819,0.984365651837282
"ARHGEF26-AS1",-0.00953972033321235,0.984462929820735
"SEC16B",0.0024930790804254,0.984475256990476
"TUBAL3",-0.0102643486475835,0.984505968213535
"YWHAB",-0.00164103283617762,0.984589828305299
"POLR2H",0.00145916849700228,0.984621377087019
"PGGHG",0.00180954549537278,0.985229719511284
"PCLO",-0.00665251758612148,0.985352546421061
"TRIT1",-0.00129934102693589,0.985751736485427
"ENSG00000309808",0.00632817255036877,0.985909889509832
"LINC02932",-0.00598260014525968,0.986023078796799
"ENSG00000274272",-0.00382108298859106,0.987046835561091
"LOC124904643",-0.0038456668957704,0.987742545927619
"ENSG00000263731",-0.00153839012365132,0.988043951422791
"WWTR1-AS1",-0.00746138723306833,0.988465495872454
"SPMIP4",0.00199885539267199,0.988546776241336
"ENSG00000291131",-0.00529965447102437,0.988557726777243
"ACAD10",-0.00103528907457911,0.98886087238622
"ZNF830",0.00117192211429924,0.990109203505794
"DENND5B",0.000902692261071456,0.990149183568876
"WEE2-AS1",0.00426075405505159,0.990493274419485
"PRPF40A",-0.000752798763261638,0.990799355754249
"USP2",0.00222049780696126,0.990889524790945
"ENSG00000269653",0.00442956938120976,0.991067726017129
"ENSG00000274002",0.00456159431133742,0.991080400736046
"ENSG00000260475",-0.00453269515660122,0.991587559960624
"TIMM29",-0.000971087489837005,0.991619052173264
"LAMB2",-0.00131476283194162,0.991687736325209
"TOR1AIP1",-0.000980149585045865,0.991893724397292
"ENSG00000305954",0.00485246750792777,0.991923835201539
"LINC02983",0.0016750327062278,0.992059535870659
"IL12A",-0.0025012241606362,0.992078141469701
"FALEC",0.00261297892623823,0.992080022148041
"CD24",0.00209877151563872,0.992285732520989
"CTNNA1",0.00077319385228218,0.992998722547205
"MARK2",-0.000527100133286254,0.993168911149945
"RPS25",-0.00078551601585469,0.993189472396589
"AKAP12",-0.00241395891120395,0.993293510044886
"EFCAB2",0.00068504107738409,0.99356729113678
"ENSG00000303940",-0.00232874940987293,0.993672608015315
"RPS6P10",-0.00223385932735766,0.994008685562371
"CARNMT1",0.000557091984040084,0.994014158712223
"SLC25A33",0.000427079828654473,0.994580287016505
"SLC51A",0.000846685149686496,0.994895184276206
"SDF2",0.000556540559043614,0.99501543303862
"SRPRB",0.000545253096414414,0.995219875012478
"ITGAE",0.000692480654175066,0.995232136087588
"ZNF232-AS1",0.00111409164305518,0.995428774246019
"ZNF778-DT",-0.000821657482297252,0.995555979141062
"ZFP91",0.000337120695945064,0.995819745856549
"ENSG00000304231",0.00238760328540994,0.995952013634265
"RPL39",0.000444126301136473,0.996256655677569
"LOC124905202",0.000924286070242096,0.996549107967018
"GPC2",0.00110430798301237,0.996623226618102
"TSSK6",0.000923014033044084,0.996842583969537
"ENSG00000266896",0.00132319376811744,0.996857868032826
"LOC102724594",-0.00135137362334196,0.997246308358606
"SLC38A7",-0.000227321755960264,0.997529977331751
"ENSG00000260269",0.00172823559867809,0.997689179068856
"H4C12",0.000982299785549683,0.997805218881386
"MGA",-0.000187881719037641,0.997889380739992
"ZNF185",-0.000851730360877291,0.997924156977569
"CEP95",0.000160493306155449,0.998127479313032
"MIF4GD",0.000243415703266645,0.998617098980782
"ENSG00000239791",0.000237453728564713,0.999115826069416
"IFIT2",0.000327085693908091,0.99926435198942
"ENSG00000269399",-5.8337731937073e-05,0.999654469191614
"ENSG00000288684",0,1
