"Symbol","logFC","PValue"
"FAXDC2",2.89842081140674,2.41431855709765e-14
"RAB17",1.74196748630266,6.28800398407933e-14
"CYP1A1",4.8561441177155,2.56235218397816e-13
"JMJD4",-1.98985877282108,3.00751572731793e-13
"PTTG1",1.75965040437459,4.38009248581617e-13
"UHRF1",-1.49134520000481,6.22326736610074e-13
"CCNB2",1.71749257935487,6.6495815302214e-13
"FAM111B",-1.72661424601097,1.06934566743135e-12
"HS3ST3A1",2.42503986304891,1.39292369140893e-12
"SLC38A11",1.46331424553731,1.44026882900357e-12
"ECT2",1.72171938131789,2.58582881150032e-12
"SMIM1",-1.65070548865673,3.29464377850035e-12
"CENPA",1.54603601277585,3.40802575431149e-12
"MCM5",-1.12307671918474,3.71226743956399e-12
"ZBTB38",1.60783903209052,3.76229499844619e-12
"HAGLR",1.39777952080187,4.13761785066414e-12
"SLC6A14",2.20660928544459,4.4241908660398e-12
"DLGAP5",1.5417075512042,4.61466537257788e-12
"CCNG2",1.82723278669443,4.84752598073837e-12
"KIF20A",1.61728147553036,8.45290541877852e-12
"TPX2",1.15836585061704,8.8946036476629e-12
"LIMA1",1.68013256472021,9.16947618830235e-12
"LAD1",-1.27983467101011,9.25403944916793e-12
"NEK2",1.39571414915755,1.04282361739622e-11
"PDE4D",1.48482774266011,1.05038114575662e-11
"LINC00668",1.44073717045507,1.15111198129631e-11
"BUB1",1.13605297647011,1.197933069125e-11
"EEF2KMT",-1.52427483385486,1.32156220541157e-11
"SGK1",1.82100354556865,1.65866989899239e-11
"PNPLA6",1.28302545762894,1.69807651530256e-11
"DRAM1",1.29646187435526,1.72140554411829e-11
"NDEL1",1.12907872933866,1.7909162018201e-11
"C19orf48P",-1.26609545506828,1.98117300558896e-11
"FAM120AOS",-1.19379686670608,2.0098419701596e-11
"MAP3K3",1.01304878762803,2.03452700834286e-11
"PYCR3",-2.14711497321754,2.33499961329527e-11
"INCENP",1.53666891048277,2.50085352368799e-11
"CCNF",1.2101164938177,2.5364462714036e-11
"CDC6",-1.16251438701186,2.61104565922391e-11
"PSMC3IP",-1.30365154658331,2.62412900334154e-11
"ENSG00000290729",2.36187607567934,2.71414017372854e-11
"FBF1",-2.01626918652408,3.20416807733395e-11
"AMPD2",1.3072336810002,3.30287452333591e-11
"ENSG00000184414",2.30820899623078,3.39725527822414e-11
"GPSM2",1.53105452114354,3.50123383289955e-11
"ASMER1",2.04143741402793,3.56964087932518e-11
"LPIN2",1.50868204190443,3.91634995174148e-11
"FRY",2.03067575388586,3.92577889415433e-11
"TP53INP1",1.99020372132009,4.0270614748807e-11
"KLHL24",2.29138347936845,4.08287369920049e-11
"PRR11",1.66691593294713,4.3221684341833e-11
"ENSG00000289886",2.93069507564126,4.57684008774034e-11
"REPS2",1.83528132123532,4.66417975413161e-11
"ANLN",1.0011225986468,4.84958365262837e-11
"ODAM",1.83274435221874,5.57429743809139e-11
"MGAT5",1.43084824303863,5.82896951467187e-11
"SORT1",1.05297411747043,6.11805792344869e-11
"COQ8A",1.16813063574995,6.41489670666632e-11
"NCAPD2",1.00016781121611,6.53064881639175e-11
"STK26",1.23586103711625,6.89932222857035e-11
"PIF1",2.10748601874282,7.60015951470696e-11
"GINS4",-1.42518022102296,7.70734273844714e-11
"TTK",1.36175881466199,7.78565546435885e-11
"BIRC5",0.994047241019953,8.78848457588462e-11
"INSIG2",1.44538143474053,9.61867194338198e-11
"ZBTB44",0.930977225045869,1.02491784994595e-10
"CDK19",1.12783583695259,1.04263751892918e-10
"CLSPN",-1.14622995721108,1.0511842953498e-10
"SLC25A10",-1.20389169121418,1.19562524968305e-10
"ZSWIM5",1.29200016855127,1.29210661380039e-10
"HP1BP3",1.08550521896654,1.30859076287296e-10
"TGFBR3",1.75659812377691,1.32012837727505e-10
"NUDT4",1.14429440960915,1.37765690891708e-10
"MYBBP1A",-0.943235393394321,1.38712887214091e-10
"KDM7A",1.31892481400001,1.39727624211856e-10
"FZD4",1.35603092156715,1.44387046201597e-10
"CKAP2L",1.14708111349746,1.5427201391765e-10
"AGFG2",1.02286116070384,1.61314790909978e-10
"PPARGC1A",1.48639596194774,1.63365619668414e-10
"ENSG00000298543",1.5137177040037,1.65961328319308e-10
"POP5",-1.03068815491828,1.68796664019447e-10
"MCM10",-1.0257491856481,1.69140911005802e-10
"MIR3142HG",2.17591770274204,1.71914194952743e-10
"CCNG1",0.978741941919219,1.74977458634584e-10
"PPM1H",1.042076144207,1.80696804165041e-10
"LPAR6",1.49573213991424,1.87302291215501e-10
"CCNE1",-1.31618782746102,1.98075909515593e-10
"CISD3",-1.15950988347587,1.98591726543782e-10
"ENSG00000268858",-1.24300301452118,2.00936425243505e-10
"KLHDC2",1.12896926584792,2.01355210104052e-10
"RORA",1.11142285738959,2.03929459135348e-10
"MCM4",-0.998527757535732,2.07495576819201e-10
"PLK1",1.40791868495683,2.09198678918185e-10
"DAB2IP",0.916029964049536,2.12361076576642e-10
"GLP2R",1.638923535611,2.17236151499606e-10
"CENPF",1.47510111468174,2.23765694007098e-10
"TMT1B",-1.0176755818475,2.30035021773929e-10
"CRELD2",-1.03223189194109,2.39348057338342e-10
"PBXIP1",1.1283930583524,2.49101963788695e-10
"ALDH18A1",1.12037072271841,2.59395847744152e-10
"PPM1K",1.12185059230599,2.67986005788019e-10
"TCF19",-1.07887570910389,2.68157394970986e-10
"NUSAP1",0.890487507764053,2.7782422260076e-10
"FOXQ1",-1.48955071142009,2.81542920050649e-10
"PLCXD1",1.01242010576907,2.84928806892059e-10
"INPPL1",1.01554810300713,3.0175668367548e-10
"UNG",-0.856109996659449,3.02244528122129e-10
"CDC25B",1.19165747639207,3.14441316482266e-10
"TAPT1",1.08875688911972,3.17343958807151e-10
"TBC1D4",1.11353807192271,3.1915707489345e-10
"CYP3A7",2.46186866263578,3.23117741001032e-10
"ADH4",-1.71601507506856,3.25388224573912e-10
"CDC25C",1.10688110876422,3.36454623202373e-10
"CCNE2",-1.51980505393612,3.36472224210739e-10
"IL1R1",1.18836749220626,3.3809551625614e-10
"FOXO4",1.96300060012307,3.5025889271022e-10
"MMD",1.52283490304027,3.63407687533577e-10
"G2E3",1.0791829988302,3.64127697629163e-10
"HES4",-1.5153861581065,3.68498868074176e-10
"FAM86EP",-2.16666156882244,3.70806295788794e-10
"THAP7",-1.10519378837524,3.7657671561678e-10
"ENSG00000290450",1.29715238539,3.77482515699579e-10
"PDXDC2P-NPIPB14P",1.10715807018777,3.82786837675737e-10
"AKR1C1",0.948565295907111,3.85310868436873e-10
"TOP2A",1.09895671319993,3.91637892503886e-10
"HOXD1",2.16022183623253,4.08532392319681e-10
"PEX10",-1.11459044492821,4.1684178088459e-10
"FCHO2",1.06367184996097,4.43540618637663e-10
"CALCOCO1",1.62552758432861,4.44445981220578e-10
"FSBP",1.83163412415088,4.6303672735502e-10
"CENPB",-0.908364002534234,4.88682627948492e-10
"NPC1",1.24417181967788,5.06762130191437e-10
"PLOD2",1.05254792240004,5.37361158189946e-10
"KIF14",1.26548086868065,5.63405099455227e-10
"CDC45",-1.51199739310388,5.70070046693031e-10
"MTHFD1",-0.83619551385695,5.82664399400381e-10
"C1RL",-0.929632601582176,5.88391604021797e-10
"AURKA",0.888740656221055,5.90567576170389e-10
"PLPPR1",1.88230788150958,5.95893667653248e-10
"ABHD11",-1.63391321951781,5.97830514991854e-10
"HSD17B7",1.05466913423057,6.19626921651529e-10
"TNFSF10",1.41784080380294,6.19674002771623e-10
"KIF2C",0.925478620943545,6.20730674738215e-10
"DDX3Y",0.957243477840362,6.22883019392985e-10
"ASAP1",-0.959504863690859,6.27021607897603e-10
"NUF2",0.942770277809092,6.32220175435165e-10
"NCEH1",1.23353024009586,6.44284303723088e-10
"CLDN12",1.07948337598367,6.49145915715907e-10
"WFS1",1.08611104909105,6.53994686235122e-10
"ENSG00000287001",-2.35772516897291,6.60604301292335e-10
"FNIP2",1.2061727350831,6.73121905281627e-10
"ENSG00000260772",0.905739684870865,6.7780072878357e-10
"XRN1",1.27949434960453,6.86577016175084e-10
"PRC1",0.938008351824836,6.9254128867429e-10
"ENSG00000279117",2.19988414011705,6.97064049537762e-10
"GREB1",0.852791372433757,7.20566239795869e-10
"DDC",-0.878127077928766,7.29928242250499e-10
"SLC5A3",1.4415345806568,7.81702385460666e-10
"DHFR",-0.931552786211561,8.00563818463966e-10
"STARD4",1.06509437710489,8.07103516121971e-10
"MCM7",-0.911875679956098,8.25087799749991e-10
"ENSG00000291186",-1.50178971938821,8.3283851176862e-10
"CEACAM16-AS1",1.91369814155617,8.35834139222159e-10
"KLHL14",1.29402285201485,9.2768930236142e-10
"GPD1",-1.4729741172197,9.5920506709463e-10
"YPEL2",1.54916687818448,9.7219350139901e-10
"TIGD2",-1.38953062041248,9.78897893819282e-10
"UBE2C",0.882214248818923,9.99594369675695e-10
"ORC3",-0.908197993796221,1.01057852901039e-09
"THPO",-1.76945383505191,1.03419834900843e-09
"KIF11",0.954680155405489,1.0480687114436e-09
"REEP6",-0.907726711543654,1.06076838238186e-09
"CHAF1B",-1.12483973673903,1.07758237301683e-09
"RSRP1",0.964454200682404,1.08775206655857e-09
"ANGPTL1",3.07589858885223,1.12443713735002e-09
"HEPACAM",1.4955724256042,1.12513135689353e-09
"BUB3",0.842567635607076,1.12588889088568e-09
"RRP9",-0.941582232512435,1.12780084678609e-09
"WDR75",-0.882005446579193,1.12940175745035e-09
"SLCO4A1-AS1",3.03374233053864,1.15438932146493e-09
"ZNF704",0.983966240528686,1.17318547402846e-09
"TOE1",-1.03275976905572,1.21645202985019e-09
"CLIP2",1.43937067845126,1.23809240417112e-09
"CHAF1A",-0.774304993924365,1.26148856932126e-09
"RETREG3",0.931027513435538,1.2885177007895e-09
"THBS1",-2.1138783149385,1.318839483144e-09
"SOX6",1.40146228428611,1.3228438164698e-09
"POLR1G",-1.34602247099599,1.33400466059373e-09
"GALE",-1.08082757064992,1.34532799926151e-09
"CDK2",-0.873457649513941,1.36419610853429e-09
"GINS2",-1.08573861871354,1.41485266299339e-09
"ANGPTL8",-1.50525246213689,1.417945396243e-09
"ASPM",1.26701075852487,1.45839319056835e-09
"POFUT2",0.798097330910413,1.50880638662857e-09
"TRMT6",-0.906285257217088,1.51095413907657e-09
"MYO15B",-1.2237793538653,1.53673801666004e-09
"METTL1",-1.20081296938986,1.54097041102671e-09
"SLC6A6",1.36929546593821,1.54133952949058e-09
"PRPSAP1",0.928913803090795,1.54923161787176e-09
"ACY1",-0.887195198566554,1.5585024943592e-09
"ARRB1",1.35123401929948,1.62369468376844e-09
"TTPAL",-0.801934726630864,1.6255336886026e-09
"BRWD3",0.873434293824063,1.64496678808071e-09
"BCL6",0.818798298496911,1.6629351844122e-09
"HDAC5",0.849563476345884,1.67488104987918e-09
"DNAAF9",0.943355469706618,1.69062823942504e-09
"WDR73",-0.825110525393477,1.70051655168083e-09
"CYREN",-0.856208457822115,1.70789242485063e-09
"RNASEH2A",-0.974213511599323,1.71029709209272e-09
"SULT1E1",1.13973567484969,1.71213864827839e-09
"AIFM2",-0.844163156542278,1.8170647236213e-09
"ZNF318",1.06426477548303,1.86099052035235e-09
"GAS2L3",1.337381394939,1.86218117692853e-09
"RBM33",0.913383116133588,1.86707982855579e-09
"PRMT6",-1.16072608931137,1.90751777291884e-09
"ENSG00000221990",-1.59896645368729,1.97708262313447e-09
"RICTOR",0.890111309046002,2.0234822689526e-09
"FLAD1",-1.1127420977239,2.02537507627741e-09
"SLC25A11",-0.986604725000195,2.04454782477362e-09
"CYTH2",0.918727843680964,2.06548816870926e-09
"MARVELD3",1.24824136108633,2.07540070419496e-09
"OGG1",-1.025656646297,2.08673445861675e-09
"RAPGEFL1",-1.29621501088911,2.1855268033407e-09
"CASP8AP2",-0.990647702159372,2.21286137255533e-09
"XRCC3",-1.09286421258406,2.23694826173305e-09
"SFXN2",-1.38020750037625,2.2393357662261e-09
"UBALD2",2.04921591852227,2.2781174064216e-09
"COG6",1.0285559267652,2.35872881204333e-09
"SHC1",-0.806993889381751,2.37748884722264e-09
"LRRCC1",-1.18850485359541,2.3877362594079e-09
"H2BC12",-1.34262231866549,2.46296768163305e-09
"FMR1",0.96568688822402,2.47125462515074e-09
"TNFAIP8L1",0.848016369817084,2.53845525315328e-09
"ORMDL3",1.15761372552769,2.55716460789489e-09
"SV2A",1.22847913237208,2.65925517688707e-09
"PSMB10",-1.13506517038879,2.66007000722444e-09
"PCBP4",-1.02770021814437,2.68246932025851e-09
"ENC1",1.35100885038897,2.73804311018452e-09
"ATP8B2",0.903670745797465,2.74447484106199e-09
"MADD",0.896939085704407,2.77307479435326e-09
"E2F8",-1.33180805523887,2.77517789036373e-09
"MOGAT3",-1.2717483321108,2.78413081695308e-09
"ZNF451",0.879436981264658,2.93113267516741e-09
"ZNF320",1.86548780827285,2.98043020939736e-09
"NFAT5",1.03807233938131,3.063825531121e-09
"FCGBP",1.23043581700694,3.07724696146841e-09
"CPED1",-1.18099674813688,3.07851391683865e-09
"EXO1",-0.990466519300414,3.08768409223223e-09
"PFN2",-0.74359307752615,3.0956714007934e-09
"COA4",-0.989822666365201,3.14908753694524e-09
"RANBP3L",3.22546219240803,3.17315099567835e-09
"CDCA8",0.926627898866527,3.20873196084049e-09
"PLEKHB1",1.15227114451222,3.25392494334047e-09
"DPYSL2",1.15442503986372,3.25752711059881e-09
"AP1G2-AS1",-1.68513636865215,3.38915486769435e-09
"PTCHD4",1.06610204684177,3.39360488683873e-09
"VPS37D",1.19054328499595,3.43074141947122e-09
"DYNC2I2",-1.24994347122985,3.47843188836957e-09
"KIFC1",0.684830635758329,3.5033447668649e-09
"ANXA4",-0.875515109784313,3.53341657273683e-09
"ASCC2",-0.778838347202484,3.53478617363813e-09
"DTL",-0.88407959383005,3.541078266665e-09
"LGALS3",-1.39975581699315,3.5482263608904e-09
"RXRB",0.907551201605204,3.79541426846228e-09
"TAB3",0.792088061018529,3.82579462431828e-09
"PDCD4",0.801196184481431,3.83590816123968e-09
"GSTA4",-0.908275000732047,3.9106364140909e-09
"MNS1",-1.59567644653227,3.92082946292098e-09
"MYEF2",0.838718151997154,3.92961409112086e-09
"PCMTD2",0.718754913891098,3.97434927782394e-09
"PCK2",-0.934474050872971,4.10516285200277e-09
"WWTR1",0.939665095476555,4.16415689486525e-09
"SDF2L1",-1.44946375942682,4.16658846285781e-09
"CREBRF",1.1264812791726,4.18896178663722e-09
"BRWD1",0.818942541513703,4.25281114822516e-09
"ZFHX3-AS1",-1.09596839558241,4.25509037499131e-09
"ONECUT2",0.79344231028612,4.32747795954327e-09
"CABIN1",0.962103751773847,4.3553289524851e-09
"ENSG00000293541",-1.22664315543356,4.4371367102232e-09
"ZNF652",0.720210801864098,4.52501384481105e-09
"ENSG00000288886",-1.1557514758546,4.57988798615665e-09
"IMPA1",0.709472217090568,4.58635451051039e-09
"SLBP",-0.81932794354263,4.59731237793401e-09
"SLC19A2",0.966735773867798,4.61109020955732e-09
"CUL4B",0.794948003996708,4.65244626165817e-09
"BLVRB",-0.963421582556172,4.68050883539244e-09
"ERV3-1",0.845200804400679,4.75003858269322e-09
"TMEM170B",0.864994526639518,4.79182118138865e-09
"PRR13",-0.903987794614978,4.86133684765117e-09
"STARD13",1.0524717686144,4.87061611798749e-09
"RASA1",0.898613449455141,4.91583987486778e-09
"SMTN",0.924658310531736,4.91651979702547e-09
"GTSE1",0.962403808725545,4.92455301369124e-09
"FAM86B3P",-1.592003912821,4.92668151435117e-09
"NBR1",1.39190826631661,4.98071956129042e-09
"PIKFYVE",0.831852611804645,5.01367361537116e-09
"SS18",0.802589758806241,5.07071231099384e-09
"PCM1",0.863600512660042,5.07599563524932e-09
"CDK4",-0.882937952766404,5.12803009393852e-09
"YIPF2",0.768078713778821,5.33558117295372e-09
"MAPKAPK2",0.808272934593659,5.3821283195565e-09
"TGFA",1.09886305007991,5.46132766872605e-09
"HTRA2",-0.900431790073829,5.46148532966099e-09
"RBBP8",-1.0085914845886,5.50889025442204e-09
"SLC5A2",-1.92193377899216,5.7510207912631e-09
"SMIM15",-0.718404843323755,5.75824013329839e-09
"ALKBH2",-1.07749430377999,5.7866027248304e-09
"FST",2.17599954259645,5.79048987299522e-09
"PHAF1",0.856216055207747,5.83532873170455e-09
"SLC39A7",0.940142332587875,5.84747379816398e-09
"PLAG1",0.901274814009066,6.00684901951783e-09
"NIP7",-0.828397059887624,6.02192591734291e-09
"NDUFV3",-0.713298449808077,6.0527413775113e-09
"LOC124900372",-1.24803603447989,6.14565365947265e-09
"ATG2B",1.16657985826721,6.19252001040241e-09
"IPO4",-0.763259528074154,6.30284602434966e-09
"NKX3-1",-1.21184273296342,6.34369984465419e-09
"ACAD9",-0.958817436652867,6.35606366760035e-09
"NIT2",-0.868399320148644,6.45316810589479e-09
"LINC01089",0.824918472004208,6.46110036974016e-09
"RBL2",0.809936363574934,6.46480891085914e-09
"MSH6",-0.675705870908033,6.70558588973589e-09
"ZNF331",0.902853374569583,6.70788621771852e-09
"MIDN",-0.790091181885912,6.79181491138746e-09
"TLCD4",0.969612262741831,6.79599356594773e-09
"GYS1",-1.08030461294616,6.8023729649016e-09
"CCNB1",0.886899867497618,6.84671491135718e-09
"NARF",0.788919558487692,6.88450662188982e-09
"RABGEF1",0.855635144187911,7.09753305421154e-09
"SHFL",-1.01133379215472,7.14240464545347e-09
"MSH2",-0.792575162406419,7.16815486097914e-09
"SLC22A31",-1.35963422784536,7.49778768343544e-09
"GOT1-DT",1.26013140460475,7.9296325416622e-09
"PPP6R3",0.790089265252278,7.96781658786996e-09
"IMPDH2",-0.692349324989768,8.01050562046554e-09
"AGBL2",-1.74184718287687,8.01579365367665e-09
"CARD6",1.74434856417428,8.18374509255036e-09
"APEX2",-1.02558688550438,8.20237485383354e-09
"CDH15",-1.61362251597613,8.21827191100463e-09
"HIPK2",0.69202124465558,8.56394202572676e-09
"POLR3H",-0.874096849522167,8.57340958074682e-09
"KIF5A",2.18959740670722,8.60316350526253e-09
"LUC7L",1.05383999761647,8.67756561647484e-09
"DONSON",-0.709378547273188,8.7521065732362e-09
"ABCC6P2",-0.964774499758712,8.78199707545292e-09
"GINS1",-0.914679921006882,8.92377523491417e-09
"FAM8A1",0.61632735887949,8.93262289543002e-09
"CCHCR1",-0.865310787025358,9.01885884954528e-09
"SLC25A16",-1.05190839575867,9.04210564526819e-09
"DST",0.782351153323936,9.19230268076461e-09
"MRPL20",-0.83493711852942,9.2080932058255e-09
"SAA4",-1.17223563051253,9.38926430334563e-09
"PIGW",-0.838550357971148,9.65533337891824e-09
"PRIMA1",1.93791202030507,9.6833067195555e-09
"SCML1",0.71149085591601,9.72992805433967e-09
"MRPL24",-0.994256514458355,9.93021023611558e-09
"TMBIM1",0.833948741445361,9.93208762965218e-09
"SLC22A23",0.791189217302515,1.01354836610174e-08
"CLMN",1.65600277943499,1.0159999662876e-08
"CENPE",1.28484629705875,1.03372531782477e-08
"TP53I3",-0.980185368553207,1.04558786194228e-08
"ENSG00000182057",-1.05878886206337,1.04675459365932e-08
"POLR2G",-0.878789484319587,1.05481828546745e-08
"EPG5",0.805227524862445,1.05504817839389e-08
"DZIP1",-0.856745631177286,1.05557383066482e-08
"CDC25A",-0.720860926677706,1.07277049899304e-08
"HBP1",1.30843820467866,1.08943350389622e-08
"UBR4",0.840436433556361,1.09443888709236e-08
"TRPM4",-1.20087838220371,1.09779758661066e-08
"JADE2",1.0198266415625,1.10233160759397e-08
"FAM86B1",-1.7066825628234,1.11053692812453e-08
"HS3ST3B1",0.779021740819285,1.11387825973276e-08
"UBXN7",0.853623843721373,1.11419990934132e-08
"MRPL17",-0.917046743058322,1.12565389930376e-08
"TMEM181",0.86931131985057,1.13349135955926e-08
"HGH1",-0.839812250924605,1.15473086029847e-08
"MAST4",1.04730501396113,1.16009434063546e-08
"ULK1",0.950540363422243,1.16514591853914e-08
"PINK1",1.3544343830966,1.16823591890668e-08
"FAH",-0.687332232860308,1.16987361784419e-08
"CCSAP",1.00618671639227,1.17045524551818e-08
"CYTH1",0.912623297317618,1.17841279570739e-08
"SH2D4A",1.09665702442156,1.17874984860654e-08
"ENSG00000272079",-1.62605765009354,1.18578120474017e-08
"DESI1",-0.964009598515932,1.20797508708844e-08
"ENSG00000214719",1.01945544548877,1.24182328651857e-08
"ACSS2",0.977532927271802,1.24244737899071e-08
"CKAP5",0.696168668523652,1.25138152546354e-08
"PIGM",-0.939347529486681,1.25976953398704e-08
"MT1X",-1.90779401467507,1.2735849691765e-08
"CASP8",-0.894613000706541,1.28587364610186e-08
"SLC38A2",1.42733969108723,1.29201438665439e-08
"RAD21",0.719040153426044,1.29266736384245e-08
"GARNL3",-1.28566415182676,1.30046519179522e-08
"ANAPC5",0.832266735893073,1.31183333091856e-08
"FUOM",-1.02634608595957,1.33134926569443e-08
"PDE4A",0.862131804080342,1.36351891127746e-08
"PKD1L2",-1.33924498685288,1.37757431668266e-08
"PUM3",-0.80930624933526,1.3782323520316e-08
"ERBB3",1.0974362279621,1.38044411751611e-08
"IFRD2",-0.730179385725802,1.40930135984977e-08
"MKLN1",0.717756605134635,1.44340971088313e-08
"MPV17L",-1.10841265617392,1.45291709989956e-08
"TBC1D17",0.744151736043336,1.4543544920214e-08
"TMEM135",0.709982310029322,1.4596934052314e-08
"ISCU",0.997499418949085,1.47914427738342e-08
"MCM6",-0.824924616224688,1.48060165192157e-08
"BBC3",1.06486551459427,1.51405694041805e-08
"NR2C2AP",-0.949436675369268,1.52119224637938e-08
"ACOX1",0.633877847088923,1.54139480865795e-08
"SDSL",-1.41435738847956,1.57915733649125e-08
"DDIT3",-1.18331664399258,1.59519181182877e-08
"SIGMAR1",-0.712671455246133,1.59684059353211e-08
"LIX1L",0.73264432518709,1.59916477181672e-08
"ENSG00000272405",-1.19559597809493,1.59999042591639e-08
"TAF8",0.77604557870198,1.60018330602232e-08
"BCAN-AS2",-1.47522917719714,1.60411620215636e-08
"PAQR4",-1.05629923721152,1.60477199742778e-08
"CENPX",-0.82037285624137,1.62354004042758e-08
"SEC22C",0.710429801676918,1.63937294617315e-08
"PAQR8",1.06843574483614,1.65207132119205e-08
"RRM2B",0.832701160388982,1.65787317858862e-08
"SUN2",1.09536509620868,1.65842565649633e-08
"FAM181A",2.72052439108691,1.66017848930727e-08
"SUGP2",0.923825334730626,1.66862608029497e-08
"AFTPH",0.693815426976501,1.69146066751849e-08
"ARHGEF25",0.786317341763388,1.69317846874884e-08
"ATAD3A",-0.632547406207819,1.6933230708012e-08
"UTRN",0.884487215868192,1.69875310995094e-08
"DEPDC1",1.23568276843554,1.71505262587878e-08
"PNPLA2",0.743445687892038,1.72463063665127e-08
"LOC105375517",1.97102431895804,1.73198167951331e-08
"FOXN2",0.800682810602344,1.80858813378642e-08
"ZNF117",-1.01944298743852,1.81279562729445e-08
"C6orf89",0.640860028266999,1.82037053097834e-08
"CNOT8",0.837728746510162,1.85848707129159e-08
"FREM1",0.828117965106762,1.85891682194667e-08
"DHRS2",-0.990396057222635,1.89094812630895e-08
"PYCR2",-0.739529122765393,1.90014487605392e-08
"RITA1",-0.789719569497646,1.909367677313e-08
"TLCD2",-1.76484127240789,1.92838897883429e-08
"PTPN12",0.670038345109748,1.93504797480744e-08
"MLLT6",0.724459143053118,1.9409599556718e-08
"TRMT2A",-0.764290912255955,1.95021324550185e-08
"TACC1",1.28363099710356,1.95537308065547e-08
"PTAR1",0.853382535343222,1.95888608863533e-08
"YPEL5",0.897679226095491,1.96002522080498e-08
"EGFR",0.695005256100959,1.96701909708138e-08
"G6PC1",2.10822975236303,1.98202293739516e-08
"FARSB",-0.759564814302117,2.00251340407904e-08
"ITGAV",0.764485279304223,2.00343628809183e-08
"BHLHA15",-2.44639639956751,2.00905001318286e-08
"ARL6IP1",1.15253399004417,2.02023023745089e-08
"RACGAP1",0.962978657920726,2.04907355484927e-08
"PLEKHA1",0.669947929336643,2.06046623868875e-08
"ZC3H11A",0.729546134741022,2.0625337712533e-08
"AGO4",1.03708489160631,2.07700018090533e-08
"GPBP1L1",0.671298629758957,2.09856877079109e-08
"CEACAM1",1.01708251680119,2.15536477094231e-08
"PRKAB2",0.815204806537828,2.16161854593151e-08
"MPI",-1.1242709118257,2.16537536334726e-08
"HPS4",0.773465376391662,2.16853217164996e-08
"MRM2",-0.759547535113808,2.17832799346161e-08
"SLC1A2",1.17432932247035,2.2006163731946e-08
"LOC101927855",1.40759371613562,2.21262942857425e-08
"BMF",1.52323154037384,2.2249162224574e-08
"SCN9A",0.877086689457455,2.22991830480203e-08
"NIPAL3",0.962171778249053,2.2537798075181e-08
"TIPIN",-1.24610067717633,2.26186576763456e-08
"FAM169A",0.818519709996822,2.26516421489982e-08
"TRAK1",0.627712300420814,2.28127066984029e-08
"MAGED2",0.705921768341315,2.32295509881271e-08
"MFN1",0.838076832808252,2.34117702897508e-08
"TIMM8B",-0.788282923985183,2.34214465901959e-08
"SNHG8",-0.948888841306631,2.35209480663085e-08
"SEC14L1",0.749297583801057,2.35823158553119e-08
"ATG4B",0.832878593937178,2.3644017500159e-08
"SGCE",0.810810511418513,2.37073224207362e-08
"TOB1",0.718846358359283,2.43653206360914e-08
"PCNT",0.867011546104088,2.44495550961912e-08
"ZFTRAF1",0.792934797774389,2.45386421696533e-08
"STOM",1.27669006020538,2.51642551137973e-08
"RHOU",0.77394105571371,2.52955838460987e-08
"ENSG00000280893",-1.1996439132005,2.53371734501018e-08
"SLC26A1",-1.37089752566083,2.53891087753463e-08
"SLC31A2",1.41030231671952,2.58307628717149e-08
"TMEM30A",0.907290564771476,2.59922502349595e-08
"AHNAK",0.825218991138895,2.62409026686028e-08
"PPM1B",0.720475316562756,2.64933789498097e-08
"RHBDD3",-0.836810236091477,2.67966866626417e-08
"GOLGA2",0.716494566184249,2.71564785532396e-08
"PPP6R2",0.719035478395608,2.72951041408541e-08
"PGF",0.993581440148755,2.75484750965135e-08
"PRKAR1B",-0.779082964398113,2.76110433275565e-08
"TLE3",0.928550173841478,2.79454462264554e-08
"QTRT1",-0.863812550421918,2.79631717893592e-08
"COPA",0.650564545292868,2.80467428191228e-08
"KDM5B",0.688230281179001,2.84969137357801e-08
"ZNF747",-1.16510681913013,2.86014322012973e-08
"HAUS2",-0.794534960643349,2.87775603059075e-08
"MEF2D",0.864078616291507,2.90073599689915e-08
"TGM2",-1.25235498301283,2.91907862175884e-08
"RPL22L1",-1.1368313117495,2.99976946270437e-08
"CHD6",0.686235705153285,3.04490585514718e-08
"SLC16A9",-1.36796531231482,3.05623251312283e-08
"ADAM11",-3.23493931476793,3.05878278195563e-08
"ENSG00000261012",-1.20603833199586,3.08374615598424e-08
"IGIP",1.03994680029843,3.09763522329933e-08
"LCOR",0.720283337840506,3.13516463763488e-08
"RBM48",1.0454038844845,3.14770967436348e-08
"PUS1",-0.844567738551102,3.1494223402694e-08
"FOXM1",0.782944848357732,3.16099779257316e-08
"ST6GALNAC4",-1.00250169875693,3.18489609278124e-08
"RAB43",1.21673339268165,3.19188451161052e-08
"MSTO1",-0.777194276387389,3.20850725902173e-08
"GAS8",-0.684726831470303,3.22290042081773e-08
"PDXDC1",0.741525021685512,3.23439940238171e-08
"AOC2",1.22267080821199,3.25205538946526e-08
"DDHD2",0.836814224318008,3.25537597580843e-08
"ENSG00000286403",-1.19889140395658,3.2637695705475e-08
"MINDY1",1.19250856607839,3.32716264697713e-08
"SEPSECS",0.961014520616898,3.33162356849568e-08
"NDUFB1",-0.780664060653347,3.33528342781011e-08
"KANK1",0.806821882274372,3.35164696672488e-08
"CDH2",0.958736445393087,3.42321932241952e-08
"JMJD1C",0.706690367083007,3.43942716466272e-08
"MPV17",-0.743449273636045,3.48169570335197e-08
"CCDC17",1.06416294170855,3.50918478470808e-08
"NDC80",0.82870018900185,3.53327976353057e-08
"ADGRG6",1.01762359014048,3.54038370199201e-08
"REEP4",0.85668775643315,3.54877373722518e-08
"ATOSA",0.941557106464399,3.56797387673048e-08
"CHMP4A",-0.755796126332542,3.60913275812674e-08
"NOP56",-0.731036663437602,3.64530307572097e-08
"PRKCD",0.627779429223483,3.71335728082266e-08
"ORC1",-0.963021723041832,3.71839577433017e-08
"DHRS11",-0.68830230122217,3.73593273864897e-08
"CHD2",0.713061164303601,3.75259828290226e-08
"CSTF3",-0.6846460968324,3.75845046975024e-08
"POLA1",-0.662925611697078,3.77410449900312e-08
"APEX1",-0.723726205571058,3.77663926174013e-08
"ASF1B",-0.990316595845902,3.82240687835133e-08
"ENSG00000274979",0.975780715009779,3.87180292073702e-08
"KANK2",-1.044675863704,3.87723424678189e-08
"FAM13B",0.793732410471178,3.94736921713863e-08
"TAX1BP3",-0.933202332610706,3.98024838495342e-08
"CYLD",0.708837100211475,4.02264992760763e-08
"ARSD",-0.966086242367999,4.03461350741718e-08
"SERGEF",0.905896275733057,4.03487304689924e-08
"GALM",0.687610545541582,4.03519251143477e-08
"WDR76",-0.876208835595545,4.05854673099324e-08
"TMEM140",1.10740687640965,4.07068022417876e-08
"ODC1",-0.872353959608885,4.07216238140782e-08
"TIMM8A",-1.22619119998475,4.0842240649197e-08
"NCR3LG1",0.931575644815246,4.09097902613855e-08
"ENSG00000310560",-1.03229814118793,4.10898324005195e-08
"ITPRID2",0.71897937006697,4.13040836591505e-08
"GLUL",0.70445727734791,4.15533911309297e-08
"RNF13",0.770115808146892,4.16470710153623e-08
"KIF3C",1.41994841793634,4.16531936842865e-08
"METTL22",0.564293901357472,4.18799881632232e-08
"CCDC186",0.838361368294318,4.21971801255237e-08
"ITPKA",-0.664269460394281,4.22720213827568e-08
"ELOVL6",0.813695425025233,4.25709492730801e-08
"CEP70",1.07656423074284,4.26811513055328e-08
"HMMR",1.08922480782436,4.29164866976334e-08
"TINF2",-0.824296658307006,4.29203335138734e-08
"B3GALT6",-0.819558745953435,4.29694911060988e-08
"CELF6",-1.6349276806928,4.30785572389175e-08
"ADISSP",-0.662836038218102,4.31727366844835e-08
"ZNF436-AS1",0.894865529518745,4.44651242668382e-08
"GOLIM4",0.789370581453199,4.45248660534968e-08
"HSD17B7P2",0.897737750214392,4.50913875930202e-08
"SULT1A2",-0.718719131625566,4.54042778139875e-08
"RANBP6",0.751562575000595,4.57536209332896e-08
"MUTYH",-0.657719178779895,4.60046250649398e-08
"TNKS2",0.585423162777883,4.60237682395738e-08
"ANKEF1",-1.18797949732001,4.61385062844846e-08
"ENSG00000301369",-2.12325239102486,4.65494551882362e-08
"WDFY2",0.852602910044645,4.68739455074281e-08
"PIR",-0.930306590937195,4.72208470590556e-08
"H2AC18",-1.49763477083371,4.73915383892658e-08
"SRGAP2",0.682256077415934,4.74050103107304e-08
"FAM86C2P",-1.64477992050409,4.75076974611147e-08
"ATXN3",0.812655034841515,4.81747358555427e-08
"WIPI2",0.817336305677138,4.81871620600858e-08
"TSR1",-0.607992392306306,4.83201580788809e-08
"MOGAT2",-0.89958128623841,4.8459801212229e-08
"DANCR",-0.64766875206459,4.88211242392082e-08
"ABHD2",1.2037556134128,4.94564743481973e-08
"RBM15B",-0.792224943087518,4.94604776845193e-08
"SESTD1",0.696234574350253,4.95484208159159e-08
"PUSL1",-0.832329325919293,5.00153175960607e-08
"ADAMTS6",1.24119688703631,5.0023453527814e-08
"TMEM177",-0.924627522896544,5.02132628694804e-08
"EMG1",-0.754877301115158,5.02591172419491e-08
"SC5D",0.766567222203897,5.02882935212034e-08
"LMBR1L",0.96471129770107,5.06144804811234e-08
"MXD4",0.742054809846522,5.06635683745996e-08
"HPR",-1.09754623707216,5.06795322166028e-08
"ZNF334",-0.989439840263426,5.0943049793799e-08
"MOCOS",-0.815905291999988,5.10408493613e-08
"ERLEC1",0.741146785143315,5.12187452864492e-08
"ABCC3",-1.40241269980388,5.15150912894943e-08
"BEND3",-0.796399964734193,5.17196909257014e-08
"KIF4A",0.833116763230095,5.2076745892851e-08
"ADH6",-0.862734328347836,5.2348289839728e-08
"BBS5",0.819662182127592,5.27053687879025e-08
"LBX2-AS1",-1.14016444285973,5.2843956283781e-08
"KCNJ14",2.40292263273536,5.32432853340086e-08
"RFWD3",-0.544005205338618,5.34342012845916e-08
"SORBS1",1.26157176137964,5.3723618099348e-08
"MED23",0.901500491066957,5.38569273411305e-08
"ANO7",-0.99472046647536,5.40366415893456e-08
"GLYCTK",-1.0711259416347,5.4501237780453e-08
"TIAL1",0.794934303906224,5.49690349041392e-08
"TBL3",-0.58177970319098,5.5260759487703e-08
"TRIP12",0.799645621099745,5.57615235707755e-08
"NRBP2",-1.24420859622041,5.61468712568774e-08
"BRCA1",-0.952484262364865,5.63467040027421e-08
"CLCN6",0.721485732463748,5.64121673132021e-08
"MASP2",-1.06163053150387,5.65363870598824e-08
"PPP2R5C",0.706188190718092,5.69742941272058e-08
"BST2",-0.877772788182518,5.72054302439099e-08
"DHCR7",0.900190709442038,5.73297662701258e-08
"BUB1B",0.667515670311525,5.76377561022579e-08
"BTN3A2",0.732493281254227,5.83111965245988e-08
"MOB2",0.766518422331283,5.88092031494697e-08
"PNP",-0.774341145225317,5.90657892829373e-08
"B3GNT8",-2.33579928455395,5.9100525471121e-08
"TMEM94",0.774943296671843,5.92173423397686e-08
"EXOSC3",-0.831063913657648,5.92277356002162e-08
"E2F3",-0.650444818578019,5.96610435383027e-08
"FGFR1OP2",0.649175885723036,6.02320773084441e-08
"ZBTB5",0.945204392754073,6.03082729605782e-08
"BAZ2A",0.651755905504387,6.06579246304763e-08
"ARFGEF2",0.558368965686272,6.10533310886679e-08
"HMGB3",0.767031374503579,6.1279338198551e-08
"MAPKBP1",1.02961845298808,6.16187012275613e-08
"PAPSS1",0.794450049060178,6.19520129015454e-08
"DHODH",-0.869811790335142,6.21332759642513e-08
"GRAMD1A",1.18498255659268,6.22400950409723e-08
"TPST1",0.797860254045312,6.36966227059047e-08
"MT1E",-1.15436584652395,6.40291317114604e-08
"TTLL3",-0.88752189344901,6.42858107480851e-08
"ENSG00000227946",1.22465962938547,6.50021395105405e-08
"NUDT8",-1.00649581461457,6.55062159997825e-08
"ARHGEF28",0.780406025796295,6.60506784685482e-08
"ARHGEF16",0.539294644310802,6.63013888189342e-08
"RBP5",-1.07496968279795,6.72084066628763e-08
"CBLB",0.958789368449816,6.72947967003963e-08
"HSDL1",0.60810185897257,6.72996492123795e-08
"MAPK6",0.910912912775544,6.76705478698107e-08
"ZNF43",-0.894334538523845,6.77797873279239e-08
"TMEM263",0.624156378912123,6.80111691729654e-08
"RBFA",-0.709856692723564,6.83148395197933e-08
"GEMIN5",-0.606684236812387,7.03164060080818e-08
"CCDC61",-1.05764027108083,7.03348609170282e-08
"ATG14",0.806823661589667,7.04208431381482e-08
"PCLAF",-0.883939491131839,7.1846710629387e-08
"CDS2",0.777780563522938,7.18544355406674e-08
"ARHGEF12",0.60473571086233,7.20187547224313e-08
"SETD1A",0.729507861042869,7.24610579294588e-08
"SMPDL3A",0.857178819076468,7.26781882726778e-08
"SCNN1D",-1.45871296155125,7.26966167678507e-08
"WDR37",0.653498087810749,7.3611557191626e-08
"SPRING1",1.10203463045291,7.38376255909129e-08
"ETV5",0.769599827805365,7.40491468073778e-08
"MANEAL",-0.650821382928901,7.53220845165699e-08
"RNF44",0.773223978800868,7.53587005759624e-08
"LOC105376292",1.86847176759726,7.55031875202581e-08
"RTN2",1.10456728919095,7.55200871346085e-08
"TEDC2",-1.00736073440032,7.68436323539886e-08
"PPAN",-0.625054513315892,7.69308371889208e-08
"FRZB",2.21143870291037,7.7819388754609e-08
"CCS",-0.71107015054292,7.79305748104262e-08
"HECTD4",0.679774455980625,7.83633117617472e-08
"MRPL57",-0.839224962426787,7.84655174709217e-08
"LPIN1",0.717640827901106,7.92711261247608e-08
"GTPBP3",-0.683571394134162,8.04299820772619e-08
"TIMP3",0.741885216160313,8.04422218763757e-08
"TLCD1",-1.07695189468945,8.04651865731656e-08
"NECAB3",-1.00483833968415,8.0751254486497e-08
"NTMT1",-0.642788771022251,8.17459020017303e-08
"ENSG00000280206",1.20009698930747,8.42700506685234e-08
"TESK2",1.0527000692043,8.46514717659326e-08
"KLHL23",-0.640703101398598,8.58638517595262e-08
"IFI35",-0.849835791378607,8.5977395491841e-08
"OTUD4",0.686173007004206,8.64641039477727e-08
"RNF128",0.737224161991056,8.71692032950255e-08
"CPB2",0.725681709397913,8.72979331209592e-08
"TNFAIP8L3",-1.96648838778067,8.7635554584649e-08
"USP48",0.598405524185765,8.81885619829415e-08
"ENSG00000244062",1.03692774022433,8.89925079037421e-08
"B4GALNT1",-0.854527421348058,9.09661516965019e-08
"IL4R",-0.949786077660156,9.17357951155417e-08
"CDC27",0.594371436055116,9.2588501487703e-08
"NORAD",0.752670438471289,9.27528929244825e-08
"IKBKB",0.908847700561781,9.42966394971192e-08
"FAM72B",0.91850939987897,9.44111395226701e-08
"CDCA7",-0.885227794014764,9.49189160991832e-08
"RAB30-DT",-0.869745406027385,9.52379580543662e-08
"FAM86DP",-0.943199457466424,9.65273490423871e-08
"FICD",-1.28953313702948,9.65772116867265e-08
"C19orf47",-0.765440532968537,9.74859548930574e-08
"KIF7",-1.00691347387785,9.7868623505641e-08
"EXOC3L4",-1.67231551118237,9.82885551345312e-08
"AS3MT",-0.7773930696017,9.90031228278131e-08
"SETBP1",0.835759484409046,9.94227492560381e-08
"ENSG00000249673",-1.4654053169392,9.98744060680112e-08
"ABHD15",-0.768381079220391,1.01000327721986e-07
"MIGA2",0.678415575412194,1.0116357075318e-07
"TMEM234",-1.12662470334569,1.01806054176961e-07
"YPEL3",1.61808968054335,1.02225715271074e-07
"ENSG00000269352",-1.27581984446028,1.02369231299927e-07
"ENSG00000273015",0.726591248034868,1.02509416908687e-07
"ENSG00000228643",3.08598788211956,1.02551837631433e-07
"ITPRIPL1",-0.926610305862908,1.03173157706523e-07
"ACBD7",1.76975575761257,1.03482555413145e-07
"CASTOR2",0.918674498005247,1.0374184063086e-07
"NAGPA",0.732987670909965,1.04658359549736e-07
"ENOSF1",-0.669936256507779,1.05045094703096e-07
"GSTA2",-1.63024280030874,1.05838027087584e-07
"YIPF4",0.715370147822994,1.0705504579313e-07
"YDJC",-0.828828843619233,1.07335634281374e-07
"NOC2L",-0.541911998660215,1.07994726737793e-07
"NPIPB15",0.862166936152444,1.08403059060144e-07
"TMEM39A",0.712621373263326,1.10826126073651e-07
"FES",-0.997207586028153,1.11177668410172e-07
"ENSG00000262712",-1.43522877059517,1.1214832479034e-07
"TINAGL1",0.843050970409727,1.12844754733853e-07
"THTPA",-1.09958707849425,1.13934693589607e-07
"ADIPOR2",0.675846744355069,1.14202901276621e-07
"FARSA",-0.735590110168164,1.14374878690025e-07
"CELSR3",0.699980302828897,1.1447503349991e-07
"NT5DC3",0.59877060657604,1.14562889940887e-07
"SYNJ2",0.732408225794431,1.14632769028843e-07
"ZNF219",0.716591313138621,1.14846725149633e-07
"LGR4",0.746459303846653,1.14944832896125e-07
"PIWIL2",2.20100631592008,1.15749238926059e-07
"WASHC2A",0.69308890172358,1.15812848398797e-07
"ENSG00000267002",1.22235296623566,1.15932166279014e-07
"TYMP",-1.07908635711441,1.16957699942303e-07
"FBXO33",0.881738748971156,1.17010670163976e-07
"MTMR10",0.716487081796093,1.17042779255832e-07
"RYBP",0.720966160572932,1.17080924330255e-07
"RPS26",-0.794485372318092,1.17122530389372e-07
"WASHC2C",0.670379046413482,1.18567945110498e-07
"NR6A1",0.780533044031052,1.19091451092748e-07
"POLR3E",0.561362445536321,1.19985500331193e-07
"ENSG00000286388",-1.2880930150687,1.20484793910281e-07
"DBNL",-0.802380792337463,1.21000816441283e-07
"UBE2H",0.807506934431091,1.21025843834636e-07
"MAF1",0.95369154749456,1.21438583485484e-07
"BEX1",-0.788285169552668,1.21827654420893e-07
"FAM229A",0.94158657405581,1.21884449185879e-07
"F11",-0.688711388774317,1.22310475381612e-07
"NVL",-0.723178423909801,1.2316893574978e-07
"HNRNPUL2",0.664711254438491,1.23247884511768e-07
"GFI1",0.952441402016786,1.23493982061466e-07
"SH3D21",-1.07779139456385,1.235040200704e-07
"DEPP1",2.88305738948808,1.24667700151292e-07
"ENSG00000236283",0.913725376161934,1.2538898125103e-07
"KIF23",0.721123479773728,1.25587129295653e-07
"DHX34",-0.666034758218851,1.26577352948548e-07
"PRKAA1",0.594899146875272,1.27416334179553e-07
"PTPRA",0.602564899141781,1.29244106869274e-07
"TMEM141",-1.00519261767267,1.29442045295268e-07
"RABGGTB",-0.586504851767401,1.30282759441738e-07
"REC8",-1.28760425330752,1.3172456863161e-07
"WWP1-AS1",1.74687684778276,1.31875820789254e-07
"ARHGEF1",0.703252724744878,1.33296044488917e-07
"SNRNP25",-0.653372361643058,1.33643421766769e-07
"BMP4",0.734790939761276,1.33895830249492e-07
"RIOX1",-0.950152402411201,1.35201559168657e-07
"NUP62",-0.545091861644216,1.3532484355465e-07
"WASHC4",0.638646756759655,1.35341615012486e-07
"HSPB1",-1.17012785884512,1.35724811045268e-07
"NPEPPS",0.618037767778274,1.35901508185809e-07
"FAAP100",-0.807818681337304,1.3679942303053e-07
"ZFYVE1",0.919316241046081,1.37123676990621e-07
"GBA1LP",-0.91113372539609,1.37217265769807e-07
"ZNF277",0.764239348984709,1.37253775745962e-07
"SNRK",1.18063710085389,1.3828701157224e-07
"ABCC6P1",-0.89101650699012,1.38693362747877e-07
"STK11IP",0.711560619547022,1.39523355658557e-07
"ASTE1",-1.27718894627674,1.42473804189746e-07
"ENSG00000269939",-1.78522217579052,1.42732021149911e-07
"PPP4R4",0.796106187196588,1.45169549888073e-07
"SOBP",0.702018048450692,1.45876966380285e-07
"PRKD3",0.722805250308676,1.46142021841458e-07
"PITX1",-0.680088862581184,1.46740953096467e-07
"ENSG00000253552",-1.58911508400876,1.47781814685408e-07
"SOX9",0.647781087009242,1.47829720789669e-07
"CCDC34",-0.704237004372136,1.48456324234126e-07
"QKI",0.682130009358114,1.4846352566895e-07
"SH3BP4",0.715166364652192,1.48637238725398e-07
"PPP2R2C",2.07599276867589,1.49067889267379e-07
"ENSG00000274605",-1.47263933357797,1.49843240771306e-07
"PRSS8",1.44624973172089,1.50065799705529e-07
"RANGAP1",0.536707724917902,1.50350943871446e-07
"CISH",-1.20330971708119,1.5071459285621e-07
"FAR2P1",-0.927656290805876,1.50910682148023e-07
"ENSG00000229017",1.21359514038054,1.50939850398139e-07
"ISOC1",-0.706239432457991,1.51000163433627e-07
"SGO2",0.717582945067629,1.51830235583601e-07
"KPNA2",0.582996307005455,1.53281006187312e-07
"PDGFRB",1.79322795676086,1.53797227449202e-07
"FKBP14",0.68490741085934,1.54814525811509e-07
"NAPEPLD",0.814330287564606,1.55012660849756e-07
"SERINC3",0.760878063580224,1.55728749553515e-07
"NDUFAF3",-1.06542535461123,1.55957501938092e-07
"ARHGAP11A",0.658029161091166,1.55987498762488e-07
"ENSG00000284946",1.20785615729692,1.56142258890633e-07
"LINC00513",-0.922539632765737,1.5708636746659e-07
"CCDC24",-1.24854809787685,1.58057333681861e-07
"LGALS2",-1.29127391637128,1.5864480239927e-07
"MBTPS1",0.520574980398607,1.58767094733425e-07
"ETFRF1",-1.05057588417095,1.59771009019487e-07
"MIR4435-2HG",-0.999737349922173,1.59938152295459e-07
"EIF6",-0.675563802265432,1.60227593545231e-07
"TBX3",0.647145421505565,1.62080569014862e-07
"NUDT4B",1.50758698907969,1.6252961901754e-07
"ENSG00000279428",-3.87702733294228,1.63080899202269e-07
"DCAF7",0.622688210697148,1.63246153891353e-07
"EXOSC2",-0.779904642700291,1.63427379198386e-07
"RIN1",-0.944845901885025,1.63682435617659e-07
"ST3GAL6",0.635845956944376,1.63836789705532e-07
"KIAA0319L",0.51753637184787,1.64184247126438e-07
"RBM39",0.857351290308866,1.64561337892655e-07
"PFDN6",-0.808230340993765,1.65621643934525e-07
"MYH14",-0.551027639051033,1.66618710894733e-07
"E2F2",-0.652855519531902,1.67162960559955e-07
"PCNA",-0.634620089753169,1.67708165710392e-07
"LANCL1",-0.554438855549987,1.68058260200542e-07
"TAF12",-1.37751644358059,1.68155520812402e-07
"MEX3D",-0.788287583702645,1.68277608800108e-07
"MFSD8",0.731732815463048,1.70666015968221e-07
"SLC2A1",1.23075462341225,1.71666581912687e-07
"ATP5MC1",-0.750425512666179,1.72807893755344e-07
"SLC39A13",0.624516641766072,1.73268077548704e-07
"UQCC2",-0.623221893415983,1.73531111581857e-07
"MMS19",0.575556919533967,1.75268734300667e-07
"PDCD5",-0.726658812024312,1.7608084688599e-07
"ENSG00000230606",-1.34550957239457,1.76986287830013e-07
"COBLL1",0.798673216908675,1.77562621260841e-07
"PDPK1",0.558508335336721,1.77640856306065e-07
"LINC01482",3.54321260674734,1.77724678885828e-07
"MAMSTR",-1.05633861274285,1.78427549414879e-07
"TACC3",0.58578517462864,1.7845566374938e-07
"ANAPC1P2",0.822159724913084,1.79895089035296e-07
"FAM171A1",0.668613976005244,1.80024492398407e-07
"PANK3",0.561625661538943,1.80090127355441e-07
"NUMA1",0.546643985575277,1.82376105666096e-07
"DNAJC30",-1.04350585589843,1.84461252903171e-07
"ABL2",0.544233421632104,1.84516030338941e-07
"ARSI",1.07988787822503,1.86986108185478e-07
"KLHDC3",0.627581885931687,1.87041464979808e-07
"IL32",-0.925015741483494,1.88976263682342e-07
"BTG1",0.729408821784244,1.90661000441181e-07
"MCM2",-0.624663779850078,1.93028107357562e-07
"MYSM1",0.656792608681243,1.95038291874906e-07
"WDR4",-0.721129060899158,1.95122288014842e-07
"WDR26",0.552927831187889,1.95644793659237e-07
"CCDC163",1.09013664264047,1.96360392815796e-07
"LOC124901013",3.22981256526058,1.99073360291447e-07
"GPR119",1.63086922561865,2.00253851841382e-07
"FAM83D",0.619897024667769,2.00516304406286e-07
"PTPN18",-0.744500851684801,2.00793938645801e-07
"SPTSSB",2.46454499714994,2.02148957195395e-07
"FAM72D",0.895323944598594,2.03272920947598e-07
"ATAD3B",-0.680994337933255,2.03330174967436e-07
"MKI67",0.650784395279918,2.03448269160647e-07
"LRCH3",0.546098592979679,2.04034978446411e-07
"S100P",-0.97289836488298,2.04844453311323e-07
"TNS3",0.603632540764814,2.06419966181707e-07
"LSS",0.760834356755297,2.06621674400785e-07
"RANBP1",-0.578675778985717,2.07437859247728e-07
"LINC00242",1.72419630896713,2.0843245219667e-07
"TRAPPC14",-0.685657813485112,2.09176488833166e-07
"GALT",-0.977729385401247,2.09260588082465e-07
"TCEA3",-0.746370309903504,2.09971792611923e-07
"LRP6",0.92735179053668,2.10617566912008e-07
"CRY1",1.06329036022309,2.10680070361693e-07
"BLTP1",0.6951065912214,2.1169483117694e-07
"CDT1",-0.745122987071963,2.11828048588146e-07
"CBX5",-0.953222370097137,2.17369828974547e-07
"ARFGAP1",0.707578880746617,2.17628686336925e-07
"SLC23A1",-1.85235063611007,2.19474440958951e-07
"LOC105372738",3.30053477097253,2.19831768621652e-07
"ORMDL2",-0.998249239720358,2.22233872790124e-07
"BOP1",-0.810256051587465,2.22286976247796e-07
"TBC1D23",0.610225706712112,2.22673995561458e-07
"DFFA",-0.545563832295232,2.24536644965377e-07
"TTBK2",0.82984198075768,2.26186883050192e-07
"RRP15",-0.802873897237585,2.28105096424665e-07
"CLCN7",0.628375203248431,2.28506935442988e-07
"TACR1-AS1",-2.2625059207769,2.28952381175265e-07
"SLC25A30",0.603045008001728,2.29507944794656e-07
"IGF1R",0.595084453375817,2.31384544256045e-07
"LOC728392",-0.867447304454462,2.32099190265103e-07
"ENSG00000157306",-1.41113562217021,2.32931289045842e-07
"MRTO4",-0.822989460665331,2.3308788990068e-07
"LSP1P5",-0.679222868409875,2.33251529674683e-07
"FAM86JP",-1.44704139541742,2.33499428527526e-07
"EPO",-1.24206256576974,2.33962641848386e-07
"NLRC5",-1.37895704681607,2.34287064334731e-07
"PMFBP1",-1.43012417280985,2.34602701745986e-07
"ENSG00000196295",-0.588475609030729,2.34645523123919e-07
"PIK3CD",0.633960982946423,2.35999067068881e-07
"MARCHF8",0.902779566909909,2.36022593516921e-07
"NAT9",-0.646196942930159,2.36189608994924e-07
"NQO2",-0.680214684304284,2.36361865031424e-07
"CILK1",0.645557189195139,2.36445344787004e-07
"TCTA",-0.792571694066482,2.36572459099929e-07
"MAP3K8",0.748163929534362,2.36786197234925e-07
"COL16A1",-1.55755748117621,2.36991834450017e-07
"PAN3",0.684898166433867,2.37359486804515e-07
"PKLR",-0.825938656943879,2.37522013749801e-07
"HSPA8",-0.903198484989306,2.38005906668137e-07
"ENSG00000278730",0.649672995362857,2.41065494947212e-07
"NDUFAF8",-0.664559686851704,2.41610982654966e-07
"MICOS13",-0.946147864192793,2.43250331822885e-07
"FRRS1",0.941077973352878,2.43348750110839e-07
"SULT1A1",-0.709346354506218,2.43495070865493e-07
"CASP10",0.580034006496814,2.43996056468148e-07
"CNTNAP3B",0.844130977035776,2.44150662366161e-07
"SPRYD4",-0.859287147010899,2.45963256773995e-07
"TPH1",-1.64306335004057,2.46640441791871e-07
"SKIC3",0.649120007570064,2.49263385602513e-07
"DDIT4",-1.20922793615414,2.50184794443445e-07
"RBM38",-0.622409611843833,2.51510243338827e-07
"ENSG00000230415",-1.36578631871826,2.52710758537583e-07
"SLC25A19",-0.665436483756386,2.53168950252466e-07
"SPSB2",-1.72177696147468,2.53909308456516e-07
"SELENBP1",-0.745486389966261,2.54134507129367e-07
"UBN2",0.641667906525884,2.54368962866398e-07
"APAF1",0.711121085616785,2.54852942885579e-07
"TMEM184B",0.814953316406066,2.55940613633765e-07
"SFR1",-1.44548541096913,2.56174728683631e-07
"NIFK",-0.914086303301677,2.57883794371654e-07
"C1QBP",-0.713434105774808,2.5839512817898e-07
"GPR137",0.590688606016528,2.59181367115316e-07
"ADSL",-0.509918879377402,2.6059185819701e-07
"DDX56",-0.585651012900707,2.66270478377235e-07
"C11orf98",-0.925467282546885,2.7031562885973e-07
"PHF19",0.524541901137237,2.73471260265941e-07
"ATP8B3",0.899621850352498,2.73690220645755e-07
"PTPRK",0.769328295865497,2.74770396380968e-07
"SNX25",0.667841729107114,2.76272712603825e-07
"SNHG1",-0.887280303171746,2.77179072172067e-07
"ENSG00000258461",-1.74252479756418,2.80155304901541e-07
"ZBTB26",0.887670025237458,2.8045578845377e-07
"ZMYM6",0.680840754301989,2.8110479661398e-07
"ENSG00000258457",-1.25970594532438,2.8331949073494e-07
"BMAL1",0.995386393969072,2.84177875977639e-07
"F11R",0.766224383015522,2.8643517755789e-07
"DCTPP1",-0.790060454768011,2.87117017876773e-07
"KIAA1958",0.75645157116541,2.87130704467599e-07
"WDHD1",-0.625698723955378,2.87526503272579e-07
"SASH1",0.573258253388621,2.89366617728967e-07
"ENSG00000224616",-1.55140793301082,2.91569458177366e-07
"SNHG12",-0.878303686783417,2.93141841014587e-07
"PELI1",0.734729499001784,2.93499723774874e-07
"SELENOP",0.815471975249769,2.93551150585093e-07
"GRB7",0.947409865000502,2.95905854675875e-07
"STK17B",2.04508106631004,2.96115538252878e-07
"CNNM3",0.736839484259262,2.97417838138977e-07
"ERICH1",-0.580791940262191,2.99330078400616e-07
"WHAMMP4",0.731970896237961,2.99627768785308e-07
"ENSG00000278948",1.20741462601241,3.01570113592433e-07
"TUBB3",-1.31823315862291,3.01612876062033e-07
"NT5DC1",-0.679121290712988,3.01932925387386e-07
"ACVR2B",0.863074554847466,3.02468804824313e-07
"MCF2L",0.58712912100367,3.03814037271294e-07
"PGP",-0.576823007039193,3.04173465949434e-07
"TJP2",0.532993226468532,3.04324176608121e-07
"WHRN",0.918105845339369,3.0476665754244e-07
"UCK1",-0.732911729931729,3.05520162088553e-07
"CGNL1",0.863573486438877,3.07838478092176e-07
"SH3BP5L",0.709252163983362,3.07957912683631e-07
"TNFAIP3",0.640904294126301,3.11269459137394e-07
"ZRANB3",-0.65039900889202,3.12016903715759e-07
"C2orf92",-1.44214753703328,3.15847607024715e-07
"LOC105378126",-1.40430745650657,3.16383775218237e-07
"MBL2",1.00391338108092,3.17483041651815e-07
"PTOV1",0.520009252535142,3.18832435990752e-07
"RIDA",-0.728321522144724,3.20950629599378e-07
"ENSG00000290792",0.885147309931056,3.21162117880005e-07
"CASD1",0.534065129653902,3.23475143779233e-07
"ZBTB22",0.815834431578602,3.24349171626684e-07
"TSC22D4",0.926538235394876,3.25910499800861e-07
"E2F7",-1.0004882773758,3.26124795247897e-07
"REX1BD",-0.791572887350187,3.26499699671851e-07
"CTBP1-DT",-0.72777748859083,3.29585350471901e-07
"DECR2",-0.608202125250499,3.32166227063289e-07
"HAMP",-1.8744310522899,3.33050252957151e-07
"KIF18A",0.795044210439958,3.33533392840982e-07
"KIZ",0.715488825439714,3.34008147680753e-07
"MGAT4A",0.628657406537424,3.34380824213485e-07
"TMEM59",0.728301237632057,3.34391607126184e-07
"ENSG00000236200",-1.5270054246096,3.36711026367509e-07
"PCMTD1",0.580768229072921,3.37196561813591e-07
"FBXW8",-0.759473251566147,3.38102870374945e-07
"RRS1",-0.98719923840659,3.42727973645067e-07
"ARID5A",-0.823502026074288,3.43517264394576e-07
"CCM2",-0.837940542958965,3.49932042379208e-07
"MILIP",-1.26486365374237,3.5147554873187e-07
"CDC14B",0.529307528713299,3.51625277909183e-07
"GMCL1",0.659398774582202,3.52998582825095e-07
"ELP1",0.807598303326701,3.53633949963649e-07
"TST",-0.996187824528975,3.56266580563946e-07
"CCNY",0.504079890877599,3.56403617842881e-07
"UROS",-0.69309174791745,3.58034457082026e-07
"ERVK3-1",-0.578284012473265,3.5988373300708e-07
"IQCB1",-0.648102246531219,3.64306496583726e-07
"SRM",-0.840617011949376,3.65780453880402e-07
"TCEAL4",-0.584684709349293,3.66777293713176e-07
"CLK1",0.753666127527681,3.68742606733211e-07
"P2RY8",0.935409080998923,3.69548230203405e-07
"CNOT11",0.629052404502256,3.75836090253071e-07
"SMAD9",0.840387541629191,3.76216884135159e-07
"FBXO44",0.612771457897364,3.77203150576145e-07
"TRMT61A",-0.796736604884577,3.79234065567583e-07
"NEDD4L",0.500106149309325,3.80230941380953e-07
"GCC2",0.654441513159053,3.80834984134046e-07
"ENSG00000224063",1.38979034353193,3.81218731027748e-07
"ZSCAN2",0.763398301673169,3.85384643049697e-07
"ZNF316",1.04557697538906,3.87197961418419e-07
"GPRC5C",0.632285935702098,3.89672981536622e-07
"MED1",0.623861825054373,3.92264633223706e-07
"YIPF6",0.506768795925065,3.96723771286016e-07
"SPAG9",0.62305475525825,3.97524714245948e-07
"KNSTRN",0.611885136335654,4.03860001230692e-07
"MRPS16",-0.596439886553651,4.04139272811268e-07
"ABCC6",-1.05030457591124,4.04216151051088e-07
"WWP1",0.649135106335506,4.04239628966968e-07
"TRAF2",-0.521242877035559,4.04866242261479e-07
"NAB2",-0.782083766666478,4.05565013637033e-07
"FAM83H",-0.654223036662457,4.07265777608557e-07
"RARG",1.99758822761101,4.09622660565254e-07
"TMED6",-0.805246871361585,4.10668345263172e-07
"PHF1",0.58372933335836,4.135265067517e-07
"JUN",-1.32697545930432,4.15459538930078e-07
"MRPL53",-0.777434904863046,4.18449725272845e-07
"XRCC2",-0.803914266505423,4.19075921296077e-07
"STOML2",-0.510711517427279,4.23239986942837e-07
"HSPE1",-0.814539324251446,4.26439001558391e-07
"CEBPA",-1.21462677078712,4.27151158852247e-07
"LOC100506076",-1.22079281026302,4.27823989750025e-07
"FAM20A",0.846022483564889,4.28974035868467e-07
"TOB1-AS1",1.23593690829459,4.302967381512e-07
"ZNF345",1.00849771982,4.31071185921706e-07
"RFT1",-0.658658203975871,4.312008794944e-07
"DDX49",-0.678800559643527,4.35771224155988e-07
"HMOX1",-1.13847394617294,4.37564339183866e-07
"MRPL41",-0.635107135095387,4.39174956036365e-07
"RFC5",-0.642467973635183,4.40163968802379e-07
"LCN8",3.20282497679888,4.42801278781356e-07
"PXMP2",-0.860187537160774,4.45212719872295e-07
"NIPBL",0.612929790163861,4.45861080873682e-07
"MRPL52",-0.52841752784802,4.47559630624576e-07
"TYSND1",-0.707028707048055,4.48770149375383e-07
"LINC02535",1.78363641117026,4.4893583877018e-07
"ENSG00000261829",1.65369378341536,4.49272599510785e-07
"FNBP1L",0.595899622434364,4.53761424632705e-07
"RCL1",-0.719104266221559,4.5506352089838e-07
"NME4",-0.692353391925816,4.56451263498404e-07
"JMY",0.884939138979729,4.57668830307371e-07
"CARD9",-1.09263392915362,4.57677962565317e-07
"FAM168A",0.619327679010053,4.60722504628349e-07
"BAZ1A",-0.839081441867957,4.6378610076166e-07
"STON2",-1.02286078057333,4.64383527611961e-07
"XIRP2",1.38649201276723,4.65139788423577e-07
"OSGIN1",-0.805930096387997,4.66567104945269e-07
"ENSG00000295447",1.08671092392008,4.67385305247153e-07
"LOC105376177",-1.07180393239414,4.68464182271606e-07
"ODF2",0.506342972002301,4.72919128331211e-07
"HTT",0.489777866466435,4.75437664060556e-07
"MEA1",-0.816556738542387,4.80677648486146e-07
"ERG28",0.664551130177704,4.80931354866062e-07
"AIMP2",-0.817811453148395,4.81858525523539e-07
"LOC440300",-1.07457848576639,4.82235670587125e-07
"SARDH",-0.781274829770322,4.82909098223511e-07
"HNF4A-AS1",-1.28002638618868,4.85810990934698e-07
"OPLAH",-0.897639009136249,4.87084610099808e-07
"SLC16A13",-0.885352044561285,4.87467684348723e-07
"SPSB3",0.57006908198528,4.96304071148616e-07
"MINK1",0.711976672028045,4.96509216490547e-07
"SLC66A1",-0.605627109911524,4.991725835745e-07
"PITPNM1",0.734734405157715,5.00333648579482e-07
"KISS1R",-1.47678067594195,5.09351791241794e-07
"NEDD9",0.561337465621055,5.09959458065021e-07
"TBC1D20",0.487781417343904,5.11422681459448e-07
"C1orf116",1.61374251802247,5.13088224968094e-07
"CKS2",0.671852841632923,5.15776227286473e-07
"NDE1",1.00830601626628,5.20991252098412e-07
"PIAS1",0.52097947168915,5.21359712972836e-07
"ABI1",0.590263416515882,5.22975273232363e-07
"CAB39L",1.59546067589668,5.23333177714262e-07
"POMT2",0.676651390668664,5.25406776309318e-07
"MFGE8",0.777387246151728,5.26037396704168e-07
"APOL6",-0.618261261768659,5.26979530727417e-07
"NFATC3",0.465918507265213,5.27514552750923e-07
"HES1",-1.06712119328743,5.27989338346133e-07
"ENSG00000288741",-1.60051283294823,5.28062294918389e-07
"GCSH",-0.53052311121711,5.31496025643012e-07
"RNF26",0.585916840368397,5.34405512104264e-07
"SOX5",0.930671986279813,5.34621047158127e-07
"TIGD5",-1.03052129262604,5.3591209135622e-07
"SRGAP2B",0.536224371415969,5.36823741176137e-07
"TMEM220",-1.31903946786981,5.38242823304821e-07
"AOC3",0.564177108911012,5.40091781633796e-07
"EBNA1BP2",-0.869133028318323,5.42881259861894e-07
"TNFSF4",0.851123212651021,5.45821194524085e-07
"TEN1-CDK3",0.897290821471769,5.46174555016057e-07
"IMMP2L",-0.828066022215865,5.48204826489243e-07
"LAMB1",-0.62618536670807,5.55914634072348e-07
"CEP44",0.65761644112688,5.67271620465812e-07
"KRTCAP3",1.36556163235924,5.68565627291024e-07
"H2AC6",0.9290904166226,5.68571797015175e-07
"NTAN1",0.606418974021379,5.75452548391886e-07
"GNE",0.532798040490841,5.76344326878992e-07
"HSF2BP",-1.46415325869214,5.76466490038082e-07
"SNX1",0.556177735509662,5.77795665809757e-07
"EXOSC5",-0.771855296857621,5.77822379898065e-07
"MIXL1",-0.92661496802246,5.80786706620676e-07
"ARL8B",0.644214496549568,5.81418734971196e-07
"DPH2",-0.551355249116537,5.81530691727082e-07
"IFNAR1",0.552416440562562,5.85474001578685e-07
"NDRG2",0.628620674422077,5.85669824764931e-07
"DSCC1",-0.789138903950388,5.8969264470584e-07
"TTC39B",1.13470622988197,5.90514877450577e-07
"RBBP4",-0.460029112667813,5.91536384371078e-07
"UQCRQ",-0.634109481296177,5.91935709420411e-07
"PUM2",0.488008428316771,5.91982882240485e-07
"CHST3",0.950553978134277,5.95713034020428e-07
"RB1CC1",0.682200750343174,6.01186191940186e-07
"AGER",1.02002557492227,6.03213167292284e-07
"ARSG",-1.6979396233454,6.04357938887582e-07
"PLEKHG4",-1.03510928662094,6.07973414355098e-07
"SBNO1",0.490814274968875,6.10349346499709e-07
"AFDN",0.627993511568621,6.11526258304927e-07
"ACTA2",-0.658698992183979,6.11910529202063e-07
"ENSG00000280187",-1.73915297224301,6.13818319244336e-07
"MSH5",-0.708940110716135,6.17850853922132e-07
"ADAT2",-1.13668648266762,6.20148416733216e-07
"MED14",0.57180363161094,6.22381133401732e-07
"UBQLN4",0.569515360287388,6.24239125414233e-07
"UCP2",-1.09700733615,6.2841288421385e-07
"TTC33",0.674823410660382,6.30713364644833e-07
"B4GALT2",-0.546056170532851,6.31927503645614e-07
"ENSG00000290399",0.869667952852922,6.32722944470425e-07
"RALGAPA1",0.514866466907111,6.35949137540542e-07
"MTMR3",0.59950267822475,6.36119403186105e-07
"ARID2",0.61472584871581,6.37205439257813e-07
"CNEP1R1",0.600473337603031,6.45012364738709e-07
"OXSR1",0.511949906329767,6.48165377956695e-07
"PHLPP1",0.547955168196418,6.51079860911741e-07
"CYP2J2",0.581515821355619,6.5196118973866e-07
"SP2-AS1",-1.12131312804997,6.53414972804254e-07
"WWC2",0.552918385652013,6.57414180654829e-07
"RGL2",0.540678682553788,6.57922032582717e-07
"PRICKLE4",1.94038479415973,6.58205499889481e-07
"PIK3IP1",1.09930907621681,6.60572695195644e-07
"PRANCR",0.830573869711273,6.61617281118209e-07
"GPATCH4",-0.726561298288315,6.63187651073154e-07
"LOC652276",-0.956755794885752,6.64968935072702e-07
"C2orf74-DT",-0.825610295187552,6.66472151650066e-07
"PI4K2A",0.522263630233713,6.69019451290017e-07
"CPNE1",0.551246188113074,6.74607214378086e-07
"NAXE",-0.70774246083247,6.75081975325406e-07
"CEP152",0.747254502377746,6.78045143429809e-07
"SOCS7",0.571272187017126,6.81006958433188e-07
"ZFAND2B",0.770110600040435,6.81554473061168e-07
"SMAD5",0.560379979094389,6.82290743782449e-07
"MERTK",0.635973866439439,6.85310243063057e-07
"GAB2",0.816609626422022,6.90068114459348e-07
"CAPN1",0.471664521535808,6.92602106386804e-07
"NR4A1",1.12453389112745,6.92685146515696e-07
"PRIM1",-0.587359780396665,6.98204058285247e-07
"KCNJ10",2.26815225554915,7.070997956497e-07
"RALGPS2",0.49199839455622,7.07283680284678e-07
"LINC00467",-1.11585044729161,7.07861346128977e-07
"CCDC85B",-1.11862745256473,7.10126497865508e-07
"SWI5",-0.7473628686849,7.15953629163126e-07
"ENSG00000300379",1.04005825919212,7.17240569549866e-07
"ZNF232",-0.79138081555671,7.20032550855114e-07
"CRYBG3",0.696010516490589,7.29132914270429e-07
"KIAA0586",0.671740186639602,7.29775253109665e-07
"ZKSCAN8",0.494424158567467,7.31212430590422e-07
"TTC21B",0.558882478861418,7.3210066288892e-07
"SLCO4C1",0.874005570726659,7.34429659778181e-07
"OCEL1",-0.659043134415363,7.41440688838459e-07
"NSMCE1",-1.00385448942887,7.4334094645065e-07
"DTX3L",-0.749484050354695,7.43509005660961e-07
"EHBP1L1",-0.508470025405099,7.44362378063718e-07
"ELK4",0.529943129546342,7.4569483247704e-07
"OAF",-0.630201575251147,7.4583167632523e-07
"RNMT",0.608850247804172,7.4612906467278e-07
"ENSG00000256663",-1.38585406256928,7.53060162355435e-07
"BLOC1S4",-0.899324511886171,7.5880249407582e-07
"HSP90AA1",-0.810903799323532,7.64108592229115e-07
"CHCHD10",-1.16507602410041,7.6604206605967e-07
"HMGB2",0.533605104296871,7.66293563215994e-07
"HOMEZ",-0.621185322256303,7.66558918835663e-07
"ENSG00000288826",1.02765798463252,7.69274952739362e-07
"NT5C",-0.620979645911041,7.77850467850121e-07
"TM6SF2",-1.09752398922873,7.80048568123112e-07
"POLM",-0.783717525912101,7.84071530637853e-07
"THADA",-0.702419675670464,7.84715172896185e-07
"MORN1",-1.00938290753435,7.86777033732089e-07
"TECTB",-1.25925955729996,7.90141474662746e-07
"COASY",0.506270328177572,7.94585348676965e-07
"PPP4R1",0.56841650233488,7.96225510869839e-07
"FBXL6",-0.713925057790064,7.97203595667484e-07
"PA2G4",-0.706579620575687,8.00532275550706e-07
"CLN6",-0.866412337020231,8.0073977220682e-07
"CNST",0.594357139539942,8.01121772955826e-07
"CYTOR",-1.31009644669204,8.01387231742122e-07
"RRP12",-0.653384235464427,8.01630588200665e-07
"DDI2",0.559478852741369,8.01953168450466e-07
"ZDHHC7",0.50683265976783,8.04666889883469e-07
"ENSG00000260219",-1.29549570295432,8.05416396320491e-07
"SNX33",0.626527023227661,8.09325771847104e-07
"LINC02985",-1.59806687536529,8.11040039318868e-07
"TMEM41B",0.701699225481239,8.11616953622274e-07
"BORCS7",0.55965201950783,8.20886013304276e-07
"HPD",-0.814323518904482,8.24273976197744e-07
"PITRM1",-0.49859592192795,8.24300256151087e-07
"ENSG00000290386",0.811216214057037,8.27492846740915e-07
"SNX14",0.602777747777605,8.27864549176777e-07
"PICK1",0.733073428366105,8.29570616489977e-07
"RNF220",0.500862025114471,8.31891846719731e-07
"SH3BP5-AS1",1.00038264985301,8.36451267125569e-07
"RNF24",0.852956205355207,8.38942540592758e-07
"NABP1",-0.641168365898942,8.43452899926929e-07
"RFLNB",-0.729795953160765,8.44283676299729e-07
"ATG13",0.806880744531839,8.47307055869464e-07
"TK1",-0.645522630118,8.48196146620357e-07
"CEP350",0.65646497997672,8.49481177199748e-07
"ARG1",0.881225493885018,8.51069742727505e-07
"ATG2A",0.534183316361837,8.52315561965155e-07
"ATP11A",0.64728116048028,8.55365934522833e-07
"KNL1",0.991978063734674,8.57193881063158e-07
"HMGCR",0.941601495944626,8.63070028427133e-07
"TWF2",0.546488140798983,8.63106163681013e-07
"COA3",-0.630905643549345,8.73737330148195e-07
"ENSG00000223745",-0.993473343403891,8.77257127255769e-07
"UGT2B4",0.864274113123125,8.78442136806197e-07
"ENOPH1",-0.549010376442273,8.79837922580718e-07
"ITGA1",0.623875427711403,8.80116920603429e-07
"BRD8",0.857810184878443,8.80313450432898e-07
"FBXO11",0.53937484708137,8.86510033742058e-07
"MTMR12",0.670399399620472,8.8889878003941e-07
"LOC100507053",-0.926262131735718,8.91478110844336e-07
"CDKN1A",0.711063919022337,8.94460707527914e-07
"POLR2L",-0.762753069623559,8.96970452458879e-07
"CCDC71",-0.859755786378013,8.97771131310745e-07
"ING4",0.621507244923836,8.97824307232473e-07
"ID2",-0.788947751682695,9.00376643828309e-07
"MGAT1",0.61518734349112,9.02042513258522e-07
"TMEM276",-0.756376194800998,9.03161946147547e-07
"ENSG00000254233",-0.934421580126293,9.06217996979828e-07
"N4BP2L2",0.582280025114118,9.11188606561021e-07
"LAMA1",1.96266019780054,9.16205895755464e-07
"LPAL2",-0.842139380876214,9.27577729440681e-07
"KLB",1.49699384151968,9.28499552733244e-07
"TMEM185A",0.72424592397753,9.31434821938146e-07
"ENSG00000253361",1.91192797438701,9.3267396299846e-07
"SECISBP2L",0.599433844987173,9.3410757979937e-07
"WDR11",0.625948473514281,9.38328918421597e-07
"LGALS8",0.960734089142431,9.389159440614e-07
"AMACR",0.85609790672547,9.50811713178653e-07
"SESN1",0.67597419388078,9.52266120658029e-07
"ZNF852",0.584222053523801,9.5391468317263e-07
"CDK16",0.643440332645443,9.55520115661622e-07
"HMBS",-0.592864749442102,9.59664974579441e-07
"ANKRD52",0.477978651508803,9.60352225252132e-07
"SMUG1",-0.679472275002373,9.60648488154108e-07
"DPH1",0.859065428592517,9.62511964556431e-07
"XYLB",-0.638362897441492,9.65162810011496e-07
"OPHN1",0.994547799741776,9.65293638266773e-07
"DHRS4L2",-0.671781649992467,9.67461512786702e-07
"PPRC1",-0.483881177120391,9.71969216505272e-07
"MSL2",0.757493771102756,9.72043861413106e-07
"FGFR1",0.908654904056013,9.8053445153365e-07
"HEMK1",-0.897278241755927,9.85991955530146e-07
"ENSG00000289858",-1.27858663769122,9.86358943626872e-07
"ENSG00000266208",-0.708233179717287,9.87661261542318e-07
"BIRC6",0.575701515369483,9.91814438738721e-07
"ATP6V0A1",0.536293133776025,9.96401451832628e-07
"TNRC6B",0.570690990330982,9.97557304286217e-07
"NME1",-0.809973965207751,1.00181670738044e-06
"ATP11B",0.676007608229384,1.00513833212013e-06
"TUBG1",-0.64720650451509,1.00861557528242e-06
"CDK5R1",-0.955909240853762,1.00942704385491e-06
"E2F1",-0.687835517801102,1.01125078052172e-06
"ST3GAL5",0.965537057399212,1.01426041435749e-06
"HPS6",-0.824713010061393,1.01551916321322e-06
"VPS50",0.584071566266291,1.02041939722547e-06
"N4BP2L2-IT2",1.06585088751664,1.02318011589558e-06
"CHDH",0.520637173155705,1.02461818358595e-06
"RHOJ",1.30458953919276,1.02481949220354e-06
"ENSG00000231770",-1.2019506391097,1.02677062627226e-06
"NOLC1",-0.639581256609944,1.03131542549165e-06
"HKDC1",-0.655363002579947,1.03714710310946e-06
"SLC2A4RG",-0.811878847429256,1.03774133763753e-06
"ARID5B",1.03051725497356,1.04574400377969e-06
"VCPIP1",0.547715705684261,1.04602376441617e-06
"SMPD2",-0.993741230403222,1.0506007692392e-06
"ANKIB1",0.479434319351903,1.05204550352185e-06
"LINC01547",-1.91273666217153,1.06441332127608e-06
"TMED3",0.612322172129047,1.06641671137598e-06
"AKNA",-0.741995423495148,1.06805654074289e-06
"PDLIM1",-0.637684747349482,1.06855601869602e-06
"USP9X",0.476815396682152,1.0751952484494e-06
"DGKD",0.632173902490282,1.07631377802839e-06
"PES1",-0.60935887684015,1.08413965383163e-06
"CCNA2",0.454152678559347,1.08539529353788e-06
"ENSG00000294542",-2.0886761927106,1.0901412843232e-06
"RAI14",-0.63295224686135,1.09015509647266e-06
"NR2C2",0.631039966817625,1.09025510115592e-06
"ATXN1L",0.520003285771028,1.09033519972784e-06
"CTDSPL",1.08095689360955,1.10212023208431e-06
"ZNF764",-0.854530533254384,1.10277802668993e-06
"NAAA",-0.616531369603629,1.10281836168156e-06
"HACD1",-0.883679350345736,1.10572215060913e-06
"ENSG00000280239",-1.32040218970041,1.10594776823482e-06
"OARD1",0.58765635995658,1.1064898940235e-06
"PRODH2",-0.92628478615879,1.10811885642908e-06
"ZMYND19",-0.562915838642326,1.11826684016666e-06
"GSTT4",3.24566562156342,1.13121023207516e-06
"ST7",0.574816916728948,1.13958173261194e-06
"MYO19",-0.580268084097611,1.14284719554431e-06
"RRM2",-0.580187485570661,1.16105021562571e-06
"DTX3",0.603561942029365,1.16129581871154e-06
"HYAL1",-0.586928897180512,1.16238902064344e-06
"DEPDC1B",0.713237281295495,1.16383422506801e-06
"OXLD1",-0.616049108688935,1.16396286146969e-06
"MRPL1",-0.743573565735636,1.16937136669277e-06
"PPP2R5A",0.595308307636273,1.17203310192526e-06
"CFLAR",0.480277373297798,1.17301305293506e-06
"FAM53C",0.507047615345105,1.17414644239282e-06
"SOS1",0.545753085373502,1.17660664381421e-06
"FBXL9P",-1.04352440727323,1.17667635343372e-06
"MCM3",-0.534590727454782,1.17695544534222e-06
"NMRAL1",-0.849641737792303,1.20027065336963e-06
"FIRRE",-0.648839510472316,1.2199075978355e-06
"RYK",0.510278755469117,1.22532623566502e-06
"MPZL2",-0.72161565035018,1.22833419900515e-06
"ENSG00000269486",-1.76275320748771,1.22994218310801e-06
"ESD",-0.564262163426438,1.23054213608892e-06
"CCT8P1",1.01283635562314,1.23128832649776e-06
"LOC100129215",-1.15652825168797,1.23641725473505e-06
"SIK3",0.531726595138044,1.23868493669172e-06
"KLHDC7A",-1.13241954244174,1.24247997471593e-06
"GATD3",-0.677848031669898,1.24277407779126e-06
"FANCE",-0.727393124414316,1.24470835374705e-06
"DIP2B",0.534299491522418,1.24700223547e-06
"TRNT1",-0.531020525598905,1.25031135525279e-06
"ENSG00000224078",0.566921999374071,1.25203950903454e-06
"AMY2B",-1.17882352216343,1.25978574348925e-06
"EME2",-0.959247742177708,1.26274399985862e-06
"AGMAT",-0.663565082101297,1.26685073313242e-06
"SF3B1",0.637605599300884,1.27662023268928e-06
"ZSCAN16",-0.918876510220309,1.27948172635101e-06
"GPHA2",-0.950071860534043,1.28359267777075e-06
"ZNF248",0.598085134800072,1.28372490897565e-06
"ZNF691-DT",-1.56425644063551,1.28569674717696e-06
"PIGX",-0.661201305739384,1.29019250160303e-06
"FAM86B2",-2.00464696821314,1.29096306514875e-06
"LINC01852",-2.07153216238237,1.29323420628507e-06
"NFKBIA",0.474859955789294,1.29546308919713e-06
"TRIM23",0.855332951820899,1.30347185421465e-06
"PGM2L1",0.849817820450305,1.30824351713857e-06
"TSEN2",-0.636949939645838,1.31110984339312e-06
"LOC105379047",4.53032894071408,1.31465925406246e-06
"ADD1",0.516214047392814,1.31988609435324e-06
"FNBP4",0.629426694168951,1.32145256226095e-06
"ABTB1",1.13502179018933,1.32759185923516e-06
"LINC02119",2.08190298269462,1.33038702396272e-06
"AP4E1",0.537953718609751,1.3377064156591e-06
"ZNF600",-0.862701072530315,1.3388850220207e-06
"PNRC1",0.876022829899668,1.3402316928557e-06
"MRPL23-AS1",-1.41672919050597,1.34029566597351e-06
"CCDC51",-0.730102286018613,1.34675756146168e-06
"KAZALD1",0.808721548316663,1.34919111124814e-06
"HK2-DT",-1.69356624753293,1.35142228663922e-06
"ADRM1",-0.586021620619838,1.36357776332093e-06
"HERPUD2",0.602331882168117,1.37233429705389e-06
"RBKS",-1.24036958903176,1.37421145845771e-06
"PLEKHM3",0.924939532867961,1.37519141780363e-06
"ARHGAP18",0.454899957432957,1.37901924344855e-06
"ETF1",0.545626212789617,1.38129871339879e-06
"PIAS3",0.831726834946738,1.38503124731815e-06
"PXK",0.999943909869847,1.38516978182381e-06
"INCA1",-0.828660630337812,1.38883078931221e-06
"NPC2",0.543243444014517,1.38968432483351e-06
"EPN2",0.536598533673422,1.39040835936884e-06
"CBX6",-0.641302704799423,1.39046305510259e-06
"RIBC2",-2.62942943320668,1.39148046048547e-06
"ISG20L2",-0.500172222133656,1.39189124056122e-06
"DIPK1A",0.55986397156881,1.39660048382213e-06
"HYPK",-0.809796681129316,1.39972907046703e-06
"ELP2",0.428589646959933,1.4019811797225e-06
"ENSG00000260729",-1.47862257267216,1.40455402359457e-06
"GAMT",-0.612874712455404,1.41579397388648e-06
"LYRM2",-0.709510387092157,1.41724035311454e-06
"RWDD2B",-0.950638054938042,1.4243963931004e-06
"HSD17B11",0.723117991526177,1.42563656707622e-06
"SPRY2",0.867668801999139,1.43018822462661e-06
"SERPINA10",-0.786903193456204,1.4303514007751e-06
"ENSG00000206417",0.938430680416032,1.43088635463991e-06
"ENSG00000298624",-1.51783677791257,1.43326713114342e-06
"CD9",0.969240507151748,1.43898925089694e-06
"ERO1B",0.863782875201079,1.44037651704007e-06
"RCC1",-0.508632977703932,1.44326188987421e-06
"CDC42EP1",-0.717636879546159,1.44800549814063e-06
"NBDY",-0.970683577752442,1.44867769672961e-06
"PCED1A",-0.664313522307496,1.46138857341818e-06
"MOCS3",-0.758971450119734,1.46175881655176e-06
"CYFIP2",0.610716828264977,1.46367358108688e-06
"ZNF493",0.767166205878215,1.46400943046141e-06
"RUVBL1",-0.85485311647474,1.46579975573449e-06
"COG3",0.561211822889501,1.46593730040496e-06
"SNX17",-0.442909237864857,1.47750886893706e-06
"ENSG00000293107",-0.899104033048628,1.48854430622749e-06
"ESF1",-0.609548241509813,1.48899758164405e-06
"AP4M1",-0.732474719590067,1.48988670967294e-06
"RAPGEF2",0.589610329394825,1.49630871214395e-06
"SURF2",-0.989130562880966,1.49657533458547e-06
"ZNF696",-0.623699052063961,1.4988277674402e-06
"TMEM167A",0.470615703888858,1.49998611093736e-06
"F3",-0.819820990042595,1.50097405480732e-06
"C1orf53",-1.23484003594897,1.50207264115431e-06
"AKR1C3",0.651263627578431,1.50308530084044e-06
"PLEKHA6",-0.440966371073985,1.50565568546377e-06
"CCZ1P-OR7E38P",-0.702920376383938,1.52761204116563e-06
"MYL5",-1.44934633565113,1.53280390883062e-06
"STARD3",0.615570063902308,1.53897674629294e-06
"ENSG00000272941",1.67759468819007,1.53967871596987e-06
"ENSG00000299943",-2.26297770188865,1.54542177911249e-06
"THAP9-AS1",-0.560456538261932,1.54632587890781e-06
"OPTN",1.01310421423556,1.54835180219131e-06
"COMMD4",-0.491956310724982,1.55352247496517e-06
"GFOD1",-1.70619997867483,1.55897296503721e-06
"TTC32",0.793764253438095,1.56790136354022e-06
"CAMLG",0.57918364901022,1.5683682376401e-06
"ENSG00000279670",-1.58817070417034,1.57368800693434e-06
"CD59",0.583797442812873,1.57746952841762e-06
"TMEM79",-0.956205020589769,1.57940102608633e-06
"CCDC28A",0.703132074059946,1.58784584989423e-06
"TRPC4AP",0.490862163711985,1.59079521264894e-06
"SRGAP2C",0.512849288813683,1.59610446521789e-06
"AP1G2",0.613163235704182,1.59763845977089e-06
"PSMG1",-0.732828632873813,1.61696535426389e-06
"SLC12A6",0.86786218633284,1.62805218532769e-06
"WDR59",0.589816817264031,1.63136147388333e-06
"DDX28",-0.974195249890693,1.63973151068908e-06
"ENSG00000276772",2.3534887462123,1.64440191415836e-06
"CHST9",-1.5735264496764,1.64610751988234e-06
"ERCC5",0.564469625080475,1.64663840469071e-06
"SCAMP1",0.61228739870763,1.65022042586024e-06
"RAB4A-AS1",-0.647348448837694,1.65388847627856e-06
"PSMC1",-0.535232530930279,1.65553263127041e-06
"SCN1A",0.921736841094159,1.65832986586596e-06
"MRPS33",-0.617279403053584,1.66074587590847e-06
"SLC9A8",-0.480285155354175,1.66691204673274e-06
"VAV3",0.83529307888925,1.66714398653873e-06
"ARHGEF2",0.50076371479241,1.67255656023943e-06
"LBX2",-1.03840138703737,1.67729065802189e-06
"IMP3",-0.554717402795591,1.68655049470197e-06
"TRAP1",-0.497289437976527,1.68976266180722e-06
"LINC03006",-0.695288051225474,1.69716896354999e-06
"ZFHX3",0.4717684158762,1.69759395046957e-06
"ENSG00000299249",1.37421671051117,1.69875876998808e-06
"C11orf24",-0.657901378127302,1.70872505512475e-06
"WDR53",-0.667369662317084,1.71358479109682e-06
"WDTC1",0.955486421178644,1.71365604441347e-06
"DCAF6",0.587397154845652,1.7151477054657e-06
"CRY2",0.744760938597874,1.72015547523891e-06
"ENSG00000290999",1.37691818747367,1.73550073179493e-06
"ENSG00000234420",-1.32452403955832,1.74232121873782e-06
"PMS1",-0.66432721129288,1.74702422897861e-06
"MAP3K2",0.575815787079765,1.76323956343011e-06
"CDON",0.631788256607542,1.77568816914682e-06
"ROBO1",0.55521494954176,1.77911361223235e-06
"MTA1-DT",-0.946289245303807,1.78007780315803e-06
"RAD51D",-0.60402921263764,1.79316070509774e-06
"CHAC2",-1.10909346726577,1.80226100025234e-06
"ZYX",-0.833482746292544,1.80440840678359e-06
"RNASEH1-DT",-0.962791330678951,1.8057405512624e-06
"RFC1",0.417555111328788,1.81195864914905e-06
"HNRNPH1",0.66090539029471,1.81706603912538e-06
"ZBTB2",-0.62960948323023,1.81779426582655e-06
"WNT2B",1.70929574381159,1.82185456913227e-06
"SBDSP1",-0.593517896894304,1.82214995937549e-06
"PIK3CA",0.682143079788172,1.83222967286071e-06
"STAG3L5P",0.517901994378357,1.83496383412094e-06
"ASL",-0.522957519999911,1.8398927213189e-06
"CYP3A43",1.7074882365327,1.84292171467835e-06
"P2RY11",0.753608921610799,1.84858424539453e-06
"NAPRT",-1.14415838185977,1.85021847347537e-06
"MAU2",0.471153288561576,1.85563430081018e-06
"LRP5",0.530585233112034,1.85726218772822e-06
"EIF2B4",-0.524079115817196,1.85734931284114e-06
"ENSG00000302883",-1.89101137569046,1.86140064299686e-06
"DUT",-0.592586062048997,1.8662262764027e-06
"IP6K2",0.701521521961747,1.87869529640544e-06
"PLEKHG2",-0.663739755760065,1.884058531623e-06
"LAMTOR2",-0.73994948774143,1.88790487729742e-06
"ENSG00000275457",-1.11949320796158,1.92313613718541e-06
"RPS6KA3",0.585586370432379,1.92411431579387e-06
"TMEM70",-0.55343988431899,1.92852531153148e-06
"BACE1",-0.81866176858868,1.93637487036723e-06
"DHRSX",0.579921969910085,1.93973449764519e-06
"DHRS4",-0.626836412132236,1.94181547992977e-06
"DOC2A",-1.36203851437582,1.94931815298258e-06
"PTK2",0.456130712446078,1.94970517726901e-06
"RBM20",3.40462041787652,1.96045046743444e-06
"DAP3",-0.574467707741218,1.96402062174524e-06
"PLA2G12A",-0.548654173278687,1.96459077665504e-06
"USPL1",0.753181896433933,1.96536899633549e-06
"ALMS1",-0.549668943943607,1.97187632623928e-06
"BCLAF1",0.495952088520245,1.97319973449892e-06
"CMTR1",0.505756069276213,1.97644416219209e-06
"DLG2",1.43972084426507,1.98130031730728e-06
"HMG20A",0.619386767107779,1.98418069957938e-06
"SRGAP3",1.23436028231977,2.00381619332374e-06
"ABCD3",0.5062504358488,2.01190623552785e-06
"USP1",-0.516824855508232,2.01295311198601e-06
"WDR3",-0.558715082708592,2.01798424117259e-06
"CBL",0.57007089351956,2.02619064674055e-06
"LMO7",0.545887985888228,2.02797307658079e-06
"RALGPS1",0.756991378426858,2.03446480266317e-06
"MRPS21",-0.654596909545896,2.04889757897438e-06
"ITM2C",0.544924477195355,2.05035687065618e-06
"RXYLT1",-0.653063372067255,2.05387675115465e-06
"FOXN3-AS1",-1.56375679686433,2.05745650223594e-06
"LEPROT",0.416393885527185,2.07184894368213e-06
"ADAM10",0.586603528260616,2.07284242846242e-06
"MRM1",-0.813908404112544,2.08498671555954e-06
"CARS2",-0.458485171520139,2.08701700052693e-06
"NCOA3",0.590901424460498,2.10834087000657e-06
"MRPS7",-0.490913221178057,2.11531950422235e-06
"HINT3",0.633801196911987,2.13532775439387e-06
"C19orf53",-0.893943590829406,2.13752926675492e-06
"FAM43B",0.773839383968865,2.13772853646606e-06
"ENSG00000302646",-2.00491736843538,2.13854659373368e-06
"MPZL1",0.55088294705506,2.13886535761007e-06
"HNRNPAB",-0.624192642415492,2.13950854138114e-06
"FTCD",-0.752415291760461,2.13996293636194e-06
"ARFGEF1",0.591720013083226,2.14282570008057e-06
"GOLGA3",0.480580239529534,2.14416871361499e-06
"TRRAP",0.462791255297796,2.15409928436066e-06
"SRRM1",0.646253734641026,2.1641813650528e-06
"SMIM3",1.03388982116651,2.16591161006719e-06
"UTP14A",-0.704650784235052,2.16592501804754e-06
"CDC42BPG",1.2377273891997,2.17404158748285e-06
"WARS1",-0.697085378351442,2.17894895217172e-06
"EGFR-AS1",-1.06885512253826,2.18419433846903e-06
"ENSG00000267658",-2.78641765917537,2.19708825075981e-06
"ENSG00000230882",1.09917864399449,2.20706207128389e-06
"ESRP2",-0.723470480772484,2.20853835329861e-06
"ADM2",-0.801771109942625,2.21115257264594e-06
"ENSG00000293476",0.558277829596144,2.2150756877154e-06
"DGKG",-0.961126541037711,2.21895362150335e-06
"LPAR2",0.793265259014246,2.22023295119045e-06
"IKZF5",0.6161159111015,2.22262758490633e-06
"ZNF252P",-0.649428398529512,2.23433992807445e-06
"LOC645485",-1.73031238187255,2.2396773614778e-06
"STUB1",-0.66886063468625,2.24693091883471e-06
"VPS39",0.491922259561479,2.24720831576567e-06
"TMEM256",-0.720676831298424,2.24916936564997e-06
"ZNF518A",0.570785117811584,2.25851561100041e-06
"POLR1E",-0.580422231738645,2.26197001707127e-06
"SRRM2-AS1",-1.2607285773555,2.26797573047282e-06
"SH3BGRL2",0.503554106744149,2.27314208048325e-06
"SNORC",0.691879870267683,2.28841123641392e-06
"PDE3B",0.417985488143315,2.29791514142814e-06
"CXADR",0.653602151168144,2.30490895314196e-06
"SLC2A14",-0.959561727542838,2.30862237160677e-06
"AKR7A2",-0.471951060029989,2.31944673317358e-06
"GOLM2",0.452136769794837,2.31954013184891e-06
"LINC01118",1.46433781221605,2.33004146060163e-06
"CBX4",-0.448740459929037,2.34005974606852e-06
"ACTR3B",-0.775437538285015,2.35560787432442e-06
"CYB561D2",-0.79210037844991,2.35643634924523e-06
"LOC105376380",2.69163562425733,2.35762624800321e-06
"ZBTB8OS",-0.589381695893089,2.35943034489443e-06
"SETDB2",0.609948891225931,2.36019561643294e-06
"FOXJ3",0.560843879588135,2.36602133078584e-06
"HMGN4",0.536587032452939,2.36795585862806e-06
"PHYKPL",-0.632115913452929,2.37529310568005e-06
"NIPSNAP1",-0.606374987155001,2.37931923595663e-06
"R3HCC1",-0.741687697444897,2.38455067284054e-06
"CCDC137",-0.464522676577591,2.38653638527866e-06
"ZNF792",1.43118583488125,2.39287766130044e-06
"SHARPIN",-0.499495602843279,2.3957665084218e-06
"TBX2",0.995415526410311,2.41200823974521e-06
"RUFY2",0.621680243181701,2.4212653211479e-06
"ACADVL",-0.495551994525374,2.43800989423474e-06
"PAPOLG",0.558470494384352,2.44114943967702e-06
"STRADB",-0.570089445674768,2.44824468360308e-06
"ENSG00000236519",-1.13690344829838,2.4591110744374e-06
"CFD",-1.6948325535518,2.47831564367376e-06
"HDHD3",-0.635509819199572,2.4789948198613e-06
"PKN3",-0.588754930774044,2.48099980940932e-06
"HSCB",-0.877090044417782,2.49036323774746e-06
"PUM1",0.48315683356191,2.49718709926655e-06
"HERC1",0.609689866597155,2.50209710972325e-06
"APRT",-0.648368171200518,2.5021857467333e-06
"SLC2A8",-0.876900263074816,2.50417885424923e-06
"KDM6A",0.833243826703397,2.5095998158336e-06
"SESN3",1.17522541341272,2.51241741102131e-06
"PCGF5",0.585023612405546,2.51354232665016e-06
"RAP2A",0.49289977370345,2.52711027671201e-06
"TMEM223",-0.690986409956207,2.53664645498854e-06
"P3H1",0.527672525470844,2.53834724984095e-06
"KIF18B",0.886422441083296,2.54387883744194e-06
"SNX13",0.486954750969471,2.55661385220129e-06
"ASPHD1",-0.549457596123007,2.56194732831682e-06
"ATP13A3",0.535081920958019,2.56256961867148e-06
"GTF2IP1",0.521271325181208,2.56281549606277e-06
"STARD9",1.09324144764709,2.56523955603543e-06
"ELL2",0.465465887115336,2.57988380928194e-06
"ANKS1A",0.534565142534305,2.58472436528951e-06
"ZMAT3",1.01215460582092,2.59609629773955e-06
"FKBP10",0.495874920107986,2.60017816205285e-06
"HERPUD2-AS1",-0.962732716584526,2.60145283031352e-06
"DPY19L2P2",-1.85265698846602,2.62203603696506e-06
"GAS2",0.617426369134757,2.6248536865748e-06
"ZNF33B",0.577402714479674,2.63659685415387e-06
"WBP1L",0.630347019801267,2.65435679648653e-06
"STC2",-0.590595008998233,2.65443333843911e-06
"DUS4L",-0.628064987788346,2.6561620157186e-06
"IQCK",-0.871799861563752,2.66046834977087e-06
"KCTD2",0.541451798703706,2.66216936600916e-06
"FKBP5",-0.711610007428471,2.66500923426935e-06
"SNRPA1-DT",1.34838181812881,2.6693880554812e-06
"PRRT3-AS1",-1.09414357446642,2.67355618878522e-06
"CTNNBIP1",0.602430751863193,2.69516626127612e-06
"HSPA5",-0.769979599436439,2.6973858979564e-06
"ATP9A",0.522701790791903,2.69904998965079e-06
"HELZ",0.530015214625084,2.70262011187144e-06
"RERE",0.437191894062252,2.70281209155756e-06
"ENSG00000293930",-2.56236141392213,2.70841633250148e-06
"EMSY",0.447058320478121,2.70864258472094e-06
"CCDC78",-1.44121369311836,2.7194486005594e-06
"TXNDC16",0.769861599907364,2.72451807952481e-06
"ENSG00000289368",1.43823289049031,2.72873129587149e-06
"BORCS8",-0.62110294073113,2.72921280674921e-06
"WDR48",0.595681166494132,2.7581000572684e-06
"RALY-AS1",-1.0342490665109,2.76283420233463e-06
"BORA",0.628134650363827,2.76539463766269e-06
"GNS",0.63360307672637,2.7811834633378e-06
"ZKSCAN1",0.484601492901722,2.79198204927027e-06
"SLC35D2",0.510087612716738,2.80147260965614e-06
"TOMM40",-0.454779198341028,2.80246668550195e-06
"NR2F1",0.558819564539785,2.80319407231542e-06
"CLK4",0.56301997390026,2.80696898662553e-06
"R3HDM4",-0.450163815663203,2.80718299247696e-06
"JARID2",0.523216768052041,2.8148583261076e-06
"ERBB2",0.78618668870921,2.8285184017233e-06
"LOC100505912",-1.13124985877626,2.83357418022172e-06
"SH3BP2",-0.83130263088549,2.83638600489821e-06
"ZNF627",-0.760979091490451,2.85178747210012e-06
"PAM16",-0.707379070252546,2.85214449903648e-06
"RFXANK",-0.639691127309399,2.86263905208354e-06
"TOMM5",-0.55209977621732,2.87697927738516e-06
"H1-2",-1.6901331160867,2.87768691581751e-06
"MYBL2",-0.580155778088664,2.88133195344993e-06
"HIKESHI",0.535394242543888,2.90392138275447e-06
"NCS1",-1.22369448044369,2.90914801084507e-06
"POGLUT3",-0.666927472187038,2.92351456643589e-06
"TSC1",0.462327290119318,2.92569981546761e-06
"ACBD4",-0.592460903840238,2.93150276397073e-06
"LINC02210",0.761144323933921,2.9422428831737e-06
"PUS7",-0.504300176731311,2.9430266984146e-06
"DCTN4",0.422474186590824,2.94787351047104e-06
"FSCN1",-1.29802347956697,2.94796045958069e-06
"ENTREP3",0.542078356424695,2.94891275057316e-06
"SAMD8",0.664554317228233,2.97259625234919e-06
"MPND",-0.622683604848919,2.97465967487771e-06
"LINC00923",-1.39623226073105,2.98463683557324e-06
"SLC25A44",0.580784694118026,2.98949379200389e-06
"SNHG33",0.634629520792633,2.99833598832913e-06
"OAS3",-0.610376054821578,3.00018998831842e-06
"ANKRA2",0.891547825653233,3.01216349796685e-06
"SNX27",0.502223302059792,3.02288953710255e-06
"TMEM52",-0.799250489795191,3.02494166979081e-06
"STMN3",-0.777969100497908,3.04373803668585e-06
"C8A",-0.820002567173708,3.04857013340951e-06
"GPATCH2L",0.493772308788767,3.05377057878278e-06
"TNFAIP8",-0.909508234878264,3.06545638962944e-06
"GMPPB",-0.755332238174721,3.07176973139569e-06
"SUFU",0.568660798746119,3.09088292533806e-06
"VPS13D",0.587183104622988,3.09518399817037e-06
"GOLGA1",0.539847500482226,3.09645248025289e-06
"NFRKB",0.510688918064746,3.09796586636325e-06
"BOLA2",-0.917655914522269,3.10763271636349e-06
"DNAJC10",-0.599955683287717,3.11290001754924e-06
"ENSG00000287562",1.1155585290669,3.11661115435814e-06
"PPP2R3C",0.516383106999605,3.11870373137507e-06
"MTUS1-DT",-1.44642672946135,3.13130733018352e-06
"IFT172",0.661420818002116,3.14003598799531e-06
"ENSG00000277969",0.917803036561884,3.14170347332956e-06
"HCFC1",0.504481002243729,3.14336360471253e-06
"ENSG00000260742",1.02109209338344,3.16640199901411e-06
"SANBR",-0.612818523352751,3.1758164591875e-06
"BCAS1",-1.29354354549106,3.17940906131477e-06
"ITFG2",-0.614249106430234,3.18290411344077e-06
"ELFN1-AS1",-2.26526166143163,3.18319173240787e-06
"OSBPL2",0.44855337696826,3.19179945169028e-06
"AJUBA",-0.704537797562267,3.22107419636453e-06
"FHIP2B",0.46698626738971,3.24308516989442e-06
"FGA",-0.644496705940371,3.25201800034496e-06
"EPN3",-1.57357366028354,3.2584185154189e-06
"POLR1H",-0.511496848684618,3.26504973495778e-06
"NXF1",0.504761072772479,3.27344863835328e-06
"B9D1",-0.813888793296915,3.28601183555545e-06
"ABHD14B",-0.503921624563511,3.30403177335025e-06
"HLX",-1.59408697099257,3.32912049064913e-06
"DPM2",-0.570389089786,3.33118951954957e-06
"DOCK7",0.504418654131801,3.33192193164414e-06
"UTP20",-0.476636986315718,3.35036580426747e-06
"PTPRM",0.670470379051017,3.35184218344306e-06
"MRPL40",-0.696655255631472,3.35386445269625e-06
"PPP1R9A",0.51260293964397,3.36703984720347e-06
"ENSG00000228506",0.82489964658134,3.36773083700683e-06
"WDR43",-0.470712304454768,3.37310088970489e-06
"GALK2",-0.738940817059047,3.38923701674672e-06
"CCSER2",0.69888761219654,3.39186438732672e-06
"FYN",-0.682345317002458,3.40076562282862e-06
"SLC6A11",-0.720386012005909,3.40331680425029e-06
"SORL1",0.723656011338436,3.41394427198727e-06
"TRAF1",-1.13897853191008,3.41566150802937e-06
"SERPINH1",-0.608281553646507,3.42229146217993e-06
"PSMB2",-0.462030884090398,3.42429318127355e-06
"HMGCS2",1.20342686859541,3.42524020397396e-06
"MAMDC4",-0.835295949674834,3.43022592699646e-06
"STK32C",-0.614815258230066,3.43461759434368e-06
"COMMD6",-0.664505255023929,3.43702104922553e-06
"SLC17A5",0.67301422962243,3.4454546698544e-06
"F8A1",-0.855019937022038,3.44567514806143e-06
"ECI1",-0.503755326562715,3.44866282554398e-06
"SCARF1",1.83649243632098,3.45931030027197e-06
"BTBD19",-0.827269893430686,3.46011822449968e-06
"WIZ",-0.490506015267889,3.46497123013234e-06
"GDPGP1",-1.22507541847334,3.48822938921303e-06
"WASF1",0.531262832828284,3.50012676809548e-06
"ATF5",-0.593593582756228,3.50196603656338e-06
"ZNF337-AS1",-0.842634873658454,3.50248294560448e-06
"ADAMTS13",-0.806517805950704,3.50812753068328e-06
"ZFAND2A",-0.585942107170148,3.50896886337642e-06
"CNDP2",-0.427857055555768,3.51529467552354e-06
"TRO",0.508010571919724,3.53616654948819e-06
"USE1",-0.938709704835504,3.53640350413774e-06
"ATG9A",0.582905883513445,3.53822867358424e-06
"SPTBN2",-0.99893554408515,3.53933552952516e-06
"MRI1",-0.69420410178386,3.54572527578388e-06
"TMEM86B",-0.920665894361024,3.54902073314742e-06
"KIF3A",0.661702887785083,3.5665283396898e-06
"DCAF8",0.417949158068523,3.56731971701635e-06
"MKRN1",0.48293099628483,3.56954133650162e-06
"ITM2B",0.527960140153753,3.60719428318842e-06
"ZNF343",-0.489331051128306,3.6113326880297e-06
"ENSG00000237361",-0.918509990755906,3.623467506116e-06
"CDC42EP4",0.825754306867126,3.6472152363234e-06
"MIS18BP1",0.624014638576762,3.65690428691871e-06
"TOP2B",0.527545391359707,3.68089908664112e-06
"TRIP11",0.502870617197511,3.68945608284171e-06
"ITIH4",-1.5329077259173,3.72001817862507e-06
"HDDC3",-0.63894151028281,3.7209347721697e-06
"NPAS1",-1.50972339164668,3.72890492936448e-06
"ZDHHC18",0.43832920202001,3.73076050211691e-06
"AATF",-0.57764893125968,3.73913278664807e-06
"ZNF24",0.459231715490435,3.75482931488248e-06
"RNF25",-0.494508260117595,3.77150975008194e-06
"MAGED1",0.586698703104616,3.78319651866392e-06
"ZC3HAV1",-0.425197965737748,3.79675859136494e-06
"GOLGB1",0.615361736408055,3.81378046316231e-06
"ABCF2",-0.492996207618418,3.81944757815313e-06
"ANTKMT",-0.685423195375015,3.85253662566421e-06
"SPEN",0.44696906465431,3.85415371174903e-06
"EID1",-0.862183040766966,3.85833264903853e-06
"ATN1",0.562332981459591,3.87004684802432e-06
"TMEM50A",0.534629254193494,3.87293626056588e-06
"KIF15",0.67451856451555,3.8752565870269e-06
"BARD1",-0.705624397874627,3.88712020366447e-06
"ENSG00000293402",-0.773455041271769,3.89847314856736e-06
"RUBCN",0.682438133357318,3.90434150839842e-06
"MAP4K3",0.631692949995523,3.90834898892396e-06
"BCKDK",-0.603541086817395,3.91143644484932e-06
"SIAH2",-0.747505483042275,3.91859056709403e-06
"SBNO1-AS1",0.899407079087561,3.93284205794811e-06
"PSMB4",-0.515836403425907,3.94005261745975e-06
"LOC374443",0.609863923961675,3.94257754173957e-06
"TOM1L2",0.738832559563968,3.94478684846096e-06
"BIRC2",0.492523526426483,3.94570441077064e-06
"NPSR1-AS1",-0.799934365287908,3.94707149318015e-06
"CCDC191",-1.28734178218003,3.95843191871128e-06
"RMI1",-0.625665216972297,3.95977681346594e-06
"ZNF513",-0.648674551701275,3.97357849734108e-06
"ENSG00000269982",-0.975068729317894,3.98218864120506e-06
"IST1",0.458430737324237,3.98250615390988e-06
"RPUSD1",-0.668780352887944,3.98357793697777e-06
"RALGAPA2",0.592096201773394,3.99139593685142e-06
"CEACAM19",-0.99967296777679,3.99432577394985e-06
"BCL2L13",-0.77017994243365,4.00429931940526e-06
"ENSG00000249572",-1.48448084977216,4.02590270806967e-06
"SUCO",0.463313773625155,4.03028829935801e-06
"MTAP",-0.493483466638269,4.03998317278667e-06
"HEXA",0.501100082352387,4.06661980377412e-06
"DCP2",0.506250703795886,4.08208465873476e-06
"TSPAN8",1.28884623963541,4.08275441538269e-06
"ZMYM3",0.594365701378432,4.08378075739786e-06
"CPD",0.517414392557926,4.09899473523471e-06
"ZWINT",-0.586070197708898,4.10196442359226e-06
"RFFL",0.503055743300736,4.10517193959747e-06
"RETREG2",0.525502221910897,4.11798540521469e-06
"HEY1",1.14003225897767,4.1219538114963e-06
"ENSG00000289685",-4.09705071464228,4.12495526386814e-06
"HERC2",0.591695219023395,4.12854806967768e-06
"ABHD14A-ACY1",-0.977097195458098,4.1375474235591e-06
"UACA",0.513818238549253,4.17476138021481e-06
"TAF10",-0.737369611333927,4.19886768002794e-06
"PLA2G15",0.594733546837555,4.20115801582567e-06
"CD164",0.595441149411373,4.20140196790122e-06
"OSBP",0.519000629393728,4.21766713020253e-06
"NSMF",-0.568170391694427,4.24242274246421e-06
"MSRB1",-0.550042773603545,4.26642123188314e-06
"CLBA1",-1.06534692182354,4.28965433577711e-06
"PHETA1",-0.476647498840455,4.32207175723612e-06
"ZBTB42",-0.905766111324168,4.3342386546061e-06
"PALM2AKAP2",-0.67289541987544,4.33726872265574e-06
"PGAM5",-0.474542043000826,4.338313414134e-06
"HELLS",-0.578682720610467,4.34141400986155e-06
"LRRC1",0.470786911429751,4.3607920274757e-06
"LOC124902453",0.649344938495221,4.38821328738327e-06
"CITED4",-0.738855429235913,4.38897518337563e-06
"SZT2",-0.550206674390862,4.39344970496547e-06
"DAAM1",0.598808733691616,4.41157836028493e-06
"SGK2",-0.531554429577061,4.41385906821857e-06
"TAF7",0.474393115410242,4.426532440697e-06
"CD248",-1.07302247959556,4.45082454635898e-06
"LOC105371646",-1.3109715368289,4.45188839343624e-06
"LONP1",-0.464536661227517,4.45765051085387e-06
"CALML4",-0.957906584690249,4.46021893317506e-06
"PDCL3",-0.652827827420318,4.4617410326683e-06
"TAF5",0.640872736638187,4.46354586690305e-06
"ENSG00000274383",-1.4612784877749,4.46974450760953e-06
"AGPAT2",-1.47120175466321,4.49057857307611e-06
"PRLR",0.755121301996334,4.49187488471137e-06
"ENSG00000264772",-0.792539949009318,4.49732382351337e-06
"PITPNM2",0.517812037438659,4.50478981554565e-06
"FANCF",-0.801954808982368,4.51208569843445e-06
"EDEM3",0.479995544956095,4.52245599731216e-06
"CCDC183-AS1",-1.78128600229796,4.53728952607062e-06
"PPCS",-0.507527211648771,4.54633252869164e-06
"NFKB1",0.589075996250438,4.54811984273234e-06
"PIK3C2A",0.457214156168771,4.55583530686532e-06
"ARHGEF3",0.678223452614892,4.56022504904045e-06
"TMEM45B",0.875201636162795,4.57769778311247e-06
"ABCB6",-0.858165777621743,4.60821588001611e-06
"CRBN",0.473380581081662,4.6141824705411e-06
"H2AC19",-0.921844860953914,4.61433051727924e-06
"TCOF1",-0.40928475128324,4.62410234156811e-06
"CEBPA-DT",-0.808237139886862,4.62628822428161e-06
"ZNF516",0.58110661859785,4.63372699656933e-06
"TIAM2",0.654948391733865,4.6376028451887e-06
"NFX1",-0.480207903184081,4.6414229444883e-06
"ENSG00000248019",1.16393793554692,4.6420754879447e-06
"CPEB2",0.920691435702751,4.65293372564933e-06
"NCBP2",0.645488170178706,4.65844989070801e-06
"CCDC142",-1.04336039833085,4.66075716461876e-06
"SP5",-0.624428704056513,4.67003005724946e-06
"BAG5",0.528234035710737,4.67339636607244e-06
"FPGS",-0.490112300346754,4.67426638930521e-06
"FAM86FP",-1.11897454210022,4.68602631645545e-06
"BRAF",0.625104314084218,4.70060952772968e-06
"PIK3AP1",0.815194470951742,4.74073246836612e-06
"VMP1",-0.552660777984597,4.74552648525198e-06
"PTMA",-0.606295323746916,4.75558152249422e-06
"FANCG",-0.733979900178909,4.75575410050247e-06
"FOXO3",0.581676166136598,4.80741254712299e-06
"SEPTIN7P13",0.577871094443268,4.81708949230875e-06
"TIALD",-1.45818772810103,4.82433159234657e-06
"SACM1L",0.458759868002346,4.83186767028758e-06
"PLA2G6",-0.614735169421167,4.8591686194239e-06
"INTS15",0.478699786900231,4.86594781620748e-06
"C11orf71",-0.69356759492903,4.87184184425929e-06
"LYSET",-0.532379632244935,4.8833370640083e-06
"SLC39A14",0.603028837477583,4.90111684480435e-06
"UBXN6",0.495275905377358,4.93347456814017e-06
"MAML2",0.804594883665646,4.94376054791057e-06
"DGKA",1.16361088935689,4.94639644048548e-06
"ARHGEF40",0.58088480341717,4.95713058256734e-06
"KMT5B",0.439742861763882,4.99089988542246e-06
"PRRT1",0.758635500525224,5.08203565071189e-06
"ATXN7L2",0.592084633106529,5.10533906948515e-06
"CAPN7",0.460862461015093,5.11072294292701e-06
"SIN3B",0.550161591576737,5.16488804758098e-06
"HS6ST1",0.794496607543588,5.16651616796585e-06
"MRPS25",-0.530904376075734,5.1671408878732e-06
"SURF6",-0.478888412428673,5.18473366712142e-06
"MSI2",0.474231910852,5.18546885492289e-06
"PALM3",1.03691937363752,5.18582644370828e-06
"DAPK1",0.88909249722494,5.18678268277672e-06
"KLKB1",1.41309453134146,5.18942565095885e-06
"ENSG00000238058",-1.13746160102546,5.19209096809076e-06
"PRMT7",-0.415084480777036,5.21677601171851e-06
"SENP7",0.586781339644017,5.22204735056913e-06
"PRMT3",-0.532684146463145,5.25046069065008e-06
"NLN",-0.508189755972451,5.25637409373939e-06
"ERMP1",0.580799609161384,5.27571435981392e-06
"AK4",0.607899156801619,5.29155649377383e-06
"FBXL20",0.45938953447015,5.30282488309964e-06
"FAM86HP",-1.13521822209018,5.31363657374234e-06
"AK2",-0.458911257180855,5.33788919873671e-06
"SREBF2",0.441979489431303,5.34207990130058e-06
"ENSG00000259316",-0.826508831514538,5.35077298969038e-06
"ASB16-AS1",-0.773331434669551,5.35466248063711e-06
"CNOT6L",0.511175204903927,5.36671235885904e-06
"ENSG00000274922",-1.09807682217447,5.36712573633915e-06
"TMEM14A",-0.74291691544313,5.37548203976078e-06
"SLC26A3",1.74977513625085,5.37876355371249e-06
"MYO18A",0.474209252627453,5.37912267499865e-06
"GLCCI1",0.843742943687509,5.3917440062982e-06
"TMA7",-0.609110490297929,5.40687472502608e-06
"MIR1915HG",-0.850290992052871,5.42852601980492e-06
"LHFPL3-AS2",0.561882134550025,5.43072984009134e-06
"IMP4",-0.435946475435282,5.43412349587339e-06
"PRXL2A",0.451194940803717,5.43760084197435e-06
"BANF1",-0.452397630076517,5.45860004983975e-06
"PRPF4",-0.432368915676549,5.47867681765766e-06
"PRSS53",0.6532300019921,5.4893768065036e-06
"CIAO1",-0.398312841411123,5.50838606900312e-06
"ACAA1",-0.405454255556867,5.53489869147126e-06
"KANTR",0.710963008790259,5.53504745453501e-06
"NIT1",-0.610834520430087,5.537633233755e-06
"TMEM241",-0.752213922855757,5.5470924678212e-06
"ENSG00000273284",1.40165966279756,5.57954907257663e-06
"VAMP5",-0.847203310748071,5.58254370950237e-06
"MTRF1",0.530479945432686,5.59062858609243e-06
"AKAP17A",0.495840268075319,5.61310866933234e-06
"ZNF7",-0.487580388107506,5.61963733543711e-06
"ZNF490",0.762150384644309,5.63987364144538e-06
"TRMT1",-0.548002605888289,5.66708504120667e-06
"RNF122",0.657168427429619,5.67622487750684e-06
"CCDC28A-AS1",-1.24974220064579,5.71622459566994e-06
"CELSR1",-1.82598901191133,5.73873447522431e-06
"ENSG00000267321",-0.696585045634889,5.74471532624963e-06
"MFSD14A",0.73021803684275,5.75540357172331e-06
"CDC20",0.447623200131531,5.790811854795e-06
"AHR",0.598976921245668,5.80412347324456e-06
"MYLK4",1.31003240624583,5.80894283196254e-06
"AP1G1",0.396793745837553,5.80956691950889e-06
"WIPI1",0.923943435452892,5.81605767081754e-06
"PJA2",0.601630651361438,5.82029450937025e-06
"PTGES2",-0.458001628924255,5.826653780899e-06
"SOCS5",0.591287599700834,5.8378459339726e-06
"TIMM10",-0.68915018078011,5.84289144902851e-06
"ENSG00000285693",-1.55916242263489,5.86293914255105e-06
"B3GNT9",-0.920657278166473,5.88851057619377e-06
"ENSG00000289294",-1.03145031006156,5.89315460467326e-06
"CFAP100",-2.72085412451149,5.89834193963221e-06
"SMAD4",0.493565865141856,5.90144538784153e-06
"NRBP1",0.445211452021898,5.9040327811714e-06
"NPHP3",0.599952714179687,5.91915898137485e-06
"UTP4",-0.4412850866113,5.93510576031161e-06
"ARHGAP26",0.556297019742079,5.94114243815315e-06
"SETMAR",-0.770020209568769,5.96418438255693e-06
"ELMOD2",0.43577367006285,5.97352215788487e-06
"LEAP2",-0.993506628027666,5.98770574380628e-06
"CHST7",0.824415669552371,5.98859314031777e-06
"ENSG00000293463",-2.67390583679255,6.00313758683158e-06
"FIGN",0.517440413970453,6.03466606723624e-06
"GNL3",-0.417993053784416,6.0639480760515e-06
"CD14",-1.095181497062,6.08699258788685e-06
"DDB2",0.622979763760098,6.09476878186973e-06
"CC2D1B",-0.502932148767848,6.1086490805109e-06
"ENSG00000272848",-1.50240877388826,6.1121494055107e-06
"DOLK",-0.66808572802091,6.14085181233494e-06
"FKRP",-0.476967090443995,6.1762111478207e-06
"SF3B2",0.438231475034863,6.18226141696085e-06
"KLHL22",-0.671322986634907,6.18247866249341e-06
"DUS3L",-0.482648783251047,6.19597406621443e-06
"SERPINA5",0.576408633883561,6.20051829325558e-06
"ATIC",-0.52800468011707,6.20544390414813e-06
"BBS9",0.917419305102286,6.21065956719696e-06
"SERTAD2",0.618159654587437,6.23985255952467e-06
"UBR2",0.499118414292411,6.26129146413047e-06
"CENATAC",-0.528584826579329,6.2631881897663e-06
"UHMK1",0.430761035373722,6.28066477781235e-06
"PTBP3",0.488376101440374,6.28802693634357e-06
"SULT1C4",0.888349428068225,6.31713248236009e-06
"F13B",-0.825221838843107,6.32878152774108e-06
"POP7",-0.684712409018556,6.34175340119561e-06
"GNPAT",0.43210394681514,6.35063459267494e-06
"POLD2",-0.469598952042078,6.3867006474668e-06
"SRSF6",-0.485488520868042,6.39438557718327e-06
"EMILIN2",-0.650036791428421,6.44982111917568e-06
"LIFR",0.647211915907171,6.46963132860075e-06
"TBC1D8",0.495751086720252,6.47920857141893e-06
"LEMD2",0.461923248451381,6.48950975204457e-06
"ENSG00000289268",-1.11249600994884,6.52174542396016e-06
"HACE1",0.73384955603611,6.55526947859181e-06
"ENSG00000257345",1.61139971732716,6.56158747490338e-06
"PTRH1",-1.02784225057691,6.57775734779329e-06
"ACSM3",0.615787831869233,6.58622242540803e-06
"GBP1",-0.817662034994724,6.58925740553448e-06
"PCGF3",0.389976522082129,6.6403499202704e-06
"RNF139",0.612786604615669,6.66336324862853e-06
"STAR",-1.6012381008925,6.76400328811969e-06
"PIK3R1",0.531314762219929,6.79590658447185e-06
"MIGA1",0.570856259531263,6.79688715732455e-06
"CYB5RL",-0.676027504253035,6.79796924049093e-06
"SNX11",0.54985807658531,6.80171484464139e-06
"GFPT1",0.460034764139676,6.83432885566786e-06
"BBX",0.518141409948994,6.85063069421745e-06
"ENSG00000232104",0.663137909975293,6.85223475601375e-06
"TSHZ1",0.566087874128553,6.85656222351608e-06
"TAMALIN",-0.998348533562498,6.86586596101617e-06
"BRD9",-0.464111720404088,6.86816774958235e-06
"INHBE",-1.45904338625884,6.87305021283553e-06
"ENSG00000290793",0.951032486690367,6.92577367212544e-06
"MRPL12",-0.771815266760253,6.92810750277915e-06
"PMAIP1",-1.48446886417392,6.93856302899674e-06
"ENSG00000183308",-1.95417303075914,6.95623340824504e-06
"DDX21",-0.537101400016647,6.97675526151982e-06
"SUDS3",0.390310261262125,6.97708512809297e-06
"ACTG1P17",-1.49090515268206,6.98845963595849e-06
"RABL2A",-0.706892923894655,7.01066898821665e-06
"AREL1",0.441947211013165,7.0114023566794e-06
"TM2D3",0.541422909533755,7.04504744595774e-06
"ENSG00000298169",-0.61434917406263,7.06029918126201e-06
"DUSP22",0.48953663394579,7.07856814503114e-06
"INTU",-0.598103928059899,7.0969173324273e-06
"CENPC",0.729324241621339,7.12012627647149e-06
"HCG15",-1.42490603556346,7.15571310886077e-06
"RGN",-0.530234816436322,7.17193993020265e-06
"IFT70A",-1.24861330848921,7.18248801553387e-06
"PUS10",0.416193425616901,7.21059428490251e-06
"FKBP4",-0.781249064608712,7.2172610766322e-06
"PKD1P6",0.656806611916555,7.21878641945354e-06
"RAB11FIP3",0.48244333829393,7.23713404842717e-06
"FAM20B",0.461036293384925,7.23739747853982e-06
"VASP",0.842175511841027,7.27873653863022e-06
"CCDC120",0.499057184264994,7.28318014002634e-06
"ROR1",1.2150411224557,7.2863220899691e-06
"CMSS1",-0.793246844449468,7.29164856371391e-06
"LAMP2",0.548695096670276,7.30365583145624e-06
"PARP3",-0.451107858222916,7.3467493711337e-06
"PLEKHH2",0.525194120750636,7.34869518305511e-06
"PARP9",-0.973191481548501,7.35306463832556e-06
"TTC39C",-0.487189718655495,7.38539070605003e-06
"ELOA-AS1",-0.88688141054363,7.38678201291746e-06
"CLUHP3",-0.547178331044158,7.39913951683824e-06
"SLC17A7",1.96534098460431,7.4016162452545e-06
"BBS2",0.421305092609912,7.41599579552783e-06
"EVA1B",0.973466982577376,7.4204890150658e-06
"PNPO",-0.478304930321139,7.50399990191982e-06
"WDR72",0.84109963708343,7.5080332466398e-06
"ZNRF1",0.428059408273,7.52987994522935e-06
"USP24",0.369962807143716,7.53009512611304e-06
"MRAP2",1.05747995603289,7.5332053250697e-06
"GSS",-0.394513412543981,7.5336933585281e-06
"GLB1L",-0.863192737029457,7.58516074052514e-06
"DUS1L",-0.424082637119572,7.59228313347456e-06
"FCHSD2",0.427807025264419,7.60309805728258e-06
"RILPL1",-0.586859948773904,7.61765371988068e-06
"PTGR3",0.553179388893038,7.61862047956271e-06
"FOXP3",-2.72847182015834,7.62640093645966e-06
"ACOT2",0.491858767165981,7.6321989601808e-06
"NET1",0.387966308079935,7.64361608836975e-06
"ZNF165",0.748203140448313,7.6638430829961e-06
"TTI1",-0.441508468488618,7.66939932911239e-06
"NTN4",0.757264615403471,7.67271505048689e-06
"EXOSC4",-0.696285073569127,7.68158301316021e-06
"GGPS1",0.517467193870501,7.68935515216003e-06
"BMPR2",0.442288264788149,7.73236377472728e-06
"PHLDB1",0.574885615709367,7.73762067997076e-06
"GCNT2",0.628482460692778,7.74080312885668e-06
"GNPTAB",0.57634150703237,7.74196076158003e-06
"KDM3B",0.458873034435511,7.74608074098308e-06
"RNPC3",0.572455538047766,7.78901291709819e-06
"C1orf35",-0.49000335766047,7.80001377239276e-06
"PCTP",0.534030526718608,7.81422506930746e-06
"TEP1",0.529457564319988,7.82276012401961e-06
"NAA10",-0.494456301979535,7.83052319311417e-06
"ACP6",0.534953778416068,7.84411757506031e-06
"TEX15",-2.3344891631275,7.85807103570939e-06
"MED12",0.5062270209302,7.86305817774563e-06
"GGH",0.70024849540518,7.87267031286333e-06
"GSDME",-0.528055126998912,7.87752948638669e-06
"CREBL2",0.631814251776869,7.88607182338825e-06
"MAGOHB",-0.63316349917206,7.91910772003875e-06
"MT2A",-0.8553833425528,7.9417156842968e-06
"ANXA6",-0.405182822648418,7.94777129111111e-06
"SIRPA",0.624392600909499,8.09207951733273e-06
"PSMA3",-0.592921053923222,8.10463874432892e-06
"COMTD1",-0.67426716873214,8.10605100952057e-06
"CIRBP",-0.478482020074856,8.1091823358597e-06
"MCMBP",-0.42935240614362,8.14486496376232e-06
"TMCC1-DT",-0.895093461255735,8.14899017467758e-06
"FAHD2A",-0.512019274424864,8.16311670398058e-06
"YIPF3",0.451022184082448,8.17191781604837e-06
"CAMK2D",0.454305295694243,8.18138292224174e-06
"TTLL12",-0.645776998617434,8.20190734200921e-06
"EDA2R",0.788716779266632,8.21484738302737e-06
"SLC39A11",0.61058836990016,8.21488113987615e-06
"FTSJ3",-0.547910345836965,8.23205468763297e-06
"ATP5F1D",-0.515249713201981,8.27124053183406e-06
"NAA15",-0.428672673967945,8.31947477246861e-06
"MED28",0.419484579942847,8.32439708893592e-06
"ENSG00000273702",-1.06380129361206,8.38035490674243e-06
"AOX1",-0.638536681921802,8.38671437067926e-06
"ETHE1",-0.51523064155527,8.40193946985521e-06
"ENSG00000300506",-1.00365996979764,8.4225772151812e-06
"WDR77",-0.561958249962135,8.42717627513234e-06
"ZDHHC20",0.62123147810099,8.43163187303512e-06
"BOLA3-DT",-0.691868653238488,8.45098962596572e-06
"ACTR1A",0.513269069916122,8.46164966205655e-06
"TAF15",-0.524049828639426,8.47310572256016e-06
"ID1",-0.961656801131714,8.48481152089902e-06
"CEPT1",0.490377396137372,8.4957490374176e-06
"CDCA2",0.741514779994609,8.50226210612898e-06
"EFCAB14",0.409523597920261,8.56983158864562e-06
"DHX9",-0.387727127547514,8.57591106056828e-06
"BEX3",-0.566505443885303,8.61619836530762e-06
"SLC11A2",0.604833559106516,8.6220748740369e-06
"MECR",-0.54482633309775,8.6434925075023e-06
"OAZ2",0.503727578303085,8.67828781274322e-06
"SH3BP1",-0.531521896053317,8.68925272000663e-06
"PPP1R1C",0.758212602259774,8.7085243313704e-06
"PRPS2",-0.589133908983163,8.71139674062972e-06
"PPDPF",-0.96796713904452,8.78525253292811e-06
"PKDCC",0.804174780430602,8.78707677996972e-06
"POMT1",0.81791193113123,8.79685521324262e-06
"MYOM3",-0.465603463404167,8.79803033450662e-06
"ABCC2",0.490262197056231,8.84240259376688e-06
"ENSG00000288728",1.37349945133482,8.86041904022702e-06
"TMEM123",0.602302635390638,8.92437872814966e-06
"IRF2BP2",0.416824175562414,9.03139337787082e-06
"ENSG00000245910",-0.481843187837434,9.04297827763895e-06
"TAF9B",-0.648190454274407,9.08121437147062e-06
"ERO1A",0.48553847470042,9.09136181372516e-06
"PDCD2L",-0.682262396453391,9.0914654324599e-06
"FHIP1A",1.01706677986155,9.26756168568192e-06
"PMPCB",0.476462601603876,9.27404104321485e-06
"TNFRSF19",0.436447695731171,9.34172440223336e-06
"SUCLG2-DT",-0.77484385619975,9.37411663315038e-06
"RNF145",0.860794752984863,9.38299720490353e-06
"BRCC3",-0.489807080710771,9.3939914062744e-06
"DMAC1",-0.635805894667585,9.43273890817372e-06
"LPGAT1",0.476747539670707,9.49116939013631e-06
"PEX2",0.509576932859411,9.4971195209184e-06
"NUFIP2",0.387274235273859,9.51236844127981e-06
"CCDC170",-1.85420991268855,9.5912913862489e-06
"ANKZF1",0.565180619057472,9.59409645406852e-06
"SLC27A1",0.638588962072476,9.60777730441596e-06
"PDGFC",0.938736245795339,9.62001733428469e-06
"TMBIM6",0.538024691962266,9.68487258918369e-06
"CDCA4",-0.471234662111516,9.70745157590015e-06
"B4GALT4",0.419135843039283,9.71208785172263e-06
"ENSG00000295087",0.866759627149491,9.7141165566383e-06
"PGAP2",-0.443156900001859,9.72143056698894e-06
"COX19",0.65297231439515,9.75400187534248e-06
"SH2B1",0.493586593690493,9.76632553003138e-06
"MIX23",-0.465415963024385,9.79551851711724e-06
"ENSG00000257252",1.09805818264246,9.79894312303268e-06
"NR5A2",0.570810445003695,9.80005224753744e-06
"CHLSN",-0.39640383032823,9.82242040145506e-06
"MIR22HG",-0.687771155899781,9.8396594244861e-06
"MET",0.548893169710243,9.94222618468101e-06
"DNAAF4",-1.65438692742858,9.96557340599614e-06
"FLYWCH2",-0.906173073267181,9.97736426923722e-06
"SCART1",0.808468082777988,1.00235265409169e-05
"HIPK1",0.407669848724687,1.00458779471364e-05
"ARHGEF11",0.455898539541451,1.00604350312639e-05
"SERINC1",0.5046586829051,1.0073772397678e-05
"PGGHG",-0.646444160494818,1.00931419096017e-05
"ENSG00000232445",-0.796194143478253,1.01386452379984e-05
"FZD1",-1.04377653805575,1.01407272406244e-05
"SPATA6L",-1.08120494120681,1.01455546967979e-05
"MFF",0.387725641761075,1.015336545051e-05
"ENTPD6",0.418862329004485,1.0203528662384e-05
"ENSG00000251455",2.16276548496864,1.02725388660735e-05
"CCDC159",-1.03643039849348,1.0278305577345e-05
"CLTCL1",-0.52591750398792,1.02953322078529e-05
"TRIM38",0.495778184118069,1.03323597908407e-05
"SLC39A9",0.575763571075769,1.03328250064647e-05
"GRHPR",-0.485142683692409,1.03346268322025e-05
"TRIM52",0.510375059598954,1.0340567735205e-05
"SLC25A25",-0.775011431385835,1.03500461134326e-05
"PDGFRL",0.896255932104847,1.03503476209597e-05
"MGST1",-0.583549586079862,1.03523805867812e-05
"ASPSCR1",0.595170321256945,1.03899462041126e-05
"ARID4A",0.536102166822124,1.04086936256325e-05
"EIF3J",-0.547595983093716,1.04606562426614e-05
"EXOSC9",-0.55503287852059,1.04982341658513e-05
"BTG3",-0.590513175560984,1.05069284555902e-05
"INTS2",0.481611085469335,1.0521259771768e-05
"TRIM45",-0.864892067432936,1.05271352107679e-05
"PLIN4",-1.02902238894212,1.05603170407792e-05
"PPP2R5B",0.724979238189233,1.06023300995861e-05
"NPIPB11",-0.749802691362654,1.06097378583364e-05
"SEPTIN11",-0.373502372977846,1.06555662597148e-05
"BRME1",-0.814759169105827,1.06938654199029e-05
"MPG",-0.477198178941339,1.07826285788282e-05
"HSPA9",-0.502982218830191,1.07926287278225e-05
"CSTF2T",-0.739911076678117,1.08361428024924e-05
"IQSEC1",0.406119853484623,1.0853973770293e-05
"PLGRKT",-0.88425680870208,1.08719206651332e-05
"THYN1",-0.5557118556705,1.09628294357562e-05
"CCDC77",0.487064178666222,1.09676073023594e-05
"FBXO34",0.505929155586246,1.10044463786776e-05
"PAIP2",0.520706749271245,1.10300163827062e-05
"ATXN2",0.429814067946029,1.10654470240686e-05
"FARP1",0.620807879725826,1.10706730531816e-05
"TMEM35B",-0.823899903253498,1.10866026627238e-05
"ENSG00000286115",1.10865700170393,1.11046155171093e-05
"UVSSA",0.451038511400652,1.11057689686768e-05
"ST6GAL1",0.625473807034377,1.11442537985755e-05
"CHN2",0.489772321374293,1.11573715080843e-05
"UBE4B",0.503855907682665,1.11637248166521e-05
"THEM4",-0.490331453707212,1.12001660994695e-05
"AGO2",0.646814057466315,1.12827023460432e-05
"OTX1",0.471750112941249,1.12973810715491e-05
"CDK2AP2",-0.530920801301659,1.13590308060872e-05
"SRFBP1",-0.617239248729036,1.13687466905883e-05
"CLCN4",0.733741780560548,1.13816821198584e-05
"TBCK",0.53198251754504,1.13947131109456e-05
"ENSG00000263126",0.792023181349082,1.14163437083259e-05
"FGFRL1",-0.462093218059332,1.14187941386588e-05
"GDPD5",0.911269169689415,1.14294883314165e-05
"THOC5",-0.371877278705391,1.14440776711213e-05
"ENSG00000273270",-1.01290254278984,1.14592447054179e-05
"SUSD6",0.58411818059011,1.14827826141266e-05
"ANKRD42-DT",-0.934983034613095,1.15034154897634e-05
"THOC2",0.445707794864408,1.15149613639528e-05
"RING1",-0.468851820744362,1.15385291027282e-05
"RNF149",0.537647647153732,1.15650882903534e-05
"GABRE",-0.6938185939411,1.15713760457357e-05
"COG7",0.477363046646099,1.15992937141686e-05
"BIRC3",1.05777477829928,1.16024951278519e-05
"TNS2",-0.689207287166743,1.16378905103356e-05
"PIP5K1B",0.724378473061867,1.16502712699288e-05
"KCTD9",0.467834489485645,1.16876823872343e-05
"NADK2",0.39635652894442,1.16884182834901e-05
"IRF2BP1",-0.454925314849308,1.16936537643749e-05
"MTARC2",-0.477096876333238,1.17012477824175e-05
"SYNM",-0.89515030562773,1.1911115384942e-05
"ZC3H7A",0.4176867013613,1.19252955089504e-05
"LIMK1",-0.670493817185369,1.19745703106591e-05
"RMND5B",-0.418188027762796,1.19768642899743e-05
"STX2",0.479143583388979,1.19974185215843e-05
"SLC17A2",0.715452004108253,1.2031973594876e-05
"TUBGCP6",0.500655085913287,1.20494977792348e-05
"CLK3",0.388544299145245,1.21356668026586e-05
"RAD51",-0.473856242796274,1.2219966996382e-05
"POLD1",-0.540444943636758,1.22332613377991e-05
"PRKAR1A",0.597495313443882,1.22367042999125e-05
"CRTC2",0.487795898602201,1.22872397520284e-05
"ERCC2",0.360171987242709,1.22987742024514e-05
"ISG20",-0.918162788225943,1.23270705599414e-05
"CGREF1",-0.522641537361594,1.23597279284935e-05
"MAT1A",-0.634617132961995,1.23876274016439e-05
"RRP7BP",-0.700351524201568,1.24126148815498e-05
"MATN3",1.5172292984561,1.24172692574143e-05
"MBLAC2",-0.516256696908367,1.24183663610024e-05
"PSMD4",-0.508663250055478,1.24385866627199e-05
"TGFBR1",0.452075351622075,1.24616253396762e-05
"TMT1A",0.918208693124548,1.24926530305193e-05
"DBF4B",0.648794859648248,1.25164555526502e-05
"DHRS13",-0.54588713108243,1.25714392022057e-05
"TPR",0.480186754958875,1.27216330749009e-05
"GATAD2B",0.518410577365684,1.27617913967685e-05
"PASK",-0.55461010558757,1.27812034849695e-05
"PDE3A",2.36011468349784,1.28215210030733e-05
"LOXL4",-0.968761580034898,1.28244500703445e-05
"USP21",0.616784306168699,1.283179650337e-05
"FZR1",0.406060247480013,1.28483341661932e-05
"SGPP1",0.661036611818323,1.2898314843915e-05
"ENSG00000288559",1.01765173902414,1.29121430209275e-05
"TLE4",1.04006628281659,1.29279532691528e-05
"CYP4F2",-1.07096117760858,1.29289764379909e-05
"HSPA14",-0.652443744300259,1.29329259701741e-05
"PCGF6",-0.555466954432333,1.294644716611e-05
"EP300-AS1",-1.31375084448882,1.29538764560495e-05
"ARHGAP17",0.380717794625368,1.29862348615342e-05
"RNF216",0.441493847306608,1.3018270165597e-05
"ENSG00000261884",-0.651964597597033,1.30203136411484e-05
"ENTPD5",0.406359774096724,1.30354167288831e-05
"ENSG00000277142",-1.52607181305708,1.30472689323822e-05
"KIF1B",0.437759593779207,1.30774205177946e-05
"MPHOSPH10",0.412855320794257,1.30779340663475e-05
"RPL10A",-0.514618714526428,1.30924175431807e-05
"PTPA",0.376125533697854,1.31014328560869e-05
"MIER1",0.43888061742872,1.31125216777192e-05
"LOC124901766",1.06046076720915,1.31283172378818e-05
"EXD2",0.467380841454308,1.31390610811149e-05
"EEF1AKMT1",-0.939092959942255,1.31404201743606e-05
"BTRC",0.505840976978543,1.32087360362419e-05
"KCNC3",-0.630797033306568,1.3264982039328e-05
"SPAG5",0.664403357201123,1.32767952450412e-05
"MIR600HG",0.652540504997439,1.33595570368348e-05
"DNAJB14",0.451657715360758,1.33743968225223e-05
"COG4",0.452197917050429,1.3419483445888e-05
"ENPP3",0.758449210430533,1.34448277744686e-05
"TMEM185B",-0.59592734899,1.34650929171758e-05
"RPA3",-0.481282247094919,1.34696561709036e-05
"UROD",-0.48011716313319,1.34726244976105e-05
"ZNHIT2",-1.32738225530091,1.35809905983035e-05
"TLNRD1",-0.543729800803617,1.37061676278926e-05
"CDO1",-0.549941834309933,1.37435997356664e-05
"DHX37",-0.478561256915313,1.37461198374546e-05
"ZBED3",-0.640435524969133,1.37989251808865e-05
"ANP32A",-0.45362886732045,1.38000220612525e-05
"POLR3G",-0.877251983873507,1.3825626557661e-05
"CALU",0.59635189191258,1.39536893243364e-05
"ENSG00000233967",-0.67556977270813,1.39935912878489e-05
"CORO7",0.530756089159529,1.40011533485142e-05
"FSD1L",0.679839892503083,1.4020560571962e-05
"MUC15",-0.804679601088111,1.40266219508687e-05
"RAB11B-AS1",0.995998613662375,1.40521748362492e-05
"N4BP2L1",0.477136705519618,1.40553756059931e-05
"CEP104",0.419278842283263,1.40935721246806e-05
"NHERF4",-2.05936539310497,1.41092321146043e-05
"PPP6R1",0.452608286175076,1.41459935202213e-05
"MYO1B",-0.352655423844411,1.41598359544503e-05
"ZC3H15",-0.436612586436487,1.41636922130519e-05
"ADM5",1.08080040803026,1.41651790619228e-05
"LINC01176",1.10337164329253,1.41924704592376e-05
"CEBPZ",-0.463519653748084,1.41984990122892e-05
"PTCH1",0.725258288055767,1.4229033920361e-05
"PSME3IP1",-0.395180874448648,1.42542197272241e-05
"PLEKHA8",0.400041100100253,1.42865392648306e-05
"BLOC1S3",0.596757405597612,1.42890188955059e-05
"MAT2A",-0.50205552748451,1.44267276639964e-05
"CDKL4",1.50763587531845,1.4435511698519e-05
"RHOB",-0.620369851529614,1.44681392581912e-05
"ENSG00000258634",0.773462659442012,1.4472786503833e-05
"LRG1",-0.521788760243153,1.45773383725733e-05
"ALS2",-0.40051191874739,1.45834663085707e-05
"ENSG00000290469",1.55165459380837,1.46086517355587e-05
"MTERF3",-0.52696536328694,1.46618971503239e-05
"RNASEH2B",-0.482614111107576,1.46685444189067e-05
"TMPO-AS1",-0.947608283541819,1.47624628126713e-05
"SNRNP48",0.354127199625518,1.47758545521506e-05
"DTNA",-0.944557183901579,1.48158242009448e-05
"ALG8",-0.571101508150648,1.48177296643972e-05
"TBC1D22B",0.431999994710016,1.48409140545029e-05
"ACADSB",0.418040841988811,1.49603173273982e-05
"CEP170",0.430735063356714,1.50095080423127e-05
"MICALL2",-0.606535460669567,1.5014673344273e-05
"SAPCD1",-0.999548559240639,1.50437192405441e-05
"ARG2",0.949138036965696,1.51085893082554e-05
"IRAK2",0.51075032075495,1.51421348021661e-05
"BSDC1",0.430870835122898,1.51737231479703e-05
"CDK10",-0.689448699046523,1.52927727699507e-05
"WASH2P",0.620423644547505,1.53381961469271e-05
"MAPK8",0.575408882850696,1.53391584659087e-05
"YWHAH",-0.541052563441268,1.53672662676579e-05
"PLSCR3",-0.611145710403583,1.53766985202325e-05
"ZNF527",-1.04479277859701,1.53891265484292e-05
"SKIDA1",-0.934416954392078,1.54186817134774e-05
"TMF1",0.392396449619063,1.54366999538427e-05
"TMEM127",0.495960154744475,1.54468919175318e-05
"MAGED4B",0.719659343640888,1.55758293504155e-05
"NCAPH",0.416223357348373,1.55761201221785e-05
"ENSG00000270020",1.82097418220859,1.55862145346035e-05
"SPOP",0.392115221128589,1.55886784335144e-05
"DIDO1",0.424744420804992,1.5597694414348e-05
"IL1R2",-0.868737048656721,1.55982868365386e-05
"ENSG00000264808",-1.09013518615402,1.570136917384e-05
"ZNF615",0.671322053678165,1.57111705318338e-05
"IRF2-DT",-0.96245664242073,1.57516247498326e-05
"PI4KA",0.479824192503896,1.57716871337924e-05
"INVS",-0.483737813800257,1.58094624462784e-05
"FIRRM",-0.633841908449423,1.58916585969911e-05
"MIB2",0.557253817879895,1.59674571187821e-05
"ZNF670",0.679485319839916,1.60500076207013e-05
"LINC00511",0.63650351954365,1.61039121903637e-05
"MRPL36",-0.52286144829863,1.61346863722492e-05
"DRAP1",-0.580999728390348,1.61515521093842e-05
"ACD",-0.473569285506273,1.61948640041738e-05
"DDHD1",0.454369097132374,1.63087119252981e-05
"ACSL3",0.655600893695698,1.63408473806238e-05
"ENSG00000196656",-0.934774088922456,1.63461419240343e-05
"MBTD1",0.439397199378292,1.63545273225868e-05
"C1orf216",-0.818124809478694,1.63552145251344e-05
"ZXDB",0.789681217698855,1.63870815455434e-05
"MTO1",-0.362599220810199,1.64466086608369e-05
"RSBN1",0.542728491865356,1.64684500275942e-05
"PRXL2B",-0.54453016707299,1.65310932974792e-05
"FABP5",-1.05667965928647,1.65471285487988e-05
"SEC24A",0.429710052276443,1.65563443693086e-05
"MAP2K3",-0.37069624724273,1.6562192552414e-05
"GTF2H2C",-0.398515169538583,1.66325914325128e-05
"ARAP1",0.84090747021578,1.66416869577937e-05
"OVGP1",1.26899049320541,1.67346134133208e-05
"MT1G",-1.61326687357534,1.6743710692211e-05
"DLK2",-1.2162292619196,1.67735857663977e-05
"GON7",-0.750605718277087,1.68080252627577e-05
"SLC44A1",0.463955423594404,1.68104710036278e-05
"C2CD3",-0.445900612823998,1.68696403901812e-05
"F7",-0.764677230120063,1.69179088146488e-05
"CYCS",-0.50856440316192,1.69752032386941e-05
"PDZD11",-0.530883091003615,1.70202523585476e-05
"TOP3B",0.467344474461714,1.7038264808934e-05
"CCT6A",-0.591141548680974,1.70385026434808e-05
"IDI1",0.389911339266504,1.70543380069338e-05
"ADAMTSL4",-0.688511880475286,1.70998481309745e-05
"SNHG4",-0.690899062667819,1.71917720965521e-05
"LINC01564",-1.50185805477264,1.72054924764257e-05
"USP13",0.618720436580197,1.73276397070346e-05
"KMT2C",0.453240500522111,1.73715667217071e-05
"ABHD16A",0.516996582336373,1.74037838515193e-05
"SEMA3F",0.560949282495713,1.7404081112566e-05
"FAM161A",-0.625221402378037,1.74041147205514e-05
"PLEKHA3",0.497152952688007,1.74312978332177e-05
"PAAF1",-0.466995708838222,1.75175189395415e-05
"TRIOBP",-0.532737274350716,1.75340472928717e-05
"FNDC10",-0.919638948482858,1.75665573853376e-05
"ENSG00000304458",1.15279451638127,1.76445184979963e-05
"FMNL2",0.513928426016468,1.76451372350993e-05
"ENSG00000230952",-0.704740586551346,1.7701793961203e-05
"DNAJC13",0.441854734124348,1.77367765250332e-05
"PPP1R12B",0.720379306804016,1.78075156745936e-05
"TRA2B",-0.387445637366714,1.79000216078033e-05
"TP73",-0.806850807647965,1.79227986001795e-05
"TOR3A",-0.580426503913459,1.79579319220471e-05
"EDF1",-0.607310576975215,1.79711023063165e-05
"NDUFAF5",0.482761647339022,1.80139230696427e-05
"TXNDC17",-0.600392057237746,1.80442800160743e-05
"ZNF496",0.523294591078206,1.8063671637946e-05
"NOXA1",-0.994710133125438,1.80684184943544e-05
"UBR5",0.457067419207809,1.80753467150365e-05
"LOC107985532",-0.949276460543149,1.80812541004394e-05
"RHPN1",-0.973539954325221,1.81093101686048e-05
"SAPCD2",0.60404551209285,1.81115590725197e-05
"RHBDL2",1.02547095075592,1.82288637204322e-05
"POLR1C",-0.505843655874809,1.82566219060953e-05
"CACUL1",0.376475731229183,1.83290150427902e-05
"SNX24",-0.526725853277385,1.83360043384514e-05
"PCDH1",1.51603542758274,1.83593681136355e-05
"SRBD1",-0.513058511404537,1.83768908578031e-05
"STK33",-0.636460592083714,1.83960608097858e-05
"DMAC2L",-0.66740669502031,1.83961277580322e-05
"C1orf122",-0.49988138225113,1.8482123643098e-05
"SUPT7L",-0.384486710717195,1.84984026560617e-05
"RPL37A-DT",-1.40695766418683,1.85412563367575e-05
"CDK5RAP2",0.475260038024494,1.86555372667145e-05
"PIM1",1.00170209215567,1.86837749781771e-05
"ARHGEF7",0.531546714958524,1.8692531734197e-05
"SAP30-DT",0.872791173333799,1.87393709778948e-05
"LINC01409",0.878500978908493,1.87647823357168e-05
"ANKRD17",0.343672182490715,1.8816699574028e-05
"BICD2",0.490177897962986,1.88260591438852e-05
"FECH",-0.500588047007087,1.89019453254565e-05
"LYRM1",-0.365659665355675,1.90136235573894e-05
"SH3D19",0.560952009121169,1.90146523368746e-05
"GBF1",0.461449173106282,1.90255155215865e-05
"ATP5PD",-0.458914508541669,1.90360886902812e-05
"CENPP",-0.706324476001163,1.90704574191615e-05
"TDRKH-AS1",1.24225286365614,1.91131879311648e-05
"ZMIZ1",0.541565401621064,1.92248201368846e-05
"SRSF11",0.527054058933846,1.9290546996113e-05
"RCBTB1",0.486311935015316,1.93128714762185e-05
"ENSG00000290851",-0.5555639005676,1.93165306098405e-05
"MRPS23",-0.439611586485658,1.93586067761628e-05
"KSR1",0.566841699915213,1.93799133127859e-05
"MEX3C",0.626918774278936,1.94230887513123e-05
"PFN4",-2.54727361485067,1.96314851038332e-05
"HARS1",-0.385901275716776,1.97609485617598e-05
"RRP7A",-0.361214746870975,1.97750399501523e-05
"YY1AP1",0.518963902807211,1.98369950363789e-05
"OGA",0.37006431264429,1.98706867033266e-05
"PTCD1",-0.422518975195562,2.00159692000231e-05
"AGAP3",0.424564417142178,2.00596861865619e-05
"PCK1",0.890242929759703,2.00933158435128e-05
"ZNF200",-0.538459630141868,2.00958104704197e-05
"PKMYT1",-0.563380875917936,2.01187319261648e-05
"APCDD1",1.28587365775581,2.01478859693091e-05
"NEIL1",0.569154781665156,2.01584230473811e-05
"ENSG00000248092",-0.414065016830551,2.04625956443369e-05
"ZFAND6",0.423508051098887,2.05603676663387e-05
"ANKRD12",0.502085110177875,2.05991558058756e-05
"ATG16L2",-0.950961274809986,2.06456799166058e-05
"PAQR6",1.15191519184229,2.06976681727687e-05
"PGS1",0.420875900755908,2.07024055922036e-05
"KDM1B",-0.556315874192311,2.08350981423299e-05
"SERP1",-0.519989818498867,2.08423838314626e-05
"GDAP1",-0.544045294813966,2.08792941134335e-05
"LCORL",0.611612387530072,2.09169108581412e-05
"DTD2",-0.425272509218125,2.09436039721616e-05
"EEIG1",0.651011464690852,2.09687177342596e-05
"MANF",-0.631396999911395,2.09801126547287e-05
"ENSG00000229152",0.802129207565482,2.10242360439868e-05
"CCDC102B",-1.1271376843811,2.1153787143465e-05
"CIDEC",-0.965462245812806,2.11815137928137e-05
"NIPA1",0.476658927867679,2.13391542113339e-05
"CFAP68",-0.935825211064273,2.13567599152411e-05
"NDOR1",-0.560973156915279,2.13715497155658e-05
"PDCD11",-0.582620977545299,2.13925586859186e-05
"SLC25A20",-0.624799855738054,2.14057859688026e-05
"ENSG00000288983",-0.974705921430244,2.14117688192818e-05
"ZBTB37",0.512692210818148,2.14186699263375e-05
"CLN8-AS1",-0.752281985326898,2.14317816036774e-05
"LPCAT4",0.484517915479825,2.15415955238794e-05
"CAMTA1",-0.426561289680583,2.1564815068029e-05
"PSMA1",-0.356824880080534,2.16537247890125e-05
"COX20",0.646884537017326,2.16894666177302e-05
"CEP68",-0.447416025157431,2.17841028680576e-05
"FRAS1",0.621642962518168,2.17877137745824e-05
"GINS3",-0.582849930847607,2.17988035912525e-05
"ZNF296",-0.792076773776129,2.1905741169113e-05
"GLYATL1-AS1",-1.74336169450332,2.19358517494843e-05
"ZBTB40",0.421537486488231,2.19457691434909e-05
"GATD1-DT",-0.512549143962012,2.19639241795516e-05
"WASF3",0.49396840155587,2.19771292367329e-05
"PHF5A",-0.44415845230948,2.19965164949619e-05
"SMPX",-1.18863092304359,2.20896333687418e-05
"YIPF5",0.485007888795636,2.2098050648807e-05
"RNF8",0.50224900505072,2.21280376021478e-05
"SLC67A1",-0.64197074065584,2.21284375998205e-05
"TMEM120B",-0.451074816392048,2.21458222368348e-05
"GIGYF1",0.529018551418655,2.22133964631826e-05
"MYADM",0.546041591817108,2.22664914086881e-05
"PRRT3",-1.0186355180723,2.23069395332847e-05
"EIF2S1",-0.617181506589991,2.23566711233249e-05
"BAZ1B",-0.403248783627098,2.23616734680029e-05
"PRRC2B",0.424406627678966,2.23956765224267e-05
"AHCYL2",0.532551277445853,2.24029096060621e-05
"TELO2",-0.628241060821917,2.24186885374289e-05
"MX1",-0.83064022582394,2.24365742272176e-05
"ZNF740",0.549448670890933,2.24414114501049e-05
"CCDC97",-0.519213107105714,2.24855502025714e-05
"LINC02609",-0.6764734976254,2.25193866202276e-05
"VPS54",0.481847099022829,2.25347169041099e-05
"CCDC138",-0.517192456502843,2.25560716207393e-05
"TSPEAR-AS1",-0.844479269765298,2.25610200652584e-05
"CNNM2",0.640810137363944,2.25750858004308e-05
"LINC02980",0.715213736035658,2.25808845872274e-05
"DALRD3",-0.539305787286561,2.26794324176755e-05
"RBMX",-0.3750104755417,2.26935552644442e-05
"AKTIP",0.50520374183424,2.27627929955597e-05
"TRIM35",-0.555330297866151,2.27668708757587e-05
"LOC124902546",-1.17514568138426,2.28156948856767e-05
"ALG12",-0.457685814006937,2.28289210014517e-05
"PRAG1",-0.688899258350841,2.28650058520188e-05
"PEX11A",-0.61002329529465,2.28813506897375e-05
"FAM219A",-0.526306397465673,2.28934352126837e-05
"DDX6",0.386015121765503,2.29023231050161e-05
"TCF25",0.440614520288932,2.29382344084613e-05
"LYAR",-0.734268203990293,2.29540380870618e-05
"KIF3B",0.396638521402242,2.30021644680584e-05
"PLEKHM1",0.573580343196034,2.30107838447698e-05
"TNRC18",0.466084147056841,2.30169435443345e-05
"NDUFAF1",-0.735432353697115,2.303855475682e-05
"TOMM6",-0.488422046041763,2.30557310224839e-05
"ASXL1",0.369826159852804,2.3196340033413e-05
"RPS6KB1",0.442136094337309,2.32349394213067e-05
"NOP16",-0.548420422026289,2.32496953304635e-05
"DIMT1",-0.529972687986637,2.3281891338547e-05
"SLCO4A1",0.389718387327196,2.33674352681857e-05
"TM4SF1",0.852628742501161,2.33892085871561e-05
"LBR",0.630678630710533,2.34624311175515e-05
"PIGQ",-0.594086233234619,2.34635381941664e-05
"PKP3",-0.481560051054169,2.35958349551775e-05
"TMEM88B",-0.877374598391079,2.36099823064951e-05
"THAP8",-0.791974338267528,2.37601699975925e-05
"ARHGAP29",0.436031787718596,2.38037208172711e-05
"PGRMC2",0.377720651431772,2.38489956670941e-05
"ZNF576",-0.618994082667939,2.39306787272859e-05
"SLC25A36",0.394910568110896,2.40414536568328e-05
"SEC24D",0.422031653160226,2.41037435708248e-05
"CCNL2",-0.433241096421432,2.41127701888522e-05
"BRIX1",-0.586379454622362,2.41503969204018e-05
"POLA2",-0.61794966471789,2.41827345356429e-05
"TSPAN9",0.477031797413083,2.41998164609201e-05
"PBDC1",-0.442807699001632,2.42254377977939e-05
"HIVEP2",0.640287694986467,2.42548838366821e-05
"GCN1",0.408512489468447,2.42705344374407e-05
"LINC00222",1.96543761110187,2.43002332012688e-05
"THAP3",0.425083520634109,2.43109572165048e-05
"EXTL2",0.456639286614984,2.43207189504857e-05
"AOPEP",0.451738422951157,2.43509006630143e-05
"BMI1",0.407507460861119,2.43686461732904e-05
"POC1B",0.606360334017413,2.43793859484263e-05
"RPP38",-0.612889285410632,2.44346281659406e-05
"LINC01484",0.92934475817502,2.44716392003181e-05
"DNAJC25",0.456042858100376,2.45360711775025e-05
"SLCO1B3",0.918996269475147,2.45375484712238e-05
"LNPEP",0.562594248817803,2.45459484793754e-05
"CYP51A1",0.56370067870411,2.46744591640965e-05
"CASP2",-0.404462749041266,2.47058539651651e-05
"SAMSN1",4.61568857730042,2.47605522271827e-05
"PPAT",-0.433716562456161,2.4761035315462e-05
"GDE1",0.391303863837475,2.48151867364328e-05
"POP1",-0.740429966617878,2.48154332559378e-05
"RBM3",-0.562220300470288,2.48188239827808e-05
"TJAP1",0.398471972378672,2.48331582431099e-05
"ENSG00000253666",2.14841812187835,2.48380517887337e-05
"LINC00294",0.58015846311295,2.4982989902704e-05
"CLINT1",0.330346415936482,2.51986923155933e-05
"NFIC",-0.450564836241448,2.52124169458982e-05
"B4GALT7",-0.4525490635545,2.52786746133924e-05
"UCHL5",-0.454861014189575,2.53486429099535e-05
"TARBP2",0.485876639766129,2.54452070523981e-05
"DDX19A",-0.342027761175652,2.55597552006259e-05
"LRRC26",-2.75788484551358,2.55598374471916e-05
"TMEM214",0.439951972257461,2.55681208973665e-05
"TMEM63B",0.433616987818134,2.55857717645583e-05
"GALK1",-0.746122991173711,2.56187504400789e-05
"ENSG00000170919",-0.574373730728927,2.56188833257652e-05
"CDKN2C",0.649340470562406,2.56976303036051e-05
"ZNF169",0.635794307175022,2.57063273660752e-05
"RASSF4",0.725437555806414,2.57073146090862e-05
"SRD5A3",-0.559123304873126,2.57666559273456e-05
"WBP2",0.482190093645423,2.57895194254987e-05
"TFDP1",-0.396379457673218,2.58564135758747e-05
"UBXN11",-0.761642393712425,2.58628784348659e-05
"TRMT13",-0.459402962004458,2.59422690254879e-05
"LRFN4",-0.923668973119436,2.59613263466769e-05
"GSDMB",0.985735761364132,2.60598034047722e-05
"HIPK3",0.495762121091012,2.60730546637318e-05
"MTSS1",0.404583381121881,2.6117543032284e-05
"GET1",0.475812602484139,2.61444909482405e-05
"PMS2P1",-0.501121874198381,2.61805101839057e-05
"UBA7",-0.773240320959558,2.62486614999717e-05
"CKS1B",0.466850791978063,2.63881470046217e-05
"CIP2A",-0.439540004834266,2.64002140578925e-05
"ENSG00000259529",-0.394796301239675,2.66026706973314e-05
"PHKA2",0.571174583407481,2.66454242973978e-05
"ENSG00000289791",3.00604420548477,2.66517641390595e-05
"ZNF691",-0.48191158226898,2.67822357657172e-05
"IRGQ",0.495840315860164,2.67848181777978e-05
"NRSN2",-0.435785724091487,2.68678684543635e-05
"KLHL9",0.547326141414639,2.68952793112214e-05
"FN3KRP",-0.411579176233717,2.69326827765302e-05
"TGIF1",0.774556691035495,2.69359058670759e-05
"C1GALT1",0.368035730780398,2.69746300356429e-05
"ITGA6",0.828697582821412,2.70995772296374e-05
"GRB14",0.708462373638706,2.71018413472986e-05
"SAMD1",-0.432951553028305,2.71554582350365e-05
"EFNA1",0.446119692015237,2.72516764664055e-05
"SELENOI",0.510797345253904,2.72814870120165e-05
"FAM117B",0.524772532758006,2.73837796673909e-05
"NDUFB3",-0.550728507462007,2.73911548554138e-05
"ENSG00000278341",-1.29359416361998,2.74300967148756e-05
"VPS52",-0.445922481877268,2.74388254460858e-05
"TROAP",0.730659254446775,2.74740610001548e-05
"NANOS1",-1.287955184988,2.75933410932031e-05
"PLEKHB2",0.439564343028851,2.77427873830026e-05
"MIOS",-0.570582654990548,2.77754400414351e-05
"ENSG00000290879",0.713298074909605,2.77991569640147e-05
"PLEKHO2",-0.530548732999903,2.7834988731077e-05
"TRAPPC10",0.358220765260204,2.78366101063115e-05
"SUSD1",0.594727341643257,2.7857802847014e-05
"RBMS1",0.453365570069189,2.79705945020038e-05
"CBFA2T2",0.346774669614928,2.80867698377929e-05
"LINC-PINT",0.544641375304285,2.8128557629337e-05
"GINM1",0.530552356372326,2.81467340405936e-05
"DHCR24",0.596614027992707,2.82749001848989e-05
"NDST1",0.427340361700782,2.83135997320361e-05
"NCL",-0.44818223918625,2.83430887753572e-05
"PPFIBP2",0.658115014048041,2.84383288877568e-05
"ENSG00000225315",1.75995447232287,2.8474117452933e-05
"TNKS",0.450923527389987,2.84882792112554e-05
"QSOX2",0.41891682751288,2.85279088936492e-05
"PLA2G4B",-0.610997833058634,2.8579732111533e-05
"TMEM248",0.42645730872939,2.86012998292126e-05
"ENSG00000257135",-1.02847207186788,2.86018413317803e-05
"DZIP3",-0.456769411604346,2.86075372768617e-05
"SMIM30",-0.646464262353206,2.86124418240705e-05
"ZNF593",-0.704094940237867,2.86625484745573e-05
"TUBB4B",-0.501603596237479,2.86740364464076e-05
"KIF21A",-0.348947740059514,2.86845103201162e-05
"ACLY",0.412436860957943,2.87632054286137e-05
"IFRD1",-0.452768713628954,2.88116784855146e-05
"OGFOD3",0.459619435214685,2.89206446444474e-05
"UICLM",-1.20354956297996,2.89579192065954e-05
"CBR4",0.469663309381214,2.89633956034593e-05
"SIL1",-0.409076246359024,2.89852736014984e-05
"SALL1",0.783773148097346,2.90215750102619e-05
"RPF2",-0.62524382159357,2.9027524833581e-05
"LEMD3",0.51452440997615,2.9085877435359e-05
"POLR3K",-0.498859325958348,2.91819017202093e-05
"STRIP2",-0.776421126431924,2.92025925875056e-05
"ATXN7L1",-0.609993909352629,2.92919377926174e-05
"APOBEC3G",-1.39580877191612,2.94218308571036e-05
"TBC1D15",0.480413717759986,2.95071068669504e-05
"IKBIP",0.463962617286046,2.96093483569783e-05
"EDC4",0.40250074452246,2.96427912171523e-05
"RNF19A",0.680216465011193,2.97060054785455e-05
"KMT5A",0.390956407287522,2.97758753175529e-05
"KLHL17",0.441246966884747,2.97878811808907e-05
"MYO6",0.497445691857125,2.97998075789173e-05
"PSMC3",-0.456807868059276,2.98146762904173e-05
"LINC01348",-0.962228109748189,2.98164680044244e-05
"FAM72C",0.704448792375561,2.98386098931682e-05
"POTEF",-1.25288884749586,2.98485058843271e-05
"DNAJC5",0.382437559131576,2.99614904140646e-05
"ENSG00000273329",-0.866684996182727,3.00285228901873e-05
"ANKRD54",0.37819917705456,3.00435736478002e-05
"TBC1D25",0.533732224873403,3.00865338487281e-05
"FXR2",0.387823477466353,3.01569858848109e-05
"CD276",0.512779950514796,3.02391751966196e-05
"CREBZF",0.539047761114868,3.04210114032242e-05
"LUC7L3",0.586192515368127,3.0451768023332e-05
"ZMYM2",0.419777512029766,3.04677054705342e-05
"STYXL1",-0.719207366643916,3.04874053540714e-05
"LBHD2",-1.99804615139383,3.06709974783103e-05
"CEP78",-0.433451007378348,3.07214509523011e-05
"WWP2",0.363035115569731,3.08127819984587e-05
"NDRG1",0.774825140971422,3.08213399399295e-05
"HNF1A",-0.31673700913164,3.08897890406951e-05
"TUT4",0.484397642757038,3.09985556897489e-05
"INO80D",0.41558819507859,3.10092418767814e-05
"CCDC57",-0.455704946093572,3.14192997286572e-05
"SLC2A4",-0.69847337564133,3.14649698756596e-05
"PER1",0.527723324398519,3.14717562805321e-05
"LINC02889",2.45241122058257,3.14795446401737e-05
"TENT2",0.515654187576295,3.15340893455016e-05
"MARF1",0.483964373820979,3.15378385614645e-05
"LCMT2",-0.723603842144705,3.16380106772243e-05
"CARHSP1",0.384918355827164,3.1642688564461e-05
"ARGLU1",0.403897010328592,3.1671981324988e-05
"MAST2",-0.332698768294312,3.17018376976644e-05
"POMK",0.591244000524669,3.17423975966611e-05
"PAN2",0.460027633686451,3.18312173177524e-05
"FAM120C",0.673498497636994,3.18630523193518e-05
"SPATA2L",-0.520130025376039,3.19077923080108e-05
"FHOD1",0.47975894351653,3.19370934494527e-05
"DEDD",0.383569316166904,3.19562438560692e-05
"ENSG00000271781",-1.5531913869937,3.20785329103169e-05
"PYCR1",-0.457150405384343,3.21851572335375e-05
"ABHD3",-0.45310658489013,3.23038611040164e-05
"BAIAP2L2",-0.65923813499146,3.24036609432968e-05
"EPB41L2",0.700315930080681,3.25820082837916e-05
"FURIN",0.485760112311822,3.26392002348432e-05
"CIT",0.592805594890567,3.2640777815634e-05
"GIGYF2",0.375585149911873,3.26677424594314e-05
"LOC105372705",-1.09202075227827,3.27163045168043e-05
"TMEM106B",0.416744541505094,3.27195560776537e-05
"LINC01820",1.81047320066726,3.27665218301362e-05
"ZMYND15",1.00481120602916,3.27749698959739e-05
"FAM3C",0.451693262699143,3.28035498120018e-05
"LOC729732",-1.12195401258641,3.28941994309149e-05
"ASTN2",-0.553079937785044,3.29998239571532e-05
"BPIFB6",1.96642502576692,3.3159504707586e-05
"DCUN1D4",-0.43772322848447,3.33891589831944e-05
"VMA12",-0.421740763046945,3.3393875865287e-05
"MANSC1",0.727843100629877,3.34187930618236e-05
"PGM3",0.394929216183328,3.34878838566802e-05
"ENSG00000274895",-1.07070697319004,3.37118043265753e-05
"PRRG1",0.578714357878362,3.37836877095796e-05
"URB2",-0.732364017614425,3.3819683004311e-05
"ENSG00000273154",0.909322210749048,3.38761970980897e-05
"VPS26B",0.397431756014279,3.39000208256655e-05
"CGRRF1",0.638038560709382,3.39541683484044e-05
"RBM12",-0.381760985219289,3.40327810647987e-05
"DERL1",0.474932901776202,3.41539212120343e-05
"PPFIA3",-0.483272159894027,3.41578504225729e-05
"KDM3A",0.386583877776313,3.42025126151017e-05
"TRIO",0.355112905547864,3.42233586071247e-05
"LINC01694",-0.90699697644537,3.4251846004984e-05
"OR1F1",3.07810942831688,3.43303387665033e-05
"ARL13B",-0.591673362205638,3.43580456305298e-05
"LOC102724428",-0.452399460488743,3.44073027804649e-05
"GSK3B",0.427428573375097,3.4410033392265e-05
"SNAPIN",-0.51528319333358,3.44613860345965e-05
"SLC44A5",0.594293742789872,3.46850093097129e-05
"DCPS",-0.409619938360397,3.48506300592042e-05
"BAG2",-0.607989637612414,3.48618459381969e-05
"ENSG00000299339",1.39264696049459,3.49145697668882e-05
"CPEB3",0.94055428452526,3.4956551258378e-05
"UMPS",-0.383893412134173,3.53444517129337e-05
"MRPL55",-0.454569427900584,3.53540204694471e-05
"RUVBL2",-0.371191149121922,3.5464450748274e-05
"POP4",-0.491796190629767,3.55075207682106e-05
"ENSG00000261613",-1.45148183801689,3.55476475130278e-05
"ADAT1",-0.468405537307962,3.55631203370763e-05
"ENSG00000294538",-1.58396871962847,3.5583903528646e-05
"PPM1K-DT",1.91482477992876,3.57691520304574e-05
"SRXN1",-0.500516570019522,3.57738492311092e-05
"GRAMD4",0.469200400227373,3.58445636644511e-05
"GABARAPL1",0.776108491499632,3.58760456714697e-05
"RBM23",-1.00054305307113,3.58909151434006e-05
"IQCC",-0.811918151244682,3.59912004234101e-05
"ELOVL2",0.366592386212881,3.61173484772072e-05
"BHMT",-0.994304533435099,3.62088951693925e-05
"BPHL",-0.442000919952558,3.62262441844811e-05
"TET2",0.597416163032858,3.62437585726793e-05
"DUSP8",-0.737156208105322,3.63579613342674e-05
"UNKL",-0.613684117739503,3.63729999827125e-05
"CCAR1",0.356691435841003,3.64416919368503e-05
"GTF2H3",-0.487027259540433,3.65174702700466e-05
"ENSG00000270344",1.21512592898432,3.66243237756638e-05
"SLC31A1",0.529203395911973,3.6626322170294e-05
"PCMT1",0.49544823846201,3.66407555266808e-05
"MED11",-0.524200830083161,3.67582970066841e-05
"CLPX",0.417170615905343,3.6833770387767e-05
"UBE2Z",0.47689284563104,3.70392759546655e-05
"C15orf62",1.8420576232813,3.71169812014465e-05
"ANKRD27",0.42944288181524,3.7145773734958e-05
"HM13",-0.496247386496476,3.71875568003842e-05
"WASF2",0.351064591720647,3.72347407296945e-05
"TNFRSF12A",-1.15019700898595,3.72472146050938e-05
"CHMP6",-0.483880375126744,3.72660405045426e-05
"SCAND1",-0.630687384246509,3.72846901494834e-05
"SIX5",0.527313368947206,3.73115208051171e-05
"STK11",0.368993013699211,3.74149425766428e-05
"DCAF11",0.388731362568444,3.74264063086658e-05
"TMEM219",0.309730381968852,3.74660606743977e-05
"USP22",0.384792314464737,3.76716116622259e-05
"BOLA3",-0.655201296544501,3.76835283824899e-05
"VAMP8",0.395400467319942,3.76931820519681e-05
"PROX1-AS1",-1.40848389974031,3.77083381007585e-05
"EIF2B3",-0.604073823244756,3.77138512814192e-05
"HSPD1",-0.468178201142148,3.77191234504813e-05
"TMEM165",0.415303652904397,3.77377345004078e-05
"BRD3OS",-0.725828800343195,3.77985694203112e-05
"CATSPER2P1",-0.987906617676572,3.78955855079832e-05
"NOP14",-0.451961368440772,3.79168947155241e-05
"SERPINI1",0.65755698596757,3.79716625742147e-05
"MAP3K9",0.502383883781037,3.80002585067754e-05
"EMX1",-0.693101857819815,3.81363430019115e-05
"NAA20",-0.447327739942774,3.8161056783436e-05
"ENSG00000261468",1.13928956016357,3.81885733842918e-05
"FAM78A",1.82202888901946,3.83686380619849e-05
"ADAP1",-0.542215360940326,3.84063107478612e-05
"TALDO1",-0.450260416781515,3.844474276573e-05
"RABAC1",0.436755884663535,3.84996098897616e-05
"ATF2",0.306537093983262,3.8621346515868e-05
"ENSG00000274460",0.673831984587656,3.87224945287403e-05
"CSF3R",-0.599657709846906,3.87977637496777e-05
"PSMD13",-0.369466438284612,3.8911700498734e-05
"MRPL20-AS1",-0.468027645205556,3.8957273187948e-05
"LINC02323",-0.952632479516592,3.89660543310744e-05
"SLC16A6",-2.32804023260363,3.91515989020459e-05
"ZNF324B",-1.02069775495418,3.91755195937114e-05
"ENSG00000286989",-1.36491127871295,3.92023879248351e-05
"ZNF608",1.23115274823872,3.93513126488325e-05
"ETNK1",0.434875019303942,3.93642058632291e-05
"ENSG00000289842",0.839110765007087,3.95113600825355e-05
"DNASE1",0.448195254103384,3.96534957600989e-05
"GOLGA8N",-1.33125261629185,3.97091584861222e-05
"EIF1B",-0.386810236013581,3.97114620362678e-05
"MLNR",-1.83595859659629,3.9843524553293e-05
"ENSG00000214106",0.605360975792425,3.98592162761229e-05
"TTL",-0.432040395128656,3.99122682168727e-05
"CNTROB",0.41425494872915,3.99331268573723e-05
"FGG",-0.601231904764936,4.00815660419879e-05
"MYO9A",0.534099343704402,4.00843693156569e-05
"EGR1",-1.23631555819214,4.03624882868851e-05
"SULT1C2",-0.889613388200736,4.03665661197504e-05
"PHTF2",0.603599245785148,4.05540344039684e-05
"ENSG00000272183",-1.04458317582104,4.05890368132902e-05
"TRPT1",-0.626289256946723,4.0650008708272e-05
"ZNF142",-0.41700082889431,4.06557503099743e-05
"SERINC5",0.626109015134715,4.06904610450039e-05
"LOC102723996",-1.14789271683089,4.07323149945137e-05
"IRF2",0.500170361250447,4.07387909213872e-05
"CYP2E1",2.3909915004559,4.08309832898609e-05
"ZNF620",-0.621488907938591,4.09164291239907e-05
"PCBD1",-0.407130741348131,4.09836820294557e-05
"ARHGAP11B",0.985982081327459,4.10024670354049e-05
"EZH1",0.458963624883499,4.10259898470394e-05
"TEX19",-1.531096012439,4.10293183972773e-05
"PAK1IP1",-0.619214994521609,4.10705692816508e-05
"PRDM11",-0.4904874305666,4.11619930417839e-05
"NCOR1",0.408529316333997,4.11701230677514e-05
"ENDOD1",-0.892049364881636,4.12268117354102e-05
"LOC100129534",-0.949208362596892,4.12318939760504e-05
"CTNND1",0.44992422192897,4.12483762487722e-05
"POLR1B",-0.358674944050629,4.12949019402369e-05
"MFSD2B",-2.96418401447286,4.13781441497924e-05
"CLCN3",0.539295851817469,4.15534251888807e-05
"BCAT2",-0.994172707550482,4.16208358510091e-05
"PHACTR4",0.408958009612069,4.17251893145426e-05
"CDC37",-0.507298947152345,4.17658877373547e-05
"ITPR1",0.474194052575638,4.18095276253582e-05
"RAB8B",0.598043883309893,4.19531806838279e-05
"C6orf47",-0.892645053380771,4.19770387622406e-05
"BLM",-0.515279903466376,4.19927565985244e-05
"ZFP90",-0.483007910799264,4.20072898938377e-05
"FAHD1",-0.553343419483148,4.21131939179733e-05
"RPL26L1-AS1",-1.33184746763928,4.22604214310986e-05
"LOC100652768",-2.13209189745772,4.23348065986968e-05
"C1orf220",0.686078071216442,4.23712594275453e-05
"NOL8",-0.436025765856256,4.24800775460817e-05
"LSM6",-0.434440608768973,4.25094538579193e-05
"MTM1",0.371308494545974,4.2548557034621e-05
"MRPL4",-0.37213594263106,4.25766714251578e-05
"TRABD",0.361961323107351,4.26543246155579e-05
"FBXL19",0.416548054563197,4.26678301336469e-05
"ARHGEF39",-0.531756357814282,4.26701462693153e-05
"SUPT5H",0.435703071642481,4.27221384093791e-05
"TNFRSF10B",0.51010849474631,4.27284300465492e-05
"TPRA1",0.418667815176978,4.2755921337567e-05
"ITCH",0.35557497628567,4.28099708779495e-05
"ZER1",0.53050770811247,4.28132987945556e-05
"CEP170B",-0.390756216701925,4.28501263276765e-05
"REXO5",-0.491517834848923,4.28502773789749e-05
"ZBTB11-AS1",-0.864558598084031,4.28572770208955e-05
"HAUS8",-0.479678806640716,4.28811931136316e-05
"SOD2-OT1",-0.846861042514415,4.29761057196207e-05
"METAP1D",-0.464955985484267,4.30597180954265e-05
"ZFP14",0.673267650202624,4.30631306046956e-05
"MTURN",0.677595334386977,4.31552924164351e-05
"LINC02532",1.36798407994114,4.31798399679071e-05
"ENSG00000273295",-1.24443371956135,4.32327573250423e-05
"CD99",0.320169147624255,4.32410524444437e-05
"KLF10",-0.552656591658996,4.32636622240243e-05
"SLC25A40",0.485241929196371,4.33245584443386e-05
"CLIP1",-0.399272919697592,4.33359917392878e-05
"SMAD3",0.412895594182475,4.34228954382444e-05
"TBC1D10C",0.947774288401969,4.35030412568449e-05
"ABCA11P",-0.935748630009116,4.35172947082409e-05
"ZPR1",-0.359583406153002,4.35277572475434e-05
"PREB",-0.587965172331569,4.36124949423869e-05
"DOCK4",0.461260702785656,4.36847505744942e-05
"CATSPER3",-1.6608673091507,4.37524381686518e-05
"ENSG00000287978",1.8449116219802,4.37685652108394e-05
"TMEM116",-0.574240082025533,4.37753392740166e-05
"ENSG00000236017",-0.875681359293495,4.37909024293976e-05
"ENSG00000292331",-0.875681359293495,4.37909024293976e-05
"GNL2",-0.431967195185414,4.38509025929339e-05
"ENSG00000267283",0.89357994546714,4.39838927224097e-05
"SHROOM2",0.598350533005679,4.42404540483671e-05
"PAICS",-0.551774922310141,4.42607555358624e-05
"KCTD3",0.344347136847849,4.43925169578643e-05
"ENSG00000307433",-1.01168680785293,4.45037972331858e-05
"BTD",0.554775988690947,4.45074112512087e-05
"MT1A",-1.346441001322,4.46798503963301e-05
"MIR34AHG",0.533693282418233,4.47894919616458e-05
"FAM72A",0.727874104120652,4.48704241264461e-05
"KDSR",0.498813739092681,4.49194969219305e-05
"NECTIN1",-0.656985658732396,4.50018357012149e-05
"PFKFB2",0.567117738094122,4.50052148401707e-05
"FBXO31",0.401835021552113,4.50760224665679e-05
"FGB",-0.509889117167095,4.51957651588663e-05
"SPTLC3",0.594979799745742,4.52177444842751e-05
"CNTNAP3",0.587354803231223,4.5233925713366e-05
"ENSG00000298593",2.24177582430854,4.53260373854831e-05
"RNF103",0.526158844935913,4.53393802248588e-05
"SH2D2A",-1.36404321426132,4.54896452305017e-05
"ZNF33A",0.34718776255447,4.55015366415514e-05
"ILRUN",0.529588695846736,4.57307355117753e-05
"KRCC1",-0.861415428771786,4.57933906846063e-05
"NUP85",-0.397291309167938,4.58309468773945e-05
"SNX30",0.634898157103297,4.58316520926227e-05
"INF2",-0.345171576686369,4.60909291339075e-05
"SALL4",0.876013391012016,4.61125823816873e-05
"UBXN8",-0.46186445599807,4.62636671399111e-05
"ACP2",-0.500274734927696,4.62780641264641e-05
"ANKRD1",-1.03166071746877,4.63065504023627e-05
"POGZ",0.453124878366395,4.64761476394688e-05
"GEMIN6",-0.485024153780562,4.65670085932652e-05
"SOX13",-0.387497330152412,4.68278181548482e-05
"GDAP2",0.37292840227059,4.68371761933248e-05
"FOCAD",-0.525788532492666,4.68986754675312e-05
"SPC25",0.438973223089962,4.69102847980881e-05
"LINC01558",0.641043298773503,4.70045583734145e-05
"PNISR",0.492851130287737,4.70443002734345e-05
"CTDSP2",0.446192960700373,4.70458353680869e-05
"DNPEP",-0.433137178177,4.71083205959468e-05
"GMFB",0.372816581562669,4.7168295888445e-05
"EXO5",-0.492030372105679,4.7403489958001e-05
"ZFYVE16",0.37280043106143,4.74512193024068e-05
"RAB27A",-0.736298658091745,4.74790796604945e-05
"ZNF367",-0.562548595161338,4.77703654686557e-05
"WDR31",-1.12928907230169,4.77881194087136e-05
"WAC",0.360376034599447,4.78969691584733e-05
"AGK",-0.338311337128494,4.81992592752619e-05
"G6PD",-0.5040259165913,4.82984278141562e-05
"ENSG00000306813",-1.10289695557424,4.83381896430361e-05
"RHOT2",-0.442087284059814,4.83562268738969e-05
"PTPN4",0.451195153410973,4.83932935981683e-05
"YOD1",0.521727454607097,4.84204354656645e-05
"GALNT1",0.42860542715251,4.8426331776266e-05
"FOXN3",0.516746029232924,4.84763266874964e-05
"ACTMAP",-0.372013185652792,4.8561277739801e-05
"ARFGAP2",0.361276725466585,4.86096043192812e-05
"FNIP1",0.441414090437628,4.86781258663752e-05
"BNIP3L",0.785829597698547,4.87389400983095e-05
"RAB5IF",-0.440901571130717,4.88030079280481e-05
"GHDC",-0.396127027220148,4.88906686841008e-05
"KDM4C",0.455107774933354,4.90113264690181e-05
"KRIT1",0.405444234334907,4.92588244912797e-05
"CYP4V2",-0.467143994828617,4.94158217032895e-05
"BYSL",-0.488799276451536,4.94593119437067e-05
"CAPN3",-0.814621129508877,4.9614585979679e-05
"SLC25A14",0.475862505568105,4.96992127663368e-05
"RMND5A",0.424525874193483,4.97307286532754e-05
"USP34",0.368394995565068,4.98655050869016e-05
"ENSG00000290199",-1.47021151671123,5.01967823664632e-05
"FEN1",-0.427301689035585,5.05221536639013e-05
"EMD",-0.455824087338097,5.06494262783924e-05
"WDR25",-0.835789248525019,5.06497701887708e-05
"SQSTM1",-0.608294517995248,5.06539369639526e-05
"ZBTB34",0.444858118506751,5.06819625691588e-05
"PICALM",0.374439740817971,5.07111802809712e-05
"FAM168B",0.383930856329779,5.07984992027007e-05
"SHMT1",-0.354259241085247,5.10382778751258e-05
"RELA",0.4119930915367,5.11304989333158e-05
"MRPL28",-0.480978431621251,5.11632954776022e-05
"FBXL18",0.539941596242457,5.11756813736599e-05
"GATA6",0.978672903671777,5.13604450042568e-05
"LINC00910",-0.46623577805118,5.14691086411842e-05
"PI4KB",0.483939566311572,5.15367540900367e-05
"MTRES1",-0.731354421687226,5.1603823297471e-05
"SETD5",0.390119738943541,5.16523919958025e-05
"FTCDNL1",-0.952452088562817,5.1668141916157e-05
"NAIF1",0.851689701745372,5.19259515739691e-05
"ANO6",0.595953875537067,5.19515066212597e-05
"SNRNP40",-0.429164486028671,5.20277555380898e-05
"ETV4",0.520435431366054,5.22290703298187e-05
"TMTC1",-0.952352392610706,5.24377832142638e-05
"ARID4B",0.364820220069905,5.24547114008844e-05
"CYP2W1",-0.663083458787673,5.25241600400635e-05
"SPINDOC",-0.434343058220844,5.2672853411205e-05
"DERA",-0.544973781261263,5.26950384747876e-05
"PNPLA8",0.617802769395439,5.28937488860772e-05
"ENSG00000215110",-1.33978088756699,5.29474059535796e-05
"FAM234B",0.584305880055435,5.31023203606371e-05
"CHPT1",0.419329165760211,5.31045805588753e-05
"COG5",0.364556844296884,5.33109061781954e-05
"ZFYVE27",0.440125534525026,5.34825849162721e-05
"IRAK1",-0.529374626348094,5.35213478705126e-05
"DCAF12",0.419935186146691,5.36602284798547e-05
"HNF1B",0.633323213847426,5.38111913114572e-05
"FRG1HP",0.4226972025822,5.38382363710404e-05
"PRKACA",-0.467783417808835,5.38730746930793e-05
"CERT1",0.531054973520516,5.39119245459499e-05
"HSP90AB1",-0.589516281343448,5.41468468989388e-05
"GOLGA4-AS1",-1.03371769320703,5.42256159010865e-05
"GPR107",0.386430289379153,5.4329581574944e-05
"PLAU",1.38994930063332,5.43566876165683e-05
"CENPM",-0.606909398543439,5.46735974486089e-05
"PIM3",0.422948430208706,5.47687839862867e-05
"HOXC9",0.650614187078055,5.48543442695734e-05
"ATP6V1C1",0.422559819459246,5.5122732801246e-05
"CUEDC2",-0.465314608157788,5.513362954563e-05
"ZBTB18",0.623842437495181,5.51463040346477e-05
"CNOT10",-0.403691384616461,5.55399254233413e-05
"EIF4A1",-0.521373594120424,5.56444994680465e-05
"AEBP1",1.32424025788681,5.56980915668431e-05
"HMGA1",-0.767952028357896,5.58376702183099e-05
"MAP7D2",-0.509346458472125,5.59578979268436e-05
"PSMB8",-0.359464984632645,5.61776205978174e-05
"ARHGAP35",0.380252292673544,5.62186726347463e-05
"MECP2",0.392370213399129,5.62643873328163e-05
"ENSG00000265254",-1.27771738887779,5.63113999123549e-05
"UBAC2",0.39220649982792,5.63772083688362e-05
"KCTD10",0.430438435341852,5.64508535548411e-05
"HOXD3",1.98615859106709,5.66662749966354e-05
"SGPL1",0.349321219871542,5.67268170421628e-05
"RMDN1",-0.412559853743932,5.6748510911357e-05
"NAGS",-0.890905722358657,5.68672341430411e-05
"HAUS6",-0.346352363943165,5.69809047692333e-05
"MYO9B",0.5289213185298,5.70766903230945e-05
"CRB3",-0.586726250761729,5.71596835164609e-05
"PEG3",0.485767768878499,5.7331403620699e-05
"PIERCE1",-0.763903578040671,5.75803666759747e-05
"SYS1",0.397881181252995,5.7635760309008e-05
"PHC3",0.409248894560563,5.76897778903075e-05
"ENSG00000237390",1.7272152782876,5.76971018486892e-05
"RGPD4",1.07732897094715,5.78016057718851e-05
"PGRMC1",0.4216866321231,5.78357651405722e-05
"TNS2-AS1",-1.36544905478903,5.78925633823418e-05
"MRPS12",-0.58998531171935,5.7999137713036e-05
"FAM91A1",0.351432424677075,5.80653239088182e-05
"PPP3CB",-0.495704547993476,5.80876823608334e-05
"ENSG00000308230",1.70212078106559,5.81142231621961e-05
"FEM1A",-0.475079231933648,5.81631694865761e-05
"NEK3",0.727414818197302,5.81680249754202e-05
"LCP1",1.1088598069182,5.8193925721204e-05
"HMBOX1",0.480100905700258,5.82699438201526e-05
"ACSS3",0.32504487640977,5.84464899017591e-05
"ABL1",-0.320357353735727,5.90925535347766e-05
"HNRNPH3",0.367203106260712,5.91117546626545e-05
"HERC6",-1.41145869400916,5.93403953472562e-05
"IGHMBP2",0.397987192164386,5.94085587145417e-05
"COQ4",-0.33713868139082,5.94909169822713e-05
"KCTD7",0.47365998719933,5.95841645559586e-05
"EIF2B1",-0.343317770300168,5.96021736821288e-05
"CFAP119",-0.803460720549003,5.96349587863952e-05
"PHF10",0.343363019013852,5.98781545705823e-05
"ENSG00000297787",1.24926855646528,5.99239058492425e-05
"ENSG00000303016",0.851691861568844,6.00237355800624e-05
"ABHD4",0.401641185198285,6.00705765051256e-05
"MMGT1",0.608421186216026,6.03376449510729e-05
"NYAP1",1.07176506724913,6.03575468417003e-05
"FBXO3",0.477158777111223,6.03708303808199e-05
"MUL1",0.555909480029409,6.03783153244604e-05
"BTN2A1",0.421623263001966,6.04552488445477e-05
"PRR36",0.761419531359358,6.04660769686811e-05
"KDM4A",0.411143566008536,6.05647722514497e-05
"NEK8",0.596921467315161,6.05670939242864e-05
"GFUS",-0.423557690181919,6.05889816931217e-05
"ING2",-0.579769343880132,6.06019037640525e-05
"MKLN1-AS",0.811094892043649,6.07199741136737e-05
"TGFBR2",0.664850302398128,6.09039889072112e-05
"NSMCE4A",-0.323405983242844,6.09412391226627e-05
"HSD17B12",0.467712208761745,6.11148465349478e-05
"TNFRSF6B",-3.57550466692072,6.13048836457112e-05
"CMTR2",0.505666753270538,6.14228072780967e-05
"NEO1",0.492506569542695,6.19811012128227e-05
"MVD",0.544500695167999,6.19886676397257e-05
"ZCCHC24",0.57564624979133,6.19966582438594e-05
"ENSG00000279207",0.705179911391806,6.21637182183265e-05
"ENSG00000254363",1.50936452111615,6.23176537298489e-05
"BMPR1A",0.424679953873598,6.24043288609636e-05
"MCFD2",0.400211219010138,6.25314928730972e-05
"NPDC1",-0.720383484842161,6.25422164971519e-05
"TNKS1BP1",-0.414532637601292,6.25735575897576e-05
"ZSWIM8",0.501798782159658,6.2749357738061e-05
"PRRG4",0.724658002442081,6.27725537542637e-05
"TMEM60",0.579878377581432,6.27922632926707e-05
"USP32",0.363519492214281,6.28251019230994e-05
"RRP8",-0.422046630495653,6.28826889918631e-05
"CPLANE1",0.537157956181037,6.3074722246367e-05
"PEX16",-0.512888580794132,6.32189722666589e-05
"PNKD",-0.37437881054545,6.32476144532588e-05
"RNF43",0.377082034399798,6.32964172224329e-05
"EXOC2",0.445863847629065,6.33442652602294e-05
"RWDD4",-0.422070880439315,6.33979459455417e-05
"ARPC5L",-0.401507483411965,6.3544888325323e-05
"ZNF276",0.407090325828628,6.35562927728748e-05
"CCNP",0.667635923006205,6.36272519060183e-05
"FBXO9",0.371684849507258,6.36678948125413e-05
"VCF2",-0.762269219140477,6.36922232942936e-05
"DENND5A",0.361678907322232,6.37392260781759e-05
"DNAJC18",0.748127063692107,6.3914943789043e-05
"CDK1",0.420918935751265,6.41986277623066e-05
"DCXR",-0.380089010905565,6.42126996573473e-05
"ST3GAL3",-0.691431325797504,6.42174779743323e-05
"SQLE",0.485830159127828,6.42253246459715e-05
"TMEM25",0.585498315840724,6.42497682819295e-05
"TIA1",0.449288246646126,6.43249175696328e-05
"ENSG00000295453",0.916384777105305,6.44633458301391e-05
"CIAO2B",-0.400852405706607,6.45053311071903e-05
"GAS5",-0.460947509815718,6.45482942334083e-05
"TMEM161A",-0.524107893504201,6.50036761057176e-05
"DYRK1A",0.323350307649271,6.51240182806513e-05
"EIF2S3",-0.357853664316652,6.560998545841e-05
"ENSG00000272692",0.839650198435089,6.56189116378677e-05
"PEX5",0.335708834315535,6.57907491592519e-05
"DENND2B",-0.425997593586524,6.5848546253331e-05
"RDH11",0.501600501994045,6.59733906037032e-05
"TMEM144",-0.399809217677124,6.64421280049696e-05
"CSTB",-0.659708771428292,6.65488651405556e-05
"EFNA2",-0.663873987527438,6.65911989605229e-05
"ABHD14A",-0.444502058978801,6.66005698583319e-05
"MYD88",-0.424763624144093,6.6624720896927e-05
"ENSG00000296884",-1.01815390372486,6.66254620479065e-05
"EIF2A",0.362467702443373,6.67852489824789e-05
"FLVCR1",0.508252285797676,6.68561998950284e-05
"PLD1",0.727282110580742,6.68710513818022e-05
"MTCL2",0.463772416191337,6.6940114994097e-05
"STRIP1",0.458098821166644,6.69793545032337e-05
"ABCC4",-1.23013325526551,6.70532117037334e-05
"PC",0.409651340395963,6.70896036027691e-05
"YJU2B",-0.391660591816325,6.73527088403119e-05
"TMEM45A",0.638716808116515,6.73645919333217e-05
"CENPS",-0.75477408820728,6.73913216466354e-05
"PLXNB2",0.634739699166568,6.74345812104531e-05
"SMN1",-0.50312577765837,6.74378494782099e-05
"POU2F1",0.37739238036628,6.75483777788144e-05
"MRPL11",-0.383809923465454,6.77131733586999e-05
"KAZN",0.481997997133786,6.79100228648389e-05
"CNIH4",0.494481139068275,6.79602951005187e-05
"ENSG00000303136",1.28268560108514,6.8274974454434e-05
"KLHDC10",0.383817298562083,6.84283481486513e-05
"SELENOW",-0.505014849611395,6.86446519560854e-05
"LYPLAL1",-0.739787109368623,6.86584607377757e-05
"TMPRSS2",1.33736914233184,6.87975319403431e-05
"MSANTD7",-0.410330907442981,6.88460130772248e-05
"INPP5B",0.45884231616133,6.88757551264252e-05
"SCAMP2",0.431747635737293,6.88897915480432e-05
"SAP30L",0.513699966241935,6.91932012155182e-05
"GPT2",0.503468937499083,6.92320793039132e-05
"UBE2Q2",0.537705727819675,6.93645765977012e-05
"FLCN",0.580091140226925,6.94720098432048e-05
"NXT1",-0.578766291607406,6.96147393909357e-05
"CASP6",-0.445665882952452,6.97858508839301e-05
"CLASRP",0.614167193345996,6.98357560016191e-05
"AGTRAP",-0.460154730811026,6.98388448311237e-05
"SAMD9",0.808639832695256,6.98554261934286e-05
"KDM5A",0.384820908236648,6.99373587611252e-05
"RABL2B",-0.422995887944875,7.00267535877614e-05
"ENSG00000235280",-0.962812948677095,7.00922932275387e-05
"ENSG00000273047",-0.867117189622005,7.0101979835111e-05
"PLSCR1",-0.440046872940409,7.03093622321462e-05
"CLIC4",0.374471186747164,7.0370862025105e-05
"NDUFB2",-0.410000884958862,7.03937708933238e-05
"CCNDBP1",0.60338947934035,7.06430438206016e-05
"SDHAF3",-0.539948660210364,7.07547000886012e-05
"ENSG00000289372",-0.861344502739697,7.08038872056724e-05
"TM9SF3",0.449651600728008,7.10129925589799e-05
"STAG2",0.340989232893704,7.10741018270668e-05
"PPFIBP1",0.425113090596942,7.11099901525966e-05
"ENSG00000254635",-0.640627524283025,7.11627820064978e-05
"EFHD2",-0.614135138681067,7.12707276411704e-05
"FMO5",0.741871317082818,7.13269092655791e-05
"PSME3",-0.39578418530526,7.15006144415613e-05
"MED19",0.485342253609226,7.18952669574625e-05
"DMXL1",0.414756275150535,7.19705727169377e-05
"NAA80",-0.629422031572269,7.22961147830488e-05
"ENSG00000251131",1.89761681407433,7.23459169720025e-05
"ERN1",0.438202654841807,7.24424389948375e-05
"MDM2",0.551708324734507,7.25591122117954e-05
"SEC23B",-0.541831052926029,7.26817632863625e-05
"DHCR7-DT",0.996806900510081,7.27000063858512e-05
"USP46-DT",-1.5595656692798,7.27647999342613e-05
"ENSG00000280063",-0.707429470595295,7.2765564728597e-05
"LOC100130691",-0.450104853520776,7.27741293850154e-05
"KREMEN2",-1.45999399686666,7.28272235888524e-05
"UNC45A",0.320777260439574,7.28567594350628e-05
"CNPY2",-0.387826518177183,7.28569952630309e-05
"PARS2",-0.684610777389573,7.31604450927722e-05
"SAMTOR",0.830698376531691,7.31830064291681e-05
"MICB",0.438993897116,7.33208578859164e-05
"WASH3P",0.478913690322306,7.33574542161112e-05
"GEMIN4",-0.534776327972523,7.38607153124377e-05
"MAPK7",-0.401057852923401,7.38735559450199e-05
"LRRC17",1.5961553347193,7.41005655313496e-05
"CIDEB",-0.601015681974084,7.41489505671225e-05
"SMURF2",0.3438593405571,7.41898328412149e-05
"ZBTB9",-0.494356230101961,7.46866820855606e-05
"ENSG00000289402",0.737621985383184,7.50318847328931e-05
"MROH1",0.468155581259342,7.50434651948852e-05
"HMG20B",0.428788239899879,7.50861075464736e-05
"LSM10",-0.450332784827399,7.53852367577729e-05
"MVB12A",-0.426634373483603,7.53867268020798e-05
"TRAM2",0.358481577640978,7.55942487073859e-05
"POLR3C",-0.435608220693688,7.56124718673674e-05
"ENSG00000272501",0.604552297948546,7.56360681755696e-05
"LOC389602",0.630762576786883,7.57956724105612e-05
"ANKRD20A5P",-0.909459636471413,7.58171110924273e-05
"MMAB",-0.483515911663994,7.5841154251139e-05
"REXO1",0.382591909486569,7.58619252193101e-05
"FBLN5",0.656678138202903,7.61079335916863e-05
"ATP1B1",0.537340478839133,7.62546297584937e-05
"SLC30A10",-0.739839089502201,7.66377197680775e-05
"LINC00907",-0.579500183780056,7.66554246960057e-05
"HOOK3",0.391808457560842,7.70095833470255e-05
"GOLGA2P5",-0.484887632087188,7.70260398586317e-05
"HPF1",-0.62705205429447,7.70731840096051e-05
"SENP3",-0.328244754822287,7.72552485912482e-05
"PHF23",-0.403250271006675,7.73371140277408e-05
"CLSTN1",0.497312523184671,7.73888953379248e-05
"BAK1",0.432727217637062,7.74035610791624e-05
"MFSD12",-0.371031405540255,7.74953690570581e-05
"GSTA1",-1.00325786788062,7.78608288724187e-05
"NUCKS1",-0.335479467411466,7.80416536726466e-05
"POLD3",-0.542632412071069,7.81017801387772e-05
"PYCARD",-1.34585922733231,7.81402688644826e-05
"C12orf43",-0.408873353504799,7.83234004298031e-05
"CLDND1",0.328609433497049,7.83550940831942e-05
"L3HYPDH",-0.576666186869528,7.83653087924682e-05
"AKAP8L",0.530266785597134,7.87204824805612e-05
"METTL26",-0.407035289910307,7.87823654471667e-05
"MND1",-0.483551892480343,7.9026569369317e-05
"RHOBTB3",0.33620911675858,7.94811540991553e-05
"CGAS",-1.77421483272451,7.98453430374036e-05
"KCND1",1.01198870996482,7.98795733402296e-05
"ZNF786",-0.484178515141466,8.00089464330842e-05
"DNPH1",-0.505591788650643,8.00950079580895e-05
"WTIP",-1.03734789467399,8.02226382329496e-05
"CCDC167",-0.408901543960764,8.04244496099491e-05
"CCPG1",0.56521976940036,8.05596904903064e-05
"CEMIP2",0.741654473067583,8.06990044481393e-05
"NEURL2",-0.723498673425075,8.10501798664569e-05
"ENSG00000232931",-0.839126393402757,8.10504793083359e-05
"SMG1P5",-0.505121079849405,8.11366985388677e-05
"ENSG00000267030",-1.64497684628403,8.13068652497298e-05
"RTN3",0.393344266464824,8.17545045088269e-05
"CMPK2",-1.72797534313266,8.19051824351355e-05
"ASAH2",1.23406863927395,8.1956561870463e-05
"LPCAT1",0.436769535705093,8.19652677105193e-05
"ENSG00000262772",-0.958219054998622,8.20962768536021e-05
"PRMT2",0.377532144343913,8.22567829721768e-05
"ENSG00000186301",-0.53483881963042,8.22848446030295e-05
"ASB1",0.357747344695375,8.2287678362934e-05
"VAMP4",0.858107603238456,8.23563176880154e-05
"EIF2AK3",0.458233006794973,8.24353894903665e-05
"GPCPD1",-0.644734932641809,8.25113358628837e-05
"MICU1",0.404845572189025,8.26159166162517e-05
"TRIM47",-0.417751616152322,8.26760734871085e-05
"PATJ",0.508477193504469,8.29214147466911e-05
"PSMD12",-0.375891419759342,8.30857931644212e-05
"PLPP6",-0.403818376137303,8.31375420678275e-05
"TBC1D8B",0.445188131814973,8.31386270506481e-05
"IFNGR2",0.409800467540738,8.33606827872435e-05
"LOC124905564",-0.549046897424786,8.34124149631866e-05
"DYSF",0.956504373769135,8.3761814456744e-05
"ITFG1",0.3724645148431,8.37645011044059e-05
"OVCA2",-0.697036537733414,8.41549402650769e-05
"ORAI2",-0.522870860652762,8.44674849077657e-05
"FILIP1L",1.77403903845366,8.45077588665852e-05
"SNF8",-0.418436641823134,8.4571538243062e-05
"SMPD4BP",-0.414086338081024,8.47173363376761e-05
"MAP3K10",0.471471385867618,8.47607523520846e-05
"ANKH",0.374598386076507,8.48409313217156e-05
"ENSG00000260816",-1.17748873846946,8.49189287546155e-05
"ENSG00000288885",-0.834960559344648,8.51022115704978e-05
"TAX1BP1",0.502957889013483,8.51356279582402e-05
"RASL10B",-0.413434003494657,8.53376722749155e-05
"SORBS2",0.47656497391002,8.55987433028507e-05
"RRP36",-0.429188507729555,8.5742900395919e-05
"PTPRS",-0.362480339595407,8.58562036888338e-05
"PSMC4",-0.431800427106383,8.59943396891708e-05
"NBPF12",0.496968970741578,8.60026128789713e-05
"POLB",-0.45857888979468,8.6172554358061e-05
"TSPYL2",-0.41278911084032,8.64426805612758e-05
"PRPS1",-0.404240383055834,8.65812113595097e-05
"GLS",0.41641702893534,8.66215462918631e-05
"PLIN1",-1.72343596969934,8.67334526807546e-05
"ENSG00000281332",0.851058394533725,8.67998324496658e-05
"PBK",0.47797790519835,8.70032135293979e-05
"PEX14",0.376972584406033,8.70199442965251e-05
"MALT1",0.345582992234219,8.72809227114443e-05
"SIX4",0.465737171294943,8.73143713954433e-05
"DNLZ",-0.891589347356071,8.73398034590065e-05
"PSMD11",-0.327727193828241,8.74480320733713e-05
"EPM2A",0.484433961820126,8.77897526300875e-05
"HOMER1",0.457768599060984,8.78339457199227e-05
"ENSG00000305936",-1.43855354554546,8.78849128673465e-05
"TRIQK",0.657289019169271,8.81480463325818e-05
"CTRL",-1.36782855788782,8.81885172098749e-05
"MED13L",0.372845212648438,8.82278604403045e-05
"TANGO6",-0.546242396742245,8.82620293538428e-05
"ADD3",0.329789118902883,8.8359449039167e-05
"RNF185",0.381482396919642,8.8422081797455e-05
"TSC2",0.500887531876943,8.84975917426205e-05
"LENG1",-0.566247193927521,8.85105178017698e-05
"PTTG1IP",0.535808437290303,8.88885862692901e-05
"PLPP3",0.750997568196545,8.90206226092185e-05
"ORC2",0.488472204436841,8.90914746719222e-05
"SDHAF4",-0.706571962472824,8.91834631296886e-05
"LIN37",-0.485142424599483,8.91868233255374e-05
"ENSG00000293192",-0.929025074046652,8.93974786794933e-05
"KHK",-0.507915308304186,8.94153381812777e-05
"DCLRE1B",-0.48006700439162,8.94313077142018e-05
"LUC7L2",0.47812689461453,8.94910854191331e-05
"IFITM3",-0.776816821864489,8.96742849215486e-05
"GGCT",-0.398504289792252,9.03455186552073e-05
"CCDC82",0.36805044375008,9.04145409520398e-05
"TSR2",0.323351347201081,9.04937877857274e-05
"PAGR1",-0.593038537057331,9.07506088766403e-05
"PNO1",-0.601829578627559,9.10211710772106e-05
"TSPAN17",0.554191232049536,9.11946215986934e-05
"ZNF322",0.507392257138669,9.1509584113516e-05
"NABP2",-0.456492512103728,9.15114982796495e-05
"ZDHHC3",0.353036885546154,9.1788881876307e-05
"CHKB-DT",-0.863160003162234,9.19278888134579e-05
"SEC24C",0.342425870681711,9.21443978282007e-05
"PRR5",-0.610236631603164,9.2607984052224e-05
"PRPF18",0.481512567009089,9.31976468924156e-05
"ZNF429",-0.635333813740215,9.3250188185727e-05
"THOC7",-0.584558579738181,9.34871490168458e-05
"ENSG00000280106",0.834533809103756,9.35713257249759e-05
"TBCB",-0.381875498133307,9.36012852388117e-05
"EIF1AX",-0.320985068651259,9.37609405196519e-05
"TRAPPC6B",0.312779271933672,9.404526576391e-05
"ZNF865",-0.399755308752803,9.43629003273898e-05
"ACOX2",-0.415501045693065,9.43684335340909e-05
"S100A4",1.82568339035065,9.45279092319622e-05
"DNMT3A",-0.321729167563547,9.4560156816162e-05
"ENSG00000255121",-1.40729216613535,9.4756286475179e-05
"NOP58",-0.369066762408857,9.4802937821984e-05
"DDT",-0.3289326067618,9.49614981065946e-05
"IRF5",0.915714200821732,9.50336188195478e-05
"LINC02997",2.21993533064426,9.51775801799398e-05
"PGM1",0.609212487061638,9.52446578115415e-05
"B4GALT5",0.535597657169589,9.56663612965062e-05
"NMT1",0.335014457862026,9.62314999484363e-05
"ENSG00000274653",-2.33757097255947,9.62509847869517e-05
"GATC",-0.345638664495298,9.6325856533175e-05
"SLC30A7",0.421170437225915,9.66026871459171e-05
"JAK1",0.397981242109301,9.70086613412559e-05
"NDUFB10",-0.458564763526689,9.71959984676274e-05
"ZFC3H1",0.422862041566624,9.7225232892762e-05
"CCDC68",0.665684723471527,9.72470296852902e-05
"VARS2",0.412825090487354,9.7353764805183e-05
"ISM1",-2.45930259201424,9.76406863178592e-05
"SPATA13",-0.42588707514209,9.76738098298951e-05
"MXRA8",0.524404559461644,9.82733538634284e-05
"ZCCHC9",-0.368666592248131,9.85224151923655e-05
"CHST12",0.389648963768887,9.88994611121884e-05
"LOC102724220",-2.16600947473615,9.92738803472871e-05
"MRPS17",-0.400572867729005,9.92805062091686e-05
"GPLD1",0.433588531576314,9.94191336162182e-05
"ENPP7",-1.0617681045378,9.94317195948095e-05
"RPP21",-0.403276730264446,9.94680246480088e-05
"PAFAH1B2",0.371908531926409,9.98625602013789e-05
"GGT7",0.449140570431844,9.98658517663064e-05
"ATRN",0.436725910843942,9.99380742363487e-05
"ATP10A",0.945291624556016,0.000100112891534431
"SENP2",0.383826332014205,0.000100354757495072
"LOC112268198",-0.565116939855541,0.000100589332769962
"FOXRED2",-0.580345789741364,0.000100937755109175
"GCA",-0.320388652821507,0.000100987048269044
"FAM210B",-0.323763092144036,0.000101347970687938
"MAEA",0.327748201712421,0.000101424245662794
"CASP1",-1.69164569753359,0.000101469250010571
"NAGK",-0.364378065532766,0.000101480390617969
"PGPEP1",0.372426895194612,0.00010159129257898
"B3GNT2",0.501397448487366,0.000101738481709633
"GRPEL1",-0.460948561768787,0.000101853994922339
"RC3H1",0.377799749220749,0.000102135995337801
"RNASE4",0.406210677728828,0.000102567259175837
"SUPT16H",-0.320752710864124,0.000102593120040653
"CNNM1",0.640729059116848,0.000102628474427135
"KARS1",-0.517479567927468,0.00010269084133792
"DDX42",-0.307629567659105,0.000102723347960223
"ENSG00000261094",0.591349791631361,0.000102860265607237
"USP35",0.432780878228218,0.000103058353882727
"ZDHHC2",0.446197155621905,0.000103102943757211
"EP300",0.398954356257618,0.0001035400706028
"BAHCC1",0.699728461295229,0.000103607255725183
"PGAP1",0.711102599007814,0.000103787847833979
"RPAP1",-0.350550854989034,0.000103851528060615
"MC1R",0.547787419009347,0.00010398577873388
"PARP16",0.645536743630595,0.000104059299452964
"HDDC2",-0.548068505753188,0.000104101741640528
"DLG5",0.358340822601148,0.000104327359091
"FAM83G",-0.372793148603537,0.000104418164347608
"CBY1",-0.54907207220474,0.000104664310759962
"PTPN23",0.358334409427619,0.000104675962707266
"NF2",0.338763518369059,0.000104813028498517
"SYMPK",-0.315513018054351,0.000104877992294037
"PIGP",-0.715122256291578,0.000104967745737949
"BCL2L12",-0.369954708941426,0.00010508904249643
"LOC100506207",-0.487097612682299,0.00010519796987431
"ALDH6A1",-0.61537119846843,0.000105631706730891
"SLC35F5",0.377619476783586,0.000105812324357212
"SAR1B",0.392440909888635,0.000106103895262028
"PLPP5",-0.373452551274006,0.000106139376336994
"CYP19A1",-0.739408411778725,0.000106292067990325
"PRR3",-0.395271863199521,0.00010635500798248
"GALNT6",2.40985452592409,0.000106682664131957
"MAX",0.475738156388051,0.000106893338299555
"ENSG00000287808",-1.34664793848645,0.000106923186415431
"ANKRD17-DT",-0.799649779928155,0.000107067782129602
"TMCO6",-0.493904015431481,0.000107163137882358
"SLC26A6",0.471128068203969,0.000107257019331348
"UNC50",0.389293049470776,0.000107332648554877
"MRPL58",-0.778512301793161,0.000107338115010858
"GTF2H5",-0.423962691902412,0.000107432950092495
"ABCB4",0.469869447802939,0.000108531824820922
"RNF207",-0.530035311938697,0.000108679851782236
"LUCAT1",-1.31852029730723,0.000108828753561177
"GPAT4",0.360154025601067,0.000109112308495443
"STXBP3",0.402514755145114,0.00010911282059813
"C17orf58",-0.540172227941241,0.000109198578305986
"ENSG00000228043",-0.937332698240936,0.000109309905079139
"MCTP2",0.504051609435557,0.000109424867607078
"LIMD2",-0.990623503493845,0.000109479805348097
"ANKRD13A",0.408094993950094,0.000109560493888537
"HNF4A",-0.329376655141052,0.000109701568753781
"ENPP1",0.680098518297162,0.000109823374384819
"ENSG00000296951",1.44539719440617,0.000109993230710658
"ZDHHC23",-0.63449248651787,0.000110053578435868
"ADIPOR1",0.379222386873244,0.000110162297474024
"ENSG00000273066",0.638275619006667,0.000110214097729522
"FRMD3",0.530361518555649,0.000110317323003683
"SRRM2",0.496283262341452,0.000112202516923774
"ATP5MF",-0.466993782920504,0.000112816767247915
"HNRNPLL",0.372381223889161,0.000113169703124664
"FAHD2B",-0.665379025944234,0.000113194530236353
"BAG1",-0.513072941338237,0.000113613478211714
"RIOK1",-0.436622995599598,0.000113646094414883
"SPEF2",-0.670560210115894,0.000113696250518003
"ANKFY1",0.324899286202028,0.000113726593097181
"ITGA10",1.93645930433682,0.000113764759878335
"CAD",-0.345257954775872,0.000113769774982087
"ATRIP",-0.772510083990996,0.000113775702768212
"PDPR",0.401070492379875,0.000113821086026244
"ENSG00000128692",-1.33181087965301,0.000114095157646052
"ASAH2B",0.568294106704514,0.000114669344171313
"CTSLP2",-1.67588685099838,0.000115071143691373
"TET1",0.441804113631273,0.000115274791762313
"MPP7",0.572029721636822,0.000115444198694667
"ARRDC1-AS1",-0.418931647802267,0.000115558297154805
"ZDHHC9",0.365920377073161,0.000115646057563343
"SOD1",-0.544996272939125,0.000115650841897153
"VARS1",-0.414091234606506,0.000115675605721964
"HAUS7",-0.446981384895504,0.000115712094835887
"FBXO8",0.605312450287733,0.000116296326759112
"SPATA21",-1.13330552123285,0.000116427282733187
"ENSG00000290548",0.640600493732314,0.000116533738903281
"ATG4D",0.436697516844014,0.00011666277585846
"RNF38",0.390863428246298,0.000117086641165195
"KCP",-0.81664982046248,0.000117176924863524
"OPA3",0.342517378024092,0.000117284737820125
"NUDCD2",0.452771209949579,0.000117562181269983
"MICALL1",0.546355510268765,0.000117683010923235
"ENSG00000262049",-0.393493174070558,0.000117878604193728
"TRPM7",0.433552846602813,0.000118468767723533
"MBNL1",0.392277709388371,0.000119001796421933
"PRKAA2",0.393922122127954,0.000119120927852342
"MAML1",0.374598692289815,0.000119708344813985
"BZW2",-0.516821550892291,0.000119821293369404
"SATB2-AS1",0.750869873994494,0.000119965583472757
"GTPBP2",-0.337903229658584,0.000120001462411563
"UCHL1",-4.11529541604321,0.000120312555848424
"METTL6",-0.46415883885777,0.000120398774073829
"RDH10",0.516832790912697,0.000120663572190971
"PPIG",-0.385641553703974,0.000120945747114853
"EIF4B",0.421222744777013,0.000121034823300859
"RRP1B",-0.328762805097507,0.000121110085790121
"LINC00607",1.59865707280627,0.000121145340068625
"C11orf68",0.497447946378989,0.00012123883411399
"CDKN1B",0.32428471730426,0.000121590335591713
"MARK4",0.490356384797204,0.000121664647353055
"HAGH",0.32037949041221,0.000121688658731836
"TANGO2",-0.35811367161882,0.000121777125780298
"SAR1A",0.339875794157962,0.000121886733036807
"EPS15",0.329029739530207,0.000121911591924238
"SH3YL1",0.798096425510245,0.000122320253109857
"TCP1",-0.399680079156706,0.000122423457222238
"USP12",0.324776755178551,0.000122425954183243
"ZNF292",0.372492127428476,0.000122546213669068
"BTBD3",0.406726393114897,0.000123124306912269
"ARCN1",0.438766570825238,0.000123193187440558
"MTCH2",-0.33245194653851,0.000123457460444211
"PPP1R7",-0.43874385502208,0.00012374814542191
"PDE4DIP",0.505939882554935,0.000123992116837647
"IFT22",-0.634959762049617,0.0001240691813779
"PSMC5",-0.338664359337046,0.000124266414470713
"SLC25A26",0.417752833141157,0.000124658379589264
"ISG15",-0.558910510596502,0.000124777550293983
"ZNF787",-0.393308341178683,0.000124917620253288
"PLEKHG1",0.681112359883327,0.000125001069987737
"RUSC1",-0.33712572784396,0.000125235555927724
"ARMC6",-0.318303922683096,0.000125261549982837
"GFER",-0.358114146968175,0.000125556294290864
"AKAP14",-2.11419860028068,0.000125734366702268
"TMEM147-AS1",-0.379414642098631,0.000125914783950025
"LINC01003",-0.653260343883237,0.000125957647498506
"ASS1",-0.571037999852074,0.000126089559500521
"HIF1AN",0.406060026521922,0.00012616682455841
"STXBP6",-0.383472553959916,0.000126184726712786
"BMAL2",-0.454554257714448,0.000126264436328342
"ENSG00000250644",1.16070282503452,0.000126295788297443
"SFSWAP",0.383769144766521,0.000126319401612016
"CCND3",-0.789728678286099,0.000126666059246616
"SNRPN",0.359796378593969,0.000126920009403775
"CSGALNACT1",1.61101430861857,0.000127340515866339
"NOP53",0.363298236372245,0.000127352196046678
"KITLG",-1.39945081716071,0.000127650471477741
"FRRS1L",-1.31178773144977,0.000128290711786102
"TMEM131L",-0.595230285419416,0.000128547098053033
"BRF1",0.340037048677098,0.000128710825178316
"ZNF212",0.487007235281479,0.000128890988218128
"CD2AP",0.333284351720663,0.000128954294383957
"ENSG00000257267",8.7913509873082,0.000128973086283108
"BEST1",-1.57706382589351,0.000129607195215363
"THUMPD1",0.291588873242588,0.000129718800654508
"DRICH1",-1.78590719371018,0.000130795681494437
"HSF4",0.531369088808163,0.00013238247811749
"WASL",0.379342942072048,0.000132581024312262
"SMARCA4",-0.330471224666994,0.000133323569394394
"FBXO5",-0.409356317602681,0.000133616460880886
"FAM241A",-0.591990653649447,0.000133714527615448
"LONP2",-0.310427134596954,0.00013374999963331
"UCKL1-AS1",1.15587294404691,0.000133973406617872
"ZNF579",-0.377669722762054,0.000133993015981347
"ENSG00000267530",-1.22434934046889,0.000134046768433207
"ATAD1",0.471705680063147,0.000134316680745377
"MAP2K7",0.319274006072941,0.000134810112211
"LINC00548",1.50501221946906,0.000135562970854852
"POC5",0.623235820179758,0.000135607626419886
"TMEM65",0.407543895503097,0.000135933619903583
"PITPNB",0.34676528855088,0.000136237055642038
"BCCIP",-0.438302182786745,0.000136891727481306
"NSRP1",-0.51399348239736,0.00013711037959674
"MICAL2",-1.5562179496484,0.000137629086520157
"CHRNA5",-0.85692242894144,0.000137709871360716
"C10orf88B",-0.842427458062914,0.000137801844011689
"LMTK2",0.44370204189849,0.000137803921457092
"ENSG00000293612",-1.53392873958189,0.000138290645618151
"RLF",0.363258720297719,0.000138554892527401
"TOLLIP",0.360792092619592,0.000138931797817521
"LOC102725048",-1.62170090089038,0.000139042134870944
"WRN",-0.347481194015741,0.000139058199087752
"TMED1",0.38112854850993,0.000139182353675751
"KIF9",-0.737832832737251,0.000139251655561195
"SPHK1",-0.330385007351924,0.000139697483222819
"ENSG00000260267",-0.81337717183569,0.000140050117481029
"UPK3BL1",-0.600461581106069,0.000140243450255323
"SEC22B",0.317739185365588,0.000140284172319149
"EVI5L",0.526693382506584,0.000140510569948984
"MCU",0.399733126052226,0.000140547643589831
"ENSG00000287009",-1.05925061739094,0.000140830173273438
"PPP1R9B",0.32582417991396,0.000140920261693398
"SPOPL",0.452776660018281,0.000140949449814778
"RNGTT",0.423228470612612,0.000141094737072728
"TAB2",0.43134574812798,0.000141548605100188
"KLF12",0.835788371510667,0.000141710295890893
"ATP7A",0.54142502575094,0.000141937499553651
"APTX",-0.330400523625642,0.000142098698649393
"TTR",0.492714785043633,0.000142191884135187
"FOXC1",-0.774544814005357,0.000142237594343114
"DDAH2",0.768284770607374,0.000142698459201609
"CYP3A5",1.09087325030163,0.000142816034912421
"DGCR8",-0.423011319351498,0.000142913057690453
"LOC441179",3.04922331980841,0.000143273548124119
"NAA30",0.372830825745281,0.000143309813232055
"RASA2",0.378652618315373,0.000143530730871444
"LOC105373305",1.52296375008198,0.00014360378953863
"ACTR3C",0.920183377316098,0.000144192099016053
"SNAI3-AS1",-0.634451368093487,0.000144371224992566
"DHRS4L1",-0.756360363766973,0.000144495445440531
"KRTAP5-7",2.75263073621413,0.000144747341670549
"GSTM3",-0.47290580628662,0.00014477946558961
"LOC101928505",0.640753249158467,0.000144862334988895
"OTUD5",0.396074284534215,0.00014512304285064
"KATNB1",-0.322332424525319,0.000145196632356992
"TRIM10",0.446813572467647,0.000145377628375684
"ENSG00000261611",-1.45571144125359,0.000145617605659257
"HOMER3",0.423632377048455,0.000145648311903522
"XBP1",-0.327917828439271,0.000145837475805332
"RNF139-DT",0.802413673642847,0.000146243668111807
"XGY2",-1.35204511959046,0.000146593351232292
"GGCX",-0.471367264532839,0.000146616188552045
"ZNF266",0.499217451459739,0.000146726162235831
"MRPS31P5",0.53239914144031,0.00014728420462916
"MTRFR",-0.470619614757982,0.000147551276327806
"PHF8",0.464229523379818,0.00014879653010621
"HOXC6",1.78614607881834,0.000149079496728294
"PDCD2",-0.454601400510804,0.000149330865843179
"PIN4",-0.539393279093161,0.00015174060029006
"CRACR2B",0.353374857780149,0.000151890809242123
"CADM1",0.600568656333327,0.000151995334179738
"MYB",-1.92580816298639,0.000152881906956618
"C9orf72",0.521659482399694,0.000152958401366979
"AK6",-0.41676185470529,0.000152994102041356
"PRADC1",-0.420308629091921,0.000153145052596242
"TPRKB",-0.417650501141614,0.000153204221966893
"SMARCB1",0.343515661061617,0.000153543813767979
"ENSG00000290366",0.907765866990229,0.000153622819144912
"RSPRY1",0.322133173873612,0.000153701608644449
"ZNF654",0.519251023221907,0.000153710047826893
"KDF1",0.939285460763507,0.00015372390337624
"TLCD3A",-0.475965218018747,0.000154119282323838
"CAVIN2",-1.07215696948816,0.000154194086738556
"SORBS3",0.376719392200252,0.000154208280717546
"RRP1",-0.340803549163108,0.000154272643936393
"ZMYND8",0.37220838652113,0.000154346201995819
"ENSG00000290086",-2.28291048737728,0.000154431675312635
"VPS29",-0.348317058489553,0.000154497843327656
"CPLX2",-0.810502393941383,0.000154653715086139
"ENSG00000227704",-0.782332641900349,0.000155171078304093
"HMGN2",-0.341225383576681,0.000155424555694365
"PRKCQ-AS1",-0.923006525668601,0.000155546646775781
"NUDT1",-0.444153447262441,0.000155599255046491
"SLC39A10",0.382706935696012,0.000156009900656725
"IL17RC",0.406654927876544,0.000156553253507271
"TERT",-0.67729534354746,0.000156645792278913
"SUOX",-0.348316978282204,0.000156664487352147
"NMD3",0.350109965382124,0.000156826050280142
"ATP13A1",0.460840116070491,0.000157353797019666
"EZH2",-0.336796533673276,0.000157628705733524
"STAT5B",0.370184251039927,0.000157717966652891
"ST3GAL4",-0.425268501723719,0.00015796867385263
"ZNF182",0.401960779860568,0.000157998168719176
"MOSMO",0.378049387088881,0.000158427397175473
"ATG12",0.307900377834597,0.000158706665043751
"PEX39",-0.542077933042565,0.000158938014423811
"MAFA-AS1",-0.693058806732815,0.000159048856534943
"DMPK",0.546363286077702,0.000159606703542029
"ENSG00000236827",-2.80372763234954,0.000160051021138513
"DNAJA1",-0.523847655971868,0.000160065272244867
"ENSG00000295911",0.668918063248242,0.000160336706629012
"SLC10A5",0.988964183576531,0.000160595463907304
"ALCAM",0.393381471671389,0.000160855497846296
"SLC34A3",-1.20787357120201,0.000161451317762166
"ENSG00000287853",2.2449947413944,0.00016267165200009
"ZNRD2",-0.583369675169421,0.000162805898569787
"PRPF3",-0.367742531951201,0.000163891274635672
"WASH7P",0.390622161604674,0.000163935049510369
"SOCS4",0.428832185858055,0.000164169981371865
"SLX9",-0.574487036648931,0.000164226869589315
"RNASEK-C17orf49",0.912248032105632,0.000164274572028795
"AURKB",0.38156956778053,0.000164838305468524
"ENSG00000248554",-1.03012813976721,0.000165113691642928
"THAP7-AS1",-0.969794256974892,0.000165286171500202
"DDX47",0.328460269647317,0.000165312963047863
"ARFGAP3",0.434896937346796,0.000166002842888553
"ENSG00000264112",-0.5344327420161,0.000166200662037233
"ZSCAN26",-0.471040267776177,0.000166715484145868
"NEK4",0.320672351623502,0.000166921135909857
"MTERF2",-0.535714541093217,0.000167407375451948
"TPST2",-0.428563824575787,0.00016758280025433
"STK38",0.387762383397684,0.000167901934082202
"TGFBR3L",-0.869215695387039,0.000168281367304241
"ENSG00000304218",-1.5525444980649,0.000168310433778163
"DENND3-AS1",-0.92571983890956,0.000168695939721394
"CCDC124",-0.490668131348775,0.000169158074865076
"ZNF233",-0.914952257213934,0.000170416794712087
"XPO7",0.293732612064213,0.000171046021863676
"BFAR",0.358753454173346,0.000171119782390557
"UBE2Q2P1",0.435802755434739,0.000171159233258537
"NAXD",0.287289407718996,0.000171209831518138
"GATAD2A",-0.372277264378422,0.000171333793484813
"CERS1",-0.734157592817369,0.000171610290380917
"ZSCAN4",1.22850922934038,0.00017309534196267
"NBEA",0.828161861936785,0.000173216280847989
"IFT20",0.48293197433358,0.000173340004297903
"ENSG00000288827",-0.778850678832305,0.000174037964416073
"TMEM201",-0.457398607131186,0.000174430611265763
"ENSG00000293276",-2.4838959222145,0.000174812755355927
"RPRD1A",0.278356712246067,0.000175191596690298
"SPPL3",0.451788205734106,0.000175259650114438
"PDC-AS1",-1.56582444548929,0.000175650043125787
"SETD2",0.349309980999598,0.000176403752881637
"EPHA1",-0.645635064379984,0.00017726993365677
"ARNT",0.341378234907273,0.000177301725591972
"TMEM19",0.470646511039813,0.000177523575690876
"FBRS",0.316775013963944,0.000177685552577179
"ENSG00000260296",0.790249996403003,0.000178118598403765
"BUD23",-0.385215717681571,0.000178380628753836
"TAF2",-0.33664185094951,0.000178823947668251
"DNMT1",-0.346437040302859,0.000178825839852884
"SRD5A1",0.439779879328005,0.000179172097151892
"BLOC1S6",0.28405550910026,0.00018021550050483
"PRKD2",0.441351811662485,0.000180776870568409
"SCAPER",-0.642064814361837,0.000181062261594056
"SLC41A1",0.687985301590303,0.000181097586546661
"CEP135",0.728053014545019,0.000181133218874924
"OCLN",0.372318624703447,0.000181210198043147
"GRIN2B",2.47071439210759,0.000181564192530181
"MST1",-0.544485603118664,0.000181723807801653
"DYNC1LI2",0.329197715846858,0.000181770114417234
"GOLT1A",-0.4851949291144,0.000182249795781941
"SETD6",-0.362183832708844,0.000182567041448111
"MICA",0.347228945182439,0.000182591323964074
"KIDINS220",0.308236276861623,0.000182637796650126
"TCFL5",-0.526075282419744,0.000182694858028555
"NUDT5",-0.431675254201087,0.000183176486575187
"ENSG00000274372",-0.820496909354609,0.000183335125054488
"ACAD11",0.415555157232144,0.000183494512371933
"ENSG00000279092",-0.743168238781483,0.000186959089008163
"CROT",0.60252237604063,0.000187972636929149
"HSDL2",0.334927400503915,0.0001884393004518
"FBXO6",-0.67473000504484,0.000188903268211218
"TPRG1LP1",1.6252555420093,0.000189601266626399
"AFF4",0.332990172240177,0.000189808448765685
"ZAN",-2.10621957669001,0.000189970786583579
"TRIM26",-0.292342465671313,0.000190177029692159
"CTIF",0.431243864792768,0.000191059335934776
"PIPOX",-0.397459218323271,0.000191066778136403
"RABEPK",-0.356861366634721,0.000191215226703116
"MAPK13",-0.543657593325539,0.000191801355911008
"UQCC5",-0.451111613658175,0.000191991460835662
"EMP2",0.44110906025611,0.000192175617424774
"GOLGA8T",-3.97055211578764,0.000192524349303722
"PDSS1",-0.51282240347295,0.000193038474177718
"AGO1",0.305312001734821,0.000193184316820333
"JPT2",-0.321078644354707,0.000194324309337778
"SDHAP3",-0.342967244349254,0.000194354958379525
"ADA",-0.670230523675789,0.000194933952115348
"EIF2AK4",0.28359766605273,0.000195067787284158
"PRR14",0.345759214183235,0.000196277339860002
"PQBP1",-0.327363924900496,0.000196562327072945
"HRAS",-0.431294367046117,0.000196670658867139
"NOA1",0.385449302885617,0.00019679031933749
"LOC119746555",0.437143522884525,0.000196993884413706
"PPM1D",0.427894909197499,0.000197531881720122
"DDAH1",-0.362878286832007,0.000197703772455085
"BCS1L",-0.374414973751568,0.000197865972115957
"RBM5",0.43346083917177,0.000198721134402913
"LIN7C",0.358427636678495,0.00019877178160948
"PABIR1",-0.456294590731112,0.000199058504746792
"ENSG00000279267",1.54585715594336,0.000199399584278543
"RNFT1",0.319673399867985,0.000199759588847923
"ATXN7L3",0.320206960864406,0.000200947465505378
"XPA",-0.495199000460704,0.000202558286029362
"DOCK6",-0.436076310269504,0.000202784066576775
"BLVRA",-0.391543328634247,0.000202887903452971
"ITGB1BP1",-0.320716762402752,0.000203216443020805
"CAP2",0.588546328610767,0.000203346861162845
"ENSG00000272831",-0.769132257558197,0.000203538301110393
"PIP4P1",0.414107674809646,0.000203890557003928
"PSTPIP1",-0.641048203661443,0.000204021184561396
"KIFC3",-0.318473233904807,0.000204193945664592
"FAM107B",-0.637843454815932,0.000204389097121873
"GM2A",0.34384933272678,0.000204737551813195
"ENSG00000234147",-0.519803088518601,0.000204874742654763
"RNH1",-0.336214812802255,0.000205067096001945
"ENSG00000272343",1.38023200355931,0.00020519369997811
"MYORG",0.427986182339356,0.000205721168489011
"ANKRD26",-0.450493237095424,0.000206230465737578
"RFC2",-0.389743913612952,0.000206239650301451
"SENP1",-0.412875819912301,0.000206798979486918
"ENSG00000233058",1.81440146741266,0.000207290376246815
"ENSG00000233396",-0.666961002211351,0.000207460009085311
"TBC1D10B",0.309403570627189,0.000207663437478169
"RAD17",0.28880743779298,0.000207676730905046
"ENDOG",-0.534791643296952,0.000207748086267597
"PKD1P3",0.456390138159193,0.000208342916600502
"FHIP2A",0.520426796640223,0.000208424005634972
"BBS1",-0.473324595423117,0.00020851606383326
"ENSG00000280351",1.452815747134,0.000208594821114122
"PDAP1",-0.476600628348819,0.000208890079243545
"SKIL",0.334578748838592,0.000208907299750941
"ENSG00000288612",-0.656009176741864,0.000209021748729838
"SLIRP",-0.54073330328438,0.000209031505562108
"BRPF1",-0.313135610689852,0.000209147386418375
"MIR194-2HG",-0.677683376611306,0.000209698582887579
"CRIPT",0.367881577750576,0.000209764459438975
"TNS1",1.29522401189274,0.000209804711034681
"PLCG1",0.515278196050877,0.000209954693450538
"LOC100289361",-1.09923327807978,0.000210422348391189
"PPP2R5D",0.291173717069209,0.000210662779706208
"SEC61B",-0.356512257551156,0.000210676814935545
"ENSG00000223813",0.656027532913674,0.000211659605455477
"SLC35F6",-0.413801702004251,0.000211850430631426
"APOBEC3F",-0.867510796596,0.000211873078211299
"MYBPHL",-0.957222721913967,0.000212423349649349
"SAC3D1",-0.385942982444301,0.000212572401887902
"RTCB",0.385204576842771,0.000212955088657019
"SSR4P1",-0.999210069935568,0.000213032680650621
"POLR3F",-0.320490872606544,0.000213088976387524
"ENSG00000289559",-1.65893188595854,0.00021312287574292
"SMAP2",0.360740400389653,0.00021355978768583
"COL27A1",-0.627199829826114,0.00021367669959795
"PINX1",-0.559785955859181,0.000214237652469304
"CBLN3",-0.870656828569296,0.00021451603819074
"NANP",0.345176692746521,0.0002161699185436
"PRSS27",1.44060723334431,0.000216652194813522
"FH",-0.37991676622344,0.000216715700693303
"GTDC1",-0.532067984054396,0.000216784212224576
"TCF7",-0.50498818643319,0.00021715621316581
"IQGAP2",0.281866865404878,0.000217504212392299
"ANXA9",-0.516811338531823,0.000217918882203079
"LOC124906869",-0.648228739103852,0.000218148994120337
"USP9Y",0.359004366553794,0.000218170799528339
"GNL3L",-0.349222311786997,0.00021823368017233
"DEF6",-0.347623782448157,0.000218292417511384
"EVI5",0.451563040778044,0.000218327143808836
"MST1L",-0.662319024412875,0.000218728324603418
"YAF2",0.42710495289871,0.00021892852135195
"NECAP2",0.363667658799528,0.000219359155568798
"DDX10",-0.445233341244131,0.000219403517542487
"RBM15-AS1",0.657946025926064,0.000220486236466913
"SPCS1",-0.378669283561408,0.000220650819431398
"MIOX",-1.26963323328004,0.000220653174587951
"ENSG00000294595",-1.78384315920014,0.000220735151298753
"B4GALT6",0.475300381217102,0.00022116306852736
"MZT1",0.343630343535142,0.000221904634570238
"HLA-DMA",0.78742232459831,0.000222113421934887
"BAAT",1.08120105159284,0.00022258173636514
"ENSG00000273308",1.16658185259211,0.000222685581462622
"SPTBN1",0.388704821384238,0.000222855078003678
"CDKL5",0.542230632579486,0.000223226542274189
"TRIM71",0.29618179247179,0.000224450164717408
"NAP1L5",-0.769366342047245,0.000224555097292066
"HROB",0.438099642168014,0.000224898162392005
"AGPS",0.382291336987457,0.000225231521206629
"ENSG00000224916",-0.413230306551826,0.000225411499976726
"SH3BGRL3",-0.67795457192502,0.000225511439704809
"MROH6",-0.551757154484284,0.000225657349718585
"CLCF1",-1.76860053603941,0.000225766966841061
"SLC35B2",0.393218520671626,0.00022590812102502
"ENSG00000296253",-2.0560561294159,0.000225943408677156
"CIAO3",0.422318658260235,0.000226150359088489
"STMN1",0.313853771366744,0.000226295714406676
"KIF22",0.419211563434623,0.000227017188113251
"ARHGAP21",0.400323902356815,0.000227196933600463
"BIRC7",-1.86744052459434,0.000227213293164711
"FAM136A",-0.310465818059991,0.000227607748038709
"ENSG00000261071",-0.852765153186145,0.000228001787814873
"NDFIP1",0.378327515292626,0.000228323500149896
"B4GAT1",0.442726378299364,0.000229377077177862
"TXN",-0.42983459091725,0.000230074845183449
"EMC6",-0.400187040607926,0.000230738373668262
"TMEM217",1.07893661008998,0.000231139774489179
"ENSG00000275454",-1.92733614550242,0.00023143734135116
"FXYD1",0.842167766465306,0.000231510040352678
"SPTLC1",0.380919633493916,0.000231589592831809
"SPTLC2",0.46149419307861,0.00023172559942571
"MACROH2A1",-0.286080471447334,0.000231732120681245
"ATG7",-0.517047335665842,0.000231757681355186
"ADGRF3",0.822219164364176,0.000231830539069427
"MATR3",0.308267880709202,0.000232496552484298
"CHIC2",0.455489725217467,0.000232543595456371
"KMT2D",0.479291205148239,0.000232669848540934
"MRPL30",-0.3476919590231,0.000232795778939732
"SEC31B",-0.587146030509887,0.000232880893990493
"FOXJ2",0.419643015952172,0.00023344287576591
"RBMS2",0.483829645989436,0.000233915620379121
"ENSG00000290033",-1.58251823201576,0.00023459826049092
"ENSG00000293234",-0.653876928417665,0.000236340342756131
"NONO",0.342529347630876,0.00023642614267079
"HSD17B1-AS1",-0.395333471561927,0.000236562596248764
"ARL6IP5",0.345842067123924,0.000236567127353983
"CSNK1E",0.309858667841341,0.000236585418060204
"SCAI",0.594828318000501,0.000236923787637838
"GAN",0.375601619977045,0.000236988660439049
"SKAP2",0.337456158240677,0.000237340699555985
"LINC00858",-2.61650420107084,0.000237485532124351
"PPIA",-0.364228849024857,0.000237906592178396
"GMPS",-0.346391633704842,0.00023815584776934
"H2AZ2",0.296911920807874,0.000238508288395543
"C5orf22",-0.388546977111736,0.000238571360531493
"DQX1",-0.495684388954893,0.00023860641584369
"NDRG3",0.328685708022031,0.000238785992443743
"LOC124902473",2.61410152134337,0.000238854033868551
"NAT10",-0.30229027304528,0.000240121367869215
"COL5A3",-1.7115839442245,0.000240295708714231
"ENSG00000224187",1.36680419378351,0.000240831363395322
"TNFSF13",0.707505733638249,0.000241227442198159
"ELF1",0.360317364845136,0.000241282641132642
"LYN",-0.624232637981039,0.000242353291616147
"ENTPD4",0.377036725668319,0.000242677509581871
"ENSG00000251615",1.11032491325535,0.000242755949150784
"CAPRIN2",0.307340990591666,0.000242846050595177
"ABLIM1",0.370505075753681,0.000244388678590679
"KLC2",0.371619654008406,0.000244684885017023
"ALOX5AP",-1.24984005298437,0.000245113763221457
"SHQ1",-0.379906961985524,0.000245262956825344
"CSRP2",-1.18346339451277,0.000245952546064937
"TTC4",-0.4079114870342,0.000246044915551019
"ACAP2",0.351797490943646,0.000246474331594566
"NOL10",-0.342427741664541,0.000246971100789643
"TBL1XR1",0.344460111272721,0.000246983370652442
"ALG6",-0.551379360609134,0.000247058761725097
"CCNK",0.33713227989899,0.000247120089384596
"STRADA",-0.34626632108792,0.000247362527999861
"CLCN2",-0.517350226362756,0.000247449691067645
"APOC2",-0.434947435509628,0.000247551388463049
"PSEN1",0.455165426195717,0.000248004698311408
"YTHDC1",0.274310298148789,0.000248711553573996
"FAM241B",-0.658365746674246,0.000249127796458182
"RASGRF2",0.405415448278817,0.000249400939313782
"IGF2BP2",0.309355609746876,0.000249481973586482
"ZNF439",0.505224910789701,0.000249576942853602
"PAXBP1",-0.317944582375837,0.000250815348308201
"FAU",-0.463727995172993,0.000250943234326609
"CCDC43",-0.271014276792436,0.000251181068222978
"CHRD",-0.439459596781827,0.000251473302713029
"PET117",-0.632589776003752,0.000252489755394217
"ENSG00000305512",0.574099649952216,0.000252901399246027
"VMAC",0.701259758030598,0.000252939258325664
"ZNF862",1.16212232655557,0.000252957306731677
"ZNF433",-0.691337898356107,0.000253249034928976
"SLC25A47",-0.782578757814716,0.000253301444724431
"RGP1",0.423033954078681,0.000253449212321022
"MCAT",-0.463316218660646,0.000253806550778058
"PCDHGC3",-0.602042834920446,0.000253834004608038
"FLNB",0.3158117403615,0.000253870468268691
"EIF5",-0.274276033392721,0.000254026410387119
"CBX7",0.839567018135633,0.000254155596598108
"LOC124902033",0.620171261264261,0.000254865572844087
"LAPTM4A",0.504251535777706,0.000254866122686333
"PHF2",0.312903201252477,0.000255795628139898
"ENSG00000271147",-0.737180392125388,0.000255865359943792
"SEC16A",0.278296176537787,0.00025626716596902
"CPTP",-0.356229874570884,0.000256396157132935
"IDUA",-0.635982552263221,0.000257176319908088
"PLAUR",-0.607466886718679,0.000257239744576013
"TRAF3",-0.415060222937,0.000257395288434896
"COMMD7",0.360807044379131,0.00025758247025963
"ENSG00000275897",1.7694239589651,0.000257991897059829
"RPP30",-0.292367346768429,0.000258063598845891
"TIMM44",-0.286961788166747,0.000258569415371642
"CD46",0.381116021855029,0.000258790008331799
"AMH",1.29270429100326,0.000258857305757835
"PIGV",0.362918965656455,0.000259459129503791
"RNF169",0.43529395659043,0.000260329617479573
"PLEKHN1",-1.03829423767415,0.000260542730512325
"RGPD6",0.739528165942588,0.000261021195637426
"COPB1",0.280405258918549,0.000261443668880548
"PSMB7",-0.549441629974302,0.000261569410024908
"MEN1",0.327874923010535,0.000261616234935525
"ENSG00000260105",0.706398620996763,0.000262145097856839
"ENSG00000244151",1.5057755187564,0.000262318765646219
"ENSG00000273055",2.49847549241359,0.000262444239905661
"RAB8A",-0.415191444528038,0.000262661492142379
"SARAF",0.418180474582335,0.000262920085283797
"ZNF682",-0.566678875393717,0.000263015129295033
"DYNLT1",-0.300568483111577,0.000263782784276186
"SSPOP",-1.58678308347037,0.000263928921172925
"STEAP3",-0.572507627455634,0.000264108358345054
"DNHD1",-0.531719201432009,0.000264281610814362
"MINDY2",0.299293831448869,0.000265157195544705
"ACTR8",0.305373048474094,0.000266444181574517
"ITGB5",0.447541845293502,0.000267067941198225
"HGSNAT",-0.409895476868073,0.000267141736897956
"COA6",-0.331144776447107,0.000267237054420981
"NRP2",1.28534534487438,0.000267865812396111
"USB1",-0.359088516669546,0.000268070755052683
"DNAJA3",-0.350300304756147,0.000268533959047833
"PWP2",-0.449172256038791,0.000268938654826338
"WNK1",0.351940740516548,0.000269212469230399
"UBR1",0.329792489214776,0.000269400768985829
"ENSG00000265690",0.667628944186798,0.000270480097667459
"RASSF7",-0.492038499394492,0.000270690650669165
"PPIL1",-0.337021113588101,0.000270750940818396
"POLDIP2",-0.445906458816831,0.000271302145889805
"SCARB2",0.386790860990683,0.00027201424276429
"EIF2AK3-DT",-0.756256367878894,0.000272476245097745
"CEP164",-0.427116488697407,0.000273047704006893
"ZNF556",-0.380238474253684,0.00027406086455545
"DGLUCY",-0.336994394454364,0.000274667726121389
"PNPLA7",-0.512724188319127,0.000274899232375806
"CBX1",0.350323852041898,0.000275632559390604
"ENSG00000274373",-1.17816260013827,0.000275692771226217
"LVRN",2.33066199790385,0.00027585808973709
"ANKMY1",-0.494211105351806,0.000276583284410721
"ENSG00000289301",1.09567191706725,0.000277394347619386
"METAP1",0.323979461737167,0.000277595507281548
"ENSG00000297708",-1.27570320844859,0.000277690102147683
"BRF2",-0.462100851000346,0.000278434475502648
"ENSG00000276386",1.50387069495659,0.000278943500575595
"VPS8",0.387730408189413,0.00027916398235372
"EVC",0.519565132075456,0.000279431365543722
"CLTB",-0.596998984356405,0.00027990516444115
"TTC23L",-1.13418039976774,0.000279931086289012
"ENSG00000260565",-0.510400956566703,0.000279988322033642
"EEF1A2",-1.33108699750166,0.000280195370736166
"IFT57",-0.807339360016991,0.000280960058922837
"ENSG00000285804",1.46799645646981,0.00028106588217161
"SLC25A1",-0.355421482901107,0.000281066332503185
"KMT2A",0.315694625110752,0.000282060194486253
"IFT25",-0.451114583810118,0.000282404708341472
"P4HA2",0.346191468086718,0.000282781049822611
"RPS6KL1",-0.459444933134445,0.000282956689617382
"ENSG00000260784",-2.12338677411141,0.00028360509534159
"SEC23A",0.373869413167082,0.000283635425965336
"MGAT2",-0.343060030717758,0.000284282533201347
"DYNLT2",0.411333865988568,0.000284326638990398
"FAM50A",-0.371018772966333,0.000284772076710757
"ENSG00000273080",-0.894678916108253,0.000285560402873772
"ENSG00000289517",1.17539866973537,0.000285778963188678
"PACS2",0.33678400540789,0.000286512781330531
"TOP6BL",-0.44869415154174,0.000286535921700088
"ENSG00000293141",0.41287592365053,0.000286612675973369
"IDNK",-0.817863746822356,0.000287024970350343
"DEDD2",0.417956109552659,0.000287666487550956
"LY6S-AS1",-1.30580103798335,0.000287748654191972
"OMA1",-0.611636460609087,0.000288887672690294
"TAP1",0.490518765961287,0.000289400225875386
"C18orf54",0.420562498066081,0.000289742111897031
"MORC2",-0.25900953140658,0.000290516077841713
"SRR",-0.725489399955751,0.000291144629137487
"LRP5L",-0.406958117359557,0.000291263871265256
"SAE1",0.36317981034991,0.000292199830641518
"KCNH4",-1.77624135104818,0.000292226294251235
"ZKSCAN5",0.34558227253739,0.000292329819690864
"CEBPB",-0.461855759157925,0.000292444661328969
"WHR1",0.335757779867337,0.000292505914384501
"FADD",-0.541275253886568,0.000292564513369077
"NAA60",0.31478121568372,0.00029302935238534
"APEH",-0.329628719039171,0.00029392358316574
"NSUN4",0.368298203676721,0.000294398728842587
"STK10",0.618027519539188,0.000294607865983582
"FAAP20",-0.344372786881165,0.000295219236550617
"MAOA",0.499786112776719,0.000295475737106976
"GSAP",0.486995951042653,0.000295837544417541
"SLC25A29",-0.664196394130624,0.00029602622656563
"MRPS27",0.310511696252229,0.000297172795173222
"FOXK1",0.419908172972044,0.000297209714005766
"IL21R-AS1",1.78935601466822,0.000297723884218582
"SEPTIN7-DT",0.721701235801207,0.000297857046954241
"MDM1",-0.485396791836614,0.000298467383406918
"MEI1",-0.888262537135761,0.000298652287499675
"CDR2",0.365600966822134,0.000298694477206658
"DNAJB6",0.432768531742345,0.000298906164089806
"RAD51AP2",1.14158424462696,0.000299195189822275
"GGT6",-1.67126241100818,0.000299357849563072
"ENSG00000247373",-0.574805166427375,0.000299855695201895
"GAK",0.280065342163078,0.000300563738732694
"PSTK",0.495869556265774,0.000300633583533423
"LCN12",-0.716691520628684,0.00030139371561499
"HLA-F",-0.513265448998113,0.000301631114309273
"ENSG00000289500",-0.398715852365795,0.000302102502593293
"ZNF768",0.269536688759787,0.000303016974393698
"COPG2",-0.357383056376384,0.000303043171015251
"ENSG00000289378",-1.03328438224015,0.00030307889990433
"CAPN10",0.292008138447673,0.000303459393183996
"UBR3",0.387104985250028,0.000304412959523331
"HAL",-0.931943569635265,0.000305156732182563
"ZBTB1",0.344886029674197,0.000305381453600511
"AKR1D1",-0.71898356900123,0.000305637426743781
"ENSG00000267426",-1.14078040731327,0.000305873542457286
"ESPL1",0.556511534616727,0.000306171761874591
"CYTH3",0.821944938088625,0.000306791842253928
"SRP19",-0.403702696872809,0.000307545363858996
"PPP1R14B",-0.446632839139905,0.000308150714591047
"CHMP3",-0.335954245497368,0.000308353127174311
"ENSG00000272931",-0.709304421328591,0.000308526395841182
"NCMAP",0.727799742996458,0.000308986687611721
"LOC128125822",0.405620612440141,0.000310593520443247
"UBE2L6",-0.358684996626751,0.000311090704936537
"ANKRD36B",-0.658945061053913,0.000311154482039345
"CBS",-0.289132094280716,0.000311286525208427
"GTF2I",0.315283625413907,0.000311663695619186
"MEPCE",0.268237134076097,0.000312030498717288
"ENSG00000286689",-1.85455275576713,0.000312175265976986
"LIN28B",0.353122766229796,0.000313530839158841
"ENSG00000288767",-1.05475110438621,0.000313636964296767
"ENSG00000275494",-0.963630766873486,0.00031379102421099
"ZNF598",-0.352243257235111,0.000313966180287697
"CPEB4",0.513243750339258,0.000314429436090462
"DGKK",0.597308697481235,0.000315209502703784
"DDX18",-0.31523279871664,0.000316157353099609
"CAPS",0.6916449133662,0.000316257478555556
"RABGGTA",0.529975954373201,0.000316453209849847
"PHF14",-0.332114776803072,0.000316485438792996
"LYZ",0.898315597360564,0.000317184457106826
"PCGF2",0.369030327086499,0.000317308368761469
"HADH",-0.34338807836797,0.000317622553644956
"ITGA9-AS1",1.02288942107318,0.000318571908647293
"MLLT3",0.663804594050655,0.000319096813125325
"CCNT1",0.35643990060653,0.000319704350344736
"ENSG00000225806",-0.932618263303231,0.000320536925036743
"PRR18",-1.67468504035472,0.000320617856903124
"BOLA2-SMG1P6",-0.404695582092694,0.000320793562467091
"DCST1-AS1",-0.99057603429759,0.000321275672675138
"UBTD1",0.606905966498793,0.000321368345167103
"WASH9P",0.390737183459256,0.000321960134374971
"PCF11",0.334861040144634,0.000322939524991274
"MLKL",-0.43723127203625,0.000323644549892903
"ENSG00000255182",-0.988925381914954,0.000324253898945607
"TAS2R20",0.995472901283116,0.000324379125532954
"LRRC61",-0.552486938698503,0.000325191282827653
"ASXL2",0.309097729071607,0.000325453055282369
"OSER1-DT",0.602163918773584,0.00032577151689357
"CRAT",-0.391849840070978,0.000326123157443391
"ENSG00000274717",2.02797140213226,0.000326243924732365
"STAM2",0.317260550024751,0.000326275134756888
"ENSG00000290683",-0.421403906727327,0.000326373400720072
"SYNJ2BP",0.272373542480884,0.000326714365866528
"SOCS2",-1.71156455810516,0.000327054326376789
"ENSG00000258534",-0.984708627508821,0.000327295554608745
"ENSG00000273314",-1.01776133236485,0.000327531337162339
"PLIN5",-1.08056218998447,0.000327608565005734
"ARPC1B",-0.420110501928157,0.000327798854987025
"ARL16",-0.356947648306744,0.000328110407046235
"RCAN3",0.400942630777618,0.000328757303245981
"USF1",0.314257492434815,0.000328844974369633
"ENSG00000297141",3.02503215962567,0.000329320647810351
"POLR1A",-0.269854973789078,0.000329815614264221
"TTYH2",-1.0593860513848,0.000330118784720962
"ZNG1B",0.395405105395926,0.000330738624098564
"PFDN2",-0.48302200634136,0.000330989404378893
"TTC23",0.373426058915854,0.000331236910312478
"FBXO43",0.581110121426659,0.00033173705595493
"ZBTB10",0.423442318410579,0.00033205874434896
"MOCS1",-0.414447462137801,0.000332328349826862
"NMI",-0.735559957451033,0.000333154340650948
"TMEM187",0.604724116713988,0.000333310706286283
"ENSG00000276900",-0.731382466282987,0.000334148813270294
"CABLES1",0.351867776954094,0.000334231516694587
"ZNF428",-0.443806260781063,0.000334363003422255
"TMEM98",-0.283350743685057,0.000334833178478754
"SDC2",0.389417306933687,0.000335083985109613
"ENSG00000273204",-1.06678772292453,0.000336805942471677
"SWT1",0.575435115037562,0.000336879555469194
"CCT3",-0.403236368702956,0.000337863398709822
"LOC100288637",0.699469322917198,0.000337899308926921
"LINC02709",-1.21106723510683,0.000338152417901393
"RMI2",-0.381697893283223,0.000338291971564016
"CYB561D1",0.502537783707716,0.000338549023909394
"CETN2",-0.348546253401425,0.000338663977057142
"MVB12B",0.485628679720798,0.000339144116844054
"MRPL21",-0.407549814031189,0.000339437889266914
"ALDH3B1",-1.10911933355354,0.000339535761805538
"ENSG00000282221",-1.53341426853323,0.000340430285260561
"ENSG00000296642",0.688427594889657,0.000340741554657876
"COX15",-0.328498092554475,0.000341883930545439
"ASH1L",0.347028259020004,0.000343263838618295
"RNF146",0.318448348399723,0.000343924263345522
"P2RX7",2.17822885850913,0.000344519803093317
"SBF1",0.394241913408495,0.000344601744203983
"KIF13B",0.318160784679865,0.000345031840683739
"ENSG00000299307",-1.94528288565343,0.000346287863695474
"PARPBP",0.367624513173713,0.000347254600949626
"R3HDML-AS1",1.05398023747805,0.000347538181392963
"KRBOX5",-0.443565359326,0.00034770018868393
"NDUFS2",0.323137484741021,0.000347835088105682
"ZNF853",-0.535583847465779,0.000348476080269608
"ZNF550",0.312314992047976,0.000348621296276226
"RNF34",-0.319954791383403,0.000348899636650628
"NSD3",0.295066546112148,0.000349099373364137
"RBM33-DT",-0.525870044060895,0.000349402141659127
"PMM1",0.374645767097598,0.00034943272792659
"TP53TG1",0.445944212444094,0.000349531879546437
"GOLGA7",0.265613190393353,0.000349855695421386
"PTEN",0.268608622311743,0.000349978248117592
"APOC1P1",-0.957030101264687,0.000350238740809336
"TMEM115",0.387317871938075,0.000351091703875733
"CEBPG",-0.284892975406033,0.000351319166291456
"MIPOL1",-0.426361749270274,0.000351683958376865
"ZNF44",-0.391759696672345,0.000351966677935388
"RAB11B",0.354152551704612,0.000352230362180725
"OCRL",-0.321431711903853,0.000352421695614251
"FAM114A1",0.469166801285865,0.000354089980718249
"ACBD3",0.354411532684137,0.00035459892003572
"FBXO30",0.385000421797715,0.000355675377849537
"MED17",0.335629546034335,0.000355889219174481
"CD63-AS1",-0.928998746985878,0.000355989991356877
"BTAF1",-0.298839255451151,0.000357017319959005
"CP",0.418295299551537,0.000357186185247196
"RPL12",-0.412280728228034,0.000357400413565485
"DHX33",0.414491464118517,0.000357526469211944
"ENSG00000262001",0.96086799153946,0.000359523851387363
"RCC2",0.347834087539198,0.000359689894561386
"ENSG00000272153",-2.18215311368699,0.000360093852086512
"CENPK",-0.352587508788241,0.000360782235884759
"CSNK1G2",0.268280371613551,0.000360918190049488
"NEPRO-AS1",-0.997287974863702,0.000360923095700648
"ANKRD36",-0.670278448673064,0.00036130257141045
"AMFR",0.406509926697118,0.000362310308648075
"HEMK2",0.38737131693242,0.000362731144535119
"KDM1A",0.301447746264105,0.000362766773166229
"KNOP1",-0.370337017503839,0.0003635753264142
"ENSG00000233476",0.906244200704458,0.000363682704656756
"NUP62CL",-0.748208488762646,0.000365014243611629
"SNTA1",-0.611494274113755,0.000366404677419192
"NAE1",-0.301403244716734,0.00036735562661497
"A1CF",-0.40022872725236,0.000367743530341176
"HCP5",-1.0623509890367,0.000368297855727504
"FBH1",-0.283376441791082,0.000368401013735862
"UCP3",-1.25221690693758,0.000369224679601862
"FTSJ1",-0.35388225987537,0.000369951269921267
"ICAM2",-0.549170909472757,0.000370437080583294
"RALB",0.469079188352184,0.000371231463907996
"SELENOF",0.429499156292209,0.000371889935051925
"PSMB9",-0.662073210954286,0.000372394611010793
"MKRN3",0.674062084748305,0.000373384868541089
"ANKRD24",-0.897746327154841,0.00037340044249081
"LRRC8A",0.365773282135951,0.000374631604220849
"PRKCI",0.323643524436949,0.000375066142346603
"PRR12",0.411921074247153,0.000375358993765152
"SLC44A3-AS1",-0.930015152999538,0.000375439115488364
"FAM118A",0.39601472501679,0.000376293276817797
"SNRPA1",0.315747903087865,0.000376480881759882
"MAN1B1-DT",-0.793559787013799,0.000376728148001139
"HDAC11",0.711219297872532,0.000377698618790628
"RANBP2",0.3138071326906,0.000378147927789534
"ITGB3BP",-0.411158195916908,0.000378357411776277
"BCAS2",-0.507840230518391,0.000378789550461856
"ENSG00000267396",-1.00996476390437,0.000379162960295726
"SEPTIN7",0.351391204032575,0.000380098686022961
"ENSG00000250132",-0.728652194478581,0.000380252150967054
"NAA25",-0.308701120133716,0.000380682464005782
"KIAA1328",0.527909679729242,0.000381094825041249
"TRNP1",-0.903609247100228,0.000381689638869131
"LACTB2",-0.67612174725058,0.000381882714608858
"ADCY7",-0.661564815369265,0.000381915572137565
"AP1S3",-0.561123464766963,0.000382708377371572
"ENSG00000237499",0.897079009503295,0.000383097670911334
"LINC01605",-0.500458270552786,0.000383383338679938
"POLR2J3",-0.43577097440806,0.000383554854374108
"GPRIN1",-0.786897939681694,0.000384014923306009
"SNHG3",-0.413108387274248,0.000384097661040583
"AGL",0.354811787199586,0.000384635989425494
"ENSG00000124593",0.348377073332113,0.000384756429017466
"FRAT2",0.517524826431972,0.000384800949275562
"SNAPC3",0.312895585932887,0.000384911747394072
"ICAM3",-0.429133797575915,0.000385025911219412
"POC1A",0.359629768433776,0.000385305146581309
"SLC12A4",0.387575156324124,0.000385453858732745
"HGFAC",-0.476226490281339,0.000385610867293341
"NFATC4",1.67287841560021,0.000386007448347693
"PPT2",0.32599575764059,0.00038639102388255
"LOC107985911",-0.579583923139755,0.000386959851126596
"STAT2",0.38579076366887,0.000387487232532521
"ZNF204P",1.11449696741306,0.000387501382831602
"PAQR9-AS1",-1.07470791535176,0.000387626167332494
"PSPN",0.503306337046629,0.000390664826895057
"RPL7AP34",1.80493603824363,0.000391202939116485
"TRIB2",0.441321543470822,0.000391312733203658
"RAB14",0.286939067340516,0.000391406399907915
"UBE2T",-0.386049212689251,0.000392215953385979
"HECA",1.41073071049044,0.000392949427294431
"VGLL4",0.3007052187065,0.000393643989846336
"ZNF211",0.312392832653675,0.000393896469549652
"PTPN21",-0.666586507302596,0.00039448291852251
"SLC2A6",-0.365964339592296,0.000394976602415477
"OBSCN",-1.38553339867416,0.000394979685805578
"SNAPC5",-0.521267911051593,0.000395794762002073
"CAPN10-DT",0.426637953818024,0.000396004829877024
"PITHD1",0.270127477309768,0.000397346412814812
"SAMD15",-1.23229008694147,0.000397460084209956
"TSPAN4",-0.400828206228568,0.000397879074303168
"COPS7A",-0.382008810125002,0.000398042751007564
"ENSG00000255441",-2.36577153451561,0.000398056683185654
"GMNN",-0.347125751374984,0.00039848155461922
"BRD10",0.331959709600936,0.00039864172390465
"PTK2B",-0.544593960318025,0.000398860292469003
"LOC105377329",0.432250170158194,0.000399156679602446
"FZD6",0.523738763310784,0.000399492969435659
"HAT1",-0.351139959596819,0.000399543736458995
"MRE11",0.389891630970024,0.000400683539911869
"GTF3C6",-0.45590413992278,0.000401477292102305
"CDK5",-0.412796092627084,0.000402082646399703
"LOC728138",-2.32710121089156,0.000402284988982152
"CMC1",-0.334887441340652,0.000403051356219654
"CES1P1",-0.850005416163821,0.00040358970836765
"MARCHF6-DT",-0.960290060647372,0.000403747522681895
"TRIM59",0.832452687028,0.000403855299708529
"MRPS11",-0.356519138744006,0.000403883730180773
"MED13",0.336731037562638,0.000404368966790162
"SLC25A21-AS1",-0.686297367401891,0.000405250944855162
"ENSG00000255517",-1.17264111689077,0.000405306244632285
"PRKACB",0.488967381881223,0.000405360342579186
"HCN3",-0.608000665380765,0.000405454332716668
"AP2B1",0.40959850841879,0.000406651400011647
"AMT",-0.331356532974104,0.000407216200449913
"ENSG00000262678",-0.733176464874685,0.000407832150038503
"ZNF561-AS1",-0.614802100417824,0.000408343117675404
"METTL23",-0.382320802549664,0.00040889570446395
"USF2",0.30857446086867,0.00040992926638621
"GPR157",0.426835111731218,0.000410431241506094
"DUT-AS1",-1.27432950501175,0.000411281873904767
"TSR3",-0.479111549883068,0.00041267973401571
"MRPL3",-0.34695674696242,0.000413073382763478
"CACYBP",-0.45464239218715,0.000413248920484104
"DNM2",0.273238481213973,0.000413560074952062
"KAT5",0.294722451949155,0.000414002364909241
"FAM222A",-0.523486131521552,0.000414218648657723
"SAMHD1",0.287930626703352,0.000416325711944215
"PPIP5K2",0.332897822114402,0.000416337882733891
"HSPBP1",-0.35113057605286,0.000416792927988084
"ATM",0.330506514308826,0.000417676774758283
"ZNF827",-0.399222840360787,0.000418159544302292
"SLC26A11",0.44847079004519,0.000418754008702709
"FAM76B",0.382148810071071,0.000418905252996981
"EZR",-0.314837906530568,0.000419336177236653
"LPP-AS2",-1.31664145659178,0.000419732590961126
"ADAMTSL5",-1.00744022647773,0.000420067148483449
"IGF2BP3",0.284876370086333,0.000420900463983808
"NCBP3",0.293673267355951,0.000421542016504944
"MTFR1",0.389180388351126,0.000421990680348822
"ENSG00000290791",0.501737339617954,0.000422414623083535
"ZFP1",0.413718215501244,0.00042247869808768
"CCDC89",-1.46642532809718,0.0004225387228887
"SNRPB2",-0.325257930231312,0.000422801746512186
"MAP3K1",0.462899754946281,0.000423435268863197
"PSMD1",-0.277900860532602,0.00042406634905208
"CREBBP",0.310963049130161,0.000424379422580547
"TAP2",-0.474732034856901,0.00042560213812198
"MARCHF5",0.324398460254129,0.000426689833063276
"CLTRN",0.982353048080947,0.00042798777142007
"ZNF214",-1.1585145411706,0.000428695742012394
"PTPMT1",-0.315241800498977,0.00042890108322446
"TRPV1",-0.526401739310727,0.000429069435780841
"ENSG00000307243",1.1194088459496,0.000429474932726643
"CYB561A3",-0.410177834860493,0.000430875895921087
"PFKFB4",0.601931048864379,0.000431405881777233
"CSKMT",-0.590076183941571,0.000431553480780711
"SYNC",-0.704158585154719,0.000431792586771463
"COL9A2",-0.414833180799262,0.000431969372044977
"ARHGDIA",-0.364207491488587,0.000433100320465795
"ENSG00000257027",0.611700115673725,0.000433924431460387
"ENSG00000226263",-2.1199335030246,0.000434174530365847
"TLN1",0.305169541704189,0.000436131711943872
"DHX16",-0.259851361557143,0.000436483790313054
"ISCA1",-0.353694749808368,0.000436722043851286
"NR1H4",-0.631497961863816,0.000438193197631388
"MTG1",0.343051534327611,0.000438360337841102
"AP1AR",0.284843061994911,0.000439140670757587
"GLG1",0.475631539536928,0.000439283549906082
"SOX9-AS1",0.769340602615672,0.000439923232657706
"ENSG00000285130",1.57348838111171,0.000441579579111731
"ZNF805",0.47133087290892,0.000441928286290746
"SEMA3A",1.05013815442409,0.000442507525549188
"IPO8",0.363276886148109,0.000442699956428383
"MIS12",-0.308731179254299,0.000443332078844372
"USP54",0.412745586553652,0.000444803288112126
"ZNG1E",0.294595914939786,0.000445479471996895
"CNOT6",0.335793622073218,0.000445996848785563
"RPA2",-0.329801227813299,0.000445997467925324
"ENSG00000228065",-0.498789200909485,0.000446705480502927
"EDC3",0.292400085492924,0.000446976488875727
"AGAP5",-0.479103777728077,0.000447692381005666
"CTTNBP2NL",0.532637995867934,0.000447759652746132
"C1orf210",1.2136310996614,0.000448496306535053
"RSF1",0.35183949662875,0.000448987737087577
"YAE1",-0.388890404873849,0.000449854669655221
"CASC3",0.351274551847912,0.000450302695380888
"GSTK1",-0.250158028268134,0.000450362541888663
"COPS6",-0.372814823546416,0.00045272620718235
"RGMB-AS1",-1.62305713168869,0.000453496287772955
"ANKRD13C-DT",-0.909421988490261,0.000454194943340223
"WDR45B",0.329198046039563,0.000454908869108468
"PCID2",0.281880282861742,0.000455461099063738
"PDLIM7",-0.356166683277832,0.000455990081688574
"NPEPPSP1",0.41742253311826,0.000457367206714789
"SLC9A7",0.463235282690417,0.000457612019057711
"PHF21A",0.589599579425003,0.000457748168521275
"STEAP2",0.337109706519785,0.000458134019167385
"ENSG00000262879",0.320998707629625,0.000459038327048292
"LYRM4-AS1",-0.837837598457963,0.000459744845035407
"KTN1-AS1",-0.529197197349426,0.000460991263759861
"ENSG00000308689",-1.67016276639717,0.000461114129911696
"ZSWIM4",0.963609847775036,0.000461420076782101
"MRPL18",-0.489122335541056,0.000461750843249853
"C2CD2",0.333591953065618,0.000462125027603408
"NPM1",-0.463296395000564,0.000462254659480966
"MED30",0.427611365849916,0.000462259286652618
"RAB3D",-0.675065199552178,0.000463518940921635
"LZTR1",-0.310137619938203,0.000463751822141172
"IFT122",0.467257679402731,0.000463991637191995
"CWC25",0.325168079538993,0.000465328876062688
"ARHGAP19",0.537141620712212,0.000465484011848246
"AASS",0.542093562762034,0.000466313248166959
"RPS6KA5",0.606136954982403,0.000466648809064295
"DSP",0.559060556158311,0.000466675742720184
"SNHG17",-0.425626584448498,0.00046715903832019
"RREB1",0.28569870160944,0.000467585965976012
"PRICKLE3",-0.435347678052553,0.000469985809472862
"JMJD7",-0.759106134473068,0.000470932506875956
"SLC25A39",-0.296785069526545,0.000472169500206988
"STAT1",-0.320739805704669,0.000473079858956895
"PPP1R3F",0.856521790259673,0.000473201954484193
"ABHD13",0.404282284219203,0.000473933558861085
"STX8",-0.508181833454225,0.000473958570978702
"LSM12",-0.291897647703653,0.000474140779028018
"CKB",-0.620733381070011,0.000474590099571925
"ZNF623",-0.344250888446026,0.00047613957182722
"EML4",0.465817579924692,0.000476917416335597
"NPTN-IT1",1.18782051350549,0.000477543316998463
"NOP10",-0.459017372090556,0.000477804866541335
"TMEM81",0.942397064715826,0.000479001156562184
"SLC29A3",0.452080605610356,0.000479444879683419
"CGN",-0.721447866928469,0.000480255776441523
"CELF5",-0.752895016568191,0.000480310383351316
"USP28",0.318574592350163,0.000483030071959479
"SLC51A",-0.586733449724058,0.000483494040047736
"CS",-0.337975668199818,0.000484137605340495
"ENSG00000279254",2.84109150968483,0.000484832029244728
"PALS2",-0.450945849784577,0.000485172879375241
"FAT4",0.644421709004416,0.000485188686605949
"ENSG00000273420",-0.63084980267146,0.000485891276947853
"AXIN2",0.337802707165977,0.000486075194222601
"GTPBP10",-0.292419427831973,0.000486574090459069
"CGGBP1",0.276757377449601,0.000486875341886662
"ANAPC10",-0.455599039736769,0.000488201902540483
"CADPS2",-0.367820917244063,0.000490893998547949
"SKA1",0.411931838960023,0.000491002914762271
"LOC105371094",-1.53057642696954,0.00049299760121534
"NSMCE3",-0.443048647995338,0.000495982264645413
"FOXK2",0.285452386975964,0.000496392464198923
"MCEE",0.354586730499781,0.000498485358988242
"MUS81",-0.300998817232971,0.000499000637468144
"MGMT",-0.470682892191117,0.000500109434034856
"TRIM41",0.3040369158945,0.000500414036521133
"SEC24B",0.303243658686364,0.000500664870287223
"ENSG00000232915",-0.86782718084593,0.000501998198600676
"COQ6",0.379622976366471,0.000502140903421732
"VAT1",0.393736131822909,0.000502313095667022
"ENSG00000298743",2.69083291304859,0.000502636077268843
"USP19",0.265551957983055,0.000503240414547747
"LYNX1",-0.576406962475451,0.000503679817871168
"SMG8",-0.355957045376514,0.000503758819752153
"TBRG1",0.312794895150657,0.000505054928947202
"CCNJ",-0.31430592279014,0.000505504311014952
"ST7-AS1",-0.740719645777436,0.000505529909584272
"LOC101928450",-1.55153676215332,0.000505858142446299
"C1RL-AS1",-0.568180561228524,0.000506445951872911
"SPAST",0.3320629578669,0.000506923398407002
"GAL",-1.33327188615071,0.000506959095369825
"ANAPC7",-0.261722569182156,0.00050735622333196
"CPLX1",-1.42288120104822,0.000507501988346805
"FAM98A",0.309422195268071,0.000508333472843522
"TCAP",1.49093462624057,0.000509745764210983
"QSOX1",0.505377523156141,0.000510485451412164
"LOC105378353",-1.25484559804928,0.000511175541605495
"FAM131B-AS2",-1.12367765282788,0.000511179807488311
"CLASP1",0.309551849830397,0.000511739303713055
"NCAPD3",0.292808414989016,0.000512460564620304
"LINC00641",-0.725009301914253,0.000513267854459535
"SLC67A1-AS",-1.04777344337556,0.000513329261618393
"RGS14",-0.461483236473556,0.00051388239351856
"CYP7A1",-0.600278572374637,0.000514356313637463
"FOXP4",0.329615447792812,0.000514565190562406
"PIK3C2B",0.454950079875746,0.000514716135998667
"MED21",0.346248793774072,0.000514910803638925
"ENSG00000233775",0.70983992078928,0.000515082859165208
"STARD10",-0.393178167899201,0.000515923767921915
"NDUFB2-AS1",-1.0141226872807,0.000519469875530215
"GGA3",0.298764223823024,0.000519844765138115
"ENAH",-0.340191544679193,0.000519887267068186
"TMEM249",-0.570530597882583,0.00052124685483537
"LRIG2",0.443867632763326,0.000521740489465905
"PAQR9",-0.356201697523655,0.000521851542645859
"SUGT1P4-STRA6LP",0.660971708025944,0.000522133509338345
"GNRHR2",0.875185826665062,0.000522872715167684
"IFTAP",-0.525163762147177,0.000523334233732321
"EIF3I",-0.388655003793914,0.000523681030576006
"EIF3M",-0.317742081267105,0.000524348658029976
"HIBADH",-0.358485597154059,0.000526070927565538
"MTF2",0.325141560180645,0.000527413814521166
"DCBLD2",0.309542738070289,0.000528683269703002
"MCC",-1.12579588811572,0.000529392437071458
"NELFE",-0.318706719519406,0.000529582882408723
"ATXN2L",0.337683190652963,0.000529654362379059
"MED24",0.289657856838076,0.000529771247329834
"SEMA3B",-0.586430340331994,0.00053048156702804
"ATAD2B",0.41494560859419,0.000530847587031098
"SNHG7",-0.372451488089023,0.000531105583776661
"MAD2L1",0.390764968583508,0.000531142242810928
"DPH5-DT",-0.539352708828071,0.000531146400840744
"CBR1",-0.477998844342513,0.000532858473704835
"QTRT2",-0.29645164899072,0.000534419085098106
"ST7L",0.386805380765582,0.000535748311929236
"SSX2IP",-0.363537436754362,0.000537652563588053
"ENSG00000294279",-0.92271851349434,0.000537771332091903
"ENSG00000296743",-0.820068743052021,0.000538355252066461
"ZSWIM7",-0.525953434548135,0.00053893914188855
"RPRD2",0.317685608196466,0.000539259979819143
"SLC15A4",-0.375552323465142,0.000540712705605263
"RPL26L1",-0.393422433892898,0.000540880669108017
"PKD1",0.451293092852224,0.000541109226232368
"GNAQ",0.30568894749088,0.000541229228187973
"ENSG00000253636",1.07277338281224,0.000541482099462584
"PRDX2",-0.460468694310181,0.000541496416066107
"SLC25A42",0.384803597209017,0.000541772394530937
"SPR",-0.382172931048078,0.000542234956066602
"PDP2",0.412173824741026,0.000542586486733564
"LINC02348",-0.697853658358445,0.000542687625636453
"DOCK5",-0.276135861050494,0.000543029960264231
"ZNF385B",0.600394687226042,0.000543057234576416
"POU5F1",0.512417999211286,0.000543574761115103
"ENSG00000215105",-0.627137817271315,0.000544985570085219
"CASTOR3P",0.385588892374513,0.00054582746376129
"LOC124907997",-1.00267527421578,0.000546165115621717
"NEK10",0.636035114707529,0.000546472939344822
"CCT2",-0.41259126514664,0.000546664222995067
"RNF181",-0.292932164097492,0.000548147870448141
"TSPAN31",-0.387806595685216,0.000548406554590675
"PSMD6-AS2",0.737997778824296,0.000549132988935985
"ENSG00000303182",1.03771438345634,0.000549268346344814
"FAF1",-0.288733424826824,0.000549498080414232
"U2AF1L4",0.555396047614184,0.000550099351129692
"ENSG00000260007",1.0337483002919,0.000551546406317741
"B4GALT3",0.349092165293876,0.000552627498115281
"BABAM2",-0.379484485061803,0.000552647305325961
"HIC2",-0.307514711478179,0.000552840653358617
"ENSG00000300074",0.793660412322706,0.000554338382415463
"UNC119",0.340976645258259,0.000555328870622097
"LRRC37B",0.473818961134485,0.000555467537350787
"GNG5",-0.302426364497865,0.000556185253680514
"SNURF",0.94518715387676,0.000557519191778671
"ZDHHC1",1.10563401671443,0.000557946444854098
"HIRIP3",-0.338702443264113,0.000558772772738797
"ALPK2",-0.694791554173266,0.000560660220262118
"MACF1",0.290431087639769,0.000561270365367317
"PLAGL1",-0.729502158587776,0.000561381188225949
"MIPEP",-0.442012303987694,0.000562595339852282
"B3GALT9",-0.70715595280072,0.000563008876331101
"ENSG00000300700",-1.50250823402271,0.000563609047285347
"ISCA2",-0.409224831699333,0.000564572889750964
"LOC101927330",-0.917954886883753,0.000564684735190134
"OGT",-0.286088287626064,0.00056469249540412
"ZMYM5",0.407872242691271,0.000564777517253475
"TRPV4",0.902519840661254,0.00056490898835956
"ENSG00000284747",-0.823567611736316,0.000565492766385301
"LOC101929174",-1.2729260573553,0.000565808074471355
"RBM42",-0.279400141209376,0.000566014739832265
"PSMB5",-0.411163454416061,0.000566808002568051
"CFAP298",-0.269004107818546,0.000568442726163773
"RFX5-AS1",-1.49400336058704,0.000569402701484398
"STIMATE-MUSTN1",0.60167574606488,0.000571261643165574
"ELOVL1",0.358904663042501,0.000571757359853463
"DNAJC9",-0.331162890280347,0.000572154380433827
"ENSG00000286144",-1.02828793604071,0.00057287553440517
"C17orf100",0.540559443104854,0.000573742717702018
"VPS13C",0.454893952804186,0.000574376977561052
"ENSG00000273906",-0.630851331783294,0.000575842011216227
"LOC105370460",0.803890464352596,0.000575890340962234
"KANSL1",0.293744994527902,0.000578581034174909
"KPNA5",0.386464377648383,0.000578613990533424
"CACNB1",0.583432637755345,0.000579000610358177
"RPL24",-0.386896536338863,0.000579224300976973
"PCAT7",0.638918244924913,0.000580070878720746
"VAMP1",0.451422856876502,0.000581705919563092
"NKD1",0.323719494101938,0.000582642206684517
"AHI1",-0.48640928792685,0.000583461679018095
"TXNL4B",0.387485858514983,0.000583540534912604
"AKR7A3",-1.08255033620093,0.000584010796124515
"CCNB1IP1",0.259796355894493,0.00058534332802588
"PPP3CB-AS1",-0.898924983839248,0.000585723521210472
"ENSG00000279583",-0.39871173402936,0.000587616579537995
"LAMTOR1",-0.312857931283287,0.000588948957615765
"E2F6",-0.267371109465565,0.000589876639831012
"PIGF",-0.364119655018456,0.000590081235173326
"GYG2",-0.407375544153751,0.000590526929694207
"SATB2",0.362286454325087,0.000590595686835267
"GOSR2",-0.287878365759795,0.000590792071551563
"PDGFA",-1.64609057903694,0.000591028529095945
"ERI3",-0.373121293945683,0.000591549785176557
"NPTXR",-0.570881030952422,0.000593186104124783
"MAP3K12",-0.951712182553707,0.000593473863221125
"ENSG00000288258",-4.29449146066563,0.000593832838474148
"LOC105377940",1.95513146450607,0.000595540488485876
"PALB2",-0.25006636278212,0.000595837392124448
"ALKBH3",-0.544033430853585,0.000598752382040198
"ENSG00000290854",0.621133447363098,0.000598866711921133
"ENSG00000275632",-0.777714592360683,0.000600472824854688
"SMIM38",2.94077475170892,0.000600736810442049
"ATG10",-0.467137093356847,0.000601815886202968
"CNTLN",-0.463929362271137,0.000604180940697832
"PHYH",-0.404351817045988,0.000604359918855486
"ATP6V0E2-AS1",-0.804780825838283,0.000606497555530434
"PRDX1",-0.385158380605469,0.000606815556950519
"TMEM74B",-0.62510963240486,0.00060764217880259
"CCDC134",0.477293836908726,0.000608027048147437
"AKAP9",0.522174495855289,0.000608885493058454
"CTDSP1",-0.380372131369612,0.000609607174670021
"LRPAP1",0.334616262204354,0.000612132779375302
"CREM",-0.409230036303763,0.000612793702615775
"ENSG00000309281",-0.59493430277883,0.000612946717713635
"SNX10",-0.35072522072461,0.000613817986183362
"INHBC",-0.616975254840171,0.000615453989607585
"LOC554206",-0.837045544145582,0.000617887809127194
"PSMD14",-0.364851046630958,0.000618006288277136
"SNX12",0.358792040212582,0.000618299349748735
"BAMBI",0.408822415477147,0.000618599801245991
"DPP4",0.466412109093009,0.000619341397022882
"TATDN1",-0.542811042638701,0.000619711103103655
"MORC3",0.370987948283962,0.000619835833435401
"ZCCHC17",-0.31273363446765,0.000622917589663521
"CRAMP1",0.315462041431367,0.000623706370588578
"ATP6V1F",-0.352433333254152,0.000623945874048014
"ZNF236",-0.377834539074729,0.000624536917601106
"TRIM62",0.570198117683741,0.000625012744521746
"TAF1C",0.342008861393507,0.000625116034883406
"RANBP3",0.307324359590286,0.000626239829685955
"PWWP3A",-0.357336408808728,0.000626284138917665
"HOXC8",1.3228544455719,0.000626923419033415
"ATP5MK",-0.391367553072727,0.00062709231823924
"DERPC",-0.641169109689728,0.000627985721515608
"WDR46",-0.310063400905212,0.000628275815083755
"STRN",0.355021411106297,0.000629779990648179
"MIR193BHG",-0.549273546027877,0.000630893703453898
"NDC1",0.386512894409679,0.000631161667424063
"ENSG00000288748",1.27246163040136,0.000635007130000387
"METRN",-0.443820372175988,0.000636888353107968
"ENSG00000293033",-2.51983467768613,0.000637440762280868
"FKBP3",-0.306596071579672,0.000638848317943358
"MFSD3",-0.479194304983449,0.000639490799549496
"ENSG00000261512",0.757752877258616,0.000639979783032032
"ENSG00000304588",-2.46245368501421,0.000641558368221094
"YKT6",0.311065054914352,0.000642154910691534
"ZNF333",-0.498432715872111,0.000642962907500715
"GADD45GIP1",-0.509709132311376,0.000643335954723985
"SMG5",0.301182613976226,0.000643352906168308
"RNF168",0.302189393736034,0.000646189376123445
"MRPS26",-0.399542774758758,0.000646636000555847
"PCED1B",-2.13684799759161,0.000647082200190111
"PEX11B",0.332803835016076,0.000647342929875368
"FAM86B2-DT",-0.500771935458953,0.000647524592278242
"PLPBP",-0.33476605216173,0.000649579776259461
"WDCP",-0.40181464066349,0.000651845125679381
"NUDC",-0.558029429010624,0.000652717129411078
"SYTL1",0.684844585499473,0.000654096652876597
"RBIS",-0.319793760396165,0.000654372537167903
"APC",0.401124675589996,0.000656032011117598
"ENSG00000268218",-0.50523777815494,0.00065669672569031
"SPATA20",-0.32118128729473,0.000659281385390749
"STPG3-AS1",-0.869952972460209,0.000659416738960529
"ENSG00000295873",0.618591204451457,0.000660036902018152
"PSMF1",-0.30523221966126,0.000663001103434597
"ENSG00000270696",0.496601947517935,0.000663107218559019
"KTN1",0.326727787781721,0.000663784750573647
"MAP2K5-DT",-1.2498610529406,0.000664440122327848
"TCF7L2",0.362719877651543,0.000665201521265769
"ENSG00000294598",-0.522511305129139,0.000665204663566928
"ITPR2",0.305037730581402,0.000665454660908464
"UFSP1",-0.882231260559275,0.000666863011445918
"MOB3A",-0.422523063026971,0.000670052930801863
"LDAF1",0.946439799558989,0.000672340982890336
"ANXA7",-0.315052350380276,0.000672738784436378
"LIMS1",0.266941892730081,0.000674405551833363
"ELOF1",-0.366275583683147,0.000675070885955857
"PAWR",0.364674287600682,0.000676022520804277
"NOL6",-0.360693537642508,0.000677545014449762
"ANK2",0.441319406031367,0.000678789015183971
"RNF10",0.305386260083404,0.000679148575313129
"CUL9",-0.386585685916214,0.000680300926767012
"CAMK1",-0.298325256691967,0.00068125378066886
"MBD5",0.300186674531069,0.000683512542233926
"RELT",-0.456233082827785,0.000684972374837015
"GBP3",-1.31929166736601,0.000688494748461523
"ENSG00000259755",0.828500496785574,0.000688790173938999
"JDP2",-0.65121135526536,0.000689789316532319
"DNAJC2",-0.364634790281609,0.000690242859814329
"ENSG00000272871",1.13387281346278,0.000690438039527171
"PDLIM3",-0.658392846801628,0.000690632930875366
"ETNK2",-0.731759599279594,0.000691120209344914
"NOC4L",-0.393975501893673,0.000691388919658967
"C4orf33",-0.661129233307767,0.000692598132998172
"HELZ2",-0.313007795233816,0.000693349351772162
"SIK2",0.352822715533383,0.000694449407397123
"EPB41L5",0.306404693956378,0.000694741990544322
"ENSG00000268205",0.26155179556927,0.000697570156278558
"ENSG00000278834",-0.750165644707593,0.00069779481971658
"TIGD3",-0.868436102650081,0.000700251550792565
"CASKIN1",-0.519704190470822,0.000700870195455618
"LOC124901104",-1.18038862608793,0.000701351730455114
"IL1RAP",0.454829506848803,0.0007017274764972
"MIB1",0.291835340654732,0.000705503035229521
"MDK",-0.346648133069774,0.000705679293228026
"FOXP2",1.75575774497327,0.000706350674767909
"LOC105375022",0.6118574392009,0.000706577857740786
"TNK2",0.33526725340978,0.00070679720523071
"TRIM33",0.284454465121929,0.000708410610278795
"KIFC2",-0.479123446752954,0.000710781741087238
"HAAO",-0.428743535160862,0.000711073900939156
"MTLN",-0.504711910623278,0.00071114662010364
"ZFTA",-0.49810119331813,0.000711422070418134
"BCDIN3D-AS1",-1.59481736656626,0.000712051884370265
"ENSG00000269911",0.828447234925653,0.00071270149064443
"TRIM44",0.377346794460083,0.000713192417488271
"RAB18",0.261162496275869,0.000713463369521099
"CCL20",0.877550715745621,0.000713469118218335
"MRNIP",0.429538159224158,0.000713861888983533
"AGPAT3",0.312593349349355,0.000716807862733994
"PPP1R35",-0.381146922873173,0.000716923607735483
"KIAA0753",-0.321367058179891,0.00071797856270396
"ENSG00000279095",-0.630420313633016,0.000719014217520668
"LOC102724159",-0.527544766798338,0.000721077298398911
"SSTR5-AS1",-1.28981888075427,0.000721327265662794
"ENSG00000269937",-0.882745850436496,0.000722303985733887
"PRPF39",0.426501255532543,0.00072237607578818
"EIF2B5",0.304916338191814,0.000722696089336368
"ENSG00000261342",1.48452967370141,0.000722897773315322
"LSM7",-0.289389538131507,0.000723545750540815
"ZNF526",-0.428567977835545,0.000723988777846623
"WDR18",-0.28817910118654,0.000725364798420648
"CTNNB1",0.333983514808174,0.000728235680018995
"ANKRD16",-0.499183120871194,0.000728693084182314
"RAMP2-AS1",-0.849303255071512,0.00073099545146098
"TMED7",0.319665914237959,0.000731244194332727
"ENSG00000278383",-1.8673023515572,0.000731866299806061
"MAPK8IP3",0.317655651070041,0.000734147300896291
"ANP32E",0.252660215800074,0.000735629444741163
"ENSG00000232352",-1.99569974963054,0.000735745639321957
"LANCL2",-0.426975158730548,0.000736046758916718
"ENSG00000307010",-1.45659321812405,0.000738096653156333
"CD72",2.9891405625592,0.000738630591534496
"NBPF11",0.390799646259161,0.000739228311382386
"ESYT3",-0.564942362770154,0.000739689767846772
"PMS2P4",-0.450754187348172,0.000740083263783928
"MLST8",-0.314313484273026,0.000740288725294793
"ENSG00000277938",1.16224044506149,0.000740577006254012
"APPBP2",0.278313087409138,0.000744197576097143
"ENSG00000226964",-0.851572228664302,0.000744213784742725
"ZNF66",-0.640239350171423,0.000744508437957166
"PROS1",0.30400548427843,0.000745089824147716
"ENSG00000284428",-0.607732184827538,0.000747339928037791
"MEX3A",0.351224362901756,0.000748592925226307
"AVL9",0.268764046156041,0.000748639973493747
"SHANK2",-0.31552351314803,0.000749834699994068
"TDRD3",-0.39803158854308,0.000749884634995989
"PCNX1",0.328725450578064,0.000752273215458793
"ENSG00000254859",-0.827988744710108,0.000752635804263169
"USP47",0.296645015768596,0.000752883857929621
"XRCC5",-0.329870896927612,0.000752912281717028
"ARHGAP5",0.269913733192407,0.000754463124767747
"NEK9",-0.290879934127453,0.000755312928529089
"GTF3A",-0.341780844395012,0.000758310154676123
"IQGAP3",0.489716315805686,0.000758854556564958
"ZFX",0.311271415527174,0.000758897995165517
"MRM3",-0.480648587848229,0.000758925799677583
"RTKN2",0.481457831623929,0.000759072304567112
"MAOB",-0.480368572140798,0.000759724877435656
"ERC1",0.432962706778907,0.000763362575981405
"H3-3B",-0.350386044254194,0.00076355986164969
"PIGS",0.365239939979313,0.000763985415519854
"FGFBP3",-0.492543233340405,0.000765006512521043
"GORASP1",0.256935319114594,0.000766354192262787
"MIR210HG",-0.728524180249666,0.000768110192788057
"LONRF3",-0.343703398469963,0.000769029650989812
"SDC4",-0.397073626555815,0.000769373142561479
"CRYL1",-0.381319504984484,0.000769767007276341
"PRIMPOL",-0.465107574672945,0.00077220920084368
"ENSG00000266086",-0.418419840076135,0.000773344978869613
"COQ5",-0.42441527338257,0.000773955867564464
"ENSG00000271737",-0.911532609440402,0.000774412335113803
"SMAD2",0.238873768171659,0.000775489513993455
"MPHOSPH6",-0.347409595528436,0.000776141321373508
"MPDU1",-0.264356716541448,0.000777833347656983
"SHROOM1",-0.443347770864776,0.000778061417135328
"NFKB2",0.335925676427199,0.000778469535067157
"ENSG00000177337",0.856465466924734,0.000779710137501802
"HAUS4",-0.370994772907647,0.00078004005285052
"LL0XNC01-250H12.3",-1.49428335777143,0.000780321566626492
"FBXL16",1.2550188395941,0.000780936902621976
"MRPS28",-0.406714932168632,0.000780943883611143
"AOC4P",1.1227844030085,0.000781506368845209
"UPP1",-0.71231853264874,0.000781968930947898
"SURF4",0.380705365638629,0.000783432202428588
"PDGFB",-0.490419674397622,0.000784435090489547
"IWS1",-0.301803350893098,0.000787240813276992
"GAPVD1",0.25511626669629,0.0007887584069407
"SLC38A10",-0.345544877963734,0.000790457552380096
"RWDD1",-0.368917286771431,0.000790600755628866
"BHMT2",-0.483998300690361,0.000790687526454139
"NDUFAF6",-0.334291409385271,0.000790992267421786
"TARS2",0.376874695318282,0.000792059601590428
"SLC37A3",0.348291184930794,0.00079253839557062
"ALDH1B1",-0.33320613371323,0.000793410644343267
"SNRPD1",-0.481206069368122,0.000795082902625983
"ICMT-DT",-2.07571703629359,0.000795785064662056
"EOGT",-0.328054310442544,0.000796274335485341
"ENSG00000261051",0.85847789436903,0.000796802151678102
"SCO2",-0.332202351578085,0.000797611010611908
"HOXC10",1.03446487359813,0.000798160527868395
"PLEKHM1P1",0.337456525521014,0.00079827479745871
"RBM22",0.321949587601642,0.000798498773945257
"GSTM2",-0.443726022875261,0.000799055252321688
"ENSG00000284431",-1.052676720884,0.000799219382084401
"DCTN2",0.278560289859646,0.00080094059520134
"ENSG00000289981",-1.59946105639334,0.000801701154309693
"SMAD6",-0.57846428954954,0.000804113246320568
"PJVK",-0.630033336376517,0.000805416386482476
"PODXL2",-0.370161171091638,0.000805550992520744
"FEM1C",0.35129006440046,0.00080558479009145
"LOC101929691",-0.777195117020578,0.000805620440858956
"FERRY3",-0.454781811258175,0.000806545640275936
"GTF3C2",0.28241998264403,0.000807885731132676
"NCBP1",-0.242346098271626,0.00080879686837455
"APP",0.325487316126344,0.000810988192381072
"LINC00574",-0.446620708639167,0.000812608059653624
"ENSG00000271590",-0.997443520458217,0.000813284130850127
"ENSG00000289365",-1.6948283455469,0.000814188803177496
"UCKL1",0.316062868573266,0.000817876479476373
"AKAP8",-0.2713921553008,0.000818006756933237
"SEPTIN7P2",0.302123562907965,0.000818104282864176
"AFG1L",-0.518404192246369,0.000818393765084224
"RUSF1",-0.283993868568884,0.000819009321232845
"RNF19B",0.468158564893028,0.000820418264008969
"SLC35E1",0.309461552511009,0.000822834419941244
"NXPE3",0.431313888097576,0.000823776681998382
"DBNDD1",-0.554529195624351,0.000823938075794165
"SPATA24",-0.807352324259229,0.00082579007336558
"ENSG00000253102",-1.78711074274491,0.000827236184314425
"ABCG5",-0.41181089322174,0.000827386855834205
"EFHD1",-1.05198341339283,0.000827556323433233
"CDKN3",0.332446926709769,0.000827802723209396
"SFT2D1",0.320160535738663,0.000831092840690684
"RAB22A",0.283897914675853,0.000831171216298927
"ZNF529-AS1",0.470565960621395,0.000831956280943044
"KLHL36",0.288579962733985,0.000832515737972032
"PRCP",0.482960598181927,0.000833417837819589
"C21orf58",-0.394656253853919,0.000834566491101547
"NR1H3",-0.390681930036336,0.000834629568743675
"UBTD2",0.26017298852742,0.000834938003528505
"CASP3",-0.335951283193997,0.000835863076993915
"FBXW10B",-1.31454726716072,0.000836552375655789
"SUPT3H",-0.327310327418964,0.00083660424304693
"ADH5",-0.302516208972621,0.000836795707992157
"RAP2C",0.300638937754553,0.00083938234744358
"C15orf39",0.32043714639201,0.000840097367733785
"MTRR",-0.253165841168019,0.000840375301404812
"SLC9B2",0.306898852118009,0.000842077819199797
"ENSG00000233912",-0.885036362191356,0.000843227011771397
"ENSG00000303584",0.652638257703615,0.00084354904576433
"LSM2",0.397857592089577,0.000846499819774186
"TPBG",1.18233466498879,0.000849927182327545
"ENSG00000299996",-1.09710152874584,0.000850363792386732
"STXBP1",0.50954915008189,0.000853834936541208
"BIN1",-1.55881652916627,0.000854928207907061
"RIC8A",-0.308726765798419,0.000854978545799665
"PPTC7",0.316869577652636,0.000855542481683919
"NKIRAS2",-0.326826327429143,0.000855944756148423
"ENSG00000293550",-0.538536013932535,0.000857545958326822
"SENP5",0.262396174289469,0.000858379817723512
"LIN28B-AS1",-1.02769393691055,0.000859770790993395
"AGAP1-IT1",1.2489554807619,0.000861301294432625
"PHRF1",-0.316815409374278,0.000862091734357217
"A2M-AS1",-0.9779693783731,0.000864263241242141
"PHGDH",0.267627329461778,0.000866161378967207
"SOS2",0.379041733499337,0.000867033264670258
"ZNF347",-0.664302228796864,0.000867562755789646
"RELCH",-0.375635634277256,0.00086881499682417
"ARMCX6",0.312284518086595,0.000869065745022986
"ZC3H6",0.801126627104337,0.000869096639800892
"TCF3",-0.284361045101191,0.000871681843706908
"CUL5",0.286220646164111,0.000872522356529707
"ZFYVE26",0.306273617590494,0.000873520237960918
"CCDC40",-0.428270411691245,0.000874884827357043
"CREB5",-1.00887385549464,0.000875248928068003
"ENSG00000268173",-2.33161511514323,0.000875695863872807
"CKAP2",0.393599699616442,0.000877007993670754
"CTXN1",-1.59780679848169,0.000877328094820945
"CENPU",-0.347346979393703,0.000878409504021351
"FTL",-0.442460257628304,0.000880768584423142
"ENSG00000272933",-1.02342839185807,0.000881345017007981
"TSNAXIP1",-0.765882106207457,0.000882263325712958
"PRRC2A",0.278296076070409,0.000883407661247398
"MAPKAPK5-AS1",0.324595805028326,0.000887953645796096
"ROBO3",1.12735700001522,0.000888534768497887
"NFATC2IP",-0.376711840216322,0.000889713420638176
"RAB3GAP1",0.262394986652247,0.00089059800466467
"DHX8",0.385886769912218,0.000893245186978285
"LARP1B",-0.27652461546722,0.00089371456806085
"AFG3L2",0.273069504275033,0.000894521202081631
"SMIM14",0.513824650451233,0.000897185855552648
"XAB2",0.294641722871347,0.000899937871610359
"USF3",0.392316906572744,0.000900283571926749
"HBEGF",1.04243475632556,0.000901858986584603
"IGFLR1",-0.460724445281534,0.000902948141932916
"ACSF2",0.454117221807552,0.000905381244123401
"NEU1",0.293750107215418,0.000905457711296414
"PPP1R14B-AS1",-1.56244453981758,0.000907504495740152
"BACC1",-0.325843655657579,0.000910211705251935
"TMA16",-0.415652744506279,0.000910244804023023
"TFEB",0.520097807888042,0.000910446003294635
"KBTBD2",0.288091087440165,0.000910974484229391
"ENSG00000308554",-0.592405533488131,0.000910999573732824
"DDX55",-0.307800721447278,0.000911090139749405
"PCGF3-AS1",-0.388944373026034,0.000912927855302917
"NDUFC2",0.408892640277628,0.000915364571288779
"SPATA25",-0.67414918333015,0.000918873510645429
"UNC119B",0.481857099037803,0.000919489040051898
"RANBP9",0.296619859878615,0.000919699541078084
"GPN2",0.296903026844064,0.000920337397834992
"ENSG00000279199",-1.55504705207377,0.000920595412464595
"PMM2",-0.236076779854947,0.000921294304467278
"VEZF1",0.33981326433602,0.000921602077654278
"DYNC1LI1",-0.382513233963036,0.000930360095701618
"PLEKHH1",-0.361644353143773,0.000930432444081993
"LOC105373367",-0.372729960673765,0.000931313850813802
"TMEM44",-0.344236936880054,0.00093140592076941
"NTPCR",0.316122181214734,0.000933450877463357
"PARP12",0.357677520939938,0.000936274972059906
"ENSG00000288670",0.606478587101499,0.000939155231639555
"ENSG00000248727",0.453790263564871,0.000939326537339751
"MRPL37",-0.324834436979365,0.000939407453378915
"ZNF770",-0.29060879743331,0.000940043512974561
"AQP6",1.39065749352355,0.000940954476979561
"GABARAPL2",0.316435069464765,0.000941965886381464
"EEF1B2",-0.457029387745057,0.000942323409984213
"ENSG00000289584",1.48303863291899,0.000942460515480825
"MICA-AS1",0.399605167441879,0.000943762841709636
"EXOC3",0.288208635239961,0.000945077206745999
"ENSG00000304848",-2.05992691582276,0.000950170027942808
"CPN2",-0.820965671815183,0.000950271795538253
"SLC22A9",0.351686927895311,0.000950972762627225
"MTHFD2L",-0.339884776481555,0.000951369163903544
"ENKD1",-0.383430851598564,0.000954175566866866
"ENSG00000290126",-0.641163937614131,0.000954949015542415
"ENSG00000301079",-1.04579720819811,0.000956785036390722
"TDRP",0.39306103416924,0.000957356649813284
"TRIM66",-0.406829900718669,0.000957365623559939
"NES",-0.72296118382709,0.000961451874313443
"ABCD1",-0.252881865951112,0.000961500468964998
"RNF217",-0.62906500748972,0.000963157376891445
"LOC105372564",-0.859025137917618,0.000965566761848739
"TCP11L2",1.14608107356454,0.00096589695437116
"LTV1",-0.296911821720757,0.000967026713472738
"APLP2",0.324820929576343,0.000968965168660909
"RAP1GDS1",-0.370347480211901,0.000971433008333063
"ENSG00000279253",0.893456445138112,0.000975884512668949
"PIMREG",0.482931434546866,0.000976043457050762
"ARIH1",0.314322243314988,0.000976559758132351
"POLL",-0.292256886609554,0.000976972284650761
"PPFIA1",0.248856659126231,0.000977947079966433
"FBXO25",0.359624535418472,0.000979115256881664
"ENSG00000288096",1.07527406983932,0.000980288337132249
"ENSG00000242553",-0.572387994067476,0.000981760897945402
"C2CD5",0.284964204731864,0.000984190422489963
"STAU1",0.361581103208082,0.000986190397993955
"ENSG00000293557",-1.12732510477884,0.000987428785140093
"ENSG00000230551",0.516343281895232,0.000987547028565088
"PARL",-0.309381664967708,0.00099197762277103
"NRM",-0.50301017527497,0.000993164774899698
"LOC124908099",-1.51321937658747,0.000993438387446305
"KLF3",0.310695412754734,0.000995539165216697
"TTC34",-1.03204674904444,0.000996162687930367
"ENSG00000272977",0.476210542480275,0.000996693192813723
"PAQR3",0.487121579536262,0.00100007304610169
"ADGRL1",0.743187017999311,0.0010007622672028
"SNRPD2",-0.34107487299328,0.00100177130790422
"YEATS2",0.289011802452809,0.00100304210494657
"ZNF558",-0.337658714606713,0.00100335874016605
"TMEM179B",-0.334700915145688,0.00100360960679856
"C8orf33",-0.386907761429627,0.00100554446576574
"COMMD10",0.412547450218198,0.00100656962995737
"RTL10",-0.27912105535601,0.00100662507550396
"TUT1",-0.279364457737854,0.00100682998438484
"MAN2A1",0.387706795497599,0.00100737398589695
"CRYAB",-1.22107046780611,0.00100872150332178
"ASCC1",0.36704743159461,0.00100945422366628
"TTC12",-0.482665403070347,0.00101365461962914
"LETM1",-0.253354396045717,0.0010142762136797
"LOC107985524",1.49983221769879,0.0010146711884332
"MAPKAP1",-0.262099330026794,0.00101706162600458
"ERCC6",0.418441089096298,0.00101712915390524
"MXD3",0.523089385747993,0.00101776425220231
"ZC3H14",-0.231636237458782,0.00101901200861369
"UCHL3",-0.394418925071161,0.0010203481025669
"ENSG00000286549",-0.823716672828943,0.00102091630813146
"ENTR1",-0.275687073815765,0.00102772143468248
"PLLP",0.484439906850962,0.00102912488358647
"LRRC23",-0.680121938805174,0.00102951858936761
"ZNF687",0.289854932963253,0.00102993367305281
"CA12",-1.23500445991197,0.00103055227487984
"ENSG00000279744",1.1076292999833,0.00103085379613884
"SIVA1",-0.393934841460553,0.00103213960286197
"ENSG00000253669",-0.52398232822027,0.00103492461483977
"ZNF425",1.09079483292432,0.00103630868069191
"CHCHD5",-0.434132884877804,0.00103653875430575
"ENSG00000214770",-0.960115073527983,0.00103773475392876
"NR1I3",-1.01079629215802,0.00103784932080782
"TOMM40L",-0.307854788943173,0.00103876770992261
"SLC16A7",-0.705873976785034,0.0010403687687622
"CKAP2-DT",0.789217572451046,0.00104119285525396
"IL13RA1",0.300840512655734,0.00104159390999248
"SLC27A3",-0.395474950321259,0.0010457638137601
"CHD9NB",1.48111039498692,0.00104708513415186
"ENSG00000302846",1.58332070034426,0.00104736005553443
"FADS1",-0.329835777246548,0.00104992920021548
"LOC124907725",1.00248537044472,0.0010509446786531
"TSC22D2",0.315387722094513,0.00105224789592388
"RBM6",0.372823980033513,0.00105453623650928
"ENSG00000272631",-0.763571390327677,0.00105930619788407
"JAKMIP2",0.564890289327677,0.00105979510819861
"GJB1",-0.398030847556919,0.00106130204053668
"GCLM",-0.33051027765872,0.00106141657579495
"BAG6",0.3023409745591,0.00106163586879136
"SERPINB1",-0.518055736285017,0.00106500220502901
"BNIPL",0.946040977531478,0.0010658895446486
"RIOK3",0.257331817239304,0.00106673490624779
"MAGOH",-0.355311832430002,0.00106850033415492
"KIF13A",-0.247864563955841,0.00106858265417895
"BTN2A2",0.3419987654491,0.00107086282011747
"TMEM50B",-0.354940289297421,0.00107173239351481
"PLCB3",-0.42576541733233,0.0010727892753171
"ACSF3",-0.255638896891027,0.00107386881786035
"TSACC",-1.24310992750014,0.00107471518662389
"LRRFIP1",0.403270011826,0.00107841554666207
"ENSG00000267980",-1.15713113672768,0.00107921209814157
"SPNS1",0.354948167573602,0.0010807612617898
"HNRNPDL",0.344042940136054,0.00108088123444546
"FAM151B-DT",0.305323611063763,0.00108533419927321
"YES1",0.302622230053209,0.00108616754341377
"ENSG00000259363",0.421429890132357,0.00108626809917055
"GCFC2",-0.247837764081571,0.00108711907575643
"CAMTA2",0.310209831976162,0.00108747570509545
"DGKE",0.417446360904859,0.00108855979590392
"PCBP1",-0.326717727692681,0.00109031168034312
"RC3H2",0.271682484859619,0.00109339918038815
"FYTTD1",0.291658559322603,0.00109449047628555
"ENSG00000287787",-0.871589217581749,0.00109676503245491
"AARS2",-0.308352215444313,0.00109680856593758
"SRCAP",0.495431901816043,0.00109685537329805
"LDLRAD1",-0.918738681190079,0.00109958277809566
"ECHDC2",0.281860490668602,0.0010998742038212
"RBPJ",0.276292024423586,0.00110047897636347
"SETD1B",0.271540766829903,0.00110246845296963
"INHBB",-1.35191690989703,0.00110286798322996
"RAB2B",0.241825200155982,0.00110449225792818
"PRDM16",0.527437675053636,0.00110473787193888
"TSPYL1",0.355765593381922,0.00110485460997932
"ENSG00000301382",-1.6224642001155,0.00110530076020644
"RIMOC1",0.293152485419104,0.00110688202029365
"PLEK2",-2.11526199510987,0.0011074977103553
"LOC107986760",-0.770540273856992,0.00110807318125062
"DNASE2",0.642074146705335,0.00110812070105668
"PIGY",-0.286777962810712,0.00110916873446625
"PYURF",-0.286777962810712,0.00110916873446625
"SLC9A3-OT1",-0.470710042528309,0.00111487120028385
"HOXA4",-0.409207938895892,0.00111491380767892
"CDC7",-0.345572679891767,0.00111549918343119
"EIF5A",-0.38008743307035,0.00111611065373745
"IFT80",-0.291881760810016,0.00111724384381098
"TEX2",0.253611091327157,0.00111829183954301
"HYCC2",0.435236975879805,0.00111927643183824
"ENSG00000267404",-1.47171737203021,0.00112243551318964
"PAPOLA",0.267649681660021,0.00112701452809555
"ENSG00000289183",-0.469409017829674,0.0011299810144059
"ENSG00000289727",-1.13553182237562,0.00113131495035362
"UBE3C",-0.242316733890329,0.00113191573004931
"POLDIP3",0.267939391103825,0.00113264969026461
"XRCC4",-0.529523229586101,0.00113293978332808
"TANK",0.302906986939411,0.0011345293071745
"PHF6",0.270314879192788,0.00113544438905004
"SLC10A3",-0.316913957150508,0.0011361449674691
"C8orf44",0.491963237046374,0.00113710778963312
"SLU7",0.370339915488418,0.00113924804810223
"ZNF449",0.492468335232539,0.00113941674604583
"MPZL3",0.60920590586078,0.00114015059435185
"FNDC3B",0.307302923897076,0.00114068840575569
"DDX41",-0.282328761549007,0.00114096743952806
"STX1B",-0.559187823766732,0.00114305670447102
"PACSIN2",0.32595903254654,0.00114369153209244
"ZNF878",-0.568933002288726,0.00114474118730409
"ENSG00000294288",-1.77192279353985,0.00114516493977322
"ENSG00000271698",-0.615631653981536,0.00114779518820892
"ENSG00000244119",-1.42212980754415,0.00114866885330658
"TRIM27",-0.243106399153645,0.00114988179675
"NINL",0.323051773526335,0.00114994181381369
"ENSG00000230658",-1.20814193659059,0.00115066106630518
"TTLL4",0.317780484689201,0.00115388267753404
"LOX",0.589909404163391,0.00115473073321659
"ENSG00000278000",0.705354686401647,0.00115617907287977
"CHSY1",-0.330365560614447,0.0011564328052679
"SEMA6A",1.11461192172659,0.00115934726355442
"VPS51",0.297677729678566,0.0011627184102988
"ENSG00000299040",1.38533649189357,0.00116475364222515
"ENSG00000290076",2.46890015494542,0.00116477067833186
"ENSG00000249790",-0.723105210311085,0.00116808318503886
"DLEU1",0.31259388054183,0.00116816987622292
"COL7A1",-0.60547973005862,0.0011684597684478
"ENSG00000278291",-0.566671022221953,0.0011699460626236
"NOP2",-0.399114574960823,0.00117263880330871
"ADO",-0.322791601533711,0.00117275654938293
"NT5C2",0.237704084554961,0.0011740036077998
"FXN",-0.321163553209212,0.0011741809139883
"MTMR1",-0.296603833767973,0.00117651545607762
"GPR35",0.250184917294553,0.00117712612286927
"ENSG00000272617",-0.786917808886038,0.00117780874476988
"GRWD1",-0.284353670742975,0.00117786791074738
"LIME1",-0.497329004119122,0.0011783082452058
"TTF1",-0.356349728852481,0.00118047573627927
"ENSG00000229299",-0.788454916213489,0.00118105629752355
"KRT18",-0.696310866250532,0.00118172542139739
"CLN8",0.329838410767024,0.00118284811704466
"TRAF7",0.226017620451801,0.00118303545717133
"HERC3",0.504222145925995,0.0011830714954454
"ENSG00000272994",-0.417304987789372,0.00118361824630079
"HSD17B4",-0.296269458000146,0.00118486658546007
"VPS35",0.233202812396065,0.00118559898929694
"UBOX5",0.383295637069531,0.00118675453273391
"NKAIN1",-2.65460458226285,0.0011880467426963
"TOR1A",-0.375390067458351,0.00118832728191039
"OTUD6B-AS1",-0.478155210319986,0.00118969738192413
"TTLL1",-0.852436593840663,0.00118979175889859
"NEDD8",-0.432140186814631,0.00119248796896339
"GRN",0.339833671192594,0.00119527209857523
"TIMM50",-0.31089256146341,0.00119734030130196
"METTL4",0.353505794144895,0.00119910779180863
"REXO4",-0.310570690087182,0.00119947775399325
"ENSG00000248394",-0.958906170658551,0.00119952807142546
"MRPS30",-0.27966951824906,0.00120000506388428
"OSBPL10",0.597739663350065,0.00120123577576422
"KEAP1",0.287200477079717,0.0012052657111167
"PLPP7",1.51755150825727,0.00120857740744676
"IHH",0.947529206982267,0.00120879146458671
"ZNF101",0.340841459988613,0.00120955377339464
"ENSG00000229431",-0.649689215089712,0.00120964685062483
"DIP2A",0.273936812445736,0.00121042439785451
"PRUNE1",0.497029421344052,0.00121122667524555
"TRABD-AS1",-0.774559879386146,0.00121165569358645
"MPPE1",-0.389852818239282,0.00121256088147669
"ATRX",0.377412365470541,0.00121315365223606
"KPTN",-0.32145618039562,0.00121335008602703
"ZNF217",0.304212010365606,0.00121851484650482
"ENSG00000279026",0.742541324432462,0.00121858590828804
"NPW",-0.607243549788366,0.00121921502117769
"ENSG00000293404",-2.23111206677359,0.00122007439755838
"ENSG00000203392",1.59891611873482,0.00122021218162368
"ZNF814",-0.613868018176925,0.00122233680567418
"SASS6",0.344675931376033,0.00122258645650034
"LOC102724135",1.79242998465735,0.00122274632666912
"TAOK1",0.271932234169141,0.00122513253732446
"SLC13A5",-0.364293110966417,0.00122596773740825
"CROCCP2",0.298728284883463,0.00122748837655936
"PIP4K2A",-0.36151501597724,0.00122839768028354
"ENSG00000285085",0.930081294360646,0.00123103123408364
"IGFALS",-1.1105296225037,0.00123331195052525
"ENSG00000287481",2.70043888232432,0.00123360014996533
"PELO",-0.348088022354375,0.00123395924051878
"GTF2E1",-0.288232650061215,0.00123470966328431
"SCO1",-0.263615986704974,0.0012357499432301
"ENSG00000310026",-1.4282694737385,0.00123838727445767
"PPIEL",-0.963088794780973,0.00123882715965965
"APOO",-0.558499208978908,0.00123958151574199
"ITPR1-DT",0.78225333162328,0.00124032600570766
"GRIP2",1.59135296757155,0.00124152195802817
"ENSG00000226330",-1.15070544390073,0.00124226359277188
"RBM8A",-0.322623876386749,0.0012423401700883
"SLC1A3",-1.88348624012306,0.00124439683763312
"EPS8L3",-0.370021692460094,0.00124489019723612
"ENSG00000234771",0.357667847859192,0.00124965052231117
"DYRK4",-0.477933372234138,0.00125044066750899
"FSAF1",-0.307345212888069,0.00125071268027108
"NCOA4",0.349120705262599,0.00125160500311753
"OGDH",-0.289261525549487,0.00125166912204521
"ENSG00000273355",-0.690921613668202,0.00125327029774341
"ZDHHC19",-1.30727570235661,0.00125412698147002
"HNMT",-0.339383371967961,0.0012547925970552
"RFX7",0.248587028487884,0.00125596656746861
"ENSG00000259132",-0.893505850141247,0.00125606605644359
"ENSG00000267681",-1.08349949420568,0.00125624626094612
"PGBD1",-0.317397056349678,0.00125717746753486
"CTNNAL1",-0.296077019279336,0.00125829358711135
"FUT11",0.435939666145618,0.00125921672199215
"PTPRO",-1.30515776297791,0.00125957570572717
"JKAMP",0.310945495548769,0.00126206449337983
"DNAJC1",-0.347768136561661,0.00126206855246594
"NUFIP1",-0.308116577914137,0.00126223796057169
"STX7",0.301533498403876,0.00126337914460972
"MEGF8",0.40851309119571,0.00126542559259875
"ENSG00000297950",1.3396881110457,0.00126641869082492
"MOB1B",0.33660353427442,0.00126899728060886
"CSTF3-DT",-0.818884661101711,0.00127180069297376
"ENSG00000242588",0.325139454641414,0.00127234973574776
"PIGK",0.364314614351095,0.00127566585555761
"HIF3A",-1.54158156721098,0.00127749573258738
"ENSG00000306836",-1.53357413909421,0.00127758886069707
"PMS2P5",-0.607289962323685,0.00127860637341352
"TBC1D12",0.357375302191322,0.00128405103674995
"ENSG00000286416",0.840665640692422,0.00128536080346116
"GSK3A",0.282497206742536,0.00128648064417425
"ZNF775",0.457293979731146,0.00128662781061128
"ENSG00000304435",1.0313273188454,0.00128693059943013
"RAD23A",-0.261898044922038,0.00128779072479048
"CC2D2A",-0.543266755470931,0.00128944637447659
"RSPH4A",-1.3432001243429,0.00129215901836399
"ENSG00000269846",-1.34233776470023,0.00129292919517134
"LZTFL1",0.470361550601746,0.001294529762029
"SPAG16",-0.358707801680929,0.00129612231766999
"JADE3",0.33395717748146,0.0012968811622309
"UGCG",0.518649631485933,0.00129788719263538
"STX6",0.288634220502297,0.00129919259912323
"ENSG00000303104",0.895111057188011,0.00129933406930979
"PNKP",-0.351157431478915,0.00129973734793574
"MYO1C",-0.335644517718041,0.00130063813206846
"GTF2A1",0.33308961587918,0.0013015784248337
"LOC100134368",-0.851917418117459,0.00130362868455791
"PMF1-BGLAP",-0.823267807699477,0.00130421333073656
"ABCD4",0.322526050295264,0.00130549719431922
"FOXA1",-0.287255364418286,0.00130734415695437
"PAOX",-1.08651099143022,0.0013085988675444
"ZCCHC14",0.259848219313776,0.00130976138667553
"MANEA-DT",0.711566602402878,0.00131029245964843
"HERC5",-1.81337771786005,0.00131120973054294
"RAB5C",-0.299244703815712,0.0013113728017203
"PDK4",1.5301977324638,0.0013117690261708
"N4BP2",0.2930345165893,0.00131242981726859
"ATP6V1H",0.377926438001467,0.00131569351674997
"MON1A",-0.444507541988945,0.00131687882281783
"ORM1",-0.465518603091224,0.00131889898103774
"DAGLA",-0.390250397812907,0.00131974735376875
"RSL1D1",-0.336527210877461,0.00132375177369428
"ENSG00000275445",-1.82682915738476,0.00132433332480301
"FBXO4",-0.643208530580655,0.00132620415563511
"AP3D1",-0.226743936804059,0.00133044075972479
"MAZ",0.240039528762038,0.00133058735071223
"RARA",-0.241410249829385,0.00133308191747005
"TRMT11",-0.269419148747364,0.00133362441567134
"GDPD1",0.489789142848481,0.00133451453448239
"PIP4K2C",0.358973992841436,0.00133502878148673
"KPNA6",0.240954173066508,0.00133808292029478
"FBXL12",-0.268162439753975,0.00134022437464569
"MIER3",0.340487660035419,0.00134043811354018
"IL11RA",-0.611650742603785,0.00135118807604482
"FN1",0.37189114821451,0.00135285290418478
"DAO",-0.969812071334163,0.00135515308517048
"TLN2",-0.359297617777074,0.00135664445442189
"ENSG00000273443",-2.22473242344905,0.00135866800562165
"GPX7",-0.516145862640241,0.00136080935087795
"DKK1",-0.893697526434753,0.0013611802212012
"TMEM253",-1.05554827790087,0.00136317688929414
"PPM1G",-0.335687270011266,0.00136358144777046
"ENSG00000290263",1.71200314545581,0.00136372767197287
"NELFB",0.284432689716402,0.00136409964397531
"SLC7A1",-0.344359255535877,0.00136789538003682
"OXA1L",-0.332858741987616,0.00136818619349823
"ENSG00000260500",-0.99883747687465,0.00136872168524536
"SLC25A24",-0.404437589016269,0.00136903509465648
"MAP3K4",0.308004737013829,0.00137070585471394
"BCYRN1",-0.787934352089844,0.00137201614467709
"HSD17B10",-0.288745139824226,0.00137593838466194
"LINC01191",1.38465154055624,0.00137770923968609
"CCDC59",-0.388836994109733,0.00137805904046781
"MSMO1",0.389901531188879,0.00137852509652458
"ENSG00000261067",0.715130541083429,0.0013840688292709
"CCDC13-AS1",1.70037425029925,0.00138712372721987
"TDRD7",0.417842911364673,0.00138755444152623
"C2CD2L",0.364560793965013,0.00138808606890967
"LOC730183",0.502164442936925,0.00138856712905471
"SRSF1",-0.235739506897944,0.00139101039608754
"MUC13",1.64741011542803,0.00139268596994432
"ZNF268",-0.351986056482568,0.0013952692026541
"APOC1",-0.291809390917494,0.00139541812507443
"ZW10",-0.271103066170957,0.0013958200674242
"TOX3",0.308603740646302,0.0013975360522378
"B4GAT1-DT",-0.509402056650087,0.00140069763036003
"CNKSR3",0.25351177546494,0.00140636657716776
"ENSG00000310289",-2.02905056666162,0.00140658148489606
"GLS2",0.548873128048185,0.00140767431484555
"FIP1L1",-0.261722940875956,0.00141175273646368
"ENSG00000143429",-3.0414410440121,0.00141493824944825
"SH2B3",-0.345918285107552,0.00141674134972615
"PCDHB13",-0.648494265395969,0.00141725023524404
"ENSG00000280417",-1.59535807546197,0.00141907972550198
"ENSG00000288100",1.17916325163112,0.0014200682926454
"ENSG00000308228",0.672388705151389,0.00142238374788107
"MACROD1",0.334005933476361,0.00142336921197131
"NDUFS8",-0.250586253750187,0.00142354196201418
"ENSG00000272918",1.47982915005565,0.00142474629502209
"MORC4",-0.539192376150775,0.00142492668836703
"ZKSCAN2-DT",0.350457093401382,0.00142526588582996
"CDC123",-0.339455217545872,0.001426592353196
"MGST2",0.517484262427005,0.00142732808214313
"ENSG00000288743",-1.04257846191768,0.00143699921983563
"SLC25A22",-0.267888544253271,0.00143821662374865
"DHRS12",-0.502329385907664,0.00144092436628023
"ZBTB6",0.413463851535171,0.00144097479140046
"RAB11A",0.300866859507833,0.00144172609688957
"ENSG00000287107",-1.60022855200682,0.00144189993508281
"NEURL4",0.40193774824409,0.00144480839887095
"DNAJB1",-0.302603255758209,0.00144501536057343
"PPP1R10",-0.316143356608485,0.00144901970022216
"H3C6",0.574900693600026,0.00145087855162494
"MCM3AP-AS1",-0.549181637027124,0.00145313581156288
"ENSG00000289375",0.890639760279154,0.00145449696628823
"DNTTIP1",-0.26864671795106,0.00145535012034802
"TUBGCP5",-0.35581000212687,0.00145672521826836
"ENSG00000293410",-1.3590363132334,0.00145730632100959
"DDX3X",0.323575409935239,0.0014620659350462
"DENND6A",0.320401401848163,0.00146561728424051
"EPCAM-DT",-0.706742902499303,0.00147102862028122
"C16orf95",-0.560006959229892,0.00147153735640591
"MTHFR",0.397010238150709,0.00147195543041253
"STIP1",-0.376198991665748,0.00147284851328361
"NEPRO",0.234343567377166,0.00147361905163191
"SNX9",0.345420093267389,0.0014747885645037
"ENSG00000235669",-1.44658375118059,0.00147482598683531
"RNF216P1",-0.232181167545583,0.00147507174241032
"TUBGCP3",0.36873346530658,0.00147568591748596
"EIF3K",-0.450014588731038,0.00147697113317559
"ADCY10P1",-0.860953119186038,0.00147734234014222
"RPL21",-0.331738707845064,0.00147883528969164
"ADCY6",0.316778835697057,0.0014808255870485
"SNX25P1",-1.00612236027367,0.00148183820669672
"PPIP5K1",-0.392894219236489,0.00148228983181155
"LRBA",0.252862520166472,0.00148296594293755
"ZNF638",0.229272023169952,0.00148316550319854
"ZNF711",0.461671966359423,0.00148474160379771
"ENSG00000274769",-2.13932856774231,0.0014880681517212
"SPATA17",-1.46084589613724,0.00148833516767853
"C1orf159",0.427631907257954,0.00148925897264383
"PSMA5",-0.306937005215926,0.00149013564942037
"ENSG00000214776",1.39626370382515,0.00149346182128897
"VPS4B",0.298741172508186,0.00149493791932228
"ATP2C2-AS1",-0.639051976424184,0.00149496691996843
"ENSG00000229740",-0.815631544917068,0.00149626897125069
"SBF2",0.301574940410719,0.00149789272173755
"ACAT2",0.337040415401742,0.00149914433734868
"ENSG00000247011",0.894225251989395,0.00149935258580835
"LRRC24",-0.625659553688668,0.00149993072840912
"ENSG00000272916",0.665524634399629,0.0015009778177659
"LOC102724200",0.338745134650075,0.00150179379176052
"MATCAP1",-0.313340374133578,0.00150341602273611
"CHPF",0.332721713649332,0.0015036023673045
"MSANTD2",0.276405642070694,0.00150423737692248
"FTX",0.245726468416336,0.00150490621620831
"CCDC18",-0.468644264129011,0.00150804379482529
"NUDT16",-0.308362720764933,0.00150966453046869
"ENSG00000247934",-0.78998728502848,0.00151623324716133
"ENSG00000289177",-0.43851377476676,0.00151879382964966
"LFNG",1.32913743432855,0.00151934081550223
"PTPRH",0.390824563212078,0.0015210384500096
"JMJD7-PLA2G4B",-0.375873007022965,0.00152662255388397
"GLDN",1.0620734431201,0.00152728027799831
"ENSG00000266378",0.449365232631525,0.00152933107227392
"RPL7AP16",1.02971146118762,0.00153077366172307
"PRELID1",-0.316849595246524,0.00153135771253012
"DNA2",-0.446151318162047,0.00153153035819368
"CMTM8",0.302168033231514,0.00153379277415246
"TGS1",-0.330638333578742,0.00153452086189105
"KREMEN1",0.326186370453338,0.00154073923146037
"SLC9A6",0.434326251045042,0.00154148548637319
"PITPNA-AS1",-0.59908375955875,0.00154321911055626
"ENSG00000308641",-1.11685597861204,0.00154415400388723
"BMERB1",1.07325860728086,0.00154469717450764
"SGK3",-0.32699570457148,0.00154516470004266
"CDHR3",-0.415218772764412,0.00154827423640622
"DIXDC1",0.390738359244044,0.00155390435610814
"ENSG00000205740",-1.03014955039675,0.00155687697122058
"ENSG00000131002",-0.67229010004026,0.00155808314589518
"DMTN",0.42382048175977,0.00156011039070689
"ZNF485",-0.545718674037087,0.00156193146087379
"HIP1R",0.265754010882236,0.00156218235635635
"ENSG00000295161",-1.2256063773756,0.00156266731551167
"WRNIP1",0.280465282702967,0.00156278546968712
"IPO9-AS1",-1.03852560575821,0.00156380056938501
"SFT2D2",0.379794758378004,0.00156697330902228
"CCT5",-0.340956629214031,0.00156725544577515
"ENSG00000289094",-1.15391246212115,0.00157235508846894
"CRLF1",-0.361313210965176,0.00157237153294894
"BAIAP3",-0.67129917313622,0.00157314622162868
"EIF5B",-0.384823369902637,0.00157598738723329
"GTF2F2",-0.386071366866511,0.00157636478084068
"TM9SF4",0.32072022262803,0.00158084712230575
"CALCOCO2",0.31510909614277,0.00158291333639467
"GADD45A",-0.290924774921237,0.00158402111567027
"STK38L",0.300232241896827,0.00158405055702288
"DNM1L",0.213343391393738,0.00158421816191249
"ENSG00000289971",-1.46990435712416,0.00158435015730788
"TCEANC2",0.393469039574861,0.00158501685670301
"LOC107985200",-0.596590408466528,0.0015893423204465
"DHX40",0.331106459696967,0.00159004743821413
"SF3B4",-0.352629289410837,0.00159143596044484
"RAB26",1.04664356074849,0.00159311377354407
"ZNF280C",-0.431208790117158,0.00159473274695952
"CCDC121",-0.622953886223913,0.00159515750869802
"CCDC12",0.252228703453148,0.00159619947396626
"ENSG00000310236",0.438259092469224,0.00159668953578018
"ENSG00000304309",0.290272617182988,0.00159873432556362
"ENSG00000272277",-0.678795570436502,0.00159993672224704
"ZNF69",0.313855385793214,0.00160066704245299
"POLG2",-0.292853075349854,0.00160226216935725
"ENSG00000286448",-1.5773613678837,0.00160292005843186
"ENSG00000232855",-1.02508917463739,0.00160597641740819
"FBXO7",0.282974066138329,0.00160646591400189
"FAM174C",-1.09340751981396,0.00160696536855155
"POLR2I",-0.396131375572799,0.00161365579178851
"RPS10-NUDT3",-0.800053790509703,0.0016136774818714
"MISP3",0.449812334381847,0.00161679275178525
"C5orf15",0.302980241129465,0.00161859630579061
"DDX11L2",1.22010223460306,0.00161885868940163
"PRKRA",-0.242203618672635,0.00161956258449245
"RPS6KA4",-0.344791545550952,0.00161972135590294
"ENSG00000277476",0.42923247913805,0.00162129943234505
"ZNF444",0.228214299869542,0.00162299208627901
"UGT1A1",0.825603662275676,0.00162307992606099
"FAAH",-0.460761158616331,0.0016235955020099
"OSTF1",0.385710309594221,0.00162442467506556
"HID1",0.479629225506847,0.00162710321486487
"RAD51C",-0.286475753318057,0.0016276088268533
"LCN15",0.857948239618866,0.00162892972896563
"EMC3",-0.852215859556378,0.00162925424033176
"EXOC8",0.418660642759189,0.00163711512181058
"IMMP1L",-0.378377730791813,0.00163971678415924
"C16orf87",0.268284218704801,0.00164011904421394
"GCH1",-0.257338893136561,0.00164178322743829
"CASP7",-0.282397805707225,0.00164328595235001
"CATSPER2",-0.693980963716991,0.00164407151993214
"ENSG00000291224",-0.498248849294866,0.00164412746784335
"NAV2",-0.353892742420259,0.00165726474351047
"ACTR6",0.329139242256826,0.00165878258091594
"DKC1",-0.255224079652739,0.00166035341566456
"NGDN",-0.249181278409566,0.00166318071408689
"RABEP2",0.286137235342303,0.00166492326213437
"PROSER3",-0.494478796937504,0.00166599954491836
"HAUS1",-0.411003173373062,0.00166802417384409
"ENSG00000279337",-2.13866969772595,0.00166828328556866
"USP37",-0.254039708037521,0.00166970061064843
"GUSBP1",-0.343050978436331,0.00167162648354559
"IER5",0.419865014723068,0.00167237090047309
"TNIP1",0.445452666295125,0.00167427198489596
"LOC339260",-0.329446052662912,0.00167593810692263
"TMEM11",-0.362785870140105,0.00167881426657319
"SLFNL1",0.90670542424674,0.00168049568719136
"TTC1",-0.355147907892443,0.00168312236138232
"MTMR14",0.259845639078486,0.00168502029887912
"SLC25A33",-0.236803818397423,0.00168863968070365
"ENSG00000280198",1.16810533621046,0.00168986719805533
"MRTFB",0.244340324017464,0.00169105065908214
"ZNF77",-0.449663464861136,0.00169473554306544
"RELL1",0.457561414762806,0.00169564468409195
"SNAPC4",-0.380405966085896,0.00169633731358075
"ENSG00000291201",-0.279533002603617,0.00169739629319239
"ENSG00000293076",0.777719303313756,0.00169960430500426
"ENSG00000289154",0.537921185896782,0.0017001781208979
"EIF2S2",-0.420025687624881,0.00170284822422085
"GPR19",-0.872194913213197,0.00170423050780449
"PSMA3-AS1",0.286085607189979,0.00170480854756974
"MPP1",0.270332915784698,0.00170500393502805
"ENSG00000247679",1.39450671660076,0.0017061751183817
"ENSG00000269940",0.68226824242879,0.00170779480817736
"RNF227",-0.848806480570199,0.00171016623754658
"FBXW11",0.352605500158868,0.00171182752338921
"LOC100652758",-0.601834125228372,0.00171381405847267
"CDHR2",-0.55114346179383,0.00171446802011817
"TFAP4",-0.292956620052329,0.0017185992521271
"PRKDC",-0.292775512525817,0.00172178821259701
"AVIL",0.883350550931071,0.00172364183610846
"OIP5",0.436627798167466,0.00172419257030087
"LOC105377209",0.92568411326342,0.0017264952747924
"ENSG00000261997",1.76701671901033,0.00172700564687444
"RAB5A",0.280706961430911,0.00172982630482187
"ENSG00000273356",1.74044791756652,0.00173002051004294
"PSENEN",-0.428016025997668,0.00173020289837353
"ENSG00000262881",-1.22471255809163,0.00173099915994416
"STXBP5",0.290002672761323,0.00173451307065809
"CCDC146",0.658549572874095,0.00173716175590397
"OGFRL1",-1.11804481339369,0.00173765957520499
"OTUD3",0.357153842363008,0.00174109497468429
"PRELID2",0.362052177826901,0.00174113362618875
"NR2F6",-0.430692509829856,0.001741139999831
"HDAC3",0.308621606296844,0.00175212690335303
"ACYP2",-0.36638843502398,0.00175333173865041
"ENSG00000270558",-0.85881934371015,0.00175502524477977
"FMNL1",-0.797085893070313,0.00175672097860974
"NOMO2",0.450264307514015,0.0017576586439345
"INTS5",-0.361821111876517,0.00175885616361651
"LNX2",0.346978703614203,0.00176318038660876
"DDX27",-0.271391736854938,0.00176444154406875
"DTNBP1",-0.298169885844306,0.00177117000141771
"PMVK",-0.371298033400941,0.00177617584414683
"QNG1",-0.336516107761079,0.00177853163433762
"POLRMT",-0.243846306788273,0.00178257485701924
"AGO3",0.318239198842485,0.00178392117691258
"NDUFAF7",-0.230618593726237,0.0017863641875388
"NISCH",0.3187449450648,0.00178960705052191
"PRX",0.735823297577893,0.0017942774368504
"ENSG00000280399",-1.00938413093754,0.00179607057349964
"EIF4G3",-0.210734833607608,0.00180328982043502
"NOD1",-0.562583612314622,0.00180433248484578
"CCDC14",-0.390198232985726,0.00180501883182118
"SS18L2",-0.307422957489789,0.00180900695251493
"CMTM7",-0.267060998844637,0.00180960163209274
"ENSG00000273259",-0.555898017020896,0.00181199138471308
"TMLHE-AS1",-1.19179466675073,0.00181395804892358
"CARD19",0.337243831910255,0.00181427648696155
"SMG1",0.307009649836368,0.00181618974286904
"ENSG00000286138",-1.07139499231961,0.00181628772591863
"H2BC19P",-1.92334076621296,0.00181732363301702
"C1GALT1C1L",-0.434958318459396,0.00181934932396397
"PIK3C3",0.3518178090155,0.00182314007289321
"BCAS3",0.368694212803388,0.00182317682110275
"ZNF74",-0.330840385505019,0.00182344066406295
"MFSD11",0.313264887491595,0.00182472959774916
"KCTD21-AS1",-0.503493596165316,0.00182579422430001
"ENSG00000293901",-0.699311806875418,0.00183170194679439
"BTN3A1",0.341786037277779,0.0018317581035516
"MLH3",-0.324286028868274,0.00183454091000366
"ENSG00000293091",1.19834456271056,0.00183475787646505
"GOLGA6L4",0.35837132169576,0.00183747834984837
"FRS2",0.339392717522716,0.00183858696149522
"ENSG00000266469",-1.26061767848043,0.0018404590656385
"STX4",-0.211879335205484,0.00184078743897337
"GNRH1",0.59223004661583,0.00184499318397585
"MCM3AP",0.240076426049571,0.00184527159532913
"XKR8",0.42863887080269,0.00184562120537871
"RAB5B",0.300405829432237,0.00184642371285866
"CDK8",0.263556111947104,0.00185264931068049
"TMEM41A",-0.523440973289979,0.00185335874000088
"SMO",0.381920702511342,0.00185400176243721
"PKN2",0.268980307909717,0.00185564757031597
"PLP2",-1.01372913056714,0.00185867683878731
"HSBP1L1",-0.376575095047769,0.00185908812666567
"MRAP",1.65787805520237,0.00185919208904882
"MRPS6",0.317517022693326,0.00186049631204639
"NOL7",-0.296222572641002,0.00186505788977483
"ZFP91",0.236891586656565,0.00186760869228616
"SNX15",0.289796477172525,0.00186844791300203
"VRK3",0.388081110849987,0.00186915998040783
"ZNF12",0.235991965363558,0.00187103642819543
"NR2C1",0.2880090096182,0.00187141587403409
"MT1F",-0.835299470998695,0.0018726844331197
"ETS2",0.444034320865209,0.00187300068153897
"XNDC1N",-0.753717486074297,0.00187590570856138
"ZDHHC12",-0.378024306174574,0.00187599786450016
"TOMM22",-0.326270780396979,0.00187762630363152
"ORM2",-0.42607275972613,0.00187899744736529
"LEPR",0.492445819493115,0.00188238033004329
"RDH14",-0.324049040997983,0.00188292142353416
"ENSG00000270426",1.67663310346528,0.00188578161165346
"CNOT2",0.204979279890756,0.0018858767963949
"PPP1R13B",0.255596056697821,0.00188774641297786
"TMEM129",0.438674404062317,0.00188820513461425
"CHAMP1",-0.328245343805322,0.00189021816219359
"SLC2A1-DT",1.64355831197565,0.00189168561222187
"CREG1",-0.336419261304853,0.00189393942273559
"CDKN2D",0.485475228110414,0.00189456429190989
"ENSG00000288684",6.59308496229943,0.00189541441452343
"NUDT16L1",-0.258727725828623,0.00189756578079424
"RPS27",-0.360462816686488,0.00190154069546904
"IP6K1",0.277012169905539,0.00190450386715063
"CLDN15",0.375803357877811,0.00190696640331727
"PRIM2",-0.256569434785942,0.00190722975255234
"RHBG",-0.680742405355525,0.00190854927378004
"PSAP",0.413452267923928,0.00190953714932233
"LINC00652",-0.486148832820579,0.00190969596602117
"TMEM182",-0.441877644417865,0.00191295638874406
"ENSG00000258114",-1.12966138440742,0.00191316753719644
"SERAC1",0.303357768042529,0.00191515708936758
"DCDC1",-0.850109123259949,0.0019168227946463
"DICER1",0.249557276214937,0.00191960152836129
"SLC46A1",-0.325152621875353,0.00192066977591791
"ATG16L1",0.346087206138372,0.00192191844523586
"CDK17",0.289734755130264,0.00192289158804447
"PIP4K2B",0.214022030054453,0.00192334649460561
"LSM8",-0.234631564007374,0.00192598899975749
"KLF15",0.520892974387264,0.00192677676741506
"ISY1-RAB43",0.524080235120961,0.00192807769241147
"ENSG00000181097",1.20451651455531,0.00192860345595336
"DBNDD2",-0.633048438411106,0.00193138779868705
"LRRC8B",-0.319429241199663,0.00193154906900471
"CFAP44",-0.466912484146411,0.00194200163853857
"WWC1",-0.334411229958533,0.00194491534167736
"CCDC9",-0.24617420374355,0.00194566230678897
"ENSG00000289983",-1.69015127100878,0.0019459741009268
"ENSG00000261351",-0.736800936930094,0.00194812178971115
"SLMAP",0.235347685118758,0.00194906290785878
"CCDC127",0.367473893224114,0.001952761196519
"XPNPEP1",-0.241963409267162,0.00195771544845947
"EXOSC6",-0.229228690727448,0.00195801967814912
"ENSG00000250508",0.781276861811399,0.00196476962972435
"CEP41",-0.344317948569927,0.0019804191276467
"USP53",0.26754169502237,0.0019832191805563
"BTBD1",0.246468136405454,0.00198389575567276
"PYGL",0.259464188663481,0.0019850132313522
"DPP9",-0.206620509366555,0.00198541168968163
"KPNB1-DT",-0.639481234639172,0.00198769863368173
"ENSG00000234664",-0.584301325720066,0.00198798937335248
"ZFHX2",0.644595502773044,0.00198817832686561
"POLRMTP1",-0.577975185299455,0.00198903069692473
"SLC35A2",0.314136738320521,0.00199252195652242
"TRIB3",-0.347749154269589,0.00199642043901012
"PTPRN2",0.467483169778954,0.00200019839971387
"RAB35-AS1",-0.433610178976325,0.00200452152000821
"NOL12",-0.314691169178424,0.00200538118608731
"VPS41",0.246023199885391,0.00200602867917537
"LMAN1",0.299779165842568,0.00201287272655958
"ZDBF2",0.532953189308011,0.00201371479820762
"BCL9L",-0.47363797733689,0.00201493072179587
"BSN",-0.521112739438366,0.00201740031426694
"UPF3B",-0.283475913326117,0.00201873835801689
"MAP2K5",0.381352971757538,0.00202099210014171
"LOC100506551",1.526981615666,0.00202340723207868
"DNAJC27",0.497615841894734,0.00202524334403242
"GK",0.388541501442277,0.00202685987396304
"KRT17",-1.25966899643279,0.00202739924396922
"YY2",-0.686826800866443,0.00202793296028952
"KNTC1",-0.384406037651725,0.00203304995127921
"ENSG00000228835",0.786994072643458,0.00203633014551511
"ENSG00000267303",-0.417522499348265,0.00203736712905904
"LIG3",-0.243231942110357,0.00203851362149978
"RPS15",-0.395453968031868,0.00203917582684294
"PALM",-0.42619807852502,0.00203989785578079
"RBM45",-0.43671243232486,0.00204747153406496
"COTL1",-0.353716274131612,0.00205065532540191
"ENSG00000286271",0.583437006890007,0.00205510090222551
"DCUN1D2",-0.309715754250135,0.0020563204480271
"DNAJC7",-0.228397526505059,0.00206103539354662
"SP140L",-0.256658641048596,0.00206167951287325
"EIF4EBP2",0.296252775736635,0.00206243424292204
"ENSG00000268650",1.71376250231714,0.00206341910390171
"CD27-AS1",-0.452447932997756,0.00206589373960229
"KDM7A-DT",0.51182926056242,0.00207087512880073
"LOC102723575",-1.50726011131658,0.00207920015679476
"GCDH",-0.387111291201923,0.00207975755985021
"BAZ2B",0.357346705452406,0.0020810790060872
"NAB1",0.234360973092237,0.00208229273023024
"ARL5B",0.290175401479362,0.00208351098931724
"ZNF517",-0.571546891623502,0.00208472995148105
"CIC",0.301905083787214,0.00208621637221012
"EIF4A3",-0.2991440573024,0.00208645987446663
"SLC4A11",0.647976681314396,0.00208866534890766
"SOX7",-1.05524839052929,0.00208882571425735
"GLTPD2",-0.361682767397795,0.00209183262952469
"DNAH14",-0.393482232674289,0.00209207557734091
"LOC124904039",-0.831597785547296,0.00209490212922535
"MAN1A2",-0.292364436075078,0.00209586756798384
"ENSG00000309428",0.63411205651906,0.0020979430910125
"PCYOX1",0.374241556795283,0.00209972874413475
"INTS1",0.251485995945961,0.00210050002055767
"ENSG00000226396",0.706981240433221,0.0021070237670022
"SPATS2",0.285567575851933,0.00210755577015591
"ENSG00000293219",2.41840436612098,0.00211035394963835
"ENSG00000277369",-0.815622991169477,0.00211214228401099
"SZRD1",0.272189989992206,0.00211771378812807
"TBC1D10A",0.360532835018691,0.00211780751611698
"LAMTOR5-AS1",0.494558073907787,0.00211950350249266
"ZDHHC4",0.233217961911981,0.00212213163829876
"C11orf54",0.339816409830921,0.0021233122349969
"PAXBP1-AS1",-0.94387132354478,0.00212810851001293
"LRRC45",-0.36431904426324,0.00212884465480435
"KLC4",0.314119459376549,0.00213083379470004
"ARPIN",-0.414677260340779,0.00213195643666259
"PLCB1",0.296166738027694,0.00213238119082243
"ENSG00000303419",1.47703115180745,0.00213308656387177
"MTFR1L",0.251442846673265,0.00214382865119812
"NSFL1C",-0.222897719296576,0.00214623159313447
"ENSG00000235859",0.606369882883122,0.00214716439323697
"PDE7A",0.270845109184043,0.002154365269283
"ZNF724",-0.576140964486405,0.00216134211726182
"TMEM139",-0.413814433293476,0.00216297987397849
"TMEM14B",-0.323157151968204,0.00216806845535419
"CDK5RAP1",0.264795795331498,0.00216820827399324
"ZNF227",0.463969061348777,0.00216905401964241
"RSAD1",0.230936823238135,0.00217520443072768
"TONSL",-0.41050617248874,0.00217776168487064
"ENSG00000279701",3.71245752439601,0.00218135107745384
"ENSG00000290018",-0.698070300578243,0.00218259268285078
"DLGAP4",0.22286306515148,0.00218579030867188
"AIF1L",-0.394200598010611,0.00218590496804741
"NOL3",-0.355313230114698,0.0021875864063938
"LCDR",0.476768184998262,0.00219235422601829
"LTN1",-0.221636571157582,0.0021942645926045
"PROSER2",-0.422467837996509,0.0021944656168202
"SLC35C1",-0.254556294968266,0.00219511448669335
"ENSG00000280057",1.02202796549341,0.00219539570021907
"RHBDF2",-0.340604977108265,0.00219668053188027
"LRIG1",0.348682522892021,0.00220110390072441
"ENSG00000286970",-1.59682397824071,0.00220112893383159
"PSRC1",0.534042390679312,0.00220138545789319
"ENSG00000273192",0.787178814088842,0.00220243137340846
"ZSCAN31",-0.537234184606126,0.00220337244430806
"SCRN3",-0.373558476732954,0.00220354824757021
"TRMT5",-0.362543670336555,0.00220603898519217
"FUT4",-0.777802210643933,0.00220619844972709
"NME3",-0.461089332457035,0.0022063157874299
"TWSG1",0.328829487131352,0.00220796919862496
"TIMM9",-0.410306991563749,0.00220981745313139
"DIPK1B",-0.920621941123767,0.00221089044800214
"ENSG00000250397",1.48860077941719,0.00221458759222348
"ZNF777",-0.358149926787844,0.00221537994218913
"ZNF548",0.298965398490968,0.0022225714290901
"TMEM222",-0.287245393942595,0.00222294100934789
"ENSG00000305547",-0.795157633969566,0.00222522199207373
"ATP13A2",0.245135731370567,0.0022284950816799
"TMEM242",0.303595527451063,0.00223430156098768
"EIF3D",-0.337821250696856,0.00223526992074185
"ABCA1",0.293256792098799,0.00223810943901906
"LMNA",0.350655701614996,0.00224139079261163
"BROX",0.269162926349999,0.0022424064927403
"UBE2W",0.292695008996098,0.00224284839699998
"LLGL1",0.270991589473378,0.00224290662786224
"LOC101927572",-0.745831801648664,0.00224346023638729
"FOSL1",-0.751192722303071,0.00224673158088748
"FN3K",-0.298850998601049,0.00224940395391502
"UBD",0.654847254614656,0.00224984789154447
"TCF12-DT",-1.31784499520854,0.00225245259425584
"KLHDC7B",-1.81609734468691,0.00225440889624743
"MSRB2",-0.546082610342082,0.00225496541507822
"ADM",-0.641321833641715,0.00225514484311606
"ENSG00000250474",-1.86460076184528,0.00225740339390027
"ENSG00000237522",0.531946029109043,0.00226154019288294
"ENSG00000269068",1.18590597067621,0.00226323657442344
"MDH2",-0.31407532308482,0.00226542283438644
"ATF6",0.338317719508287,0.00226903830721469
"RAPGEF6",0.284301525429669,0.00226993434070473
"SNTB2",0.292942115561575,0.00227280933318793
"ENSG00000289494",-0.619619330520814,0.00227377716183273
"WASH5P",0.485815488048704,0.00227414137408475
"TRMO",-0.409849285980669,0.0022762998563838
"ITGAE",0.404632366412078,0.00227922367776242
"PTP4A1",0.28386384290713,0.00228221928200245
"SMG9",0.240220701535464,0.00228362265005226
"STBD1",0.361582695401863,0.00228493526884908
"DNAL1",0.511246686762394,0.00229017620549582
"FAM89B",0.396242762181252,0.00229091400953073
"CPNE2",-0.415497000618584,0.00229703499270276
"CIITA",-1.76533238393171,0.00230046116593805
"CRIM1",0.301640237329324,0.00230245804039168
"ERN2",0.602725675308626,0.00230383466522166
"ZNF592",0.288594916667286,0.00230840749411609
"ENSG00000279266",-1.84103112377589,0.00230981087288233
"ACTR5",-0.269661408657183,0.00231005530414067
"TMEM205",-0.27753697590575,0.00231130012466565
"DSTYK",0.37868907245955,0.00231179908775083
"NAPB",0.333890802682129,0.00231294877077609
"ENSG00000272068",0.79554330371811,0.00231926098857474
"MTHFSD",-0.286857400064482,0.00232252783481656
"TENT5B",2.10616886730606,0.00232524205771402
"TIGD4",-0.765005053556885,0.00232737603717247
"PRPF19",-0.267506342526562,0.002327607153299
"KAT2B",0.632713910158909,0.00233414771831959
"NSA2",-0.39176768166758,0.00233621488834381
"UROC1",-0.601039421084426,0.00234061516675118
"KRT23",-1.05475376953023,0.00234188576648393
"ERVMER34-1",-2.06232538165638,0.0023474963238528
"TMEM167B",0.347913391975819,0.00235035882787719
"LARP4",0.243110612839714,0.00235073327873524
"MRPL19",-0.276212682297594,0.00235150268518363
"NFIX",0.328354228673719,0.00235185883609536
"PCGF1",0.429132743592217,0.0023526687024514
"PCYT1A",-0.275298622164695,0.00235338383942482
"ACTR10",-0.313656137829228,0.00235583357033264
"IL17RE",0.534908974997786,0.00235600094079963
"SPIN3",0.376861812458243,0.00235968293264519
"GUCA1B",-0.659370354262502,0.00236049312700874
"GRAMD2B",0.32124824828591,0.00236166446681875
"RUSC2",0.336599055891246,0.00236254911135592
"B3GNTL1",0.319732485672327,0.00236296213576564
"RAB11FIP5",0.403562047716486,0.0023701545615239
"SMOC1",0.270033465942248,0.00237552832788171
"CHGB",-0.63244086146057,0.00237590321506107
"ZNF503",-0.251477093360193,0.00237614821319585
"ALDH1L1-AS2",0.610261785458752,0.00237823150873722
"ZNF41",-0.343456867267303,0.00238211308360889
"ENSG00000272688",0.665196624592084,0.00238570588981957
"ATG3",-0.369331909197359,0.00239030921657541
"LINC01772",0.869299765348998,0.00239134795484117
"ETAA1",0.254135625890069,0.00239305524238599
"MRPL39",-0.296693880378349,0.00239433611601985
"DCAKD",-0.287494442970219,0.00239767501329087
"ENSG00000272969",1.59807956178723,0.00239789045974404
"ENSG00000270638",-0.815875455322063,0.00239812167769363
"SUMO1",0.262253050418027,0.00240045274147066
"FAM27B",-0.510217057060701,0.0024016837858969
"CCZ1B",0.242844503981108,0.00240208887663201
"BTBD16",-0.967482743745321,0.00240349101836006
"ENSG00000224411",-1.2614224635784,0.00240994539993348
"CX3CL1",0.342637972527501,0.00241146921189593
"PILRB",0.357624254747083,0.00241151427707415
"PRMT1",-0.24787505791296,0.00241196368956575
"AQP7",0.74546917107751,0.0024180673565853
"SRPK2",-0.218123353224608,0.00241953276621427
"NDUFA5",0.257865533361997,0.00241966054455531
"NFKBID",0.639289795741277,0.00242055326747253
"RAB4A",0.266599184985699,0.00242231823295817
"ENSG00000288473",0.563763877143259,0.00242280403248786
"ENSG00000307784",-1.20780874804933,0.00242335142465374
"ENSG00000308663",-0.956198977188845,0.0024251284210041
"C2CD4C",2.00105557145983,0.00242573934610495
"ERICH4",-0.650298280847931,0.00242730867542916
"MORN2",-0.524561771451863,0.00243072382397536
"SMOX",-0.435895337371753,0.00243509587293877
"CUL4A",0.21663733236549,0.00243789514317537
"ENSG00000261889",-1.37814345215714,0.00243910877470735
"RPL32P3",0.291818395760623,0.00244037199340844
"SNHG31",-0.806490449671652,0.00244135173119105
"PYGO2",0.206054565390725,0.00244166337623044
"TAC3",1.52877939140051,0.00244388964759286
"DNTTIP2",-0.32789494270407,0.00244448699085183
"H2BC21",0.5470009920585,0.00244648701775207
"KDM4B",0.348599995724164,0.0024488239759465
"ADNP2",-0.2897333001099,0.00244915339651562
"VAMP2",0.234323752289718,0.00244995490711664
"IER2",0.245520608397018,0.00245154782296957
"BNIP2",0.264335508228792,0.00245159371094622
"OAT",0.377927952979002,0.00245265113070329
"GTF2A2",-0.258418005288558,0.00245956063878535
"LARP7",-0.294635176370243,0.00246455222568679
"MCUR1",-0.23872000281124,0.00246832404515624
"BTBD2",-0.286196440892454,0.00247204159283783
"ENSG00000289318",0.920928397437707,0.00247986716438384
"LENG8",0.279087182765245,0.00248204983957288
"BRMS1L",0.288231629764144,0.0024904630691513
"SPOCK2",0.40545564011845,0.00249101169225966
"MTMR4",0.274811698056921,0.00249235861988123
"INSIG1",0.93145141766883,0.00249849889384363
"TMEM250",-0.27275586286483,0.00249916598515743
"LINC02766",-0.9706931310114,0.0024996679161936
"GTF2IP12",-0.26909032363251,0.0025003589985914
"PTGER4P2-CDK2AP2P2",-0.374678312175652,0.002501294687081
"TOR1AIP2",0.231543747684772,0.00250307947185428
"AKR1B10",-0.361543384749102,0.00250476959544305
"ACAT1",-0.239389428712982,0.00250782251017384
"STIM2",0.405723508831199,0.00250868783811882
"TP53",0.219981311803964,0.00250927365752942
"PDLIM1P4",1.13209001083544,0.00250967870209447
"ENSG00000286117",-0.657198617707222,0.00251057268198149
"FXR1",0.262028940820055,0.00251271530019507
"FAM110B",-1.24205483136566,0.00251445309994919
"HBA1",-1.54212619061088,0.00251655489135346
"PIK3CB",0.334146486110837,0.00252077651110186
"ENSG00000278041",-1.09055936901372,0.00252115032549923
"ENSG00000272054",1.01308025190724,0.00252733921013866
"NCDN",-0.280322388341336,0.00252946640348497
"EFCAB13",-1.05770639533375,0.00253344517544488
"ORC4",0.265391158069491,0.00253740959638842
"ETFDH",0.345197263166716,0.00253784976576125
"SYPL1",0.347490943966273,0.00253866810408721
"SCOC-AS1",-0.851621893052244,0.00254534585091013
"TTC9C",0.253896760615246,0.00255100395322175
"TEAD3",0.226571173002549,0.00255398430428559
"RECK",0.416598152885584,0.00255531884865731
"TEX9",-0.498669091917622,0.0025555908050106
"TBC1D22A",-0.365591272462835,0.00255596436365107
"DHRS7B",-0.359977118958696,0.00255732236293619
"PSMC2",-0.255133564456767,0.0025591440437291
"ENSG00000302769",-1.02439372777938,0.00256001657937724
"AKT2",0.226074988553115,0.00256316753392169
"MMP24",-1.65359623988759,0.00256542516773824
"SPIN4",-0.480230253711186,0.0025654654965365
"DUSP1",-0.590522930828214,0.00256679559749665
"ACTR1B",-0.224991514471662,0.00256707311556114
"EARS2",-0.260358611995014,0.00256731956093395
"ENSG00000289594",-0.687226017044934,0.00256980719109619
"GASK1B",0.31713165568703,0.00257030639059888
"LRRC2",0.842901344764525,0.00257100505003019
"LRRC75B",0.317126947793942,0.00257467311606628
"SPIN1",0.260892578026729,0.00257854891276345
"MMS22L",-0.406874111360372,0.00257936084027577
"MUC20",-0.987902610538587,0.00258074246256713
"MYLK",-0.437443837770356,0.00258309213552737
"TMEM230",-0.320589592892634,0.00258662516481456
"OR2B6",1.53199503378741,0.00258830964630392
"RHOC",-0.487608451512939,0.00258957959024065
"LOC105377267",-1.1681726347124,0.00259081110338353
"PLAC8L1",-0.994025997864355,0.00259703464744733
"F12",-0.564192629125954,0.00259998251832424
"ENSG00000289159",2.15115217524382,0.00260090460811897
"PTBP2",0.354845438043792,0.00260550342341286
"CCL15",0.525925448287394,0.0026055165164671
"ZMYM4",0.217205430353827,0.00260641880764471
"GPNMB",-0.624764494553303,0.00261401118775598
"LINC01134",0.443686074185332,0.00261566439572148
"C6orf120",-0.21456307214641,0.00262202709955253
"ENSG00000277957",1.15957136180782,0.00262373337308662
"TENT5A",0.319192883596374,0.00262394845601761
"ENSG00000282393",-0.661111806308149,0.00262576452897937
"TUSC2",-0.266006914921379,0.0026272628463219
"SCAMP3",0.238979258814571,0.00263012871090669
"ENSG00000293186",0.883924282993575,0.00263255491877567
"CCND1",-0.294550689289558,0.00263258970211776
"ENSG00000263272",-0.970613686844054,0.00263623539709033
"GFM1",-0.324403834101287,0.00263740940471531
"ENSG00000250290",0.470580380656943,0.00263876326353738
"ENSG00000280088",-0.439083046716799,0.00263896903542213
"HLCS-AS1",-0.567580096065169,0.00263925080981402
"INO80B",-0.30776406069663,0.00263933422224495
"SH3GL1P1",0.779848098935548,0.00264064999702623
"HAX1",-0.270625339053944,0.00264082773279563
"RN7SL832P",-0.690975557414478,0.00264224568451779
"RRM1",-0.246007387250399,0.00264808911887109
"ASB2",1.1731440621428,0.0026501020402014
"SLC4A7",0.382947528796046,0.00265359116987528
"ATP23",-0.561636552475127,0.0026543287689666
"ZNF664",0.202059363340688,0.00266145875145797
"MCCC1",-0.252744075587747,0.0026647101346966
"ENSG00000304586",-1.03768039065238,0.00266592174828124
"SNX2",0.250290044352291,0.00266740187126399
"ENSG00000280362",2.87945232867721,0.00266991204263706
"SYNJ1",0.374960866038831,0.00267005116246552
"KCTD18",-0.41265826986119,0.00267306972570084
"CHP1",0.225906933690643,0.00268042274335932
"RPGRIP1L",-0.403118083478854,0.00268411831527475
"SRRM5",-1.02131678461898,0.00268484219854905
"TSPYL4",0.29870937858192,0.00268533746607029
"OXCT2",-1.33001557867635,0.00268709360804883
"NRN1",2.26520475081128,0.00269673851756041
"BBOF1",0.717772949278913,0.00269884956275665
"OSBPL8",0.22326566303843,0.00269954500055518
"ENSG00000282508",-0.386240287070164,0.00269960775931076
"GALNT16",-0.820077616786823,0.00270146689420688
"TMEM87B",0.275101715603977,0.00270152995226254
"NSUN5P1",0.263113022531887,0.00270184281903646
"ATXN7L3B",0.286387206321067,0.00270727670501294
"LRP4",-0.459731010842127,0.00270792197076543
"SLCO2B1",-0.720199352429395,0.00271221952433478
"B3GAT3",-0.360974266531132,0.00271914420682255
"LINC02615",0.617135646903305,0.00271978921856389
"SLC1A7",0.860196784751135,0.00272056364708319
"TPM3",-0.279860184026375,0.00272199502829037
"ENSG00000251393",-0.612927147174612,0.00272222215418609
"ERCC1",-0.344152171373303,0.0027231019129796
"ST6GALNAC2",-2.98882649391868,0.00272398873181019
"ENSG00000290085",-0.662189311410939,0.00272498512890157
"ZBTB12",-0.322683534166196,0.00272517732456779
"TEPSIN",0.260193981638395,0.00272683940069555
"LMLN",-0.430852830579665,0.00273204646805886
"ENSG00000304289",-1.53196885597157,0.00273262801648137
"IL10RB",0.299855431153904,0.00273635916685084
"TEX10",0.232858152391108,0.00273775349660738
"SUGT1P3",-0.418132781937962,0.00273824057768638
"USP33",0.238728615752955,0.00273884779180748
"EBP",0.339157962245386,0.00274044355021308
"CFAP43",-1.01156278780692,0.00274482151620988
"LINC00667",-0.286637031372539,0.00275120692493278
"ENSG00000250995",-1.84043508827137,0.00275406472412941
"CCDC171",-0.578622548070099,0.00275414576767785
"ENSG00000291214",0.55668129088428,0.00276103824675422
"RPP38-DT",1.05898309692833,0.00276314167465861
"MYLIP",0.597991028894617,0.00276539065405147
"TEAD4",-0.272647702417086,0.00276803155505394
"ENSG00000273784",0.381643668749761,0.00277219533071356
"ZBTB7B",-0.35825543566722,0.00277540103823792
"ATP6AP1",0.289675668348909,0.00277866426203744
"SCARF2",-0.452925918002079,0.0027819749666453
"BTN2A3P",-0.502580423155386,0.00278286829342054
"AP1S2",-0.353183949884232,0.00278443342491615
"THORLNC",-1.20768430040356,0.00278894591520138
"JPX",-0.274040906894115,0.00279017691462387
"AKAP5",-0.629374879178757,0.00279483334634788
"EXTL3",0.302716860389008,0.00279531518859943
"ENSG00000267571",1.139144623287,0.00279825608409182
"ENSG00000289405",-0.473046090155457,0.00279826823152258
"SRPRA",-0.234863635262686,0.00280056852789449
"ENSG00000291078",-0.533573952543408,0.00280241135448313
"NUTM2D",-0.54343121527844,0.00280601191676973
"ZNF767P",0.377473831928973,0.00280750502303107
"VPS25",-0.263366571312883,0.0028115184072263
"LRP11",0.297426011940422,0.0028117265701737
"YWHAQ",-0.243954001245494,0.00281819476494375
"CNN3-DT",0.364237081584606,0.00282153153500053
"ERP27",-0.599187265164086,0.00282159743589765
"UBE2D4",-0.347066022677259,0.00282603203699599
"C5orf24",0.212917715753681,0.00283136829533043
"EIF4A2",-0.244675202139869,0.00283502276910133
"TOR1AIP1",0.334945210597675,0.0028352170478614
"TRAPPC5",-0.407289687302224,0.00283638792718985
"ENSG00000251485",0.957003641905856,0.00283647445090863
"ENSG00000298805",-0.922610209341938,0.00283673108800309
"MAK16",-0.274651841119206,0.0028385984826097
"TMEM128",0.331601552570649,0.00284178737806233
"MICB-DT",1.3485610268521,0.00284242085541024
"ENSG00000267801",0.877619346626831,0.00284854898759985
"EMC2",-0.322496024674098,0.00285091428985392
"ZNF8",0.343294901122287,0.00285873902546795
"TMPRSS3",-0.811032263377765,0.00286020782543482
"EPHX1",-0.432077251155661,0.00286216039108765
"C10orf95-AS1",0.282712329096839,0.00286551607304549
"SPRY4",0.569210953326397,0.00286795134117341
"GPR108",0.254597507660477,0.00287258622080094
"KCTD21",0.533654598227887,0.0028731933083764
"TIRAP",-0.386008018871239,0.00287660766101042
"STAT5A",-0.467499129138027,0.00287806483632722
"ANXA13",1.55600556319285,0.00287809229541457
"VMA22",0.26052994229465,0.00288246406318452
"TNPO3",0.223339610062524,0.00288570376484015
"LRP1",0.353030939490191,0.00288867827592248
"LOC101929004",-0.988308034044343,0.00289561878447527
"ENSG00000309012",-1.9171085120243,0.00289683548177222
"CORO2A",-0.353753440073935,0.00290178866294237
"ENSG00000290146",-1.09645344632023,0.00290547331250841
"ZBED6",0.891214695688383,0.00290606519267255
"TMED2",0.285551037119399,0.00290792883410261
"FCSK",0.290001047888963,0.00290969834417809
"COQ2",-0.333339814538168,0.00291064200302687
"DTD1",-0.256504709204805,0.00291167406727299
"CHRNB1",0.259760644882898,0.00291198225146152
"POMGNT1",-0.218273343844505,0.00291702050507516
"TMTC3",0.380040161040826,0.00291840438907585
"PTMS",-0.324077561656968,0.00291879351442745
"YRDC",-0.397785767740902,0.00292609094192874
"HAVCR1",0.564815315503177,0.00292999082124674
"FAM171A2",0.444508040079989,0.00293063361278925
"C4orf46",-0.343313156507566,0.00293950964584761
"CANX",-0.328944089743153,0.00294303927714188
"BRSK2",0.530627266537532,0.00294404302424621
"MYL12A",-0.354721037512001,0.00294809268795515
"IL1RN",0.478093090731361,0.00295010411594
"CLHC1",-0.35201550480981,0.00295119654520246
"PPP3CA-DT",-0.796230308400476,0.00295157489374078
"TMOD3",0.266050788472964,0.00295380122698447
"POMP",-0.309550685241019,0.0029542567599454
"ENSG00000249746",-1.35354588624258,0.00296607712317508
"LOC105369147",1.52278614149004,0.00296789456435872
"ELF5",1.73666756483194,0.00297071281685458
"ZNF496-DT",-0.358642378216398,0.00297383281469288
"TMC7",0.671472457828399,0.00297486875976806
"SCD",0.410153295860141,0.00297927157423335
"ENSG00000307075",2.26557846744444,0.00298155995217302
"CFAP70",-0.782214547142402,0.00298180725016955
"CAMSAP3",0.223281196077827,0.00298543695308049
"CLUH",-0.268070292275605,0.0029858625632062
"SEPTIN10",0.235847939587688,0.0029866143900647
"VPS11",-0.265916889433367,0.00298950316841066
"STAG1",0.288072739377817,0.00298981072533794
"CASP4",-0.244692235746007,0.00299000899325143
"RAD51B",-0.711888737526195,0.0029905199348591
"FAM162A",-0.300463318313402,0.00299109308169505
"RAVER2",-0.277898846460208,0.0029926814581155
"TEAD1",0.22068470363927,0.00299812088281418
"CMTM4",0.275188526366087,0.00299856489905233
"ENSG00000277223",0.961106251894936,0.00300138224972044
"MEIS2",-0.314134650692109,0.00300280814215041
"SULT1B1",0.850301681287764,0.00300513390734334
"ZC2HC1A",0.382886743337581,0.00300609723223363
"ENSG00000291147",0.614815529941734,0.0030086515273417
"HOOK2",-0.289038820320394,0.00301996334909437
"PDS5A",0.202953027356195,0.00302215017786885
"NAT2",-1.10154775692519,0.00302431487676425
"FRYL",0.285752116396591,0.00303312445135355
"ZNF530",-0.378977519763534,0.00303626714270823
"REEP3",0.273036960046801,0.00303749827796708
"JRK",0.305171834335954,0.00303892786111448
"ARRDC1",-0.259520962567741,0.0030390601991285
"DUSP19",0.515182381688749,0.00304279858972041
"ENSG00000261799",0.49956070706171,0.00304538846524555
"PTGR1",-0.434033900532542,0.00305030882434636
"RAB3GAP2",0.208538179469471,0.00305469298581894
"SLC45A3",0.54472272116128,0.00306065820580063
"GTF2B",0.325860137533346,0.00306233607981039
"MTTP",0.425997820769572,0.00306352567123895
"CTTN",-0.229214168598585,0.00306495943257427
"MIA",-1.03384790233764,0.00306631860241582
"FITM2",0.355189048014576,0.00307003549429119
"SHTN1",-0.274776743569709,0.00307191456082846
"ID2-AS1",-0.61241222216582,0.00307339231506329
"ENSG00000237877",0.409406110018123,0.00307388728667332
"ZNF271P",-0.240464241544119,0.00307516009670739
"MRPL16",-0.321284125846143,0.00307633792248566
"TRIM73",-0.85898497663467,0.00307753749911604
"NLE1",-0.347002658129808,0.00307880601788743
"CENPBD2P",0.222770304009103,0.00307940730033488
"UBIAD1",-0.349346995946324,0.00308026829057643
"GNAI3",0.26172011568292,0.0030833257798825
"MRPS9",-0.297321871432702,0.00308869769774834
"CTSK",0.495971709896243,0.0030891631087916
"ZNF813",0.33246206261816,0.00308950239782643
"CDK13",0.260541535220249,0.00309055320229052
"DMKN",-0.330286753008422,0.00309089076610333
"UQCRC1",0.263403836782713,0.00309824819478394
"SAP25",-1.25229688637014,0.00309918923832685
"MSL1",0.226077990376344,0.0031002599880604
"JPT1",-0.287845547231448,0.00310120097666318
"LRRC14",0.283979338493504,0.00310347435472885
"MFHAS1",-0.296030266625344,0.00310852994076794
"ZNF79",-0.384919694925733,0.00312330219755676
"IBTK",0.209683612475683,0.0031236251961135
"CLDN1",-0.347020531736206,0.00312481866472775
"PAFAH1B3",-0.30372984449955,0.00312856560061379
"LINC02328",0.601936334039528,0.00313657325631413
"SDHAP1",0.282317961298236,0.00315277688338769
"HTR1D",0.718287880931867,0.00315295074912671
"TRIR",-0.358073319534657,0.00315434417010889
"NR5A1",0.21807807060481,0.0031603207697237
"OPRL1",0.945624273791851,0.00316733550384615
"POT1",0.321187476152981,0.00317094028020467
"JAGN1",-0.250132778374794,0.00317492638257961
"TOP3A",-0.320491328953478,0.00317520625289918
"LSM14A",0.265273586619871,0.00319041585669381
"SPART-AS1",-1.05748823123473,0.00319124316924985
"JSRP1",-0.770039826243465,0.00319168257682705
"WIPF2",0.224630586802858,0.00319184765834997
"AKAP7",-0.317967108841507,0.00319322439154785
"LINC02256",-0.867516688886348,0.0032017882459906
"FRG1BP",0.342385666462283,0.00320333202444861
"DUSP16",0.256918074704884,0.00320361538077317
"RPS6KC1",0.276749822359816,0.00320758501409502
"ABTB3",-0.60910910861392,0.00321031140972954
"CRYZL1",0.332652997007498,0.00321140482653283
"OAS1",-0.655105875974296,0.00321257845315362
"STN1",-0.348667799713975,0.00321634844978291
"ZNF641",-0.333794239641103,0.00322087219314656
"GPRASP1",-0.499006703825667,0.00322471437138548
"MYCBP2",0.291257819004098,0.00323003707300684
"NEK7",0.317437977016143,0.0032394873887331
"VIRMA",0.230928428257787,0.00323949547300586
"LINC02249",-0.48283567580528,0.0032402248604785
"ENSG00000274191",-0.944513446504072,0.00324033068551411
"ENSG00000281195",0.901206349390248,0.00324417868752947
"PRPSAP2",0.254244562908182,0.00324475734308845
"ENSG00000266783",1.2813341834435,0.00324735518180659
"CNKSR1",0.312846174381389,0.00325012752606285
"OST4",-0.27390102999306,0.00325062194421395
"OTC",-0.902028314791452,0.0032520364169871
"TNFSF14",-0.794966525418491,0.00325542821628146
"LINC02035",-0.629489591951659,0.0032558360574396
"ZNF646",0.270992171469117,0.00326002532785381
"SNIP1",0.320684737972494,0.00326155514062063
"RPL35",-0.386461175155071,0.00327855135608785
"SYBU",0.473392990497042,0.0032792313865589
"DEPDC4",-0.512112793403566,0.00328540508361814
"ENSG00000173209",2.55743244622116,0.00328592256647049
"PKD1P4",0.315164138868656,0.0032872006995927
"ARHGAP4",-1.19607650029305,0.00328957866593768
"UTP3",-0.281340336093643,0.00329134153495892
"ENSG00000298852",-2.96787214601152,0.00329156470037785
"ALDH1L1-AS1",-1.03886201857545,0.00329330246510253
"ZNF514",-0.31889808074042,0.00329588558981963
"TMEM170A",0.336623158862072,0.00329710565475148
"GORAB",0.318468425865915,0.00329950622428052
"RAMP1",1.41736775436229,0.00330166381397942
"ENSG00000272630",-0.945866722045257,0.00330336095257362
"ENSG00000229278",-1.08469918160203,0.00330651704628549
"ENSG00000289226",-1.0273708567954,0.00330918061143973
"BOD1L1",0.26566354600164,0.00331181313245423
"RASSF8-AS1",-0.466589371220946,0.0033197630210065
"INPP5K",0.378021449608932,0.00332068344764065
"ADAM17",0.346004045503233,0.00332164697723174
"HOXD4",2.37252925572062,0.00332367111153115
"ARMC1",-0.228777947790551,0.0033246370674535
"ESCO1",0.249391157733281,0.00332475313620016
"AMOTL2",0.404069931777623,0.00332555302925593
"NSUN5",-0.22924318726638,0.0033264028076341
"TTLL11",0.466870544190555,0.00332825816802705
"RGS5",-1.24318496225816,0.00332914259985956
"NRF1",0.298755777826676,0.00333045760950834
"TBC1D3K",2.30872102777895,0.00334201813984516
"ENSG00000270035",-1.55917390717249,0.00334902461142011
"POLE4",-0.254716848195503,0.00335672198186688
"UBAC1",0.219814719793529,0.00336656667719578
"ARMC10",-0.281475850565817,0.00336738136532958
"ENSG00000270069",-0.533205140365491,0.00336819417633324
"MARCHF7",0.256483501046197,0.00337049119277876
"THG1L",-0.434624668928203,0.00337168099784719
"DENND1B",0.405337646943889,0.00337190531911199
"ENSG00000270066",-1.17476239727769,0.00337290727041803
"ENSG00000267793",1.17061450324964,0.00337439970144617
"LGR5",-0.231993014824036,0.00337599183538516
"HIPK1-AS1",1.27600234232517,0.00339374819993797
"ENSG00000279246",-0.650803533953501,0.00339453797898128
"KCNQ1OT1",0.578532808132607,0.00339623709961581
"ZFP36",-0.525014317052813,0.00339909880374389
"IVNS1ABP",0.306609297290115,0.00340388984900333
"CLNS1A",-0.262171096858687,0.00341034068996958
"SIKE1",-0.239626488525905,0.00341198968518611
"ZNF544",-0.30185846229253,0.00341249876172384
"TIMM23B-AGAP6",0.680964970976413,0.00341302169682844
"ZNF584",-0.485914501307412,0.00341557764514348
"CHD1",-0.213044368319239,0.00342157028084556
"ACIN1",0.294624458186889,0.00342666123175336
"AGAP1",0.29940675437576,0.00342967963559366
"ENSG00000273382",-0.55780170153457,0.00343195825097638
"TSGA10",-0.472250284994547,0.0034420564629297
"ENSG00000269978",-0.931177497435329,0.00344281061425183
"NUP155",-0.238148005908845,0.00344855567041705
"ZC3H18",-0.226621902194184,0.0034508308853464
"TRMT112",-0.325191159073773,0.00345702196765247
"EEIG2",0.58149034854149,0.0034585097727952
"COL18A1",-0.469314857211377,0.0034587940927036
"NBR2",-0.36905131000704,0.0034625639529839
"DGKQ",0.313152699373129,0.00346415601634599
"ENSG00000280033",0.902928730654155,0.00346671689847216
"ENSG00000258781",2.72601352618242,0.00347682516713075
"ENSG00000236751",-0.654558841738525,0.00348002116465858
"ENSG00000287425",0.84633662608132,0.00348021648990178
"NDUFS7",0.197162344886662,0.0034923181462029
"NIF3L1",0.23513441377867,0.00349354193820523
"AURKAIP1",-0.281236359386483,0.00349631534703123
"CLPP",-0.336571951580891,0.00349767361839449
"RBCK1",-0.268088766434848,0.00350494422645947
"FTH1",-0.290276513165741,0.00350796035608053
"FIGNL1",-0.345673434582302,0.00350801849147289
"ENSG00000249353",-0.554419779917583,0.00350819443685136
"AUH",0.350038206766879,0.00351336797313132
"ENSG00000259985",-1.3902609457058,0.00351337006657372
"KCNE3",-0.689303244925646,0.00351383546262795
"EIF1AD",-0.208392622285968,0.00351566452024216
"HM13-AS1",-1.54689130140737,0.00352296792075571
"CCT6P3",0.326141298534154,0.0035260543816555
"ENSG00000274184",-1.75476727165091,0.00352723928451188
"ENSG00000289021",-0.783297669806938,0.00352915326191646
"SYNE3-AS1",-1.54474356927364,0.00352937609511084
"ZDHHC6",-0.231677869167845,0.0035299628141434
"ENSG00000280211",-2.07226191816472,0.0035350331491901
"TDP2",-0.199158289351354,0.00353598677099534
"ANKHD1",0.299863644742017,0.00353777231672947
"HECTD1",0.254436862623744,0.00354147592768911
"PSMA2",-0.232296979316952,0.00354473207605639
"HTATSF1",-0.276408464725135,0.0035499804893922
"ZNF398",0.316450197301731,0.00355278994211231
"SMIM10L2B",-0.931152744652502,0.00356314346564132
"MAP3K4-AS1",-0.938216911418275,0.00356350751512018
"PSMD3",-0.262050002432018,0.00356700437817064
"BTN3A3",0.300795271055008,0.00357157292572484
"ENSG00000272905",1.4286325447448,0.00357312460449084
"ZC3H3",-0.221001993999375,0.00357540537189302
"PGLS",-0.335042199363591,0.00357694932135602
"WDR44",0.38349946443683,0.00357832863317994
"PCNP",0.225493731827737,0.00357857584345594
"D2HGDH",-0.31808680800819,0.00357894553096228
"TXNDC12",0.232560374436934,0.00358565457660301
"MTA2",0.223047081076426,0.00359771051577529
"PEX12",0.397699466215886,0.00359799278894904
"TNNC2",-0.831722007405551,0.00360242060680405
"ENSG00000270872",0.682230963040534,0.00360249113547232
"API5",-0.190025220201439,0.00360389878760659
"ATOSB",0.502145375201574,0.00360487262838525
"ENSG00000305109",0.726602240901168,0.00361217698153355
"SLC25A32",-0.297004270444776,0.0036123517360617
"ZYG11B",0.254941547448625,0.00361495065416406
"HEBP1",-0.351193929079265,0.00361891353140852
"FABP2",-1.00766566788913,0.0036189844785715
"BZW1",-0.319815987364437,0.00361914274777029
"CASP9",0.25525402470501,0.00362039465669032
"AJM1",0.257068057816542,0.00362586956311488
"TMEM9B",0.294399772107735,0.00363259129869421
"GPANK1",-0.252336279779632,0.00363933592320545
"ANXA2R-AS1",-0.578585693821957,0.00364049585258509
"UBE2S",0.333753488880082,0.00364334461127518
"TAMM41",-0.284454633217891,0.00364371599448745
"ENSG00000258199",1.19712325914385,0.00365410849627511
"NUDT19",0.418593619202474,0.0036555497382644
"AGXT2",-2.04262831118439,0.0036560674272761
"PSMG2",0.216368211922173,0.00365764607514383
"CDKN2AIP",-0.25727119505531,0.0036636593975589
"MCM8",0.240526715918044,0.00367200098932851
"SEMA4B",0.316999580272249,0.00367309953904899
"LINC00616",1.4101740955123,0.00368459750648368
"ENSG00000295981",1.3123884369747,0.00368528886642482
"FEM1B",0.248122503337205,0.00368777495809721
"BICDL1",-0.368546204680302,0.00369033005028832
"LMCD1",-0.615537943659046,0.00369067991566338
"RLIM",0.209840545130446,0.00369149396788026
"SPATA7",-0.533657756832547,0.0036918645662197
"STPG1",-0.484369455576728,0.00369375133221684
"NDUFA7",-0.340479937144016,0.00370097802431092
"NUDCD3",0.206030073696861,0.00370422607986416
"DDX5",0.256969035758969,0.00370562233756447
"CTBS",-0.304878207363818,0.00370594245943655
"SENP6",0.199499979699026,0.00370894964932681
"DTWD1",-0.307814478249414,0.00371152936106958
"NDUFA10",0.210812090511074,0.00371545612154269
"TGM1",-0.375762369940479,0.00372044689490423
"ENSG00000270127",0.632099375334549,0.0037257318529118
"NEIL2",-0.347053592883115,0.00372607547658306
"PIEZO2",0.305634862563837,0.00372829715389172
"ZNF581",0.28976669346744,0.00373313252729546
"IGSF8",0.286492990001563,0.00373334958722604
"TAS2R10",-1.49340001318066,0.00373985110935095
"TOP1MT",-0.30231884701581,0.0037401854724786
"UBE2V2",-0.293119745857723,0.00374757017839834
"MAVS",-0.238326597454419,0.00374831617632612
"EEF1B2P3",-0.656864641954082,0.00374920099215069
"MKNK2",-0.252260330115507,0.003750682790712
"CIBAR1",-0.345596087647267,0.00375156498959406
"GPATCH8",0.202601006587398,0.00375234441603751
"ADAM9",0.313338530286791,0.00375350653077022
"UBE2K",0.198837569669692,0.00375484191366822
"DYRK1B",-0.479994786482857,0.00375913666635459
"KHDRBS3",0.283770509015385,0.00376785437176683
"LRCH4",0.288728814839626,0.00377249089786264
"CARMIL1",1.09927283673748,0.00377974235410974
"EMP3",-0.640796330866569,0.00378052801927319
"FOXRED1",-0.242352687192504,0.00378344593874793
"BCLAF3",0.353459479616127,0.00378467006368037
"CSPP1",-0.248281406803701,0.00378834202733677
"ENSG00000303387",-2.05675446306237,0.00378890077809889
"ENSG00000278600",0.333828539995675,0.00379419893291701
"CYGB",0.411633996068193,0.00379883103574289
"SH3BGRL",0.375742144555435,0.00380051586188298
"ENSG00000227518",1.70708436137065,0.00380913535145476
"IRAK4",-0.316207938553872,0.00380989538622722
"ARHGEF19",-0.477596785674934,0.0038171814154448
"PTPDC1",-0.387758705843533,0.00381890637133033
"B3GNT3",-0.633050996142071,0.00382667701266243
"IBA57",0.342470589459199,0.00382810258593004
"ENSG00000301931",-1.45955398438394,0.00382821435681526
"CEP20",0.220388020693034,0.00383780978336989
"NETO2",-0.423231952412528,0.00383857573979985
"EIF3L",0.298163050204048,0.00384020240409663
"DCUN1D1",0.245855219659307,0.00384185540737916
"ETNPPL",-0.411494094247643,0.00384974133523043
"GLOD5",-1.05072070704493,0.00386006599968549
"SEPTIN6",0.274940872980768,0.00386153001322747
"SSC4D",-0.889730746365443,0.00386535887433204
"TEX261",0.228846957132474,0.00386636568833978
"ARHGEF9",0.446119353070668,0.00386663927002306
"ENSG00000225975",-0.547683191588909,0.00386965051048475
"DNAJC12",0.57379772401648,0.00387139385970686
"SMYD2",0.278259605590349,0.003879217606061
"ENSG00000269961",-1.10047347574599,0.00388506140514603
"HIP1",-0.339028906189575,0.00388668528199569
"LGALSL",0.27193621687755,0.00388760029772814
"CRYBG2",-0.601709584493828,0.00389144118765513
"SMIM29",-0.345242968723642,0.00389413234308006
"ENSG00000291018",-1.17683001403007,0.00390482191245793
"GPATCH2",-0.393270834949466,0.00390523819152514
"ENSG00000260778",-0.557074353295826,0.00391788702112796
"TCEAL8",-0.244442146255022,0.00392137089665493
"HYKK",-0.477524036674351,0.00393442816345298
"DENND3",0.354441514932802,0.00393627052332974
"DTX4",-0.885055903742098,0.00393786635100183
"RUNX1",-0.381656880321018,0.00394438369047255
"FAIM",-0.404872259178213,0.00395198505496704
"PIAS4",0.224609161315691,0.00395321288098816
"ENSG00000297254",-1.10240232137226,0.00395670395182585
"FBXL8",0.377436112507966,0.00395885586339325
"ENSG00000260091",1.18239687635589,0.00398053113670171
"SDR39U1",-0.239633902125288,0.00398524544486139
"NSUN6",-0.294915629679347,0.0040143225889983
"VSIG10L",-0.344017032988391,0.00402213246825253
"FBXL4",0.287027354686477,0.00402694619166993
"ENSG00000284606",-0.79623003631353,0.0040321861766297
"PLEKHA5",0.264897183095033,0.00403370045910172
"SUMO2",-0.258195649924056,0.00403875666495746
"PCBP2",0.229899747207892,0.00404467699955942
"TESK1",0.233715250178921,0.00404490725337
"ENSG00000204196",-0.660647355216513,0.00405044275077612
"SCARA3",0.290899504526278,0.00405237295010732
"PUS3",-0.353044221168408,0.00405369257233432
"ENSG00000290908",2.26865637623906,0.00406048649732458
"ORC5",-0.30675030547884,0.00406242928531411
"ALG11",0.378718554450974,0.00406338196280744
"C19orf73",-1.0633451589926,0.00406520973334388
"ZFYVE9",0.300281037938102,0.00407180749492752
"ZFAND1",-0.215685510723886,0.00407851053240396
"ENSG00000253819",-0.95821808050416,0.00407960797405187
"ENSG00000258474",0.967531082459165,0.00408035902918458
"SLC19A1",-0.411372489376907,0.0040861756869198
"AGPAT1",-0.236379208002663,0.00408646567071409
"PRDM15",0.24433991448702,0.00408968500124128
"RAB33B-AS1",0.347819472964817,0.00409138275653562
"TRIM2",0.318906972838485,0.00410682426669754
"YME1L1",0.209616363020337,0.00411134529777518
"ENSG00000254910",0.995923927463479,0.0041135776547411
"PRSS36",0.741932750258395,0.00412017180462435
"PLCD1",0.336538823589921,0.00412875154974155
"NGEF",-0.289956365067526,0.00413050916130716
"SULF2",-0.566243872255992,0.0041320654308928
"MOCS2",-0.288988175432878,0.00413754097495498
"LOC100996660",-0.597962200563007,0.00414302152490629
"ENSG00000279089",0.594512033303019,0.00414569277853876
"ENSG00000289151",-1.31804616404543,0.00414844202305505
"MEGF6",0.660192093254611,0.00414961429972377
"LAMC1",0.420503776666369,0.00414967678466687
"STKLD1",-0.58467084678199,0.00415055453893837
"ENSG00000267096",0.843151259495133,0.00415222543625623
"BPTF",0.264913388445302,0.00415608194898902
"ENSG00000298107",-1.36977486996607,0.00416180460488173
"EGFL8",0.29297854659966,0.00416340502314933
"C1orf226",0.241157397016614,0.00416568944794984
"CLUAP1",-0.323633291160179,0.00417005372438223
"RNF213-AS1",0.497471792391911,0.00417873674798737
"WDSUB1",0.321714741660164,0.00418369079697948
"WDR6",0.237983217525605,0.00419162069203528
"ENSG00000308283",-1.2148170998323,0.00419458691238052
"SEMA4F",0.280816977855199,0.00420250402833226
"SLC5A11",-0.81301985094094,0.00420586452564512
"TOMM20",0.310287099874272,0.00420598607265845
"LINC02897",-1.00883534044639,0.0042066016277261
"SECTM1",0.989331912885216,0.00421430801934161
"ENSG00000305943",1.6346943021879,0.0042192632230769
"ENSG00000255992",-1.00714006537691,0.00421947219445959
"RAN",-0.246155928317146,0.00423665241481961
"ZNF512B",-0.264497893207187,0.00424311043902857
"ENSG00000274038",1.92657027605895,0.00424670816764016
"PLXNA3",-0.226167882475235,0.00424785441348561
"CHFR",-0.226710071643611,0.00425350134084177
"ACYP1",-0.397639182489727,0.00425543595821719
"TAGLN2",-0.605779831209877,0.00426806857604578
"ATP5MC3",-0.252858755452965,0.00427005740566061
"GTF3C1",0.206415550041341,0.00427209414641595
"SEC62",0.360154977374106,0.00427646871192084
"RBM15",0.346346054311002,0.00427698728411824
"MISP",-0.840371734246712,0.00428111558111483
"SMIM10L1",-0.283360121390679,0.00428185579073889
"BPGM",0.494747943171977,0.00428221220815546
"ZNG1F",0.265788978095213,0.0042823500382032
"ENSG00000280195",0.622395780423751,0.00428302527556653
"ENSG00000259553",1.78927562453297,0.00428628641932508
"GMIP",0.349470531882412,0.00429188696996112
"ENSG00000291100",0.212145371992817,0.00430037849745463
"HDAC2-AS2",1.77903998527543,0.00430264242650045
"RBM24",1.12239613207037,0.00431258974144694
"AMIGO3",-0.659596877685801,0.00431264675522035
"PKNOX1",0.258214688509845,0.00431363551224183
"PPP4R3B",0.217018281041636,0.00431929398501528
"PLA2G4C",-0.9883988826236,0.00431953451183109
"ATAT1",0.269770673487222,0.00432546360012586
"ENSG00000290537",-1.11789774479937,0.00432706908783833
"MAPKAPK3",-0.327374911600445,0.00433019042071559
"GLTP",0.274332483113586,0.00433869515736207
"PCSK9",0.48018901055874,0.00434127884919558
"PARP14",-0.36602019346484,0.00434255185959722
"NDUFAF2",-0.408065917662564,0.00434647428194959
"ENSG00000250999",-0.805242267106438,0.00434654689900149
"PMP22",-0.497149189998798,0.00435217776333011
"HGD",-0.236505100986062,0.00435281105272272
"SHC2",0.231452123903127,0.0043540650462443
"RPL36",-0.376544648331099,0.00435464024063403
"ENSG00000273142",-0.315097724575495,0.00436115865915818
"INTS12",-0.323019488171245,0.00436758620626915
"POGK",-0.210177083729132,0.00437007382420682
"UVRAG",0.238397479792869,0.00437441568945298
"SETDB1",0.219291569771332,0.00439310656948293
"RPS21-DT",-0.411596007330189,0.00439382934892167
"CSNK1D",0.233588199084315,0.00439623814996461
"HSFX2",1.62610603880979,0.00439936000897239
"LOC105378944",1.86220544350398,0.00439947168108366
"APIP",-0.287529264489921,0.00439961171855518
"MTX1",-0.338558041726153,0.0044015774909544
"MCTS2",-0.292588736621644,0.00440202617616371
"EEF2K",0.217983797729775,0.00440366525444566
"SEL1L",0.305692786804897,0.00440962983509833
"LOC122513141",-0.377005883123129,0.00441160079234647
"SLC25A43",-0.347428900919959,0.00441994769619662
"FAM227B",0.951281417641796,0.00442628835507455
"SLC2A12",2.04768696500694,0.00443106446724867
"SPRED2",0.224584220741544,0.00443296453807345
"SCN1B",0.594642019196199,0.00443377876179548
"LOC124901321",-0.811894229369718,0.00443400790475371
"HOXA1",1.0539036345196,0.00444527882577286
"ENSG00000270000",1.56431603253707,0.00444687984960199
"LACTBL1",-0.943332849483212,0.00445205251456138
"ENSG00000243479",-0.919270682054921,0.00445307487332159
"ATP6V1E2",-0.822480221783149,0.00447283775382743
"ENSG00000272555",-0.776461872854834,0.00447313902125176
"FAM24B",0.479038858473768,0.00447879906393317
"PCNX4",-0.2250963266386,0.00447918751249186
"MANBA",0.37778130115382,0.00448042902973863
"SLX4IP",0.276475433608717,0.00448996586141201
"UBE2D2",-0.255296757269176,0.00449672564616356
"SPPL2B",-0.371140479596469,0.00449736723524701
"NCOA1",0.250711670139677,0.00449758363891146
"SLX1B",-1.81383772314482,0.00449872029237599
"EIF4G1",-0.230565295360242,0.004506969036579
"MARCKSL1",-0.374343924897603,0.00450839825508149
"SLAIN2",0.246608918587535,0.00451716831920929
"OSBP2",-0.79913336145659,0.00451791517976931
"RIGI",0.395145998109987,0.00451883228156683
"MRPS24",-0.279819904494672,0.0045191289828422
"NOXO1",-0.5682953805975,0.00452101737047785
"PLAAT3",-0.664220342006999,0.00452503455958842
"ENSG00000279970",-0.503075486999586,0.00453257686856231
"TRIM34",-1.23212884921617,0.00453615783019096
"UPB1",-0.974247870047743,0.00453700892982757
"CEP43",0.26185548356744,0.00453849637090314
"NHP2",-0.39161914695006,0.00455941618651863
"DENND1C",-1.0690409244325,0.00456412350272616
"ENSG00000298094",1.26792764001088,0.00456457099162296
"GIPC2",-0.283025659925034,0.00456574388883708
"ENSG00000251026",-0.652364817136885,0.00456770962807758
"LRRTM4",0.823539094417736,0.00457311048181669
"MTR",0.228139837716641,0.00457436595259423
"SLC25A4",-0.306454690364338,0.00458518532792071
"MACROH2A2",-0.307704908208166,0.00458764940497434
"LOC102724023",-0.470022126235415,0.00459244057197946
"STIL",0.272009962416129,0.0045925381339451
"ENSG00000297034",0.789171946062298,0.0046051142863186
"ENSG00000302966",-0.937542377396939,0.00461105349598127
"INPP5D",0.33352174436583,0.00462358837241665
"ENSG00000256646",-0.547148820416826,0.00462778134265632
"AREG",1.38878529999198,0.00462813103569596
"SCHIP1",1.35756722831127,0.00463783352380644
"LOC102724351",0.929166503973493,0.00464310797457907
"RAB30",0.400903637544392,0.00464580588825152
"ENSG00000260417",-0.916756865212656,0.00465458415070335
"ZNF837",-0.692345161329927,0.00465686886639137
"ENSG00000291008",0.795918060590107,0.00465708158644507
"SAT2",-0.286214112732172,0.00466680920060704
"ENSG00000270137",1.14848324486693,0.00466730096685028
"ENSG00000236643",-1.47005237463651,0.00467555408414707
"NAMPT",0.196304743907681,0.00467631617181562
"MSANTD1",0.637242598000791,0.00467972586804369
"G6PC3",-0.259397913044295,0.00468242952901367
"ENSG00000279348",-0.698968626434907,0.00468627057966126
"GTF2IP4",0.599909251157469,0.00469498542754089
"MIR3936HG",-0.51438382528039,0.00469659279940849
"POLG",0.198252250734917,0.00469883263791505
"DPP8",0.223104945228363,0.00470915175281245
"FDXACB1",-0.594848190598722,0.00471530348326257
"DTX2",0.245429968493328,0.00471803647021291
"ARSA",-0.399115218891456,0.00472184525804023
"CNNM4",0.278228550484956,0.00472463536591065
"MBP",0.519835402128752,0.00472697547608455
"ZFAT",-0.431148576299463,0.00472729676301299
"ENSG00000304960",2.08934419256289,0.00473069992440736
"ZNF395",0.429197966089081,0.00473244409312143
"LDLRAD3",-1.22613631650904,0.00473946331169479
"RXFP4",0.989036363591454,0.00475220273556219
"SYNRG",0.296267529020427,0.00475362105347404
"RPL7AP66",-0.909648216696439,0.00475729892830546
"IKZF4",0.361500177776829,0.00475847735755208
"THOP1",-0.218495630351205,0.00475941994946423
"ENSG00000237525",-0.945940069023413,0.00476809080160857
"PNPLA4",-0.352743564054396,0.00477216924827238
"ZNF839",-0.37890480447637,0.00477244020269876
"RFX5",-0.32298468353386,0.00478072397903033
"TRAPPC13",-0.314567754299857,0.00478434581355037
"L3MBTL2",-0.253385797209626,0.00478826398360254
"LOC105374254",-0.743486487570681,0.00478868757031074
"ZNF189",-0.268071516149754,0.00479019189545092
"CDH26",-0.842765604443161,0.00479502798035334
"ARHGAP40",0.999402315928867,0.00479676745782718
"EIF3CL",-0.549458465634337,0.00480283898134837
"SCAT1",0.948910791519132,0.0048072545033244
"OTUD1",0.818660592978285,0.00481134973810231
"ZNF224",0.271647844515189,0.0048116144593468
"FARS2",-0.320410857182599,0.00481194660957922
"BCKDHB",-0.301982730558736,0.00482479355854361
"LOC105370921",-0.855074104005428,0.00482892071192475
"CCDC125",-0.293701696512861,0.0048363834021952
"HSPA13",0.332037763301318,0.00484242791638179
"AFMID",0.192490841478777,0.00485029162363112
"DAZAP2",0.275801053673618,0.00485577916873121
"ZNF557",-0.348983370641409,0.0048564450252198
"MYRF",0.211549798142769,0.0048655105419497
"SMPD4",0.198877334216438,0.00486598929598037
"CACFD1",0.329576956213754,0.00486599332077373
"RAB42",-0.522808031772035,0.00486647287357083
"S100A9",-1.65867691234771,0.0048665045951585
"NUDT13",0.46369333163613,0.00486978526513832
"CSRNP1",-0.262482096842828,0.00487768338713491
"NF1",0.210958594414628,0.00488070614071051
"STK25",-0.221927010398188,0.00488506141002872
"NPM2",-0.374985348463052,0.00489300217653011
"MEX3B",0.868931212279626,0.00489893563432765
"STAT3",0.206540692579876,0.00490380760716512
"POLR2B",0.224401680477308,0.00490791690255307
"LYSMD3",0.316305433919027,0.00490984171346811
"ENSG00000289956",0.727551199466381,0.00491455238572038
"ABCE1",-0.232286903561799,0.00491557634225358
"SLC36A1",0.27077265858077,0.0049175541211743
"DNAH17",-0.738083735053735,0.00491917194178386
"ENSG00000305313",-0.928133726300874,0.00491922404966452
"SDF2",0.286285280329158,0.00492227546409293
"BCAP29",-0.245046828447916,0.00492236780746398
"CA5A",-0.284299586608565,0.00492453234815808
"DSC3",-1.3400094542105,0.00492456005311988
"CA14",0.862248026597109,0.0049260399781662
"CDK14",-0.781555674343261,0.00492614346276642
"ENSG00000251562",-0.624996057527651,0.00492687065880203
"ENSG00000289285",-0.627048313321597,0.00493787679519111
"NBPF3",0.519929125897979,0.00494223353795097
"TRAF3IP2",0.460099567215575,0.00494427543385786
"ENSG00000298291",-0.820252247089273,0.00494839876798677
"TBC1D14",0.210610984968558,0.00496346055100012
"ABTB2",0.314976978962898,0.00497287602301343
"MYO5A",0.355789803863651,0.00497890142762314
"ATP5PF",-0.272892931565493,0.0049832851941861
"LIPG",0.344489857545247,0.00499170907818166
"NR1D2",-0.425433572251103,0.00499230668025607
"ENSG00000257839",0.994034500807815,0.00499947557056785
"ENSG00000289750",-0.710736789305925,0.0050034461238684
"TECPR1",-0.222299139203383,0.00500354432697387
"NPTN",0.282157200331163,0.00500751304767124
"MASTL",-0.222453100994589,0.00501164221580319
"NBPF8",-0.290977219204137,0.00501455971104148
"IRF3",-0.189065104608136,0.00501681597530182
"HYCC1",0.307786966803101,0.00502937369685517
"SLC7A10",1.12336243321349,0.00503170959776809
"SPIRE2",0.275476910155844,0.0050422107455175
"OTUB1",-0.194397257884098,0.00504286488791795
"ACY3",-0.604633345485092,0.00504948724814707
"HAS3",-0.858469274164022,0.00505177385831432
"ENSG00000180867",-0.402045439721939,0.00505334228856949
"TMUB2",0.201678863097131,0.0050588827176846
"FRMD6",0.473928837210632,0.00505912250248547
"STXBP4",0.307945483767958,0.005064147724369
"POGLUT2",0.285342802635712,0.00506959044039733
"ENSG00000267546",0.934018160870198,0.00507124700649574
"LTBP4",-0.918690982599403,0.00507388768780684
"SERPINB6",-0.39605580744541,0.00507440399292654
"TXNIP",0.472212903917199,0.00507556137989176
"ENSG00000267629",-1.21118405986813,0.00508227064497216
"RIF1",-0.221913991650109,0.00508317913902734
"UBL5",-0.255880236206538,0.00508354385609804
"POLR2J3-UPK3BL2",-0.329027378181163,0.00508607076529644
"CPSF3",-0.259837044974536,0.00508741264117043
"ENSG00000229692",1.34235498748632,0.00508771207878056
"TMEM236",1.27649467028962,0.00509086563805263
"ZNF106",0.223607893701654,0.00509600636468777
"C2orf72",-0.303778033066828,0.00509878208937843
"NUMB",0.19749449527638,0.0050988487941472
"VPS36",0.213773471128427,0.00510013521261715
"NIBAN2",0.280168477362418,0.00510029422349266
"TCAF1",0.201904155647091,0.00510586425405668
"C9orf85",0.346902038907539,0.00510699344275353
"GOLPH3",0.269800093921156,0.00510926983993236
"PPCDC",-0.370470169515647,0.00511527194923048
"TSPAN14",0.316767074558784,0.00511996266119618
"ENSG00000188681",2.0237181507111,0.0051203213534073
"LOC100420981",1.08793365222476,0.00512878006951847
"COLQ",-1.24719274217962,0.00513121555187655
"ENSG00000290728",0.466611209266062,0.00513245169974311
"MROH8",-0.51907539590914,0.00513509809168845
"ENSG00000213071",-1.02909156899871,0.00513767664160377
"C1orf198",-0.275557531015639,0.00513906149255423
"MPC1",0.278830055585125,0.00514266704955107
"UFC1",-0.325131918345814,0.00514597339466604
"ENSG00000307250",0.994828652710371,0.00514777396224492
"ATXN10",-0.227415767081769,0.00515034515994132
"LOC105372733",0.371166408514041,0.00515754926071888
"ARMCX3",0.261091865579997,0.0051622620714422
"CCDC157",0.484380845846809,0.0051712970791887
"ENSG00000291234",-0.388931522488897,0.00517310884782016
"RTKN",0.227735883248667,0.00517357605121648
"PANK2",-0.181902352482498,0.00517840609704826
"CNIH1",0.258822646231675,0.00518105684725812
"APOBEC3B",-0.35690160814079,0.00518639317545775
"PON2",-0.205373223470135,0.00519108714666395
"ENSG00000261916",-1.18680661271495,0.00519759171235262
"ZNF512",0.192255039542982,0.0052079174373581
"BICRA",0.297881442234716,0.00521371439454969
"S100A13",0.370218140320254,0.00521465396972176
"ENSG00000260874",-1.02013477128637,0.00521848076829524
"ACVR1",0.349388094902741,0.00521879175714706
"PPARA",0.341970623671559,0.00522278072263786
"ATP8B4",-0.621750017855321,0.0052368000343044
"ADAMTS4",0.845341592145141,0.00524063356994458
"LOC112694756",-0.475228775206222,0.00524398144867249
"AFG2B",-0.269919575239977,0.00524498850553539
"SKOR1",0.887556440918046,0.00525476212010833
"ZCCHC2",0.342833468238816,0.00527532591324471
"RRAGC",0.328760894628909,0.0052790820356986
"PCCA",0.258287109786433,0.00529087469249374
"UPF1",0.251482591339109,0.00529520517829185
"RDM1",-0.865570264439912,0.00529712084394462
"TM4SF19-AS1",-1.69978260951129,0.00529961091694581
"SRP9",0.222143580988618,0.00530275737349978
"NPC1L1",-0.30507001315502,0.00531466614824135
"LRRC37A",0.349012486224134,0.00532111096990624
"B2M",0.239685839571655,0.00532274483432909
"EIF3A",-0.239345092002315,0.00532529137836457
"ENSG00000230530",1.50233672372295,0.00532964113776832
"DROSHA",0.378136018792107,0.00533066852415215
"SERPINB8",-0.979303471490917,0.0053345184188873
"JUND",-0.347952416065163,0.00533800226769256
"XPO5",-0.211545112061545,0.00534576710546478
"LOC107984643",-1.24837682161155,0.00535441498355449
"CCDC106",-0.316201547509953,0.00536332321256334
"ENSG00000273541",0.704712285605964,0.00536419561636375
"SMS",-0.312943393726421,0.00537280459488851
"ENSG00000243155",0.603442795401292,0.00537375364664021
"PPP2CA",-0.234587361623948,0.00537437652278551
"NPIPB13",-0.320201752228403,0.00538215991789793
"VPS26C",0.262631279388936,0.00538475107454611
"CDAN1",0.313725027989385,0.00538776394424235
"KLHL18",-0.302971640761237,0.00539619223958386
"HLCS",-0.37465416453759,0.00539882217854493
"UBE2E1",-0.249619336140561,0.00540971835332433
"ENSG00000297388",1.03038922525209,0.00541038590754922
"MARS2",-0.301666714572444,0.00541673373922022
"TMEM37",0.311547658335131,0.00542095254418952
"C1GALT1C1",0.346554740136134,0.00542301155475688
"ALG9",0.323300729528136,0.00542507447329991
"KDM5C",0.212361703238416,0.00542584630315488
"GOLGA6L9",0.260028643152922,0.00542611035870384
"MACIR",-0.369252905104179,0.00543368459676697
"RBPMS-AS1",-0.764194400871798,0.0054373436828043
"DSP-AS1",0.680361568277289,0.00545511974170378
"TNFSF12-TNFSF13",-6.74344435393678,0.00545529458875833
"ENSG00000268713",0.403230500076793,0.00545881177565494
"TAT",-0.42558782801539,0.00545944249021671
"FETUB",-0.745206822680336,0.00546219270489992
"ENSG00000244701",0.499000663743016,0.00546316413421513
"PURPL",0.362361887281396,0.0054646307193107
"FYB2",-0.722605656146313,0.00546762986904083
"ENSG00000259856",-1.19111394126639,0.0054715584775972
"ENSG00000306748",1.52557201798935,0.00549118107471667
"CCDC88B",-0.504497100399377,0.00549467130525133
"ZNF629",-0.242742292393352,0.00550057629331949
"LINC03040",-0.999883972555779,0.00550281967600936
"LOC124904242",-1.19045290372523,0.0055071588965661
"LOC283683",0.546622114655598,0.00551025894641814
"RNASEK",0.253895894504476,0.00552544854318144
"PLAA",-0.242539575156511,0.00553022539252704
"ADH1B",-1.67702658540361,0.00553144706286413
"PTMAP5",-0.708675000910347,0.00554305719129801
"RPTOR",-0.186064811477205,0.00554710888548091
"MRPL2",-0.250172755960766,0.00555057133135617
"TSNARE1",0.387119059089604,0.00555699811537687
"ENSG00000295667",0.862185981046754,0.00555813439021145
"TP53BP1",0.258791137494004,0.00556366156196128
"SLC7A11",0.408810908734366,0.00556909907803997
"GOLT1B",0.27066284942676,0.00556944448230355
"GNG7",0.304475740190635,0.00557117149180185
"ZBTB33",0.26333929636618,0.00558152365987868
"ENSG00000279233",0.401104077037017,0.00558593742863355
"IFIT5",-0.324400919844047,0.00558742946650676
"C9orf40",-0.274009424724632,0.00559719505928124
"ENSG00000277959",1.18630108108058,0.00560063158778792
"PIEZO1",-0.24181754186634,0.00560383868737301
"SAV1",0.319777926309161,0.00562352968224329
"ENSG00000259130",-1.28836276218602,0.00562407721803076
"SHLD1",-0.39908161138683,0.00562602502174543
"ENSG00000253428",1.04088887444924,0.00563006458904339
"ZNG1A",-0.195033081558737,0.00563010115290179
"TMEM82",-0.875814019016174,0.00564587417956525
"SLC15A2",-0.494476743816279,0.00564609299505192
"DAP",0.356164754835581,0.00564740830245857
"DIS3L",-0.206959688647715,0.00565099316164411
"ENSG00000241884",-1.43229807826229,0.00565767019607361
"SLC12A5",-0.420619061806091,0.00566174268176564
"R3HCC1L",-0.288054790103994,0.00566487937037723
"B4GALNT3",-0.581646412698702,0.00566543332826151
"ZNF337",-0.264379975618958,0.00566827538770335
"ELP4",-0.319314681054033,0.00566847996756994
"PSMA7",-0.205954490324857,0.00567152870785715
"SDHAP4",0.285158146510044,0.00567299146357538
"TM9SF2",0.303723528998766,0.00567332529314497
"SUMO4",0.914149253886789,0.00567704837158999
"ENSG00000228050",0.553122077937913,0.00568769655102613
"GNMT",-1.17534105149904,0.00568882053378831
"AHCYL1",0.197254393209805,0.00569460392320242
"GLB1",0.315131034648254,0.00569783312017894
"LOC105377203",-0.375202649982863,0.00569785389866078
"ATP8A1",0.353373618766795,0.00570417312982655
"DOP1B",-0.333528070628263,0.00570913566198998
"HACD3",0.325069413802625,0.00571851160137545
"ENSG00000297423",-2.81053207526368,0.00571981545279041
"ENSG00000310535",-1.37859996672994,0.00572152586018695
"COMT",-0.224210274703412,0.0057241438353817
"PDHX",0.290092141059913,0.00572634941661506
"WASH6P",0.283957783289935,0.00573259188866293
"JAK2",0.364368527216319,0.00574346493673244
"HHIPL2",-0.849790875370052,0.00577286547716253
"LINC01963",-0.415022973980316,0.0057730164825892
"ENSG00000269924",-0.93080200425421,0.00577959650514167
"ZNF180",-0.364277671959293,0.00578528383685045
"HFE",-0.318278813278106,0.00578949628273003
"GNB1-DT",-1.09435047222878,0.00579377104543151
"MIDEAS",0.188051610262286,0.00579565547298453
"TNRC6C",0.308195210843381,0.005807249908753
"ZNF34",-0.387010048236831,0.00581131863916174
"SNAP23",0.182490373384863,0.00584137112733325
"COX7A2L",0.251658413794695,0.00584494488376539
"ENSG00000276131",-0.744317469232075,0.00584849410875505
"ECHS1",-0.235879949064586,0.00584914218051394
"POLR3A",0.199988351211156,0.00585270048472862
"MRPL50",0.24016930880635,0.00585729833398688
"GTF2A1-AS1",-0.842153596097961,0.00586488827569804
"MIR17HG",-0.332631927179292,0.00586985794067638
"PIH1D1",0.229405616114097,0.0058750299768419
"ZNF146",0.2444336425198,0.00587730884363812
"EIF3B",-0.215250450903332,0.00588867042379838
"ADAMTS17",-1.47051271551944,0.00588998294556424
"LSMEM2",1.51354367763239,0.00589646949938426
"B9D2",0.669468921970643,0.00589712011771249
"ENSG00000293203",1.29650489578888,0.00590644851874945
"ENSG00000293685",1.18794243375339,0.00591053856155556
"HMGXB3",0.226377573534647,0.00591213075367623
"ZKSCAN7",-0.386843468550874,0.00591271277869163
"LOC105371622",1.05113384714532,0.00591571102318777
"ENSG00000308674",-0.428816018890304,0.00591831190205501
"ARMC5",-0.248230984606258,0.00594420159707893
"ENSG00000296830",-0.985468338774029,0.0059475836882837
"UTP15",-0.299155080131249,0.00594900353589684
"ENSG00000260018",-0.546628702987481,0.00594905404575141
"PERP",0.333895579173436,0.00595564472176275
"LOC100287792",-1.18336261768713,0.0059602827434609
"UBE2B",0.245858700728305,0.00596718877260728
"DND1",-0.518107244593562,0.00597008737445854
"ARPP19",0.188420329140194,0.00597391680039219
"ENSG00000275734",-0.924400599008579,0.005975021331315
"ENSG00000277170",-1.23948548756652,0.00598414717170063
"ENSG00000279900",-1.16707599369958,0.00598491408023472
"PSAT1",-0.223397607981341,0.00598927637232593
"EIPR1",-0.353676579243841,0.00599047205304586
"VTI1B",0.202214876694722,0.00599442106428864
"TMEM69",-0.285867582896195,0.00599490558569048
"CDC40",0.220900516297154,0.00599616877219759
"ENSG00000301431",-1.44622425909496,0.00599773395591858
"NCOA6",0.201155203793086,0.005997883194974
"GLDC",-0.255924185740381,0.0059988336264951
"PIGB",-0.309683779366932,0.00600620535817016
"BECN1",0.223947882246646,0.00601981375833017
"SKA3",-0.223536596478127,0.00602274564872574
"ZNF684",0.332691818994203,0.00604767693714851
"ENSG00000280120",0.468212054995001,0.00604795213385916
"COL24A1",-0.598300331504746,0.00604886503529259
"KPNA4",0.229841966487688,0.00605101394676119
"RESF1",0.241197521083769,0.00605104452416008
"TMEM175",-0.319478388256525,0.00605250932283958
"ACTB",-0.40797569490193,0.0060585036449119
"SLC25A21",-0.663732097265714,0.00606103849770474
"NECTIN3",0.351152759424584,0.00607186699921796
"ENSG00000283782",0.591565473490889,0.00607360592589037
"C11orf58",-0.211274691039699,0.00608946003841307
"RSC1A1",-8.01039856449793,0.00609469521407564
"IMPDH1",-0.310301842613132,0.00609750438297941
"ARSB",0.248800625510033,0.00609849492031174
"PIP4P2",0.597797184666589,0.00609929791982248
"ENSG00000265888",-1.53492407306584,0.00610700579989675
"GCATP1",-1.00477553597575,0.00611175010811536
"RNF2",-0.30716931709625,0.00611474227622028
"ENSG00000232828",1.28942631308146,0.00611695702412975
"IPO9",-0.209558670380099,0.00612197166257552
"ENSG00000108448",-3.27811305175121,0.00612513261624107
"ENSG00000286192",1.10262133478912,0.00613018157744503
"UCK2",-0.231298469781191,0.00613029052931525
"RPS26P19",-0.76090796380698,0.00614446115281159
"ABRAXAS2",0.251295971787189,0.00615275602469803
"MMP24OS",0.360619416951802,0.0061555062879774
"NOTCH2",-0.314296046215562,0.0061557699606384
"EED",0.352531007978978,0.00615650084461537
"EHBP1",0.341661650988879,0.00616128949838398
"ENSG00000288640",-0.648374074158376,0.00616130961150492
"ENSG00000294822",-1.16613176550313,0.00616550069659734
"DENND4A",0.306917956426467,0.00616943295802347
"EMC4",-0.241085287168541,0.00617232408527156
"ZNF891",0.306063644495822,0.00617539029745424
"PDS5B",0.204373031012297,0.00617766859252602
"NOPCHAP1",-0.308021610819019,0.00618951452978833
"ENSG00000225650",1.75815330266597,0.00619628425710146
"ENSG00000290315",0.760477054765391,0.00620538632614211
"SET",-0.238842538319947,0.00622096725380851
"CEP76",0.324046214204363,0.00622257146004403
"DSN1",-0.257311869701126,0.00622976124521262
"SSBP1",-0.37880540943753,0.00623559795947361
"ENSG00000279330",1.24256284686074,0.00624319045774227
"LMTK3",0.408411882743127,0.00624401047642889
"GPR135",-0.609582554334015,0.00624511216160549
"EOLA2",0.221437139539858,0.0062490258523674
"G3BP2",0.250309680880769,0.00625146952492139
"MVK",0.275013728102063,0.00626616622130474
"SOX18",-0.330404966197296,0.00626698207030287
"ENSG00000272010",-0.983692148530885,0.00627692114639083
"CHCHD4",-0.331397857193532,0.00627740316736425
"USP38",-0.30996151380389,0.00628510507448155
"ENSG00000289291",-0.896540247985588,0.00629098862707572
"MPLKIP",-0.225964782201168,0.00629476893065996
"NDUFA12",-0.253850192207068,0.00630665770450345
"CDIP1",0.233172206023497,0.00632140939174068
"COCH",-0.312578642777442,0.00632269737371982
"CNTRL",0.221990077976908,0.00632965843255765
"TTBK1",-0.565468690191705,0.00634012467644053
"LIF",0.375558939292883,0.00635048754565957
"NEB",-0.867291961812421,0.00635315488332317
"COMMD3",0.214250302977659,0.0063555786359938
"DCTD",0.186254342732119,0.00636440749416011
"SLC16A1",0.298365005194875,0.00637210219603714
"ANKRD28",0.246456760028204,0.00637285514617243
"CZIB",-0.263838931555111,0.00637795708929897
"CFAP97",-0.217584182037936,0.0063780509112549
"CMTM6",0.368788944339054,0.00637978690433568
"RUSC1-AS1",-0.981482828422527,0.00639049996342262
"WARS2-AS1",-0.337551890172592,0.00641220590991857
"RAB33B",0.370198725789064,0.00643036491243389
"TCTN1",-0.291256905918982,0.00643104511602427
"ARHGAP33",0.627609807531062,0.00643707872565601
"FUT10",-0.309919409666523,0.00644275323308443
"KRT8",-0.417658274535949,0.00644580080307592
"EHD1",-0.247432715684047,0.00644615922437407
"PPARGC1B",-1.24154626737756,0.00645557389527472
"GREP1",-1.11447548984541,0.00645649104949151
"SORD2P",0.524215088626562,0.00645887742107115
"TRIM8",0.291684715087853,0.00646166970966227
"FBXL19-AS1",0.277280134205627,0.0064757464532326
"PARAIL",-0.266181632583884,0.00647946578907024
"ENTPD3-AS1",-0.41749702920933,0.00648457775806602
"RPUSD2",-0.304645419402358,0.00648570969966325
"ENSG00000291241",-0.891626223456226,0.00648642959636217
"RIPK4",0.425672214048555,0.00649222922686961
"ENSG00000226471",-0.742279945682261,0.0064985872262255
"EIF3C",-0.261391298869246,0.00650631397313675
"TMEM245",0.298497576278212,0.006512421980355
"MAD1L1",-0.228046116634412,0.00651474883219642
"KAT2A",-0.338312596495985,0.0065244789735229
"AMHR2",-1.77263019357268,0.00653098386180013
"DESI2",0.221905586446832,0.00653702557881888
"DNAJB9",-0.356739192757418,0.00653962849681757
"TPMT",-0.230838940706175,0.00654169926664458
"GLRX2",-0.336312433937516,0.006542822414603
"SRRT",-0.238542328515908,0.00655424590394271
"FAM199X",0.242629991421999,0.00655807582896482
"PEDS1",0.234553790083292,0.00656112110643331
"CREB3L2",0.278015135071145,0.00656481022711324
"CHCHD3",-0.309299387613324,0.00659698213242392
"SLC35A3",0.299657022494146,0.0065971949377934
"ZNF672",-0.264401638791462,0.00659895627098853
"ZSWIM9",-0.509429864279832,0.00660780540962578
"UBE2M",-0.239615947737464,0.00660783345761402
"ENSG00000228933",-0.487828928611705,0.00664145220623427
"TRIM52-AS1",0.29444311566792,0.00665619417037493
"ARL5A",0.183140074001849,0.0066683463636315
"SDHAF1",-0.327538525209645,0.00666939499437443
"ENSG00000261238",-0.527733580928788,0.00666946615198885
"CHMP1B",0.286887943657796,0.00667023147618198
"DNAJC15",-0.261257095252459,0.0066785288802272
"ULK3",0.225989087992499,0.0066803604358945
"DYNLL2",-0.219057016464459,0.00668347057428539
"MRPL15",-0.23011788230162,0.00668676031009216
"ENSG00000309885",1.80015593076841,0.00668884888412752
"ENSG00000288988",-0.820761470158016,0.00669062470387357
"SYNGR2",0.211260319309386,0.00669588486041491
"SSRP1",-0.216054444162602,0.0067051263033354
"RAB29",0.292075591837579,0.00671513544071402
"CCDC91",-0.33210495209896,0.00671947415117068
"HNRNPR",0.20624370304863,0.00672138832653999
"SIRT2",0.249788630136239,0.00672504304557208
"SVBP",-0.279452046499168,0.00672848410292203
"ENSG00000287825",-0.519257908226102,0.00673001733319935
"COPS7B",0.188895552314859,0.00673088011005387
"PTPRJ",0.359572637097327,0.0067311865945457
"CLDN6",-0.419615460781951,0.00674287709023024
"TMEM59L",-0.538598775316859,0.00674364454712144
"GTPBP4",-0.219142275283495,0.00675203913684849
"CDC42BPA",0.297523080848834,0.00676057477768595
"ELOC",-0.268460041359341,0.00676189224882846
"DBP",0.482512808622514,0.00676365845070655
"GYG2P1",-0.641317649914754,0.00676673511139933
"RAD54L2",0.187839248188702,0.00677104609386398
"NFKBIB",-0.249415317152905,0.00678292381496064
"CCN2",0.796653491142285,0.00678949824435344
"NUDT18",-0.453642791198243,0.00679263977136984
"ENSG00000259970",-1.13460029895508,0.00680205442100499
"NEXN",-0.534219318015535,0.00680262022995967
"ENSG00000198618",-0.411285337645145,0.00680338083533007
"MIEF1",0.172810298608035,0.00680593578439648
"ENSG00000226149",0.552228489431907,0.00682527396006595
"CENPN",0.220304346136462,0.006825347367279
"LINC02021",-0.634356929192747,0.00682718369375986
"LOC105373017",-0.989416939425336,0.00682807145362666
"FASTKD3",-0.318830167956241,0.00683070501583932
"RCOR1",0.232222373386924,0.00683125846839618
"MSX1",-0.266974534522795,0.00683523836558859
"AMD1",0.220165783569144,0.00683848801988222
"TAF6L",0.27592847810122,0.00684033459009306
"FOLH1B",1.31658110949027,0.00684677629294538
"FRA10AC1",0.23384957332838,0.00685373567170266
"POLQ",-0.405641987001092,0.00686549139340692
"FAT1",0.271492502464049,0.00687301706529453
"MAGI1",0.201123890255852,0.00690575293516321
"CDKL1",-0.769558118826159,0.00690940547126869
"A1BG",-0.233265871333985,0.00691313818417209
"RECQL",-0.238351976944093,0.00691326302927153
"KIF5B",0.198348856138429,0.0069297129319307
"ENSG00000267838",-0.52252153320836,0.00693860804027622
"PUDP",-0.334254376549097,0.00693937892514359
"HMGXB4",-0.229473362347897,0.00694278957329847
"ENSG00000299379",0.705344950858949,0.00694381287264218
"HYAL3",-0.360897338430863,0.00694632415553395
"CPAP",0.286775805272214,0.00694775155133596
"ENSG00000260669",0.362300333883705,0.00694812995116991
"SLC4A2",0.261478398828869,0.00695604100267441
"MMACHC",-0.338437793392012,0.00696751186899787
"NIN",-0.352279951863538,0.00696902312021054
"ENSG00000280254",0.696125891846633,0.00697680893982052
"AP5B1",0.290832936616389,0.00697778320843128
"ENSG00000304996",-1.12882329720862,0.00697906219126835
"ENSG00000287070",-1.62426259675548,0.00698286198782073
"PSPC1",0.21838143373091,0.00698902493354406
"LINC00942",1.56639254908159,0.00699341323292572
"CFAP74",-0.808161166029059,0.00701866603992812
"GDF1",-0.732259807804784,0.00701921796273706
"EVPL",-0.388681043125717,0.00703115846703727
"GAL3ST2",-0.629982295108953,0.00703171838434894
"APPL2",0.210875509888906,0.00703526741080717
"CHM",0.241545691477142,0.00705289528614108
"CHEK1",-0.185960072827378,0.00705564379529452
"PNCK",-0.485148845412352,0.007057667363501
"GAA",-0.309742496803494,0.0070639441274837
"CCDC150",0.381889474542917,0.00707043134593895
"CMBL",-0.259318800954356,0.0070730698693328
"BDH2",0.297584704094142,0.00707390258773007
"TOPORS",0.231458136620161,0.00707964956411575
"ENSG00000303740",1.11644662832017,0.00708458342713753
"ARL1",0.225052473658938,0.00710926072666171
"ENSG00000289004",-0.982066854880462,0.00711269490941207
"ENSG00000296790",0.5590891422666,0.00712125240512247
"RGS3",-0.221440810593819,0.00712224767588238
"DNAAF11",-1.4838922271816,0.00713573570404727
"MIRLET7IHG",-0.468432570924179,0.00714029889190565
"CHN1",-0.858404030894354,0.00714196702443818
"MON2",0.254947518849314,0.00714954914008092
"ENSG00000286136",-0.851298578527343,0.00715241248988119
"ILF3",-0.247326198833592,0.00716163474359615
"NIPAL1",0.479269838512135,0.00716401397659894
"C8B",-0.296148989267069,0.00717326537799333
"LAMP1",0.327239562837165,0.00717554365561974
"LDLR",0.24272313849438,0.00717671983764951
"ZNF700",-0.23887027210241,0.00718352036886983
"PLA2G1B",-0.969992125873919,0.00719310265912955
"HSP90B1",-0.320605946590211,0.00719637379726249
"UTP6",-0.230233147360893,0.00720374361758457
"ABHD17B",0.274079271831349,0.00720530618392762
"SLC16A4",0.774794958783107,0.00721713878662674
"ENSG00000262333",-0.619733985465908,0.00721955620789543
"INPP5A",-0.256238832584584,0.00721993532350369
"ENSG00000261732",-0.525411700491218,0.00722125733057314
"ENSG00000289741",1.0471750673027,0.00722508011196773
"ARPC2",-0.300467807840369,0.00723267966843787
"ENSG00000299295",-0.819623410102229,0.00723359348006512
"MRPS15",-0.203189677488271,0.00723414974847673
"OGFOD2",-0.28827942644831,0.00723475346286861
"RPP25L",-0.302886841759195,0.00724292206626344
"CHST15",0.738060184512134,0.00724360408202074
"CTSD",0.266572462083653,0.00724594352721577
"DZIP1L",-0.590158755332257,0.00724718873843974
"EXT2",0.341508584338081,0.00725663257240408
"SLC3A2",-0.358181368060638,0.00725708041109681
"LRR1",-0.283814014606832,0.00726057518438441
"PIGT",0.224669654981366,0.00726144390989239
"LINC02798",-1.17461546848651,0.00726471714368897
"LINC03009",-0.254761376689447,0.00727237309316064
"IQCG",-0.615647270363629,0.00727663093309042
"ENSG00000260643",-0.556457388836235,0.00727921345052073
"ACSL6",-0.40173614423699,0.00728256491055212
"FGD3",0.529770790723214,0.00728256738950708
"AFF1",0.233377464608553,0.00728273729224757
"ZNF644",0.191148854799159,0.00729507549032771
"FDX1",-0.322727633442973,0.00729734995972862
"VTI1A",0.184538467717078,0.0073000368458366
"PLAT",-0.715630929020615,0.00730962446418239
"SLC24A1",0.257095161822151,0.00731002929475392
"ACSL1",-0.54668154101535,0.00731176361475358
"FBXO36",-0.564584820049459,0.0073153765460717
"ENSG00000286846",-0.990016224321272,0.00732820179137088
"CINP",-0.2633882902258,0.00732992270024359
"NUP153",-0.214847105780643,0.00733035617538207
"ERCC6L",0.320162461125029,0.00733155163008745
"SKIC8",-0.23364212501901,0.00733482988438042
"COQ3",-0.427720189783724,0.00735006879944789
"PLPPR2",-0.287305549624829,0.00735453818838029
"CTAGE1",1.40328611626905,0.00735763815402827
"SFXN3",0.295626081523439,0.00736504209752005
"ENSG00000279057",0.577611930262944,0.00736562099853256
"ENGASE",0.227529506383307,0.00737004469274121
"ARL4D",-0.28815647289023,0.00738167353032495
"PIP5K1A",0.188868564459419,0.00738587925714726
"RPP40",-0.323377067715177,0.00738829931795546
"PYGO1",-0.728428944257733,0.00741771292820814
"ENSG00000186076",0.971794128486968,0.00742104669330919
"SLC7A9",-0.435261660206555,0.00743460540883856
"PCDHGA1",-0.845259322462228,0.0074440619919113
"LINC01101",-1.00128204334522,0.00744696311250817
"CAMK2A",1.96396469707486,0.00744937809269945
"PDHB",0.26855788291262,0.00744967312117164
"IFT88",-0.279489039932486,0.0074500307105662
"ENSG00000243885",0.85740958801622,0.00745316034615174
"KAT6A",0.194057827170779,0.0074533410759705
"HEXIM1",0.233637240955953,0.00745669709268814
"ENSG00000303853",0.356753491293216,0.00746331034153221
"C16orf95-DT",-1.16007986575534,0.00746673976393962
"ANKHD1-EIF4EBP3",-0.268590367004602,0.00746751361437822
"SOD2",0.325418721240757,0.0074698859941528
"ARB2A",-0.3415169194936,0.00747615688905746
"ANKRD36C",-0.569992166653641,0.00747827028203154
"EEF1D",-0.232092740110283,0.00748811576730709
"BABAM1",-0.190517244302964,0.0074922169441179
"NR1D1",-0.424831274103284,0.00749740015435424
"GGACT",-0.759795077437794,0.00750996811286733
"DUSP5",1.06633311226073,0.00752190517349887
"NREP",-0.333377234340299,0.0075227191799273
"LOC105371123",-1.05797177008763,0.00755388071357589
"ATP5PB",-0.219547786833391,0.00755924344076268
"ENSG00000305511",0.622968988908465,0.00755968428301134
"VAC14-AS1",-1.37442285186561,0.00757058796737232
"PTGR2",-0.438998628246713,0.00757189965310459
"SMIM11",0.332226984266526,0.00757459312691401
"DDO",-0.329443479526754,0.00757635783781819
"ENSG00000232611",-1.1718876294662,0.00757918587135117
"ENSG00000277879",-0.678278032595152,0.00758867195007024
"LINC01144",-0.684534424752872,0.00758879060013183
"MAPK1",0.230509098574392,0.00759183383485531
"MFAP3L",-0.538050945903035,0.00759236158351695
"SGO1",0.278392643933893,0.00759557045394226
"USP10",-0.188778015977595,0.00760370921058825
"GMPR2",-0.253715712872823,0.00760424678792854
"AQP11",0.257559129683316,0.00761106806288071
"ZNF75D",0.306875980673798,0.00761412199243702
"TRAPPC2",0.369753308315092,0.00761681689380496
"IK",0.255642132468131,0.00763391189923497
"OSBPL7",0.374824998030308,0.00764178509745979
"MARCHF6",0.249365008337745,0.00764601486894137
"NHLH1",1.08975339845146,0.00765138024799432
"TAPBP",0.214532894209169,0.00766585476421576
"ENSG00000289507",-0.8744222552837,0.00767596440402087
"WDR5B-DT",-0.493122838875296,0.0076814915011991
"POLR1F",-0.304013412834607,0.00769042550633718
"IQCJ-SCHIP1",-6.77188743601542,0.00769510492317117
"HAUS5",-0.30481373568555,0.00769794316402199
"C1D",0.2724661541808,0.00769926107153213
"SOX8",0.99681945856372,0.00770732169780547
"SLC25A17",-0.231432991434033,0.00770831308943461
"VHL",0.239976777235973,0.00770861023210762
"NCKAP5L",0.189757705733226,0.00772898772875243
"UAP1",0.227592272262053,0.00773974608546317
"PPP2R1B",0.20513915291551,0.00775774838272214
"RPS4Y1",-0.31363763927815,0.00776169646845616
"ZMAT2",-0.255357448397254,0.00776559472653152
"TNNT2",0.952057570764653,0.00778105959709594
"LMF2",-0.34110930618894,0.00778474854233171
"SNAP29",-0.317701526673462,0.007792078583984
"SH2D5",-0.848892282692594,0.00780501667859737
"SMCO4",-0.306895167784682,0.00782384446920332
"SLC13A3",-0.458616297521582,0.00783770336126641
"ALG13",-0.248103673508872,0.00783905901582693
"SPMIP5",0.4475939321828,0.0078454161679601
"ENSG00000280087",0.331362839461732,0.00785759288662845
"COPRS",-0.272002656159819,0.00785899780221828
"NECTIN2",0.234432039739526,0.00786098017733342
"ENSG00000288866",-1.46884855278299,0.00786377222683072
"ENSG00000288538",0.713051579909559,0.00787480172712905
"ENSG00000260274",-0.528295681286005,0.00788619284135867
"LPAR5",-0.852216974300676,0.0079007178574894
"SAT1",0.331584620900234,0.00790922405135082
"ENSG00000284707",-0.737317875912399,0.00791397612287131
"SLC28A1",-0.48637092825971,0.0079218663308119
"KTI12",-0.293392305893774,0.00792202186015258
"EOLA1-DT",-0.926505735259932,0.00792389744786766
"PBLD",0.390786930547605,0.00793231819831567
"SNHG21",0.368925349253514,0.00793263693584276
"PPP1R3E",-0.237572253939385,0.00794354305301261
"PTER",-0.468865225650412,0.00795836441904399
"TM7SF2",-0.24588405802689,0.00796082409327063
"ZNF473",-0.267374651719531,0.00798237078686105
"SUGCT",-0.309116516789353,0.00798290731929018
"TBCA",-0.368256492619707,0.0079967782615523
"UBFD1",0.283795386592734,0.00800762872660156
"ZFAND2A-DT",-0.385216305663919,0.00801430753977525
"ZNF112",0.384698652401511,0.00801707792254196
"ENSG00000285730",-0.525767161231186,0.00802302099307937
"LOC124901628",0.95524695825804,0.00803304385877469
"FYB1",1.51599904233298,0.00803459638438605
"ENSG00000293098",0.475764791876145,0.00803567664759308
"LIG4",-0.264886018456469,0.00803772466793935
"HMGN3",-0.245809224482666,0.0080465935106438
"LAP3",0.297075073595807,0.00805608225810369
"GATAD1",0.190265168903206,0.00805703695808273
"XPC",0.217757936998889,0.00807088722051708
"DNAJC22",-0.191699685579867,0.00807558566149326
"CHTF8",-0.406822401542592,0.00807689250806112
"MAP3K14",-0.24645632635226,0.00807786476781915
"SCAF4",-0.188869616388141,0.00809168659328777
"SRSF5",0.23176927639865,0.00809426459684597
"MBD6",0.24713944525236,0.00810320704297081
"LINC02481",-0.429551502413444,0.00810364983104359
"SLC6A9",0.390102905024878,0.00811409269063024
"ENSG00000289875",-0.872184159691934,0.00812156206310668
"STX1A",0.272528400284906,0.00812554461732946
"SLC52A2",-0.263157117703275,0.00813324067817519
"LINC00939",0.760115291424641,0.00813958290211082
"ANTXR1",-0.324140575378208,0.00814285360023511
"ENSG00000293482",-0.828146221365767,0.00814392659169839
"LOC107985694",-1.10621496699751,0.00814765587374247
"CYB5A",-0.182853481128463,0.00816776641158406
"PPP1R11",-0.314753016612532,0.0081680320497839
"CA11",1.17335458325255,0.0081697041601686
"NEK11",-0.791034955782337,0.00817831657731024
"LRRC57",-0.234384324997154,0.00818156010775701
"ENSG00000286873",-0.834449718760426,0.00819235382895794
"CORO6",-1.08342370737673,0.0081927025051194
"ARRDC3",-0.438698425156236,0.00821343184184476
"SGCB",0.266277389656284,0.00822762375938796
"ST20-MTHFS",-1.00137577880581,0.00823364279335647
"FAM161B",-0.356528345418413,0.00823476991911686
"ENSG00000237614",-1.40944750592257,0.00823561357934087
"RPA1",-0.219180529152238,0.00824550879241317
"RRAGA",-0.361991082307487,0.00824798248171776
"DRG2",-0.27990942256357,0.0082671445209073
"BACE1-AS",0.301466565361873,0.00826952785269055
"PROZ",0.258319127095096,0.00827298806155689
"ENSG00000260563",0.358500018203089,0.00827949063397587
"SLC40A1",0.280711839781046,0.00828941381705466
"ENSG00000223725",-1.13506310765292,0.00829025930813636
"ENSG00000226200",-0.561245214545796,0.00830325342075121
"FLOT1",0.22488882891806,0.00830431171342242
"INTS7",-0.212818954269753,0.00834738389036177
"ENSG00000257524",-0.519844918546194,0.00835798094022626
"LOC100310756",-0.399869702110241,0.00835865965857816
"ENSG00000231154",0.789780425444482,0.00836586744283055
"ATP11C",0.308244601586215,0.00836657961001485
"IL18BP",0.288204229912156,0.00837026358606001
"ENSG00000281469",0.829782761207414,0.00837389838759839
"ENTPD1",0.816144016283512,0.00837756052976247
"PDCL",0.226742156763829,0.00838556024819579
"MYG1",-0.357644690234138,0.00838990930881188
"COPB2",0.208413897219939,0.00839378925118385
"UFD1-AS1",-0.660306667191153,0.00839595557920353
"SMYD5",0.190879143757445,0.00842200494644247
"SFN",-0.597553193947222,0.00843461188537936
"ENSG00000293606",1.35974986370037,0.00843696476747444
"LOC100288175",-0.352254785992931,0.00843893265906158
"ENSG00000293143",-0.443095647297049,0.00846396821659685
"PIGO",-0.35495149017588,0.00846574007087875
"RBM47",0.380851431433865,0.00846685161938791
"PEX26",0.179846182383996,0.0084696323633871
"ENSG00000291220",0.324046072496571,0.00847113531109713
"DHX38",0.190822753828497,0.00847670603449128
"MAMDC2",2.66669278148937,0.00848049171388381
"TMEM268",-0.291583985145582,0.00849710707410879
"CCDC93",-0.192774437323216,0.00851072620816265
"SEMA4C",0.215233638644776,0.00852741357711232
"GMDS-DT",-0.316736368837391,0.00852881786599943
"NME6",-0.213524309607792,0.00853330229096942
"IRX3",0.327914538106454,0.00853508053534925
"ABCC11",-0.434208799758851,0.00855163713385806
"DCLRE1A",-0.215819062275556,0.00855278615026831
"FUCA1",0.260711367356395,0.00855506334100633
"ZNF784",-0.352520742865264,0.00855629793187893
"C18orf21",-0.318468949977956,0.00855755681906726
"CHRNE",-0.611144183534396,0.00857170847793666
"PTP4A2",0.182790535085881,0.00857286633580897
"ENSG00000308454",-1.04475314903405,0.00857644279464638
"ENSG00000263235",-0.561510589982509,0.00858056328328364
"CKMT2",-0.539143108302714,0.00858614165244935
"ENSG00000263606",1.28382774856649,0.00860415488852154
"ENSG00000287739",1.48939706782664,0.00861048558642759
"LOC124905013",0.960174917485627,0.00861994723035558
"CA13",0.392315620881332,0.00864705643608759
"GAREM2",-0.788216661818495,0.00865141087465116
"CDR2L",-0.573308206562215,0.00865389855921225
"C2orf49",0.232613621517878,0.00865770732162604
"PLIN3",0.398195630786633,0.00866846797412228
"LOC105372061",-0.397475601208141,0.00867142301695202
"ZNF319",-0.288123099779612,0.00867250181077581
"C1QTNF3",-0.400257798267697,0.00868275374696352
"AHSA2P",-0.224284346785563,0.00868515589800373
"GARRE1",0.217561115968154,0.00868559737403371
"PARP6",-0.772593534611888,0.0086940557745761
"ENSG00000242798",0.94183974022475,0.0086970901276435
"EIF4EBP3",-0.735552138651908,0.0087008274179385
"DLG4",-0.357703210718526,0.00871991875117847
"SPPL2A",0.308774124738186,0.00872492604388434
"LOC124904058",0.807098565352264,0.00872827517055132
"FAM133B",0.173320424422881,0.00875544489670458
"ENSG00000272129",-0.773978250630739,0.00876250007659031
"ITGB2-AS1",-1.0461146101049,0.00878501701158608
"SAP30",0.300322706536215,0.00880418182308462
"CYB5B",0.200194606135921,0.00881753112308003
"PDZK1IP1",1.72407192934293,0.00882692980128938
"ENSG00000267199",-0.485242285116522,0.00882961017693919
"RBM19",0.22065782085882,0.00882981639381311
"PINCR",1.08197437276176,0.00883208160441057
"WDR89",-0.303385672768457,0.00884236177820947
"LOC105371083",-0.879193844263164,0.00884469960401478
"ENSG00000288873",-0.917296532525213,0.00885022912742578
"LDLRAP1",0.332065249618123,0.0088566129532332
"HOOK1",0.182217122481582,0.00886069304459397
"CCR4",1.24172837031882,0.00886539309066805
"WDR82",0.21620773703871,0.00886790719420824
"LOC105369344",-1.02635823358704,0.0088691356845434
"H4C12",-1.26792760339559,0.00887368613024341
"FBXO27",-0.755681532432188,0.00889574040879621
"CAB39",0.23314659079209,0.00891278080519236
"LINC02693",-0.344632706222726,0.00891338812961603
"ATP1A1",0.233523597909824,0.00892495294436243
"AARSD1",-0.275110831668509,0.00892534050400725
"NUBP1",-0.256737332348872,0.00892957509550079
"RNASEH2C",-0.204565641375001,0.00893481081126887
"LRGUK",-0.839477501587458,0.00893589421240115
"ENSG00000261578",0.83637117572984,0.00893612162900975
"RPL36AL",-0.379783804491687,0.00895477622486464
"ENSG00000260233",0.377971821997374,0.0089656160342829
"ATPSCKMT",-0.394725284760277,0.0089735735956728
"ZEB1",0.217728608157774,0.00897449729784402
"TCTN2",0.365949154920179,0.00897831095832049
"TAF6",0.190191152634389,0.00897868064557142
"HDHD2",-0.2044346496168,0.0089821505664821
"HERC2P2",-0.312091486905671,0.00898799084184535
"CAMK2N1",0.233973414851766,0.00899605826806942
"ENSG00000261770",-0.412984829437515,0.0089965714676921
"NGRN",-0.297945001061822,0.0089978437864741
"RCAN3AS",-0.8249271677712,0.00900068247033683
"ENSG00000277767",0.558105552938416,0.00900410377349695
"NUDT7",-0.321445520055145,0.00900571670981491
"SIGIRR",-0.591458318950988,0.00903108427647525
"CLCA4-AS1",-0.706078439664308,0.00903138146602801
"NPIPB12",-0.234604975590263,0.00903234115222893
"ENSG00000304602",0.713876747498361,0.00903317040822429
"WEE1",-0.20891084151767,0.00903838580683388
"ACOT1",0.241548511539337,0.00903909092866974
"RGCC",1.46926017900858,0.00904732156905948
"RPL30",-0.295641994442295,0.0090531630369236
"CTCF",0.16066552732284,0.00905348627794954
"ILKAP",-0.208165221550644,0.0090541407798971
"NDUFA6",-0.270391013362606,0.00905569577909283
"SLC25A5",-0.286963544229476,0.00906871219755345
"NICN1",-0.410286047427697,0.00907651913557381
"CHROMR",-0.417033041221213,0.00907850609463339
"ETV6",0.379805325009089,0.0090887410638468
"HEBP2",-0.222714661506426,0.00910431052910139
"TRIM37",-0.213552508139178,0.00911578748597535
"ENSG00000288844",-1.17330390506968,0.0091187924559054
"MAN1B1",0.236585701127006,0.00912561262145874
"LOC124900275",-0.214002258999163,0.00912791591537617
"BICC1",-0.959831512466956,0.00913013718059441
"ATF6B",0.291327661605437,0.00913408223335372
"NOC3L",-0.252174662907483,0.00914446264347085
"ENSG00000272990",1.05881653888849,0.00914700504135098
"LINC00298",-0.995806442043069,0.00914965089887465
"NDUFB9",-0.307802329109654,0.00915185179573173
"NKAP",-0.288120708625244,0.0091535605682746
"ENSG00000288994",1.46930617027911,0.00916775585045696
"SMIM13",-0.202460295724222,0.00916962624773968
"ENSG00000225138",-0.428553578145346,0.0091838118491912
"CITED2",-0.303989513699327,0.00918628806427986
"PPP2R5CP",2.03908040892156,0.00918663298871047
"ENSG00000289914",1.27463285279298,0.00919861501670859
"RASSF8",-0.420380111218902,0.00920123044269284
"NRN1L",0.721591860547993,0.00920821227803455
"ZNF699",0.601111499021312,0.00921087241136584
"LAMTOR3",0.235366235207051,0.00922627616555398
"SKP1",0.230151466794014,0.00922779259873803
"PCDHB9",0.55792618656076,0.00923315593454455
"CLK2",0.207000461944711,0.00924397535953366
"ZNF625",-0.438784549151559,0.00925471173749498
"ENSG00000288044",0.311098217016069,0.00925629998357126
"JUNB",-0.461789782195174,0.00925972744560435
"ZNF655",-0.18290932444607,0.00926505748303803
"MED26",-0.290457410707366,0.00926768347435022
"ZNHIT3",0.206173559412808,0.0092729471222843
"P2RY6",-1.71513093472296,0.00928460586267701
"AKR1C2",0.252349865581628,0.00928614576892067
"EXOSC10",0.20896423534478,0.00928842240029751
"ENSG00000255389",0.462164720459246,0.00928884069006312
"ENSG00000305667",1.73014661764007,0.00929147629025976
"GNB3",0.413140420071545,0.009299144471216
"ENSG00000258900",1.64563427176317,0.00930518961544471
"ENSG00000291265",0.993591839902636,0.00932229695858825
"TACC2",0.171217671868578,0.00932594241767327
"INPP4A",0.231363237331652,0.009327951320316
"CERCAM",-0.290183177496258,0.00933104378989959
"COPS4",0.257761275395876,0.00934691982261099
"LINC00908",1.72849512124982,0.00935451207417437
"PLAGL2",0.282708105982729,0.0093621668524508
"TMEM72-AS1",-1.10615144510668,0.00937814262910503
"ZNF624",0.487992439022902,0.00937889778001964
"POLR3D",0.285840588688376,0.00938445884605818
"KLF9",0.344903777343315,0.00938729358943513
"ENSG00000260751",-0.635594082151063,0.00940075613833571
"PSMD5",-0.215227644954404,0.00940636880149898
"CES4A",-1.55761870551753,0.00940799291955517
"DDB1",0.241961528352697,0.00943261351203426
"RAB3B",0.835599191102669,0.00943350595440226
"ME2",-0.251818877101984,0.009444722945062
"APLF",0.508335224523316,0.00944563878066196
"ARID1B",0.18522213058346,0.00945136222466121
"ZNF710",0.196711901055025,0.00945718249243675
"EVA1A",0.327015666013086,0.00945725134018596
"MATCAP2",-0.290825369744777,0.00945740624469952
"ENPP2",0.548540219077607,0.00946597501227064
"PCBP1-AS1",0.263668779081942,0.00946956668473122
"ENSG00000300693",-1.05144657522475,0.00947789113558385
"PFN1",-0.331911443790579,0.00951952635487246
"SP1",0.18668238164755,0.00952461997953847
"NARS1",-0.2068249981492,0.00952602218748107
"SELENOO",-0.203052618020119,0.00952881914408107
"RPL17P47",-1.01419779020663,0.00955509618822364
"TMEM62",0.216010670018584,0.00955718568684494
"ICAM5",0.491903145673425,0.00956258947986625
"GPR20",-1.3036531763965,0.009575962697831
"ABHD10",0.200524654087011,0.00958098908966718
"BRD3",0.186958485905155,0.00959474328363939
"ARPC4-TTLL3",-0.50726001361369,0.00959703972613684
"ENSG00000269976",0.475193735399854,0.0096184323647668
"LEO1",0.3876000989433,0.00962102241413373
"PAM",0.273177571158877,0.00962268334045633
"RRN3",-0.174547342570689,0.00963232333124322
"ENSG00000284743",-1.04681104684328,0.00963308061227633
"MMP17",-1.28938068906092,0.00963677491774757
"AGGF1",-0.194343687701731,0.00964678029286194
"TDRKH",0.41996210470298,0.00965348111594722
"ABCB10",-0.26392917847917,0.00967449529427562
"PFAS",-0.199047434257283,0.00968468259551618
"C1orf52",0.24189227752609,0.00968846343293011
"PALS1",0.260018703256464,0.00969114313477021
"TULP4",0.201021312088593,0.00970400957063917
"VWA3A",1.43696624855313,0.00970611719364627
"HBQ1",-0.472094798118885,0.00971803542517385
"ENSG00000261618",-0.790871825013961,0.00972228558258978
"VEGFD",-0.736518755844478,0.00973440901858614
"TINAG",1.17337051482985,0.00973580630624799
"NOD2",1.43319686631113,0.00973989881269748
"NMT2",0.197777473210248,0.00974983826307274
"ST6GALNAC6",0.253562385582898,0.00976185683548615
"RPL17",-0.303261984534448,0.0097701039035038
"AGPAT5",0.222465385428201,0.00979042032338552
"ENSG00000295782",0.657940092297686,0.00979055842329749
"EPM2A-DT",-0.826440122146583,0.00979563714059551
"ENSG00000290830",-0.8452807719454,0.00980187352894751
"MTMR11",-0.47012535301315,0.00980240234363499
"ALYREF",-0.279430972245487,0.00982595977166281
"LOC730101",-0.521211597837809,0.0098261504828331
"ESYT1",-0.265880827629289,0.00983008735593593
"VPS35L",-0.640365872866073,0.00983439169285027
"MANEA",0.251498823155339,0.0098384731176036
"UNC13D",-0.383316446074118,0.00985112782835143
"BET1L",-0.249882520152918,0.00985850092566738
"SUCLG2",-0.243375844711024,0.00988616460052642
"ENSG00000271833",-1.1578396362863,0.00991315149002812
"GPX1",-0.320649954255641,0.00991980609168043
"KRT18P5",-0.584776024377198,0.00991985971177599
"LOC107986854",1.02040331155262,0.00992250897373976
"EHHADH",-0.261547535771893,0.00992627395935585
"DLST",0.196271150183017,0.0099296131445679
"SCPEP1",0.25871064559068,0.00994148488530626
"ENSG00000306875",1.20329006487161,0.00994202993825182
"CACNB4",0.598524015034081,0.00994937943106137
"C3orf62",-0.335155554368869,0.00995117805423551
"LOC107984888",-0.521657377350456,0.00996700828051799
"ENSG00000310496",-0.415656643643958,0.00996704584387496
"C7",0.68118815711439,0.00996856275768044
"ENSG00000261596",0.935326306523933,0.00998288531745277
"FBLL1",-1.27583432124139,0.0100033418679098
"PLXND1",-0.195989194330247,0.0100040330583415
"ENSG00000225292",1.64598871053107,0.0100162716697681
"UBL3",0.310612640150564,0.0100265153154576
"DCTN6-DT",0.489295916329455,0.010028506142897
"SLC12A2",0.469699240188941,0.0100326921955461
"PHLPP2",0.237299161133672,0.0100367447367968
"KYAT3",-0.229666343937528,0.0100394949908282
"HDAC8",0.231705288200569,0.0100439896863744
"NEMP2-DT",-1.2869233033008,0.0100485269031256
"LOC254896",-0.335215302394658,0.0100633643199661
"GAS7",0.943723433691824,0.0100650746614325
"METTL15",-0.252772591791696,0.010073626162737
"ENSG00000273796",0.689941947004953,0.0100741871900845
"PRKAG2",-0.739128652202181,0.0100802428354338
"ENSG00000233381",0.655373371069226,0.0100838170030933
"PRKCA",-0.20553338130359,0.0100854722628692
"ENSG00000261334",1.42160244119418,0.0100858676345297
"ZNF175",0.446446464111663,0.0101096589349659
"UBE3B",-0.240829121867824,0.0101100242988045
"SPSB1",-0.326163208610122,0.0101104524724681
"ZNF324",-0.457322626422179,0.0101180239789458
"KCTD15",-0.238057263512136,0.0101255408657035
"NACAD",-1.16484638079398,0.0101289071178591
"SMG1P6",-0.791436009578823,0.0101382023711385
"ENSG00000235100",0.320363543422612,0.0101395813609284
"CSAD",-0.342278991327221,0.0101484078155283
"MTX3",0.226679078217697,0.0101530114130737
"RNF11",0.236989623548311,0.0101642227206892
"C20orf204",-0.406122225845843,0.0101674766767781
"ENSG00000263276",0.30976635017471,0.0101763013079951
"OSGEPL1",0.421894812239476,0.0102008008525615
"MIA3",0.194779881083452,0.0102061365577238
"TJP1",0.202131628319093,0.0102183455893773
"ELAC1",-0.598443836642965,0.0102185819655523
"SRRD",-0.291236520041207,0.0102281895854987
"H1-0",0.283721777083544,0.0102292773529673
"CHRNA10",-0.573585359203563,0.0102542761705143
"JPH4",-1.12463510197474,0.0102722308205534
"SCAP",0.221838298808065,0.0102862592034421
"RAPGEF4",-0.706557221765554,0.0102872379562454
"ZNF606-AS1",0.272705603266749,0.0102879303993598
"ENSG00000289731",-1.3722547188556,0.0102985166848186
"MYCBP",-0.329513948722248,0.0103041732167748
"WDFY3",0.197146696699493,0.0103070221605179
"DYDC2",-0.313290785014222,0.010312457822728
"LINC01465",-1.55788901534424,0.010322110695059
"NBAS",0.219933812403484,0.0103352760155096
"EAF2",-0.513992872865622,0.0103352862556281
"ENSG00000278434",0.747375233088196,0.0103455255659097
"ENSG00000233085",1.96312209867609,0.0103529092236468
"NDUFS1",0.174112465637674,0.0103532835034612
"DDX54",0.189594185866111,0.0103656703655718
"PIK3CD-AS2",-0.822179892236588,0.0103787355600688
"ENSG00000267649",-1.19082563153009,0.0103798960260793
"BCAP31",0.272974945817362,0.0103842213026861
"STAM",-0.232584580083122,0.0103849424710673
"ENSG00000278576",-0.987239419232314,0.0103929052666687
"TCF12",0.193347380424472,0.0104048776849301
"FRG1JP",0.318599824573244,0.0104069028041337
"INAFM1",-0.320240211291109,0.0104069126584172
"DMGDH",-0.507468975313007,0.0104116270930958
"SMCO3",-1.18814503074498,0.0104167304074401
"CDC20-DT",1.11924544605558,0.0104256624332027
"ENSG00000289042",-0.639423654131388,0.0104372351088753
"LOC127239154",-0.334294357144703,0.0104402252838928
"TBCEL",0.23470311803585,0.0104404444833445
"NUP50-DT",-0.51009724108511,0.010453732509945
"GK5",-0.233717938307071,0.0104543562474173
"ZNF821",0.287001543529908,0.0104630454819507
"ENSG00000229666",-0.930593007397797,0.0104715512511526
"LHX6",-0.5437798729668,0.0104804584307135
"COPB2-DT",-0.694303553849066,0.0104892092001283
"ENSG00000279689",-0.831249959741809,0.010497987661901
"ATP6V1A",0.187821898557636,0.0105010350016893
"EVA1A-AS",-1.33618185179357,0.0105238446730515
"ELMO3",-0.275479783644869,0.010525040287128
"FBXW5",-0.243387278846539,0.0105253402330347
"ZFP41",-0.244892899063796,0.0105323407234077
"PPP1CC",0.214789499277585,0.0105341654380394
"SLC4A1AP",0.20052362125682,0.0105510036810745
"TAF11",-0.180017074674164,0.0105525867000408
"DUSP6",0.520713789258214,0.0105753363658704
"ATP6AP2",0.26656628856527,0.0105787833472768
"TRIL",-0.654501329788381,0.0105954877785199
"ENSG00000299645",0.255728946585995,0.0105994647042282
"BTBD8",0.491299222415928,0.0106002872288843
"IMPG2",0.938995912330406,0.0106006038074566
"ENSG00000276256",0.212628009636254,0.010613629008453
"ENSG00000275092",1.41960163838224,0.0106169815202921
"ENSG00000289046",0.453469057949902,0.0106204623227897
"TRMT10A",-0.283796976997655,0.0106217097073611
"ENSG00000276523",-1.25836327733316,0.0106346093455057
"DNAJC14",-0.235412306676692,0.0106415154209034
"DIS3",0.175540735883227,0.0106447314632586
"PAXIP1",-0.207745060972708,0.0106483352160655
"ZNF32",-0.332820272913713,0.0106493266187186
"ACOT11",-0.521805535039839,0.0106585761617164
"ENSG00000223546",-0.330030718002529,0.0106728243993228
"RFX2",-0.438199271685552,0.0106740065695423
"C22orf46P",-0.378081075230223,0.0106777473625802
"ENSG00000273674",0.743064170642508,0.0106839686495742
"TPP2",0.217439149016922,0.0107124397864535
"NOCT",-0.339471873774198,0.0107148802774909
"TRIM74",-1.46796588218089,0.0107212446808995
"SIPA1L3",-0.22856196320177,0.0107311438610616
"LDLRAD4",0.349235357911721,0.0107342981065725
"PSMG4",-0.21590990087924,0.0107350759180785
"ENSG00000260604",-0.916395880592152,0.0107365459000384
"ALMS1-IT1",0.916402194031582,0.0107471152743603
"ZBED1",0.26432937237899,0.0107565649522938
"DPH5",-0.211733436194264,0.0107630048651397
"KANSL1L",0.324242952893444,0.0107641155263734
"YWHAE",-0.258291248549874,0.0107692221503924
"DYNC2I1",-0.296165794116143,0.0107719332261887
"TRIM3",0.373978038645274,0.0107744431978555
"ENSG00000241015",-0.968324394709296,0.010777590862209
"PIK3R4",0.25762848961405,0.0107861086840197
"EGLN2",0.258975999427003,0.0107890356553917
"GRB2",0.276530523160893,0.0107907272278303
"RTEL1-TNFRSF6B",0.32290109030734,0.0107972406150541
"KLHDC8B",-0.292035883640222,0.0108133151037308
"LRRC3",0.263305665684964,0.0108340292950478
"ADCK1",-0.322984733579254,0.010844154807087
"IFI30",-0.284670785879103,0.0108765326755679
"LGALS9",0.892661877635444,0.0108769276765213
"TMED9",0.267493172777973,0.0108903345502605
"TAFAZZIN",0.292838291565223,0.0108938330509822
"EXT1",-0.284703779738623,0.0109080349283781
"ENSG00000272205",0.62493115006052,0.010918122654229
"PPP1R15B",0.215564061057602,0.0109425290740458
"UBAC2-AS1",-0.577376895328379,0.0109551349229411
"FAN1",-0.217684429909901,0.0109666479514222
"UBA6",0.21520702213041,0.0109708701506535
"HMCES",-0.192763247150333,0.0109776173341738
"SLC48A1",-0.30803730818838,0.0109945377463402
"DEK",-0.189927250502018,0.0109945412413998
"RNF32-AS1",0.476455939647654,0.0110243763589775
"ZWILCH",-0.207060127461622,0.0110441420285923
"TSKU",-0.326454988805339,0.0110447368536303
"NRIP1",0.167520504693958,0.0110460155798182
"ALG3",-0.247269261380465,0.0110478977986877
"ELAPOR2",0.329035808372373,0.01104852409925
"NPIPA9",-0.276022209049807,0.0110567365716548
"SLC35B1",-0.21792930896374,0.0110687385320605
"PPL",-0.324447478181414,0.0110754619734055
"SYNE1",0.524791238718091,0.0110993810952074
"SYTL4",0.674821779218996,0.0111070658156135
"ENSG00000296184",-1.140325799296,0.011110011230469
"ZSCAN16-AS1",0.276064359444038,0.0111180324379813
"ENSG00000276744",-0.775191688715116,0.011136489551642
"ZNF516-DT",0.759266328968514,0.0111471493921455
"ENSG00000259865",-0.437568885335777,0.0111476568698215
"DCAF5",-0.216435657482317,0.0111536630585061
"PUS7L",-0.236274221598653,0.0111568636490578
"ENSG00000308990",-1.1863557816756,0.0111636023230073
"RAB11FIP1",0.270069242256202,0.0111719354750121
"MTERF1",-0.270028430950139,0.0111863482930214
"PSMB3",-0.253548625255186,0.011189995171739
"COLEC11",-0.423820815359637,0.0112358770697386
"NELFCD",0.174867848679414,0.0112425305521034
"ENSG00000270605",0.361846962093248,0.0112509690735097
"COQ10B",0.25149025904411,0.0112639070762775
"UBL7",0.268709867140343,0.0112667625534782
"CAAP1",0.219304279209241,0.0112798783029165
"ENSG00000261054",-0.954224602977676,0.0112867520147978
"SRSF7",-0.175242193055738,0.0112873498104422
"ZNF607",-0.328097361401986,0.0112923764190179
"LOC100294145",-0.290808509765536,0.0112967620931484
"ENSG00000177855",-1.56945113569471,0.011297721873597
"CHMP2B",0.18872266626242,0.0113134133032321
"CLASP2",0.227649418599758,0.0113154372990564
"POLR3B",-0.291703909875202,0.0113264662889607
"SNX5",-0.18465660724385,0.0113300779685088
"DPP3",-0.238854173734421,0.0113346102395161
"EPS8L2",0.329299709572809,0.0113510751183336
"TUBB2A",-0.419317572418097,0.0113580941316914
"ATP6V0A4",1.44578004864695,0.0113687846529393
"GMPPA",-0.177671709265136,0.0113937136866946
"LSP1",-1.01946745985916,0.0113987486034156
"ENSG00000272638",0.983274549609625,0.0114014759312331
"ENSG00000261140",-1.41777486291253,0.0114110134243039
"USP2",0.527293819675169,0.0114162602945127
"IRF1",-0.339629364372151,0.0114280179042485
"RBM10",-0.162870208124372,0.0114429514359313
"MAGI3",0.246912112363002,0.0114481190943693
"ZNF652-AS1",1.28792796406089,0.0114561299725296
"ZSWIM6",0.405271255694435,0.0114612172902856
"TBC1D2",-0.313746593830938,0.0114657201465098
"SULT1A3",-0.332776017243465,0.0114724172785523
"IFT70B",-0.550745734744566,0.0114799444570067
"CRIPTO",-0.52893144270235,0.0114825414623275
"LINC00671",0.990116197915463,0.0114893519644264
"ACSM2A",-0.750092722682255,0.0115116421167693
"PRKAB1",0.215640805137004,0.0115138161652629
"NDUFB8",-0.247858060789273,0.0115156917273471
"LRP8",0.300020845030189,0.0115199178651023
"ENSG00000272476",-0.812129711825576,0.0115202171569695
"MIF4GD",0.383096867746823,0.0115251174599007
"AMDHD2",0.244098398491555,0.0115357226013044
"HNRNPC",-0.211019565124883,0.0115488649732304
"NHLRC4",0.790043659089299,0.0115509143288975
"YARS1",-0.207661221835309,0.011587640514329
"GLIS2",0.736188453524696,0.0115923858739491
"RNF125",0.73983190529397,0.0116188165918551
"TBX15",-0.60238744377579,0.0116615947461284
"FBXL3",0.236536135611575,0.0116862186996844
"METTL5",-0.283271761203194,0.0116873666531533
"GPALPP1",-0.236073883390184,0.0117026046283905
"ENSG00000302692",0.886297593636955,0.011712601474579
"PPT1",0.230047627610337,0.011749296089991
"PDIA4",-0.281314847238517,0.0117512260508227
"GUSBP5",-1.09862075241018,0.0117525485988332
"ENSG00000233203",-1.02413478482785,0.0117625318041862
"RNF39",1.47047634547988,0.0117652819300403
"SLC29A2",-0.383431543360907,0.0117940885997525
"SLC25A45",-0.390682277176387,0.0117942747476389
"ENSG00000260948",1.21016726666622,0.0118050348736044
"XRCC1",-0.213964780984256,0.0118087720232784
"GPR3",-0.554379286775855,0.0118192035239949
"OR2F1",-1.19762550752915,0.0118265236944319
"ERF",-0.19513312333298,0.0118396109985074
"ZNF440",-0.332551160151492,0.0118418883537464
"ADAM32",0.885440850094129,0.0118551312215332
"ENSG00000301406",-0.704764294264271,0.0118595277623093
"ENSG00000299933",-0.60495150074859,0.0118600227150601
"HINT2",-0.286053963963373,0.0118601073332543
"RBM28",-0.201155987880226,0.0118745238962532
"RAB23",-0.241947787406339,0.0118888542921501
"TFDP2",0.219564560998897,0.0118937649163143
"MIR924HG",-0.34914753777521,0.0118941229482973
"IL17RB",-0.212665085071871,0.011907899872734
"CXorf38",0.31771388541957,0.0119093908181181
"TTF2",-0.249043653721663,0.0119133410566958
"TIGAR",0.293310217871153,0.0119142290282796
"ABCB8",-0.230603629132206,0.0119177809069386
"NME2",-0.30817418170692,0.0119291645030745
"XPNPEP3",-0.217705710883557,0.0119380573139865
"LOC100506071",0.732165965335978,0.0119441497418735
"ZNF300",-0.402470593833829,0.0119530836946373
"CENPQ",-0.250292534627169,0.0119624376281947
"TMEM87A",0.353472033385365,0.0119682655146557
"VPS33B",-0.302806941785446,0.0119755836533322
"SLC35D1",0.316311645067437,0.011982998228471
"ENSG00000290863",1.40041371947139,0.0119917120240784
"TADA1",0.211259589259436,0.012001375218965
"RBM26",0.200019776549958,0.0120381892264859
"AZIN1",0.176418344599221,0.0120382616490144
"ENSG00000249258",0.899027762682652,0.0120467622863726
"NEMP1",0.215536784906759,0.012047827395524
"ENSG00000233849",-0.907344978762611,0.0120584008493059
"OSR2",-0.496699519101541,0.0120599520683487
"TIMM21",-0.223151340631042,0.0120641422082242
"SLC41A2",0.300330293713478,0.0120765097398178
"FLYWCH1",0.250555754767905,0.0120888679835202
"ENSG00000272750",-1.0810388227362,0.0120901627291338
"CCDC28B",0.577498437921393,0.0121015624338259
"RALGAPB",0.163438517437384,0.0121074598159146
"LAMP3",-1.72250460933598,0.0121144779604521
"SGTB",-0.25117384081551,0.012115448071146
"ACSM1",-0.605612497795467,0.0121192499701071
"NFATC2",0.305543173915189,0.0121304279590757
"TMEM169",-0.444534105670363,0.0121313399184055
"MUC3A",-1.35588738189492,0.0121353158218574
"ZNF765",0.283362547943158,0.0121574652368895
"TCEAL1",0.252235744341953,0.0121609235567937
"PCNX4-DT",-0.5781830974759,0.012161738404827
"ENSG00000272973",0.98584627736329,0.0121797843358058
"FAAP24",-0.294721618693652,0.0121953601806694
"ENSG00000308072",1.04371186350272,0.0122030173255114
"TSPAN13",0.199765681520971,0.0122094365329897
"FAM53A",-0.712831860087549,0.0122145456286647
"UPK3A",-0.428496538102167,0.0122147361305779
"PDZD7",-0.75661521029532,0.0122206824682969
"LAGE3",-0.394426651329861,0.0122281521712742
"MLEC",0.199370681211202,0.0122373745681823
"ENSG00000298413",-0.92256309146731,0.0122547753922856
"CENPV",-0.156158016091263,0.0122609915606901
"CHORDC1",-0.284689943383136,0.0122640264639737
"TMEM126B",-0.195406002024787,0.0122650925495667
"PTGFRN",-0.286383779805427,0.0122681327715085
"SDHAP2",0.210088110060406,0.0122732029400491
"PHLDA2",-1.04488880959654,0.0122852571094195
"LOC105374378",-0.329801966558261,0.0122857922718718
"PDZD8",-0.214770048821274,0.0123380956017617
"CYP26B1",1.1265284345163,0.0123472031968231
"RPL19",-0.293573996399242,0.0123595475616259
"CPLANE2",-0.799793845720087,0.012361025331286
"ACSM2B",-0.626388392087793,0.0123619723269345
"MIIP",-0.220984483863884,0.0123620451244341
"SPRED1",0.256728186160162,0.0123683697138748
"PELI3",-0.401884474861723,0.0123712074540543
"VAV2",0.176833809486187,0.0123717204460216
"VRK1",-0.220263317637071,0.0123736055241751
"ZNF8-DT",-0.440951726943346,0.0123912988260817
"CES2",-0.393462253436137,0.0123962937911889
"SRSF10",0.163605323299285,0.012399670383392
"ENSG00000246283",-0.837651394076008,0.0124084277807145
"ABCG8",-0.360621176824584,0.0124109459249937
"CTHRC1",0.480033930293757,0.0124570346633895
"XRN2",0.199981180943427,0.0124594042857222
"ENSG00000225339",-0.900094117645883,0.0124596326294524
"KBTBD7",0.325977791607903,0.0124759773781163
"DISP1",-0.288688458939999,0.012477149116392
"PTRH2",-0.250732974896952,0.0124848672420427
"ENSG00000286340",0.675753149172742,0.0124973880957383
"LINC01933",-1.27025528636065,0.0125118671848949
"ENSG00000289123",-0.693245032455891,0.0125149400012195
"POLR1D",0.239372655178963,0.0125152512798617
"ENSG00000289281",-0.950837191396636,0.0125243834695421
"ATMIN",-0.181600187041693,0.0125495827091396
"CCDC47",0.236574523774777,0.0125711324161024
"GTPBP6",-0.202297395863044,0.0125789645785004
"ENSG00000299860",-0.785438108008054,0.0125922197842313
"DDN",-0.718794767277774,0.0126075959450978
"ENSG00000305642",1.15689155555655,0.012612444771217
"ST3GAL2",0.186539270856369,0.0126244380835009
"NUAK2",-0.709730754834415,0.0126727982481978
"PANK4",0.184188199297534,0.0126751272689523
"HARS2",-0.197042745229552,0.0126783882241934
"CHMP4B",0.336150409360465,0.0126854598900414
"TUBB6",-0.941532821294024,0.0126864030291547
"SPTSSA",0.176702929450492,0.0126934173829224
"SHCBP1",0.233354263848185,0.0126960949288688
"LRRC59",-0.247353871415728,0.0127175840704846
"BLOC1S2",0.201012726217623,0.012719880287779
"UPF2",0.194546705938579,0.0127210830246882
"MMP23B",0.712958557773831,0.0127277035385714
"UGT2B10",-0.214502755797911,0.012730671670183
"ZNF782",0.303010120927873,0.0127396737745656
"SCRN2",-0.272236524431921,0.0127449044451028
"SH3GLB2",-0.240692578684912,0.0127543999434426
"SNX4",0.186980377762642,0.0127604682670512
"C4orf36",-0.672157668819577,0.0127700783545716
"KDM5D",-0.172926848895248,0.0127723003925399
"CENPH",-0.301054061791762,0.0127758811014509
"ATP8B1-AS1",-0.476372968869946,0.0127896608989468
"MOCS2-DT",-0.437255794193091,0.0127983981591237
"PIP5K1C",0.186433032237701,0.01281613120612
"C6orf132",-0.683064724207634,0.0128270350828666
"NEU4",-0.374654069445899,0.0128357301130419
"ENSG00000287576",-0.673441829946606,0.0128502894649248
"TOMM70",0.187733668799225,0.0128539540317173
"SCN3A",1.15920062683921,0.0128564138690535
"ZMAT5",-0.370409318799603,0.0128600253039073
"FUT3",1.11668401418351,0.0128760123736225
"ARAF",0.238305083609258,0.0128767079005538
"ZNF574",-0.229447838598166,0.012882706492976
"ENSG00000260167",1.40075662278905,0.0128887322545358
"FMNL3",-0.417181755695141,0.0129025692620507
"RNF166",0.25789049643381,0.0129033051377846
"PPP1R13L",0.315073449597237,0.012913704819034
"ZMIZ2",-0.218705773832084,0.0129257629829137
"ZNF256",-0.321122076447052,0.012929621982682
"GOLGA4",0.26325834011636,0.0129336108079566
"MOB1A",0.1743145780168,0.0129393225294489
"ENSG00000287042",-0.773754968770813,0.0129689036178713
"PXYLP1",-0.372138917884326,0.0129702853380088
"DNAJB12",0.181775325158401,0.0129785835628676
"ZC3H11C",0.789795756555845,0.0129848899678382
"ENSG00000275552",1.18629703308039,0.0130026808533345
"TMEM97",0.242804028946056,0.0130078252443873
"LINC03064",0.562063860735405,0.0130104591784897
"MFSD5",0.279854857159978,0.0130119966126914
"KDM2A",0.15864820817825,0.0130298480104484
"TMEM126A",-0.262374664662009,0.0130356929805809
"DR1",0.202550959575463,0.0130542808692641
"CCDC22",-0.220918166025451,0.0130941575344116
"RAD18",0.22934519716006,0.013115095832802
"ZXDC",0.229869824159051,0.013127936800273
"GTF2F1",-0.251522724982297,0.0131288278488205
"GTF3C3",0.178590871356053,0.0131302827512181
"MSL3",0.295060019638931,0.0131594724661701
"EIF4G2",-0.184987307659584,0.0131610835810005
"PKHD1L1",-0.779827895549584,0.0131897822977314
"CDK2AP1",0.20178732361649,0.0131946336914008
"DNASE1L1",-0.300028293368664,0.0131970839497498
"LOC100506606",-0.465375796880888,0.0132044448294807
"TTC31",-0.291987558386253,0.0132056034340236
"GHRLOS",-0.394921478060444,0.0132131089957135
"GPI",-0.29191209624176,0.0132491846691486
"LRWD1",-0.206101110152491,0.0132505792763632
"ASRGL1",-0.261158014805827,0.0132563490365469
"SYNGR3",0.840144127521334,0.0132690646601921
"TM7SF3",0.282763380881608,0.0132753518864435
"LAT",0.371742275865393,0.0132931614048323
"ELF4",-0.592259854514402,0.0132944944667693
"RFC4",-0.218932231417169,0.0133123056206684
"CANT1",0.223659466238322,0.0133226461848496
"ENSG00000293013",-1.04551117100678,0.013327253486508
"CDCA7L",-0.672381730850296,0.0133287761326487
"EXOC5",-0.168619707109288,0.01335609778186
"SLC44A2",-0.556787470938472,0.0133706401081736
"MTHFS",-0.252137853186105,0.0133768634252074
"RAB13",-0.286561996371795,0.0133841857234164
"ENSG00000299022",0.338533048051014,0.013390642077495
"RPL10P9",-0.711568548946057,0.0134013104041934
"ENSG00000285589",0.328617885683823,0.0134064245192796
"RALGDS",0.233612891234643,0.0134066481690615
"ANKS6",-0.347796205905724,0.0134096001436209
"PIGN",0.250566355952253,0.0134182417816099
"PPP2R2D",0.189180010962715,0.0134292103307735
"SCARNA17",0.513528924705363,0.0134349883340803
"PKP4",0.179863982853991,0.0134533345258826
"ENSG00000291219",0.52368492747847,0.0134614237511426
"CSRP1-AS1",-1.26002862587713,0.0134691993199485
"PCYT1B",0.387327804166042,0.0134776309965864
"SYF2",0.275367548337747,0.0135017380920611
"ENSG00000229539",-0.410456963919789,0.0135040086058215
"ILK",0.235839029534154,0.0135325828728463
"ENSG00000240225",-1.06531376144298,0.0135583964672029
"ENSG00000273230",0.503831172980059,0.0135858674985211
"IER5L",-0.506148182292848,0.0135894323458872
"C3orf86P",1.08216731129781,0.0135930746356299
"NUP133",0.164366366758674,0.013611247597047
"BGN",-0.618596354637086,0.0136346537839602
"MSH5-SAPCD1",-0.567254201569981,0.0136420284578173
"ACOX3",-0.258725088046606,0.0136425726265031
"FAM210A",-0.229325964994567,0.0136472761697223
"USHBP1",0.71951082711949,0.0136657114700377
"ENSG00000266304",-0.668927893749218,0.0136799858869384
"PHLDA3",0.232312686649635,0.0136824033874698
"CSF1",0.30803382576978,0.0136893206248371
"RCCD1",0.2075760829882,0.0137351012812687
"KCNK13",-0.373505479609758,0.0137431708045017
"ZZZ3",0.175197775532303,0.0137438005240852
"ENSG00000288093",0.799483712897129,0.0137660909951159
"ATR",-0.211282346458942,0.0137717752325198
"TRIM22",0.56897461841624,0.0137812382678957
"ZNF143",-0.277090018845408,0.013784230323274
"ENSG00000305992",0.773697004499348,0.0138133859878165
"ENSG00000267317",0.439383731133894,0.0138225678488922
"NQO1",-0.205521066194993,0.0138266583824443
"H2AJ",-0.416861142511788,0.0138404120147551
"VAMP3",-0.18723185601361,0.0138875720676826
"TPGS1",-0.357865273088323,0.013892411789129
"SHB",0.484488165499456,0.0138926383639534
"FBRSL1",-0.191372871363549,0.0139359755419463
"ENSG00000257379",0.46527682099944,0.0139402790352544
"MFSD14CP",0.225644640437578,0.0139466011569713
"BOLA1",-0.486645286688934,0.0139563335945286
"SSH3",-0.256279272509015,0.0139628484909768
"ATP2B1",0.328767648252728,0.0139642961569665
"KLC1",0.182160300907719,0.0139714290828657
"ARHGAP39",0.2394355230424,0.0139872112802678
"AHSA1",-0.326727180650534,0.014011201304342
"NDUFAF4",-0.314482043430542,0.0140174415449897
"CIMAP1B",-0.599261769274192,0.0140177587802819
"CHI3L2",1.32059638162562,0.0140272926823232
"SND1-IT1",-0.456285878079451,0.0140396283692795
"ENSG00000271659",0.699360430521507,0.0140662531570216
"SCYL3",0.32720856094717,0.0140769144122856
"LOC285638",0.610781238996664,0.0140774454333896
"ENSG00000280537",0.535171215545671,0.014086772177458
"ENSG00000291313",-1.38938182832078,0.0141682769507672
"PSD",0.660599471047206,0.0141694013591347
"ENSG00000273265",-0.388309102454967,0.0141815971870704
"ENSG00000286129",0.356470786325035,0.0141866572770768
"ENSG00000269958",0.363396536232332,0.0142141479763672
"VPS9D1",-0.253255494032104,0.0142275934144089
"ENSG00000293945",0.930973603058482,0.0142376110275334
"C8orf58",0.454034173073545,0.0142992592549394
"PNN",-0.280982603125335,0.0143041307987615
"ZC3H10",-0.440639742620908,0.0143041815582327
"DIRAS1",-0.988434347198414,0.0143257555667025
"MRPS14",-0.216465993148273,0.0143354243873705
"ENSG00000273275",-1.53121247389704,0.0143438394578027
"SQOR",-0.406987064614163,0.0143570201203814
"ENSG00000259699",1.80944235333135,0.0143761098125571
"TMEM51",0.225635249200404,0.0144110088212659
"ENSG00000288766",-0.88048431390105,0.0144498716163372
"LINC03129",0.686399587151024,0.0144513821121722
"COG2",0.195263570643121,0.0144610325735412
"GNA12",0.282358738207042,0.0144717464112061
"MAST1",-0.69106105331932,0.0144797382730802
"SEMA4G",-0.239250081504541,0.014511680146134
"IQCD",-1.00791962744215,0.0145152604895893
"EMSY-DT",-0.494403899028159,0.0145249107063405
"ENSG00000294305",-0.783433145563309,0.014527771982756
"RANGRF",0.201780085279831,0.0145398076667333
"PKD1P1",0.611119932922576,0.0145455699485772
"GNPTG",0.197410033655321,0.014555575573055
"CCT7",-0.260292104179078,0.0145611416679953
"CUL7",0.190274915066678,0.0145758810522005
"ENSG00000259171",0.543825517082316,0.0145972219890619
"TLE6",-1.21077477785762,0.0146002263158554
"NRTN",0.415934660395057,0.0146012914099859
"ENSG00000254860",-0.324365857861149,0.014613205247849
"SNX16",0.299545091130655,0.0146221907371264
"ENSG00000226363",1.63299787635854,0.0146432775545445
"FAM193A",0.207955689972142,0.0146469015300235
"REXO2",0.302379452267252,0.0146602513738463
"ZNF225",0.324434083266145,0.0146705677322606
"FAM193B",0.213173405482528,0.0147008022235277
"ENSG00000270419",0.388825917794467,0.0147074131492106
"STMP1",-0.218957096670886,0.0147230842596522
"CEP162",-0.261975273777739,0.0147250685265097
"AUNIP",-0.388346120682575,0.0147263005132493
"MRPL45",-0.282697582770679,0.0147470707424679
"ENSG00000279662",-1.2134369914714,0.0147663698529279
"SFRP4",0.585188321748263,0.0147715983224873
"SLC25A18",-1.11796153377335,0.0147758075375639
"AKAP10",0.212349054247666,0.0147987097485421
"ENSG00000272760",0.619850711338607,0.0148167454231494
"UIMC1",0.217580600719804,0.0148220610007917
"ANP32B",0.220410234833543,0.0148289108727145
"UNC5CL",0.29516156966406,0.014833352645348
"PFDN1",0.266200956036228,0.0148363990844175
"ENSG00000275223",-0.494565186148048,0.0148545611793905
"ACP1",0.29578400015326,0.0148953046798646
"EPHA2",0.243096488465,0.0148985414374995
"ENSG00000259366",0.611888455641214,0.0149111695330222
"DKK4",-0.508601463775246,0.0149134399243722
"CYBA",-0.231006988892353,0.0149210563697175
"ENSG00000272502",-0.542111437196359,0.0149242156039538
"EMC1-AS1",1.27290531396663,0.0149362175533104
"HNRNPD",0.203532287217055,0.0149683892671039
"SMCR8",0.366901264227147,0.0150186238909167
"ENSG00000214999",0.492873212902453,0.0150398940412654
"UBE2Q2P13",0.520290118455262,0.015044494727623
"SOAT1",0.350240679472349,0.0150531230755605
"MYH7B",-0.440110198062949,0.0150574784196725
"ENSG00000250049",-0.434149804432709,0.0150729864318707
"CDH24",-0.487444423751903,0.0150979297895697
"RTN4R",1.1709533704709,0.0150985969793673
"FCHO1",-0.375117380159235,0.0151269406766556
"ENSG00000249849",-1.28317892208543,0.0151378755285133
"MCPH1",-0.221609592301015,0.0151407665306753
"LOC122539214",0.494903375721671,0.015158739795825
"INHA",0.361765164479388,0.0151590505383591
"TAFA2",-1.14742483824652,0.0151629779357429
"SLC39A6",0.239358836678462,0.0151859539277087
"GOLGA8Q",-1.49928282223185,0.0152421551793522
"TLDC2",-0.978228875108903,0.0152528132911283
"ZNF577",0.32992029147005,0.015275012358185
"WDR90",-0.34975714074749,0.0152968933340842
"LINC01569",-0.873999055577985,0.0152986883825351
"CHPF2",0.301212194169642,0.015315988436316
"PHB2",-0.169127195701482,0.0153181323635298
"NUP37",-0.233128373330512,0.0153222228207239
"TNPO2",-0.230342000006075,0.0153232895075485
"GRASLND",-0.698463042774315,0.0153299138879114
"DARS1",-0.254649143031057,0.0153408336222012
"KANSL3",0.163349734401989,0.0153485971110246
"ANKRD50",0.292347687844943,0.0153566831231431
"RASD1",-0.631094231720258,0.0153579381946952
"ENSG00000308086",-1.05284010823568,0.0153620253195117
"SGF29",-0.229582677713693,0.0153832687697562
"ENSG00000267048",1.18612872642098,0.0153862411414912
"ENSG00000309226",0.514631131466815,0.0153909419507939
"PVR",-0.161535435541767,0.0154016583365959
"ENSG00000265303",-1.08709853083954,0.015438346604379
"PRPF38A",-0.188975291614931,0.0154508149947242
"RTN4",0.212805152793513,0.0154509923890112
"AZI2",0.237476912514903,0.0154565939889993
"SLC30A9",-0.24303116717701,0.0154621472701959
"COMMD2",0.230084563394141,0.015467132070816
"F10-AS2",0.314256286398413,0.0154712584599871
"GLI4",-0.371448808044654,0.0154713370977811
"SCN11A",0.929085121487874,0.0154773773955089
"SDHA",0.183876201302734,0.0154779801056701
"MAGEF1",-0.235928935748956,0.0154840034389878
"ENSG00000287737",0.416689638626457,0.0154967331877661
"TMEM265",-2.82602127291738,0.0155015326493883
"AK7",-0.60982105786097,0.0155109324066235
"PCYOX1L",-0.314462783554056,0.0155122799976687
"MYO1A",-0.46395445669733,0.0155127395391747
"PYM1",0.231758551399689,0.0155155468367449
"ENSG00000272729",2.2502962987103,0.0155183748958432
"RO60",0.197931899180968,0.0155300357072414
"SFXN4",-0.254840343067874,0.0155317037808834
"AVEN",-0.34776464594064,0.0155406867897271
"SREK1IP1",0.193436483171094,0.0155513778399641
"NR1H2",0.247208522471134,0.0155675319760369
"DDX50",-0.273477494862135,0.0155683445893246
"CFAP157",-1.46741148144573,0.0155730191336657
"ENSG00000260924",-0.320531998667345,0.0155834309490913
"ENSG00000291131",-1.19411612805582,0.0156062790678789
"ERBIN",-0.196352978756622,0.0156179187538808
"CCN1",-0.634560256879465,0.0156410124212943
"PPOX",0.276850634855728,0.0156487243013219
"LBP",-1.50449330254114,0.0156736026384259
"ENSG00000273424",1.02947482637975,0.0156776949605507
"FAM182A",0.188330955333098,0.0156908729330328
"ENSG00000273416",0.785636992130443,0.0156959421434327
"GOLGA5",0.268389455408553,0.0156974842218565
"CD2BP2",-0.202434329178164,0.0157019242935959
"SUV39H2",-0.209539120642435,0.0157076886909645
"MRPS18C",-0.205146949558636,0.0157547851072576
"DDN-AS1",0.414644404767538,0.0157576872348904
"VWA8",0.173092884731184,0.0157609051902045
"ZCWPW1",-0.358376660850694,0.0157721124163334
"CLDN9",-1.04820729006418,0.0158025137486576
"MFSD10",-0.218289276486888,0.0158291024595323
"LOC124906013",0.526958875899567,0.0158341646293547
"MAFTRR",0.813732531605,0.0158480347744543
"LOC124901447",0.467184945026927,0.0158988940583454
"CLIC3",-0.995914250018806,0.01590476277093
"CDK9",-0.203206054113336,0.01590948704895
"ENSG00000224635",-0.736794936770428,0.0159172545093979
"FBXO46",-0.24993106695768,0.0159238555943716
"MIER2",0.17736252380338,0.0159559499872399
"CERS6",0.205039618341736,0.0159818669224078
"MAIP1",-0.251022463845299,0.0159971206650982
"MRPS18A",-0.243212528014016,0.0160020244532609
"ENSG00000297842",-1.70727542409774,0.0160426298099395
"ZNF19",-0.332285201895409,0.0160480118437579
"ENSG00000271851",0.496720482521754,0.0160549904321283
"HEATR1",-0.188185509436125,0.0160751611161769
"YPEL1",1.17843235532528,0.0160810379220922
"ENSG00000300114",-0.848112773668263,0.0160909831900982
"KLHL7",0.222649577572296,0.0160996621385181
"ENSG00000247735",-0.505213960086476,0.0161056858370274
"RTP4",-0.948539322760497,0.0161151236056799
"ALDH9A1",0.247676644537478,0.0161182220206946
"PLCH1",0.382785655859855,0.0161321260728909
"SDC1",-0.272167511550117,0.0161379657627567
"LOC105373411",-0.947651761304844,0.0161496003509921
"VTN",-0.33502370023522,0.0161496515745602
"USP30",0.285386206980935,0.0161523860326616
"ENSG00000272663",-1.41339248775614,0.0161643151571013
"LRCH1",0.311092440496315,0.0161666582367214
"YY1",0.158663152874522,0.0162282838515257
"PDZK1",0.232800422497918,0.0162376182982531
"GLA",-0.250233242458772,0.0162392203113686
"ENSG00000300209",-1.51213879111719,0.0162538689473054
"UFD1",-0.196746621890161,0.0162674672982826
"H1-10",-0.171488279317494,0.0162743839756973
"ENSG00000273998",-0.596994725497133,0.0162932996126355
"ZDHHC11",-0.380772284713179,0.0163143954707153
"TERF2IP",0.25363469640823,0.016348380721388
"MADCAM1",0.496344854182658,0.0163530823249568
"ENSG00000286540",-0.635983163647333,0.0163695191771964
"ACBD5",0.201654708406816,0.0163854833691848
"ENSG00000274964",-0.837334059201865,0.0163885863762382
"PPM1F",0.172019051856028,0.0163899402478764
"DIABLO",-0.205307646917134,0.0163952445625843
"ZNF397",-0.276198857843332,0.0164056325590516
"NDUFA13",-0.195687058606197,0.0164072635284213
"C5AR1",-0.951524589914925,0.0164233676515476
"DUSP12",0.213887199882749,0.0164244414416571
"REPS1",-0.180642016320392,0.0164269806248627
"ENSG00000267892",-0.668330523093216,0.0164374184980079
"PLGLB2",1.52340949207893,0.0164388062472537
"RPL37P19",-2.61084641068454,0.0164407519260649
"F10",-0.208934100081775,0.0164416013053006
"KDELR2",0.218114193716725,0.0164638053500135
"RNF113A",-0.352979017407809,0.0164787945664695
"ZC3H12C",-0.353101730763749,0.0164857049279531
"ZNF554",-0.315110060369337,0.0164927939903238
"PHF7",0.39284789327241,0.0165014519595408
"PLEKHF2",0.237253973967396,0.0165371511869101
"SPINT1",0.70418811735487,0.0165744311267709
"TADA2A",-0.285996598055396,0.016588114436294
"UTP14C",-1.63994079735908,0.0166080466691929
"CSNK1A1",0.171760328182588,0.0166141817227776
"ENSG00000278002",1.31014195319315,0.016678311960987
"FGD4",0.317370571605179,0.0166992543812212
"LOC105372990",1.96205732446048,0.0167117955349744
"RPL7AP60",-1.05347581330536,0.0167469014853058
"HSPA2",-1.01756532118852,0.016760646717477
"ENSG00000264943",1.50123320004921,0.0167609947409736
"FAM222A-AS1",-0.900235864171324,0.0167611648189915
"RPL17P6",-0.629931846251321,0.016766824676067
"ANKRD37",-0.644445485814633,0.0167673931988939
"RPL36A",-0.31844130281348,0.0167850934573731
"ENSG00000260740",-0.737766531928244,0.0167898688322432
"ZNF621",0.214189376284903,0.0167959413720188
"CARM1",0.182219744797049,0.0168150383022422
"ENSG00000297294",-0.991709657901821,0.0168209717606731
"RPL6",-0.290233248804724,0.0168344975856585
"BEST4",-0.406241748188941,0.0169099143772532
"ENSG00000297599",-0.614970142661586,0.0169230898435855
"EPS8L1",-0.360750955984191,0.0169278506114971
"ZBTB46",0.219816440383366,0.016929757968182
"ZFP62",-0.203961219973834,0.0169306399642844
"ENSG00000260534",1.19377149214685,0.01694250994456
"PSMB1",-0.196986725359283,0.0169498740837468
"DAG1",0.347890124774904,0.0169552465161873
"XRRA1",-0.213082110344593,0.0169590569949993
"METTL17",0.203622915212936,0.0169915279759682
"LINC00494",-0.584812991869509,0.0170048334568338
"SLC26A2",0.30516020713302,0.0170056015969999
"FLJ30679",-0.946442194191849,0.0170101663595292
"ENSG00000268975",-2.48440598596531,0.017011226143344
"PKD1P6-NPIPP1",0.201989505139016,0.0170201801057866
"KCNIP2-AS1",0.585018188073582,0.0170223887246911
"EXTL3-AS1",-0.62498714119082,0.0170429325332693
"SLK",0.186709957984387,0.0170677832910074
"CBARP",-0.270147493965166,0.0170693941546052
"ZNF230-DT",-0.830591839798262,0.017075681275083
"ENSG00000241886",0.851870415715672,0.0170766989447761
"ENSG00000256742",-0.737289340505466,0.017077487626723
"ROCK2",0.221790797110936,0.0170809557184908
"ZNF264",0.223198829854592,0.0170872438247905
"CILP2",-0.713781678142178,0.0171016873873821
"HTR7P1",-0.766986575585757,0.0171084658507433
"ACTR3",0.242118004336375,0.0171217982155572
"TTC7B",0.331466061952973,0.0171291695015526
"RPS24",-0.260975917546599,0.0171501082135797
"FDFT1",0.22118139634406,0.0171791481290315
"SLC25A13",0.171766939022317,0.0171798110529524
"RGS19",-0.340648003384708,0.0172089776134776
"ENSG00000302574",1.02836374706314,0.0172119538826522
"RPS2P32",-0.643253377966694,0.0172124127419641
"LOC124904643",-0.72842232683424,0.0172441765988851
"THAP5",-0.250502612139936,0.0172780617596367
"UTP11",-0.224675609999135,0.0172839108525069
"TESC",0.337522563448442,0.0172928575021474
"VPS53",-0.149173236045923,0.0173006470047742
"TIMMDC1",-0.255436384901579,0.0173087304185042
"CARD8",0.220193869590266,0.0173136203022148
"LLGL2",0.232219204480936,0.0173239290287255
"OBI1",-0.26101641492865,0.0173264910357156
"ZNF616",0.264922623732568,0.0173526572109439
"PSME4",0.190673211766513,0.0173732186408887
"GDF7",0.24208804396339,0.0173786022518952
"FANCL",0.226654862345141,0.017379798840942
"RABGEF1P1",-0.211350948814679,0.0173916544357658
"PDIA2",-0.567395866560454,0.0174068845829472
"RPN2",0.223916694288184,0.0174149687887496
"DGCR2",0.256258824640811,0.0174431749061255
"CSNK1G3",0.30675090795215,0.0174432210138945
"CLEC18C",1.09062872013036,0.0175266422934436
"DYNC2LI1",-0.27819953446641,0.0175275336625717
"CDC26",0.21257085470394,0.0175319270162807
"LINC01806",-0.597787485190637,0.0175634646908875
"SLC66A2",0.193743099646576,0.0175681938440488
"ENSG00000269983",-0.429342041939918,0.017581070526052
"ENSG00000306316",-0.213329748964703,0.0175956356198376
"TMEM33",0.258996646126052,0.0176074840665748
"SLC43A2",0.347628409300765,0.0176315195029882
"THBS4-AS1",1.08259875783039,0.0176563782972997
"PHKG1",-0.631138412275033,0.0176873547330946
"SNRPF",-0.276584385212997,0.0177025046388555
"BPNT1",0.192490599187024,0.0177241024298183
"RPL15",-0.240959129632064,0.0177385316904875
"TUBGCP4",0.198987832312581,0.0177495519250575
"SCUBE2",1.3403229540636,0.0177640623722268
"UBE2O",0.165755481653855,0.0177825975843399
"BIVM",0.185267512654088,0.0177968339247783
"TFE3",-0.178825155437127,0.0177992510204047
"F5",0.376653168588706,0.0178042754439116
"NALF2",-0.309792779176305,0.0178303419407603
"ENSG00000278876",-0.94598341084365,0.0178317533769139
"TBPL2",3.02115953014712,0.0178486894873626
"ENSG00000273062",0.732902248164724,0.0178508513724636
"TBCD",0.171269527438149,0.0178623682017482
"SLC35A5",0.288210929324598,0.0178870353674288
"QRICH2",-0.296598929263045,0.0178896937629525
"ARPC1A",-0.198929337783588,0.0178932429925424
"TERF2",-0.177222303925667,0.0178943528973279
"ENSG00000277782",-0.900442130147666,0.017896783977615
"PARD3B",0.43092347793825,0.0179444068622062
"USP2-AS1",-0.415095277504804,0.0179475734069138
"COG8",0.144317410443648,0.0179526214244604
"CORO7-PAM16",-2.36911881601488,0.0179835866000547
"ZNF845",0.260217203928298,0.018009271230422
"HJURP",0.175707938085093,0.0180110546083104
"RBFOX2",0.177364481805292,0.018020264231361
"BMS1P14",0.457095996885383,0.0180344684745241
"ZNF580",0.1784085616513,0.0180647994191715
"PKD2",0.204558825294055,0.0180721860981725
"ENSG00000303069",-0.845650779792137,0.0180734465805977
"ADCY1",-0.540271671635004,0.018082328586006
"RNF213",-0.213686601453127,0.0180884175731926
"RNF31",-0.243629680877066,0.0180920564416694
"RPL18AP3",-0.40631321324905,0.0180975887863363
"C2orf15",0.354491162296628,0.0181334300148587
"CBR3-AS1",-1.37991510173167,0.0181343231847361
"ENSG00000268230",-0.27037256888059,0.018138870308667
"FZD9",0.616200187519335,0.0181760156159292
"FAM98C",-0.283568116421608,0.0181813759915594
"TBC1D31",0.248171884073239,0.0181868741119124
"CAPZA1",-0.187484547260528,0.0181984089867262
"FLJ38576",-0.778431776444448,0.0181988693542414
"CLGN",-0.269704667992789,0.0181999547090908
"ENSG00000289109",-0.435157007016503,0.0182109382084503
"ITGA2",0.499311194162309,0.0182160751140176
"MTA3",0.181190657162797,0.0182413162318946
"DPY19L4",0.302327344803963,0.0182913829490316
"LHFPL2",0.216671157464262,0.0183014882554405
"TICAM1",-0.325797610913267,0.0183523875846023
"TMEM131",0.239496121620124,0.0183584545001392
"RPL28",-0.30501260923808,0.0183686008151706
"STAG1-DT",0.643409506385472,0.0183996970370592
"DPY19L3",-0.187689085618865,0.0184133422256352
"ENSG00000299654",-0.334454796158395,0.0184163440238804
"RNF138",-0.26138374884775,0.0184173862642777
"TXLNG",-0.176624000281749,0.0184187050407274
"ZNF37BP",0.247537803505844,0.018430184281604
"ENSG00000259347",-0.381546823943623,0.0184893157203881
"LOC389765",0.214580204724446,0.0185113066354849
"TTTY14",-0.853268910356824,0.0185209906066897
"ARHGEF2-AS2",0.580654195115224,0.018529527012519
"ISX",0.565218828192952,0.0185339800301785
"CCNC",-0.17998513443036,0.0185418710272571
"ENSG00000277459",-0.846936030272719,0.0185472124887424
"PEX7",-1.28014615223909,0.0185568498744898
"ENSG00000282034",0.169986417439674,0.0185999526425118
"ENSG00000261167",-0.653232208092945,0.0186317147432372
"RPL38",-0.31776160621169,0.0186499592152069
"CBLC",-0.354706022869539,0.0186528777991839
"ENSG00000304038",-0.82616689378923,0.0186598016659833
"UBA3",0.165322955063831,0.0186701607787298
"BTF3L4",0.17944596876568,0.0186767799286333
"FNTA",0.143676234672747,0.0186863022185432
"SETD3",-0.187431266115871,0.0186866322384847
"VIPAS39",0.244075928049238,0.018692804364866
"ENSG00000270171",1.22580889272804,0.0187050606198638
"RRAS",-0.570431387136727,0.0187072107622447
"GAR1-DT",1.41228451447371,0.0187344679305039
"PSMA4",-0.18866014909409,0.0187491501999045
"ENSG00000269054",-1.11663369255535,0.0187499612420381
"LRATD2",0.626282995675045,0.018754556378981
"SSBP4",-0.247503300872498,0.018755242526922
"SCFD2",-0.27640832362592,0.0187643701029356
"POTEE",-1.02870117312007,0.0187772397717009
"EML3",0.214005907485763,0.018786037440639
"ZNF177",-0.381728695441472,0.0187912314332433
"SNRPE",-0.226486303998923,0.0188008763359191
"CYB5R3",0.263264352743613,0.0188201336911021
"ARSL",-0.222305001216388,0.0188350607307817
"ZNF280A",-0.608599530893898,0.0188532928280601
"CHML",-0.236860284221951,0.0188536840582214
"SLC12A5-AS1",-0.714614112029039,0.0188658309948503
"AHCY",-0.192400860336995,0.0188664009962245
"NUMBL",0.339178970215144,0.0188748784193598
"SCYL1",0.182009689807219,0.0188826664334849
"SMIM20",0.266633358900782,0.018924884294019
"ABHD16B",-0.966742946276482,0.0189535493666098
"ENSG00000298139",0.945804139390108,0.0189708733081772
"CYP27A1",0.242203187572748,0.0189757692864094
"TRIM28",-0.173448509174985,0.0189940221188815
"DENND4B",0.210214119498022,0.0190192695481652
"ACP5",1.19863306649445,0.0190195666993945
"TXNL4A",-0.249199073489222,0.0190203102332148
"GIT2",0.165510636009927,0.0190263956340751
"UQCC3",-0.27150021640575,0.0190414677445008
"PPP1R12A",0.17186978113331,0.0190488268319195
"KICS2",-0.370348617367084,0.0190556021815901
"ABHD6",0.233340398918188,0.0190580510359533
"ENSG00000226965",1.08629351565667,0.0190619448962707
"GRK4",-0.466247573642587,0.0190813636327674
"ENSG00000290916",0.873086111807611,0.0190942105460186
"ADSS1",-0.467780272855844,0.0191223229470624
"SNHG19",-0.326666759863379,0.0191241480999468
"DPY19L1",0.206409691058129,0.0191374754545877
"ENSG00000256028",0.326013179261704,0.0192026103887475
"TIGD1",-0.257409887810934,0.0192194119696831
"RPL8",-0.29698260534034,0.0192475982316863
"DUSP11",0.246517874012452,0.0192520161303287
"ZNF443",-0.233754964114368,0.0192649670360457
"ENSG00000255198",-0.645724073184858,0.0192806290501097
"GPC2",-0.743739620845987,0.0193283368468949
"NPIPA1",0.211148944999739,0.0193401738477813
"COMMD1",-0.25842721702362,0.0193404560542025
"ENSG00000276116",-1.07421062531903,0.0193942413747747
"PRKAG1",0.18151600204689,0.0194115003428514
"ENSG00000229750",0.84323875034911,0.0194476432509371
"FOXD4",-0.7327464492618,0.019452836856447
"GALNT11",-0.329279543353948,0.0194586505845028
"ZNF160",0.227431442115682,0.019459939124693
"JTB-DT",0.646880113392694,0.0194638395148075
"MCRIP2",-0.193821756521556,0.019471281278014
"GVQW3",-0.309419265188383,0.0194827178189047
"OXTR",-0.367034926176074,0.019494183871788
"MAPK3",0.268313235452899,0.0195040782644978
"UNC93B1",-0.243796970589775,0.0195312323789841
"ENSG00000203546",-0.734218557889998,0.019535119842997
"ENSG00000213062",0.361500819584095,0.0195729729028032
"CDC34",-0.201806658214623,0.0195878287613203
"PRDM10",0.242126306920764,0.0195987618868182
"INTS10",0.164126568295291,0.0196071574569578
"ENSG00000307255",0.617601177488565,0.0196145304920349
"SRMS",-1.14190148480237,0.0196623781558765
"IPO5",-0.17051784141691,0.0196654718543818
"ENSG00000272145",0.464394894264116,0.0196758745292038
"ABCB7",0.203642956782013,0.0196759719677973
"INSIG1-DT",1.04744883592012,0.0196902345951207
"ACACB",-0.329362246059649,0.0197251862492807
"LINC01999",-0.647310020162587,0.0197261834521537
"GOLPH3L",0.293979618919785,0.019759317536486
"IGF2-AS",-0.379274741882805,0.0197695594796526
"KLHL31",0.424938536722948,0.0197821904073428
"DGAT2",-0.32807716637062,0.0197842388434546
"RPL32P18",-1.39651407964549,0.0197940241839688
"SLC10A7",0.292207231668809,0.0197953492635278
"TFPT",-0.278326728578076,0.0198054703509809
"IGF2R",0.297409029996692,0.0198306416626017
"ARHGAP10",-0.464369153836218,0.0198615032531079
"ILF3-DT",-0.228594148201321,0.0198772804155737
"RPS10",-0.22927490591645,0.019884934008808
"ENG",0.841975776029666,0.0199013852408788
"H2AX",-0.170484527211244,0.0199336233947881
"ENSG00000204860",-0.312031845077015,0.0199345033906667
"SLC17A8",-0.92045830704157,0.0199377752162372
"ENSG00000286276",1.18491445511356,0.0199900069866026
"ENSG00000260966",2.35208542662949,0.0200287031331544
"ENSG00000261915",0.606664103762486,0.0200350858151584
"ERH",-0.226826511268366,0.0200435813544284
"PCSK6",-0.200523273318094,0.020057760923229
"ENSG00000257086",0.633265374865529,0.0200586007969844
"ECH1",-0.234923401256853,0.0200636345929733
"SH3RF1",-0.647846097300232,0.0200732321487829
"STRN4",0.155918178905721,0.0200869187057542
"ELFN1",-0.770863247552333,0.0201128237474422
"ENSG00000238035",-0.328059980369668,0.0201709898563685
"FBXO28",0.208598685378183,0.0201763209226182
"DIAPH3",0.219632701144897,0.0201809980163914
"APTR",-0.226675650815669,0.0202064724356305
"ECHDC1",0.168845593525647,0.0202240429898629
"RBM4B",0.185260418687717,0.0202277398698073
"PROM1",0.192307015454325,0.0202326555708492
"UTS2R",-0.415743022924482,0.0202352971527504
"MGME1",-0.177375335092069,0.0202412239280648
"FAM217B",-0.236330213707265,0.0202789570267141
"KLRK1-AS1",0.982522540920683,0.0202902772391276
"BAP1",0.167982605421336,0.0203421777247948
"TMEM63C",1.51859969317004,0.0203715717679601
"ENSG00000289532",-0.698135905052211,0.0203798061221643
"HSPH1",-0.324648684470987,0.020393675339702
"ENSG00000188985",-1.34016766079081,0.0204014303973871
"HCG25",-0.35486172590197,0.020407373178565
"ENSG00000230303",-0.463279959049302,0.020495081934015
"GGNBP2",-0.171197555271153,0.0204954362245088
"DRC3",-1.07577569061473,0.0205313597710497
"ZBTB17",0.208361069623055,0.0205431404418073
"MAP7D1",0.273759278010104,0.0205462114081225
"CYP21A2",0.312340415236044,0.0205789342311368
"COX10",0.201971489975223,0.020579399326702
"GAL3ST4",0.757771421301857,0.020582144550458
"PSEN2",-0.26832545706476,0.0205839025658553
"MFSD6",0.40786981943806,0.0206181647790262
"DUSP15",-0.874371677292389,0.0206188303000328
"ERMARD",-0.330328690699607,0.0206257337825087
"ZNF542P",-0.21752508685133,0.0206265433606182
"LOC105378305",-0.598040694481214,0.0206436409844422
"KBTBD3",0.555716257304334,0.0206781211295159
"ENSG00000261996",1.31351774513713,0.0206875592042398
"ENSG00000308027",-1.13507526637844,0.0206930977947934
"NTHL1",-0.243322532750515,0.0207527334867275
"DLAT",0.216204929354058,0.0208120129699065
"DZANK1",-0.359228573664763,0.020815189167348
"LINC00106",-0.84473072460783,0.020824259746154
"SLC16A3",-0.241433315420166,0.0208678159156784
"PCMTD1-DT",-0.417906652399498,0.0208686260314735
"ENSG00000274139",-0.907430649744488,0.0208711787551192
"PINK1-AS",-0.247127642837009,0.02089649060539
"PWWP2A",0.18326420448734,0.0209116487975614
"SNX22",-0.357601603906428,0.0209144520569075
"ENSG00000267940",0.618224832852623,0.020918972789677
"CEP55",0.196519294259534,0.0209292935803177
"LAS1L",0.217149800541713,0.0209698854493321
"ENSG00000285628",-0.283631566186449,0.0209774522533909
"CLDN23",-0.989905009550417,0.0209940985751958
"ENSG00000223575",-1.53253570659251,0.0210078589057359
"OSGEP",-0.259794794260082,0.0210274543461578
"ATF4",-0.208525210003356,0.0210329708496097
"RDX",-0.193095424716599,0.021035524178334
"ENSG00000271780",-0.38159027195158,0.0210749700552954
"NUDCD1",-0.213510592977581,0.0210756700015571
"ENSG00000287078",0.961395741889325,0.0210805006776411
"COPS8-DT",-0.274203409089271,0.0210855992039077
"CKMT1B",-0.918075069255366,0.0211193903160065
"ENSG00000286408",-0.834703814513631,0.0211210754083705
"OR4F3",-2.06095731363259,0.0211215400835879
"PRDM4",0.183440305838684,0.0211456853274762
"BCAM",0.375597451063231,0.0211726821508023
"BTBD10",0.208962390126384,0.0212044380981575
"LINC02542",0.34571686848443,0.0212044804108074
"DAXX",-0.151273524694944,0.0212347780286101
"ENSG00000296265",-0.700476394632755,0.0212445566539355
"SBF2-AS1",-0.277101609765636,0.021247655597843
"EML6",-0.339421375558471,0.0212533640509458
"CYP11A1",-0.716005063688514,0.021266903394395
"LOC105374937",-0.403073813502504,0.0212760313961081
"THUMPD2",-0.198632290300343,0.021293346173663
"ENSG00000287668",1.50516427284573,0.0213249392818138
"ENSG00000304197",0.321787140804214,0.0213883743765024
"AARS1",-0.160024743012267,0.0214122004157635
"NRARP",-1.35178864415358,0.0214199607991571
"TRIM17",-0.761473697421244,0.0214202461126898
"DCTN6",0.230019137348625,0.0214280997872304
"EPS8",0.22798183378591,0.0214515044249809
"ZGRF1",0.329357255105534,0.0214627950006419
"PRP4K",0.202902243433849,0.0215046922385974
"LOC101928718",-1.27260575262642,0.0215074273503336
"NFU1",-0.277855610793991,0.0215181573368458
"GAR1",-0.222694857798384,0.0215205734709388
"ENSG00000258674",0.44223281229029,0.0215349301738025
"UBA52",-0.251568807916942,0.0215360571342464
"ENSG00000290318",0.915888059023667,0.0215377337980044
"MAP3K15",0.201753335817468,0.0215438049704484
"CHD7",-0.167100959463241,0.0215490386818121
"ENSG00000278996",-2.00943600597365,0.021553658601913
"ENSG00000276728",-0.565342072624296,0.0215791448297293
"ENSG00000303375",-0.859584708105574,0.0215981166426464
"ENSG00000268575",0.225909352573596,0.0216865765780882
"EHMT1",0.186597297410452,0.0216870338151039
"VDR",-1.0567898294499,0.0216910278516662
"TMED10",0.200656456976182,0.021706641088848
"ENSG00000279696",0.413194927914894,0.0217807958683779
"CEBPZOS",0.167704734093622,0.0218087292105916
"ENSG00000290957",-0.347360781331378,0.0218101780208875
"ALG1L9P",-0.919130769457556,0.0218105876356441
"ANKRD34A",0.713770627073363,0.0218132097147805
"SLC27A5",-0.262522205281298,0.021829447918865
"FBXO17",-0.316885604400991,0.0218472952700098
"CAPNS1",-0.252488405482783,0.0218587017916162
"CEP85L",0.511026020236841,0.0218620753416044
"OR7E14P",-7.34710852706012,0.0218835425437899
"PLCD3",-0.248389461615594,0.0218862281883289
"TMUB1",0.148854877821269,0.021886931249624
"EHD4",-0.361912000854776,0.0218996856310179
"TIGD6",-0.492428247949411,0.0219289821195491
"LDB1",0.198819510427191,0.0219356717118917
"NOL4L",-0.14943912533127,0.0219471539976151
"ENSG00000288852",-0.64616804573714,0.0219582658519808
"ENSG00000289038",-1.3157454855167,0.0219623439840675
"ENSG00000231764",-0.175450987061206,0.0219755599547658
"ENSG00000291121",0.479282696806598,0.0219831944872605
"SNRNP35",-0.176904432948606,0.0220270416368437
"ENSG00000260743",1.1061947396361,0.0220329164888408
"ENSG00000214796",-0.423240696406913,0.0220399118452151
"ENSG00000259522",0.567497233529085,0.0220740178699352
"RCN3",-0.285468927976192,0.0220920111695825
"HADHA",0.184688311121903,0.022103286478383
"DPF2",0.190517963693397,0.0221146889345004
"ZNF57",-0.269501294303626,0.02213018211556
"PEX19",-0.217881110279777,0.0221450450170771
"DERL2",-0.20147530327375,0.0221548857356063
"ACO2",0.172250788721572,0.0222046617905681
"HOXC-AS1",0.938703918005327,0.0222453803963026
"ENSG00000238164",-0.602374869916093,0.0222710983157252
"CNN3",0.228440758991627,0.0222739237186172
"DNAAF2",-0.206248793827761,0.0222876943066648
"LINC02245",-0.298698389649659,0.0223121906870848
"ENSG00000298459",-0.850050485771492,0.022320194920895
"PAG1",0.669405929258299,0.0224301288290972
"DOCK1",-0.156992955233833,0.0225245630253474
"TTC8",-0.258189153538919,0.0225320509518725
"MMUT",0.204220804333736,0.0225327417423781
"C9orf153",-1.09952630543972,0.0225394672403716
"DENND11",0.235199355146276,0.0225420206210581
"RPS18",-0.260932638673753,0.0225633859376617
"KLHL28",0.276045622761017,0.0225640594173287
"ENSG00000289124",-0.666344311144358,0.0225675960392089
"LOC101928105",-1.05093022803262,0.0225757942455191
"ENSG00000289747",0.934230355610671,0.022591289827752
"ARID3B",0.275229364968044,0.0226260697930506
"GPX2",-0.250507350650699,0.0226322662839481
"FANCD2",-0.212082455180003,0.0226387046414387
"ECI2-DT",0.697543478520281,0.0226839628453727
"KANSL2",-0.201814179318901,0.0226875403302803
"SIRT1",0.209087944531128,0.0227016713764594
"UQCR11",-0.200842669682116,0.0227379647706243
"ENSG00000306831",-0.971379336682839,0.022772092229797
"ENSG00000283149",-0.50634295646017,0.0227823475389731
"ENSG00000267898",0.738601744595322,0.0227869975816215
"TRIM24",-0.141755781114244,0.0227873453691297
"TMEM121",-0.332901100616962,0.0227885024817345
"LINC00852",-0.522797811159045,0.02284070822306
"ENSG00000269176",0.449642278405328,0.0228505138634025
"CD83",-0.355314764755029,0.0228963823614137
"EDRF1",-0.175153434323568,0.0229222425408974
"TUBA8",-0.850938620341486,0.022973214121467
"RAB31",-0.408319689873461,0.0229826273727811
"BAZ1A-AS1",-0.306720541620741,0.0230155123002384
"RPL18",-0.213381902710212,0.0230509764543962
"BNIP1",0.29720582475801,0.0231043703896452
"PBX2",0.157913710817307,0.0231055323552883
"CPB2-AS1",-1.22218059073708,0.0231336585665287
"SERPINA3",-0.292467596068089,0.0231788172915408
"P3H3",0.205488454490618,0.0231964294997268
"GNPDA1",-0.174561935072352,0.0232049538799241
"CAST",0.185360166072578,0.0232152162904347
"DDX60L",-0.99260827854657,0.0232187586476311
"TRIM14",-0.22946219342868,0.0232263934206796
"ENSG00000226853",-1.18117289921325,0.0232418335326984
"EBLN3P",0.148941173569938,0.0232469105473906
"RTF1",0.145261219661264,0.023267131681218
"ENSG00000295728",1.27346265403608,0.0232789317870924
"ENSG00000237637",0.920004673058339,0.0232814673938084
"SNRPD3",-0.177796232107272,0.0233025632050488
"LNPK",0.165075862636359,0.0233487050974334
"ZRSR2",-0.304608826444461,0.0233581613106933
"ATF6-DT",-0.561196888187399,0.0233799952343921
"SSR1",0.198495604686838,0.0233919112501844
"PPP6C",0.197452686257006,0.023468365878755
"SAFB",0.178654889669067,0.0234713288398698
"COMP",-0.656600757646157,0.0234779173169017
"HNF4G",0.294454813328746,0.0234833785170528
"SLC22A5",0.303536629272238,0.0234862604151084
"SPACA6",0.639138511046832,0.0234863653421631
"USP7",0.173527722452559,0.0234921272808354
"CEP192",0.202689562832489,0.0234933428773852
"KCTD20",0.162585221749157,0.0235145773615409
"BSCL2",-0.286675518988651,0.0235348104280542
"ENSG00000256443",-0.875360254555121,0.023539991489861
"LOC105370777",-1.07342294399254,0.0235403028274062
"ZZEF1",0.185551635299534,0.023553297580544
"LOC107984588",0.873513060657345,0.0236085243266329
"MYPOP",-0.215652147788939,0.0236142708258746
"ARHGEF18",0.191918219745734,0.0236305191216888
"MFSD4A",-0.65567622358796,0.0236320302400785
"ENSG00000285991",-2.14493276441201,0.0236343558435867
"MED22",-0.25487327427854,0.0236348694034194
"LETM2",-0.52574544881039,0.02363986609305
"RPL17P22",-1.39838476871304,0.0236541182185161
"PARD6G",-0.340564621206769,0.023657648109395
"ELMOD3",0.24857602610913,0.023673172104218
"SF3B5",-0.241383562246838,0.0236808351519899
"ENSG00000226259",-1.21144667422987,0.0236896911835393
"CASKIN2",-0.192790378977479,0.0236974284760964
"ENSG00000293994",-0.720054103779866,0.0237173548915426
"MIR670HG",0.489237535523587,0.0237183757778966
"SLC35E2B",0.158668497324684,0.023740610367675
"ENSG00000272853",-0.495518208235382,0.0237438060193009
"UEVLD",-0.278146948771091,0.0237760427813953
"WBP1",0.159511857452568,0.0238261978307704
"ENSG00000259993",-1.41067356318337,0.0238341206053433
"TMC8",0.50485212058372,0.0238539622964308
"ENSG00000256139",0.854648802871208,0.023874541813175
"NPRL3",0.161277080795073,0.0238941622002511
"NFE2",0.546266489109956,0.0239092039448426
"TBCE",0.173585232086067,0.0239187005504611
"LINC00622",2.49235962567327,0.0239498179584182
"GANC",0.185164812370498,0.0239716418551657
"GBA3",-0.884682218862555,0.0239858424947242
"ATXN1",0.209301262590621,0.0240846198021518
"MRS2",0.163037820983217,0.0240924131864804
"ZHX3",0.189195604490355,0.0241704516955124
"LYPLA1",0.153403663621877,0.0241776716160802
"ENSG00000229704",-0.508959128563969,0.0242278904695262
"MED16",0.164882004113174,0.0242306385563522
"UBE2G1",0.205272344665042,0.0242474210796572
"ADAT3",0.326096889628715,0.0243027420213142
"PSMD7",-0.183392120698388,0.0243323098067905
"HSD17B2",0.293964417357838,0.0243356604155229
"SART3",-0.140964528604758,0.0243426897426673
"ACHE",-0.618631558922823,0.0243498709050076
"ENSG00000308452",-0.901643996815029,0.0243610119336147
"ENSG00000258792",1.10327442599866,0.0243673183467896
"PHKB",0.153261781823739,0.0244267136169981
"AK1",-0.305856955015694,0.0244501203326837
"NUDT6",-0.315336216252747,0.024473698115037
"ARL6IP4",-0.213000358774214,0.0244915722809732
"RNASE13",1.17013329373294,0.0244951965359774
"ENSG00000260196",0.195065109530952,0.0245258818752733
"SRA1",-0.240029052676265,0.0245266264805219
"IRS1",-0.268150401515112,0.024542776597117
"EPB41L4B",-0.231707552831806,0.024558596143913
"CSNK2B",-0.187611556155989,0.0245630987841605
"NCAPG2",-0.195269962275619,0.0245788335021419
"TMEM220-AS1",-0.720707282250843,0.0245823393482655
"U2SURP",0.183084521957104,0.0245944011643733
"SLA2",-0.381470093435452,0.0246313274675014
"RPS27A",-0.206028834723122,0.0246624237850226
"ITIH2",-0.23404868341785,0.0247658954352879
"COPE",-0.237208568077703,0.0247843868364425
"ZNF414",-0.26372475559424,0.024801515071234
"RHOQ",-0.373962250373273,0.0248176228759503
"RNF187",0.223279040921601,0.0248444040627027
"LENG9",-0.432011224535699,0.0248538961232549
"GALNS",0.197117296193778,0.0248955209490391
"TMEM191C",-0.436315201290922,0.0249465901935294
"MTBP",0.28333269881008,0.0249789475322705
"GPT",-0.364732589909144,0.0249975971552373
"KIF20B",0.247025595603413,0.0249993207680076
"GABPB1-IT1",0.260401851066512,0.0250210216328242
"LRP10",0.23326526717747,0.025030663086718
"PTPN14",0.232248617168287,0.0250557018999786
"CCDC13-AS2",-0.912705565164153,0.0250845747778852
"ENSG00000308555",-0.698534262883737,0.025114474539744
"ENSG00000265478",1.50554853459031,0.0251397161035817
"SNX8",-0.184603209058702,0.0251506100737991
"SF3B3",-0.150863890712549,0.0251533601544058
"ATPAF1",-0.21451766380493,0.0251959431625767
"FHIT",-0.246728219407453,0.0252233849782769
"ICA1L",-0.367451024080847,0.0252244160518114
"TM9SF1",-0.209757974153256,0.025254278911722
"ENSG00000214425",-0.557953999356525,0.025256027035858
"LOC105371354",-1.02186188240792,0.0252730399051758
"ZNF407-AS1",-0.240771313316859,0.0252808014030644
"MLLT10",0.201797928420707,0.0253017840810458
"ENSG00000272661",0.551116499910047,0.0253429091313426
"TRIM16L",0.323047642777349,0.0253593578833835
"ADGRG3",-0.256250809281104,0.0253723759315444
"ENSG00000144158",1.01123513930095,0.0253901643461478
"LOC124902609",0.796675345645062,0.0254021471469064
"ILVBL",0.274821574646978,0.0254138069554283
"ADCK5",-0.225018334207358,0.025466507766579
"COQ10A",0.301433851973056,0.0254712959132215
"ATP1B3",0.21282179937523,0.0254846077364806
"ENSG00000306365",1.32202265670409,0.0254958120436536
"AEN",0.185445871445645,0.0254998617642667
"TEX29",0.755020498345713,0.025513182732332
"ENSG00000305318",0.327930696805517,0.0255161196893537
"POU2AF1",0.375986105402076,0.0255205080098874
"ADRA2C",-0.369112829354545,0.0255479538041143
"CBLL1-AS1",0.589503378564928,0.0255723863866743
"GTPBP1",0.202108597503102,0.0255739008883884
"PIGA",-0.256634434667696,0.0256337070350096
"TGOLN2",0.181184938336232,0.0256351063732995
"SPRED3",0.941366672249959,0.0257254627294628
"ENSG00000305357",1.04333542168412,0.025731502071724
"NAP1L4",-0.136671101201098,0.0257347420933061
"EDA",-0.295185053980351,0.0257834134796348
"SEC31A",0.166730622367764,0.0257869265932953
"SELENON",0.234005940030112,0.0258120848844491
"CCZ1",0.173929296584849,0.0258169166260799
"ENSG00000275401",-1.15986922687104,0.0258203721684695
"FAAH2",0.387987915439466,0.0258311823298534
"CLYBL",-0.266411589572493,0.0258321929591354
"ZNF396",-0.519045120140338,0.0258562260279427
"PLK3",-0.21260107313181,0.0258784719809521
"CERS5",0.205596818629483,0.0259222496522269
"CRYBB3",-0.901860349602175,0.0259318165912977
"CCEPR",0.148893034206171,0.0259335783350883
"CNPY3",-0.154933162403001,0.0259482776549626
"PRPF31",0.167369248663295,0.0259586250067437
"ABI2",0.149751765342057,0.0259689420179398
"ITPR3-AS1",-0.991939894705732,0.0259909473775263
"FAM177A1",-0.17558816347504,0.0259965980390193
"DORIP1",0.268593125215843,0.0260431630021042
"ALDH1L1",0.258918778075279,0.0260447606822511
"ENSG00000270022",1.29971665357683,0.0260453399232365
"NUAK1",0.657292194039331,0.0260505354046898
"PIH1D2",-0.91203107398483,0.0260726389461168
"NUTF2",-0.181121992542677,0.0260820718868409
"ENSG00000279742",-0.95130468299223,0.0260932570541726
"HSPG2",0.194927553488894,0.026107219900219
"NBN",-0.186808688151387,0.0261349433611827
"ENSG00000293348",-0.949719992754843,0.0261596451852729
"ENSG00000232300",-0.428497797669008,0.0261733381933307
"RAD51-AS1",0.257445251383804,0.026203862925643
"EDN1",1.03224492736659,0.0262326386923894
"ORMDL1",0.154696353418294,0.0262408770142234
"VWA1",-0.238090190054167,0.0262501322160031
"ZNF790",0.370803126028615,0.0262749857685081
"ABCA3",0.363576164743008,0.0263131191767941
"CEP126",-0.412469210054809,0.0263394254429083
"AEBP2",0.153289336520986,0.0263847563676736
"PPP1R12C",-0.211825241505693,0.0263900256931673
"DUSP7",-0.261246214219578,0.0264257282930415
"HPX",-0.795434566347937,0.0264592016488894
"ADNP",0.146653409524036,0.0264815624609867
"ENSG00000301688",-0.47082844379288,0.0265043755795913
"HDAC4",0.218665802099653,0.0265130225509083
"CHMP1A",0.167959938707339,0.0265317483487592
"LRRC8C",-1.01717465414865,0.0265804455522014
"SPIDR",0.177775965839441,0.0265821083794836
"POLR1HASP",0.205013013702329,0.0265892757010313
"ENSG00000167747",-1.46937473140277,0.0266028109964773
"ENSG00000247853",-1.35145074110069,0.0266092501848068
"GNAL",-1.03973416655221,0.0266137140973996
"RPL23AP82",0.259756968940047,0.0266287510755912
"MSRA",-0.291041900444106,0.026631186574481
"ZNF780B",-0.192724717085399,0.026660064636566
"FRG1-DT",-0.847833338944842,0.0266685024979366
"ENSG00000270179",-0.929871250276762,0.0266707458518644
"HSD11B2",-0.292271273421236,0.0266894294684694
"ENSG00000276570",0.237570687298362,0.0266995677526429
"PIGU",0.224513092827193,0.0267021882017701
"FHDC1",0.497180618931164,0.0267187913967473
"LOC124905527",-0.315652982545851,0.0267274136193397
"EGLN1",0.26795822592029,0.0267546333083032
"ENSG00000272655",-1.02520739303185,0.0267756304362604
"ENSG00000308904",-1.24540599161859,0.0268195096393597
"SLC30A5",0.154185454958129,0.0268551197863537
"ENSG00000278384",-0.265935957701643,0.0268857399369388
"YBX2",-0.829696030621885,0.0269248044076396
"LINC03022",0.761448796262721,0.0269516019705983
"IGSF1",0.244627703325474,0.0269535873237486
"DYNLT2B",-0.448714905800728,0.0269613083894719
"SLC18B1",0.186536701898317,0.026964948194496
"ZNF791",0.203057049291253,0.0269740300205495
"ENSG00000279520",0.565358628200133,0.0269869192645962
"CYP4F11",-0.335085572918456,0.0270085281854044
"ENSG00000258768",-0.596950150533651,0.0270096070281309
"ENSG00000265185",0.709378667232951,0.0270242507957585
"RHOG",-0.280132100880882,0.0270245388738456
"ENSG00000272942",-0.277849417636593,0.0270767491626485
"MID1IP1",-0.172839129123589,0.0270776735536051
"VPS4A",-0.182670454576216,0.0270825881492352
"ATP5F1C",-0.193614979727818,0.0271403620552019
"CRTC1",0.278682262167992,0.0271509949728595
"FAM149B1",-0.271631273526324,0.027196288877518
"DDX24",-0.165700764924043,0.0272001442770612
"ESPN",-0.255230101481128,0.0272028812540994
"RANBP10",0.157794308295812,0.0272173771862559
"HYOU1",-0.236392862394638,0.0272298684427829
"NOS3",-0.265984767262977,0.0272505855871131
"C2orf88",-0.373392409579598,0.0273091413157555
"IL22RA1",-0.254238051526417,0.0273241985043858
"PKIG",0.220473460882549,0.0273300234846499
"SPATA6",-0.387645010100375,0.0273377915012415
"ENSG00000269489",0.927692313532843,0.0273397272865039
"ENSG00000271971",0.387704841444993,0.0273469997619756
"SAAL1",0.211384402523283,0.0273624828317422
"TREH",0.788737124324863,0.0273654537708776
"ZNF85",-0.400198552503854,0.0273709843102603
"TMEM200B",-0.742637671558039,0.0274121546669236
"DENND4C",0.191530003596347,0.027420777383332
"ENSG00000186481",-0.596427831085178,0.0274417426176379
"APBB3",-0.626482093559134,0.0274533536363479
"YWHAG",-0.231126248267882,0.027455511322846
"CAMK2G",0.232310419741613,0.0274667345900016
"CEP97",0.299459494802627,0.0274769629077396
"ENSG00000238039",-0.873806315858784,0.0274800471547382
"MORF4L1",0.167156840253655,0.0275194297060478
"IPP",-0.345494412972179,0.0275345121889368
"FBXO48",-0.451600564930042,0.0275387557834862
"MID1",-0.397152940745319,0.02754577953964
"PRR22",-0.405237413999673,0.0275478239010452
"FYCO1",0.235921757081369,0.0275492040895623
"ENSG00000303623",-0.620609732862533,0.0275530068659652
"SLC8B1",-0.33872748236784,0.0275755621476236
"SLC50A1",-0.197349456325393,0.0276121879544908
"ENSG00000233435",-0.584580741725192,0.0276532676926493
"LINC02613",1.05313376814566,0.0276653007523522
"ELAPOR1",1.06853402783563,0.0276857463031009
"ENSG00000287100",-0.505595818610809,0.0277208036971244
"LOC105377294",-0.324468062605135,0.0277527638222957
"ENSG00000293142",0.801570830884018,0.0277840967551723
"ZNF91",0.159507341977587,0.0278860719115297
"LINC02614",-0.336392069364397,0.0279111638511986
"ZNF83",-0.218680763740988,0.0279173085565248
"UBASH3B",0.863762042369452,0.0279235679493647
"AZGP1",0.20735534229022,0.0279500557679504
"ST20",0.380740668282285,0.0279593146806418
"TUBB2B",0.378446127203076,0.0280004878375799
"CTDP1",0.186216941972049,0.0280168059956981
"MAT2B",0.181854602747655,0.0280248746236713
"LMNB2",-0.157715669510709,0.0280371701717089
"SFXN5",-0.221694531667473,0.0280484241914948
"ZNRF3",0.255204307950821,0.0280584115720958
"TOM1",0.182231312176849,0.0281139414888833
"CSPG5",-0.947979180121734,0.0281397011424392
"PHKG2",-0.201409958677857,0.0281584031463777
"SLC1A5",-0.233021964777443,0.0281608749089186
"SLC7A6",-0.194072963710422,0.0281744120262701
"ENSG00000310402",0.767707549720535,0.0281917973058637
"ENSG00000296426",-1.25773631345387,0.0282066593601803
"TMEM106A",-0.280624686162078,0.0282084404370669
"NPIPP1",-0.5478068140134,0.0282103158502364
"MBNL1-AS1",-0.842394286514761,0.028214993345313
"ENSG00000279756",0.585270918927204,0.0282187961671762
"ENSG00000177173",1.086290355078,0.0282194157597645
"RSBN1L",0.173241502297216,0.028231760526695
"YBX1",-0.266336009666298,0.028265703487361
"CMC2",0.14583798125039,0.0282938933456485
"GPATCH11",0.17929998175786,0.028299366077124
"SERINC2",-0.262364994793831,0.0283184576646835
"METTL27",-0.81381542470399,0.0283329981872614
"ITFG2-AS1",0.570791936129423,0.028339718377905
"RBL1",-0.215567250344145,0.0283452175663584
"FBXW9",-0.33681743296627,0.0283488378622432
"ZNF875",0.17123001363617,0.0283545258512516
"MAP3K20",-0.231041679647871,0.0283605795974513
"TMX2",0.18739432123132,0.0283746911648569
"ZBTB7A",-0.211054960677168,0.0283930553536183
"AFG3L1P",-0.247068454860999,0.028429700974567
"LINC00174",-0.272030549896589,0.028437802686817
"RPUSD4",0.173554802619219,0.0284497801367944
"ECPAS",-0.148650935021132,0.0284662980591787
"ARFIP1",0.201702612679786,0.0284726823895407
"HNRNPL",0.196409577739641,0.0284840372331877
"TNFRSF10D",0.170888725384402,0.0284950308598023
"FAM3B",0.171299919372783,0.0285515318013276
"SLC49A4",-0.258824896837555,0.0285956552626092
"ENSG00000305656",0.362332999593353,0.0285989047724632
"ENSG00000293751",-0.711472092477167,0.0286076913742565
"COX10-DT",-0.234115548153876,0.0286080546833333
"ENSG00000306229",0.875736062149914,0.0286089774083385
"ENSG00000295811",0.886195219274916,0.0286156048915191
"ENSG00000205236",-0.60934610025413,0.0286212413615779
"FLII",0.153917912237206,0.0286655818015383
"IFFO1",-0.202259648964804,0.0287560149251758
"DYNLL1",-0.284531944204171,0.0287819859586298
"BCRP3",-0.60983672992843,0.0288863312296373
"ZBTB20",-0.245362940671788,0.0289025043771939
"PSAPL1",-1.13255784026006,0.0289053224029574
"DICER1-AS1",0.342782337920939,0.0289106264792711
"ENSG00000227198",0.732187222659236,0.0289285648769968
"ENSG00000272540",-0.905583498803923,0.0289326858218212
"RPL7A",-0.225221140243303,0.0290055455117875
"SRC",0.141166146535428,0.0290317141810783
"ENSG00000257605",-1.58624265979507,0.0290764968700329
"ASIC3",0.549509070082755,0.0290941318492587
"LIAT1",-0.648403752795208,0.0291409784060079
"SOWAHD",-0.644471034789274,0.029156643119305
"LOC101927788",0.381837354890859,0.0291657825903604
"ENSG00000224043",0.371753613619107,0.0292238843035959
"RPAP3",-0.196631003508444,0.0292653430056351
"ENSG00000259585",-1.02428626380104,0.0292759754320019
"ENSG00000227398",-0.314113021033657,0.029314807377463
"SP140",-0.659073000890736,0.0293324664481517
"ZNF546",-0.320290655367232,0.0293649377344533
"NCAPH2",-0.200514171888269,0.0293653036010819
"LINC02466",1.03141379623434,0.0293698462919341
"ACOXL-AS1",0.900860072473541,0.0293798760376987
"DIO1",-0.357981189687805,0.0293881726888013
"LOC389831",0.720134544477498,0.0293917452808085
"PSMD8",-0.207735199315001,0.0293993541959273
"TECR",0.208211683035274,0.0294166484553888
"RAB4B",-0.325600763314802,0.0294250902267634
"LINC01138",0.214077600510533,0.0294493523703021
"CYP4F35P",-0.692273642024734,0.0294543335615715
"IFITM10",1.27115218510119,0.029477303628561
"XRCC6",-0.179549510146474,0.0294775045580239
"LRRC20",-0.148674476962943,0.0294841869825664
"KMT5C",0.275609042316915,0.0295032399757248
"KPNA3",0.15990319925722,0.0295163841555475
"AMIGO1",0.398499109812614,0.0295358061688189
"AP4B1",-0.219402536233824,0.0295417867554248
"ENSG00000304919",1.79221645579931,0.0295453630324537
"ZNF487",-0.283934872536701,0.0295504991990968
"NSUN2",-0.163838585430606,0.0295508972024793
"CXXC5",-0.14901918436147,0.029562145013399
"ENSG00000248406",1.05950051031042,0.0295685750461008
"ENSG00000246889",-0.462184597874653,0.0295748713627694
"ATP6V1G1",-0.24380093211734,0.0295923558788647
"LY6D",1.01186728803753,0.0295992409844737
"ZNF879",-0.481548834002468,0.0296027229000893
"ENSG00000279168",1.26440248465039,0.0296482218857583
"FIG4",0.250191178901843,0.02965274183798
"ENSG00000260620",1.19788311350831,0.0296579760970655
"ENSG00000294537",0.636097065303945,0.0296586764035125
"STOML1",-0.357403041410416,0.029672538190172
"ENSG00000204685",0.276979416060144,0.0297129674377368
"PAFAH1B1",0.166544904686149,0.029731842574879
"LINC01342",-1.06880688682636,0.0297675187343085
"PGC",-0.870959959590824,0.0297758214229433
"SDK1",0.466965879647476,0.0297989944872712
"ENSG00000276672",-0.332580987458697,0.0298032582991268
"SPINK1",-0.728757179325625,0.029804619510119
"HMGCL",-0.298165088211335,0.0298108527877575
"CTDNEP1",0.158024950933508,0.0298562575931306
"ENSG00000231856",-0.556152175559177,0.0298892059624774
"HEXD",0.255214205405213,0.0298900439594848
"CDK11A",0.215863620250182,0.0299173112853886
"ENSG00000288794",-1.01716125918871,0.0299475597367524
"TNNI3",-0.422433088348443,0.0299769683309149
"MCRIP1",-0.187097544604736,0.0300200489342233
"L2HGDH",-0.291764205973309,0.030031739889149
"ATP8B1",-0.390386523122486,0.0300642432803193
"DHX57",-0.162622587583205,0.0300849444345076
"NT5E",0.311476352330091,0.0300921639321006
"SEMA6A-AS2",-0.979058163477434,0.0300944830050047
"COLGALT1",0.228658099244298,0.0300986747725951
"ENSG00000291099",0.396720123955017,0.0301064738011499
"ABHD12",-0.178943366258484,0.0301427150523944
"ENSG00000291042",-0.92099191606981,0.0301831429620677
"SPICE1",0.273119106379304,0.0302114123369116
"PARK7",-0.221751600594649,0.0302138553103035
"LRRC9",-1.13612392327893,0.0302615741792101
"GOLGA8M",-0.97992854945069,0.0302722900785471
"ABT1",-0.201222197520419,0.0302742747944645
"TBKBP1",-0.24525593092544,0.0303250967839788
"EHMT2",0.151219421164096,0.030472508478576
"VNN3P",1.90230609240398,0.0305386595018925
"CHST13",-0.24935390611875,0.0305920910635772
"USP46",0.228414020223945,0.0305931110407165
"APOL3",-0.404154385371155,0.0306224303064491
"HSD17B8",-0.262806720187381,0.0306275813813113
"HES6",-0.254849136697236,0.0306544223121409
"CERS4",0.284465308653383,0.0306734074062008
"ENSG00000289421",-0.527118365916173,0.0306774220572692
"FMN1",0.607383569989293,0.0306957983588092
"TPK1",-0.769488154634306,0.0309279871404209
"GPRC5D-AS1",0.357213402185944,0.0309410239803699
"LOC100506274",1.57131500636973,0.030967048559186
"PPM1A",0.15017882235141,0.031001834217929
"THRA",0.209508237350249,0.0310024948082565
"TIMM17A",-0.195480983401511,0.0310126984326009
"ENSG00000255031",-0.321892235266211,0.0310236069082506
"RHBDD1",-0.239266335462094,0.0310747570565615
"SPATA2",0.19970919997339,0.0310867058656037
"ENSG00000260368",-1.49655034640953,0.031094659419744
"SLC12A2-DT",-0.263000144297357,0.0311248804635031
"ERLIN2",-0.177354954485898,0.031126729777215
"C1orf56",-0.568725981353762,0.0311794492877444
"SCYL2",0.165590056269011,0.0311962468597709
"RCE1",-0.206953791439703,0.0312383167687653
"C4B",-0.225144753020212,0.0312563849974054
"MED8",0.168151099003939,0.0312678828549208
"TPGS2",-0.237957507278821,0.0312984134754114
"APOA2",0.282109128693316,0.0313008349507805
"SCIRT",-1.47614085532739,0.0313147738673655
"NAF1",-0.23195596436508,0.0313777977028657
"UBQLN1-AS1",-0.783034173583735,0.0313892156257186
"ZNF197",-0.279024482779491,0.0313971649239961
"ENSG00000305617",1.44985265391595,0.031403124416248
"ASB7",0.210242442167487,0.0314053972355782
"ENSG00000301639",0.64619310258409,0.0314154621286512
"SMARCA2",0.216932655455019,0.0314579355684004
"ARF1",0.188675894555972,0.0314764703716631
"EXOC7",-0.138590090787456,0.0314770856659967
"ZSCAN5A-AS1",-1.06290513215954,0.0314854172212637
"HNRNPF",-0.148369247449025,0.0314906142069714
"PIAS2",0.231132768430565,0.0315273034982012
"MDN1",0.20569702565061,0.0315555817520548
"ENSG00000274849",-0.69512143233653,0.0315588259046085
"CLN3",0.221554767419996,0.0315682971561345
"KARS1P2",-0.380875747727356,0.0315694924422629
"INTS3",0.15813155399336,0.0315719219758714
"ALPK3",-0.979660621754317,0.0316050625184929
"ENSG00000260293",-0.47726083340751,0.0316086196857619
"ACER3",-0.320442482241753,0.0316325324944553
"FBXL5",0.233465482188855,0.0316418269259697
"MTA1",-0.166728184649512,0.0316571782478453
"RAB1B",0.215182063461778,0.0316572635583651
"SERBP1",-0.182607172267476,0.0316625323970733
"KATNBL1",0.207423719400477,0.0316732869687
"ENSG00000270933",0.541800553089093,0.0317439215339993
"WDR81",0.16430421083952,0.0317716041905536
"HDLBP",0.202193720037025,0.031785240385799
"ENSG00000266473",-0.658570316874948,0.0318283730271302
"PITPNM3",-0.702006356630845,0.0318323927862684
"ENSG00000290762",0.205639197306831,0.0318505572999328
"FIBP",-0.200506397470725,0.0318712527021055
"TAPBPL",-0.280844828875625,0.0318962454611446
"CIDECP1",-0.753699626656995,0.0319134273167472
"SMG1P1",7.44285325396506,0.031920429347211
"ENSG00000257507",-0.777002770769516,0.0319232696765303
"KPNB1",-0.146884827680764,0.0319344424279437
"ENSG00000174384",1.97596597523061,0.0319775922314687
"THNSL1",-0.29493926463829,0.0319870881297239
"RHPN1-AS1",-0.667426248406861,0.03199445505915
"CFAP184",-0.746490497349697,0.0320305266690682
"ENSG00000272812",0.443727284317941,0.0320480009665679
"PTPN23-DT",0.328692734979554,0.0320507505293054
"FNTB",0.174733094265571,0.0320725040476297
"SYT7",-0.440883001096585,0.0321355662665822
"ENSG00000253106",0.740071792231258,0.0321875736405848
"SDAD1",-0.152396633962446,0.0321879113218529
"COX7A2",-0.207954748063431,0.0321912329759776
"ELN",-0.88767491797057,0.0321943750608522
"ENSG00000275202",-0.645722909737212,0.032200897801172
"ZNF121",0.181430430701144,0.0322259574329215
"ENSG00000275944",0.565502085422962,0.0322311002621897
"MFSD13A",-0.279697636675557,0.0322318640473339
"PLEKHM2",0.145141434839756,0.0322349845455705
"HILPDA",-0.323920374665199,0.0322419805397044
"PCDHB3",0.982660817855215,0.032272555535373
"ZNF20",-0.589045658035885,0.0322730396841486
"FAM167B",1.09476998638377,0.0322940404751067
"NOX3",1.74299637029781,0.0323021080462611
"TRUB2",-0.188429951069497,0.0323070079700554
"LINC03112",0.796849495282619,0.032332197158446
"PAX8-AS1",1.61063557159975,0.0323716954347138
"SLC35B4",0.172069317532842,0.0323873330116031
"LOC101928669",-0.664486054055827,0.0324221341824428
"LETMD1",-0.194814396029638,0.0324587457896688
"NT5M",-0.926881983555532,0.0324781220541333
"FBXO32",1.61189409318404,0.0325712148910265
"FAM83E",0.849397875248222,0.032578025880304
"FMO4",-0.630896756341026,0.032587706104487
"LURAP1L",0.354002400259473,0.0326151044060048
"NARS2",0.21826003526763,0.032642387741463
"ENSG00000229321",-1.07533939971083,0.0326796649763407
"CRKL",0.187808254721235,0.0327012696485586
"PRORP",-0.1659866888866,0.0327475362149687
"FLRT3",0.668948158676928,0.0327621531777596
"ENSG00000283765",-6.95789179098144,0.0327943589211617
"INIP",-0.168368732103748,0.0327995811410089
"INTS8",0.181766418318575,0.032800404962448
"IPO7",0.1761568577,0.0328406327294914
"PPWD1",-0.154213089659544,0.0328591304524036
"ZNF583",-0.391482128869156,0.0328620344220247
"FNDC5",-0.657976082969361,0.0328801007032016
"ENSG00000302224",0.721968484708641,0.0328946045195441
"ENSG00000306878",-0.773196475667525,0.0328978869717824
"NAP1L1",-0.175175190190024,0.0329088504778116
"ACTN4",0.159678970376396,0.0329244844476468
"SLC39A3",-0.214440411986503,0.032935666367915
"DOCK7-DT",0.537152800281648,0.0329363624169067
"KIF21B",-0.915290527035879,0.0329557905742086
"PRDM2",0.1756786561966,0.032956399020143
"MITD1",0.185611272292229,0.0329575403795355
"DOLPP1",0.237978669682511,0.0330156410093889
"CFHR1",-0.938703328706693,0.0330506892218555
"SETBP1-DT",-0.801680981767551,0.0330920345077493
"ENSG00000269473",-0.478543834632751,0.0331020143842075
"BCL2L2",-0.203174876115635,0.0331918894160323
"VNN2",-1.05210756643477,0.0332164929265147
"MAP2K2",-0.185545577177305,0.0332603123585244
"SORL1-AS1",1.19381000271706,0.0333056600591585
"NRDC",-0.143753900162833,0.0333163643255768
"TMEM161B-DT",0.187237047791676,0.0333438345495021
"ENSG00000296329",0.259708004076317,0.0333949397505772
"C2orf69",0.188145976196123,0.0334245848503851
"LOC105374852",0.499566269900961,0.0334287956415908
"ENSG00000310528",-0.758755632344015,0.0334348260886344
"PYROXD2",-0.406423390893874,0.0334725051991254
"ENSG00000288909",-1.12901911445533,0.0334912104207294
"TSPAN10",-0.37299017642788,0.0334936280366467
"NELFA",0.139090659769826,0.0335133632568558
"ENSG00000304654",-0.714169356138438,0.0335736631744211
"MOV10L1",1.18680683295045,0.0335932141319901
"H6PD",-0.210811759384198,0.0335934976702947
"RPS4X",-0.204548120083281,0.0336026425240026
"PARD3",-0.18328945448218,0.0336188543697721
"MAN2A2",0.178973333436457,0.0336240472185465
"THBS4",-1.06735365061313,0.0336712301195658
"RHOT1",0.169785536689697,0.0336871782482387
"MLXIP",-0.133407594106727,0.033700744482119
"GCNA",0.459616710420856,0.0337116308906787
"HNRNPM",-0.165337888574189,0.0337773596892742
"UCN2",-0.73141028225201,0.0338253379114058
"ENSG00000261519",-0.75010345529326,0.0338298738092691
"METTL3",-0.140977236660304,0.033831258314236
"SGSH",-0.292189704626645,0.0338739160382741
"DOK3",-0.282207028821427,0.0338767299137299
"NPIPB14P",-0.683279522253637,0.033882441453559
"ENSG00000260588",0.802290640524823,0.0339261534089183
"LNCATV",-0.643026173938377,0.0339291884478322
"HLA-E",0.154304785421926,0.0339625285592851
"ARFRP1",-0.199067051765244,0.0339790338517647
"SLC35E3",0.251928758893277,0.0339999951690798
"LRSAM1",0.171471841906704,0.0340183063983551
"ABCA4",-0.691964005893599,0.0340509843976715
"NEIL3",-0.234671717713994,0.0340771645898653
"MED20",0.192115101822266,0.034077780316112
"GIN1",-0.341082504533685,0.0340904112418901
"ACOT8",-0.191868229827951,0.0341863069033217
"ENSG00000259605",0.366073076849012,0.0342653455153997
"LOC124903889",0.955272673464133,0.034268290216697
"DUXAP10",-0.134902871512833,0.0342899243204756
"BEND7",0.217906394983808,0.034306611752229
"RHEX",0.47789024309895,0.0343343596471919
"TAF1B",0.192828018862716,0.0343713659205981
"SEC11C",0.24667725274369,0.0343756003100448
"PLEKHG5",0.251643013449269,0.0343821463856152
"LINC02055",3.02115953014712,0.0343979750753206
"PIN1",-0.176828992042674,0.0344157967766311
"SAMD10",-0.176683423063415,0.0344920591329395
"UNK",0.167638948979904,0.0344966785616908
"ENSG00000279841",0.565338554772437,0.0345156026315468
"HNRNPH2",0.232307795663713,0.0345527597908609
"APOOL",0.202918799893365,0.0345838786745378
"ENSG00000278177",-0.857396003173027,0.0345963777673004
"EEF1AKMT4",-0.236512093085051,0.0345985424709364
"HTR3B",0.882259058806056,0.0346252247721327
"ENSG00000214826",0.449283113650983,0.0346266622098679
"ENSG00000213888",-0.387705353214273,0.0346480727094187
"TRMT1L",-0.230997674299756,0.0346802641461248
"PDP1",0.376577204457433,0.0346889785211603
"ENSG00000261526",0.232268233600489,0.0346908852458319
"GALR2",-0.811649471237854,0.0347155442144494
"ENSG00000293465",0.409689432036045,0.0347447863991875
"TNNC1",-0.757147285815794,0.0347520036068441
"NINJ1",-0.165857238577523,0.034773388246166
"GOLGA6L3P",0.208419525583772,0.0347774123053384
"TMEM39B",-0.213905544560703,0.0347862075745953
"ENSG00000290690",-1.28309614609003,0.034805129716112
"MUC12",-1.04366405707288,0.0348130207673158
"ARF3",0.226158774064552,0.0348560941725527
"MELTF",-0.392488837538385,0.034870641052972
"ENSG00000294020",0.509493290718734,0.0349238206900028
"OLA1",-0.218120859843611,0.0349338831580353
"ENSG00000279162",0.76426628366115,0.0349782976832095
"ENSG00000227200",-0.906218154001216,0.0349918425778826
"LOC105377224",0.528494417135107,0.0351076977289759
"TEX14BP",0.546970458781074,0.0351491358874608
"ZNF507",0.161144620574626,0.0351566346551514
"MAP3K9-DT",-0.267415135731563,0.0352095153557567
"LNP1",0.480684949692955,0.0352277442897237
"PHLDB2",0.198309159128811,0.0352556463032224
"ARK2N",0.203084694887693,0.0352582729228075
"LYRM4",-0.164312897374328,0.0352587372958434
"MIR4713HG",0.535470521409249,0.0353207793812136
"OAZ3",-0.859357300426365,0.0353493524285213
"IDH3G",-0.196558198582417,0.0354156470944699
"TCIRG1",-0.248937594996787,0.0354227063136819
"S100A14",0.738210199467985,0.0354502592400125
"RAP1GAP2",-0.165632043777471,0.0354801266138772
"ATE1",0.168993630945671,0.0355075545673425
"RPS6KB2",-0.154410971796275,0.03551827214899
"TIMM22",-0.201668070709753,0.0355553469770034
"NYNRIN",0.451783449513207,0.0355635030065825
"ISY1",0.166192845149406,0.0355792843226398
"SCLY",-0.143820464797075,0.0356385642598208
"LINC01275",-0.637989912352399,0.0356580162857726
"RPL26",-0.241840446532851,0.035659153899054
"TRAIP",0.249515754364188,0.0357457592922486
"CLEC2D",-0.374863362968653,0.0357585933911667
"PELP1-DT",-0.861192260592215,0.0357609018385489
"CDC42BPB",0.153854555865289,0.0358577382192406
"FBXO45",-0.1999475160925,0.0358592884616592
"TMEM143",0.2304355654525,0.0358735207269415
"LOC124904731",-0.952601501595407,0.0358811806585153
"CCT8",-0.209815549648101,0.0359200610960707
"ZNF850",0.386620468650507,0.0359413862078534
"KMT2B",0.209108755207511,0.0359529963691897
"CNTNAP2",-0.562045894827016,0.0359617321690884
"ENSG00000262050",-0.492112270044167,0.0360177826754351
"C17orf75",0.156073164402793,0.0360337812676385
"POR",0.22522337991249,0.0360519107836552
"BANK1",0.937382437518475,0.0360599908343777
"ENSG00000271795",0.719329742656545,0.0360803646891122
"SIPA1",-0.293348605655315,0.0360815477900827
"YAP1",0.146153711622665,0.036096444200524
"DFFB",0.243538627328814,0.0361108956622646
"PDCD6IPP2",0.25678246981173,0.0361387685246451
"LINC02352",0.588854442081497,0.0361560790512411
"MEAK7",-0.189902082733275,0.0361752415309406
"RGS2-AS1",-0.515698961910293,0.0361989105171832
"CCDC154",-0.567757406680285,0.0362012740554768
"APC2",0.603635031880243,0.0362411219414363
"ZNF844",-0.29672817233967,0.0362593717061722
"ZNF136",-0.240365824165305,0.0362594681207659
"PLS1",0.249647735150525,0.0362684783222459
"FOXD2-AS1",-0.292816298753736,0.0363089317936087
"HLTF",0.192951755094643,0.0363233176730934
"ENSG00000280402",0.535758326670097,0.0363256621057094
"PDE8A",0.130455376639385,0.0363347361087881
"FASTKD2",-0.150926341723498,0.0363444814966198
"ENSG00000280274",-1.10642148514266,0.0363622212888394
"PISD",-0.14034724275496,0.0364393763074241
"PPP3CA",0.154385656537591,0.036452356228562
"BRAT1",0.186609408100321,0.0364610104247699
"LRRC37A2",0.701967314191344,0.0364701119846202
"PECR",-0.20731071259154,0.036481643439128
"SEZ6L2",0.269768073303383,0.0365135837829947
"CD320",-0.178362242611841,0.0365294776012549
"ENSG00000293470",-0.291752523019534,0.036539821684916
"ENSG00000307927",-0.921734217375771,0.0365414126270946
"SUCLG1",0.125425926962372,0.0365597710581177
"IFITM2",-0.534436295785087,0.0365743959196984
"LY6E",-0.183296715668619,0.0365769925769096
"PEBP1",0.195427079965095,0.0366247754022939
"GTF3C2-AS2",-0.151728969319844,0.0366792172561201
"EMBP1",0.355561261075173,0.0367031365170911
"NATD1",0.498791674327514,0.0367439311877947
"HHAT",-0.394593418648982,0.0367594782899137
"ENSG00000228791",0.631475756734276,0.036759586336102
"ENSG00000305098",0.951836532319686,0.0367620351036174
"ASIC1",-0.716313246276951,0.0367653297184166
"HSPA1A",-0.341731947342137,0.036797059107656
"MED15",0.14166012044165,0.0368154260753416
"TMEM38A",0.320800256368418,0.0368173697572892
"TP53INP2",0.253723499485656,0.0368178552081303
"RBM44",1.07521535764861,0.0368217020168469
"TMPOP2",-0.73956712010899,0.0368272470326954
"LRRC58",-0.146726669745516,0.0368273792178787
"HNRNPUL2-BSCL2",0.36135031040492,0.0368354941867682
"STX12",0.169167823345922,0.0369072114614109
"ENSG00000299403",-0.917812201790126,0.0369293938974101
"GPRASP2",-0.600813199584716,0.0369422842594323
"STON1",-0.704174876314351,0.0369596773763581
"PTPN11",0.154348585867566,0.0369869862744687
"GDA",1.27495475108477,0.0370213827860197
"GIPC1",0.180068816698175,0.037034069904481
"RPAP2",-0.22780378860978,0.0370409680997494
"ENSG00000279794",0.515992760563382,0.0370494397921571
"P2RX5",-0.710547392607576,0.037056315127762
"YIF1A",-0.162772978672091,0.0370572672363864
"ENSG00000232347",0.543710653055967,0.0370592052660345
"NHEJ1",0.16370689588245,0.0371376006022729
"IL6ST",0.181189774637622,0.0371425377965017
"ZNF566-AS1",0.589773473346733,0.0371468214698168
"ANGPTL4",0.437034211041565,0.0371679486131987
"LTB4R",0.263357156180564,0.0371916649656935
"TM2D1",0.210963202099933,0.0371943451598127
"SEC63",0.214576117330581,0.0372120927573018
"ENSG00000302261",-1.01513009525257,0.0372555047711961
"ENSG00000288913",0.560624923771896,0.0372568506300601
"RPL23AP87",-0.388992049780176,0.0372636471847793
"C7orf25",-0.58937017514176,0.037274078181664
"STX3",0.310047399230126,0.0372773882159016
"TAF13",-0.212046252506392,0.0372797943905982
"ENSG00000302691",-0.859249589497235,0.0372989468591852
"ENSG00000298510",-0.342922455964734,0.0373498757149929
"FBP1",0.932507970800238,0.0373608406544044
"TAGLN",0.469479176802078,0.0374029331137391
"TRIB1",-0.477023440096167,0.0374102450284145
"PPP2CB",-0.207126174134357,0.0374244562645363
"PI4KAP2",0.254794230539382,0.0374446932957008
"ENSG00000290585",0.995516864781636,0.0374622137575206
"ENSG00000280347",0.788115945880846,0.0374659601755539
"PML",-0.161367767406498,0.0374737784647695
"SPTBN5",-1.04914402301279,0.0375619214906395
"ARVCF",-0.171026516243748,0.0375981632614923
"ENSG00000275234",0.264690746068042,0.0376064652307991
"ZBED5",-0.192879061543952,0.0376304972484272
"CCDC30",-0.429503625292985,0.0376708207080102
"FRS3",0.234933016101718,0.0377087218432148
"COPS9",-0.19890147429038,0.0377211951268173
"ENSG00000261168",0.610841121458967,0.0377231538452603
"ENSG00000241489",-0.40001437921779,0.0377286971993472
"SLC39A1",0.160803811591103,0.0377340699834881
"TBCC",-0.192942682369839,0.0377397023627638
"DLL3",-0.767304760156262,0.0377911831823477
"ENSG00000259976",0.444113639738655,0.0377926515028235
"LDHD",-0.3599072444924,0.0378108998276607
"DLGAP4-AS1",0.41842938138572,0.0378260309672302
"ACTN1",0.208547966588294,0.0378352921886864
"ERI2",0.222255340189669,0.0378376244848389
"ENSG00000274528",0.566768732594169,0.037857195927001
"ENSG00000064489",-0.452648643624665,0.0378644736435297
"TMEM138",-0.221321026871245,0.0378753462178158
"LOC105370103",0.62470029354079,0.0378772210102837
"CCT4P2",-0.539668587866414,0.0378802462346117
"RHNO1",-0.201292680299131,0.0378945695517141
"TCEAL3",0.961634323993151,0.0379021247986705
"DNAL4",-0.334482343205439,0.0379126589178394
"ENSG00000289966",-1.18028461359215,0.0379228511413983
"RBM43",-0.364999255753868,0.0379294034681194
"SRY",0.450493932478266,0.037932664343374
"PLK4",0.194728240925918,0.0379331295479623
"KLF11",0.244989155609349,0.0379768106448364
"SPECC1L",0.135096027713047,0.0379988503359696
"LTB",1.18312308333434,0.0380215282083784
"GOLGA8A",-0.175972509474558,0.0380380884369476
"VEGFA",0.161679648449129,0.0381197319775781
"HOMER2",-0.222062038093885,0.0382033847474774
"TTC7A",-0.161559196449311,0.038223731292808
"CHSY3",-0.71546307134498,0.0382551324416501
"ENSG00000225873",-2.926433852783,0.0382603626594805
"LY96",0.889794958069264,0.0382689662713405
"PABPN1",-0.186386230321951,0.0383256899763444
"OS9",0.192122237361909,0.0383648596394016
"ENSG00000233766",-0.624746989770048,0.0383883621749826
"UTP23",-0.26067009686047,0.0384101437458924
"MSANTD4",0.185918910795383,0.038446749580893
"LOC102723654",-0.886721472539696,0.0384794968151229
"ENSG00000257298",1.06018014421384,0.0384998421189445
"SNHG29",-0.135523366009367,0.0385190265367154
"UBB",-0.197300321089632,0.0385550267866462
"NPIPA8",1.1063286066216,0.0385732378067866
"VRK2",-0.177702965382342,0.0385909632021794
"DHRS3",0.153080464426234,0.0386266576309452
"TMEM132A",-0.295047950714052,0.0386477690508142
"COX5B",-0.174386736731223,0.0386639446953447
"EIF3F",0.187264365436082,0.0386805302758214
"LOC105376695",-1.26618164173865,0.0386927907308362
"TMPRSS5",-0.625062701637361,0.038693854709012
"RABIF",-0.2020466643951,0.0386991199291573
"ENSG00000286284",-0.987173875407738,0.0387287571004517
"ENSG00000293322",-0.720034192087216,0.0387772025596656
"RIMS3",-0.265132174581024,0.0387857903780787
"FRMD4B",0.521203297358041,0.038820135840961
"ENSG00000289331",1.66767889591409,0.0388233203332188
"ENSG00000287236",0.516561683992414,0.0388258368892184
"NFE2L1",0.157271675068658,0.0388372279332175
"LLPH",-0.203392327075671,0.038843041157839
"ENSG00000268061",-0.630818988605931,0.0388502996869373
"TNFRSF10C",-0.920447047009254,0.0388834356286289
"ZNF695",0.271976836785817,0.0389429104778166
"CYP2U1",-0.306230467538489,0.0389880347569165
"PLG",0.217208246620062,0.0389963004349932
"PRKN",0.993908325214234,0.0391141243047027
"RAVER1",0.163984817399708,0.0392198644360564
"ENSG00000303221",0.526390841400811,0.0392366816360424
"ENSG00000260459",0.836340083654906,0.0392702919538977
"XPO1",0.233342488991217,0.0392703461678873
"NANS",-0.16501780925889,0.0393065280151005
"MRPS34",-0.179418494591305,0.0393400850592451
"TRAPPC1",-0.292959268308633,0.0393787526360274
"ATP6V0B",0.176824618043486,0.0393883129742685
"ENSG00000278867",0.532055841960679,0.0394034773886547
"KMT2E",0.174424010528013,0.0394131207420122
"IVD",-0.17840608738433,0.0394679368846211
"ENSG00000176933",-0.800109727191558,0.0394965838167586
"SOCS6",0.169126081724218,0.0395371622026933
"TLR6",0.517304049890471,0.0395501979948492
"ENSG00000221883",-0.538273081720691,0.0395625313608675
"CCDC144NL",-0.348584318683066,0.0395765592797825
"RIBC1",-0.753203502996621,0.039626444031644
"RAB40C",0.171379823268415,0.0396577898154534
"ENSG00000294479",0.709190620819752,0.0397012476735071
"ZNF37A",0.145057161650403,0.0397050680595899
"CTDP1-DT",0.289432679286428,0.0397288960184243
"KALRN",0.302630029895733,0.0397333391641729
"CCNI",0.171070899783029,0.0397382431683128
"RAP1A",0.174638830240404,0.039752687804301
"AFM",-0.540023629786844,0.0398409400878596
"ENSG00000294008",0.342588187677819,0.0398714618632311
"RAD51AP1",-0.170238815871726,0.0398887840414595
"GPR160",0.22755273214135,0.0399244395237541
"ENSG00000285733",-0.612127825256182,0.0399351320320272
"SEMA3G",-0.162415152982384,0.0399510674858744
"ENSG00000291176",-0.8497821607238,0.0399639452968336
"POLR2J",-0.322420294351531,0.0399781932205552
"SWSAP1",-0.285550645416641,0.0400184984653031
"RAMP2",-0.559671520152303,0.0400440281367616
"GATA6-AS1",1.00230872007001,0.0400516461551672
"CYP8B1",-0.25925878569882,0.0400943644354099
"FLNA",-0.306029665215637,0.040208957593561
"ENSG00000224174",0.446033283181358,0.040219817537937
"ZIM2-AS1",0.798904842287787,0.040335541241063
"ZNF326",0.161862904701647,0.0403916850731913
"VKORC1L1",0.161435560323071,0.040393278634443
"WDR35",0.225941506373805,0.0404036402293263
"ENSG00000279518",-0.620849285807925,0.0404134197463758
"ENSG00000279649",0.991318682705604,0.0404134617257751
"ZNF528",0.272737711987348,0.0404149066680382
"ENSG00000307823",0.576132057094193,0.0404304681190248
"CSK",0.12512899514696,0.040444732901793
"ZNF668",0.193468091431439,0.0404448216588743
"DNMT3B",0.28774075029997,0.0404454718389725
"CIBAR1-DT",-0.894975778280856,0.0404882013655727
"SYVN1",0.177801447253056,0.0405962374082835
"LOC105377155",-0.55489348794303,0.0406189799928336
"KANK4",-0.438105459951679,0.0406307454178045
"ENSG00000271538",-0.569894214048088,0.0406847710068407
"HSPA4L",0.18970676542733,0.0406961809126255
"RBM26-AS1",-0.417942946158967,0.0407409851262589
"CIR1",0.285035924034882,0.0407499288424602
"ENSG00000301807",-0.535223295730193,0.0407812501726279
"POLE2",-0.257885140097814,0.0407891323199576
"SLC29A4",-0.258640411914791,0.040866138151024
"KLF13",0.246424353498841,0.0408672979948437
"SEPTIN9",-0.186502269265414,0.0409431469287992
"SHOC2",0.184560568830091,0.0409835957641147
"ENSG00000278376",-0.427263387675193,0.0410406797344666
"ENSG00000289523",0.502874417193314,0.0410511386353085
"CPSF1",0.167468930115719,0.0410521413136607
"ZNF599",0.28769433171833,0.0410707176188272
"RAP1GAP",-0.169878728418717,0.0411235424116206
"LOC101929536",-1.01260089731572,0.0411248809600518
"ENSG00000262265",0.460464180097438,0.0411541980646315
"WDR12",-0.149231393747779,0.0411643463244991
"ENSG00000288764",-0.718017870599778,0.041172747986432
"ENSG00000285304",0.592814818407316,0.0411736766421285
"ENSG00000284906",0.687615182046137,0.0411791180359867
"SNTB1",0.132949737972795,0.0411800846912339
"C5orf34",0.291322374181551,0.0412370556499947
"ENSG00000240591",-1.05445284767715,0.0412589639757269
"M6PR",0.168955292609587,0.0412868688906491
"NFXL1",-0.182837752162645,0.0413012584245238
"KCNMB4",-0.589713790456054,0.0413209820202704
"IFNAR2",-0.147946585169973,0.0413211867149235
"PLA2G12B",0.273845041812404,0.0413225677310115
"WRAP73",0.237191002209951,0.0413721069204906
"ANAPC4",0.193378801117709,0.0414457468692941
"WARS2",-0.254844128035896,0.041456273500297
"RPS17",-0.257986201968971,0.0414990577994589
"LINC02983",-0.386029618754277,0.0415036488700927
"MAGEH1",0.3091085720209,0.0415172678262954
"BOK",-0.160453473114375,0.0415707189830414
"ENSG00000309071",-0.717472921367532,0.0415718703356556
"EML1",-0.561232262736025,0.0416496886638703
"ENSG00000287625",-0.653655873453219,0.0416532896774501
"ENSG00000269973",-0.308860307157511,0.0416784128298243
"MED29",-0.172478997974223,0.0417075595347861
"ENSG00000261499",1.61282330305972,0.0417149502593654
"ENSG00000305792",-0.822942526141701,0.0417398513133035
"C22orf39",0.178172477090824,0.041748220799816
"ENSG00000293957",0.299074759037751,0.0417544201801558
"NRDE2",0.166897176203281,0.0417564114747765
"KLHL11",0.536509080069462,0.0418182830357233
"TRPV3",-1.09837540320908,0.0418240101929781
"KLHL42",-0.167827489023785,0.0418264072594769
"PYROXD1",0.24880716975103,0.0418342884640931
"ENSG00000289250",-1.41915051980129,0.0418352159368884
"HHIP-AS1",0.851681997517967,0.0418403233193957
"VDAC3",-0.128648794545441,0.0418586843946873
"PHF12",-0.130740769188181,0.0418653867493038
"ENSG00000275383",-0.968835774790283,0.0418864542453041
"HSD17B1P1",0.663996174291342,0.0419696433734649
"CRNKL1",-0.144930779048024,0.0419849927394143
"ENSG00000272219",-0.690023037464159,0.0420181512271018
"UBN1",0.144664252367903,0.0420329797761926
"TRPV2",-0.210141377300535,0.0420766986370461
"SLC35A1",0.216092400105648,0.0420814529285497
"ENSG00000257764",1.352605495279,0.0421309077601208
"PSMC1P1",-0.64660797872581,0.0421314997942322
"PRAME",-0.622048905854471,0.042137708871163
"RTL8C",-0.244321946383251,0.042139558223318
"HBS1L",0.150853721130019,0.0421614929519143
"IGFBP1",0.890013293958963,0.0421645354647586
"LINC00863",-0.23926979283058,0.0421881254147232
"ENSG00000297327",-0.511059720020614,0.0422005968152663
"ENSG00000273306",-0.683567760947348,0.0422055564401166
"NUDT15",0.177762452439017,0.0422418705539493
"PRH1-PRR4",-0.49587626499364,0.0422736885075628
"MAP4K2",-0.191755542812792,0.0422782102318962
"P4HA1",0.201550982668937,0.0423060016290377
"RBP4",-0.212427361288398,0.0423405283157936
"JRKL",-0.231730110617147,0.0423711718980061
"NKAPP1",0.299862978541102,0.0423745433904988
"EBI3",-0.930043223759839,0.0424013981866656
"ABCA6",0.444772800680646,0.0424014491085512
"ENSG00000304454",1.42175379745446,0.042424820194534
"ENSG00000267475",-1.24355746217193,0.0424288019656847
"HSH2D",0.321552991767831,0.0424490593228508
"CACNA1D",0.428376625586241,0.0424628728028112
"BICRA-AS2",0.481986197483306,0.0424958612855101
"SLC44A3",-0.222973120384723,0.042501297989293
"UBR7",-0.164321203426334,0.0425066325354864
"SMIM14-DT",-0.739276287370862,0.0425083299957
"GSEC",-0.411028064225452,0.0425297681469745
"BRCA2",0.166002653287384,0.042554638536467
"NUP58",-0.136189562856097,0.042610078054922
"MTMR9LP",0.317645255130421,0.0426206925863281
"TYMS",-0.160886348061257,0.0426373083437544
"ENSG00000261096",1.04707780393719,0.0426998701230365
"FAM111A",-0.253375846687304,0.0427259709655501
"GPBP1",0.123726578937316,0.0427892232412494
"MYO7A",-0.287565838692033,0.0428715627955538
"ENSG00000297328",0.753789565712931,0.0428775204912228
"TMEM38B",0.244317501196773,0.0429192220108164
"FANCM",0.221632573507954,0.0429259455864551
"CDIN1",-0.306715387728552,0.042942007564642
"ENSG00000288829",-0.558910983254664,0.0430695140124119
"HCCS-DT",0.506180437727065,0.0431004021481227
"TP53BP2",0.185064228330601,0.0431276304063604
"ENSG00000306320",-0.535502133550148,0.0431721498846083
"ZNF100",-0.295444022264103,0.0431957336981741
"MTFP1",-0.210959418404681,0.0432953649019091
"PDCD7",-0.130055570378884,0.0433134560534184
"ENSG00000274317",0.645408230845761,0.0433306181935176
"GBA1",-0.234801920026297,0.0433362629506647
"ENSG00000259668",2.0393728088402,0.0433381908449451
"ENSG00000288973",0.251081944318789,0.0433510870193041
"ARHGAP32",0.158368925564288,0.0433774694490819
"RABGAP1",0.175654461617459,0.0434355851172229
"THOC3",0.178987706910883,0.0434893873263623
"ENSG00000223459",0.859384315557065,0.0435067333231285
"ING1",0.216408006514984,0.0435252196020517
"H2BC4",-0.402132435226292,0.0435354656278956
"GSPT1",0.193940358563141,0.0435471280370149
"MPHOSPH8",0.190150371171172,0.0435689385511922
"RUNDC3B",-0.283345029882779,0.0435947847847747
"FBXO38",0.1647068654832,0.0436011506640474
"CSPG4P10",-2.40009205562553,0.043638734797963
"EIF4E2",0.144166656844935,0.0436674612787548
"KIF5C",-1.18529442510282,0.0436996637391251
"HLA-C",0.190395683550267,0.0437041250059837
"SUPT20H",0.120605343738001,0.0437247374479728
"HCAR3",-0.500416207673933,0.0437430425693963
"ADK",-0.179441486456438,0.0437434350666667
"PACRGL",-0.337225883617013,0.0437633354414363
"TTC39A",-1.07081105574339,0.0437706644434095
"ENSG00000258559",0.385346162288386,0.0438097515302765
"NAT1",-0.25024660820877,0.043819530660837
"NME1-NME2",-0.423867301525183,0.0438665694631114
"SETD9",-0.321321784105556,0.0438743868703531
"SLC17A9",0.191336841985443,0.0438975026177761
"NCK2",-0.188648628278154,0.043933341319132
"ALPK1",-0.358607960373104,0.0439956932431216
"NUPR1",0.460500016606496,0.0439967551135715
"UNC13B",0.14788915120594,0.0440227634834913
"MISFA",-0.876526201701208,0.0440523772862858
"ZNF573",0.398242094481787,0.0440813485928578
"ENSG00000296452",-0.819467100592981,0.0441170672260755
"SYCE2",-0.670170739337208,0.0441308880032063
"TYW1B",-0.259392602068746,0.0441434186553491
"ENSG00000261560",0.40340110209554,0.0441538295677593
"CHST10",-0.223838129145239,0.0442193994753436
"H4C15",-1.10358577735968,0.0442806786873483
"ENSG00000274272",0.485506926793602,0.0442973333737624
"RASAL2",0.244851794265472,0.0443098598287554
"DEAF1",0.16786774936491,0.0443419030662483
"VWA5A",-0.488761436074479,0.0443592259935612
"ENSG00000263307",0.636357496198427,0.0443850021480837
"NBPF26",0.22340865394376,0.044422012056005
"AQP9",0.834065506951157,0.0444291466528332
"OSGIN2",-0.235299555895363,0.0444543870819951
"ENSG00000251411",-0.995871467374952,0.0444830181711264
"LINC01431",-0.747251636011379,0.0445145129211691
"RPS28",-0.212042646345803,0.0445182245055386
"TSPAN6",0.186529324434083,0.0445222938672632
"HDAC6",0.207612095723485,0.0445747989170121
"TFIP11-DT",-0.293505843518829,0.0446003366331608
"PLIN2",-0.425454403880533,0.0446200183445992
"CMYA5",0.485996602101746,0.0446284449397986
"CDK5RAP3",-0.19285103118856,0.0446334793868306
"MANBAL",0.145563401027263,0.0446424789821551
"RECQL5",0.188674295238381,0.0446455811942452
"TNXB",-0.396427043680278,0.0446476325531955
"ATP5F1B",-0.159660229852776,0.0446613832005998
"ENSG00000261061",-0.446121215314182,0.0446658143219148
"ALDH3A2",-0.168117403587508,0.0447032584611681
"TRAPPC11",0.16245934345743,0.0447059827653035
"SNRNP200",0.131356080264766,0.0447834699682126
"ENSG00000228719",1.18319065619934,0.044786052414095
"FAM223A",-0.604525932379591,0.0448059390185381
"FAM223B",-0.604525932379591,0.0448059390185381
"LINC02870",-0.68019597025352,0.0449007218433071
"DHPS",0.145356887540667,0.0449371487569483
"NXT2",0.257351531390225,0.0449716360684903
"ENSG00000280388",-0.54020760578492,0.0449854189870324
"IGFN1",0.503752559597065,0.0450027586844778
"NSG2",1.7137144945438,0.0450233959481955
"ARHGEF26",0.233804829132282,0.0450305658217889
"TNFSF12",0.386650440506536,0.045038834057216
"AP1S1",0.14235477849861,0.0450421877067677
"ENSG00000303901",0.519060395094499,0.0450529365817718
"PLEKHG6",-0.329655349846613,0.045102502373162
"BCL9",0.181356411280232,0.0451313622756463
"CD99P1",-0.303475302266072,0.045150606255735
"SMARCC1",0.138228906168589,0.045180839728596
"IL20RB",-0.657256624663794,0.0451955750754454
"SRSF4",0.163485718071519,0.0452929340150401
"RPL21P75",-0.892531057790546,0.0453015067496406
"ABCA10",-0.679676718311494,0.0453533050375612
"VPS13A",0.169020829581421,0.0453618668952542
"ENSG00000237481",0.890431264771174,0.0453625061251154
"DRC7",0.377790643156697,0.0453644256642983
"TMEM259",0.208260234436973,0.0453733350495355
"CCER2",0.824712532659064,0.0454389510097129
"ENSG00000279265",0.720167634134812,0.0454761780723208
"FAM184A",-0.209920723902555,0.0455237847229042
"FAM32A",0.171023245069456,0.0455816477727484
"ZNF622",-0.197254074586974,0.0455999498844891
"ZNF346",-0.16935366389655,0.0456337408330322
"SSH1",0.166464012544994,0.0456347476459857
"RNF208",0.16228546051963,0.0456975725756075
"TCP10L3",-0.80136914382376,0.0457205677255425
"MFAP3",0.154911182070671,0.0457630920163093
"DSTNP2",-0.491483630002767,0.0458013486341251
"GPAT3",-0.579730162522639,0.0458241938457691
"ZNF524",0.274583729348479,0.0458276928434404
"RIOX2",-0.156690297721553,0.0458360226185728
"VCP",-0.144692784218868,0.0458629789732147
"AIP",0.198215076780732,0.0459268433600844
"EPPK1",-0.256675208408386,0.0459640807894347
"ASAP1-IT2",-0.446609645863564,0.0459707012429868
"LINC01829",-0.790886245298966,0.0460358955993202
"ARL6IP6",0.153369495471458,0.0460486616518722
"CALM1",-0.164859520522766,0.0461041198755637
"ENSG00000288056",0.82082985977055,0.0461620531219469
"ENSG00000230091",1.0249097595407,0.0461712880277315
"MYL6",-0.229244404148562,0.0462189666787834
"CDC42EP2",-0.288775508188591,0.0462429873538412
"CDC14A",0.247842786358057,0.0462706632730706
"CXCR3",-1.0132655023446,0.046363963735517
"LZTS2",0.178036218915604,0.0463663048068276
"LINC00957",0.637806529610713,0.0464434905666466
"PPIC",-0.220369924640033,0.0464938175007386
"MON1B",-0.120878614371914,0.0464989223572671
"SIRT5",-0.204188192585798,0.0465167560581067
"EMILIN3",-0.782010825104174,0.0465649556451579
"ENSG00000281501",0.415463878169882,0.0465660141371838
"HSPA6",-0.71198556893412,0.0465840221735949
"DOT1L",0.157328277080965,0.0465897567217502
"TRIM4",0.137936843020347,0.0466050403806337
"ENSG00000185834",-0.679511191448808,0.0466728480694598
"PRDX6",-0.138422734580477,0.0467310921427544
"LOC124900713",-0.417809595225537,0.0467419003003403
"NRGN",-0.997431287098507,0.0467727950195085
"GET3",-0.153923740028695,0.046786531534852
"SMC5",0.161141246530913,0.0468671918190371
"CASS4",-0.927549119499394,0.0468907209114581
"SH2B2",0.47949655642302,0.0469051534258798
"ZFP36L1",0.152959638392558,0.046987663276853
"PRDM16-DT",-0.272532947236965,0.0470777229777585
"ENSG00000262370",0.451184337702406,0.0470794412335618
"PSME1",-0.136177823234894,0.0470963361447983
"SLF2",-0.133449456313064,0.0471134663982463
"NUDT21",0.146626053744565,0.0471586120093815
"SMLR1",0.158081137509157,0.0472111059276307
"UGT1A6",0.766698215847422,0.047271082434431
"ENSG00000240731",0.536882978159997,0.0472951523714727
"MMP3",1.01408635345888,0.0473432636370362
"SPRY3",-0.708798582647728,0.0473512030912794
"ZNF280B",-0.245858131645507,0.0473852137317553
"ENSG00000289558",-0.738778048085927,0.0473859721508305
"LOC400499",-0.781333509215795,0.0473982763408528
"PITPNC1",0.60282788229068,0.0474027974466395
"ENSG00000270175",-0.393547433872503,0.0474829029344286
"ENSG00000263823",0.4655945958834,0.047496835926725
"POLE",-0.215480247206225,0.047508990404204
"ENSG00000305973",1.45843253565737,0.0475218649355317
"ENSG00000287265",-0.684532006545614,0.0475258169715521
"ANKRD13B",-0.281006615990439,0.0475377326912935
"STX10",0.13910410155114,0.0475642210619554
"BCL2L11",0.20970476818922,0.0475728135023388
"E2F4",-0.132795495176724,0.0475979067656727
"PCDHGB4",-0.292103386805078,0.0476492327614373
"TMEM18",0.155540085768519,0.0476570958447367
"ZG16",-0.810922179942682,0.0477099268060817
"PLA2G4D",1.28600906239094,0.047824958153437
"LOC124905134",-0.77124024129545,0.0478293982518858
"ENSG00000230918",-0.665901559105683,0.0478306058463729
"HCCS",-0.237663347571921,0.0478481900053426
"MCMDC2",-0.712737211527154,0.0479428636014316
"TPPP2",-0.974078534670935,0.0479610462803164
"C11orf65",-0.846585169122418,0.0479852510384573
"CTXND1",0.561676433131287,0.0480139964078936
"MOV10",-0.163451088035452,0.0480585213629602
"CLPTM1",0.218901880851262,0.0480706753240277
"CAMKMT",0.178595416918654,0.0481343673618366
"NOTCH2NLB",0.371180425122736,0.0481437910270119
"ENSG00000253190",0.986454235115455,0.0481853941931895
"RTN4RL2",-0.349037836376739,0.0481951952092949
"SLC30A3",0.957199145464977,0.048236895973564
"PDSS2",0.193878939772766,0.0482534962804003
"SURF1",-0.190990682053987,0.0482795967328585
"CDKAL1",0.145866642455295,0.0482896539524165
"ENSG00000279861",0.419869306999648,0.0482961415375133
"TXNL1",-0.229215623141321,0.0483152176287213
"HAPLN4",-0.769756334575958,0.0483201335529523
"ATL2",0.154473768717772,0.0483279468976548
"LOC105374901",3.52793604758608,0.0483769649961634
"ENSG00000257366",5.54459287444537,0.0483996307697105
"EHBP1-AS1",1.23997588262994,0.048414139150837
"TDG",0.191988380362577,0.048438030841303
"GATA2",0.233273431866034,0.0484410063709448
"FER",0.153967099986073,0.0484438914530738
"L3MBTL4",0.165579854630104,0.0484570864788224
"NUDT9",0.215778377549413,0.0484729242338666
"ATP6V0C",0.240225040060172,0.0484798446303455
"TFG",0.141035583703733,0.0485420416566833
"DOP1A",0.21869539048643,0.0485471518436151
"ENSG00000290057",0.758725911078735,0.0485745997076826
"RPL11",-0.24461492955328,0.0485977611644011
"LOC100130357",0.442345860749993,0.0486111931794849
"RPL37",-0.289926375847986,0.0486869545549309
"CHCHD2",-0.162065198158395,0.048724269091483
"ENSG00000288012",-0.522592551696493,0.0487815814629065
"ENSG00000310387",-0.928087040537428,0.0487924642675529
"ENSG00000289579",-1.29677498498397,0.0488143550362174
"HLF",0.158353256335092,0.0488463075706642
"SFT2D3",-0.178227048092509,0.0488853976753602
"NADSYN1",-0.18934509822841,0.0489042798904978
"AP1M1",-0.146742892540126,0.0489230563730422
"SLC7A6OS",0.136672565815802,0.0489816828825777
"MELK",-0.13894785064764,0.0490270286983698
"CDK7",0.241870656783394,0.0490326509271415
"ENSG00000258365",-0.516580577083536,0.0490350902892464
"ENSG00000289269",0.84670727314132,0.0490417726546054
"VANGL1",0.174740487096566,0.0490426988471125
"ENSG00000289316",0.334728888991442,0.0490436076935624
"CIMAP1D",-0.831474993613305,0.0490542625752071
"RORC",-0.573720340180755,0.0490654849604309
"AZIN2",0.340720928723877,0.0490693037145677
"ENSG00000272884",0.874888095841196,0.0490814448780928
"ENSG00000278952",0.500318509521426,0.0491155646211385
"ENSG00000205488",1.14095469803589,0.049143921667554
"ZBTB41",0.272287688196236,0.0491756818516323
"ENSG00000266371",-0.898406038538349,0.0491835986603659
"SHKBP1",-0.156185260339166,0.0492061819552283
"CCT4",-0.175946039033154,0.0492498689430732
"RPL34-DT",0.796545709611537,0.0493198317778047
"ITIH3",0.181453895021049,0.0493443531114873
"WDR83OS",0.151917715753316,0.049455191592223
"RSU1",-0.269723690673242,0.049471261459135
"ENSG00000262420",-0.378603521428419,0.0494843408015718
"GATM",0.355445739490433,0.0494867676464429
"TRIM5",-0.180575225380336,0.0495339037900653
"SERPINB9",-0.30105719879872,0.0495417824562873
"LRRN4",-1.0596883177899,0.0495728682994276
"ZNF317",0.152144315735955,0.0496534598263293
"TMEM64",0.301029686941739,0.0496625926706349
"ZNF639",-0.153805227084935,0.0497258167722264
"LOC102723347",-0.392139514598916,0.0497334573496617
"SEC13",0.1547078051631,0.0497785249066496
"H2AZ1",-0.152406556348965,0.0497964754680265
"ENSG00000272155",1.11177409468529,0.0498220693328722
"STRBP",0.166117384072668,0.0498649741586564
"SDCCAG8",-0.246821009626094,0.0499062955438081
"MCRS1",0.124906627428979,0.0499293283906848
"MCCC2",0.127478975507392,0.0499556322430988
"UBE2G2",-0.132027888697565,0.0499605742975787
"EIF4E",-0.135340376395326,0.0499850960829975
"GIHCG",-0.296095855896075,0.0500942025110608
"KDM8",-0.270511296414931,0.0500969214880625
"FHIP1A-DT",0.501139430958525,0.05010951538642
"DUSP13A",-1.08803130232775,0.0501129343372286
"ENSG00000289943",-0.788857705459805,0.0501456246403019
"ENSG00000078319",-2.61291488356571,0.0501658580539142
"ENSG00000293172",0.389703091419643,0.0501745636605036
"INO80C",0.262008187881567,0.0501839569325445
"GLIDR",-1.00974300740585,0.0503225859080623
"LIPH",1.18520253213603,0.0503519303989445
"ENSG00000310418",-0.693381923471214,0.0504389793013161
"MINAR1",0.680411397286151,0.050449696252247
"GALR3",0.85618843196391,0.0504686823276123
"VCPKMT",0.270666189846535,0.0505382642876617
"LINC01276",1.14904544251134,0.0505383621536191
"AATK",-0.303531229579232,0.0505758375511528
"ENSG00000288907",-0.584504579826725,0.0506445308246297
"ZNF385C",-0.406927228398998,0.0507041857534558
"CARS1",-0.17952916060565,0.0507418301122887
"ENSG00000279613",0.905952396105025,0.0507605799204119
"RASL11A",-0.475249071819788,0.050762355972316
"DNAJC6",-0.452352331014415,0.050780044201651
"PEG10",0.202944559772592,0.0507984854180587
"CYP2U1-AS1",-0.559632134158964,0.0508000443691137
"CDKN2B-AS1",1.40644287149107,0.050839398595099
"ABHD17C",-0.44809155113893,0.0508468502684327
"FZD5",0.204978278268676,0.0508873245524506
"ASGR2",-0.17344200058538,0.0508988708516281
"LINC01291",0.498563801055114,0.0509161190751099
"DEXI",-0.179967899352427,0.0509255158707712
"ZFYVE28",1.07870293130219,0.0509318466611531
"DLG1",0.174003037607455,0.0509510312256986
"LINC01572",-0.222239214369458,0.0509878531918954
"SNW1",0.169731799591659,0.0510082226854786
"GLRX5",0.183604216158836,0.051050555273246
"ICAM1",0.365925598490554,0.0510832501029763
"RPS15A",-0.179110716867342,0.0510955703529695
"GNG4",0.192989161698372,0.0511359635231781
"NDUFAB1",-0.169604873469543,0.0511918636364912
"HSD17B1",0.428542306534406,0.0512242256007407
"LOC100289495",0.660401705280686,0.0512383524293115
"PALMD",0.212229860419167,0.0512463559018988
"DECR1",-0.131179259297146,0.0513163234722346
"NDUFA11",-0.144499213889189,0.0513250005301609
"FUS",-0.176173739244611,0.0513356921169405
"POLI",-0.187336429721821,0.0513996237675937
"RPS23",-0.225307686341913,0.0514106445004681
"STAT4",-0.811036866214638,0.0514984536808564
"ENSG00000288637",1.71026141404313,0.0515045242986793
"ING2-DT",-0.491479449976204,0.0515224571052368
"SYNJ2BP-COX16",-1.51028657396487,0.0515446505935491
"TRIM11",0.151462473018897,0.0516449653469329
"NCOA5",-0.126592606743271,0.051661588907249
"CMAS",-0.187777994952897,0.051669281185518
"SEL1L3",-0.706297407099383,0.0517048681479672
"DDR2",-0.895153793195472,0.051705425485725
"MLF2",-0.152844818031083,0.0517171799554961
"ACAP3",-0.276485412304014,0.0517326431812028
"MBD2",-0.2007971736123,0.0517356283510182
"ENSG00000270277",0.723949530639943,0.0517708287789512
"CYRIB",0.143511602075646,0.0518056774504784
"C17orf67",-0.425685277472171,0.0518376856951134
"LOC128706666",-0.273687875123417,0.0518514684759408
"C3orf70",0.46287985357424,0.0518835055568108
"EIF1AY",-0.204272168537083,0.0518929525617396
"STAG3L3",-0.238678017516742,0.0518960074783922
"ORAI3",0.228452458004277,0.0519090963134773
"SLC38A6",-0.312684419224901,0.0519969111052138
"TPM3P9",0.230944984187726,0.0520071975438241
"RRAS2",-0.206137215444795,0.0520121059797359
"ENSG00000279035",-0.753215211698004,0.0520246084582684
"CELF1",0.148123116109703,0.052027951729329
"NCKIPSD",-0.172197408143467,0.0520561871559008
"C17orf99",-0.476761645046053,0.0520573783996207
"FBXL15",0.15827258372569,0.0521221493056832
"MCOLN1",0.219944887526439,0.0521426012845284
"RUFY3",-0.164079598497538,0.0521651817361343
"ENSG00000261147",-1.49579299696797,0.0521935027890143
"HR",-0.788738806786861,0.0522479719683067
"ENSG00000269951",-0.665937433019097,0.0522693977525583
"YBEY",-0.315103354081291,0.0523119453836556
"H4C8",-0.571389173532914,0.0523267062995839
"RPL23",-0.228571588848858,0.0524215167411004
"RPL36A-HNRNPH2",2.22534654919351,0.0524762784890704
"SERPINC1",-0.3141472337429,0.0525020379458751
"ARTN",-0.776084445174569,0.0525186265806874
"TMOD4",-0.746545062922768,0.0525366158313997
"PLTP",-0.299527007108602,0.0525921196848411
"PMF1",0.153955215635021,0.052608203142051
"TCEAL9",-0.201361851181395,0.052615323037583
"LINC00880",0.495045311388076,0.0526234188568755
"PCNX3",0.199371063023589,0.0526576401083692
"ENSG00000271789",-0.437661693190447,0.0526855200117109
"ENSG00000304958",-0.836707995580275,0.0526922606325759
"EEFSEC",-0.227415944364264,0.052733272515633
"USP27X-DT",0.412884500154129,0.0527356257973429
"ENSG00000272896",-0.839747344718764,0.0527625701135014
"ENSG00000310256",1.07921664125823,0.0528358121211493
"ENSG00000275854",0.661196503119228,0.0528511594563392
"POTEI",-0.931467661044225,0.0528761583449631
"ARPC4",-0.163167179504349,0.0528774346973354
"TUFM",-0.175677649921538,0.0528830692584228
"SLC23A3",-0.418483025302728,0.0528927419602228
"ENSG00000277566",-0.900243170943813,0.0529103404083972
"SLC28A2",-0.62611148322212,0.0529210912763884
"ZNF774",-0.391555659751033,0.0529827749156142
"CCDC112",-0.329949218104184,0.0529972424355555
"SEC16B",0.261031503950114,0.0530514524077804
"TPCN2",-0.206993472464446,0.0530658289999647
"OBSL1",-0.191387247007617,0.053094179511597
"VAMP7",0.219699482305353,0.0531287388961278
"KHNYN",0.19360227404497,0.0531324812855066
"ENSG00000204959",0.693383994435486,0.0531388835479864
"SLC25A38",0.143283695260502,0.0531804885077045
"TTC5",0.162770100907617,0.0532008723175275
"ENSG00000277945",1.31174709099076,0.0532595397759561
"ABRAXAS1",-0.235748198608824,0.0532674243292709
"NIPBL-DT",0.155701379496224,0.0532783150186996
"EIF2B2",-0.162404257595171,0.0533114159546467
"GPR137C",-0.344344840208097,0.0533133402457223
"ENSG00000287091",-0.528098092764346,0.0533916579047354
"ENSG00000262837",-0.846093975825877,0.0534456847302698
"ADCK2",-0.200420393100858,0.0534690549344903
"RBP7",-0.915047496067257,0.0535246710762435
"APOBEC2",1.50405323784563,0.0535359537795934
"MANCR",1.78315659003278,0.0535648607864221
"HIRA",0.127246115858475,0.053576454903849
"PTPN2",-0.162084164934812,0.053608521832676
"RPL9",-0.200087951726403,0.0536194116211966
"NUDT14",-0.344149634428625,0.053632937515506
"ENSG00000303713",0.83369170671145,0.0536337420036396
"RNF170",0.186419787732053,0.0536428277879213
"ENSG00000294399",0.956416764016044,0.0536952099294689
"RENO1",0.890870079783159,0.0537159244894902
"ENSG00000273361",-0.577371305325773,0.0537538743812308
"SLC2A13",0.195634058666974,0.0537698606785574
"PPP1R3C",-0.274878021185513,0.0537812221262841
"POGLUT1",0.178125928831629,0.0537984994534781
"ENSG00000279601",0.800618768122888,0.0538042672253516
"DPCD",-0.31548738021684,0.0538065402937252
"ENSG00000258728",-0.812081239079773,0.053914092185705
"LINC01285",-0.386486964624501,0.0539507339767122
"ENSG00000287165",0.836368132368397,0.0539572448599314
"LAG3",0.314007119105906,0.0539693542580223
"CARD8-AS1",0.408241392610601,0.0539870667568823
"USP25",0.149932069287051,0.0539932141592324
"LOC101929577",-0.563570155577072,0.0540159878504885
"BMP2K-DT",0.636515970080898,0.0540339421728304
"ENSG00000226310",-0.399290716389,0.054055628435371
"TNFRSF10A-DT",0.260756844419864,0.0540662422337941
"CD7",0.25475618044136,0.0540931001173787
"ATF7IP2",0.217212467116383,0.0541351013385315
"ENSG00000287817",-0.508675995999973,0.0541633956938412
"PRPF40B",0.155953703116155,0.054183935540266
"ENSG00000293664",0.631531134321847,0.0542173542173991
"MLH1",-0.137671752767749,0.0542726971830583
"LCMT1",0.192146256072489,0.0542934728112594
"OLMALINC",0.318478373626529,0.0543064152826464
"ADSS2",0.157237336117609,0.0543306666597611
"ZNF18",-0.287031396101808,0.0544103026491707
"FER1L5",-0.897496080049516,0.0544457771118412
"CRLF3",0.207698935816437,0.0544876540376073
"MZT2B",-0.17945486648427,0.0545166293711877
"ENSG00000224086",-0.744957626087806,0.0545409314924363
"SLC25A28",-0.155870832667979,0.0545474077047594
"TTC23L-AS1",-0.570556375493624,0.0545677134211267
"ENSG00000254929",-0.355216745557634,0.0546294416665502
"NPIPA3",1.0977799855921,0.054656845055474
"RENBP",-0.648901920390507,0.0546755329587441
"PHB1",-0.181720036422403,0.0546843439884081
"ZNF569",-0.264025847312595,0.0547382513231478
"RNASE2",-1.37552900484169,0.0547655735245529
"PCDHB16",0.348912050975721,0.054845059905852
"ENSG00000245281",0.481789829481599,0.0548902821350435
"DYM",0.176734824559144,0.0549267579289804
"NCAPD2P1",-0.396142195883311,0.0549489644318222
"GC",-0.515418407653832,0.0549773560183721
"PPIB",-0.250806920270912,0.0549830103219284
"ACVR1C",0.71480047817526,0.0549994688492222
"RAC3",-0.2521193864276,0.05502228557456
"SCARB1",-0.189992107041091,0.0550331329897344
"MRPL23",-0.216105764809843,0.0550358358706281
"CEMIP",0.645193825304147,0.0550946389522187
"LINC00958",-0.524170902193491,0.0550978704309743
"MTARC1",-0.289999870726881,0.0552508949770656
"KLF16",-0.176894652590809,0.0552682564055436
"NCK1",-0.233431234773766,0.0552756439876083
"IRF2BPL",0.182676588338275,0.0552995760221443
"PKP2",-0.192866830555603,0.0553597823315616
"ENSG00000306718",0.418312616320356,0.0553782091548192
"TMEM231",0.247302241311533,0.0553835895985543
"RHOD",-0.57483230336581,0.0554129983525139
"EPM2AIP1",-0.154284928276684,0.0554333015676124
"RAB24",-0.19384675999415,0.0554449423117482
"AASDH",0.193709226648455,0.0554628258320852
"LINC01670",-1.93921437149835,0.0555214273694385
"ENSG00000277728",0.863527376463924,0.0555342557420875
"KCNG3",-0.332801563964639,0.055553592408913
"CRACDL",0.785478288295572,0.055675600980602
"AMER1",0.271877294433993,0.0557535820748468
"PHF13",0.16843817614931,0.0557676347427481
"GSK3B-DT",0.201703810603698,0.055847733992385
"MEG3",1.46005039502161,0.0558483902580599
"MOSPD3",0.216467746959674,0.0559800642404485
"CEP192P1",-1.33619145426009,0.0560430513703128
"RNF123",0.14151036802379,0.0560451431321112
"ENSG00000293497",0.211123827421942,0.0560486807229067
"LOC728743",0.178736545261155,0.0560718131898015
"LINC02802",-0.369377131947091,0.0560756668488924
"ENSG00000279495",0.265175007174564,0.056078307033611
"MTCP1",-0.303734283909696,0.0561134467221284
"ENSG00000298954",0.800321949699225,0.0561814817192461
"ENSG00000275485",-1.01534918261012,0.0562003368968583
"LIPT1",-0.20023950874324,0.0562166512627552
"CRTC3-AS1",-1.01964820094314,0.0562368286172623
"COX6B1",-0.196948696624733,0.0562831456135974
"TCAF1P1",0.209779350710352,0.0562861805734581
"ENSG00000174028",0.784118507728735,0.0563139854767376
"ENSG00000264070",-0.78142473738645,0.0563965589212253
"VIL1",-0.178323214261015,0.0564013601601739
"CACNA2D4",-0.404289869100401,0.0564231602897523
"METTL9",0.154584177658345,0.0564514076156866
"SLC22A4",-0.496764005151963,0.0565659276398445
"ENSG00000270504",-0.286298492634617,0.056594501416019
"LOC124900711",-0.638858250228789,0.0566017360511466
"MCPH1-DT",-0.314836681361019,0.0566092343815191
"ENSG00000286116",0.372955665153207,0.0566128327915849
"ENPP4",0.992533413816983,0.0566188391061218
"ENSG00000259424",0.561663712403611,0.0566308345139076
"RP1L1",1.09446835574248,0.0566423850872902
"COQ8B",0.198681288809716,0.0566580273319268
"ENSG00000258311",0.337086575035578,0.0567046742215884
"LOC128706665",-0.266219770573502,0.0567111759202186
"HUWE1",0.134809551101732,0.0567433264141983
"PHLDB3",-0.174586784781088,0.0567573715580786
"ENSG00000279879",-0.512525595299849,0.0567896246501452
"IRAG1",-0.819414114154358,0.0567988485478563
"GNAI2",-0.127035193443989,0.0568111246904059
"ENSG00000279568",-0.874564341315211,0.0568662926704541
"ISL2",-0.217057136793794,0.0568976613491647
"ENSG00000111788",0.263233756601923,0.0570095820202277
"LPCAT3",-0.163121436758048,0.0570256031629304
"LINC01819",0.812554773925179,0.0570372164765972
"FBXO21",0.128959942113312,0.0570565885929558
"SPDYE21",1.85367995659525,0.0571559107743193
"ENSG00000237753",0.440981178682157,0.0571706654524456
"ATP9B",-0.196649992392958,0.0572030479434124
"LINC02936",-0.534715669628125,0.0572045911960501
"PM20D2",-0.142083995257831,0.0572313318234555
"INTS11",0.154737740135602,0.0572367328078227
"PLEKHA2",-0.286914736933664,0.0572429654689335
"TEFM",-0.189371256148007,0.0572602186159676
"GUSBP11",-0.212715470479502,0.0572973312320315
"ENSG00000280378",0.795368236358302,0.0572993029402788
"ENSG00000232024",-0.343818719679865,0.0573288940654866
"ENSG00000279058",0.345536587888273,0.0573595159902193
"ZMPSTE24",0.223305548985301,0.0574166444722726
"LOC124903859",1.02160809563142,0.0574743830144566
"ENSG00000275936",-1.2137442544586,0.0574853410810024
"CRIP1",-0.518475048181289,0.0574894516114198
"ENSG00000271078",-0.992970894760811,0.0574937698601888
"LOC103344931",0.313157292081639,0.0574999277601584
"MAPDA",-0.170010604679548,0.0575059722719861
"ENSG00000270130",0.783887141230803,0.057554543267035
"NSDHL",0.227486140634829,0.0575821260022978
"ENSG00000295436",0.964077349879804,0.0576225950177962
"FBXL22",-0.75659092482237,0.0576419961036102
"MZF1",0.183228438549399,0.0576578548496042
"ENSG00000274561",0.58052996345893,0.0577502682397212
"RPS7P1",-0.373592018427547,0.0577935307931027
"PARP11",0.290732180785865,0.0578099262977105
"ENSG00000233369",1.68707131945901,0.0578517939183939
"RIPK2",-0.180568740546799,0.0578638249915012
"DNAJC3-DT",-0.244493259625071,0.0578771192264976
"TSPAN15",0.506131799398332,0.0580926512896634
"LOC124901966",1.56674289835219,0.0581136631175954
"C1orf74",-0.574015094454495,0.0581194490667194
"PACSIN3",-0.146203591336505,0.0581200112788677
"PAX8",-0.30242855587705,0.0581238196091364
"FBXO24",0.765198959913565,0.0581498059652328
"STOX1",-0.249960149540241,0.0582415191406801
"ENSG00000260889",1.95732191080104,0.0582685646478256
"GPC6",0.349050516822131,0.0582723945959878
"HOTAIRM1",0.723346695471603,0.0582857858876469
"HEATR5A-DT",-0.632835577974113,0.0583046918667796
"ENSG00000215023",-1.39041347350379,0.0583070913508514
"ALG2",-0.131100090158338,0.0583226260326973
"ENSG00000254154",0.491089002001151,0.0583518162109728
"KHSRP",-0.145419692895733,0.0583783658283763
"ENSG00000275601",-0.517690217905742,0.0584258796423522
"ELOA",-0.120860655063993,0.0584520233148954
"SIMC1",-0.178991155299598,0.0584759541870625
"KRT8P12",6.28297776132765,0.0585158453642409
"EEF1E1",-0.179965532655816,0.0585320821225454
"AGTPBP1",-0.174570780053479,0.05854558487956
"MAPK12",-0.141431984759415,0.0585563780352587
"SIPA1L1",0.129374953924983,0.0586031244471136
"ENSG00000235333",-2.52902113246288,0.0586234829951326
"OSER1",0.128488239548413,0.0586365902382239
"ENSG00000233293",-0.884103498453351,0.0586842877080878
"ZMIZ1-AS1",-0.371590849859881,0.0586874697613802
"ENSG00000285816",5.58064400755781,0.0587802315442307
"CCNH",-0.171272002206241,0.0587808262650937
"LINC00311",-0.698124261956215,0.0587919294504896
"CRYBG1",-0.231663506221834,0.0588295680269743
"ENSG00000286837",0.746555366543435,0.0588472642396062
"SLC22A17",-0.278502773873856,0.0588679221798974
"RAB37",0.543468911455052,0.058900354066126
"GLE1",-0.125992179981027,0.0589797152606157
"NCLN",-0.155782135378998,0.0589945515939082
"CARNMT1",0.148178569506216,0.059001157953239
"CPVL-AS2",-0.411682160940738,0.0590842794011436
"ROBO4",1.47118729139049,0.0591129401985953
"ENSG00000289207",0.743095147594009,0.0591690411068089
"SNX7",0.276750447792555,0.059192542399864
"ENTPD2",-0.272128776118612,0.0592199351684298
"NUS1",0.151046494955486,0.0592200794421117
"LINC03124",0.251912118998762,0.0592202596441931
"LRRC37A5P",-1.26012249575984,0.059247372737337
"LINC01979",-0.963360122704758,0.0592577975366872
"HTD2",-0.261025811136169,0.0592789235352395
"LRRC3-DT",0.915414278804809,0.0593046170393337
"C21orf91",-0.263938482390615,0.0593430243135658
"ZKSCAN3",-0.191837890018294,0.0593810324818096
"HCAR1",0.544482421086062,0.0594439097517994
"CDIPT",0.158113947727152,0.0594589534984448
"STK17A",0.235513863780164,0.059485063709351
"ENSG00000279319",0.379342746354697,0.0595057781737331
"TERLR1",0.444523870849655,0.059523826910423
"ASPDH",-0.301650571257857,0.0595414835890281
"MYRFL",-0.457129714918658,0.0595531327302455
"MGARP",1.07087473122809,0.0595637957627895
"KATNA1",0.17268371946168,0.0595885937550728
"ATP5F1E",-0.203871284268478,0.0596809525470698
"RBMXL1",0.168045189708356,0.0596911064117289
"NOP9",-0.145101868647838,0.0597369188808629
"ZNF2",0.224116644914835,0.0597512272794542
"ENSG00000262580",-0.260096400924206,0.0597742082836906
"SLC51B",-0.318996667388844,0.0598394143437661
"ENSG00000307825",-0.995920095157039,0.0599772405910263
"MYRIP",0.286300337220567,0.0599918345364465
"DARS1-AS1",0.401967197854496,0.0600161085162339
"ENSG00000244198",-0.657181399347721,0.0601769656615857
"ZNF441",-0.233655961292411,0.0602517878549437
"ENSG00000289272",0.749638449122009,0.0602702887969132
"RAC1",0.162518443266553,0.0602856064376383
"INTS6",-0.140494037486187,0.0602867833987182
"ENSG00000288818",0.42495657475241,0.0604005440950739
"PCDHGB6",-0.799924039160607,0.0605125376602077
"ENSG00000279069",-1.30953390417883,0.0605143659086159
"MYH10",-0.116946280240552,0.060592777870005
"KRTAP5-10",1.46986378116681,0.0606319828508421
"MBD1",-0.133209674018943,0.0606444378252183
"BATF2",-0.256589266572219,0.0606710432843322
"GCC2-AS1",-0.277515404639609,0.0607171821261739
"ENSG00000286050",0.472701133278051,0.0607317800025848
"CLDN19",-0.461504135787961,0.0608501653510564
"ZNF486",0.339440853126124,0.0609238503297994
"RPL10",-0.175860147775375,0.0609310060470617
"RRAGD",-0.475972958410536,0.0609613852754732
"SIAE",-0.151077904658077,0.0610273420732296
"BRIP1",-0.229173458585231,0.0610592201004774
"ENSG00000288854",1.32228402720582,0.0611119469912998
"ENSG00000260495",0.488640933376916,0.0611214784726988
"CDADC1",0.210214527881758,0.0611611994585787
"COA5",0.121270530181363,0.0611687767643545
"MESD",-0.186167643882779,0.0611706382963316
"ZNF330",0.166353548886647,0.0612985865661113
"TBC1D1",0.153602215446646,0.0613457057392146
"NDUFA9P1",-0.806494220656518,0.061445170474851
"MBOAT7",0.139343224241147,0.0614567993982648
"ENSG00000279198",0.998098316677722,0.0615784994458816
"SLC11A1",-0.48991502281529,0.061616942822291
"CAPN12",0.264114098297858,0.0616354171191799
"DDX25",0.865506696278,0.061684147454755
"CIPC",0.224735519571767,0.061701115357139
"ENSG00000250519",0.659299923970107,0.0617671711597891
"RPS12",-0.213991304815293,0.0618074493638995
"ETV3",0.160202828008967,0.0618210831116044
"SACS",-0.169759313731377,0.0618386018746677
"KLF7",-0.201105537542303,0.0618503770922901
"CDK6",0.164656870414448,0.061888489202838
"TRIM39",0.12907601985892,0.0619065422421198
"RPS9",-0.174347693664854,0.0619309213696842
"ENSG00000289437",-0.808454152077288,0.0619663042772041
"COA8",0.212971528078378,0.0619983563403798
"LOC653513",-0.585151606641538,0.0620339919675542
"VPS26A",0.129631488066195,0.0620395046376258
"EIF1",-0.172647022721716,0.0620477992122257
"ENSG00000279406",0.418206114325371,0.062052760299492
"CALR",-0.183913395188853,0.0620536708704232
"ENSG00000289339",0.832377403553567,0.062076052450162
"FPGT",-0.208011165365918,0.0621858823335037
"LOC124904013",-0.79474896891519,0.0621893150353798
"TFB1M",-0.136804311524561,0.0621970743042397
"ATAD2",-0.114265381487488,0.06220136869227
"IARS2",0.126108753872743,0.0622673808679354
"ENSG00000290997",0.968899558633017,0.0622970610966383
"RPL32",-0.200691586899916,0.0623048281283059
"THUMPD3",-0.152985428488312,0.0623134933452095
"ENSG00000247121",-0.462654140302053,0.0623303260172262
"LINC01124",-0.347551144786572,0.0623530759977511
"CREB1",0.157485841449364,0.0623557097815498
"AXIN1",-0.145276386018728,0.0623634073327644
"C1orf50",-0.194359456603293,0.0624669219137129
"PLSCR4",0.440385744476485,0.0624912740413386
"DGCR11",-0.445403085801482,0.0626277831722628
"SLC22A7",-0.647090705870272,0.0626538301247066
"ZNF721",0.139676016919498,0.0627202210067342
"ENSG00000215302",-0.83602889367208,0.0628171651915589
"EFL1",-0.251537445347004,0.0628383711603887
"SMARCC2",0.15087496909506,0.0628537188005558
"PDE4DIPP6",0.419543139351613,0.0628600671944767
"MTPN",0.174198066258635,0.0629015170498769
"KIAA1614-AS1",-0.401319618020075,0.0629161287300989
"ADARB1",-0.136872043752997,0.0629210397570185
"RPL13P8",-0.798715080490151,0.0629404753929853
"ENSG00000289857",0.217523046698249,0.0630246327309594
"LOC105370787",1.48679859774567,0.063046716306827
"KCNAB2",0.215278559729429,0.0630745629163677
"FNBP1",0.137938440346158,0.0630990348970144
"POLR2F",-0.173192985728994,0.0631165115283524
"DHDH",-0.785833369451416,0.0631285852303172
"NUDT2",-0.269569339886799,0.0631966055777483
"GALNT3",-0.540712472669399,0.063221360716848
"GTF2E2",-0.215361140756073,0.0632435277574441
"ENSG00000282381",-0.396821655752848,0.0632784859176403
"USP42",0.164926004165558,0.0633032632707035
"ENSG00000308762",-0.887105543142506,0.0633644948458761
"TNK1",0.22089997865327,0.0633809444171428
"U2AF1",-0.311410067618266,0.0633918821606703
"ENSG00000251595",-0.382496076730988,0.0634358183903969
"PTP4A3",0.265150505624418,0.0635859319979755
"ZNF610",-0.539618661588418,0.0635877899363454
"GIMAP2",-0.400511045000997,0.0636226339985413
"ARPC3",-0.174249806130976,0.0636512261071703
"LRRC49",-0.686988402906263,0.0636667266198301
"ZNF549",-0.210435719515126,0.0636698916166353
"BAIAP2",0.145980460978708,0.0636884720748659
"ITGB4",-0.189682416856816,0.063771288260067
"ENSG00000227479",-0.707671963683956,0.0637738432137666
"CSGALNACT2-DT",-0.657231117793285,0.0638451183227463
"CRNDE",-0.763428297814605,0.063873175510832
"ENSG00000305635",-0.373894634906165,0.0639104660249518
"CYSRT1",0.471055094971969,0.064007442895881
"LMBR1",0.159575304724956,0.0640103642654878
"LOC127814295",-0.313863087230137,0.0640584057996178
"STX18-AS1",-0.207094578116389,0.0640732171885427
"ENSG00000260285",0.57472285794387,0.064186822641498
"TMEM120A",-0.142169133084869,0.0642229222385222
"VPS13B-DT",0.532912036799048,0.0642716652646955
"ENSG00000264853",-0.700524069114345,0.0642826346963122
"USP16",-0.118412759142304,0.0642903915784186
"ENSG00000250135",-1.11704536216332,0.0643120849878838
"ENSG00000261821",0.688173439052338,0.0643130799546098
"DPYS",-0.514458915825246,0.0643199620624815
"YTHDC2",0.13785593700305,0.0643866784455441
"TMEM68",0.162229439160347,0.0644039375915283
"KLHL15",0.273738577061422,0.0644418309782539
"FAM20C",-0.240541021674294,0.0644691022276336
"PGBD2",0.195585777532015,0.0645290480502715
"LOC100506405",0.439771255648173,0.0645560624233342
"ENSG00000306685",-0.768404150752779,0.0645951555157838
"ENSG00000304068",-0.741770066815245,0.0647038845373981
"NIPSNAP3A",-0.204666852163604,0.0647437995413815
"ENSG00000290230",2.05608367034896,0.0647454416098276
"MYL6B",0.181412815205999,0.0647822638458258
"ALDH16A1",-0.196815574711849,0.0648006589429925
"ENO3",-0.269849200632878,0.0648321011654085
"ENSG00000235363",-0.520807644596681,0.0648401629561016
"SPIRE1",0.18065261004734,0.0649105504197229
"LCAT",0.215401284787689,0.0649222821077733
"ENSG00000231697",-0.870652454649156,0.0649348602560881
"HSPA1B",-0.265397201886087,0.0649583658149754
"EFNA3",0.467709875631797,0.0649641691296839
"BCL2",-0.655925957220223,0.0649892577045881
"ZNF84",0.130988324792695,0.0650108451323629
"CRTC3",0.152708245699514,0.0650718155056105
"REEP5",0.162150357438858,0.0650735832039775
"VEZT",-0.13675357789762,0.0650905815936265
"LPA",-0.536952654692254,0.06514092863777
"LOC107987440",-1.02129463279288,0.0652026400678055
"LOC124906276",0.451669243962156,0.0652068849385731
"KDM2B",0.134321977507663,0.0652951290944086
"STXBP5-AS1",1.13049870507279,0.0653277933825701
"LOC124901671",0.518762289150827,0.0653434603495952
"SMURF1",0.14933665045224,0.0654225485732365
"BMS1P4-AGAP5",-1.09999681748548,0.0654366575702843
"CNPY4",-0.230055383769563,0.0654477947309895
"ENSG00000254454",-0.506941971150666,0.0654502952640728
"ENSG00000289937",-0.826313147310865,0.0654567881721162
"LYG1",-0.423693089967255,0.0655029517176603
"ZNF181",0.167851774888329,0.0655078249661427
"RPSAP36",1.62477997856046,0.0655087421529381
"SLC30A6-DT",-0.519676990268639,0.0655499112667775
"ENSG00000300026",-1.11384840588163,0.065593435021446
"MRPL9",-0.147748162566466,0.0656148954698642
"DNM1P46",-0.76172264350961,0.065642259925753
"MAPK1IP1L",-0.132697024372993,0.0657113194464923
"SNX19",-0.661380878490029,0.0657163070213327
"ZNF823",-0.188312824260278,0.0657572298720544
"EIF4A1P10",-0.471920559601793,0.0657692549118478
"ENSG00000279544",0.858371945958853,0.065773534783798
"ULK4P1",0.908421187682812,0.0657846658116519
"ENSG00000278986",-0.567657795668226,0.065813696197374
"ENSG00000263257",-1.01072225406188,0.0658548821720761
"TSEN15",-0.205528221291944,0.0658726101563313
"CYSTM1",-0.242719935812012,0.0658931614196946
"RNF214",0.182014132066473,0.0658988323558659
"RTEL1",0.192781527108995,0.065902325038135
"PCLO",-0.79298305684939,0.0659552932970051
"DPH3",-0.156411945637203,0.0659759350823999
"ENSG00000284052",0.380620520255937,0.0659798058388879
"LRMDA",-0.243748353998443,0.0660013106777188
"EFCAB10-AS1",-0.461569964883718,0.06609252658067
"SUPV3L1",-0.156987923765734,0.0661023242460947
"LCA5",0.289047138597682,0.0661218421346276
"DAPK3",0.156585967838228,0.0661468223739485
"POM121",-0.115134198649024,0.0661937122990789
"RXRA",0.220403788277603,0.0662480707359987
"ENSG00000273183",1.14249986305668,0.0662526423081758
"LMAN2",0.138520841144738,0.066320791765783
"FBXO41",0.163285126449981,0.0664193110676356
"CCDC85C",0.148607361661871,0.066420005181512
"SNU13",-0.173868819861097,0.0664232954157128
"LOC124901333",0.371968584628086,0.0664248387086153
"ATP6V0E1",-0.134622339028436,0.0664484410452124
"ENSG00000259959",0.264653169949382,0.0664597689182576
"ENSG00000288187",0.321268664368107,0.0664822111449238
"TCAIM",0.159798861735085,0.0665191384318199
"BPNT2",0.174315742242994,0.0665877021331641
"KBTBD4",0.241716440924272,0.0666958904843112
"ENSG00000288911",0.65896399701613,0.0667504283355358
"SELENOM",-0.566339604795407,0.0667639766479686
"ENSG00000301802",0.741816520175756,0.0667821129063891
"FBXL17",0.196998544945515,0.0667856580726034
"REV1",0.144961315877883,0.066794953497471
"ENSG00000260911",0.754324426018927,0.0668234907067848
"PSD4",0.17213830564074,0.0668426970607193
"RNF115",0.153787186357532,0.0668495972492603
"NDUFS6",-0.208087438492684,0.0668517430112958
"ABAT",-0.162827538211291,0.0668728033697585
"SLC25A5-AS1",0.584486809825135,0.0668892610878997
"CD226",-0.570772252345287,0.066890256539835
"ENSG00000297002",-1.11117630769857,0.0668947036362042
"BOD1",-0.129082722975331,0.0668983897892951
"QPCT",-1.28793950647904,0.0669135181823489
"ENSG00000273391",-0.333579033301219,0.0669260895387076
"SSU72",-0.139826228132605,0.0669752022771639
"MBLAC1",-0.379092981812006,0.0669827942327997
"LOC105369167",-0.493877047146793,0.0670317884521608
"PPP4R3A",0.117725279074261,0.0670767053930534
"DNAJB5",-0.35347402120442,0.0671608661773554
"FAM53B",-0.146256443889204,0.0671618447185629
"ENSG00000277840",0.959357398063564,0.0673846445463377
"CHRDL2",-0.377750110258598,0.0674072495314311
"ENSG00000289346",-0.919111448100968,0.0674648264594207
"UGP2",-0.136429591524487,0.0674786248577183
"RIPPLY1",-0.900220363033489,0.0675200067652907
"ANKMY2",0.141193180592495,0.0675546518793839
"MYCBPAP",0.909157019004863,0.0675605261958307
"BHLHE40",-0.314222820489539,0.0675640510067786
"ENSG00000234709",-0.604094691889536,0.0675932600789354
"QARS1",-0.125126536435282,0.067633484415847
"SCN2A",-0.624471120537995,0.0676399112103618
"ENSG00000276115",-0.484067273016776,0.0677165934365696
"ENSG00000294015",-0.96726323187262,0.0677585491141865
"RPS15P4",-0.82837738735693,0.0677623366746606
"ATF3",-0.287262356889437,0.0678094985718338
"TK2",-0.237310653819294,0.0678287964644386
"ENSG00000247324",-0.517325238634354,0.0679365049922594
"ENSG00000305105",-0.234144807724755,0.0679653728846151
"TTYH1",0.456667309706335,0.0679813802555462
"VASN",0.278960019917668,0.067988394301417
"ZNF445",-0.162859790976812,0.0679963926941203
"DAD1",-0.157483326614635,0.0680169755534382
"AP3S2",0.159092842440192,0.0680291485747874
"USP5",0.127818279509693,0.0680346234824274
"SDE2",-0.130654265728869,0.0681063398558848
"ENSG00000270361",-0.656131642685535,0.0681270138536655
"EIF3H",-0.197419341149079,0.0681413626618946
"ENSG00000230185",-0.550944856296222,0.0681512704830225
"ENSG00000235655",-0.33385942699696,0.0681566472342636
"TGFBI",-0.230386927114915,0.068192002391646
"ENSG00000267520",-0.218272342123545,0.0682289052585
"ENSG00000258604",-0.555315274437446,0.0683208279254165
"LYSMD4",-0.170674620939293,0.0683676883119761
"ENSG00000280161",-0.688195147678758,0.0683858006567742
"PDK1",0.140469463748549,0.0685355269007955
"ANXA3",0.767052733980286,0.0686463214051472
"ARLNC1",1.65874017232058,0.0686784394897727
"LOC101930100",-0.412066753259416,0.0687511994238126
"GDNF",1.11543306933156,0.0687808340464078
"ENSG00000305128",0.765440209940795,0.0688027558191778
"GRB10",0.263375786277022,0.0688053996942875
"ENSG00000288935",-0.611028552009976,0.06885068909447
"ENSG00000254632",-0.598898471799867,0.0688736947959932
"ENSG00000256073",-0.311250918985109,0.0688914203204036
"ENSG00000254706",0.707653656854085,0.0689957125528915
"ESRRA",-0.133557450521479,0.0690055659653829
"ENSG00000203497",0.250584511647758,0.0690096770064054
"CORO1B",-0.172158337835227,0.0690280432627576
"LOC154761",0.591265959932157,0.069094507219681
"SLC30A1",-0.221155050492691,0.069107386350587
"ZNF431",-0.209582877939676,0.0691173399483087
"ENSG00000270118",0.630992998869382,0.0692058653704242
"LPCAT2",0.255707909014928,0.0692733053028751
"LRRC28",0.20562144934084,0.069314218043753
"FKBP1A",-0.171297165142425,0.0693318886314745
"ENSG00000272159",1.0351593918842,0.0693649948538475
"MGAT4EP",-0.399944567850193,0.0694128147269324
"LRRIQ3",-0.456202746532428,0.0694441657767789
"TRAM2-AS1",0.254829390302618,0.0694755652023451
"MILR1",1.78281292959014,0.0695269936247642
"TMSB10",-0.384342439245026,0.0695514034095191
"DEF8",0.135529027848584,0.0695599827129931
"TAPT1-AS1",-0.282211658136085,0.0695897138395193
"ENSG00000267395",0.506571990368218,0.0696770956009469
"ADHFE1",-0.409654228021593,0.0697411579771845
"ASH1L-AS1",0.257020962433388,0.0697783517252456
"PRRT2",0.429109453436186,0.0697919439593883
"TRMT12",-0.398459758320227,0.0698009395071362
"MSI1",-0.724930528698018,0.0698144759407176
"ZDHHC14",-0.196334301105259,0.0698335433444442
"TBX6",0.287067437329355,0.0699412979768525
"PLXNA2",-0.432350172756393,0.0699427147762762
"CBX8",0.154871611040173,0.0700187152065056
"IREB2",0.116808568810963,0.0700430947883227
"MARCHF9",0.197502283903609,0.070113786267511
"ZNF836",0.290528642198998,0.0701504206462679
"ENSG00000287257",-1.00913934064328,0.0701544190832137
"RPL13P12",-0.417331442487932,0.0701766915938061
"ENSG00000293721",1.03332083416566,0.0702958381758925
"MMP11",0.186630158342779,0.0703004823715181
"SLC10A4",0.928979839817248,0.0703255583922474
"ENSG00000272106",0.195718948938479,0.0703399576881341
"PIK3R2",0.139515400562647,0.0703490282495531
"ENSG00000255234",0.483368276207233,0.0703506609408583
"LY6G5B",-0.204694200317231,0.070357537282833
"AP5S1",-0.167645422984752,0.0704025182244248
"VSIR",-1.20062709009434,0.0704156923656701
"CFAP20",-0.154915519142709,0.070480317525208
"ENSG00000265800",-1.23420489728221,0.070502391084917
"TRIP10",-0.113388518241445,0.0705322219903106
"MRPL34",-0.152458464223843,0.0705418286869932
"ENSG00000291073",0.174248824916002,0.0705676880414211
"NALCN-AS1",-0.673580404707552,0.0705949082036262
"ENSG00000244265",-0.527492202936276,0.0705964025741262
"SSR3",-0.164690099192723,0.070614379126549
"ENSG00000302546",0.846068880335841,0.070616002640023
"ZNF563",-0.252286968790916,0.0706248935088159
"LSM4",-0.157605289047913,0.070626290284856
"AP2A2",0.124323353679311,0.0706574765906764
"NPHP1",0.335607671724903,0.0707377372421399
"RIC1",0.171984437260656,0.0708072720794699
"BGLAP",0.451332076507167,0.0708456966674627
"ZNF148",0.135816467387619,0.0708731589576617
"ZNF565",-0.307817354561944,0.0708976606159609
"ENSG00000257526",-0.776237375386404,0.0709067695568198
"GOSR1",0.113577477625118,0.0709178242262369
"MINPP1",0.178798268041641,0.0709362391062731
"ENSG00000289444",0.256257448020858,0.0709503624100388
"IZUMO1",0.633640147475404,0.0709513809255275
"OIP5-AS1",0.136061875858486,0.0709579129501776
"EYA3",0.134703548935736,0.0709699914376938
"TIMP2",0.273023854535691,0.0709713655969953
"ENSG00000286239",-1.24904860579393,0.0710006162987222
"TRIM56",-0.176726182943855,0.0710361355302466
"ENSG00000274002",0.693351986356507,0.0710786530001272
"ANXA5",0.159145313506995,0.0710859707539377
"GBE1",-0.234637883092223,0.0710963141739994
"TRMT2B",0.139464889197769,0.0711194282312411
"GOLGA2P7",0.157313575894114,0.0711404765118817
"ENSG00000302714",0.993336047938852,0.0711646790508112
"RPL3",-0.223384275524212,0.0711933955875658
"ITGA6-AS1",0.729310306431818,0.0712053487335457
"AHCTF1",-0.113005677622052,0.0712135395245506
"ABCA2",0.218462886090711,0.0713576800797273
"NRL",-0.28532459493543,0.0713738064389245
"PABPC1L",-0.150361155164385,0.0714411886529207
"STAM-DT",-0.334037715153998,0.071486653969404
"RPS7",-0.16405204003712,0.0714883130355909
"FAM219B",0.138861199205151,0.0715213859270624
"ENSG00000260317",-0.782124237141699,0.0715700154503689
"TOP1",0.173063909838806,0.0715870182107684
"ENSG00000289276",0.754082033453069,0.0715987888240329
"FABP1",0.237619762804019,0.0716107462497402
"ENSG00000279434",-1.09447586850384,0.0717344372000317
"HPCAL1",-0.16737081469956,0.0718822506009619
"GOLGA8R",-0.633217761908602,0.0718842376048937
"TTC24",-0.669861212267023,0.0718884544812741
"ALDOB",0.413490890021841,0.0719689394133535
"ENSG00000259460",-0.305556200064072,0.0719764870622303
"CYP7B1",-0.837290225660764,0.0721688651647936
"ATP5ME",-0.26302884058967,0.0722172725672666
"SNHG20",0.166999725108593,0.0722216112060122
"NPIPB2",0.233001495526124,0.0722536280199492
"TMEM216",0.137395212051169,0.0722557495907174
"DNAJC11",0.12368254869379,0.0722736718517982
"XNDC1N-ZNF705EP-ALG1L9P",-0.871255349435062,0.0723498384377578
"ATXN7L3-AS1",0.43234527853319,0.0723707551868748
"NCKAP1",0.111113180606264,0.0724606617744833
"DCAF13",-0.133327699550718,0.0725371183534999
"LINC00662",-0.20951134270903,0.0726865142539051
"ACAD10",-0.141113097959241,0.0727105379404655
"CAMSAP1",0.130736198708159,0.0727838462823821
"ENSG00000304706",0.767150874545785,0.0729095694933971
"SENP8",0.404256586462848,0.0729243992992315
"ENSG00000307834",0.899805967191666,0.07302012296845
"LOC107984035",-0.345018473162448,0.073047759212331
"TP53AIP1",1.08937144405113,0.0731948565402585
"USP31",-0.124410683503389,0.0731951828273516
"IFFO2",0.158955836363821,0.073232983018055
"HSPB6",0.673445965211772,0.0732679895000752
"ZCCHC7",-0.196494495652142,0.0732773590897035
"CTSB",0.19720193813601,0.0732952499393526
"TTC13",-0.188037213264305,0.0732970161030841
"ENSG00000259080",-0.894029150233948,0.0733076911046997
"FLJ42393",-0.485100079376651,0.0733362810865095
"ENSG00000295227",0.642028326054208,0.0733913793919422
"SYNGAP1",0.218684882324841,0.0734705171357043
"LINC02015",0.523541619727985,0.0734817537738007
"MDP1",-0.232768561571615,0.0734966959488377
"ZDHHC24",-0.198825905572846,0.0735174847284675
"AGAP4",0.180349782058392,0.0735189370851546
"CNOT4",0.183751756286261,0.0735472032326014
"ZFAND5",-0.108090430643864,0.0735560961540134
"WDR13",-0.16561870656642,0.0736203310935497
"SHISA5",-0.152702014685627,0.073624486947011
"TES",-0.222098468065869,0.0736314510349022
"APMAP",0.149570439059285,0.0736676479236755
"COP1",0.134311611079399,0.0736862685533906
"TUT7",0.156086153778426,0.073695892970996
"C9orf163",0.558686164987177,0.0737298120764506
"TRIM36",-0.291254732773369,0.0737346743802949
"STAP2",-0.152602420865031,0.0737568019740994
"CRYM",-0.377084904632688,0.0737965368083623
"LOC105372295",0.259484179837197,0.0738027769667293
"MAP1LC3B",0.216238976419347,0.0739039908009711
"MED7",-0.200584115340276,0.0739159311248582
"CES3",-0.260100109850025,0.0739588976106899
"ENSG00000277210",-0.802613868125264,0.0739708428184157
"SNX29",0.17342751172222,0.0740009883708658
"ENSG00000286912",0.610746726631814,0.0740043905276241
"MALRD1",-0.21973621759447,0.0740727738167082
"GTF3C5",0.11330684741946,0.0740895483500821
"ENSG00000250764",0.667523110301399,0.0741538824245917
"PSMG3",-0.18526978265608,0.0742050765096941
"RTRAF",-0.183955927337032,0.0742337059884813
"USP3",0.1590032823518,0.0742896567590562
"LINC01843",-0.508765338194277,0.0743330219896067
"GLUD2",0.584329234527908,0.0743767071079017
"ENSG00000273058",-0.535370453446275,0.0743910627068323
"PHF11",-0.166580074975998,0.0744109208521672
"VPS37A",-0.12694769918206,0.0744357891730225
"TBXAS1",0.306552938251324,0.0744940262424005
"GDI2",0.143532023251927,0.074507095159356
"SELENOT",0.154745258342792,0.0745368549210815
"ENSG00000289027",-1.58614247949427,0.0745558360153728
"ALKBH7",0.154880334398597,0.0745581637377503
"C12orf60",-0.443683460547853,0.0745903155401245
"ERLN",-0.427838932278529,0.0746711037376625
"ZNF391",0.273209083433198,0.0746835092008193
"LCLAT1",0.221387360246848,0.0747068077424031
"ADAM15",-0.15923620830916,0.0747320742849405
"ENSG00000260063",-0.761845583820683,0.0747412518339639
"ENSG00000291270",0.492844382345323,0.0747454460787794
"NDUFS4",0.132650103264491,0.0748185499318683
"PRRG2",0.521552561403669,0.0749216678490894
"HP",-0.392112134031963,0.0749601316574346
"COQ9",-0.129249200260374,0.0750033125277866
"ENSG00000280376",0.954377394929989,0.0750090700172764
"TMEM198B",0.219356645011692,0.0750300742330599
"ZNF93",-0.410491430084814,0.0750460929185971
"OGFOD1",-0.131609485697032,0.0750666866471784
"PRKCG",-1.12997249522273,0.075106312709233
"ENSG00000293920",0.449149804602024,0.0751157697414015
"DUSP4",1.31357605433038,0.0751486811106081
"PRPF8",0.125631954588568,0.0752082092140027
"ARAP2",0.501135033902867,0.0752229708213765
"SNRPG",-0.211317697712633,0.0753404983810985
"ENSG00000279114",-1.10875900295235,0.0753418723498405
"CEP83-DT",-0.56283276992834,0.0753811636973687
"MRPL45P2",-0.234795356234319,0.0754249021002907
"CPT2",-0.230727528103292,0.0754259863131266
"METTL13",-0.148862570365882,0.0754402120745309
"ENSG00000258645",-0.854073065832573,0.0754575957109731
"TVP23B",0.184408799493112,0.0754655758091278
"ENSG00000262652",0.989400217138065,0.0754937361994355
"TEX22",0.5256918295339,0.0755247158537305
"FBXW4",-0.178675667531108,0.0755440737936755
"ZFYVE19",-0.136195424676941,0.075662647963392
"LOC105369250",-0.306469571350783,0.0756685970270057
"C8orf76",0.182491504187051,0.0757326456987437
"KCTD1",0.258493838188358,0.0757596832561939
"KLHL8",-0.170376993302322,0.0757734706437767
"CDHR5",-0.522353430598375,0.0757874510987374
"PRKAR2A-AS1",-0.609047890388587,0.0758505010265502
"MYDGF",0.194877511582456,0.0758642758782697
"KYAT1",-0.350772702931919,0.0759924242007042
"CEP120",-0.174965311330183,0.0760379068717053
"SLC9A3",-0.309884516798035,0.0760628323612511
"IGBP1",0.202070300917168,0.0761034131886765
"ENSG00000289074",-0.421528361179074,0.0761149587797117
"TMEM14C",-0.180734984575425,0.0761175047401074
"ZNF143-AS1",0.345747379482367,0.0761242924562102
"TBC1D9",0.157564731711976,0.0761515802021577
"PPP2R3B",0.177171677769188,0.0761615756261354
"ENSG00000230432",-1.06355342104361,0.0761657724438622
"UQCC4",-0.226446087535886,0.0762271175566052
"ZSWIM3",-0.243435526667474,0.076275834736672
"IARS1",-0.115159419593247,0.0763023550875746
"ENSG00000260000",-0.428144938100323,0.0763485347457463
"SLC22A25",0.413923224570193,0.0764376089117974
"ENSG00000198211",1.32648118064284,0.0764611506687582
"ENSG00000259416",-0.516294238497653,0.0765843647882476
"C14orf132",0.567464731537832,0.076604143253597
"DAPK2",0.757716810486013,0.0766046228698592
"ENSG00000240463",0.602733917561966,0.0766275968261714
"RPS14",-0.15790776819667,0.0766412806348395
"SARS2",-0.162268146975537,0.0766621884321012
"ARL8A",0.359650136099054,0.0767066869048835
"NUP35",0.125312682169961,0.0767609026557501
"RAB3A",-0.279982971684486,0.0767639195367761
"SRF",0.148085877987544,0.0767707350026422
"ZNF552",-0.186332189818761,0.0767835123793497
"FAM88B",-0.988381365293313,0.0768042283020488
"ENSG00000279356",-0.976782970812102,0.0768326679929436
"WDR55",-0.111574459717525,0.0768844721198609
"LOC105377134",-0.304458299350188,0.0769224540690541
"ENSG00000225192",-0.866176693006284,0.0770007210736911
"ATP6V1B2",0.134519286419288,0.0770299852978827
"C17orf114",-0.836999419855833,0.0770369820701391
"LOC124909363",-0.245666568197169,0.0770456477474997
"ENSG00000294582",-0.809612504894124,0.0771549846820272
"NPIPB3",-0.193175124830767,0.077276834509993
"ZNF207",0.129428305873563,0.0772908217210819
"SLC39A5",-0.221061083102966,0.0773713298929654
"RIN3",-0.134647449509721,0.0774102693847166
"ENSG00000307069",-0.7707960586661,0.0774414399512945
"SNAI1",-0.319656395462265,0.0774576074690001
"ICOSLG",-0.320284994266589,0.0774582070201379
"KRBOX4",0.158904277765987,0.0774727918398029
"ENSG00000293164",1.16929264474478,0.0774858505205278
"MX2",-0.157309913521119,0.0774939205139062
"SEH1L",-0.150514747555895,0.0775156483637925
"LINC02569",0.764812938635694,0.0775694535855666
"NAA35",0.131599987156238,0.0775749012846833
"ENSG00000290573",0.63215510383929,0.0775952466823302
"ZNF221",-0.399166047192276,0.0776524103146963
"ANKS3",0.181175532922934,0.077717863569089
"ENSG00000279885",-0.565301664123108,0.0777211510724734
"MGAT4B",0.131922988046303,0.0777436343150055
"ENSG00000227959",-0.385549993459463,0.077759826426976
"CNIH2",-0.58148594454856,0.0778289002004524
"MARCKS",0.16434835339424,0.0778398153206506
"ENSG00000289357",0.5744467507896,0.0778793122965246
"STAMBP",-0.109524038085822,0.0778849723477127
"ZNF114",-0.386909963030181,0.0779797659756837
"WSB2",0.267184403795057,0.077982016232735
"IGF2",-0.259857373278294,0.0780009374888471
"USP34-DT",-0.324789966039767,0.0780013295725758
"ENSG00000305533",-0.607868777204933,0.0780766301062627
"OXR1",0.207616414028543,0.0780947012801983
"FAM47E",1.06213261634453,0.0780983672022549
"DGCR6L",-0.16449855579458,0.0781918569331936
"TBC1D13",0.145423675631309,0.0782085552621299
"DCP1A",0.116932612200839,0.0782592729056323
"LYPD3",0.460897151853428,0.0783271216782697
"IL27RA",0.205459937326905,0.078351171557445
"ZNF432",0.226339822022082,0.0783761905342415
"FOSL2",-0.317903483953537,0.0783768619497553
"DPM1",-0.112391676850339,0.0783862978167298
"RNASET2",0.163433109758505,0.0784040285063494
"NOTCH2NLA",-0.261099744286496,0.0784352191018242
"ATP2B2",-0.284260155061578,0.078435520811815
"TNFRSF25",0.289908093264251,0.0784562640642613
"LINC00659",0.734554037250131,0.0784649739627648
"ENSG00000274943",0.763851022359145,0.0785409415176238
"GSTCD",-0.14390289858313,0.0786228131946606
"RBM34",-0.233157328978492,0.0786916102389713
"LOC101928565",-0.490496762957273,0.0789917694244243
"ENSG00000260949",-0.632443487795615,0.079043829700349
"GPS1",-0.12272487889313,0.0790527443641007
"KIAA1549",-0.178744979374743,0.0790581980451475
"ENSG00000285184",-0.300113808005834,0.0790584292296751
"WFDC2",-1.80980757978382,0.0791724167236993
"ZRANB2",-0.132469877684865,0.0791900788825952
"PTOV1-AS1",-0.324746006773363,0.0792376874573506
"USP3-AS1",-0.418820435469354,0.0792454189112333
"ERICH6-AS1",-0.623425620973833,0.079394002444455
"LRP2BP",-0.612965751839977,0.0794277384863741
"GTF2H2",-0.168067085660827,0.0794373272179183
"COIL",0.125243540007053,0.0794845939349369
"COX7C",-0.155750729526641,0.079582712568744
"TOPBP1",-0.104544009248099,0.0796837353090018
"LOC102723566",0.560093694198762,0.0796857216655721
"ACACA",0.126472500303227,0.0797109380328369
"CTRB2",-0.735047699487232,0.0797137050054844
"LRRC47",-0.122397099778397,0.0797429376433529
"RLIG1",-0.180497651105403,0.0797447993438986
"TPM2",0.229285626107274,0.0798064063223194
"RPL27",-0.183351674091193,0.0798226045129234
"KIAA0232",0.13770966644467,0.079871337234696
"HADHB",-0.13237547893391,0.0798796270282628
"MMADHC",0.139702978252379,0.0798841476782874
"DNMT3L",-0.784109555122392,0.0799182361862709
"ENSG00000280042",1.29400649280853,0.079936419407408
"CRTAP",0.136735717525041,0.0799695875224568
"RPL12P25",0.811219493838498,0.0799959937635923
"MAPK6-DT",0.989263090429342,0.0800532392768218
"BRD1",0.116838940015048,0.0800839322317849
"MALSU1",-0.153098914272798,0.0801413842829443
"ENSG00000244306",-7.56980326922972,0.0801846997793099
"VIRMA-DT",0.434474614939236,0.0801981781654836
"PRDM12",-0.722888478273038,0.0803303070258631
"MAFF",0.30949112331777,0.0803733987843954
"SCAND3",0.233185692032901,0.0804202163461562
"ZFP36L2",0.170011434764427,0.080544542501125
"METAP2",-0.1474083736616,0.080557204827784
"HCAR2",-0.512015725025069,0.0805655770485395
"NLRP1",-0.305930294623339,0.0805963921454392
"HCLS1",0.78704279190913,0.0806475007669665
"MIR9-1HG",1.20341340193636,0.0806761016738059
"PLEKHG3",0.215389353351039,0.0807613006630235
"RAF1",0.118501390687957,0.0807633856728228
"ENSG00000197099",0.821939665215766,0.0807783364437151
"RPL35A",-0.189928493128729,0.080852318895198
"FMC1",-0.229752810754472,0.0808699820403709
"ENSG00000290021",0.711169142969243,0.08092467320921
"MKNK1",-0.1453246921268,0.0809715254588102
"LGI4",0.34638659610601,0.0810159171217382
"FAM131A",-0.1677229384559,0.0810546852845558
"ENSG00000289560",-0.508487151431798,0.0811082926295742
"MTUS1",0.110093932772818,0.0812152817475089
"ENSG00000307343",1.50485043533233,0.0812823712427461
"SCNM1",-0.148031836222888,0.0812918706191907
"EIF4ENIF1",0.136019453773553,0.0813785712711745
"LOC100505985",-0.388964109408604,0.0817114448465981
"LOC107986852",-0.449287959912048,0.0819427193093637
"S100A1",0.245080055884373,0.0819890929687149
"RHOA",-0.143398048466826,0.0820177539191847
"MRAS",0.406768829562141,0.0820309347011241
"U2AF2",0.112407389122683,0.0821244782675259
"NCOA7",0.166616680622727,0.0821559261647844
"RAB11FIP2",0.167472429411123,0.0821951985330849
"CHTOP",0.101414883339282,0.08222908209592
"MTHFD1L",-0.189518779386019,0.082287827299675
"IL6ST-DT",0.799766500185481,0.0823231560794278
"LIPA",0.241841451823907,0.0823251316883325
"MINDY3",0.148465514579804,0.0823620471984874
"CNBP",-0.122819267761228,0.0824253229399711
"ENSG00000299028",-0.614467501948706,0.0824871851635269
"LOC105370941",0.542783923776751,0.0824886057600369
"ENSG00000272777",-0.696265989345555,0.0825336238931104
"ZFP2",-0.392958186327294,0.0825340248222508
"GOPC",-0.108121663229375,0.0825770305880893
"SPAG1",0.263182605529035,0.0826831787508231
"ENSG00000264546",0.482431334838097,0.0827115162766803
"NMNAT3",-0.213764211674371,0.0827174299902471
"HCG9",-0.790754944999085,0.0827191252686393
"LINC02846",0.753925616619593,0.0828591148727783
"SLC25A27",0.215144236475536,0.0828895537524832
"ENSG00000259205",-0.526670097727816,0.0828958332955764
"ENSG00000254990",0.309628220791961,0.083049898008279
"TMEFF1",0.532459334890579,0.0830794493677834
"ENSG00000271576",0.224386358180661,0.0830863654706223
"IQCH-AS1",-0.177431459775875,0.0831164581648043
"ENSG00000236194",0.5939601665778,0.0833346705929576
"ENSG00000287539",0.706733864640369,0.083444821299176
"ENSG00000288097",0.952413314678397,0.0835014708701012
"ENSG00000288695",-1.08459513661811,0.0835380053890862
"GXYLT1",0.200703593108853,0.0835571398808261
"WASHC3",-0.231598511689821,0.0835833548456383
"DHRS7",0.212818285983265,0.0835855455358606
"SPECC1",-0.616288494086573,0.0836091196746983
"ANAPC1",0.111183161034113,0.0839033195414362
"PANX1",-0.163856884029442,0.0839244429194841
"MTHFD2",-0.16739187971051,0.0839641260893529
"RPL10AP6",-0.731084713412468,0.0839815275920531
"KDELR1",0.166824290773962,0.0840186705484184
"SP110",-0.136655403247889,0.0840722507265481
"H2AC8",-0.50209192008039,0.084165316288902
"ENSG00000289304",-0.722309729141386,0.0841924879056458
"WAPL",0.112272665800069,0.0842175613836455
"MMP14",0.324746966106214,0.0842378784720833
"LINC01128",0.150923558118231,0.084296672712566
"CRLS1",-0.102660984919109,0.0843856174345144
"CLCC1",-0.133171300516522,0.0844307973445746
"DHFR2",0.241145967126867,0.0845200613574397
"ENSG00000289311",-0.493712598585994,0.0845374437130417
"ENSG00000285744",-0.348209178578917,0.0845471050142109
"ENSG00000235790",-0.828103923687119,0.0845503917444533
"ZNNT1",0.323759511171662,0.0845910279622949
"EXOSC8",-0.117545496542277,0.0845923627337802
"TNPO1",0.143323641340401,0.08459870467785
"DENND5B-AS1",1.36248971496827,0.08466728250244
"PKD1P5",0.173656026626021,0.0846936208229487
"ENSG00000273084",0.205680897449574,0.0847093018165043
"MIF4GD-DT",-0.284050454201782,0.0847572079724423
"MYNN",0.155089917149581,0.0847573853396365
"OGFR-AS1",0.298302646711085,0.0847725986998694
"DPP10-AS1",-0.722695519261961,0.0847819842127678
"SLF1",-0.206280293551454,0.0847906318723447
"ENSG00000286017",-0.527176446459544,0.0848202913997505
"MXD1",0.150724054867544,0.0848403127149777
"ENSG00000234772",-0.687740881011552,0.0848536507989145
"ENSG00000259727",0.66358134433808,0.0848930468544931
"MPHOSPH9",0.164271459558406,0.0849444797193959
"KAT14",-0.191302498966973,0.0849597754906537
"MIR4458HG",-0.227009163216028,0.084970648753001
"ENSG00000297649",-0.407636640798818,0.0850783281678087
"NDUFB7",-0.17314674549704,0.0851143597065641
"RPL23A",-0.198741001016857,0.0851256518614486
"CFAP410",0.179579879549987,0.0852261568175087
"ENSG00000246982",0.256063573378549,0.0852963256005254
"ELL",-0.176194307238975,0.0853500697314172
"ENSG00000231187",-0.341886676974282,0.0853715192385932
"TCF7L1",0.302833896377131,0.0853726517979145
"ACSL4",0.141255788957971,0.0854137548277119
"ATP5MG",-0.18341972184013,0.0854272390910064
"RPL13",-0.219269650888997,0.0854945665448127
"ENSG00000273893",0.699126876775675,0.0855203972910323
"FOXD4L1",-0.461167455224596,0.0855540281572085
"CFB",-0.165192981198509,0.0856082051011869
"ENSG00000272269",-0.413327146447439,0.085618725970367
"ENSG00000277151",-0.899371326690507,0.0858442355326094
"ENSG00000276334",0.418658287288986,0.0859548965934753
"MTREX",-0.124030936103456,0.0859888607014734
"RPS6",-0.17637962142061,0.0860544888333226
"SIRT4",-0.343399598871687,0.0860686268902445
"ENSG00000215014",0.444094892874102,0.086116894610491
"LOC124907018",-0.922580149955857,0.0861456320206404
"TMEM168",0.239977906087133,0.086151849533177
"ENSG00000284543",1.34820239163427,0.0862261522541844
"NAMPT-AS1",-0.61343361001688,0.0863583620276877
"DNM1",-0.560493006593583,0.0863625164026598
"ENSG00000248161",-0.637527981237954,0.0864748210090516
"ENSG00000224961",-0.671482284292366,0.0864878956916386
"HAP1",0.835410217049088,0.0865702635975428
"ENSG00000259917",-0.39016150474446,0.0865872496758108
"GFOD2",0.147095498284935,0.086614175437813
"IFIT1",0.322905349384904,0.0866156681489656
"PTPRCAP",0.80868777635035,0.0866625653188167
"GLUD1",0.148698354278406,0.0866687807960745
"CDA",-0.555623518561051,0.086685317995488
"TYW3",0.144963144813806,0.0867328598927587
"ENSG00000251867",0.324705621750424,0.0867447761098274
"HEATR6",-0.133649113800757,0.0867634548720719
"ENSG00000233522",1.14750897627946,0.0867704317800353
"SCCPDH",-0.119853193749366,0.0867800904033526
"CPPED1",-0.126454635148555,0.0868213955721615
"WHAMM",0.129956950102883,0.0868967561107875
"OXCT1",-0.390954126122596,0.0869265521881217
"ENSG00000307532",0.455550019608394,0.0869879079541364
"UGT2B11",-0.208393873928812,0.086994273756619
"ENSG00000225335",-0.431314024279045,0.0869975174639361
"NID1",0.238726879281245,0.0870136899995595
"RPL29",-0.186477261852732,0.0870868193759791
"PAPPA",0.962355905458676,0.0870879055487109
"ASNSD1",-0.120064979808903,0.0870934988935299
"ENSG00000291094",1.18564191064047,0.0871133315805921
"GBA2",0.124178466738995,0.0871800098170359
"BCORL1",0.180208152926634,0.0872579932265325
"NSF",0.170061226399906,0.0872588278105006
"PMS2P7",-0.322309722844528,0.0873027155793925
"ENSG00000188223",1.25969648218073,0.0873072502069966
"SDCBP",0.168636121369827,0.0873237151159395
"CUL2",0.134707559825695,0.0874055882095299
"GPHN",-0.14348025160017,0.087447619696383
"ENSG00000287594",-0.632220200881348,0.0874712272128587
"FUT1",-0.729338074791155,0.0874944818997237
"TMPRSS6",-0.488511777475688,0.0875747463850003
"DDX11-AS1",-0.305056689559488,0.0876188168045634
"CSRP1",0.146254542224831,0.0876523477087492
"ENSG00000268903",-0.951240833334373,0.0877087516183566
"ENSG00000204253",-0.491049164653954,0.0878313684793156
"RAB12",-0.116274320055076,0.0878711609369066
"CNTD1",-1.12139381793122,0.0878733467115994
"DNAAF4-CCPG1",-1.68428229395268,0.087939714572759
"RILPL2",0.140537717114005,0.0880054843253832
"DPAGT1",-0.131187481185102,0.0881152402286139
"EFCAB8",-0.714285591131288,0.0883166231545222
"ENSG00000261220",-0.406083758537163,0.0883198027902223
"ALAD",0.132016565288444,0.0884219419095272
"MOSPD2",-0.169079303803266,0.0884652836196856
"ZNF81",0.208172435224538,0.0884896541662737
"ENSG00000297626",-0.690496866163477,0.0886148352237838
"SCFD1",0.1050704158849,0.0886710094188722
"ENSG00000171570",1.35265157741933,0.0886919675725573
"ZFPL1",-0.11455917078826,0.0888300723835983
"STK40",0.165323877657596,0.0888747374056108
"HEXIM2-AS2",-0.34465938287016,0.0888770238576627
"KRTCAP2",-0.148840323717308,0.0889713476872915
"ENSG00000288924",0.208798253207391,0.0889839693682508
"SERPINA7",-0.150905294384061,0.0890035242503027
"MRFAP1L2",-0.143907665547824,0.089054195916733
"THBS3",-0.35387644205388,0.0890998250938493
"ZNF713",-0.273553689899583,0.089145130179735
"ENSG00000260391",0.807952852398136,0.0891550184061533
"ENSG00000184441",0.236235481698248,0.0892293399769159
"EFCAB7",-0.201132393519335,0.0893557711894131
"ENSG00000219529",0.544301404863794,0.0893879623152826
"ENSG00000279476",-0.56314986947111,0.0894416276198805
"CNOT1",0.136079924289886,0.0894969993418516
"ENSG00000286681",-0.383362601349115,0.0896107837600699
"ANKAR",-0.310574208853875,0.0896865148824013
"CNN1",-0.947349349030178,0.0897808798920745
"CASZ1",0.222159887890603,0.0898058226513628
"SSTR3",-1.19063780704511,0.0898160175873982
"PPM1L",0.461618888407344,0.0898713914578054
"ENSG00000300051",-0.794451302672292,0.0899067942436549
"TEN1",0.219614273494022,0.089934633389876
"TMEM267",-0.154246468371159,0.0900178443153804
"ENSG00000233871",-0.407648667866651,0.0900212207174712
"AP4S1",-0.157939488529817,0.0900392775314741
"KCMF1",-0.164753524635267,0.0900646002816966
"ZNF382",0.176629466095923,0.0900709549410594
"TUBGCP2",0.121295515122605,0.0902005575454622
"KLHL21",0.113294211298592,0.090213029470838
"AAMP",0.120445599672326,0.0903496897033682
"LOC105370500",-0.554831242870814,0.0903750635021442
"TMX3",0.162715542696885,0.0903950715116518
"SIN3A",0.1802505111057,0.0904377232769667
"BACH1",0.156290299391092,0.0904930563148433
"ENSG00000267519",0.49134716988119,0.0905765278278381
"RAPH1",0.163691211522099,0.0905832834874231
"BCAS4",0.389617524082284,0.0906194027719574
"RRS1-DT",0.731595499064122,0.0906531656236928
"LINC00649",0.7451300117253,0.0908115017986888
"BRI3BP",-0.167650442169794,0.0908527319880736
"CWC15",-0.145483774048683,0.0908821389861133
"SLC15A3",-0.67846558292453,0.0910068279923717
"FANCI",-0.182032141796273,0.0910377296522616
"ENSG00000297887",0.850420851064744,0.0910529305430108
"IL11",-0.3884351345996,0.091057787318809
"ENSG00000254485",-0.549477480328254,0.0910888070116333
"ENSG00000229337",-0.288751510300019,0.091094298959745
"ENSG00000273240",0.671613564896812,0.0911318779995156
"NBPF19",-0.282976939491426,0.0913608928252127
"KIRREL2",0.737319077365007,0.0914224016066594
"LOC100289333",-0.293918254579511,0.0914506997506557
"UBC",0.154648556314132,0.0914785189945357
"SEPTIN8",0.117986865065673,0.0914936594464093
"LINC00654",-0.498056801375683,0.0915493470654829
"ENSG00000305830",0.582969885630352,0.0915798122659497
"RPL21P16",-0.297372344880123,0.0915912292645679
"CIB1",-0.123771250264492,0.0917576063991725
"DENND6B",0.22970434963029,0.0917820469060342
"GARIN1A",-0.568573941925114,0.091886392738665
"PATL1",0.126800785439384,0.0918892504255594
"CEP72",-0.180444483938954,0.0918937186038286
"SMARCD1",0.127462210495348,0.091977431953045
"NAA16",0.156454114591735,0.0920087856371978
"HELQ",-0.211787177870106,0.0920274945602475
"PTK7",0.179961416801124,0.0920794822063374
"RNF141",-0.22331738990845,0.092095849481792
"PDE9A",0.318324511993082,0.0921150814767402
"S1PR2",0.369809955229588,0.0921529743643204
"ODAD3",-0.683808864931094,0.0921910289159878
"LOC101928881",-0.462561531996013,0.0922202974272951
"ENSG00000176912",0.2107863505888,0.092245341246978
"ENSG00000289043",-0.343830641921635,0.0922506348820753
"ENSG00000287859",0.893754572847591,0.0923209991779134
"WTAP",0.0980139950716975,0.0923227439095431
"CTC1",0.121966901017795,0.0923978996940472
"RBP2",-0.440317861783208,0.0924712736116034
"TAF5L",-0.131550494320558,0.0925495466473817
"ENSG00000249669",0.322667095627236,0.092589557034421
"NAALADL1",-0.328871535801791,0.0925971876874212
"LINC01549",0.953354068331748,0.0926024708353102
"SCGN",-0.451200765143602,0.0926314106740401
"ENSG00000272512",-0.372378478539269,0.0926383770821526
"ENSG00000285999",0.613027104411685,0.0926805777605517
"ENSG00000275481",0.61966813432478,0.0927199121858009
"ABCA7",-0.208858361632395,0.0927257511954104
"H3C10",-0.315819574214829,0.0927512517447092
"SLC22A11",-0.69985512307996,0.0927541667781851
"TRAPPC12",-0.206508333176273,0.092756151752597
"TSTD2",-0.111022035535343,0.09283224185086
"EIF3J-DT",0.145806748466234,0.0929445878180059
"SEMA6A-AS1",-0.390960900014474,0.0929504017416018
"INPP1",0.324410457014439,0.0930201375738257
"TLK1",0.110055706105873,0.0930414523392743
"GNL1",0.119168327574443,0.0930808678230123
"GATA4",0.120583360710842,0.0930953293528016
"RNF4",-0.129361114130319,0.0931251966066541
"ENSG00000303190",0.95558178432938,0.0931626250545804
"WDR19",-0.155634366232451,0.0932187130088858
"TMEM218",-0.190419176594706,0.0932303203312929
"SAXO4",-0.701988701532099,0.0932454483302904
"ZNF254",-0.206784945525045,0.0932567583420389
"MEST",-0.10408803483198,0.0932860680282515
"TEDC1",0.170264538624771,0.093300183805276
"DUSP28",-0.183029592215596,0.0933170527262421
"STX16-NPEPL1",-0.232671147019015,0.093323432538332
"ARHGAP12",0.110225782159076,0.0933329720409424
"IDH2",-0.166276100616852,0.0933403198733473
"HPS5",-0.113424643620008,0.0933646694448025
"USP8",0.11441525964835,0.0935092556944883
"AGTR1",0.215058877606262,0.0935135166979758
"CETP",0.572002633303287,0.0935144502226999
"PSD3",0.17611343158581,0.0935635737644883
"LINC01844",0.526424051311416,0.0935679938860865
"ENSG00000289565",1.25568283058445,0.0936897219980471
"LRRC39",-0.864816673265902,0.0937002589659275
"GRK2",0.101223474948883,0.0937197122670242
"COMMD9",0.18775082330274,0.0937497100934126
"ENSG00000287725",0.925318333205668,0.0938243316455178
"PANO1",-0.438724250086263,0.0938377239477373
"REV3L",0.15849740379148,0.0938883013040026
"DRD4",0.467269200091667,0.0938928454820153
"ZNF30",-0.218639907621684,0.093911891185066
"DMTF1-AS1",-0.554420890474569,0.0939173861992028
"LAIR1",-0.651478140042992,0.093935562396425
"DHTKD1",-0.191782292544889,0.0939971455672935
"BAX",-0.129467938938765,0.0940211372236266
"NBEAL2",0.152915156951125,0.0941437806402728
"LRRC41",-0.116314516502348,0.0941517358492881
"ENSG00000269376",0.71964259968501,0.094200655270993
"C3orf33",0.18142585719905,0.0942334875921577
"ILF2",0.130874321970705,0.0942992003485609
"HERC4",0.115792753185074,0.0943757446052026
"PHKA1",-0.156922959081373,0.0944300580909144
"SPTY2D1",0.155461573136659,0.094464353937202
"MTFR2",-0.215713196579174,0.0947063079715397
"MIRLET7A1HG",-0.203369738558294,0.0947177904975053
"CREB3L3",-0.145912760997215,0.0948017592431785
"TSPEAR",0.452013681577349,0.0949044880687608
"ENSG00000272140",-0.454566934462691,0.0950269979342535
"ENSG00000286132",-0.448683847266621,0.0950490947899683
"NFYB",-0.144130666975675,0.0951618965265353
"CPSF2",-0.12704003826381,0.0951651828834
"GID8",0.109904783592928,0.0951657090259003
"LINC01213",-0.506212890423104,0.0951903243324245
"ENSG00000279135",0.61682158925782,0.0952221768786447
"SLC12A3",1.51252627930584,0.0954528825822651
"ENSG00000262877",0.308474078006744,0.0954738503483086
"VSIG10",0.144930809008411,0.0955324499795146
"TAS2R18P",0.814706334590182,0.0956350472525058
"ACER2",0.34404730403772,0.0957483563850909
"LOC124907114",0.423661749809967,0.0958664191397041
"RNA5-8SN1",0.423661749809967,0.0958664191397041
"RNA5-8SN2",0.423661749809967,0.0958664191397041
"RNA5-8SN3",0.423661749809967,0.0958664191397041
"RNA5-8SN4",0.423661749809967,0.0958664191397041
"RNA5-8SN5",0.423661749809967,0.0958664191397041
"RNA5-8SP10",0.423661749809967,0.0958664191397041
"TBC1D3",0.402459171237658,0.0959577142953491
"LINC02961",0.90035353659012,0.0960127672708431
"ENSG00000234997",0.653222348642766,0.0960441056770365
"SEPHS1",-0.116152519961558,0.0961218347591896
"FALEC",-0.488583026472518,0.0961987095306733
"ARFGEF3",0.348679442280302,0.0962599297200845
"MNX1",-0.146045789275956,0.0962806366544412
"ENSG00000225187",-1.28353390889041,0.0963175059996275
"FUBP3",0.110502976394355,0.0963833014990942
"FAM24B-CUZD1",-2.10223849097192,0.0964783315408663
"SMAD7",0.231944737879559,0.0965434297687231
"ENSG00000270012",0.213625831502555,0.0966595493586165
"ENSG00000300014",-0.698575614720912,0.0967340115076214
"DENND5B",-0.127673388270116,0.096770370533359
"ZNF335",-0.134189444630981,0.0968385865817994
"POM121L9P",-0.781878695308757,0.0968773356787097
"ENSG00000259623",0.207030320648422,0.0968936817287085
"RN7SKP80",-0.936501504545131,0.0969539458539595
"SLTM",-0.137894183532548,0.0969564880891465
"RPL37A",-0.167345846561754,0.0969568894033715
"LINC02422",-0.454630390853252,0.0969986834711133
"XPO6",0.138048709888481,0.097145328021798
"LINC02475",0.477214292289768,0.0972141091523552
"GEMIN7",-0.135563579588461,0.0972481524503774
"ENSG00000277662",0.707704067124924,0.09745468726259
"ENSG00000279539",-0.644064415095018,0.097464221410191
"NNT",0.184246289284559,0.0974915961857769
"LRRC8E",0.184891106707775,0.0975067060001666
"KCTD17",-0.273489952793532,0.0975120461040651
"LOC100507547",0.41375624108943,0.0975282168913223
"RAB34",0.899550084451646,0.0975827285781531
"ZNF251",-0.147522788167824,0.0975874901312767
"HPS1",-0.107338762027029,0.097597648412657
"MR1",-0.139465371559876,0.0976263089878572
"GPAA1",-0.172459178819979,0.0976280862451302
"NOL11",-0.112079355988255,0.0976326612440432
"CHST14",-0.149059774668672,0.0976345733992626
"ENSG00000273599",1.11450344117661,0.0976810599615232
"RAB1A",0.129656820169408,0.0976876660676537
"ENSG00000305731",-0.255612813629052,0.0976890438181924
"ENSG00000229927",-0.972999264759623,0.0977112133433407
"TXNDC5",0.144948020842761,0.0977426047865148
"RAB9A",0.147794734202794,0.0977744382164748
"FBXW10",-0.501262872439309,0.097811122162363
"ZBTB14",-0.174628137474226,0.0978908364214656
"CHMP4C",0.215817852510096,0.0979053721127313
"TEX30",-0.394385454191612,0.0979584650950681
"PLCG1-AS1",0.244246821589204,0.0979766375686899
"ZNF571",0.325194961391489,0.0980268584717876
"CLDN14",-0.231759189352531,0.0980489097810998
"XPR1",0.166198355274498,0.098058202702488
"NAA38",-0.16628023131679,0.0980591835686483
"ENSG00000249096",-0.5204170087625,0.0982401383038762
"ENSG00000279425",-0.349184547293981,0.0983187229255163
"MT-ND4L",0.413053526395971,0.0984565622821709
"CCDC88A",-0.166884742773181,0.0984709672103052
"ENSG00000306708",-0.482393878159319,0.0985338209712424
"ENSG00000267263",-0.60859718893104,0.0986213101324699
"DNAJC21",0.110685115080317,0.0986243699404091
"ENSG00000224032",-0.152340771281182,0.0986430089066326
"VAC14",-0.122458573102431,0.0988286454033325
"ENSG00000259726",-0.410748819041468,0.0989155506672877
"TIMM23",-0.164989305622621,0.0990158795756818
"ENSG00000244879",-0.202891022955842,0.0991397921882188
"ENSG00000258944",0.698101783550397,0.0991915014390262
"ENSG00000249319",2.28325750932533,0.0992324763901502
"SOCS1",-0.201832963906194,0.0992630205796246
"ENSG00000291264",-0.488946181810204,0.0992730755626911
"ENSG00000259644",1.00249988573961,0.0992900566418036
"LSM11",0.200442527739085,0.0993686848858171
"FAM216A",-0.18554296938478,0.0993883587091399
"ENSG00000280163",-0.63493361119512,0.0995037027825605
"ENSG00000230562",0.476497167084298,0.0995656024446652
"SCAMP4",0.114930320998754,0.0995968002762856
"LIPT2-AS1",0.335763953611365,0.0996445850637011
"ENSG00000226803",0.822821207798049,0.0997131578162143
"LEFTY2",-0.71224660640264,0.099825847630617
"CAPN15",0.125885400494099,0.099967956278168
"ATXN2-AS",-0.420882450680291,0.0999778838906604
"LGALS7",-0.713016612486124,0.100090618756693
"DDR1",0.151254862613294,0.100124614090122
"YLPM1",0.0974741805167011,0.100221743427055
"CYP27B1",-0.268665023759362,0.1002291031233
"ATP6V1G2",0.58795807078144,0.100244203986511
"GNB1L",0.296608290454644,0.100341447206158
"GNB1",-0.121218832682987,0.100421415662769
"YARS2",-0.145564643659046,0.100435702878298
"PCDHB8",-0.485330894793244,0.100438350287019
"RNF111",0.129970915971513,0.100526317805524
"SSUH2",-0.150521392426167,0.100586494797528
"MPV17L2",0.13694031461938,0.100655219127703
"ENSG00000278126",-1.14575203356128,0.100694178843401
"ENSG00000279179",0.77611076436641,0.100715899220323
"ASGR1",0.130554130690844,0.10079464205358
"ENSG00000273343",0.767673337824982,0.100864053710499
"ZNF45",-0.172729833615419,0.100869821738785
"ENSG00000298285",-1.12162228602749,0.100914573209672
"RCN2",0.144490878462133,0.100915159890436
"DNAAF5",-0.130909021348816,0.100964958709823
"ABCC1",-0.127974748192475,0.101126104104581
"PLD3",-0.122062785799044,0.101147727417701
"TMEM150B",-0.354293639535087,0.101311625035701
"ZNF48",-0.16056356375268,0.10132869961536
"SLC7A2",0.156176857890362,0.101332886183803
"NRP1",-0.30434874464591,0.101334211760764
"ARNT2",0.683776407622077,0.10133712242505
"ETFA",0.112139057644056,0.101380727068952
"LOC101928230",-0.583628409399171,0.101406234030655
"PVT1",-0.215424952906257,0.101476581613664
"ENSG00000287574",-0.852635252377065,0.101643201404567
"NPIPA5",-0.245905486143948,0.101655846675827
"ZNF582",0.495374868701951,0.10169029339233
"WDFY3-AS2",-0.424965549267889,0.101737140154066
"DDX23",0.126735422604218,0.101738563288025
"ENSG00000288995",-0.780495097214006,0.101742083373653
"KCNIP2",0.269108333444093,0.101961696732168
"SLC25A34",0.828888783174295,0.10199158514083
"MBD4",-0.133907344454847,0.102050147525299
"TRAK2",0.108166285434507,0.102083345705694
"RPS20",-0.172207522763525,0.102083383575833
"SPATA18",0.225311477041652,0.102086056127447
"PLAAT4",-0.891958885993235,0.102206759499038
"TMX4",0.148447256505697,0.102218964899206
"ENSG00000272566",-0.684903029507604,0.102255308491983
"CTF1",0.353528950828514,0.102316920327123
"LINC01271",-0.593776360964127,0.102337844599606
"SPP1",0.322672992527316,0.102373074598667
"PGGT1B",0.124791657239126,0.102385905501489
"PNMA1",-0.185449925334915,0.102417489383067
"ENSG00000265018",0.387758457578609,0.10249942168527
"MIEN1",-0.210741548615855,0.102570663915136
"ENSG00000296810",0.688210745471282,0.102689578116696
"ENSG00000254554",-0.445924704104085,0.102754666608275
"DPEP1",-0.692306979735652,0.102763246000614
"MED27",-0.152750797423253,0.102789076421735
"TSEN54",-0.130637171599513,0.102795749013738
"ENSG00000226332",0.398406961081017,0.102829244997039
"USP36",-0.118478448764135,0.102854980005561
"ENSG00000272702",-0.837715386600803,0.102908051463366
"CASC2",-0.72887884589597,0.102923417261794
"TBC1D32",0.290327388024316,0.103014082944396
"RBPMS",0.38506991508781,0.103043829947967
"NKTR",0.162533682265618,0.103115169284907
"COMMD5",-0.203770074254002,0.103131428039535
"NBPF10",0.33003540448074,0.103170675201226
"ENSG00000234509",-0.423409915214468,0.103235709344285
"SEPTIN7P9",0.671267462101929,0.103263433528085
"ENSG00000295288",-0.838003857542053,0.103275598649103
"PPP1CB",0.113067976141903,0.103304091056111
"ERCC6L2-AS1",-0.28205879559895,0.103320741133007
"RRAD",-0.353939822160812,0.103381078852379
"ENSG00000297420",0.823986366027167,0.103474548244786
"ENSG00000280136",0.435673305626369,0.103486437787288
"ENSG00000290737",0.489988831731053,0.103566145244914
"ENSG00000299582",-0.427655433136995,0.103632321658342
"ZNF230",-0.26240577683124,0.103661341698678
"ENSG00000282807",1.16743367729109,0.103860829459743
"LINC01524",0.368332554150934,0.103874286447763
"SMG7-AS1",0.831854619818995,0.103897536005504
"ENSG00000286000",1.47135836624204,0.103969162678574
"RHOH",-0.528607087288946,0.103972362982161
"ZRSR2P1",-1.40495899458453,0.103997268483988
"COSMOC",-0.426376882284761,0.10408384083613
"GXYLT2",0.289465235138408,0.104232059189516
"RGPD3",0.328839435675093,0.104253801425356
"BBLN",-0.211124309540548,0.104317829536671
"ENSG00000297244",-0.211085122293952,0.104382001199
"ENSG00000289504",0.754522407931763,0.104391949193724
"PATZ1",0.0993316490419499,0.104494067927717
"ENSG00000233010",-0.769114354198505,0.104495701769815
"HACD2",0.174638060057774,0.104557740865875
"DARS2",-0.128757469462913,0.104652199499434
"TRAFD1",0.1229275154695,0.104676630492978
"OTULIN",0.131743039150342,0.104682104126122
"FXYD3",0.684061740891963,0.104682161494435
"ZNF511",0.115432637852903,0.104784240271726
"ERP29",0.19039424094959,0.104856950968814
"LOC105374981",-0.579494793790487,0.104909974165903
"ZNF17",0.253793691429463,0.104959597808932
"ENSG00000297191",0.626252248215088,0.104984823352718
"TRIM21",-0.255961930167972,0.105036684599144
"RPL7L1",-0.102457139943886,0.10503965012889
"ENSG00000275413",0.844854432349063,0.10509818120188
"ENSG00000225905",-0.534475892721319,0.10510293184385
"URB1",-0.156742163659918,0.105113217207391
"ENSG00000259775",-0.668792866692217,0.105171975737171
"CTNNA1",0.149224201897528,0.105279953607796
"LRRC42",-0.120446534673836,0.105290725117966
"LOC105374174",-0.78868109345107,0.105300162695941
"ENSG00000301917",0.792173540891881,0.105334778189719
"ARF6",-0.136887254714662,0.105340412987823
"ZC3H12A",-0.133379423217739,0.105486150776139
"L3MBTL1",0.124674748358915,0.105518958973907
"LRIG3",-0.295267537560468,0.105565489282499
"PFDN5",-0.162350309360587,0.105628834498257
"VWCE",-0.165752369039003,0.105682082141027
"ENSG00000276517",0.364135968183483,0.105714190661023
"ENSG00000288604",0.794765454252752,0.105727421438161
"MIA2-AS1",-0.385268580357018,0.10572957162065
"ENSG00000289077",0.424083856789599,0.105744149605008
"ZIK1",-0.232745318853369,0.105770391902475
"STARD3NL",0.116390817148925,0.10577637829437
"LOC124909451",1.2877062404341,0.105836575465696
"APOM",0.236237799737048,0.105942145109306
"NHERF1",-0.170662781651434,0.106005628721651
"ENSG00000251279",-0.320135150816954,0.106121551020162
"ENSG00000273451",0.540214219457506,0.106144127988449
"ZNF540",0.559076417233317,0.106150991413585
"ZFAND3-DT",0.876112857932882,0.106157783077914
"ADPRM",-0.329086076058689,0.106205181595854
"FSIP2-AS2",-0.496650028734249,0.106249053651809
"PTCD3",0.111685737501857,0.106253387146083
"ENSG00000234996",1.11155457344255,0.106265916614077
"ENSG00000301562",0.805550601749219,0.106289436723954
"TNPO1P1",0.676542771307951,0.106294292914123
"ENSG00000260645",-0.340203530356878,0.106443645246519
"ENSG00000272554",-0.234456280516401,0.106643673492817
"ZNFX1",-0.115140814790773,0.106646227801619
"HS3ST5",0.876722942180474,0.106666444853643
"TAS1R3",-0.564272021531302,0.106683001981998
"ENSG00000288095",0.490186919238161,0.106720557661311
"DHRS1",-0.149622075726762,0.106861196757505
"ENSG00000310253",-0.371657689317285,0.106907074890969
"FADS3",-0.19359549302759,0.107016549662223
"DGCR5",1.10378395537093,0.107063605790003
"RMDN2",-0.23403422460916,0.107065989580576
"JAK3",-0.217123468377992,0.107070287366359
"SLC16A10",0.2056667201241,0.107101604367421
"ENSG00000204528",0.786766952806369,0.10713778969643
"ASB9",-0.192732037957662,0.107155083539569
"ENSG00000305437",-0.627041444469932,0.107165407373037
"BMS1",-0.109724411633122,0.107212348424368
"FAM238C",-0.563346544412298,0.10724588749971
"RARS1",0.11184049116674,0.107268471604203
"SLC4A3",0.655459855552919,0.107279734930949
"ENSG00000197582",0.481620263312578,0.107324470624882
"CATSPERE",-0.633961453503357,0.107334592110234
"WIPF3",0.80108627583108,0.107701405910435
"ENSG00000258811",0.451269807812972,0.107712052939407
"SMIM24",-0.317667953064653,0.107795920425659
"ENSG00000203279",0.220384813436665,0.107813131385384
"RNF6",0.117377252849327,0.107849539454084
"GPD1L",0.19590483630748,0.107894637651622
"ZNF286A",0.138861517786458,0.107899998557256
"ENSG00000260899",-0.47066085917706,0.107990472619351
"ENSG00000255966",-0.258968917896677,0.108009048898348
"ZNF286B",0.285318307477788,0.108084119460667
"RAB28",0.154284690965962,0.108318668688166
"CAPN1-AS1",-0.245206553048897,0.108349531914436
"RTF2",-0.124456415176998,0.108430526208242
"WDR20",-0.15082891550905,0.108522137835476
"C19orf12",0.122002151660782,0.108538904642072
"MPP3",-0.643374872064196,0.108561458607655
"ENSG00000237004",0.691207019066058,0.108581661770604
"ASB6",-0.146856879461737,0.10860699366185
"MFN2",0.0957403603254688,0.108679302441984
"HEATR3",-0.144632176966858,0.108731299556261
"ZNF525",-0.225270147859275,0.10896378028952
"EML2-AS1",0.697456018529956,0.108982507716915
"ENSG00000280067",0.59491966197578,0.109023258359502
"ENSG00000272510",-0.557723634157853,0.109085628994727
"PAK4",0.134717587350458,0.109442164397497
"ENSG00000272667",-0.345192208456164,0.109614358011592
"ENSG00000226147",0.93910877494995,0.109652778204237
"INAVA",-0.199810060919915,0.109681472966812
"IFT74",0.166297695747196,0.109696770493628
"SYNCRIP",1.63302431233664,0.10977494966773
"LAT2",-0.361841691227645,0.10986288668236
"SHBG",-0.224436879171179,0.10992600920296
"ENSG00000308813",0.63602411485265,0.110155606162639
"ENSG00000234636",-1.05900648532505,0.110231851489534
"EPB41",0.125362671702056,0.110253253409153
"USP18",0.105212756231638,0.110281738277133
"SAP18",-0.164328517455835,0.11034038064613
"ENSG00000303728",0.665334743323096,0.110340802399405
"ENSG00000302601",0.303729013981568,0.110385200935446
"RAD50",0.116493961335378,0.11044625635797
"TMCC1",0.253318650983061,0.110507044829036
"XCL1",0.278987972942406,0.110599101052595
"ENSG00000308740",0.479659988417737,0.110600530124485
"ENSG00000276148",0.910845417809002,0.110603923753395
"SUGT1P1",-0.75798075500035,0.110623900471212
"ENSG00000293642",-1.05681037965785,0.110654400460655
"TMEM243",0.157328715943143,0.110713510736769
"STX17-DT",0.365547506433189,0.110763125439536
"SNUPN",-0.223434467970815,0.110792059402624
"ENSG00000288031",0.812783543891875,0.110847227887967
"BORCS5",-0.259912453882063,0.111094925394877
"DCUN1D3",0.109060382630047,0.111285550050993
"SLC41A3",0.125913131275159,0.111305599741923
"RPL14",-0.177774052901426,0.111310433159134
"MPC2",0.10562245257508,0.111317869773737
"ENSG00000174977",0.855632320344119,0.11142993328669
"CEP95",-0.113851792770456,0.111535176555948
"CFDP1",0.133847801197416,0.11157393038879
"ENSG00000306879",0.703602089698931,0.111701554997769
"SYNE2",0.185394171943031,0.111724242054067
"NDRG4",-0.342299972155828,0.111849497473344
"TJP3",-0.459582285450002,0.111985735481843
"ENSG00000266236",0.628085601842908,0.111992626129664
"LEPROTL1",0.165161668142172,0.112012758650683
"PRPF6",0.10234660538276,0.112312578813527
"RECQL4",-0.223543668293901,0.112453311871222
"ENSG00000224837",-0.727382866988551,0.112582303662315
"ADPRS",-0.136104260227982,0.112615562083342
"ENSG00000241860",0.212752956260974,0.11271173199364
"SLC6A8",-0.183045434884633,0.112749071228118
"KIN",0.143598740868508,0.112755473893913
"ENSG00000266933",0.718446228641186,0.112783571128548
"ENSG00000295602",0.356826497096952,0.112874019728407
"CAPZA2",0.138388727824398,0.112883789241811
"PRDX5",0.157415394433951,0.112903543909984
"ANKRD53",0.917008136288893,0.112911410173902
"CD40",-0.174498431841456,0.11294058880393
"MTPAP",-0.104248346350013,0.113075104122662
"CPLANE1-AS1",-0.589734378289938,0.113111363102068
"STS",-0.212045660770335,0.113228154875882
"TRMT44",0.187681741039428,0.113294469237577
"ENSG00000272563",1.15855866170855,0.113303296992808
"ENSG00000269001",-0.600886983697767,0.113393060552095
"LPIN3",0.129949305663351,0.11346523027218
"ROCK1",0.118603833111539,0.113489497858211
"ENSG00000279118",0.354939391741706,0.113678217515838
"ENSG00000203644",-0.244478644070854,0.113688597103102
"RPS6P10",-0.52703226222642,0.113726493686725
"TRIM31",1.06387790958876,0.113728469043133
"PDCD6IP-DT",0.247303402713361,0.113747158737107
"ENSG00000230648",0.284647359415513,0.113768204722761
"FAM13A",0.222662598669504,0.113798781031015
"TNIP2",-0.137889149931744,0.11393550351991
"PROX1",0.131141368750517,0.113996488089806
"ENSG00000260971",0.743320208577226,0.114074713040315
"CYP24A1",-0.436390961214403,0.114080483392776
"COPZ2",-0.610591142557832,0.114084417389142
"AGAP2",0.301231737976641,0.114121942859441
"LINC00869",0.417902286910525,0.114165419765642
"SUSD3",-0.334256764695554,0.114172984991951
"MFAP4",-0.607380571492095,0.114186175248156
"ENSG00000302786",-0.464900936107972,0.114199670494193
"SSB",-0.138818462310118,0.114298018167583
"TFR2",-0.145396276648191,0.114387064152577
"POU2AF3",-0.265107093516157,0.11449907486832
"CNOT3",0.130246919539013,0.11452195984827
"CMTM3",-0.181167858999787,0.114697299567099
"ZFR2",-0.454415021639612,0.114726502826771
"SLC2A11",-0.145973135899617,0.11474646261163
"PRH1",-0.247381957240185,0.114771811250698
"ARFIP2",0.100051051734533,0.114780012344227
"LARP1",-0.122697754760784,0.11478926104866
"ANKRD31",-0.501120158507465,0.114856185336385
"HEXB",0.128087486520667,0.114910865812191
"CD151",-0.153376819103991,0.114955458811696
"RELA-DT",-0.27704012788495,0.115055788070012
"POU5F2",-0.602898797865205,0.115104707796842
"ENSG00000309998",0.425101496622963,0.115144574494458
"INKA2",0.219514475080552,0.115166038751705
"PSIP1",-0.126829030020315,0.115358692624324
"ZNF670-ZNF695",0.477103155493329,0.11540251163919
"DIP2C-AS1",-0.270045226216928,0.115481917030237
"CLEC18A",0.457352527276676,0.11555612094352
"TMC6",0.168817509399609,0.115561336626895
"ENSG00000273711",-0.564505277727793,0.115651952100764
"ENSG00000240801",-0.312859527921173,0.115686455184613
"ABCG2",0.168905599715793,0.115782438200861
"ENSG00000270061",0.576321037780919,0.115911189833996
"ESRRB",0.612648508316623,0.115957945990512
"TLR3",-0.520702614016572,0.116044002657634
"ENSG00000295671",-0.185485772501542,0.116051814873961
"KCNC4",-0.565598623797599,0.116062876577857
"HECTD2",0.185651699008232,0.116207339499884
"DNAJC17",-0.175527024097412,0.116216038553402
"ZFAS1",-0.136567183044166,0.11626781903366
"ENSG00000291038",0.800996873658824,0.116275239599961
"PDLIM5",-0.160481384595345,0.116367472638776
"PRKD1",0.807405189636256,0.116368040514938
"ENSG00000288752",-0.234807626616557,0.116449796927707
"RDH12",0.290586861889881,0.116476721840375
"C16orf89",-0.29825038075557,0.11660694372181
"TXN2",-0.12587017051613,0.116656002568411
"MAP2K4",0.133788630305728,0.11667788962329
"TXNRD3",-0.265106939369106,0.116736668654167
"TAFA5",0.166294263288244,0.116851231097847
"RUNDC1",0.114360559723927,0.116971666258776
"NPNT",0.323604965101591,0.116985750513135
"ENSG00000279821",-0.464967955587297,0.117100583525861
"FGL2",-0.347260750680678,0.117187782502784
"CEP250",0.11500424632605,0.11722667036492
"C16orf86",0.205749915030526,0.117538880308532
"DTYMK",-0.114067562834456,0.117623404416138
"ADPRHL1",-0.500837844865704,0.117710749640803
"H3C2",-0.663644527806077,0.117713944582293
"FOS",-0.470556628259186,0.117796554354126
"FRG1",-0.164741541758981,0.117886388657819
"RPS2",-0.173879060229851,0.117886687126468
"SLC17A1",0.618044532653195,0.118038508002592
"ENSG00000295233",0.528756659476156,0.118099157396337
"COX7B",-0.173872096867471,0.118198901518923
"ENSG00000271714",-0.639227631788938,0.118219187322716
"ENSG00000249655",-0.834434171191308,0.118223572437646
"ENSG00000272791",0.471923961214282,0.11835366823314
"ASAP2",-0.227657269852244,0.118413725458538
"NIPA2",0.114138444217937,0.118470168408464
"GNA13",0.137544938782741,0.118562215770758
"HRC",0.163065060536326,0.118632751927969
"AIF1",-0.497619472537654,0.118654357613753
"MGAM",0.625507034405291,0.118754875807677
"C3orf38",-0.142255174900193,0.11875517507554
"HSF1",0.108315333296537,0.118767240662305
"ZNF410",0.129580547296848,0.11878683152265
"ENSG00000228172",-0.610411689881696,0.118870093227957
"ABCF1",-0.11642232512982,0.118918669617771
"PTS",0.155245622053894,0.118919627474935
"SPACA6-AS1",0.602802606351645,0.119093960573926
"ENSG00000289689",-0.700591736833793,0.119123166938151
"ZFP69",-0.209879017809619,0.119126954658576
"PSPH",-0.111671245471338,0.119164297418738
"DNASE1L2",0.252628719058481,0.119201087174768
"DDX19A-DT",-0.433130174325651,0.119428695086517
"SLC25A6",0.19542747285464,0.119529020427593
"PNPLA3",0.152209622376165,0.119559079353543
"JMJD1C-AS1",-0.409885933911742,0.119610764912996
"ENSG00000309183",-0.757620707520595,0.119626551444563
"ENSG00000291175",-0.164357093520622,0.119631397537317
"ENSG00000261215",0.664141827891393,0.119671117149743
"NOSTRIN",-1.24086835573218,0.119728566451199
"RSL24D1",0.158060166480147,0.119866066291815
"RPL34",-0.164616818585889,0.120050634451577
"LINC01554",-1.21861923774401,0.120088939748311
"C10orf88",0.150451419733848,0.120164321831663
"ENSG00000283627",0.271885594783113,0.120167192776607
"ERAL1",0.118040393688299,0.120181437472746
"BTF3",-0.130412598717836,0.120237948839342
"ENSG00000290089",-0.400510644614116,0.120308489901178
"MALT1-AS1",-0.311598959863784,0.120331846470498
"TDRD12",0.478202360475982,0.12034323995032
"DIS3L2",-0.108955640108266,0.120356744894064
"KRBA1",-0.162187210708199,0.120464257428226
"C4BPA",-0.165287979825862,0.120515328924387
"ENSG00000256116",-0.646054529383718,0.120516880807336
"YJU2",0.177888834626122,0.120585532720921
"ENSG00000254186",0.774004404708446,0.12080504814302
"FAM200C",0.172245570570603,0.120809805101525
"RRBP1",0.153920540483316,0.120816417062376
"SNX3",-0.119964904987713,0.120825669861484
"GTF2IRD2B",0.149403105251545,0.121023273543122
"SERPINA4",-0.239134538680514,0.121034729082417
"ELAC2",-0.108632652561234,0.121045342025537
"RTCA",-0.155890284447628,0.121166898164689
"PYGM",1.18088215554796,0.121201505899235
"NADK",0.0980903712307058,0.121261250739189
"ENSG00000287665",-0.582757572681715,0.121668607086213
"NDFIP2",0.156645431855257,0.12174999445912
"PEX13",0.107304447772486,0.121827025590582
"H2BC8",-0.518280669443054,0.1218979193067
"NAT8",0.200734456474408,0.121910001557966
"CTSA",0.130949212466904,0.121934355802392
"LINC02367",-0.425413802912865,0.122058510624332
"NASP",-0.122881752988639,0.122139235830795
"ENSG00000296722",0.5567063247301,0.122322939528093
"TIPRL",-0.165946863900823,0.122323208326898
"ZNF222",-0.239401368815139,0.122333754712518
"SEC23IP",0.107803099104856,0.122363125258505
"UGDH-AS1",0.24344908284861,0.122376901469323
"SLX1B-SULT1A4",-0.301675521336301,0.122503052466625
"RIMBP3",-0.745884828191998,0.122518208824808
"ENSG00000288927",0.621411985554353,0.122546752894856
"CASQ1",-0.94231018414412,0.122689106175903
"ENSG00000260211",-0.545022501275289,0.122741268633971
"UBE3D",0.171154960071252,0.122764282868562
"FRMD4A",0.7408961604256,0.122845644488334
"ENSG00000277368",-0.564325945506537,0.122875464240173
"ENSG00000290460",0.44801009643427,0.122936819461607
"ICAM4",0.356324902505704,0.122976057374122
"ENSG00000229127",-0.344426103376691,0.123151234867444
"ZNF22",0.42406378875026,0.123175799929929
"ENSG00000267001",-0.432293276703712,0.123189381176199
"TTC9",1.01669718584156,0.123189878379615
"PLXDC2",0.199997686180241,0.123320056191241
"SRPX2",-0.259772946001934,0.123461510563703
"ENSG00000257390",1.75217370023192,0.123489509621074
"CLDND2",0.484811600867551,0.123598330473752
"ENSG00000271991",-0.71575109322283,0.123653590047544
"TMED5",0.11679288563865,0.123713764323864
"ENSG00000250938",0.387659759364315,0.123808637605403
"ENSG00000306026",-0.666475729075631,0.123892186864051
"C2orf42",0.191743080253236,0.123947130439152
"ZIM2",0.616921078640208,0.124073201445102
"CAND1",0.101350907821217,0.124095037916456
"CDK3",0.170770592288459,0.124181759358495
"MTFMT",-0.16862916722973,0.124233368071275
"THEM6",-0.132244901624126,0.124331807783199
"ENSG00000260077",-0.292592241113546,0.124343763608236
"ENSG00000285679",-0.524238067077555,0.124427852614128
"ENSG00000306885",0.670034280650195,0.124484064222207
"LOC100505915",-0.564190184312853,0.124517497624009
"NBPF25P",-0.308168145763061,0.124644955069336
"NPR2",-0.178438241306468,0.12465180390094
"FGFR3",-0.208596735022086,0.124881757139464
"LOC101927745",0.176689315391678,0.124987721576607
"NQO1-DT",-0.510299530152556,0.124997550617212
"FAM151A",-0.984114184556482,0.125014872843807
"ENSG00000286185",0.886959886265515,0.125080830777309
"PCSK4",-0.171960265566509,0.125203189728046
"ENSG00000279569",0.363503981946542,0.125427773979718
"DNAJC28",0.304456165414762,0.125465799304388
"ENSG00000289370",0.716913966255453,0.125618631079013
"ARL2BP",0.143292475037101,0.125663937437258
"STX18",0.10948395892273,0.125691284748395
"CMPK1",0.112729727955567,0.125736332127339
"ENSG00000296235",-0.562590866408708,0.125752297859057
"RPS25",-0.146786081519425,0.125887607420712
"ENSG00000228509",-0.314827202156038,0.125990479558225
"LOC105373514",-0.73253676569254,0.126076459304756
"ENSG00000307459",-0.439948179454649,0.126120089213788
"LRRC8D",0.0984753953545012,0.126257452759125
"C17orf113",0.265563838633985,0.126262900412521
"SPMIP1",0.880876204921984,0.126511278057238
"IGFBP2",0.365049738137892,0.126524356036869
"ENSG00000301497",0.953633868228487,0.126532656316444
"TMEM232",-0.882458894640473,0.126551197427065
"LATS1",-0.105612844855388,0.126703780078294
"HNRNPA1",0.124634070581078,0.126706965124985
"PDLIM2",-0.173737966427976,0.126733016478138
"C18orf32",-0.126367809688652,0.126838690846279
"ENSG00000267120",0.940993168063187,0.126882057907363
"NMRAL2P",0.279900000843191,0.126900901933349
"GLUD1P2",-0.286842298187931,0.126946556738834
"MT-ND6",0.513481214299903,0.126984491675358
"ENSG00000196381",-1.98603347091569,0.12698996223026
"ATP5F1A",0.120794849341769,0.127001520935264
"ENSG00000228541",0.446379313749754,0.127471606568782
"ENSG00000210194",0.678142018468829,0.127477190163379
"FKBP6",1.23067099534123,0.127588019046804
"ALG10",-0.237533045002315,0.12764570414612
"NECTIN4",0.315505335974137,0.127658881647736
"EEF1A1P3",0.435928116021593,0.127795618093822
"SLC43A3",1.01465973711962,0.127872277812049
"STK35",0.11010096602472,0.127920944570128
"TIMELESS",-0.137144073931513,0.127959634410345
"PRAP1",-0.387462111078741,0.127976918557669
"CTNNBL1",-0.110901290106458,0.127995031691404
"CPE",0.14288548697246,0.128098277807714
"ENSG00000288010",-0.466777170824422,0.128118876442864
"ENSG00000290544",-0.590790933614842,0.128183460265776
"ENSG00000279738",0.243787723588417,0.128204377212736
"CLPTM1L",-0.129306877760906,0.128263123994069
"SARNP",-0.147659414762626,0.128307516981761
"ENSG00000302819",-0.627516651852844,0.128318000846727
"ITGB1",0.131338908551104,0.128374667034129
"PGK1",-0.227575044203498,0.128415268264168
"ENSG00000224950",-0.53176002356732,0.12845400963418
"TSKU-AS1",-0.373289728795667,0.128614824385138
"PRR19",-0.586460790577115,0.128667265006816
"ENSG00000279347",-0.509107870973362,0.12867660932195
"ATP1A1-AS1",-0.284014569220863,0.128711210788821
"ZC3H4",0.11698319849804,0.128751345578573
"ENSG00000288923",-1.18752973509561,0.128810388851839
"LINC01036",-0.415125232174542,0.128880429704769
"ATAD3C",-0.20788144088417,0.129014340909564
"CYB5R1",-0.121736368430067,0.129067472234027
"ENSG00000280339",1.15816697379137,0.129125224846461
"ZRANB2-DT",-0.592564882127666,0.129154293630907
"ENSG00000278983",0.281317123650081,0.129161562332775
"CDKN2B",0.554348106733665,0.129185636840525
"DNAJC4",0.133112015864947,0.12922590452586
"RAD23B",-0.139374833648631,0.129255542466485
"ESPNL",-0.362198725125877,0.129281497757994
"CATSPERG",-0.512769991432458,0.129350784424221
"NCBP2AS2",0.188881606588931,0.129380627159285
"ENSG00000302600",0.538290542215383,0.129450211242628
"ENSG00000296280",0.496660101652094,0.129450254543421
"DUSP14",0.153752583523263,0.129451792534558
"CCDC50",0.16629592811829,0.129481370316989
"ENSG00000224888",-0.833480306789519,0.129508205121773
"TRAF4",-0.113151195747295,0.129570625720652
"ENSG00000230663",-0.728214273947957,0.129579277343117
"TARS1",-0.147950695130217,0.129700063818011
"ARRDC2",-0.32048839116858,0.129817490354487
"BMP1",-0.165941901404334,0.129857840762265
"SOCS3",-0.574610580457772,0.130036206009923
"UBE2V1",0.14358091570677,0.130054051271765
"ENSG00000226622",0.497696173803774,0.130054864146811
"AP2M1",-0.0981811985308976,0.130298987206044
"ENSG00000260118",0.955105636881778,0.130368079098317
"ENSG00000226268",-0.651089159649321,0.130431974272353
"IFT140",0.152761593804946,0.130451808012097
"ENSG00000260803",0.373683073184026,0.130539404453498
"PLA2G3",0.550094545502683,0.130566149293292
"NUP214",0.101051546237377,0.130588154309176
"GGA2",-0.0990825204761395,0.130604493330539
"UCA1",1.28626078133389,0.130687690410807
"FBXW11P1",-0.408142458417641,0.130758872667333
"ENSG00000300864",0.425712030966815,0.130762812203305
"CCDC15",-0.218732216520536,0.130900002561323
"TDP1",0.13467447753757,0.130922224947231
"CDKN2A",-0.424810433542296,0.130924476854128
"ENSG00000244480",-0.461370980852901,0.131079221858281
"NR0B2",0.275097049634241,0.131146622588332
"KIF26B",-0.442413556857656,0.131240985338068
"C6",0.331981944512581,0.131248709380611
"PPARG",0.307606424916622,0.13126022994394
"GABARAP",-0.139275394489008,0.131438230552442
"NT5C3B",-0.114097780051542,0.131479444484569
"ENSG00000284048",-5.06658045913384,0.131507722408782
"LOC105372432",0.205680038947722,0.131519143214139
"ZNF589",0.140927529987847,0.131527954064483
"AMMECR1L",0.100526737988497,0.13153736595707
"CEACAM22P",-0.777253730179822,0.131543997092413
"EEA1",0.129236844508495,0.131615829711655
"ENSG00000260526",0.302647786396577,0.131665876192132
"SLC6A4",-0.173760974701834,0.131667354905793
"KRT8P15",-0.742832007846009,0.131677142161536
"LOC613038",-0.870779330809569,0.131700525454711
"WDR47",0.155817836316396,0.131820424763413
"ENSG00000287828",0.704292959975224,0.131896127300416
"PIK3R3",0.198424982864619,0.131908320693087
"CENPT",0.163968006095806,0.131914442145924
"ENSG00000242880",0.742495436095452,0.131941234783133
"ZBTB25",0.137364531503675,0.131943429181596
"LTK",-0.883503430730119,0.132066108399418
"AMN",-0.221436426992372,0.132120896032528
"SRSF2",-0.141195058786165,0.132243213294459
"C5orf63",-0.23953858547143,0.132407148929549
"MAGI2-AS3",-0.12483739459874,0.132408159321428
"ENO2",-0.159111419801308,0.132440579704969
"ZNF585A",0.20253775009609,0.13251486264932
"PBX3",-0.166166431329805,0.132676955639751
"MRPL51",-0.121064300677819,0.132732201081383
"ASMTL",-0.198837849879118,0.13275310710605
"ENSG00000279549",-0.550052171062358,0.13292658096184
"BMS1P1",0.192576296208524,0.133126442509108
"SARM1",-0.555351370344011,0.133143479536381
"ANGPTL3",-0.464890545004339,0.133172713293001
"TARDBP",-0.095943077962038,0.13328252028679
"CKM",-0.653846438166524,0.133302437070784
"NLRX1",-0.137415915100189,0.133313029813161
"ENSG00000289182",-0.458179902534528,0.133434735045091
"EXOC6B",0.112858238921819,0.133447885772852
"DCTN5",-0.096612693492012,0.133517779425197
"ENSG00000280129",0.262020506607876,0.13375742905497
"RPS6KA1",-0.112578683240348,0.133944654142542
"VPS33B-DT",-0.749219426976541,0.133981309773877
"ABHD1",-0.687240805986866,0.134035043647854
"CCNQ",0.172349187969127,0.134040228870486
"LOC102723553",-0.990348208169984,0.134218787750271
"GNG10",-0.115668922527889,0.134384315440965
"TBC1D30",-0.652498872296142,0.134397491520868
"EWSR1",0.111190457825665,0.13441464939834
"TMEM254",-0.124094518400466,0.134424955474512
"FHL3",-0.250993675021889,0.134492182776756
"UQCC6",-0.171774565685336,0.134554063921036
"ISM2",0.519701981825506,0.134753706236995
"ENSG00000268400",2.06669603686676,0.134759109440033
"SWAP70",0.142870619871,0.134860835368326
"MICALL2-DT",-0.581003383022363,0.134889028014283
"SPATA3-AS1",-0.610849800361573,0.134959055273272
"TRMT61B",0.1090544713979,0.134979935208293
"IZUMO4",-0.270621186205578,0.135125087070146
"ENSG00000285160",0.595559437954125,0.135167002176204
"LOC100422441",-0.566548730883788,0.135177440717628
"ENSG00000304857",0.89740968590435,0.135194607160753
"CDK18",0.144898915446087,0.135211654164462
"S100A16",-0.231818683932482,0.135328388284688
"DIAPH1",0.124686404812588,0.135564090812488
"HSD17B3",-1.08245374061503,0.135610152047137
"RAB7A",0.13762045464258,0.13566589682184
"SMG7",0.0974178380241057,0.135686233045405
"POT1-AS1",-0.630301309281208,0.135719265347389
"SIM2",-0.670732134108568,0.13572117764833
"CHEK2",-0.128345804649705,0.13590971023193
"POU6F1",0.550478701409517,0.135997377669941
"CYB561",-0.321649299552735,0.136066296877862
"INO80B-WBP1",1.83071952443886,0.13607526285127
"ENSG00000275131",0.427456704957536,0.136113694847697
"FRMD3-AS1",-0.523788432816594,0.13612909078739
"ENSG00000278963",0.483389337467208,0.136139505449435
"ZNF789",0.183709145092731,0.136206253257429
"MIA2",0.0968628257897733,0.136217919348192
"LINC01091",0.383744844565282,0.136303012486501
"ENSG00000276564",0.430663934296293,0.136335958944546
"FLVCR2",-0.205471830904937,0.136442575030662
"LINC01126",0.327642235580454,0.136611527376376
"ENSG00000293455",0.270088709835961,0.136626936368931
"SLC29A1",0.182332739724568,0.136665322970726
"REST",0.115873035108261,0.136677680715594
"ENSG00000228120",-0.59079970755788,0.136899275662343
"SLC25A51",0.173946991570045,0.136904397171777
"TMEM80",0.135695986955031,0.136928515619435
"FBXW7",0.159264815071377,0.137028140095702
"TTC28",0.129822483909921,0.137042002983286
"MRPL54",-0.172013291227748,0.137086596881576
"ENSG00000272821",-0.363783881294049,0.137174280733377
"GGT1",0.126665666415458,0.137196999984138
"RPS19",-0.139112250699905,0.137214410313693
"ENSG00000280234",-0.860063359409127,0.137226716750427
"NOL9",0.121425210325234,0.137262136596242
"VESTAR",-0.28643459553683,0.137320000970981
"TMSB4XP4",-0.834557365959682,0.137441990626802
"SPATA33",-0.154941425245675,0.137531991590008
"ENSG00000259319",-0.721820620888594,0.13757431109072
"NPIPB5",-0.14170026560058,0.137619858564788
"AIFM3",-0.136483356337023,0.137656864800582
"SHLD3",0.24257824241488,0.137709890472731
"SNN",-0.256312301563139,0.137816569831751
"MAGED4",0.1906608772252,0.137929607291174
"BLTP3A",0.0979438643450636,0.137936655290979
"EIF2D",0.10054190538925,0.138008631772271
"DOK4",-0.147312542472036,0.138089075591597
"HEATR5A",0.107873531332265,0.13817389888917
"RPS13",-0.117930868666525,0.138179177389307
"NIPSNAP3B",0.212939700703127,0.13820031525751
"TMCO1",0.134313915979735,0.138208116483246
"NKD2",0.433848353698878,0.138208423206277
"GEN1",-0.179633733419446,0.138281702854807
"PPM1M",-0.227759807748927,0.138400140166989
"PHACTR2",0.172574893584769,0.138527123670651
"RIC8B",0.135593108255223,0.138579713096754
"ENSG00000267228",0.424799519130415,0.138611100277028
"LOC124903667",0.157906718958134,0.138669209483032
"LRRC27",-0.195048583417892,0.138738921124615
"ENSG00000224003",-0.475377949073586,0.138779301667157
"RPS19BP1",0.144984873139025,0.138881759043911
"SCML4",-0.53851110562297,0.138978325055917
"SPHK2",-0.121474279007066,0.139305204177277
"FAM174A",0.175949146410947,0.139338602644901
"ENSG00000285702",-0.472579187059134,0.139401467232205
"ENSG00000224093",-0.19688592230616,0.139565964979702
"ENSG00000270096",-0.904541852041243,0.139634254993304
"PART1",-0.501865380836001,0.139711633044117
"ENSG00000299852",-0.693333836234736,0.139819115751592
"RNF32-DT",0.34847869460552,0.139934500334639
"IGDCC3",0.108770555054066,0.140488709646621
"CLIC1",0.258141825536178,0.140601868844249
"FAM111A-DT",0.254204114180279,0.140609421127413
"LOC124907779",-0.330806310844619,0.140611124837371
"DRP2",-0.84825250687115,0.140623610443667
"ENSG00000272356",-0.201437518574342,0.140695714098732
"CA5B",-0.258167923855941,0.140765857781276
"SYDE1",-0.226795901066209,0.140845376724622
"SMAGP",0.237299747879152,0.140936002362231
"ENSG00000287166",-0.640047208625294,0.140950054723227
"ATP7B",0.148616295793776,0.141345924781014
"TRIM16",-0.131314879701886,0.141393989200621
"TMEM164",0.197102469064219,0.141403743093672
"ABCC5",-0.13341056300442,0.141546701828149
"POM121C",0.113335359765008,0.141617207007062
"IL12A",-0.4028892764566,0.141628255565765
"CASK",0.130559295229928,0.141660548372914
"ALOX12P2",-0.19279493361369,0.141666035485522
"ENSG00000227543",-0.658957383693533,0.141722989760875
"RBM41",-0.119942035835437,0.1417378044862
"RSRC2",0.100085180652452,0.141784903447058
"CAVIN1",-0.273118411303719,0.141787069999516
"ENSG00000309149",0.910572129515403,0.141919640172095
"ENSG00000227634",-0.518917366781256,0.141939199138551
"ENSG00000269151",-0.349034980422989,0.142119423320739
"SLC12A9",-0.198970370467223,0.142220277880844
"CFAP298-TCP10L",-0.186896576866431,0.142391672166827
"TMEM203",-0.109113582747179,0.142549335908932
"ZNF480",-0.109822352071367,0.142613751967394
"PRORSD1P",0.174233415733258,0.142628672892347
"PTRHD1",-0.145375300775764,0.142650403991125
"ENSG00000293999",-0.613112696240929,0.142693022235665
"DVL2",-0.113698242898115,0.142753697673279
"ENSG00000294710",-0.515512442316211,0.142863659324263
"WASHC1",0.151468926215909,0.142893386045196
"ODR4",0.121579051982974,0.142921177702028
"RACK1",-0.161886027834228,0.142947904159178
"ENSG00000289053",-0.740253637498149,0.142958567713511
"ENSG00000256664",0.296469861131925,0.142988352979055
"UBA2",-0.102701742051209,0.143051390723653
"TOB2",-0.104577173440026,0.143071164669134
"LIN54",0.104534618808741,0.143180404398009
"ENSG00000287104",0.406140471112179,0.143203040143711
"ZDHHC16",0.149860631296361,0.143235290110647
"SGMS1",0.165670603802916,0.143263649103764
"SIDT2",-0.176104842154001,0.143300133810621
"LINC02139",-0.890550542669545,0.143319478491962
"PABPC4",-0.103460540008071,0.143392670524956
"PER3",0.171655390588355,0.143436500672044
"ATG5",0.112750618943996,0.143560477406444
"ENSG00000287250",0.618674453980609,0.143609855385911
"SP100",-0.158199119241509,0.143803855377086
"MUSTN1",0.705613452927582,0.143841084020132
"ENSG00000272911",-0.678247848005993,0.143929820495915
"NHSL3",0.126953213452949,0.144030802144134
"NDUFA4",-0.124548868769698,0.144032495755758
"CHCHD1",-0.118656285419773,0.144241749660768
"GJC2",0.263203514676845,0.144444461266223
"SNORD118",-0.723794001096563,0.144514790156563
"IQCN",0.841610406877974,0.14454744831526
"SEMA6B",0.170426980178488,0.144590644082412
"WDR97",0.248441026058768,0.144666533671934
"ADCY9",0.111404768376425,0.144787131190413
"HIVEP1",0.155967366254026,0.144844853166224
"DYNLT3",-0.151215427655793,0.144883324414957
"GOT2",-0.113133921741433,0.144897824750335
"CNPPD1",-0.120251063180326,0.14495901839681
"ENSG00000260420",-0.691105743624622,0.145185396079183
"ENSG00000302039",0.509551787171867,0.145275863430437
"HOXA2",0.303264219026004,0.145276745907502
"ENSG00000280734",0.201846151069655,0.145309209686734
"CORO1C",0.102381842542784,0.145421626151898
"BPIFB2",0.161448815968644,0.145484163382369
"SDR42E2",0.859949070153527,0.145516272415925
"SEPTIN4-AS1",0.628616673605506,0.145521151270388
"EFCAB2",-0.128860596840966,0.14552402811278
"ENSG00000227388",0.207124424532717,0.145525565888898
"TBP",-0.100624089075154,0.145565201926684
"PANK1",0.156654213248484,0.145613070345958
"ZNF772",-0.143262341264512,0.145694235216406
"ENSG00000239791",0.307670016831098,0.145747469916431
"CYP39A1",-0.756456591847959,0.145768928585021
"MAPK8IP1",0.196520714348167,0.145806438576104
"FLVCR1-DT",0.159008022805595,0.146188386402727
"FKBP9P1",0.876845985712207,0.146305493154851
"LCIIAR",-0.393984620614491,0.146310287784555
"ENSG00000275097",0.492750391450376,0.146360289161161
"ENSG00000213443",-0.26524631253736,0.146466833236407
"ENSG00000278949",0.35670098470316,0.146490546194231
"LINC02754",-0.490808915521703,0.146531544762355
"ERICH2",-0.285288827975527,0.146628060644025
"ENSG00000294546",1.06851954444617,0.146675808385704
"CXXC1",0.130675809877876,0.146738968601321
"TCN2",-0.686302086058093,0.146785483457901
"GTF2H1",-0.115112009704433,0.14678855979756
"MAFG",0.105679513515357,0.146914461515598
"MAD2L2",-0.134850309915106,0.146932254467688
"SERF1A",-0.183449805807155,0.146934139666668
"ZNF446",-0.232291979813022,0.146998841643781
"LARP4B",0.0914276830939371,0.147117565920481
"GARS1",0.135918143376263,0.147210085632507
"TVP23C",0.166045697638849,0.14725360970988
"FNDC3A",0.0887012691346022,0.147364519771753
"APBA2",-0.370324439688864,0.147443140322449
"FAM120A",0.0939808332660961,0.147446717711605
"GAPDH",-0.181774133933951,0.14750802131854
"NPIPB8",0.504165359464744,0.147628039404535
"ENSG00000273139",-0.514430430419787,0.147642082985742
"ENSG00000273568",-0.699509790834362,0.147725786594729
"HCN2",0.603663655581865,0.147774159861557
"STIMATE",0.201894790194699,0.147778998467826
"FKBP7",-0.15483157549174,0.147890112358344
"C6orf163",-0.253068149735768,0.147976410391828
"TMEM277P",-0.799723378868543,0.148086510945435
"BRMS1",-0.135268650852525,0.148137956591124
"ENSG00000225345",-0.712037565833151,0.148172203772383
"VGF",-0.505661082069114,0.148247913550643
"CCL14",-0.258830000294515,0.148299450881336
"ENSG00000243302",0.326046401351564,0.148358923026956
"GDF11",0.30371190800856,0.148508762326104
"ENSG00000303801",-0.62422748916654,0.148655330090587
"ACVR1B",0.176171746438665,0.148665367964557
"VCAM1",0.879599798480917,0.148716361598218
"ACTRT3",-0.557406749839387,0.148736157565192
"CCDC162P",-1.07377518545448,0.148774998250408
"KRTAP3-1",-0.825007336484477,0.148829576952124
"ZNF710-AS1",0.584983050381384,0.148899478232933
"NEAT1",0.163837607984638,0.148977259510631
"ENSG00000305766",-0.524085756945641,0.14898433057677
"RASSF1-AS1",-0.477235935740994,0.148987418058057
"RARRES2",-0.170057586356416,0.149015814067514
"ARHGAP45",-0.353327305942473,0.149032163252909
"LIPT2",-0.309945712950807,0.149160475082387
"SLC1A4",0.142847457082081,0.149215263608731
"ENSG00000285091",0.937173158061196,0.149286659961476
"RPSA2",-0.135253235047671,0.149302131541657
"WNT3",-0.125720284179099,0.149390466997322
"ENSG00000259891",0.192852457747961,0.149537935323062
"ENSG00000257894",1.05216165289751,0.149683922304728
"ENSG00000248673",1.0107683512137,0.149859565410494
"GIPR",0.567193811615713,0.149866436751201
"RBFADN",-0.321433635556669,0.149909942819215
"ENSG00000217702",0.677094376676121,0.149988467014079
"ZNF687-AS1",-0.352993040625744,0.149989931405786
"GLB1L2",-0.291169336009261,0.15002992754997
"HMGN5",-0.364271997659816,0.15014831241817
"C1QTNF5",-0.860803364631205,0.150217047845976
"ENSG00000306167",-0.512464789758628,0.150270234010071
"SRSF9",-0.124078948034378,0.150288644366416
"RCN1",0.151872863480314,0.150378810561608
"ENSG00000262413",-0.653221496468477,0.150435340159879
"PIGBOS1",-0.173264842561675,0.150525515707654
"MEIS1",-0.193051070547293,0.150534494576624
"LOC124900414",1.17884891815769,0.150580765498701
"APOC3",-0.243611949232775,0.150601634401401
"IFIT2",0.486856094552189,0.150623411163882
"ENSG00000309527",0.566630059359518,0.150721465966309
"CEP85",0.100437544168777,0.150759654705657
"MYO1D-DT",-0.58829622289221,0.150844659332647
"ZC3H13",-0.12877849750649,0.150866012958158
"LOC105379829",-0.216853897846452,0.150908314410236
"TMEM260",0.140284710966088,0.150970638265091
"DPP7",0.265322973225958,0.150986723419624
"LOC124906262",0.153173760578909,0.150986974577947
"LINC02449",-0.679207950516346,0.151164064553584
"MRPS10",-0.107078534902915,0.151188549617729
"LINC01278",-0.115380842419082,0.151190141746103
"CUEDC1",0.166940872007647,0.151298657799758
"KLF5",0.341484397564408,0.151391778433741
"SPTAN1",0.0977688472809765,0.151398322121565
"ZNF416",-0.202397251610373,0.151420899616779
"ACAD9-DT",-0.27501600635,0.151437251921565
"BORCS6",0.181745817812195,0.15148920165802
"LOC124904001",-0.447901173471906,0.151513690652023
"ENSG00000271009",0.290857018805756,0.151553508867192
"MT-CO2",0.307907471862741,0.151587147086304
"ENSG00000279500",-0.392786199311479,0.151661114408707
"EMC9",-0.105324921468503,0.151745181281218
"KYNU",0.104361308262612,0.151776182507839
"CCNT2",0.101221878976476,0.151892187048383
"LINC00205",-0.128813929897913,0.151914167848061
"TMIGD2",0.681256750007049,0.152016403002093
"EFCAB11",0.149002796806011,0.152024675928854
"SLC25A53",0.395773195314005,0.152060223428907
"LINC01340",-0.571145890757386,0.152075470701626
"COL6A2",-0.56609350617861,0.152081612699715
"NR1I2",-0.209914131602136,0.152120007289937
"POU2F2",0.689334908963213,0.152237266458877
"ERAS",-0.499824030473044,0.152238652067199
"EHMT2-AS1",0.609434180673579,0.152269754817294
"APBB1",0.323568997427694,0.152282504947225
"C8orf82",-0.157598953665939,0.152558887049205
"METTL18",-0.211740557736315,0.152641463909907
"ZDHHC21",0.138148279813814,0.152652110035569
"MTMR2",0.112031439457409,0.152653033489805
"NXPH3",1.28658140998701,0.152791182602078
"ENSG00000286608",0.517147827923969,0.152806089389384
"SPARC",0.177869155428416,0.15295203166831
"LNCTAM34A",-0.317489891567854,0.152997371640537
"PRMT5",-0.095396441008518,0.153025354453415
"ZHX1",-0.111024752611856,0.153079542198224
"PPME1",-0.107382020783022,0.153098998686121
"PSMA6",-0.108651982973742,0.153101161320007
"ENSG00000272807",0.424064459991232,0.153227132514542
"GPAM",-0.276290227754233,0.153275930161024
"NPHP3-ACAD11",0.937436583222468,0.153340711834465
"PGLYRP2",-0.649175228321689,0.153374711825382
"LOC105373554",0.63758827301284,0.153463610580921
"SLX1A-SULT1A3",-0.254473595611757,0.153580286400502
"ZNF253",-0.166554419482987,0.153707559660017
"ENSG00000267082",-1.01155113086334,0.153808969569978
"NR3C1",-0.139283693409366,0.153825160820644
"ENSG00000289396",0.400639588846329,0.153877461902481
"SNAP25-AS1",0.46737610790574,0.153972148391405
"TRMU",0.0981883363199764,0.154016191301888
"COA7",-0.136457764870852,0.154049165270569
"ENSG00000283128",-0.566713285938145,0.154055231469667
"ENSG00000228839",1.01863625333507,0.154147197338117
"MTCO1P12",0.263424362420922,0.15421433870695
"ENSG00000301866",-0.442077852655864,0.15441473059037
"ADAMTS7",-0.85192801496102,0.154502483054637
"ENSG00000273174",0.999143389661996,0.154515806662968
"TAS2R19",0.836582914115484,0.154689893223677
"SEC61A2",-0.121410173986508,0.154739352975176
"RGMB",-0.188332110288018,0.154765296358363
"BBS12",0.393905894318988,0.154934084500636
"ENSG00000276791",-0.275506008112282,0.15496281688205
"KCTD14",-0.191280477886669,0.155138563549045
"ENSG00000279283",0.26870318419973,0.155163232492833
"ENSG00000291296",-0.50680774838726,0.155215106033396
"E2F5",-0.164915834877337,0.155329503535448
"CRACD",-0.237695461984766,0.155330102757287
"KIAA1143",-0.122885894744326,0.155353459912364
"PDCD6-AHRR",2.00874708301881,0.155357138255933
"BMP8B",-0.430388202384757,0.155423671466646
"SLC9A5",0.345499007254339,0.15555837759813
"NKPD1",1.0131216605546,0.155709296648169
"BAIAP2L1",-0.14674920125504,0.155825676291416
"RNF40",-0.0981607431615321,0.156195211344139
"NAGLU",-0.177552846522404,0.156352289925971
"ZNF155",0.177134400700093,0.15648664912286
"NSMCE2",0.134309358250136,0.156708889324637
"ALKBH4",0.135570816079367,0.156722795949572
"ARHGAP42",-0.259678094125897,0.156847443086954
"VASH2",-0.228874190479381,0.156958545659625
"FAM151B",0.513461449221069,0.157008500429779
"COL5A2",-0.263678963790294,0.157055299695882
"TSNAX",-0.128631277908581,0.157108098031752
"PHYHIPL",0.113073844083147,0.157258909904649
"KRR1",-0.104352835002458,0.157277403879582
"ENSG00000285851",0.427589517396924,0.157341440501653
"DSCAML1",0.390116776930526,0.157377401266406
"CENPI",0.16068669359109,0.157490578346961
"TBL1X",0.106660496832642,0.157591597468251
"ENSG00000298027",-0.789067402232393,0.15767332251216
"GLRX3",-0.159113506364881,0.157752329198854
"NKAPD1",-0.12106107480171,0.157781246422374
"ENSG00000260166",0.734119927676496,0.157917454072339
"ENSG00000254812",-0.740175664461725,0.157939302107682
"LRRC37A3",-0.279383037498879,0.158032133696592
"SLC28A2-AS1",-0.558174956482628,0.158050273169729
"METTL21A",-0.12914951813503,0.158212871246294
"TTC14",0.138450080728278,0.158276443303759
"RGR",0.439658096470495,0.158312291029311
"ENSG00000267191",-0.31966108200652,0.158357565481385
"MYH9-DT",-0.566553580640125,0.158380248115021
"TMCO3",0.132159508829778,0.158445328943348
"CCDC198",-0.687416195448472,0.158483723176806
"SYNPO",-0.729143588909798,0.158502398569008
"ENSG00000279108",0.58937674253737,0.158506140708817
"TENT5C",1.60595358219032,0.15854710125737
"GLMN",0.149314001803457,0.158560707418789
"BAG4",0.109466832390715,0.158607754776101
"ENSG00000309392",0.472970860928282,0.15869444280666
"SPATA31H1",0.280765110126252,0.158786962620109
"LRRC56",-0.351244873886162,0.158808197809944
"SYT9-AS1",0.451700472910827,0.1589314633239
"ZNF71",0.182934396019415,0.158955511867791
"ENSG00000225880",-0.0969564012470241,0.159120608655569
"APBB2",0.140977892548718,0.159287602942418
"ZNHIT1",0.0978133353878764,0.15930631143664
"LOC100506235",-0.357322220079717,0.159546194147554
"SHLD2P3",0.142983021329022,0.159616516977728
"PARP10",-0.130485534141425,0.159694699001173
"CCAR2",0.0912268320628185,0.159696608950111
"ENSG00000259378",0.548919061601597,0.159708509263205
"KAT7",0.127020096914477,0.159726894445523
"ANGEL1",-0.128005327446172,0.159728503038212
"WDR62",0.183188111124471,0.159759509161763
"AKT1S1",0.106801211354086,0.159903720668517
"PPIL3",-0.0928877216360961,0.160062332794971
"ENSG00000289496",0.302409904119819,0.160208937217215
"ENSG00000289100",0.183053646246073,0.16028588208412
"NOSIP",-0.099635371583357,0.160319779568117
"CFI",0.0984147476339521,0.160330849286525
"MLX",-0.0847361693721716,0.160335290839976
"PPP1R3D",-0.210623073357232,0.160468516967214
"SNAPC1",-0.160799126881048,0.160533266936255
"ENSG00000305025",-0.732355810972181,0.16057064950313
"JADE1",-0.0931982187942501,0.160645378039204
"PNLIPRP2",-0.512217511714056,0.160666835937504
"NFIA",0.176681745440313,0.160808746874895
"ENSG00000240695",-0.731174945685518,0.161104420280869
"H2AC15",0.239159101823434,0.161168446426636
"RHOBTB2",-0.132531058281838,0.161178098012661
"ENSG00000261211",0.358781562842027,0.16122091698054
"DSE",0.245195157375872,0.161235642390081
"DMXL2",-0.170374453255705,0.161250250112679
"ENSG00000290848",-0.464684658900951,0.161326451581601
"ARL2",-0.113978442786855,0.161437749303084
"SOWAHA",0.429033615964274,0.161439459002014
"THEMIS2",-0.633459926326662,0.161516235687156
"ENSG00000296118",0.881714331323929,0.161566445314897
"COPS3",-0.113367266326971,0.161701017203601
"HSD17B6",0.350402164482288,0.16187064858714
"LOH12CR2",-0.476694986966099,0.16189019649825
"ENSG00000288721",-0.305412247188564,0.161931308502874
"ANKRD10",0.111977630218227,0.161963248453606
"TLE5",-0.12947646189574,0.161992295593527
"EIF3E",0.129643744677903,0.162144588754008
"LOC124902696",-0.583579222541593,0.162161412092966
"TOR2A",-0.143617384627419,0.162262697634558
"IFT52",-0.102278521242812,0.16229465759
"CLEC18B",0.506094528739331,0.162343346472759
"ENSG00000243679",0.241037924090393,0.162417716463068
"RNPEP",-0.108358702568031,0.162544464912382
"PRDX4",0.119289984018236,0.162550378116516
"ENSG00000289401",0.401811139995421,0.16257115592087
"PROB1",0.209517882262002,0.163066425468622
"ATP2C1",0.097124871280414,0.163094004495712
"TREX2",-0.741055143097232,0.163151040443037
"OSTM1",-0.126094623556235,0.163338658399009
"SCAMP5",-0.09477040639342,0.163361950371958
"PSMD9",-0.114452354092986,0.163363115388283
"LCA5L",-0.583987315827891,0.163386590720283
"RND1",0.216669432829741,0.163425120652595
"CIMIP2B",-0.368772882451596,0.163658319512765
"ENSG00000274292",0.373079417836961,0.163805380727685
"LOC105375259",-0.732458114001146,0.164140009526291
"SPG21",-0.101745532149306,0.164207579805995
"NAT14",-0.153759399357384,0.164262427170952
"ZNF295-AS1",-0.279469607063965,0.164284847086933
"SPON2",0.154517844074989,0.164417642279941
"ENSG00000306637",-0.725892201460971,0.164458120792303
"ENSG00000245322",0.417518308161954,0.16446783275644
"MHENCR",0.118503724108927,0.164515269226823
"WDFY1",0.0794229005372517,0.164553448792038
"ZNF213-AS1",-0.128352758034285,0.164923976289113
"ENSG00000248740",-0.317446936410137,0.164942151377715
"NACA",-0.140752902611724,0.164957692892633
"FTH1P10",0.427938910703918,0.164967024446475
"PODXL",0.549125174076079,0.1651108723472
"ENSG00000259915",0.358235838605142,0.165276904420787
"ECE1",0.119755022658698,0.165358651133122
"RELL2",-0.140165551435525,0.165434075832864
"LINC02987",0.170303931962804,0.165435370288538
"ENSG00000185168",0.564580139286274,0.165568948722249
"ZNF131",0.101658755733943,0.165586472873095
"ENSG00000198406",-0.641448795738933,0.165587754704385
"RPL21P14",-0.461459464834932,0.165776254537533
"CYP21A1P",0.198321911562162,0.165813089796123
"RN7SL731P",-1.20175127941986,0.165890358050431
"PAIP1",-0.0876773328532401,0.165937409937489
"ERCC6L2",0.10819887757531,0.165997048973058
"ENSG00000275263",-0.564404731033166,0.166048782710889
"TTC27",-0.116582160505179,0.166095805018962
"SMIM5",-0.52567207557715,0.166155863844693
"ENSG00000298532",-0.398980545894367,0.166237180918328
"RNF126",-0.0888723516591673,0.166284235064244
"ENSG00000278202",0.442684914699963,0.166288043053457
"SDHAF2",0.107088380142523,0.16634530763333
"LINC03015",-0.517045631933118,0.166410732411169
"ALKBH6",0.124205021388242,0.166448882326619
"VAPA",-0.10370233114706,0.166495246845665
"ALDH8A1",-0.415053364705606,0.166712387003131
"FKTN",0.0973155372805365,0.166721613613492
"PPP1R26-AS1",0.207288250150554,0.166764070613388
"ADGRG1",0.35866120890657,0.166801453893595
"RASSF1",-0.134116216545084,0.166914259396431
"HCG18",-0.108569705083074,0.166955713953183
"ZFY",0.128888940308691,0.166995848693624
"SNRNP27",0.128521411223219,0.167021854430614
"LOC124900193",0.282174618484227,0.1672291250979
"ENSG00000237188",-0.602321154556047,0.167258588864537
"PCDHB6",0.729360264733886,0.167354528946989
"ENSG00000261485",0.223794593495866,0.167355933986647
"PINLYP",-0.528476040106642,0.167462016254459
"ZNF596",0.225201294360659,0.167623918366365
"ENSG00000300036",-0.442592973354341,0.167690602188349
"ENSG00000300973",0.731089399325828,0.167705261583511
"PPP2R5E",0.101030001390238,0.167735475958233
"RPL18A",-0.154471809199666,0.167799352093602
"TFAM",-0.106914392986666,0.167831818007662
"TTC3",0.0913955461957267,0.167879500379806
"AUP1",0.10672949967451,0.168022471681959
"ENSG00000277440",-0.532410005279597,0.168156684166226
"VAPB",0.0856226457437114,0.16822925311348
"EXOSC1",-0.138471607705684,0.168277961964403
"FXYD2",0.272948454843464,0.168322164519709
"NFKBIE",0.132355644750075,0.168334540657709
"PAQR7",0.117819649240021,0.16837359133883
"ENSG00000288586",0.402981588895497,0.168683071473173
"ENSG00000275719",-0.441751898185753,0.168750147549597
"SMC1A",0.106148493367614,0.168766037344016
"ENSG00000287074",0.870337825501606,0.16881282361161
"FSTL3",-0.123441460145204,0.168977802813258
"UBXN2B",-0.166997728834434,0.169037593697121
"SLC25A12",0.152939075838151,0.169063086378891
"MTATP6P1",0.288778299839983,0.169147198762942
"ENSG00000269189",0.932111801620291,0.169258732223769
"ENSG00000305513",-0.411687383272163,0.169316721408223
"ENSG00000226608",-0.326204573687457,0.169383995990921
"RPS2P14",-0.395233984255083,0.16938807797851
"NAT8L",0.195037934097132,0.16958342484245
"ENSG00000261338",0.560676130834357,0.169602641184998
"DIP2C",0.139935515011511,0.16975888765173
"CCDC102A",-0.285133303815407,0.169992907439465
"NDUFA4L2",-0.608179457230261,0.170013079757914
"SEC61A1",0.127028031972922,0.170297444014673
"ZNF829",-0.309524407555468,0.170453187417328
"MACROD2",0.569234707069065,0.170502966373207
"ENSG00000310238",-0.212879344092321,0.170571729803729
"SLC35G1",-0.162166631468074,0.170601900517046
"ENSG00000278601",1.17287969458635,0.170707354502223
"CRYBB2P1",0.102111262567966,0.170714516463703
"CLDN2",-0.319357247196908,0.170734666844317
"ENSG00000285669",-0.326635337016071,0.170741430918788
"ENSG00000224358",-0.593234719491125,0.170775150428552
"UQCC1",0.0780894056597774,0.170775731878546
"SLC38A3",-0.213721872388743,0.170902321521418
"ZNF841",-0.143777136626835,0.17101862415134
"UBE2I",-0.100342678210418,0.171102315541723
"SMIM8",-0.152187940303386,0.171189500914514
"ENSG00000279722",0.433520832227914,0.17120957881112
"TRIP6",0.356063594048708,0.171276776535951
"ZNF833P",0.211425232484081,0.171415539064419
"ARIH2",-0.0867821899592761,0.171448233084956
"ENSG00000250461",0.875576780224073,0.171533349980411
"ENSG00000300885",1.22338515539163,0.17153363454637
"NOTCH2NLC",-0.285712466954651,0.171598189850491
"GNPDA2",-0.175298354074735,0.17165270564259
"RAB3IP",-0.100871587701056,0.171660796526964
"ENSG00000288849",-1.30779337572094,0.171680623439266
"SPATS2L",-0.216868041206715,0.171681838192059
"COLGALT2",0.416609196135209,0.171794557362656
"PARD6B",0.132289986888218,0.17182890866985
"ENSG00000251661",0.795090471975275,0.171835664483752
"ENSG00000284959",-0.276255420411364,0.171896000958166
"CDC42SE2",0.103520413801722,0.172017479031496
"PHIP",0.10251922407691,0.172135406492009
"ZNF746",0.119551879111903,0.172136590467409
"ENSG00000223393",-0.722283529833744,0.172152943975246
"GTF2IRD1",-0.148045669147427,0.172247613665181
"GCSHP5",-0.272186717369826,0.172316960090036
"NDUFV1",0.0774599237281024,0.172371556696727
"YBX3",-0.146773211407603,0.172471562131481
"TUG1",-0.0882347075529698,0.172641263762049
"ENSG00000271672",-1.25749328636366,0.172671939295902
"ZNF491",-0.392046931257374,0.17268549265787
"ARPC5",0.11521001508355,0.172714654028059
"ENSG00000276698",-0.216328473993509,0.172788411274374
"RGL1",-0.208701955859387,0.172850082287302
"IMMT",-0.107190119250017,0.172875935899702
"TYW5",0.122016564225966,0.173088492497704
"PI4KAP1",0.138616419253955,0.173144477669479
"BCDIN3D",-0.202692438093764,0.173192930537008
"HIC1",-0.549588473920222,0.173274815305566
"TRIP13",-0.121879214431098,0.173320082747917
"TNRC6A",0.08426401722586,0.173382750096695
"ENSG00000255224",-0.279816084574499,0.17345700264647
"RINL",0.14627374973896,0.173517500193498
"TRIT1",0.101430799322899,0.173743666848715
"KRT10",-0.115259776606546,0.173820743190944
"CSTF1",0.0877089123744082,0.173876687383366
"AGAP2-AS1",0.282640486032508,0.173910678860986
"PTPRU",0.145565473560292,0.173982030273227
"CHURC1-FNTB",-0.484128418984073,0.174045303949403
"FLJ32255",0.183784791810853,0.174358846884964
"ARRB2",0.100946372717804,0.174380127460215
"CTDSPL2",-0.0991759458359778,0.174382428675022
"TMSB4Y",-0.648678393828301,0.174440062749507
"TEX264",-0.111423616979782,0.174573199228741
"SHOX2",-0.481352557940154,0.174689112157014
"ENSG00000296560",-0.555910080185565,0.174791412231163
"RBBP8-AS1",-0.405970982583463,0.1748092331767
"DNAJC16",0.15319002639494,0.174884356572532
"RAB11FIP4",0.16704334944111,0.1748921110049
"HSPA1L",-0.223768028895923,0.174900042915102
"PI4K2B",-0.102759636045799,0.175052817441576
"KCTD5",-0.0956722186185087,0.175069627418547
"LOC730098",-0.462419267316613,0.175082508394192
"HSD52",0.667658475000509,0.175224575239227
"C20orf203",0.498475199090482,0.175356904738367
"MARVELD2",-0.127443550940979,0.175359624843337
"ENSG00000270761",-0.473864532168192,0.175499592061015
"INTS9",0.10890644286451,0.175506882260933
"ENSG00000251634",0.341231715043917,0.175634037651612
"ENSG00000283228",0.22836807233665,0.17567951644403
"ENSG00000297885",-0.204532725663608,0.175715640714398
"RPS2P49",0.410848190019823,0.175770868640912
"TASP1",-0.126827957198199,0.175799714831814
"RFX3",-0.145873318178235,0.17590832481131
"ENSG00000132967",-0.193116164620685,0.176037069634101
"ENSG00000237017",-0.42812126051954,0.176291566409696
"ENSG00000274227",-0.755119675643551,0.176584013568867
"SUGT1",-0.112976984200066,0.176602809145813
"MYL9",-0.296077990489101,0.176706928032877
"PMS2CL",-0.458517683428516,0.176712477054681
"ENSG00000225680",0.474905113285777,0.176839052036838
"ENSG00000236528",0.404402566415676,0.176942131621935
"CCDC117",0.11050963469557,0.177062232769587
"CYP17A1",0.355726428608435,0.177066487944789
"ENSG00000188185",0.169920081270807,0.177152307642725
"MASP1",0.109753120541051,0.177197456851652
"LINC02851",-0.15180608813327,0.17764415589405
"ENSG00000231881",0.428608854496371,0.177654526216175
"LSM3",-0.128645648241596,0.177730275464889
"ENSG00000303747",0.415256769396037,0.177890857556882
"ENSG00000286205",-0.450538889511236,0.177905101727865
"CLCN5",0.142137833365493,0.178094176952719
"LOXL3",-0.651208016450538,0.178198437260804
"ENSG00000276663",0.432776918663462,0.178219413704676
"ENSG00000298058",-0.444885234655092,0.178269462178666
"ENSG00000295057",-0.731005833602946,0.178283077448185
"TPI1",-0.195233923706293,0.178332848099096
"ENSG00000283236",0.321457718322051,0.178351587752209
"AKAP11",-0.0938240493356008,0.178436189782609
"DENND1A",0.122012072161418,0.178534280222664
"PLAC1",0.276579399261147,0.178547867753695
"EBLN2",0.308913911961548,0.178687867096131
"CA3",-0.241062216561454,0.178783011824944
"ENSG00000197536",-0.342145032747968,0.178834705707777
"GRK6",-0.127824875147472,0.17886661805431
"DCLRE1C",-0.148903895486119,0.178984176668144
"FAM76A",-0.161833161089833,0.179087854189861
"LOC105374263",-0.27512329947994,0.179093179677125
"NOVA1",0.489419498333204,0.179130765834849
"ENSG00000286835",-0.253809143545026,0.179177076827448
"ENSG00000272525",0.338440287532724,0.179193675059547
"RPS8",-0.134064700782501,0.179197009959842
"ALDH7A1",0.0858797517776856,0.179356229179351
"MSANTD2-AS1",0.189468713287057,0.179370095484852
"ENSG00000258964",-0.567181538521188,0.179508957764333
"ENSG00000273155",0.609952459020389,0.179675923654986
"GABPA",0.104389283088428,0.179792207077725
"LOC124900217",-0.194929124098519,0.179891948754876
"UBQLN2",0.124882785911504,0.17991988170999
"LMCD1-AS1",-0.466938170534933,0.179984724070731
"RAP1B",0.0990907104924078,0.180030081518904
"CLPB",0.111402605933922,0.180057704508756
"EHD2",-0.628012765187685,0.180108815866211
"ENSG00000224728",-0.973086313391413,0.180125396349625
"MYO1F",-0.544815758733306,0.180368622888075
"ENSG00000268573",0.259749500384783,0.180411560222201
"FJX1",-0.542345616311348,0.180431355835762
"TMED4",0.0970404379521416,0.180510798875743
"HCFC2",0.162164443331179,0.180551249679192
"TSPAN7",0.119862092566108,0.180660379084023
"ENSG00000271778",0.5846830310152,0.180660835815961
"RMC1",0.124266698291435,0.18086204029858
"NUCB1",0.101825683370938,0.181045401742066
"ENSG00000285081",0.392526206133326,0.181098075863235
"ENSG00000298153",-0.384979600037843,0.18117967747815
"ENSG00000295937",0.157250926133028,0.181210016452291
"ENSG00000285314",0.471483850173219,0.181321622110661
"ENSG00000289909",-0.55769478782724,0.181326769715762
"KLHL26",-0.168099773176022,0.18138137874692
"SYT5",0.803220946349166,0.18144134663504
"TCF20",0.0809727812243937,0.181475506951223
"TMX1",0.114444602873088,0.181590679750828
"TMEM54",-0.422686156448284,0.181663788030089
"ANO3",-0.30699149370642,0.18183071369234
"TXNRD1",-0.123005939191409,0.18188191257906
"ZG16B",-0.287843161481153,0.181918585716365
"LOC105379109",-0.62833539682157,0.182149071106045
"S100A11",-0.361076692748517,0.18221691118448
"ENSG00000287771",0.725000065027155,0.182404065869616
"LAMC3",0.945271493290477,0.182878853815778
"PCP4L1",-0.592389534106531,0.182942716809185
"ATP6V1D",-0.143676526047706,0.183092186751922
"CMIP",0.116062798968474,0.183172953705362
"ZEB1-AS1",0.137395595849944,0.183222831971036
"NOM1",0.110480593995245,0.183282022819358
"ENSG00000258465",-0.56823557458462,0.18341318337816
"ENSG00000224861",-0.357664449671984,0.183468490624575
"NACC2",0.0900531328637039,0.183490219057883
"LOC102724883",-0.478672903967706,0.18353898348318
"ZNF460",0.197046722286516,0.183618190342043
"ENSG00000249129",-0.420089907745641,0.183687555125828
"DBN1",-0.164747303276963,0.183777616496572
"MPRIP",0.0798832327708989,0.183829502675018
"CPQ",0.143827013279283,0.183846352189947
"METTL8",0.0965640718096,0.183850403732922
"C15orf61",0.149942193448546,0.184031743513951
"RBM17",-0.0863218253159556,0.184190109201488
"ENSG00000223478",-0.32256378642148,0.184290238509602
"NPIPB4",-0.108727998503775,0.184312238252693
"ENSG00000226253",-0.728941661556884,0.184558079593429
"ITGB2",-0.197340754096636,0.184661075660045
"ZNF564",-0.115241659273975,0.184720671331218
"ATP5IF1",-0.101081264823177,0.184880524371204
"PFDN4",0.12935733996035,0.18492824961686
"COA1",0.0845095242311873,0.185095881039865
"ENSG00000272072",0.937238814821866,0.185124935873596
"CDKL3",0.319420174041777,0.185141397055803
"AKIP1",-0.155577772922514,0.185203705056743
"KANSL1-AS1",-0.430572744086237,0.185245488160996
"QPCTL",-0.129991942229095,0.185252562149244
"PDF",-0.134458111020764,0.185499866370453
"LOC105374927",0.405331787946791,0.185605822129938
"ZNF680",-0.17105415222968,0.185835209175318
"ENSG00000310534",-0.726092726892245,0.185905776858982
"ENSG00000177946",-0.965155850109296,0.185926523229359
"GRAP",0.459660497323806,0.185927015904408
"ACRBP",0.603416538679759,0.186038208751152
"NBL1",0.302427438470398,0.186087435918852
"ACOT13",-0.244665478029914,0.186182511977565
"CHRNA7",0.489633661178388,0.186192404018463
"ENSG00000278784",0.192005753030943,0.186322044215744
"ENSG00000291262",2.1149085557405,0.186583713297598
"ENSG00000234832",0.648165026184858,0.186617505176776
"RBBP5",0.104584140002908,0.186629482148648
"RPS7P10",0.545442012586747,0.186635964172746
"SBNO2",-0.100606734614713,0.186668917619542
"NDUFV2P1",-0.237647282400992,0.186689485107071
"CCNYL1",0.0881208243021209,0.186930407008769
"ENSG00000269968",-0.500581954141313,0.187066416010649
"GID4",0.123842882848668,0.187238265389256
"PHF3",0.081609591045428,0.187330884233431
"ENSG00000286240",0.367970551792253,0.187377850062143
"RNF5",0.108270627178514,0.187447259974958
"ENSG00000225447",0.362386672135724,0.187548097854009
"TTC6",0.164722492901922,0.187577603093693
"ENSG00000184068",0.456481106165135,0.187646796815021
"GLIS2-AS1",-0.606201228652442,0.18766715287895
"CHRND",-0.790823522181331,0.187686817632607
"CEL",0.226758139544881,0.187751726832936
"C12orf75",-0.321768620380473,0.18780353568669
"ZNF543",-0.154152261581096,0.187927900293226
"TMEM255A",-0.349516440836427,0.188204722505785
"MAD2L1BP",-0.123431993970414,0.188246336418081
"ENSG00000308747",0.247573740634935,0.188260855820091
"GADD45B",0.209469766183448,0.188290673007951
"ENSG00000271918",-0.184789189652239,0.188294040188263
"RFPL3S",0.548291465537317,0.188431872500126
"KIAA0930",0.121436097701856,0.188433419643322
"ENSG00000214439",1.80659571386847,0.188478546596512
"CCDC122",-0.298932448252202,0.188506832773494
"ZNF133",0.106214376473713,0.188531472789564
"LOC107985940",0.503213043721152,0.188882186527221
"C2orf74",-0.279286978313996,0.188997700846605
"ENSG00000246560",0.257521186120427,0.189036354122793
"LIF-AS2",-0.605083956140193,0.189057356293965
"HDAC1",-0.0823479778245541,0.189079221844314
"APPL1",0.0926001321285526,0.18913058183483
"CFAP92",0.657803533439316,0.18917747119479
"ENSG00000270091",0.752851794291266,0.189258659930967
"ENSG00000288998",-0.78569402733871,0.189272218695857
"HNRNPA3",-0.0926456453606762,0.189374939142478
"NDST2",0.110392285097978,0.189384339772503
"CHRFAM7A",0.655665023379777,0.189393562742081
"ENSG00000286964",-0.402833079030697,0.189477000200372
"ERCC4",-0.114802305394959,0.18959614056431
"ENSG00000295133",0.730335718044004,0.189613226116287
"CHID1",-0.107810634761701,0.189659215046492
"ZNF648",-0.68659943540818,0.189684886889297
"ENSG00000289393",-0.289725981352587,0.189745360125304
"CHD8",0.0852353010586176,0.189829796854082
"ENSG00000289293",0.472705948235251,0.189914810695173
"LASP1",0.158614440526924,0.189981392178771
"ENSG00000226445",0.428254936644891,0.189989177251347
"ENSG00000266820",1.43989234741881,0.190004978552749
"ENSG00000230555",0.382188203513232,0.190013082227087
"SNHG32",-0.124715906728668,0.19012236357209
"ENSG00000289059",-0.486736947307508,0.190143430265481
"SOX4",-0.281138913984104,0.190238000416991
"TXLNA",0.0882898774052022,0.190327194141147
"ENSG00000260498",-0.682574193584026,0.190413009325265
"BDP1",-0.146301584169353,0.190569454248405
"SCAT8",-0.641394595455802,0.19057418536826
"TMPO",0.0971811892742593,0.190728957324616
"ENSG00000269925",-0.537354618471766,0.190749086760206
"ENSG00000269997",0.485210989096004,0.190760875011654
"ENSG00000255046",0.463816699486405,0.191057675171233
"ZNF92",0.117197438082613,0.191193305131198
"TRIM31-AS1",-0.223762089092333,0.191278915389398
"ENSG00000289931",0.584458274446948,0.191389426138697
"PLXNA1",0.0877379102514352,0.191661963936528
"MUC5B",-0.412751810336368,0.191731125377101
"AGAP9",0.173001549672176,0.191781455852266
"KIFAP3",-0.15343567214284,0.191914602292071
"BTBD7",0.10361202691987,0.191967982992022
"TMEM160",-0.15199162012449,0.192060144035384
"ALDOA",-0.19449841254231,0.192240761258229
"TVP23C-CDRT4",-0.272060804948489,0.192305255900271
"CCDC69",-0.163879432152282,0.192383629858673
"RPL10P16",-0.279620044369295,0.192458295715797
"MAP4K1",-0.257208337092447,0.192543376989389
"TRMT10C",-0.12415840597297,0.192601255101199
"HS1BP3-IT1",-0.211339412804471,0.192616923236073
"NUP98",-0.0770820032684826,0.192747480967494
"SAMM50",-0.0853807717907933,0.192989532639384
"SNRPC",-0.104522259759327,0.192998515217904
"IER3IP1",0.101477284489615,0.193012286907121
"MAN2B2",-0.0944398546038157,0.193145644895744
"ENSG00000293801",0.6913097010834,0.193354610192751
"VLDLR-AS1",-0.668845317879322,0.193569343761811
"ENSG00000285728",-0.3840856271499,0.193570888591921
"C2CD4A",-0.484770753672393,0.193587510010287
"KAT8",-0.0872468644936322,0.193620191552662
"PEG13",0.29914234231388,0.193745701109936
"ACE2",-0.290732472073124,0.193774934022501
"LINC01347",-0.31872773074845,0.193810792836732
"ENSG00000273618",-0.510253944826646,0.193826952274184
"ZNF737",-0.178775764453565,0.193983895316948
"FUT6",0.140917669935428,0.193993118277905
"ENSG00000289595",-0.189606331817148,0.194058729462196
"TNNT1",-0.578541480104487,0.194061356172429
"ENSG00000284633",0.387884285440263,0.194124696730075
"TGFBRAP1",0.10378710798093,0.194150228938013
"DBH-AS1",-0.150746830742327,0.194163320939177
"CASTOR1",0.235646908142954,0.19418494499887
"GNPNAT1",-0.0886095103563107,0.194348410341889
"NOB1",0.0984207585499763,0.194456058426239
"LDAH",-0.0956447300092572,0.194611879433234
"ASPH",0.124665451384889,0.194677568540752
"ZNF555",0.147220413316022,0.194793780568321
"PIM2",0.127835696806498,0.194896306166731
"RIT1",0.132467518041707,0.194929145199642
"NHERF2",-0.150057787881949,0.195076161781296
"TNFRSF13C",-0.514793972978018,0.195178576873295
"SETD4",0.123877651372195,0.195281358332571
"ELOVL2-AS1",0.367560154680958,0.195295633611556
"NIPSNAP2",-0.116436860302024,0.195518631683157
"RNF20",-0.0934069709489544,0.195576529012136
"TMEM123-DT",-0.43397353321286,0.195610624246744
"C12orf57",-0.140273584556738,0.195662698828154
"ENSG00000257139",-0.381853236374208,0.195776345582687
"HS1BP3",0.146081609221754,0.195938010854926
"ZNF75A",-0.282305580617482,0.196009582755995
"SPOUT1",-0.0934881639767442,0.196103995727626
"ZNF408",-0.114445442500731,0.196151653393846
"CDC23",0.0799146105836965,0.196314937185814
"GMDS",-0.236918961638059,0.196479202358376
"MOGS",0.108662203808193,0.196535142087679
"CHKB",0.0975438267756777,0.196553091372092
"GNAI1",0.248003976175794,0.196708281101891
"NAPA",0.101688477971834,0.196731607406964
"ENSG00000275029",-0.514840827049692,0.196802261590056
"IGLON5",-0.484562969257185,0.196821471174543
"MYLK-AS1",-0.203424803912335,0.196925354723789
"DBR1",-0.102837501547277,0.196989635377191
"GLT8D1",0.105537273320866,0.197208052089021
"ZNF594",-0.133436014635758,0.197238340633475
"TAT-AS1",0.372094862710654,0.197250337337699
"C6orf62",0.0827724879443248,0.197280323243022
"SH3PXD2A",-0.0990337654884204,0.197309698185701
"TSC22D1-AS1",0.508760483170211,0.19734391715836
"KDSR-DT",-0.610503126329429,0.197443502327709
"ENSG00000310415",-0.293409575067336,0.197456998502108
"MYO15A",-0.496641708305114,0.19775660881427
"ENSG00000226334",0.526019724906709,0.197795192068833
"PAQR5",0.540485659710167,0.197808037848364
"UGT2B7",0.112644184204535,0.197901982219835
"SNAPC2",0.114704461645213,0.197910004777291
"UBE2F",0.101136464050175,0.198111017010557
"LINC02525",-0.27014432632465,0.198151823830264
"STK39",-0.157560486233129,0.198153191185703
"ENSG00000285329",-0.318788522624284,0.198403216463263
"BIN3",-0.11914290071533,0.198439215388406
"TAF9",-0.0898571859418954,0.198470111065211
"CCDC7",0.333380614769044,0.198510408193449
"SAP30BP",-0.0810614482039704,0.198573579091234
"KIAA2013",0.0968072175185424,0.1987077272025
"ENSG00000263934",0.341901481349407,0.198730296349375
"ENSG00000289277",-0.47261571055137,0.198837457705551
"CKLF-CMTM1",-0.656934069276719,0.198891559669795
"PDE6C",0.687538818918184,0.198962507074754
"RBMX2",-0.108105301072253,0.198991736119107
"ZNF703",-0.136904995699336,0.199029758687994
"SYTL2",0.435361978183939,0.199198782974868
"MEF2A",-0.0921730361507819,0.19951943034676
"AK9",0.230339647506776,0.199675676547459
"ABCA8",0.678162925728842,0.199712672446863
"RPL11P3",0.586081713129661,0.19975883554295
"ENSG00000295329",-0.468839060987468,0.199784323491929
"ENSG00000261346",-0.485287925463788,0.199831564324568
"ENSG00000262766",0.496928654622108,0.199899849251714
"ITPRIPL2",-0.115007391520138,0.199914248309026
"UBAP1",0.108966864159204,0.199984843476009
"LOC727751",0.147433481031332,0.199995223783536
"TMEM8B",-0.141589717743504,0.200084780995769
"HYAL2",-0.112755978780287,0.20009166564984
"ATP10D",0.221114897200311,0.200098139360152
"GPR179",-0.519841313167384,0.200148615516855
"ENSG00000296499",0.61752012289077,0.200259093599105
"SCRIB",0.112313796914011,0.200310719400652
"COLCA1",-0.295669649254447,0.200346207001491
"ZDHHC17",0.0999915178144216,0.200375117065955
"RETSAT",0.102977636057956,0.200440725194179
"RHPN2",0.179399602795467,0.200604643856248
"RPSA",-0.108077783060595,0.200737550874296
"UCN",0.23832978264256,0.200753724417912
"ENSG00000271151",-0.287695020773651,0.200789543292608
"LBHD1",0.177282535949827,0.200854204408931
"ENSG00000299646",-0.588972161022304,0.200855763155515
"ENSG00000232098",-0.109668369831368,0.201006076090701
"ENSG00000272195",-0.629055834739675,0.201211848759462
"MTND2P28",0.338174090742207,0.201338429296372
"ENSG00000288756",-0.425220471757697,0.201378222423749
"DYNC1H1",0.092295446320627,0.20158600123492
"ENSG00000299597",-0.770614063994387,0.201607205184547
"PEPD",-0.110967317104527,0.201728432251906
"AFG2A",-0.171229585912485,0.201936086804956
"CLOCK",0.0958782110600799,0.202015733445496
"C9orf78",0.134285397100389,0.202070585859563
"CPVL",0.103680507497238,0.202196332337561
"ENSG00000295871",-0.698144411518001,0.202366486719446
"ENSG00000291194",-0.769827629592255,0.202492988485964
"ENSG00000285943",0.238607572404219,0.202518151461457
"SOAT2",-0.15015975300022,0.202618361757952
"PPP1R18",-0.167700037611638,0.202638114362877
"SRP54",-0.108283630093996,0.20266561678597
"CTU2",0.107923286631155,0.202669557919242
"ENSG00000288841",2.83592074335887,0.20267904579275
"ENSG00000286379",0.497354180524534,0.202719748681291
"ENSG00000288820",-0.184463084169651,0.202720027489843
"PURA",-0.105539378999059,0.202936747589711
"NAMPTP1",0.29837232418693,0.202938400527758
"ENSG00000259033",0.296774313553977,0.203220393613513
"ZNF653",0.131907243474896,0.203278879063657
"LINC01426",-0.163323456502223,0.203338992408427
"DLX1",0.414324859684481,0.203446281095229
"RBBP7",-0.0761842853435901,0.203647465239541
"SPC24",0.105678902833329,0.203656747636073
"ENSG00000248235",0.792180803140766,0.203973392790727
"ALG10B",0.137031788702182,0.204009789347
"SLC22A3",-0.172145459955806,0.204041655239077
"TRIAP1",0.0855728568968121,0.204135757075048
"KIF12",0.151462663102422,0.20415430105355
"TTI2",0.116976177028319,0.204177837707596
"LINC01238",0.72389992871756,0.204405489427409
"PKN2-AS1",0.397829908082775,0.204437501291449
"ZNF426",0.142507798199384,0.204442674584058
"CCL16",-0.255545945211274,0.20466296581772
"RPL36AP37",-0.241125283150787,0.20495491189521
"LOC105375980",-0.810341728107351,0.204959294959193
"PARD6A",-0.329174143664102,0.205074885726062
"GOLM1",-0.414683622378347,0.205090456189491
"AAR2",0.0864286317693595,0.205118356916408
"GRPEL2",-0.0939470422085912,0.205153024618548
"RPE",-0.0934228154430838,0.205163897607944
"RPL23AP42",-0.18454136521252,0.205247587499748
"S100PBP",0.0932075114974314,0.205282284730772
"ENSG00000272148",0.533389044674774,0.205297737271554
"ENSG00000234043",-0.412873109399019,0.205406757305472
"ENSG00000274265",-0.227971140899093,0.20543354048296
"MT-CYB",0.272506492778329,0.205441500162481
"CPNE8",-0.215138762940146,0.205446720320503
"ENSG00000280332",0.233809329919329,0.205542711965056
"ARHGAP9",-0.559816395125482,0.205560374199503
"ENSG00000273449",0.265637984764961,0.205638999961687
"CYP2D6",-0.242573781427883,0.205693896595613
"JAG1",-0.140221056535254,0.205736777676132
"ENSG00000227482",-0.750467121127853,0.205787495993453
"GSTO1",-0.111649580587649,0.20595072014355
"ERGIC2",0.107193008109024,0.206155525552256
"LHPP",0.262547529593177,0.206189803892894
"INPP5F",0.100084927903088,0.206232225218158
"ENSG00000285571",-0.229860526988676,0.20637819427539
"ASCC3",0.114054641821998,0.20676939509519
"PRKCSH",-0.127061787322541,0.206893198611843
"LINC02193",0.110954038957006,0.207071560043654
"SLC36A4",0.133530318882344,0.207176334184427
"DCST2",-0.732857505077835,0.207198614455524
"ENSG00000273345",0.390596964532152,0.207352663320542
"PRH2",1.13191911880428,0.20757819118284
"TBC1D5",0.109979187391572,0.207645614628828
"ENSG00000260914",0.496588923702099,0.20775206661712
"ENSG00000271993",0.454741514222342,0.208401496308972
"ZCCHC14-DT",-0.367554057991564,0.208418739208343
"MRPL35",0.0901561132973131,0.208458852307732
"GPX3",0.203192905836962,0.208490048520344
"COX4I1",-0.128030228357414,0.208586305294733
"PGCKA1",-0.45947177714941,0.208678174770398
"ENSG00000228521",1.60729615956256,0.208678929745873
"ANAPC16",-0.0807943846425217,0.208694622694382
"NRSN2-AS1",0.137148547733541,0.20870923914701
"NAA50",-0.0818763249952425,0.208738088263176
"ENSG00000226415",-0.556200593556746,0.208757510706265
"HEXIM2",-0.11120946410053,0.20881884042007
"CCDC86",-0.124146047044684,0.208842587963924
"DNAJC19",-0.0863879108882532,0.208928459416804
"LINC00528",0.125414996849314,0.209026628649373
"F2",-0.105095274778271,0.209079509896431
"CSNK2A2",0.0919627384604808,0.209282851822572
"NR3C2",0.638614127922044,0.209311730602317
"LGALS4",0.315936369062695,0.209490373591016
"LIFR-AS1",-0.39889008352508,0.209494052927197
"KRAS",0.112665745211766,0.209583704775263
"EIF2AK1",-0.125408215081651,0.209625895828554
"TFRC",0.163037199231363,0.209716627375447
"PWP1",0.0899568568555922,0.209759924639309
"PPP1R26",0.0879784342983765,0.209789564167459
"DLX2",-0.509586164742836,0.209955187591766
"LARS1",0.0845980222714324,0.210108635974579
"SLC45A2",0.645683341627497,0.210170340607931
"ENSG00000288398",-0.260956082789465,0.210227085832278
"BBS7",-0.137291922908178,0.210280116055321
"LINC00886",-0.281370979000712,0.210287216367455
"ZNF329",-0.153754904116276,0.21029021086479
"ENSG00000290849",-0.179606859214025,0.210311176814269
"PCDHB4",0.315237417325209,0.210434837351531
"ENSG00000283141",-0.455361833351359,0.210627863419996
"TMEM183A",0.084527743570535,0.210774250873137
"ENSG00000228444",-0.651378508726092,0.210856293190869
"CCDC32",0.111458124176844,0.210877494673024
"DEGS2",-0.833870529456038,0.21096504680099
"ZNF707",0.116759544446089,0.211148390705033
"WDR5B",0.14618980559178,0.211173656938246
"FAS",0.181569018664074,0.211325742665772
"CDYL",0.123507366280036,0.211366346110934
"OTULIN-DT",-0.330381740820424,0.211531225102146
"SBK1",0.458059025034091,0.211574801703982
"ZNF341",-0.132685084992353,0.211717488322174
"ENSG00000265401",-0.675172758952412,0.211784768105828
"KIF2A",0.0884700858764369,0.211985499708627
"ZNF70",-0.181567166185726,0.212055072789871
"FMC1-LUC7L2",-0.247951233131287,0.212140380088169
"SETX",0.0847741011490526,0.212174472196768
"TMEM53",-0.134489358863513,0.212193424421362
"PPP1CA",-0.136572510797974,0.212423328313237
"RNF41",-0.0993938621500091,0.212507036102794
"ZNF350",0.167352625074887,0.21260277289413
"ENSG00000228124",-0.468063432035519,0.212611248339828
"LOC102724701",-0.142393466355364,0.212764028741567
"RBM27",0.0868013529562152,0.212906277455067
"LINC00479",0.483751810406821,0.212932997649861
"ELOB",-0.137784927193027,0.212939207147193
"RPL13AP26",0.949676998086263,0.213045584238949
"TMEM198",-0.107316644372426,0.21329601140806
"ENSG00000282876",-0.365423969745047,0.213368924658298
"OSTC",-0.101658015388621,0.21350363807051
"TRAPPC9",0.100926184650503,0.213534255034089
"DGKZ",-0.0867707669413864,0.213596766991492
"DPM3",-0.14198859532109,0.213688792742493
"EMID1",-0.542611247460987,0.213786453577667
"HSD17B14",-0.513960906815471,0.213942723810208
"VCL",-0.11618347243088,0.214205634759732
"ENSG00000158482",-0.402665331339851,0.214304702541853
"CATIP-AS2",-0.467002335544679,0.214369738259957
"RNFT2",0.181895051823171,0.214587875002562
"ZNF516-AS1",-0.485249397882081,0.214713656137223
"NPHP4",0.108626232018511,0.214768204276615
"STT3A",0.128632688617066,0.215252524828781
"ENSG00000296299",0.576322043663538,0.215274945289586
"NUTM2E",-0.391077990090583,0.215300622155358
"LIPE-AS1",0.738537850151625,0.215312331656444
"RDH13",-0.128948458624966,0.215502970743128
"ENSG00000303007",-0.513880978411089,0.215513696397494
"ABHD8",0.0995732608984918,0.215589335739085
"H4C11",-0.297236503090175,0.215762840222359
"NECAP1",0.0796928599995633,0.215769368414872
"HMGN3-AS1",-0.262879465267324,0.215772088367064
"ZNF124",-0.121512377406138,0.215819436445326
"NHLRC3",0.126164924317399,0.215856658574111
"ENSG00000289225",-0.417613537707389,0.215864483968516
"RPL31",-0.118849970892933,0.215892419437192
"C10orf126",-0.801208668199292,0.216019654498808
"STAC3",-0.393245028243532,0.216032165000791
"GPKOW",0.113736770613508,0.216040450347536
"DNAJB2",0.089297934283848,0.21605035714456
"ENSG00000286482",-0.511530334451669,0.216251237506168
"SMAP1",0.108420073842673,0.216350194155188
"ENSG00000196312",-1.01092711700267,0.216423899654172
"PPIF",0.0959634276492816,0.216439946518876
"UGT1A3",0.80805539135515,0.216604556571226
"AKAP6",0.351630940806665,0.216656853570732
"GRID2IP",-0.676752467101705,0.216805692519412
"LOC105372401",0.506228307565923,0.216876679946302
"TPRN",0.0788942575788801,0.216989779837801
"ENSG00000290644",1.14291975393223,0.217085777089304
"ENSG00000196741",0.193679029815657,0.217101766318106
"XPNPEP2",-0.324395912949195,0.217220263970589
"ZBED3-AS1",-0.224175235358767,0.217593840126669
"DIPK2A",0.123617648811206,0.217719763726085
"RAD54L",-0.138072114097241,0.217861438705962
"ENSG00000228084",-0.402910183107187,0.217867227234507
"DYNLRB1",-0.123403857556159,0.217878798229342
"UNC93A",-0.148926843670818,0.217880049028708
"RPS3AP26",-0.269970162119088,0.218013061456926
"CUX1",-0.0780709269342574,0.218153667451035
"ANKRD18A",-0.187640226707941,0.21831099554073
"RALY",0.0961254163432192,0.218450672378023
"PELP1",-0.0836349878307558,0.21852121812497
"MAP1B",0.115375435553184,0.218528679364851
"LOC107984128",-1.45187377706344,0.218732636137131
"NBPF9",-0.107260494847473,0.218859591220776
"NT5DC2",-0.0827355425801768,0.218993952167976
"CAPN2",-0.172818154865041,0.219105217287016
"CCP110",0.10557906409673,0.219158250276968
"ENSG00000290665",-0.54245734858866,0.219371158286847
"LSMEM1",0.423831237687426,0.21962555133904
"TUBB",-0.129923648432064,0.219774420427349
"DMD",-0.108501562407246,0.219929633305259
"ENSG00000286786",0.497419197564472,0.219993384608431
"SMCHD1",0.0913146532903465,0.220064994704157
"ENSG00000259952",0.581148312374011,0.220251968800564
"EPHB4",0.140995016720712,0.220272621683842
"C9orf43",-0.390754611179743,0.220447550969447
"GFM2",-0.1002957462961,0.220540055341707
"ZBTB49",-0.146857004621976,0.220596364179872
"ENSG00000256433",-0.226059515055321,0.220606195111568
"NPLOC4",0.0762594583132813,0.220615623660654
"NFYC",0.084925857713375,0.220642610594734
"HEG1",0.115910051767088,0.221017233800178
"PPP4C",0.0843384611132004,0.221039745159291
"ENSG00000248101",-0.320679438088122,0.221175694141372
"S1PR1",0.677466888515551,0.221264349793407
"ENSG00000218175",0.492652654384994,0.221273673454967
"ENSG00000261423",-0.226939741927488,0.221311880102538
"CENPW",0.143120152170365,0.221403091254127
"LOC124902947",0.67121721941347,0.221406297700615
"ENSG00000213058",-0.346183979785485,0.221437180410497
"ENSG00000269069",0.281085004370319,0.221549965234079
"ADD3-AS1",0.278410549437503,0.221592533887517
"ENSG00000260342",-0.535606212169092,0.221677311918085
"SH3BGR",-0.486429366813777,0.221756023778043
"CEP63",0.105337939042162,0.221756980804217
"ENSG00000261572",-0.197648119899509,0.221769107682222
"PPP5C",-0.0798271685595718,0.221908570767521
"ENSG00000276259",0.41443099905882,0.222099252605647
"GUCD1",0.0927598419191959,0.222286412869165
"NACC1",-0.0803044248208324,0.222311901883946
"ENSG00000258593",-0.294716361361118,0.222373156194878
"TECTA",-0.612758898855248,0.222441229279955
"IQGAP1",0.0846919285358773,0.222505834705763
"DDX17",0.0923929975139338,0.222651015044373
"ENSG00000286548",-0.599763712237546,0.222686601589016
"ATP6V0A2",-0.124374804332033,0.222755680312628
"NFE2L1-DT",0.411560749972324,0.222788599570089
"C11orf52",0.223340050408063,0.22306910549601
"TMEM225B",-0.48706975832726,0.223150346711683
"SHD",-0.304678863629514,0.223175704359525
"AMBP",0.121939002744354,0.223257253395188
"AGAP7P",0.146601821113785,0.223393539558684
"SPA17",-0.249098141329759,0.223505196237159
"LINC00310",0.659051970870299,0.223510240746739
"RNF215",-0.143604043678238,0.22360336958756
"ADGRV1",-0.296107209407659,0.223624938234308
"EBPL",-0.100059590772489,0.223688562383727
"DOK6",0.108761357176076,0.223709076104641
"KCNAB3",-0.213816483455649,0.223718766692112
"ENSG00000231533",-0.435315241020177,0.223847303909809
"GPRC5A",0.545375557934714,0.223903013133972
"S100A6",-0.16300487487482,0.223948661682405
"SEC14L5",-0.472292783047763,0.22401773403605
"ENSG00000282339",0.341162766848323,0.224047367072161
"B3GALNT2",0.101559802711698,0.224231025309091
"TMEM272",0.282038651359749,0.224281027281036
"E4F1",-0.104598237249601,0.224327825819314
"YEATS4",0.104116002246642,0.224396997425825
"CIMAP3",0.596808547390555,0.224443508025048
"ENSG00000270574",0.297032098899323,0.224486254005009
"C1QTNF6",-0.144492971573128,0.224525814867907
"ZNF25",0.198011605607505,0.224635376307205
"TMEM240",0.409659668427305,0.224655206907065
"ENSG00000214248",-0.255393621135551,0.224722162998027
"CNN2",-0.187553308891512,0.224819696514928
"ENSG00000272491",-0.578729747474132,0.224835969951774
"UBA5",-0.074820708627885,0.224920373181166
"FAM186B",-0.577071392021294,0.224929890194799
"IL21R",0.290494249601598,0.22495055197888
"ENSG00000289020",-0.501359930927701,0.224958566232933
"DUXAP9",-0.0975323825069382,0.225736826735335
"UXT",-0.157487740162545,0.225752638219939
"TOR4A",0.0991457365433114,0.225780264864055
"ENSG00000263096",-0.568888005095687,0.225784196234776
"ENSG00000289537",-0.380125279038457,0.225831672323046
"IDH3B",-0.0810245429926339,0.225886890914982
"DNAJB13",-0.607368340033741,0.22596959098803
"RNF14",-0.118336019528765,0.226001704262335
"KAT6B",0.10088496891709,0.226084201978242
"C5",-0.186286135368469,0.226262465519226
"SPAG7",0.0796570864956107,0.226277715482352
"TMEM184A",-0.0960869319353849,0.226301177477445
"UBE2D3",0.0725603690503534,0.22631945563033
"DDX1",-0.0753218949781468,0.226398647597497
"CAPG",0.234780898345081,0.226400684204888
"PIDD1",0.191054331452278,0.226459681225089
"VCAN",0.277760390617546,0.226573623678563
"EFNB1",0.140874106279428,0.226623344229287
"CLDN3",0.22404644475151,0.226761742165505
"BCL2L2-PABPN1",-0.179484737137895,0.226930311469782
"SMIM10L3",0.242105541324738,0.227036461777908
"XPO4",-0.0960316858681081,0.227043004368475
"CHKA",0.0783133700497854,0.227117816530694
"ENSG00000285531",-0.460664368007092,0.227272052187401
"NFYA",-0.089088678297342,0.227367747156244
"VASH1",0.451436554300347,0.227575862525297
"CTPS2",0.0893861739244737,0.227601050432
"P2RY2",0.23346930294397,0.227669747925272
"ENSG00000249378",0.270838076859007,0.227701192782408
"ENSG00000228826",0.237107235354035,0.227719431607769
"ENSG00000305851",-0.424585744531016,0.228246128964819
"GALNT4",0.177511922152501,0.228370680307607
"LGMN",0.12210035832401,0.228395803021096
"FAM180B",0.391387687376147,0.228554168616541
"ENSG00000285238",-0.67732172264138,0.22862410884618
"ITPA",-0.0822503855889316,0.228682807208783
"ENSG00000253218",-0.858621482762935,0.228811107512199
"ENSG00000226266",-0.373366018585753,0.228992989980505
"GPR153",-0.369960286127566,0.229055025750598
"ENSG00000247134",0.400628560881846,0.229185618868864
"ENSG00000251550",-0.47798624564827,0.229308400651987
"MYO1B-AS1",-0.268881706702309,0.229407079695676
"ENTPD1-AS1",-0.110764269418972,0.229413259004512
"GSDMD",0.112765530029335,0.22945259105974
"USP20",-0.0879248776507045,0.22947253798151
"HNRNPUL1",0.0832606531983986,0.229492078715872
"AK3P3",0.493877733050524,0.229564663616385
"HOXA3",0.106535883543471,0.22957385740251
"RPS7P11",-0.503211697650987,0.229575650843247
"MT-ATP8",0.317226652242742,0.229845833495595
"ENSG00000279464",-0.417041916464101,0.229903294304834
"RASAL2-AS1",-0.300919457598346,0.229981701811306
"MACO1",0.102185857784575,0.230150932778216
"MIMT1",0.170160317166436,0.230231559345709
"VWA7",0.188408297351189,0.23025209858611
"UGT1A4",1.14831614362307,0.230329398951009
"ASB8",0.0937535410296547,0.230524254663384
"MOGAT1",0.480260205591076,0.230702818591121
"UNC13A",-0.479930618766124,0.2307460889196
"DTX2P1-UPK3BP1-PMS2P11",-0.203369759611459,0.230853007960409
"TRAM1",0.0861974389961795,0.230992298050941
"CDC37L1",-0.104977621844668,0.231096827749507
"CDKN2AIPNL",0.100823665970184,0.231106205515637
"ENSG00000279591",0.245047322237045,0.231312055696765
"CPSF4",-0.110432156300176,0.231440295902647
"ENSG00000261114",-0.420427355656068,0.231484082313004
"GRIPAP1",0.0731190578786908,0.23168272244132
"ZNF23",-0.0949732811679335,0.231814710748416
"ENSG00000274259",-0.358830097666948,0.231825849033393
"FAM3A",-0.104480923889816,0.231886322252317
"C4BPB",-0.0817228125567938,0.232162441850566
"RTTN",0.147243707968485,0.232351645114594
"KXD1",-0.114395110633775,0.232380762652682
"GTF2H4",0.0838451332794374,0.232653048839429
"ENSG00000257607",-0.535618846264109,0.23266983976911
"TMEM104",0.110032613018405,0.232722798409301
"COPS8",-0.0941411745895457,0.232781212193481
"ENSG00000227712",0.427245062512422,0.232885748306375
"RPL17P28",-0.4938519763781,0.232969426990527
"ENSG00000287284",-0.305244945224491,0.233062051556444
"FAM117A",0.123462285142242,0.233064835909994
"ENSG00000259943",0.12533975876243,0.233089026681301
"RALGAPA1P1",0.42457870729575,0.233091788046331
"FAM200A",-0.132237886951492,0.233195952265052
"ENSG00000267868",-0.279572327435113,0.233233151755112
"SNRPB",-0.0851712889386679,0.233277231947523
"FAM21EP",0.585068310893942,0.233625517900371
"SMIM26",-0.118405636277128,0.233743926972339
"PHTF1",-0.0810858074367536,0.233845421750878
"ADAM22",0.15707307427706,0.233884263915003
"ENSG00000254536",0.183590590067945,0.2339343348991
"LINC01780",-0.412996501538673,0.233956220889045
"RPS27AP5",-0.395374511331525,0.234116689572756
"POPDC2",-0.415258356483678,0.234246466236135
"FAM118B",-0.13180361878038,0.2345011614013
"ENSG00000256514",-0.44845059778332,0.23468322582817
"GBP2",0.247561454476375,0.234704134011806
"RAB6A",0.0933029584785637,0.234750384190954
"ENSG00000270673",-0.340338168320459,0.234754964399327
"DYNC1I2P1",-0.397125062022916,0.234762716557043
"SH3RF3",1.02989356781685,0.234863314741017
"B3GAT1-DT",0.360178314035472,0.234960267533333
"FAM222B",0.116301790435416,0.235019351108886
"CRADD",0.141657186906943,0.235047085660737
"DHX35",0.0921466071288768,0.235511771693993
"ENSG00000272735",-0.50231331271189,0.23554096873001
"DPP10",0.331724654893796,0.235542687203814
"ENSG00000268744",0.407932403242767,0.235611646547416
"ENSG00000286656",-0.390473005483616,0.235626754284546
"TUSC3",0.240806771892213,0.235752742769444
"ENSG00000302941",-0.302009713342342,0.235754496840008
"MOB4",0.101513504914424,0.235823943804586
"LINC02826",0.647395966023667,0.235872521857017
"PLEKHJ1",0.0864981180393064,0.23587292317328
"CDC37L1-DT",-0.356010032321537,0.236062724744486
"MRPL48",0.103500296243276,0.236081121210741
"GUSBP14",0.130707002014013,0.236114177450615
"CDC42SE1",-0.0971379078242498,0.236114398330254
"SDCBP2",0.376639238340176,0.236288731128525
"SRPK1",-0.0676687978806008,0.236319254170137
"RMDN3",0.100643656695032,0.236586883606307
"PHYHIP",-0.661548407252298,0.236717505976345
"ALDH2",0.0739560359145363,0.236829484094866
"RPL9P11",0.374788207924244,0.236832774984084
"IGFBP4",-0.143779640514299,0.236841493266805
"LCN2",-0.276857200326727,0.23688733486648
"PPIAP41",-0.49827914997903,0.236988608382365
"SS18L1",0.103034387239835,0.237324715052674
"RINT1",-0.0960066258251864,0.237401617014167
"ENSG00000179818",0.887197526663311,0.237567067304058
"MRFAP1L1",0.0849419818366284,0.237574353761283
"C19orf33",-0.554044829425539,0.237592247763167
"SVIP",-0.115733695133984,0.237624341469506
"CCDC74B",0.433744188809933,0.237646681833204
"ENSG00000281468",-0.296397108905665,0.237663746057132
"LOC105370878",0.525535914958366,0.238352520495714
"ENSG00000272774",0.373219040127281,0.238365092635381
"WBP11",0.0897896535695284,0.238560561023692
"KIFBP",0.107121776483601,0.23856156723089
"TIAM1",0.524158523924815,0.238597352853797
"SYDE2",0.217147094614577,0.238598510301368
"WNK2",-0.0954520988874838,0.238708786683912
"RNF167",0.0859140820065117,0.238713402323223
"PRPF38B",-0.107703378887684,0.238726345179752
"ENSG00000290995",0.828234986493209,0.238779763480907
"LOC105376391",-0.752551654846469,0.238973768747405
"ENSG00000282772",0.465998287668433,0.239242974478462
"ZNF846",0.14962324817997,0.239270349787576
"ENSG00000303475",0.330663740972992,0.239283298812717
"ANKRD65",0.18261960040644,0.239391462777924
"SYAP1",-0.106472821017308,0.23957960730196
"ENSG00000272669",-0.270202647060067,0.239597793947004
"CEP89",-0.109959440457258,0.23961282317945
"SKA2",0.0975395923111258,0.239761107069864
"WRAP53",0.100047984565758,0.239892476888571
"MAPK14",-0.0735261750698163,0.240050318569114
"CCDC180",-0.221634623532839,0.240340589561494
"SERPINF1",-0.16724172968811,0.240572508678868
"ZNF417",-0.171074602271268,0.240670440265818
"ST8SIA5",0.411212344565898,0.241019861300411
"LINC01068",0.795567030815686,0.241079623246585
"CREB3",0.109364574770669,0.241079699042706
"DLG3",0.108005524578011,0.241128382339442
"SNORA48",-0.463998072663784,0.241144498765198
"ENSG00000270720",-0.495235619420458,0.241270640253114
"PATL2",-0.476831836210256,0.241312662141184
"ZNF10",-0.108030271871805,0.241386100169711
"ENSG00000283757",-0.396618704646372,0.241418416854788
"ENSG00000251023",-0.357777240533842,0.241467411369363
"ENSG00000279700",0.346600176131073,0.241557807393002
"ENSG00000230202",-0.286007679476262,0.241610856219384
"ZBED5-AS1",-0.164190711697227,0.241672115484455
"TEF",0.197346130812353,0.24192779500901
"RPS2P5",-0.16227953303191,0.242296415664206
"ABCC10",-0.106598894670171,0.242469255441905
"CORO2B",0.647767657695066,0.242502943079594
"HMGB1",-0.0886635556133553,0.242522003249054
"TCP11L1",0.19219797398334,0.24286516394004
"ZKSCAN8P1",-0.210431946972636,0.242883800366769
"ENSG00000261668",-0.544251609876931,0.242912635862921
"RPL17P7",-0.280992687255019,0.242918041633565
"TFB2M",-0.120155899883199,0.242977787548451
"GRK3",-0.109220376850098,0.24298592882023
"RPS2P46",-0.241416339408786,0.243120445852429
"LOC101928487",-0.232224432115785,0.24314413766165
"CTBP1",-0.0781129700759415,0.243190916330249
"SUMF1",0.0905691705716414,0.24344874264528
"TMEM9",-0.0924026175643804,0.24367539696397
"ZNF888",0.130379334128252,0.243686949953
"ENSG00000295949",-0.496697681423505,0.243716032386123
"SERPINA6",0.222334552344926,0.243774326948785
"ENSG00000275185",-0.212903917385716,0.243789045157625
"ENSG00000279491",0.342185595957288,0.243915137581411
"ADGRL1-AS1",0.230563831058877,0.243916298757338
"PROCA1",-0.247126739466271,0.243976636336271
"ENSG00000214273",-0.433102182068683,0.24399961301902
"NCAPG",0.0953128125975402,0.244204681922632
"CCDC183",0.191529913141139,0.244344984260656
"ZNF800",0.103400083359924,0.244489021598993
"PAF1",0.085921347797666,0.244546372398558
"ENSG00000233225",-0.445597246915143,0.244622124023541
"ENSG00000239528",-0.503836218855543,0.244657138404668
"ENSG00000274751",-0.346046394623826,0.244828364899315
"LIM2",0.806778844368809,0.244828794137089
"EPC1",0.0909643816277306,0.245038389321343
"C19orf25",-0.0892324913991876,0.245095784996145
"ENSG00000279852",0.544641291017926,0.245348967825507
"WWC3",0.118957423893137,0.245406555637934
"MAGT1",0.13777771204574,0.245426332890697
"SRSF12",0.136625965348904,0.245476335100258
"TOX4",0.0808377361672066,0.24549822079677
"LOC105371730",-0.495036647361177,0.245658429445095
"HLA-H",0.243398921819639,0.245691571471318
"PACC1",0.134204280573215,0.245734837500233
"SGSM2",-0.096216557929371,0.245820804975385
"ENSG00000289528",0.406354333021273,0.246025724963726
"CALM3",0.108132316373634,0.24620302394679
"COL6A1",-0.206657015378585,0.246211943872091
"ENSG00000295487",0.52085214734405,0.2462441048668
"ZNF619",-0.145608937425597,0.246304875646474
"UBE2E2",-0.442679780895617,0.246620704173995
"NAGA",-0.12635280275917,0.246714954112763
"FAM227A",-0.174880476049036,0.246866517805954
"TLK2",0.0736041733297258,0.246901605895362
"PLS3",-0.118245716221203,0.246938578598829
"FRG1CP",-1.75006969922723,0.247024824657539
"PDE11A",0.229040638732066,0.247100654741688
"LINC02476",-0.469105205742173,0.247196113206912
"ENSG00000279342",0.336103762706926,0.247271120381459
"PPP1R27",0.342599276156449,0.247347258417097
"ENSG00000289511",-0.295993183384614,0.247551905349372
"ENSG00000259780",0.597616068162565,0.247563589339625
"GIT1",-0.0740279127226447,0.247687487374712
"ZCCHC4",0.0894550218237287,0.247715920933052
"ENSG00000290397",0.192076328637918,0.247854011994918
"ZNF56P",-0.162083347071969,0.247872120935588
"POLH",0.205608040709411,0.247928712808924
"DVL1",-0.0773269969958518,0.247971158042583
"ENSG00000289000",0.447814078242144,0.247982362487356
"USP4",-0.0880173099239986,0.24804182792869
"ACTG1P14",0.482823787192513,0.248205628841209
"ENSG00000239763",-0.337780452023946,0.248206241396838
"UTP25",-0.104555582718425,0.248319506766395
"ENSG00000288234",0.597630225758857,0.248355607903752
"ENSG00000296739",0.585751909794596,0.248395127419467
"RAMAC",-0.10734148442288,0.248520967688905
"UQCRH",-0.129363487893476,0.248608316569363
"BCO2",-0.399092544997327,0.248732690297299
"ZNF606",0.107700595379555,0.248810213646515
"THRB",-0.171134512620662,0.248868714356839
"RRAGB",0.131947778731295,0.248922461710922
"ENSG00000167774",-0.393226516693129,0.248929872620605
"ENSG00000234617",0.44844054094559,0.249011222471875
"ENSG00000309115",-0.501320771792506,0.249056050064627
"GYG1",-0.126540321990824,0.249248745625049
"ENSG00000289018",-0.317186675065932,0.24936305467893
"ENSG00000272810",-0.558901613789231,0.249650481569989
"ERGIC1",-0.0790906778735961,0.249814433775461
"CNTNAP1",-0.140888944989571,0.249924724691924
"ATP6AP1-DT",-0.288815156475942,0.250000571538659
"PEDS1-UBE2V1",0.55135883685356,0.2500351063555
"AHI1-DT",0.347641592672324,0.250043441658234
"GABPB1",-0.0930430388653271,0.250055802421037
"CIART",0.455467645686359,0.250653411300193
"LINC02762",-0.479143371925887,0.250734388572314
"DFFBP1",0.507717154883685,0.250827727742765
"LINC03011",-0.16045267457407,0.250903860779629
"ENSG00000268790",-1.74618255688313,0.251072400797528
"LOC101927609",-0.503828598391844,0.251161273994362
"TGDS",0.109037625347884,0.251413863374017
"DNMT3L-AS1",-0.31561444632076,0.251676680382384
"PLBD2",-0.141618164221175,0.251956534921356
"ENSG00000308112",-0.631617572757621,0.2523336692573
"HUNK",0.329611217872213,0.252346007167788
"LYSMD1",0.138747809093002,0.25234734291149
"MOSPD1",0.16732778787498,0.252398331202596
"ENSG00000230715",0.33468990297869,0.252438225319744
"FKBP1B",-0.126912866549976,0.252504418824971
"ENSG00000280121",-0.537393536676047,0.25263181516366
"ZNF766",-0.108738140476893,0.252759732984969
"MRPS9-AS2",-0.358300357225773,0.252874487724919
"ENSG00000227598",0.391763521709477,0.25289413879641
"PROCR",-0.327054414694657,0.253009265370845
"TAS2R4",-0.402608263686965,0.253046408845268
"ENSG00000256969",-0.550936140532719,0.25312612839295
"LYL1",-0.324111311679487,0.253319313413845
"NMB",0.142583930142713,0.253376840348247
"DSC2",-0.139648097317785,0.253434243690379
"NEDD4",0.0967931354464943,0.253741609882162
"ENSG00000261659",-0.262975532661961,0.25389884805763
"NUP210",-0.147209150338609,0.253914933340949
"WNT11",-0.589801200192236,0.253965698205999
"MOK",-0.137357557696138,0.253998139791496
"ENSG00000232987",-0.311081762446099,0.254220988695085
"ENSG00000272449",0.460224495059263,0.254248159739155
"PDCD6IP",-0.079208353924561,0.254273735276973
"PNPT1",0.10924943086917,0.254330910832487
"POLR2J2-UPK3BL1",0.959706241409977,0.254428923640554
"PGM5P2",-0.225303799337083,0.254430852425881
"SNORD15B",0.446395021443034,0.254552005661018
"NFE2L2",0.0695783075845915,0.254765999077652
"COL4A6",-0.165224162217421,0.254790296003832
"ENSG00000268357",0.629533925967616,0.254843566185032
"RABL3",-0.142750467081674,0.254884789481023
"RGL3",0.1279490851985,0.254940695706551
"NFE2L3",-0.193744201358783,0.255097430132546
"ENSG00000213411",-0.508662247253584,0.255132897956731
"ENSG00000269921",-0.330486268021017,0.25536773910289
"ELMO1",0.375391765398978,0.255545745809223
"DRG1",-0.0891617152154876,0.255553264545849
"POU4F1",0.155129316963929,0.255577233135717
"ENSG00000279656",0.176738776047985,0.255607434890462
"PLXNB1",-0.128998050798326,0.255662007238344
"ENSG00000287426",0.443128198046063,0.255763744853916
"AKR1B1",0.104813150369818,0.255939459267075
"PRNP",0.151795273186639,0.256014906129483
"ENSG00000288938",-0.296392634339089,0.256028687785931
"GPR75",0.194292464868679,0.256086175842568
"UPK1A",-0.696829856934912,0.256235553039044
"CFAP46",0.491693772245395,0.256439450439894
"PHLDA1",-0.136371133868891,0.256781146361965
"ENSG00000310576",-0.117519159530346,0.256785096337136
"LINC00954",-0.443096643588878,0.256795490311837
"CYP3A4",0.871725124889943,0.256836512609899
"MORN3",-0.269889022077364,0.257080757578863
"IYD",-0.332751148637857,0.257172520513566
"GRINA",-0.10516783610841,0.257288249660701
"DCAF17",0.100499065439585,0.257487864648324
"ENSG00000238290",0.322032684500128,0.257593820637311
"ENSG00000298755",0.440318451563238,0.257823137576139
"ENSG00000248593",0.390993954254106,0.257927441485138
"SPAG8",-0.387601875377312,0.258023020647908
"ENSG00000278112",-0.338553455722081,0.258027186363414
"DDX39B",0.09258624398857,0.258054947912028
"CEP131",0.0910956084179302,0.25815806700205
"ENSG00000285901",-1.13872488127045,0.258192251877242
"ENSG00000284292",0.585992359179471,0.258399264458001
"ENSG00000276248",0.196811541450797,0.258565404859288
"ENSG00000272518",0.349980990216981,0.258571390263808
"ZNF284",0.120550418525797,0.258617505564722
"ENSG00000280355",-0.270621452105803,0.258793159384034
"METTL25B",-0.099215878420968,0.258800071222789
"ZNF605",0.0983977928278706,0.258947786349087
"ENSG00000235563",0.569920572818035,0.258964955246846
"LOC107984262",0.205981101893558,0.258997928876309
"ASB3",-0.0869875333651234,0.259086917373482
"FAM110C",0.530955557810798,0.259180916401442
"ENSG00000261098",0.156153109522249,0.259277893450962
"ENSG00000275056",0.353991027819323,0.259355830056015
"ENSG00000286011",-0.535720893831125,0.259424802089272
"BBS4",0.101636521827849,0.259475616590969
"NPRL2",-0.0833682168181578,0.259530497055174
"FTO",0.0750377938082612,0.259574144025998
"ENSG00000279573",0.273176014728163,0.259599183915278
"VBP1",-0.0795509866430258,0.259659242250004
"ZNF350-AS1",0.582031571881867,0.259673583436007
"WDR54",-0.325521812155874,0.259721814889473
"ABHD5",-0.128208733687643,0.259860812696318
"PDIA3",-0.11527994820581,0.260126841092838
"RASGRF1",-0.406985748225169,0.260297314224522
"NEDD1",0.100961355019895,0.260360440976292
"SMNDC1",0.0809730343050822,0.260428277211109
"SLC5A6",0.0847840551616635,0.260460155890982
"ENSG00000272572",-0.357563484209391,0.260513107081594
"SNX6",-0.0936995266798584,0.260589981483066
"YTHDF3",-0.0784172584927406,0.260602144187732
"H2AC13",-0.424545418381085,0.26067166999444
"UBAP2",0.0717025311151468,0.260791846892886
"ENSG00000246334",-0.273493618604626,0.260796838933774
"PXDC1",-0.114047742538227,0.260907103756978
"LIAS",0.0996554447814266,0.261086159728373
"PRRC1",0.0733532733402953,0.261120296053055
"ENSG00000293324",-0.347988137928865,0.261125511766174
"GUSBP16",0.16917098229267,0.261127235156283
"ENSG00000308279",0.494536806754711,0.261208179058388
"ZNF830",0.107620866150212,0.261325438570716
"ENSG00000267666",0.404318948498956,0.261503765881935
"ENSG00000286529",-0.453830408934568,0.261568019958346
"N4BP1",0.107829704230959,0.261577059699303
"SLC9A1",-0.0997794972591029,0.26162786858859
"RPGR",0.102836749475833,0.261695608146234
"ZNF195",-0.0789711115137825,0.261784706121992
"EPDR1",0.0878362640104497,0.262075118723038
"AGRN",0.127695730172479,0.262184586270598
"OSCAR",0.441889209081862,0.26249613752641
"ENSG00000310431",-0.443201005237645,0.262709201078709
"KIAA1191",0.0754075160291317,0.262726426571665
"CDCA5",0.0907007973535397,0.262740768138174
"CHTF18",-0.146225854477787,0.263026343906121
"TSG101",0.107611635412999,0.263086839396568
"SEC11A",0.102945036518816,0.263179479935853
"ARMH1",-0.469271434421284,0.263318274465164
"NPIPB6",-0.506285312380935,0.263324943843598
"HGS",0.0828231076035448,0.263393116919298
"ENSG00000214110",0.358720059395881,0.263430141097627
"LOC100287290",-0.334124182149975,0.263475141529774
"ENSG00000275857",0.404491244747768,0.263541093050494
"ZNF205",-0.0936633480160653,0.263543461732551
"SEC61G",0.142023877831908,0.264106049943588
"TLK2P2",-0.293044161912827,0.264154622805683
"ENSG00000307079",-0.983378923766319,0.264168900079994
"ASNS",0.0894261992960232,0.264221458647436
"ECM1",0.156167047806961,0.264291325176216
"TRIM50",0.228683049013455,0.264447151634304
"ENSG00000307673",0.413377768853792,0.26473937700416
"GABRR3",0.644184341632639,0.264784151268811
"ENSG00000288061",0.174429479054554,0.264799925074105
"IKBKGP1",-0.921268217005159,0.26481186580257
"SIK1",-0.176557016234018,0.264830479314631
"ENSG00000280032",-0.653462227812174,0.264834977170975
"DDIAS",-0.122511479212308,0.264854456968247
"CADM4",0.0995478336663462,0.264916814175202
"SCN8A",0.144971918142555,0.264997375026043
"MAP1LC3B2",0.350023668949275,0.265013442260885
"ENSG00000278133",0.155738982494944,0.265046582715169
"PFKL",0.118149189202637,0.265069255752329
"ENSG00000289698",-0.378501605127775,0.265098584887031
"LOC728715",-0.162713394030917,0.265201185311534
"GRIN3B",-0.513568298818741,0.265264666719423
"NDUFS5",-0.135539223981719,0.265410250796331
"ENSG00000264575",-0.099116756694482,0.265417940764209
"MSH3",-0.09159424962114,0.26545097485486
"MRPS30-DT",-0.302451444040818,0.265611676731127
"EXD3",0.139395514918303,0.265666748229164
"P2RX4",-0.106440473644414,0.265819609123594
"PDIA5",0.0946270049279925,0.265888332244466
"ENSG00000261069",-0.335928754856109,0.266260881072275
"RPF1",-0.110171878100348,0.26632305055824
"ENSG00000242861",0.709866611345944,0.266476098908113
"FITM1",-0.149559993997231,0.266510762448176
"ENSG00000295221",0.309715833887306,0.266557132615202
"LOC124905202",-0.249723513654084,0.266667999158381
"ENSG00000258354",-0.776682286467538,0.266671010628381
"TPD52L1",0.64846069983454,0.266763846032301
"ENSG00000280303",0.61669462754419,0.266767782753577
"KLHL5",-0.117060901205556,0.266768804890038
"FDPS",-0.086002935206772,0.266810496126585
"WDR27",-0.0898636195691058,0.266833710756351
"ZCCHC10",0.0931855206539269,0.266864430441001
"ENSG00000273106",0.546283111652,0.266994447287965
"WDR36",-0.0741561168603623,0.267037580239926
"ZNF358",-0.101242001032856,0.267044612921017
"THRAP3",0.0823765698253262,0.267123107666559
"H2BC6",0.540578113676778,0.267292460773118
"EFHC1",0.0913707314557482,0.267311002176761
"HASPIN",-0.174943616238697,0.26780164982658
"ENSG00000276007",0.163652452705744,0.26784976275464
"ENSG00000184208",-0.439150248808464,0.267933290824669
"ENSG00000227627",-0.177553415697922,0.268320408740472
"SIRT6",0.105099117594319,0.268535493523901
"TPM4",0.166668163431197,0.268597641995967
"RPL4",-0.143709530204398,0.26867536921235
"GNAS",-0.107825593821773,0.269078546622813
"COX18",0.112236411054948,0.269201173596621
"ENSG00000229931",0.11992945767892,0.269366171380557
"FUCA2",-0.1156286129813,0.269367761250252
"ACTL6A",-0.0742455660750493,0.269376857019307
"RABL6",-0.0712266578486215,0.269463393945627
"ENSG00000290043",-0.641790507960837,0.269540217693781
"G3BP1",0.0715232945219995,0.269576743041319
"MEMO1",0.0738542889359564,0.269789425080602
"HPN",0.126299573389866,0.269882195110148
"STAG3L1",-0.187135302246053,0.270015994679101
"UBE2J1",0.0968060284790037,0.270064759562844
"ENSG00000301373",-0.432113633176305,0.270075461189184
"ENSG00000292979",-0.157201407406187,0.270137686476695
"SF1",0.096138055625078,0.270216158743059
"CPS1",-0.0758747617170657,0.270275200910546
"SLC19A3",0.155763035500829,0.270357393255823
"ZNF76",-0.0900054865903652,0.270406463153873
"PMPCA",-0.0714653049954015,0.270441706800421
"ZNF107",-0.10463701075046,0.270448831738639
"HSF2",-0.0885081504098805,0.270455868684778
"SLC22A10",0.334030633924312,0.270597966568613
"CPNE3",-0.0801220536509767,0.270967389521734
"SMU1",-0.0702162220234745,0.271081358773165
"HDGF",0.100126505554582,0.271082876378642
"AMDHD1",0.151272731053759,0.271111838183487
"ZNF257",-0.237051694399524,0.271133411747188
"ENSG00000260249",0.23405530951152,0.271148349733338
"ARHGAP27P1-BPTFP1-KPNA2P3",0.0969634707468586,0.271225425919724
"PARGP1",0.150448192666069,0.271304940911607
"ENSG00000273088",-0.970042827988013,0.271437947674955
"ENSG00000272622",-0.50777532690537,0.27146052721901
"FAM200B",-0.0896477680218849,0.271777942648809
"HMOX2",-0.0785980739787085,0.271939376679985
"LOC107985767",-0.350146014819974,0.272007658336729
"LOC105379443",0.893625343319036,0.272150117533807
"CLU",-0.145905032602949,0.272171313315237
"ENSG00000296343",-0.286008678889212,0.272512461489316
"PCDHGA7",-0.446481531226825,0.272529952624626
"ACTG1P25",0.298288557725937,0.272639731692322
"ENSG00000289935",-0.513695470852613,0.272699413751517
"NEDD8-MDP1",0.281832821629969,0.272863752372344
"AP2S1",0.0891275322644078,0.272917644130238
"ZDHHC5",0.0858614394527945,0.27296804995251
"LOC101929918",-0.371004383795332,0.273026025762291
"LOC105371414",-0.218393627930917,0.273125180169577
"FAF2",0.0691651125271092,0.273169275741776
"POLR2J2",-0.206031150091095,0.273498799196916
"SERHL2",0.364927422580629,0.273551115968767
"PSMD2",-0.111743630010687,0.273689690406724
"ENSG00000301545",-0.602677176421814,0.27377381288453
"ENSG00000259867",0.218659643065319,0.274115069318319
"SLC15A1",0.238486602593031,0.274224429217837
"ARL17A",0.0857743845350519,0.274244037357916
"MTCO2P12",0.435414763737803,0.274251627624361
"ASB13",-0.135641145542922,0.274262866145054
"CREB3L4",-0.127852923012058,0.274297911524656
"SLC26A10P",0.291112607941045,0.274322134208102
"LIN7B",-0.169596606110286,0.274515278459931
"ZNF749",-0.131910249896523,0.27459596175491
"SCX",0.1796098080633,0.274613905495657
"ENSG00000268628",0.519907847355832,0.274726385457173
"CRIM1-DT",-0.50449184833335,0.274860857767319
"EP400P1",-0.10738178844727,0.275147052747228
"MAP4K4",0.080700945315162,0.275347187283298
"LATS2",0.0894447433655675,0.275387611927027
"LINC00612",0.539984659275957,0.275410426617247
"AFAP1",0.237600187478482,0.27548885071581
"ENSG00000273724",0.933198644202344,0.275618251792967
"ARMT1",0.0976210357320112,0.275636857734425
"SYNE3",0.186086746055096,0.275663156519174
"MAN2C1",0.0897435328155936,0.275690234702749
"DPH7",-0.0789941274530943,0.275736730803051
"PCP2",-0.355903399776559,0.275793759421015
"DDX52",0.0745972764703022,0.275805973011096
"GPR176",0.708266795566688,0.275818776275742
"ONECUT1",0.146642124366011,0.27589419022321
"ZNF551",-0.144988713767793,0.276048895849864
"ENSG00000273254",0.401569589662532,0.276140063085283
"ENSG00000303299",-0.231690833958792,0.276214538414689
"ENSG00000285018",0.342387184556301,0.276258696867068
"RASSF5",0.400439320699736,0.276619260286387
"ETV1",0.394087282069023,0.27663450239287
"ULK4",-0.176602108882337,0.276711620510977
"ABHD17A",0.0813453951973515,0.276831005632269
"PSMD10",0.0883611180605637,0.276848786752568
"CCDC73",0.458646762648545,0.277071039979244
"ENSG00000258377",-0.440798987581544,0.277206223807973
"WDR91",-0.101162567450923,0.277259023451745
"ABCB9",-0.144877574681247,0.277268678501189
"ANKRD13D",0.0947411083293332,0.2774135264587
"LRP3",-0.0987732809531776,0.277621853217756
"ENSG00000271420",-0.356077464089754,0.277681826926333
"DAZAP1",0.0676295947831258,0.277695147129461
"DPH6",-0.155652971238402,0.277705571336946
"SNHG25",-0.188382026622986,0.27784936063992
"ENSG00000288939",0.467821645766594,0.277973791609815
"IFNLR1",-0.0891653026632278,0.278060907241518
"APH1B",0.223416162190204,0.278259630564881
"APOA5",-0.252524517867546,0.278263781927107
"MT-ATP6",0.213223324649544,0.278272421840171
"SULT2A1",-0.128330124113909,0.278344832914263
"ENSG00000280353",-0.627052532485738,0.278397020742627
"DCUN1D5",-0.0951378070991375,0.278406085370822
"ENSG00000275297",-0.28285430304958,0.278409182077708
"PFKM",0.143778218177325,0.278834595685496
"ACSL5",-0.0847042629932397,0.278848502991172
"CKLF",-0.10335557361833,0.278858790316879
"ENSG00000266918",0.166766090173141,0.278955909843059
"MTX2",0.0910587735859482,0.279031383415134
"ENSG00000287908",0.713806589550905,0.279044201645033
"CHCHD7",-0.0720834963110123,0.279170695750595
"ENSG00000289407",-0.395735820163219,0.279234512176249
"PROC",-0.0770425937855678,0.279411915688631
"LOC101929200",0.234822540528603,0.279448723487244
"SELENOK",0.146777330269354,0.279513528364858
"PCDHGA6",-0.322614085015743,0.279634315079065
"DNAAF10",-0.124605890096882,0.27981718941719
"ENSG00000275441",0.265542997722957,0.280166587068653
"ENSG00000262160",-0.177813151267792,0.280174537655905
"H2BC13",0.406193594174213,0.280437897771577
"STEEP1",-0.110861508753329,0.280488555410384
"ACTR2",-0.0825293041930551,0.280659469640824
"C4A",-0.110962640721952,0.280746964909779
"SDHC",-0.0851041643350607,0.280929640813689
"USP6NL",0.0974521867978727,0.281042167078727
"NPB",-0.245823905469671,0.281060834773648
"SREK1",-0.0825260860244568,0.28126630458656
"ENSG00000272043",0.405802198387222,0.281460658052266
"C16orf46",-0.14927837398657,0.281517816912586
"SARS1",-0.0935819474656219,0.281625646956156
"ENSG00000269947",-0.291805653957758,0.28163544581444
"PIGG",0.085264509152139,0.281780197039684
"ENSG00000286787",-0.450331098063105,0.281879826228464
"DNAJC8",-0.0839779123161713,0.281953535025262
"ENSG00000204789",-2.29712807283526,0.282119629031633
"MAPRE2",0.112203350689554,0.282127766639947
"ZNF404",-0.173187924435267,0.282172453360329
"ENSG00000280173",-0.529087213073884,0.28223658507479
"CTPS1",-0.120263236146405,0.282250949108196
"IKBKG",-0.0782919094017266,0.282280971158084
"NIPAL2",-0.147386034782471,0.282321112387495
"GGT5",-0.465133637898799,0.282407711030437
"TUBB1",0.251739867248264,0.28242564139601
"OXA1L-DT",-0.218970255736493,0.282523719679508
"GAS2L1",-0.112002888582306,0.282603541607606
"FBL",-0.109039263658362,0.282605966440157
"EFTUD2",-0.078526196598832,0.28260646072014
"FGF17",-0.137574582310124,0.282694633839545
"ENSG00000290546",0.321987806982434,0.282963956029371
"ESAM",0.356565985842533,0.283040065727222
"BICRAL",-0.111140383796042,0.283285382278539
"NUTM2A-AS1",-0.0618391119979742,0.283295798163152
"RBBP8NL",0.274389782347374,0.283305489820079
"CCR6",-0.114042085160419,0.283345705077588
"TIMM23B",-0.136146680495289,0.283519507142514
"MRFAP1",-0.0885061237182006,0.283645003077057
"MATN2",-0.415441550638031,0.283692394190467
"ENSG00000274859",-0.528088166868381,0.283709275263654
"ENSG00000300781",-0.267774046891587,0.283790500958898
"ELL3",0.173496428680733,0.28385689067959
"ENSG00000257411",-0.779528613218719,0.283938281494522
"MAPT",-0.136661237356207,0.283986293586045
"ENSG00000295196",-0.148956536775506,0.284153202752957
"GPX8",0.51881417651603,0.284357239310327
"ENSG00000276071",0.427261700988949,0.28469013191222
"PREP",-0.0795877663997388,0.284826086380462
"LINC01145",0.119479276916097,0.284972148072445
"RABGAP1L-DT",-0.320608295558784,0.285036175560712
"ENSG00000288948",-0.417120583494907,0.28505536289585
"LAMA5",0.147092461939745,0.285122556999452
"ENSG00000214465",0.629286888062974,0.285199603537378
"ENSG00000295613",0.384371872671663,0.285354104262237
"IL12RB1",-0.574497218663645,0.285387682399684
"NDUFV2-AS1",-0.266319293181503,0.285435558975771
"ENSG00000270141",0.476820665869828,0.285478075069379
"LOC124907726",0.110259468477896,0.285522148584038
"BCKDHA",-0.140445064252295,0.285572605762244
"LOC124903770",0.154383501831191,0.2856011201102
"USP15",-0.100034362427969,0.285745603403933
"PRCC",-0.0680617614526824,0.285952919287003
"CPT1B",0.0916287024927269,0.286215922646404
"NPAT",-0.0944527505033892,0.28624807509579
"TMC4",-0.477788616709806,0.286283194749227
"ENSG00000272989",-0.565116981371802,0.286377211343364
"ENTPD7",0.101150436933815,0.28637932962085
"ENSG00000300031",0.644342284334852,0.286588520309394
"NCOA2",0.0964184377580868,0.286699360345635
"ENSG00000280184",0.593943159168347,0.286701196562414
"ENSG00000263535",0.215022725686557,0.286783510513925
"FGD5-AS1",0.064922630151453,0.287093535314784
"ENSG00000291032",0.229809545952155,0.287166990568386
"NTAQ1",0.108884623688424,0.287412472881583
"ENSG00000287707",-0.406204219581414,0.287662715613212
"MCAM",-0.181613045031863,0.287713276215185
"LINC01011",0.166677595001752,0.287719999870649
"TMSB4X",0.271202307378689,0.287729359671071
"HAGHL",-0.151076653256963,0.287940153399705
"PRRC2C",-0.0942617914141927,0.287998411706413
"CERS2",0.0930621790500868,0.288022371078988
"ENSG00000261645",0.286513424433351,0.288050404092618
"LINC01622",0.372277792493406,0.288069002344056
"H2BC3",-0.525301543051578,0.288143927721598
"ARMC12",-0.743360252112919,0.288249665542746
"VN1R1",0.298171703440419,0.288387957066245
"CWF19L1",-0.0881208734315996,0.288395378189767
"ENSG00000272374",-0.128524848946533,0.288456160733216
"ENSG00000302377",0.902903457861498,0.288477591170793
"ENSG00000255946",0.476975041963105,0.288519187102485
"MTG2",-0.0773408008838261,0.2885599875735
"FAM98B",0.0880755991937589,0.288842629441859
"TSPAN1",-0.274380673061908,0.288879360571811
"MRPL32",-0.121946719352296,0.288886145514297
"ENSG00000186312",0.409222751773824,0.288914288439486
"RNF186",0.658377220120422,0.289055180243813
"TUBA4A",0.255036654466119,0.2892940216169
"RIOK2",-0.0876618457396272,0.289334460782436
"ENSG00000267731",1.05242441891948,0.28944398486621
"AIG1",-0.0979298672344316,0.289482749779221
"ZNF202",-0.100596098102716,0.289485884002369
"DUSP10",0.210480074462213,0.289510934797922
"VMA21",0.0662605794978228,0.289908254885209
"SLC7A5",-0.123350805394808,0.289944263277386
"MSRB3",-0.405661595158735,0.290516001567261
"ENSG00000262294",-0.176419561600221,0.291103378981339
"CYC1",-0.181066660539033,0.291372649197224
"GDF9",0.288819360045004,0.291629332212102
"ENSG00000276550",-0.210454518717645,0.291710391629117
"SLC39A4",-0.165271533637045,0.291816656068704
"LINC01399",-0.307144176978207,0.291933605316668
"OSBPL1A",0.54396026688134,0.292153026029659
"NHLRC2",0.0827641489401263,0.292224287308874
"TWSG1-DT",-0.227316001169145,0.292306210385874
"ENSG00000224418",-0.30340377965244,0.292637512796436
"ENSG00000257681",0.283117580031516,0.292753641793764
"COBL",0.103384272753888,0.292913455152701
"STRN3",0.0628455099544223,0.293341284949167
"AIRIM",0.0914548698267544,0.293350586993819
"ENSG00000275576",0.457998101860038,0.293475932811418
"HABP4",0.116374989408891,0.293576047140417
"STAMBPL1",-0.369768388053841,0.293605688586995
"WFIKKN1",-0.232851288349244,0.293756028688504
"LOC107984505",0.35931097056094,0.293808742623571
"UBE2Q2P2",0.157202262029115,0.293835318257469
"COA6-AS1",-0.195864088654003,0.293868910294932
"ENSG00000224810",-0.793337201937812,0.294064968965639
"DOHH",-0.125324768167839,0.294100243012964
"SDAD1P1",0.334213637823036,0.294148709709997
"MLXIPL",-0.1674526521669,0.294323053923675
"FRAT1",-0.182114423324291,0.294332296366676
"TOR1B",-0.0904937226281147,0.294547142730155
"TRAPPC6A",-0.172154079001674,0.29458318940169
"MSANTD3",-0.107101175573123,0.294690677794468
"WSB1",-0.0785383312290118,0.295012845843986
"DEPDC7",0.1237580302407,0.295048692694064
"ENSG00000260698",0.489865715661391,0.29509467817893
"ENSG00000289701",0.111930615993467,0.29510624128753
"PLK2",-0.167092153763811,0.29520640920297
"C1orf174",0.0695438888435484,0.295267854896516
"ARHGAP1",-0.0789090400535653,0.295342091274226
"ENSG00000286263",-0.420134919485962,0.295353442817143
"MRPL46",-0.0846059590781116,0.295435960008237
"ENSG00000232713",0.30586768503007,0.295468469378765
"RPL26P19",-0.404509170624028,0.295542343599403
"ZNF468",0.0906555187440572,0.295698637881355
"POLR2C",0.0829091075579591,0.296079674037625
"ACTG1",-0.232933529683549,0.296209808553715
"ENSG00000279792",0.280465481657608,0.296368064432134
"ENSG00000289613",-0.378592061610311,0.296547421456144
"RP9P",-0.135316735075123,0.29665303618787
"ENSG00000286342",0.298235390089689,0.29681366114972
"INTS4",0.08858207425491,0.296876425381742
"ENSG00000258813",-0.404744444203018,0.296893424295362
"ZNF570",0.140108604739678,0.296965211305582
"ENSG00000304984",0.45099012347202,0.296974188149631
"ENSG00000307990",-0.309244786144895,0.297089743631933
"PFKFB3",0.24009309177874,0.29719884643564
"SNHG10",-0.091112734836695,0.297201058152844
"SLC6A13",-0.412943682037509,0.297267738356851
"ZFP82",-0.125864492459197,0.297383758808771
"ENSG00000243696",-0.241388724355829,0.297785532676159
"ENSG00000239945",1.08826849122428,0.297926493247562
"ZPLD2P",-0.160080950159449,0.298012493231505
"ENSG00000258938",-0.306073210659141,0.298048887391044
"PARLP2",-0.196812944560965,0.298078235300909
"RFX1",0.085892406137071,0.298109855515112
"ENSG00000279041",0.401175579309586,0.298139462923589
"ENSG00000274270",0.301869719075805,0.298196324995838
"NCSTN",0.0938616509399917,0.298274932277478
"ATG4C",-0.105803495683575,0.298279263085636
"ENSG00000299164",0.42844716872716,0.29831256914227
"LIPC",-0.124390957448287,0.29847995951183
"RBP1",-0.207479355557904,0.29853461283083
"LSM5",-0.0617067442259455,0.298544797853176
"DDOST",0.0953746295937564,0.298753184683729
"FZD7",-0.416132293323302,0.298763431007447
"CRIP3",0.144431498933989,0.298797271286263
"SLC25A37",-0.0748976204322106,0.29890679811991
"ENSG00000205578",0.431950649538818,0.299267388852069
"GFI1B",-0.265426357110085,0.299269604295328
"RPRD1B",0.0707659249409048,0.299412939552024
"ENSG00000270115",-0.684399717257478,0.29949969848982
"SLC37A4",-0.0877956431957868,0.299586287901607
"SOX15",0.491656334021409,0.299833877224218
"ENSG00000256591",-0.220836350824173,0.299963049374965
"POC1B-GALNT4",1.24510821136023,0.300090418401382
"FSD1",-0.289980909619181,0.300111241697466
"ENSG00000303737",0.44752433634619,0.300268245166251
"KCNH6",0.452225277398425,0.300296398030692
"CEP57L1",-0.103163692559319,0.300396503269974
"FAM220A",-0.127547852367096,0.300605211396494
"RBM18",0.0976576040883588,0.300659524990725
"ENSG00000279598",-0.563414090981603,0.300817102140184
"ZMYND10",0.208012396604009,0.301207667683431
"STARD4-AS1",0.320169562162916,0.301245151761568
"DGAT1",-0.216738117112278,0.301260456473873
"ILRUN-AS1",-0.134179247805989,0.301306181812324
"HPS1-AS1",0.390979102519649,0.301351983124938
"PDCD10",0.102737871818864,0.301416308920412
"AGFG1",-0.086660245809962,0.301624818519267
"LOC124903629",-0.509798224041479,0.301650667097818
"ENSG00000280287",-0.146612696940107,0.301771697977664
"SSR4",-0.133165785817302,0.30194508212817
"MTDH",-0.0929219750371904,0.301984776527501
"ZNF689",0.0859852899245815,0.301986052112771
"ENSG00000183929",-0.315753112045438,0.302036623383216
"TCAF2",0.690654433504358,0.302095305315367
"ENSG00000271204",0.610914862616227,0.302383350681276
"PRAM1",0.518873041173065,0.302513481115428
"ENSG00000291117",0.212553151340978,0.302667415096178
"LOC102724594",0.406945828030919,0.302822958300843
"MFAP2",-0.317498862615175,0.302976645176345
"EIF3FP3",0.323773089422538,0.303093953565795
"WDR11-DT",-0.356914930145552,0.303279247069702
"ENSG00000251666",0.368297805529469,0.30333070212449
"AP1B1",-0.0773254280135692,0.30345503761628
"MTF1",0.113435158481032,0.303489670179514
"ENSG00000271978",0.250834653008431,0.303552243636101
"MYCL",-0.498723297376083,0.303714789947728
"ENSG00000289606",0.27544668980956,0.30374669259386
"GPC1",-0.195925615022026,0.303754680777788
"TMTC2",-0.208019073437784,0.303864814875906
"TAF1",0.090844063056445,0.304019582590087
"GALNT8",0.409408693530344,0.304193877061043
"ENSG00000280327",-0.438394899669784,0.304202975800072
"LINC00665",0.420589032263426,0.304331292198636
"ENSG00000254165",-0.310938823562181,0.304335844864714
"ENSG00000262831",0.543392325369967,0.304388239497891
"ENSG00000287759",-0.356007612335465,0.304524528058697
"PCDHGB1",0.315044459201866,0.304587092644608
"ZFP69B",-0.121386802323984,0.304784773691729
"POMZP3",0.160938164855175,0.304925202919842
"ZNF561",0.103996578975874,0.30509223501279
"ENSG00000261542",0.265185773264505,0.305275758462568
"PALLD",-0.453898869691911,0.305564438629967
"ZBTB11",-0.0841793639097839,0.305606203984465
"TRDMT1",-0.155682556846004,0.305630295021761
"RNPEPL1",-0.0867194328007772,0.305637545098037
"SNX21",-0.102536417784394,0.305652779258202
"TFPI",-0.0796832984089902,0.305695376822478
"GDPD3",-0.120222031010167,0.305757650253359
"LINC02288",0.240062292932962,0.306151005297629
"LOC389906",-0.0741574638944287,0.306184747895366
"TMEM186",-0.10168701163595,0.306304008689816
"ACCS",-0.273464685176948,0.306309479289483
"SLC35G2",-0.115001516886981,0.3063420365622
"LMBRD2",0.111712666289526,0.306413542093162
"UQCRC2",0.0797987631284325,0.306458011160987
"STRC",-0.517539769931242,0.306469386713296
"UAP1L1",-0.123853254331296,0.306696167851916
"ZNF773",-0.128470483262029,0.306869651474552
"ENSG00000297806",-0.732076524275836,0.307002087168592
"TMEM102",0.148537898054759,0.307008357312444
"ENSG00000172974",0.335477283915629,0.307101520927887
"DRC12",-0.308670344926168,0.30732993566104
"INPP5E",-0.082706675793554,0.307460537238641
"SCARNA9",-0.220963559237237,0.30749750341385
"ZNF594-DT",-0.340107768962082,0.307524139332769
"TMEM63A",0.129202157782511,0.307767371038955
"LOC124905468",0.123971375548116,0.307786938009987
"EXOSC7",-0.0794136682129323,0.307923298037777
"ZNF709",0.165491785701084,0.307935476946803
"CEP128",0.165205141816454,0.30800145911974
"ENSG00000289890",0.251323312312446,0.308011109688111
"IGF2BP1",0.0676180340268173,0.308139419054757
"ENSG00000287286",-0.452433012376961,0.308204353319466
"ENSG00000227088",-0.148495891672333,0.308300453801631
"AKR7L",-0.322355065164247,0.30851682159868
"ZNF582-DT",0.281312355662646,0.308546402209505
"ZUP1",-0.0888636835306141,0.308568314611167
"PRELID3A",-0.102597372070868,0.308589755743865
"EBAG9",-0.10907264557111,0.308623570279805
"ENSG00000302189",0.416673411573551,0.309015919941822
"SBDS",-0.101318379800404,0.309269424632972
"OLFML3",-0.278433305979033,0.309275062629842
"ENSG00000280649",-0.286381312959035,0.309422946798292
"LIMS2",-0.31804053776553,0.309634000772662
"ICE1",-0.0710886887601021,0.309701387666667
"ENSG00000279227",0.217316147242145,0.309704882185428
"ENSG00000305144",-0.404496437026727,0.309734188496581
"MYLK2",-0.472391756556638,0.309857804381809
"HUS1",0.0990549884399159,0.309919606963096
"PIGH",0.0878843220557909,0.310179446056145
"AMZ2P1",0.11834183949885,0.310311077746448
"SEMA6C",0.113444947295009,0.310389098304336
"AP3B1",0.0695156684828384,0.310537089393161
"KLF9-DT",0.505306943828707,0.311055839324495
"TBRG4",-0.0621337613971203,0.311103700956449
"RHOXF1-AS1",-0.195983262438175,0.311231643974554
"FAM99B",0.210481484680269,0.311456436512146
"ENSG00000230869",0.373118339270634,0.311621191965925
"NDUFB4",-0.0716858683347708,0.312002167104642
"DMAP1",0.069263282052122,0.312213326282331
"TMTC4",-0.0743309161540985,0.312237109033624
"TMEM17",0.48215144127769,0.312437369408204
"POLR2M",0.0778536110572739,0.312536431379609
"DNAJB11",-0.097127109164944,0.312651893027187
"KDM6B",-0.0737030418878391,0.312908120635208
"CYP51A1-AS1",-0.31310713162745,0.312976943677657
"LINC00339",0.105713516745415,0.313219629304705
"EPS15L1",0.0714475990539533,0.313436305158755
"UQCRFS1",0.102975602611405,0.313663668335829
"ENSG00000228274",0.164869926442831,0.313717490589305
"RAB2A",0.0769329805769816,0.314063458337402
"AADAC",-0.228461471491976,0.314184400651707
"TPM1",-0.0984232679565422,0.314279754891363
"ENSG00000285667",-0.284485875429875,0.314334423019837
"PDPK2P",0.746660660089699,0.314339131394074
"PRELID3B",-0.093259604578743,0.314379101079151
"ENSG00000289145",0.335851378228742,0.314455281192303
"PTGDR2",-0.340612525961481,0.314817897235032
"SNAI2",0.241463443266589,0.314861633002058
"FZD4-DT",0.287481625637371,0.314878534663798
"RAD1",0.06605199802454,0.31495207114154
"RPS15AP6",-0.413587908885531,0.315124739045831
"TNFAIP2",-0.332257199731967,0.315217692994704
"ZNF763",-0.28961708110746,0.315271871224975
"CFAP69",0.140719046168154,0.315385974024503
"SUPT6H",0.0615604541246139,0.31542035630253
"AP5M1",0.0748891287064065,0.315642956876193
"FAM120B",-0.0826995542941654,0.315659430745175
"PCYT2",0.0738124194915201,0.315669735699849
"MRPL10",0.0993214799740381,0.315826146379663
"PPID",-0.0927833645974855,0.315862833762246
"TNFRSF10A",0.0969538290144579,0.315925532909205
"ENSG00000267278",-0.508560160151805,0.315996550755392
"ST3GAL1",0.0947944339516391,0.316127797593656
"ENSG00000258017",-0.182188096995521,0.316292370588495
"ENSG00000278861",-0.560106756690432,0.316335626662433
"RER1",0.0587587735894638,0.316558646239815
"SLC37A1",-0.368632128795209,0.316642803705445
"ENSG00000260782",-0.5771569802821,0.31694599578837
"ENSG00000186704",0.184960323271726,0.317125181572609
"ENSG00000285658",0.402687762036948,0.317321799579325
"HIBCH",-0.0867649853617076,0.317431400738225
"ZNF8-ERVK3-1",0.588931774939979,0.317687451995794
"ENSG00000282097",-0.246672495804106,0.31782731130375
"ZNF790-AS1",-0.243864905128596,0.317853371393496
"ENSG00000300389",-0.409260979677932,0.317970123754118
"ENSG00000283341",0.356366520408514,0.317978290631504
"CYB5D1",-0.104551953759649,0.318026412651135
"ENSG00000279528",-0.258139292746882,0.318105048337673
"ENSG00000274944",0.241490363987482,0.318458377621568
"ENSG00000289065",0.22341660716289,0.318572581510779
"ENSG00000231731",-0.248723987499121,0.318675484832949
"DBF4",0.0866997997748544,0.318817700562563
"CENPL",0.108353074593188,0.318902797195714
"ZNF174",-0.0852813398026146,0.319224918546706
"OTUD6B",0.0869529294751748,0.319657590662246
"ENSG00000264058",-0.348415055991316,0.319718617734179
"ENSG00000287234",-0.299130158527392,0.319855165011706
"FANCB",-0.156441787329856,0.320035209250793
"NBPF14",-0.113483833560069,0.32006448797206
"LNX1",-0.388384848972874,0.320080569461136
"IQCE",-0.123826129892472,0.320183720531344
"NFIL3",-0.0803895856954766,0.320289076153234
"ENSG00000278897",0.265994197514585,0.320316244266975
"STK4",0.064675295877871,0.320445382565291
"RNF157",-0.0975385418830139,0.320461801706532
"ENSG00000269403",0.552141767047272,0.320712127809858
"S100A3",0.497565998255341,0.320748780229652
"ENSG00000213178",-0.47841067786832,0.320774679745765
"POLR2D",-0.0609518943437287,0.320774980936712
"ENSG00000295750",-0.481927424350901,0.320920212659594
"NENF",-0.0878907503219518,0.321071772800336
"RBAK",-0.0706709157308587,0.321167939715986
"CARF",0.145668675223007,0.321207772162328
"ENSG00000271699",-0.95461030012005,0.321262085031977
"ATP5MC2",-0.0756326838972546,0.321502515402544
"ENSG00000290429",-0.531166594249226,0.321653058334311
"MRPL14",-0.0738453334282038,0.321800244179915
"ENSG00000272173",-0.34807531604464,0.321859447045156
"MAST3",0.0910363860723061,0.321926701552034
"IDH3A",-0.0808888752501226,0.322159093426599
"ENSG00000272599",-0.121265045266471,0.322211818983878
"ENSG00000242539",0.437055672988943,0.322281706466577
"NDUFS3",-0.0677118033638664,0.322299561356989
"MGC12916",0.158215672062407,0.322406611880219
"LGALS8-AS1",-0.282519050171695,0.322484783742906
"ACADM",-0.0832557518058607,0.322639849027544
"CSDE1",0.0736240390025278,0.322859231591437
"ENSG00000304572",-0.505201011231092,0.323026669004858
"CLTA",-0.113646355146704,0.323488977420652
"DNAJC27-AS1",-0.467666196453346,0.323672275412765
"ENSG00000228107",0.238679055994066,0.323746282884616
"NOS1AP",0.150134523197569,0.32401891361248
"ENSG00000240429",-0.160578698758545,0.324131241808712
"ENSG00000235313",-0.342613862309328,0.324145290678921
"BANP",0.0737316079795309,0.324374575573629
"ENSG00000237978",0.454136164139736,0.324384670220019
"TCP10L",-0.200994467388886,0.324557784004866
"ARHGAP11A-SCG5",0.517385786850873,0.324606510998534
"ENSG00000261324",0.13237562322984,0.324749866575902
"MRPS31",0.0853147688970374,0.324773870981511
"MTIF3",-0.127058880472105,0.324815369253498
"VAX2",0.191965688956761,0.324844755184809
"CIZ1",0.0749665927917405,0.32487605104286
"MYC",-0.0895424049549893,0.324893205444981
"SLC25A23",0.107450424432371,0.324977864583603
"ENSG00000230409",-0.327150627025049,0.325037188169696
"RBM25",0.093649691672024,0.32514789633115
"PRMT9",-0.0989965071116616,0.325355564277584
"BRWD1-AS1",-0.381498251065936,0.325669333344173
"ENSG00000290556",0.336422857525336,0.325888887101853
"ACSBG1",-0.274106502324685,0.325907951381996
"ENSG00000269044",0.164125780399234,0.326236067482321
"PHF20",-0.0742523437203872,0.326475373315038
"ENSG00000293970",-0.291379997632726,0.326719941446073
"TBC1D7",0.0849934337631887,0.326786110712751
"STING1",-0.1480378273093,0.326952803206115
"RHBDF1",-0.092087468532441,0.326965385272926
"UBE2L3",-0.100095282645139,0.326967533080973
"ENSG00000294512",0.0726847451418706,0.327007680395073
"BTG3-AS1",-0.251825793138942,0.327288792238823
"DDRGK1",0.0776600953902592,0.32748459018512
"ENSG00000228709",0.103533174172721,0.327585831022057
"LOC729654",-0.234488221861407,0.327592748035891
"EAF1",-0.093057606240704,0.327708043025781
"FAM110A",0.163590274880347,0.32784099632219
"ENSG00000307098",-0.437940243338205,0.327869820114425
"LRRC51",-0.15938358658088,0.327952995588175
"AAAS",0.0584141813162345,0.327985571760344
"FGF11",0.18947542808438,0.32808320017642
"THAP12",-0.0781828617233876,0.328239494768549
"TBC1D16",-0.0658846416481408,0.328261979150939
"LINC00632",0.804838202382702,0.328280404708755
"ENSG00000300150",0.247576561928313,0.328312434905128
"TGIF2-RAB5IF",-1.11626376433252,0.328470240265261
"ZNF26",0.0939143563873425,0.328586707494709
"LTO1",-0.0786719361106182,0.32859245162093
"CLEC4A",-0.678898793492406,0.328879986952377
"ENSG00000260774",0.240145918485466,0.328887288171947
"ENSG00000295786",0.463654935609457,0.328967635432656
"ENSG00000289009",-0.202051033656851,0.329062635865328
"ENSG00000273004",-0.285684885919192,0.329706414045524
"ARMC8",0.0663553952120025,0.32975324322075
"ANAPC13",0.0768995958176434,0.329836259152657
"ZNF281",0.0707368220773967,0.330016731102107
"ENSG00000243289",0.35404183788532,0.330059760039087
"ENSG00000299813",0.176996561020329,0.330106433696963
"RPS16",-0.0918382622867067,0.330131664222908
"ZBTB47",-0.135743028704796,0.330155260104341
"LINC02018",-0.147041858861842,0.330402013878157
"GORASP2",-0.0818465004107654,0.330458118140327
"B4GALT1-AS1",-0.499540455919026,0.330656613580203
"ENSG00000240180",-0.572824639279578,0.330715611360517
"ENSG00000273628",-0.390748800624902,0.330719405489034
"SYPL2",-0.280612474639422,0.330794906344144
"RPLP2",-0.12230211778323,0.330859030525579
"SSTR5",-0.510056992253586,0.330946108868039
"ENSG00000291125",0.310864940406724,0.330970742614244
"STUB1-DT",-0.483352296319721,0.33111255267368
"TMEM191B",0.139868965939059,0.331315485708939
"P3H4",0.0806514279851526,0.331465041623919
"ENSG00000273381",0.294141153877794,0.331764665128763
"ASS1P2",0.236373194516786,0.331897009577396
"SPAG4",-0.175929468789708,0.332086290202161
"COPS2",0.0772788856027624,0.332224539948448
"BSG",0.100702187096379,0.33231786542007
"ZC3H12D",0.107190255060586,0.332369693243686
"H2BC5",-0.187592623687077,0.332561661334741
"RPN1",0.0942507411591199,0.33259874244434
"ATP8B5P",-0.339169253954982,0.332750960753606
"CA5BP1",0.0841664674037428,0.332788419637445
"LINC01485",-0.601557408275754,0.332880015857779
"LOC105374910",-0.420330244150383,0.33299518538194
"ZFAND4",0.132274367701928,0.333086823781046
"LOC105377035",0.378971393643236,0.333267368687205
"TCERG1",0.0651020105795856,0.333277911460669
"CCDC92",0.134227496334666,0.333456852731531
"C10orf143",-0.295897648698103,0.333618609204018
"ENSG00000289627",-0.439281304917386,0.333700509419406
"HCG20",-0.545546204150878,0.333721644833474
"L3MBTL3",0.143035074750332,0.333751858934697
"ENSG00000259370",-0.466072819767066,0.334084142980809
"ENSG00000257497",0.326536547429668,0.334213143225052
"ENSG00000289222",-0.219470424404909,0.334418348240233
"GUSB",0.0916487470196142,0.334702613482701
"C1orf115",0.0816059352021717,0.334732827029085
"ALDH4A1",0.0709274912821117,0.334864045867135
"DPF3",0.137987237338294,0.334869517851109
"ITSN2",0.0648762195053178,0.335047499457037
"EIF5A2",-0.167633127197086,0.33518588977238
"LOC124906471",-0.358356735511926,0.335269589741699
"ZNF321P",-0.141894130497397,0.335367517605521
"CLSTN3",0.138566731688566,0.335372471122688
"FAM135A",0.0848051471791615,0.335442065690925
"ENSG00000205041",-0.171415297548862,0.335464424203284
"ZRANB1",0.0671485337194635,0.33546965750788
"SLC25A3",-0.0659009549239217,0.335575944173214
"PAK2",0.06817168729342,0.335625691917923
"OTUB2",0.200794326665442,0.335925012357655
"RPS6KA2",0.460226798017738,0.33595207030217
"HELB",-0.234067609133607,0.335984417557898
"EEF1B2P6",-0.469338349055353,0.336042197153966
"MTND4P12",-0.306863432034107,0.336072488657721
"PTDSS1",-0.0814505175969285,0.336201639517156
"ENSG00000286118",-0.271526687773891,0.336235704397127
"ENSG00000268869",-0.475755424296719,0.336465033374376
"ENSG00000291166",0.121882490330441,0.336538376564931
"ENSG00000280069",0.280829432835225,0.336564228691952
"SCAF1",-0.055085331869488,0.336663480118396
"ENSG00000303764",-0.178880292585529,0.336683432963068
"AGMO",-0.19818099291402,0.336695864487445
"ENSG00000300442",-0.30271464645844,0.336732665946891
"ENSG00000272293",-0.203292692980785,0.336775012124862
"ZNG1DP",0.645014245588002,0.336872058479674
"CNTF",0.362084276294111,0.336934143664031
"MFF-DT",-0.2341347117242,0.336934409634254
"ENSG00000301874",-0.23615230113395,0.337136506199076
"SEC23A-AS1",0.254465741252873,0.337351458908457
"NUDT17",-0.153721183227486,0.337354130804225
"TLX1",0.308812999866241,0.337431261621
"UQCR10",-0.0886400169317926,0.337443683898482
"DDX59",-0.102453471529441,0.337567915600142
"ENSG00000123870",-1.04293146327129,0.337717431344802
"ENSG00000289353",-0.133520876224931,0.337881578808965
"ENSG00000253194",0.317671819480417,0.337925877336752
"ENSG00000267059",0.525489691370746,0.338002693153908
"TRANK1",-0.205392297191613,0.338087339154142
"ENSG00000227080",-0.37893081409682,0.338250295946808
"ENSG00000304244",-0.244508802662105,0.338321197362473
"NTAN1P2",-0.388304443319024,0.338862362484636
"MTMR6",0.107678816080762,0.338946251519326
"ZNF626",-0.119845246856457,0.339406753142993
"SLC22A1",0.180173714325269,0.33971067274867
"SEMA7A",0.0808253443021989,0.339831974615749
"TALAM1",-0.2764092384506,0.339848654223217
"SECISBP2",-0.0748479889450199,0.339881473907577
"ENSG00000301476",0.399775600459837,0.339998899395118
"ENSG00000289810",-0.499796174030913,0.340053797511446
"RN7SL3",0.144007009338997,0.340140746355168
"RUSF1-DT",-0.553550989555349,0.340257799897719
"ENO1",-0.133124032128216,0.340490081360818
"ENSG00000246898",0.165738350786986,0.340499342023427
"ENSG00000289210",0.490732057541506,0.340722206868953
"EPCIP-AS1",0.200928997421901,0.340762555199825
"ENSG00000287133",0.391532784344109,0.34096610278106
"SHANK3",-0.0646278083759549,0.341029650715416
"TAGAP-AS1",-0.385639889943142,0.341099860539521
"LIN52",-0.0867114616803875,0.341147103779229
"SEPTIN2",0.0664555552962828,0.341295212348546
"ENSG00000280152",0.106303684615242,0.341520231436053
"TRMT10B",-0.11131042162999,0.341655712150088
"POMGNT2",-0.0907113269378098,0.341661200153839
"BTG2",0.125331633241488,0.341734696858396
"ENSG00000279423",-0.155723265952614,0.341787102897441
"ARL4A",0.139778386440975,0.341850051531948
"SCARNA7",0.408552109704261,0.3418845556568
"CHCHD6",0.118840218596086,0.342187582877332
"EEPD1",-0.101325167858139,0.342252631175933
"ENSG00000231466",0.215780987192931,0.342326187460828
"SLX1A",-0.0952037029341567,0.342375989356856
"ENSG00000279602",-0.225579436413532,0.342408787877342
"EGFL7",-0.312569713595602,0.342414218187495
"FBXO22",-0.0816681468263885,0.342540188696733
"ENSG00000276390",-0.456465743801833,0.342593723406513
"HINFP",0.0813228485668984,0.342747886766793
"MAFB",-0.583208201020558,0.342780778203431
"ENSG00000278985",0.284272606393697,0.342905398760716
"PGAP3",-0.10142635091209,0.343044601747749
"QPRT",0.0902721703578859,0.343443789306934
"COX17",-0.107728479534751,0.343717084176195
"ATF7",0.0787967597907987,0.343742012455628
"ENSG00000271855",0.194431073179258,0.344018843983101
"NUDT16-DT",-0.233036260767299,0.344070455019845
"DLEU2",-0.118084305028474,0.344118324978305
"ENSG00000257954",-0.552840497117808,0.344195851597962
"GPN1",-0.0773125983026842,0.34419645341392
"ANO10",-0.108358347440507,0.34451850938616
"HACL1",-0.0983983655884949,0.344763974196219
"ENSG00000253392",-0.265018246687052,0.344798926908224
"ENSG00000270149",-0.141646985173789,0.344805522043159
"GPX4",-0.0807925646663497,0.345106127513068
"SPDL1",-0.0672611780565445,0.345118006005363
"IPO11",-0.0913723666107303,0.34519624288326
"ENSG00000249141",0.474006164284876,0.345234892489777
"ENSG00000238260",0.176007301880002,0.34532780615548
"GPBAR1",0.482011616612759,0.345435041292245
"NUP42",-0.0750829011188501,0.345678689572676
"NCOR2",-0.0689777895000155,0.345984284999392
"ENSG00000226349",-0.579317179167037,0.346173951411044
"TLR2",-0.214317312074737,0.346263015323979
"ITGA2B",0.336052430163932,0.346298407874373
"ENSG00000293390",0.845944550687479,0.346314892308485
"ENSG00000251450",-0.242461663503467,0.346497813965014
"ZNF860",-0.417020735696263,0.346735916663841
"LARGE1",0.0910743051958831,0.346770270871073
"RIPOR1",-0.0897601288054649,0.346801796102777
"TRAPPC2L",-0.0757525068522949,0.34694557607928
"ENSG00000303940",-0.290564429116571,0.347067614479345
"MTSS2",0.109406589089644,0.347111888915951
"ENSG00000100058",-0.99520101117606,0.347150241032785
"ENSG00000290117",-0.330387328241399,0.347194372058959
"SAT1-DT",0.252027314381149,0.347410160645571
"ENSG00000261655",-0.332250423553493,0.347494949012142
"ENSG00000263020",-0.219952213281845,0.34807451116663
"PPP1R37",-0.0781162895933148,0.348101555809853
"HLA-B",-0.0962169779215325,0.348266377361762
"CERK",-0.0820005224303361,0.3483773578619
"ENSG00000290391",0.491559558019398,0.348411724606161
"AFAP1L1",0.277787149300785,0.348579051603151
"CSNK1G1",0.0869318347857526,0.348675293010056
"VDAC1",-0.0683086527123427,0.348705337899951
"TRADD",-0.102742946510084,0.348759478847466
"PDCL3P6",-0.479380781816168,0.348823101089388
"GNRH2",-0.424837585010874,0.349057779763987
"TKT",-0.0754298497642262,0.349113292478807
"PDK2",-0.0913333359800797,0.349198650687034
"HNRNPA1L2",-0.119277423271272,0.349474845872098
"LYVE1",-0.345829726886304,0.349623527237494
"NFS1",-0.0566433880357335,0.349715812094444
"ENSG00000254294",-0.526429468214236,0.34974557828392
"NUCB2",-0.102353285861522,0.349834264702225
"ENSG00000254676",-0.399969816593257,0.349910939149822
"TWF1",0.0846934451751626,0.350136107257088
"TAFA4",0.261141683034561,0.350163083066043
"SLC47A1",0.104381574846694,0.350206024885519
"ENSG00000224356",-0.417635013407008,0.350308487022106
"LRRC70",0.579228831654442,0.350355558177872
"RAB35",0.0572957439918585,0.35037295962091
"ENSG00000205464",-0.503370547743451,0.350375559287753
"TASOR2",0.0598167088385502,0.350502707933629
"UGDH",0.0776003470760108,0.35058681230952
"RALBP1",0.0877919621501824,0.350601273203297
"IFNAR2-IL10RB",0.50691211774352,0.350658952474648
"ENSG00000218283",0.123548333935604,0.350831729339355
"EOLA2-DT",0.116605076839992,0.350947865122951
"ENSG00000279718",-0.344102350692412,0.350954559668176
"RPL41",-0.0717943601143757,0.351038015415736
"TREX1",-0.517205863403346,0.351216836266015
"GEM",0.582428684777718,0.351269879328755
"SSNA1",0.0771819512641694,0.351419410497564
"TTC21A",-0.25116101492366,0.351504358721502
"IRAK1BP1",-0.158030131782331,0.351599036052504
"PPA2",-0.0882696864135036,0.35169944910055
"FASTKD1",-0.0667361008026223,0.351988069684907
"ENSG00000306735",0.214099675212401,0.352509402011906
"KIF16B",0.0735070840343453,0.352628586248164
"ZNF419",-0.0711419322440102,0.35300640413937
"ENSG00000303760",-0.342184527303804,0.353024735379209
"ENSG00000273748",0.202107759931118,0.353510947529978
"ENSG00000237280",0.40949879869126,0.353981424132745
"OSR1",0.207440209978454,0.353998401931135
"TCIM",0.242153608906726,0.354066683644182
"ENSG00000257527",-0.256543052724168,0.354238617581776
"COL26A1",-0.17134412124403,0.354250906793837
"JOSD2",-0.17555731011211,0.354254249463949
"MSLN",-0.204366677641692,0.354297441113982
"MEP1A",0.11172789127918,0.354689205218349
"LOC105370447",0.773021184621183,0.354847376445517
"PEX6",0.0833780707766161,0.355206208794266
"ENSG00000288550",0.209843310740126,0.355227167261989
"ENSG00000278917",0.401650091193869,0.355364121746351
"AGA",0.114487880372319,0.355388379165226
"ZNF808",0.117625923866416,0.355457689951839
"SFXN1",0.0598994477256622,0.355598442199723
"PPIE",-0.0765974323262411,0.355742675589287
"C20orf144",-0.307743501456775,0.356047808947984
"ENSG00000304967",-0.260907013026576,0.356161035430113
"TBCCD1",0.0978536631592308,0.356189195497218
"ENSG00000236814",-0.348015817216159,0.3561925291055
"RBX1",-0.077325449933338,0.356260718935393
"ENSG00000285641",0.229467746999929,0.356571825783141
"CDC16",0.0653640808755519,0.356587343726149
"BORCS8-MEF2B",-0.220848697433331,0.356712607397677
"TFF1",-0.37729549303458,0.356846684166813
"ARID3A",-0.0678026651154316,0.356859087881568
"AHRR",0.369602499939606,0.357249752092413
"CPSF6",0.0549404203867933,0.357277262650548
"HYLS1",0.137550163247718,0.357294016574795
"FERMT3",-0.2731696473183,0.357335827525449
"LINC02166",-0.299281007763732,0.357357257074448
"LITATS1",-0.295718407765686,0.357427377974548
"TMEM151A",0.458460353823395,0.357466554339749
"ZNF252P-AS1",0.219558235616732,0.357766261879273
"GPR39",-0.336114032290132,0.357833283675423
"CYB5D2",-0.111310048174334,0.357908098387968
"SOCS5P4",-0.461911811543775,0.358149932251626
"ENSG00000305730",-0.4579327056964,0.358247802162999
"ENSG00000203709",0.173309853026361,0.358433548135632
"ACAA2",0.0675914075345367,0.358571759218218
"H3C4",-0.433455027778019,0.358586069096138
"ENSG00000271335",0.168006941524306,0.358616801782068
"ENSG00000287515",1.03553031119019,0.35865112700517
"RPL24P4",-0.287075586813208,0.35873727499165
"FAM174B",0.32917986662963,0.359087702809564
"SLC2A10",0.0960665056995689,0.359150026721558
"TMEM150A",-0.0708353073231381,0.359168555108002
"TRAF6",0.0944986748431361,0.359252529710233
"ENSG00000234678",-0.191533541027352,0.359255460129366
"ENSG00000288871",-0.316600276696707,0.359401831670807
"LINC01139",0.270777275301832,0.359475962081754
"LINC01012",0.100497374196364,0.359596851483518
"ENSG00000289045",0.260313279653892,0.359725995783388
"ENSG00000272505",0.168377077231296,0.360220090901669
"FANCC",-0.0739269947132058,0.360380390952671
"PRXL2C",0.0790961781630051,0.360525373466502
"EPHA1-AS1",0.646465397818929,0.3605489636862
"METTL14",0.0621306632085179,0.360673004639476
"ANKRD46",0.0655472115767502,0.360877683123588
"ENSG00000280306",-0.33036646669949,0.360924797178812
"THUMPD3-AS1",0.0704390705972902,0.361001128270834
"GTSE1-DT",0.348687339253967,0.361402915371445
"THAP10",-0.177072528292567,0.361496881910769
"CBX2",0.131868266565897,0.361777657230141
"PITPNA",-0.102413716495034,0.361844639743655
"MZT2A",-0.0788508141752358,0.362033270762267
"ENSG00000271380",-0.200637402782471,0.362091560508567
"ZNF407",0.109596707699757,0.362189075072082
"CENPO",-0.0637731369361191,0.362398616125707
"ENSG00000260160",0.292616083364016,0.362401293383914
"ENSG00000273156",-0.254204871653704,0.362444809161166
"ENSG00000289377",0.35618388850145,0.362532518838881
"FBLIM1",-0.157312391349454,0.36264477853241
"NSUN3",-0.0827187322976559,0.362749084595554
"COG1",-0.0571089145524903,0.362900341500392
"TNS4",-0.365078742642168,0.362955216754367
"ITPR3",0.178408102438081,0.363334665407831
"TAS2R5",-0.153052732758176,0.363488209557788
"CHCHD2P1",0.365517987335267,0.363669046538136
"PRR15",0.0816033665359315,0.363784312792919
"NUP205",0.0646411476744328,0.363886110156747
"TMEM150C",0.119619507313674,0.364460975190543
"ELAVL1",-0.0655924035682991,0.364525596022995
"ZSCAN20",-0.106763119624038,0.364568404002466
"SCP2",0.0603206645001644,0.36470831575308
"ENSG00000271533",0.107757749132444,0.364759875949048
"CEROX1",0.210037751177601,0.365003582964628
"MGST3",0.0753616401977883,0.365096687397047
"TOMM7",-0.0838392016499823,0.365119805684925
"FZD3",0.0978032622846869,0.365284150866984
"ARHGEF33",0.361567406180358,0.365294242743418
"WNK3",-0.241542158519502,0.365337791794668
"HCG27",0.126311547212287,0.365489702292653
"BCAR3",0.126966109247871,0.365869060431881
"ENSG00000228638",-0.465951625749187,0.365956769334878
"XYLT2",0.0664442180810072,0.365996131536939
"ELF2",0.0679495363649036,0.366231419450848
"RPL6P10",-0.245300223408855,0.366268117181746
"LACTB",0.070004203338716,0.366318208516191
"NUDT3",0.0516543256208341,0.36639527595831
"ENSG00000289463",0.218499232731318,0.366550921751941
"ENSG00000279209",0.645132322385723,0.366660466080257
"ENSG00000287742",-0.340412072863309,0.366777323558307
"TLX2",-0.382320551235325,0.366929948089864
"DLX4",0.11056586707769,0.366940306558995
"RPLP1",-0.0859247514719635,0.36721999372147
"ENSG00000300245",0.327938761204353,0.367348433960673
"CNP",0.075106781879678,0.367407486704038
"ENSG00000288966",0.38149971937347,0.367481649964986
"ZNF816",-0.0920982576007109,0.367572267891466
"ENSG00000234769",0.266643981432292,0.367639103762542
"MTOR",-0.0543683905680691,0.367818134493913
"PKN1",-0.0629837575011264,0.368067965047012
"UPRT",-0.119850022659638,0.368114933786866
"KIAA0825",-0.36481098575011,0.368116198074488
"LINC00870",0.199092495251594,0.368145365128404
"ENSG00000260361",-0.183676856243905,0.368152606158871
"CIB2",-0.214492308291107,0.36820271064554
"ENSG00000234160",-0.349773908077128,0.368216701893566
"NDUFB11",0.0713179936744857,0.368218878013283
"NCK1-DT",0.133094589595498,0.368343928384282
"OXSM",-0.109305749089019,0.368344994023803
"MPZ",0.108668778725828,0.368364729980799
"DCP1B",0.0874321703879067,0.368497242499645
"FAM228B",-0.138776742784874,0.368564894796864
"FEZ2",0.0767774467679904,0.368751048644108
"ZNF658",-0.163510739428148,0.368864735747603
"RN7SK",-0.162330260963843,0.369064474714427
"HEPHL1",0.407031931715146,0.369144639744467
"ENSG00000309757",0.336263110668703,0.369253689514724
"CHD3",0.0592302835394106,0.369474509841599
"MAPKAPK5",-0.0553331578604582,0.370237256417714
"HARBI1",0.119863925913595,0.370581631045304
"ENSG00000268584",-0.357005432918529,0.370681144520928
"ENSG00000236963",1.27024602470749,0.370770036478562
"ENSG00000271797",-0.296545819304829,0.370827381964441
"TATDN3",0.10980353332421,0.370841892180486
"ENSG00000304231",-0.45402872750567,0.370920990209667
"DIAPH2",-0.102911738270189,0.371500888732038
"TUBA1B",-0.0838948674813993,0.371551161854888
"PDHA1",-0.0757727447778257,0.371710194762466
"NANOGP8",-0.577508390899015,0.372012454723126
"FADS2",0.113876693730571,0.372954515036154
"ENSG00000306369",0.29933370839131,0.372991358820961
"ENSG00000260855",0.20820613222433,0.37314709270445
"ZNF678",-0.11784982208261,0.373229441952318
"ENSG00000289190",0.281500140267728,0.373328886825551
"ENSG00000180229",0.192455316436459,0.373487748988172
"SEM1",-0.0941440268518924,0.373595625558043
"C2orf68",-0.0640675326153086,0.373689828205012
"ENSG00000295624",0.426116880920995,0.373753051194997
"GOLGA8B",-0.0808359528527467,0.37395480039376
"ENSG00000288926",0.158636682674341,0.373984510504767
"ENSG00000262332",-0.419804413166329,0.373997646066166
"GLIPR1",0.236311649968733,0.374083109132654
"FBXL14",0.135986422950322,0.374116517701999
"ENSG00000248774",0.258723378752064,0.374147465170341
"ENSG00000262304",-0.348869782182808,0.374332017838784
"SMC2-DT",-0.374331716565488,0.374355059795026
"LSR",-0.0598885671113818,0.374509278180127
"DLX6",0.116490979630216,0.374541965181509
"ENSG00000266680",-0.140755342167816,0.374993732054092
"SPG11",0.0697222423857299,0.375108030686396
"ENSG00000253200",-0.132210094628321,0.375215880718213
"ENSG00000267277",-0.177997215638905,0.375517627562992
"ENSG00000285796",-0.117188237514519,0.375588157232152
"RNF157-AS1",-0.459546389849096,0.375870236265795
"ZNF708",-0.133026321235925,0.375934492381181
"NMRK1",0.132967236534975,0.375935246546491
"ZNF609",0.0824901292850797,0.376336409899304
"ZNF285",-0.173780644714255,0.376541721236579
"ENSG00000272273",-0.217806253956228,0.376617323240688
"UTP18",-0.0650997837951487,0.376779214470503
"DDX11",-0.0709743489892163,0.376995972902113
"ENSG00000259562",-0.282282424079523,0.377175419346916
"CHD1L",0.0585919118414398,0.377190641614934
"FANCA",-0.0826680665169951,0.377213574018382
"ZHX1-C8orf76",0.244178844535617,0.37748645350172
"USP14",-0.0575551087924367,0.377601279427159
"DUSP13B",-0.472217072635732,0.377739833392692
"NMNAT1",-0.0964765026992467,0.377769971721186
"GPR155",-0.219046997190421,0.378074495492804
"ENSG00000309351",-0.389677475441728,0.378083361874356
"APH1A",0.0773754082093112,0.378117549518603
"KRBA2",-0.1086865947332,0.378152163582256
"NPIPA2",-0.348995717926672,0.378260800010596
"ENSG00000275468",-0.394932122247285,0.378345742933552
"AP2A1",-0.0656775477561639,0.378524301023692
"CKMT2-AS1",0.0890303355329295,0.378612117530444
"UBXN1",-0.0870170877080819,0.378628259481423
"ENSG00000301100",0.351165707681539,0.379087616813041
"ICMT",0.059061629630444,0.379177204741346
"SNX30-DT",-0.360744811806532,0.379335548658055
"PABPC1",-0.0720687878604737,0.379398056708289
"CBFB",0.0654614773699367,0.379412257343086
"ENSG00000297771",-0.861152737793731,0.379494077296026
"KHDC4",-0.0630471964851128,0.379866287242117
"ZFAND3",-0.081951607143921,0.379923864041913
"UGGT2",-0.101480760930843,0.380074579051531
"RILP",0.128357688374535,0.380129232878088
"ENSG00000290833",-0.112153497081369,0.380336341405293
"ENSG00000308909",-0.477765439548243,0.380352253661693
"ENSG00000224417",-0.306515551990812,0.380439817755842
"ENSG00000290835",0.0705341736085257,0.38078707427089
"ARLN",-0.0941337602173734,0.380818645752426
"ATP5MF-PTCD1",-0.376176581540917,0.380946860723905
"ENSG00000262172",0.288129227944639,0.380983916663118
"IDH1",0.0642717670005473,0.38099022148359
"SLC2A5",-0.457392191422913,0.381101068078128
"DPF1",-0.128733928565505,0.381223874514825
"NUP188",-0.0635817763851816,0.381537796177946
"RPL6P19",-0.318345151026424,0.381539857255949
"NBPF1",0.051392411375095,0.381713811355608
"KGD4",-0.0722141928900309,0.381987901790723
"ZNF880",-0.383054233131053,0.38212984430528
"ENSG00000259321",-0.184435801731171,0.382280220167982
"ANKRD49",0.0833423341178807,0.38238415773811
"ENSG00000280128",-0.100916692606681,0.382435586104262
"ENSG00000286650",0.294201522922485,0.382504066584113
"WASH4P",0.306410552751495,0.382573507858227
"ENSG00000278950",0.395060465480193,0.382691990539703
"ENSG00000271862",0.234081566803527,0.382711241792727
"ENSG00000295438",-0.256022879878795,0.382715640823003
"TAOK2",-0.0652668067382746,0.382781731599659
"SBK3",0.259911312185452,0.382908514198433
"ENSG00000255439",-0.712226928225267,0.383050658864065
"H2AC7",0.618837582455455,0.383098590192927
"ENSG00000289119",0.158364727681965,0.383341984388677
"SMARCE1",-0.0627422224382317,0.383388259684451
"XPOT",-0.0543433814684011,0.383406317045319
"SMIM7",0.0516456913768939,0.383529342978183
"ENSG00000298662",0.446343699674317,0.383533915120364
"ENSG00000290123",-0.269117084663902,0.383806662027829
"SPDYA",0.488997243067424,0.383811160800604
"HSPB2-C11orf52",-0.330759204323401,0.383844403873469
"UBTF",0.0675519652203263,0.384200129368229
"ENSG00000290484",0.29845445402912,0.384309794176174
"GUSBP15",0.189019275867175,0.384317206333039
"ENSG00000262903",-0.40144820419549,0.38449716680319
"ANKLE2",-0.0545098598878618,0.384661305756057
"ADAMTSL2",-0.183211822272095,0.384665809431024
"ENSG00000274213",0.266596647808288,0.384692151924467
"HSD11B1L",-0.132408708402973,0.384718482693722
"ELF3",-0.142726066298656,0.384745562226171
"DPY19L2P3",0.356177584701958,0.384984456568331
"IKBKE",0.123196597174598,0.385351731118382
"VN1R51P",0.37830652572926,0.385414734397932
"PSMB8-AS1",-0.17372367853464,0.385644999672753
"RHBDD2",0.0904425656723237,0.38564973166342
"ENSG00000259994",-0.1458264559039,0.385836537262652
"MRPL47",-0.0798465664724103,0.385893583139528
"ENSG00000261553",0.269197765985319,0.385937761609161
"ENSG00000287190",0.303836996466272,0.386214898473256
"LYST",-0.157062758289322,0.386514310488566
"LSM1",-0.0860992916856943,0.386899784780492
"ADGRL2",0.0776286062771909,0.386899949321333
"SON",0.0564342692317774,0.386939265081699
"ADAM20P1",0.743650956230737,0.387047623654939
"CIAO2A",0.0675586133465127,0.387098090927128
"TSSC4",0.0940089115141956,0.387105280622
"ENSG00000224415",0.436835367543893,0.387236523774964
"ENSG00000280046",-0.226298945399244,0.387370130585887
"STRAP",0.0723740148129543,0.387473849922141
"ENSG00000271754",0.264769422812011,0.387481289870069
"HOGA1",-0.111123668105969,0.387742492141885
"DCTN1",0.0541225759390836,0.388142702413905
"USP39",-0.0568475528858473,0.38826837933022
"APOE",-0.11356184317424,0.38830350370888
"TRIM25",-0.0589798759539883,0.388322943304577
"ENSG00000259349",-0.193344904511496,0.388569544360771
"ENSG00000289238",-0.245652984118647,0.388583839307857
"AGAP12P",0.178431059643186,0.38871064014121
"ENSG00000286527",-0.28112271402591,0.388795334256898
"PAK1",0.115458409672658,0.388850072140657
"ENSG00000293248",-0.215662280743532,0.388905568927761
"MRPL43",-0.0544977830986817,0.389055134840966
"SYN3",-0.127247222968966,0.389164615735271
"ASDURF",0.831510901673203,0.389172026211247
"SH3GLB1",-0.0739895331078661,0.389186952363757
"CENPBD1P",-0.0826217183524894,0.3892834771926
"ENSG00000260997",0.74818066913776,0.389545334278246
"KCTD6",0.0675137058533474,0.389626034837372
"ENSG00000276718",-0.368475838705392,0.390005542454055
"ENSG00000272021",0.277717278576398,0.390037072938593
"FBXL2",-0.129468700934334,0.390149657269902
"ZKSCAN4",-0.102880160227836,0.390176013409644
"CD207",-0.282982558577621,0.390223090127865
"OAZ1",0.0644717414985723,0.39038203527006
"ENSG00000280383",0.109581812246062,0.390422769892995
"TAF1A-AS1",-0.16326944323049,0.390476027636109
"SUMF2",0.0673693209670667,0.390802359863155
"ZNF701",0.0910900175616341,0.390808660845025
"SLC12A8",-0.311491055230863,0.390835158986879
"ZNF747-DT",-0.172487857352259,0.390933043744882
"ENSG00000269938",0.296709468924882,0.391086700954805
"PDE2A",-0.945231379860055,0.391129723111489
"TRIM32",0.085965293852065,0.391161539021613
"ECD",-0.0739671648469044,0.391222988099177
"ENSG00000263620",-0.308583615130114,0.391519986503084
"TUBA1A",-0.251178859376104,0.391547519590928
"CCDC81",-0.278529731549118,0.392058377067228
"TTC38",0.0664636726519328,0.39224784652188
"ENSG00000286614",-0.297258869284153,0.392664700123997
"BRCC3P1",0.356796276478597,0.392718656887978
"ORC6",-0.0907444305740765,0.392974462648619
"ENSG00000304625",0.284402830748551,0.393045514259674
"TWF2-DT",-0.270095001525117,0.393318199039911
"ENSG00000279140",0.301829846840757,0.39333179633336
"LOC107986250",0.171348542589267,0.393369471597725
"TTC19",0.0681715906852652,0.39348172608379
"ENSG00000297106",0.13326855178279,0.393535197863113
"NR2F1-AS1",0.143870653363799,0.393573629711955
"SMG1P7",0.131002125350502,0.393664082403557
"GUSBP3",0.156273560643253,0.393761659006855
"KLHDC4",-0.0560481391808596,0.393965295403293
"ENSG00000176868",-0.273735752458085,0.394023306174944
"COL2A1",-0.168608983547764,0.394110334828593
"WDR41",-0.0718676204040981,0.39421080566206
"SYPL1P2",-0.407128305369416,0.394249611242664
"TPRG1L",0.0580101304663522,0.394434795708076
"NOTCH3",-0.336804249457201,0.394741197001241
"BRAP",0.0763953572551406,0.395204215722503
"DOCK9",0.203207535544614,0.395320628183894
"RIPK1",0.0549067020497277,0.395632141598695
"DELE1",0.0550031855331412,0.395639690631507
"CDC5L",-0.0627152329876156,0.395731665567622
"LINC00862",0.270282766426856,0.395747629989593
"ENSG00000299818",0.380771897047387,0.395881674244123
"GHITM",-0.0671315979506743,0.396181485037759
"ENSG00000228158",-0.334534299737877,0.396209800536623
"GUK1",0.075465997690896,0.396262971505416
"ENTPD8",-0.238115781016366,0.396870985359029
"ZNF761",-0.0591937610077563,0.396883290637121
"ENSG00000230490",0.18966352223786,0.397043221099055
"ZBED4",0.0560620601231505,0.397157772585905
"ENSG00000277744",0.407239951032654,0.397369673473742
"ENSG00000277229",-0.331925342041195,0.397803938643783
"ENSG00000295521",-0.264721154671998,0.397980321750698
"PDE12",-0.0690536667888095,0.398498251133421
"RALA",-0.0689702194764067,0.398620550949564
"ENSG00000301565",-0.263570902775726,0.398677945472826
"HLA-F-AS1",-0.109291606448497,0.399062398948534
"ZNF660",0.111014076726928,0.399150629765757
"H3C3",-0.339289054804345,0.399160237162727
"IFI27L1",0.131221536685346,0.399337911031052
"PSMC6",-0.0631259927448709,0.399406517072785
"CDC73",0.0604083785015933,0.399684360536626
"F2RL1",0.184353734688044,0.39982648392584
"PABIR2",-0.0740821521413892,0.399844246910239
"SLC20A2",-0.0679544622801352,0.399998667227524
"COX14",0.107808399841832,0.400057935220838
"ENSA",-0.0578307707208994,0.400113430058521
"GTF3C4",-0.0658213774894055,0.400352274726204
"CLDN4",-0.123280709453521,0.400387561164004
"PHYHD1",0.11347176557318,0.400407357480758
"TUBAL3",0.414575621820572,0.400432092761622
"PARTICL",0.137822014498379,0.400456336712168
"CD19",0.214441226576857,0.400660663997538
"CUL3",-0.0760519835138346,0.401445578143528
"LAPTM4B",0.0749790662069738,0.401470067275998
"LMNB1",-0.0592184378334813,0.401505717689844
"ENSG00000306113",0.279527139715922,0.401775448528921
"ANKRD13C",0.0602447947222266,0.401798430280085
"TLCD5",0.10028793567471,0.40188476944597
"SUB1",-0.074615806654561,0.402211090732118
"SMC4",0.0588589884843626,0.402726775299112
"IFI27L2",-0.211673495682096,0.402827194580186
"RAB40A",-0.509662347768727,0.402829660491883
"CD36",-0.198423362788478,0.403124298839506
"IDI2-AS1",-0.529568848233179,0.403128192759588
"ENSG00000282988",-0.640886401797397,0.4033859908462
"KLHDC1",0.383663880898009,0.403481282868737
"APOA4",-0.269763592466874,0.403722181379663
"ANKRD11",0.0682258255022298,0.403917542522969
"ENSG00000260197",-0.190131681021348,0.404056522766307
"GLYR1P1",0.467973355094048,0.404142878288173
"PRTG",0.0826721795691172,0.404263593639787
"CSTA",-0.123734518644369,0.404387171588991
"GGA1",-0.0621827327145581,0.404392896708547
"ENSG00000260714",0.222796769076604,0.404553016705345
"RHEB",-0.0700479755691858,0.404812137576236
"ZNF585B",-0.0882927885564254,0.405500127174025
"PITX1-AS1",-0.134953338979184,0.405812017567742
"ELP3",-0.0745123809702645,0.406129562233642
"RNF121",0.0885198768629073,0.406140142845802
"GP2",-0.303569957601153,0.406177337023508
"CCDC62",0.47450235113719,0.40655528243094
"CHERP",-0.051619865936556,0.406685373524246
"PCIF1",-0.062510738142279,0.406788631963093
"ENSG00000304845",0.292984893942716,0.40687609648588
"CUTALP",-0.0859400487840412,0.407170222683322
"ENSG00000262769",-0.338874784706645,0.40748368209712
"SYS1-DBNDD2",0.690315363811612,0.407514390149692
"LY6G5C",0.241910314739055,0.407552977112736
"COX16",0.0702111889806582,0.407575058537076
"ENSG00000296775",0.17431638174253,0.40763034214285
"ENSG00000235319",-0.311532389241064,0.407930084320255
"DNAJC24",-0.0734349225869025,0.408168048008427
"NUTM2A",0.291771600775331,0.408315211947241
"ENSG00000286724",0.318461156883899,0.408323603427297
"RAPGEF1",0.0816863065858422,0.408337683460671
"GPR199P",-0.257705990114827,0.40841308952963
"ENSG00000250838",-0.302514278772819,0.408475264488767
"MFAP1",-0.0918898261135331,0.408680111036293
"ITGAL",-0.165721968046326,0.408807023482315
"RSKR",-0.107712952687668,0.408838697023084
"SINHCAF",0.0609608740809948,0.408891775676442
"LINC01770",-0.126724620122315,0.408925222333678
"TMEM263-DT",0.167361297005405,0.409539819416189
"ENSG00000293629",-0.344633871963761,0.409561487526444
"KLRG1",0.367562598507015,0.409771455092396
"LARGE2",0.0966144462736734,0.40997193493464
"ENSG00000299346",0.22559139149864,0.409986796163879
"ZBTB48",-0.0793718072714765,0.410002741376809
"LOC124903567",-0.239669757389706,0.41005302111128
"ENSG00000310372",0.337518871009892,0.410162941609282
"NDUFA1",0.0802322692867355,0.410325864698578
"LOC124905030",-0.549607604034954,0.410569935202438
"EIF4EBP1",-0.0997193008723225,0.410718872964946
"RPL13A",-0.0823730873683982,0.410921070232632
"SLC20A1",-0.070498746373851,0.411013905479011
"ART4",-0.0927159525708508,0.411057146891547
"ZNF232-AS1",-0.164138254209068,0.411110986535851
"IDH1-AS1",0.178557471199738,0.411319095788462
"PON3",-0.0840915497147202,0.411376942743591
"NDUFA3",-0.0775072576679644,0.411442520199398
"ELOVL3",-0.21552517897381,0.411521059104109
"ENSG00000297156",0.235700811252729,0.411532631772994
"POLE3",-0.0591950328263782,0.411676791103194
"ENSG00000258744",-0.10129178884501,0.411685821079204
"BHLHE40-AS1",-0.206144726198861,0.411751226204613
"ENSG00000286885",-0.441361396602472,0.41181160825607
"ENSG00000279589",0.36264407367565,0.411910335839966
"FHL2",-0.229404826293373,0.411967917785177
"ITIH5",0.185310132001976,0.412109661874302
"ZNF529",0.0654272129509183,0.412143553590027
"LONRF1",-0.058480155614409,0.412249628638967
"MYO1D",0.0903021044836988,0.41230181815288
"SCRN1",0.0845051656221954,0.412313660872508
"PARVA",-0.0939010685394539,0.412537633761146
"LINC02226",-0.288206418616406,0.412668373789991
"YTHDF2",-0.0543640378754676,0.412865424509677
"PAPSS2",-0.569965331377454,0.413076323054973
"GCKR",-0.0842948285134672,0.413130680708723
"COL11A2",-0.205165096933243,0.413149129988938
"NDUFC1",-0.0708782286715075,0.413163372079673
"ENSG00000239883",-0.239859034464515,0.413398448990584
"ENSG00000260912",0.149666940413438,0.413475206514637
"CHMP2A",-0.0771597579404097,0.41353030382603
"CRISPLD2",-0.565083183163629,0.413538752601213
"LINC00973",-0.255532741276309,0.413856458352069
"LARP6",-0.390394647451746,0.413972890360823
"ENSG00000269378",-0.367510381820369,0.414011925365925
"FASN",0.0748893970110437,0.414100716646501
"MXI1",-0.0778834745193269,0.4141459106515
"ZNF229",0.287624276601344,0.414302899110289
"NUP93-DT",0.278646867011651,0.414310695420895
"BCAT1",-0.0816192461401458,0.41432542390094
"PLCH2",-0.242389849093053,0.414386722022861
"TIFA",0.106758100208746,0.414694495680552
"REM2",0.716488329716243,0.414972520239274
"SMIM27",-0.125632179948967,0.415223215025809
"SUZ12",0.0617468163271869,0.415229746921204
"GOLGA8O",-0.530912283797561,0.415280973425607
"LOC105370947",0.311692723829676,0.415613541632035
"ENSG00000213453",-0.259824980540454,0.415687554833747
"HOXA5",0.106532938890303,0.415767661037038
"DGKZP1",-0.315350589398821,0.415772496472684
"F2R",-0.0948032631083699,0.415909618883009
"ID3",-0.0978204232461945,0.416387886830426
"ENSG00000286707",-0.320243180004675,0.416396892780822
"EEF1AKMT2",0.0789541247536139,0.416500928160829
"TNFRSF11A",-0.109235196698568,0.416501929347246
"POLR2H",-0.0622029760225682,0.416632248014392
"ENSG00000251409",0.386219100887024,0.416719089758948
"TMEM147",-0.0856817800468099,0.416999003209475
"MAP4",0.0585844028991147,0.417004696834521
"PMEL",-0.250817560415533,0.417036871577453
"LOC124903883",-0.357639412664223,0.417120614462784
"ENSG00000269653",-0.338919433000942,0.417409282187186
"ENSG00000267769",-0.336944092330239,0.417758086676423
"IRS2",0.330880538306423,0.41777083118378
"ENSG00000287275",0.304778587363209,0.417953310398856
"TAS1R1",0.163490548881172,0.418016517160133
"HDGFL2",0.0529827877253231,0.418115959642658
"ENSG00000273064",-0.186526362311903,0.418252286951641
"ENSG00000271976",0.193952309452114,0.41831613802506
"MRPL49",0.0775011771978395,0.418491596267531
"TADA2B",0.0633973151002911,0.418505030593634
"ERP44",0.0805926854196888,0.418724690167918
"ENSG00000277534",-0.154303988220199,0.418742565022762
"RGPD8",0.0816745711520452,0.419136846944044
"DDX46",0.0645292078098551,0.419222020082624
"RRN3P3",-0.0832333109833652,0.419301333958788
"DYRK2",0.0814998983765137,0.419421728790881
"RASA4",0.286043715640924,0.419522105587066
"ENSG00000268204",0.310141988401337,0.419678083758001
"ENSG00000266538",0.435563195649262,0.419761887497079
"TCEA2",0.0771615838407551,0.420048351243403
"TOLLIP-DT",0.21608960102649,0.420054460494579
"ENSG00000272523",-0.171975451598063,0.420236113049524
"SLC25A15",-0.0515005512870614,0.420535679305885
"EPAS1",-0.0655571323258157,0.420621534360786
"ENSG00000274104",0.171983140379428,0.420659699281637
"ZNF354B",-0.0872198680352208,0.420797356223144
"ENSG00000310019",0.142466684165087,0.421296436149171
"RAD9A",-0.0989137578515881,0.421644146298881
"APOLD1",0.559911420888507,0.421659234861151
"SLC30A6",-0.062136405959523,0.421724562398113
"ENSG00000279394",-0.360720661518916,0.421724690141813
"CTSS",0.160762134641017,0.422018616999422
"CLIC2",-0.454285580383744,0.422021617027896
"NICOL1",0.156891710225882,0.422104515054908
"INAFM2",-0.0882269517863096,0.422199301606023
"SEC14L1P1",0.237767016595678,0.422214901003885
"PTCD2",-0.0802584939694241,0.422303017960477
"MIS18A-AS1",0.21237310248195,0.42235157268843
"ENSG00000306953",0.350584172590094,0.422368971295734
"ENSG00000267500",-0.303524478021487,0.422595769116023
"NEK5",-0.322495925714274,0.422723616221832
"MB21D2",-0.33248747471248,0.422879214061821
"KIAA0513",0.133969811599182,0.422882364825876
"MDH1B",-0.409187867085765,0.423200781661687
"AFP",0.123481081600859,0.423384247019715
"PCDHB2",-0.0943655650662443,0.42362157815284
"ENSG00000296618",0.107364852265408,0.423856620104085
"CFAP251",-0.230022129799282,0.423876957235724
"ARHGAP11B-DT",-0.129661134181424,0.423954797527485
"NUP43",0.0770290929114158,0.424025205239756
"ADAR",0.0731799643649111,0.424045861215175
"PON1",-0.344532402815374,0.42408307217717
"RGS2",0.267490436679426,0.424135002461746
"PYY2",-0.256520835820063,0.424162211106656
"ENSG00000253341",-0.351182566533244,0.424226966072587
"SERPIND1",0.0829924060671337,0.424291100264983
"GHET1",0.295168263749443,0.424298251140681
"ALDH1A1",0.100069888205015,0.424356591357741
"CDRT4",-0.0612100867454951,0.425203934582877
"ENSG00000235888",0.270703986752192,0.425326357332255
"ENSG00000289428",-0.218273463485219,0.425516040323298
"CORIN",0.328530967854762,0.425539107839433
"EEF1A1P19",0.247637811080158,0.425551727471641
"TMEM269",-0.315791968200096,0.425681777476868
"FRK",0.0808489513749288,0.425772887910603
"ING5",0.0511598164454149,0.42580816071382
"QSER1",0.0584498130124172,0.4261083533665
"H4C5",0.406265524588935,0.426276281303876
"EFCAB12",0.179886082162951,0.426438646876556
"ESYT2",0.0531244861732205,0.426670179862571
"GKAP1",0.0820609213610046,0.426688234889725
"ENSG00000210082",0.155744401832481,0.426822542374042
"TLCD4-RWDD3",0.206988675709925,0.42715075108405
"TBPL1",-0.0666420250406936,0.42730211212342
"ENSG00000304013",0.704485568738874,0.427352094490735
"ERGIC3",0.0525603943501976,0.427540404754188
"KNG1",-0.170687091885645,0.427664397856187
"BDH1",-0.0833501841279903,0.427754209260564
"LOC101928234",0.341575289447357,0.427868554537512
"ENSG00000263603",0.37808587621619,0.427982381094835
"RAB20",-0.127114291986291,0.428876778696012
"ENSG00000217094",-0.382521548375772,0.429055997869048
"MAP1S",0.057408198414932,0.4292151390257
"ENSG00000229609",0.141832147715745,0.42972399758605
"ENSG00000231563",0.182689309779474,0.429793171614938
"RPL14P1",-0.143314231048559,0.429823496759301
"ENSG00000290569",0.403565700059574,0.429856669536777
"ENSG00000225850",0.348911945095176,0.430005621666601
"RNF114",-0.0458844788656455,0.430030416491377
"C8G",0.0813654799721354,0.43020146933363
"GLYR1",-0.0454636274896006,0.43036174293795
"RABEP1",0.0644040834977741,0.430392516679168
"ENSG00000289003",-0.17661055005824,0.430414117491882
"LOC124903824",0.249573726204735,0.430434729915812
"TECPR2",-0.0664139116030489,0.430457025015775
"PSME2P1",-0.186113458805465,0.430613877419932
"UHRF2",0.0605652119697863,0.430704431463074
"NOTUM",0.0766880432331633,0.430796016041822
"ENSG00000304427",0.294504324837194,0.431231113592749
"ENSG00000276980",-0.171800312062037,0.431539587957622
"SMIM19",-0.0796745666246391,0.431612908676153
"LOC105370532",0.256212098607201,0.431690867546217
"ENSG00000290808",0.295681936236534,0.431769710593086
"ENSG00000266896",-0.27554436164723,0.43190368044781
"ENSG00000274220",0.106271779682014,0.431959885969671
"ENSG00000260302",-0.369948700332397,0.432105498845428
"ENSG00000304945",0.306353433962532,0.432153814471389
"HS2ST1",0.0757626662175198,0.432294512479632
"ZNF778",0.0620918477324718,0.432357857459444
"ENSG00000241532",-0.28865510445987,0.432446896304161
"LOC285442",0.0991860131636122,0.432494261714922
"ENSG00000224566",0.248684007059139,0.432797371929146
"LOC105377128",0.197714809510538,0.432844354102112
"ENSG00000300140",0.304592912531826,0.43306993994424
"FAM193B-DT",-0.387054510299563,0.43313652037075
"STAG3L4",0.0799806951824215,0.433235690606521
"SELENOH",-0.0811971087476545,0.433273134022424
"OXER1",-0.101142859285838,0.433442849564843
"NPIPB7",0.207266219065552,0.43384316351505
"ANPEP",-0.0974478506874037,0.433861890409304
"ENSG00000306280",-0.232244536024577,0.434361697407605
"FOXH1",-0.329755221424981,0.434422083032992
"LOC729998",-0.093065238368717,0.434801748125808
"STEAP2-AS1",0.377045404177868,0.434954547857682
"TARBP1",0.0764692316831467,0.435009605801883
"MTIF2",-0.0740415112783506,0.435011363324479
"ENSG00000242282",0.109377214317102,0.435027711349978
"ENSG00000279066",0.192044583401103,0.435176584201097
"ZDHHC11B",-0.242440934141337,0.43563917851083
"DSCR9",-0.147596860795216,0.436937464529294
"SRP14",-0.081685615991605,0.437004683387461
"ENSG00000293315",-0.196413941677482,0.437165472902993
"GNAZ",-0.0795014616094009,0.437329300342247
"ENSG00000293161",-0.153129142250349,0.437451596533953
"MRPL22",-0.0704906277541533,0.43791472804417
"CSRNP2",-0.068297591785726,0.437924690766929
"NLGN4Y",-0.0939011524078173,0.437953952698985
"MRPS5",-0.0542270449020233,0.437969134142719
"ENSG00000308967",0.361650892927861,0.438198314576582
"CABLES2",-0.102549173482854,0.438260482040758
"ENSG00000301730",-0.43618109960728,0.438336177163329
"ENSG00000116652",-0.29880282295317,0.438429969855295
"TBC1D2B",-0.0612999837891434,0.438582804064741
"SKP2",-0.0540726680459848,0.438604835798306
"TMEM191A",0.113284590441409,0.438843360229902
"GATD1",-0.0762952097714526,0.439081489412332
"PJA1",0.130296516614643,0.43917131482256
"EFR3B",-0.237842872220775,0.439194442632018
"ENSG00000273691",-0.128431573206079,0.439691546822105
"ELOVL5",0.06379430104885,0.439726315869783
"TM4SF5",-0.0915085039050686,0.439787669879958
"ZMYND12",-0.271670268786298,0.439991410244349
"NDUFV2",-0.100416110071593,0.440137131737937
"CXCL16",0.084942143209418,0.440317360154994
"PSMD6",-0.0647483820944159,0.440748940289352
"FIZ1",0.0635103708600755,0.441125209974998
"KIF27",0.0982349217463789,0.441225965888677
"GDI1",0.0520710352085015,0.441231649566884
"ENSG00000305954",-0.394589195141105,0.441271583165835
"ENSG00000226564",0.285464152144868,0.441287563243984
"TRIM69",0.164978059180998,0.441321053708696
"CLEC16A",0.0508848572417737,0.44138414393993
"ENSG00000268362",-0.0785189277804883,0.441478577312081
"CHRNA2",0.187724611376272,0.441692206748699
"ZNF692",0.067484124078984,0.441785512126207
"RIN2",-0.157147344271885,0.44187214148818
"NOXRED1",0.184113258290778,0.442109542211602
"LOC102723360",-0.233661660627021,0.442308057695834
"SAP30L-AS1",0.116756792442807,0.442369463524344
"PYGB",-0.0516300929544096,0.442464748390793
"ENSG00000260464",-0.312923432438017,0.4425266415475
"SH3RF2",-0.0811261105702472,0.442571456535437
"GPC4",0.348405140095616,0.442854758504569
"GPATCH3",0.0710943663654262,0.442980706145939
"ENSG00000246225",0.361197939695975,0.443181898688885
"CRYAA",-0.0787833833902325,0.443210115482677
"LINC00355",-0.116835328051992,0.443414412871876
"ENSG00000183506",-0.17018070968298,0.443460217762523
"ABLIM3",0.160763137120443,0.444307934935791
"NLGN3",-0.281026491606508,0.444571251574794
"PCSK5",0.328901306800639,0.44461866929532
"FGD1",0.0947461363293078,0.444716440253647
"DHX30",0.0420099407729617,0.444723735352764
"ZNF14",0.110930851405385,0.444799747288114
"ENSG00000289017",0.299096222798341,0.444810099485406
"KRT18P52",0.595424121847156,0.444833557423426
"DCXR-DT",0.221813226714353,0.445053774420941
"NDUFA2",-0.0519534769147697,0.445064429197411
"ENSG00000271992",0.326441256056826,0.445149320989616
"LOC441666",-0.277405820407087,0.445401219988543
"CCDC194",-0.188241032491521,0.445759238501783
"ENSG00000237550",-0.0717337564075267,0.445899714191351
"LINC00857",-0.315557903520758,0.445994440867408
"ENSG00000286207",0.133687076545834,0.446026782739823
"ENSG00000248015",-0.108120742718439,0.446090505744781
"ENSG00000309777",0.171120824764829,0.446233068391719
"NRAS",0.0609289557479209,0.446272714402108
"LINC00680",0.0587409086141477,0.446387569334605
"USP45",0.0684904730883462,0.446685716614149
"SMARCA1",0.0674677643666682,0.446775174152831
"TMEM178A",-0.123958251780484,0.446822533281602
"LOC728554",-0.0564881529293753,0.446850107547305
"ENSG00000261056",-0.427742390022418,0.446892357743677
"ENSG00000309002",0.246336941815063,0.447376416441893
"ENSG00000304056",0.211476792299821,0.447413167294174
"LOC100505774",-0.172746650721991,0.447480180475752
"WDR70",-0.056229309910889,0.447499973472158
"ENSG00000276110",0.279015133636635,0.447562343755563
"RAB15",0.08439031692801,0.447803915304142
"ENSG00000296024",-0.34647494003968,0.448040431120504
"ENSG00000285897",0.286145219502804,0.44808736876857
"DENND10",0.0646110896879649,0.448123424604351
"BAG3",0.0966324696362086,0.448140496696611
"ASH2L",-0.0494960152567556,0.448171839563009
"C19orf18",-0.243903756297876,0.448242283533178
"TFCP2",-0.0534793971622615,0.448364291814973
"ENSG00000284952",-0.605585975606456,0.448441449757216
"PHPT1",0.0504676553397839,0.448452747760936
"BICD1",-0.10954363738908,0.448525150410421
"CRPPA",-0.22228407329195,0.448559165663508
"ERCC3",-0.0480315197348066,0.448576722846025
"ABRACL",-0.230059737406081,0.4487189653944
"ENSG00000230695",0.276106546378763,0.448865411216597
"ANKRD40",0.0436347399582325,0.448888533395933
"ENSG00000275807",-0.110309245601905,0.448897112162697
"IGDCC4",0.143187458842145,0.449092962273729
"PLD6",-0.0930942056488692,0.449407017041969
"ENSG00000263809",0.422474479114559,0.449533946236038
"DHX15",-0.0451774748014283,0.449652730817495
"SH3PXD2B",-0.09038683064269,0.449671174900411
"EHD3",0.35783202750476,0.449930364206585
"TMPRSS9",-0.117665999172668,0.449959252357153
"ENSG00000267249",0.246895638131838,0.449962399092095
"LOC100419170",-0.217476422834373,0.449987097360304
"HPS3",0.0563581806906675,0.45017193873061
"EXOC4",0.0738038495344709,0.45033938901085
"FAM66D",-0.207977420380951,0.450360946983782
"ENSG00000301762",0.307743420631913,0.45041366555136
"ENSG00000275580",-0.429763204986958,0.450416268835716
"UFSP2",0.0842669826333,0.450502421137394
"GABBR1",-0.360014932331547,0.450553865772028
"TIE1",0.237664994224562,0.450591920862559
"GNB2",-0.0563826408751443,0.450606997718682
"CYP2S1",-0.284924125540422,0.450699190221462
"SLAIN1",0.111790703624704,0.451239376023296
"HK2",0.130066711777853,0.45143558033595
"ENSG00000289901",-0.42679544837796,0.45166028143247
"LINC01608",0.24103691729946,0.451948876556306
"BLOC1S1",-0.0552605665504947,0.452198035814773
"ENSG00000224822",-0.489754237764787,0.452270489791079
"DUSP3",0.078670172859795,0.452543234070829
"KLHL2",-0.0724200943615958,0.452722879402704
"GRSF1",-0.0583972854085885,0.453025963980411
"VNN1",-0.220936245459513,0.453064247891536
"NHSL1",-0.0639838588691801,0.453252888276857
"ENSG00000279221",0.392700402287206,0.453407957005391
"SF3A1",0.0592851567564964,0.453512930340197
"ENSG00000268889",-0.2602472357893,0.453530128449713
"ASB4",0.412472415018704,0.453606269083207
"IGSF23",-0.148418092283906,0.453654993363287
"ZNF510",-0.084502315938156,0.453873505588851
"ZSCAN22",-0.121129928944907,0.453992840450959
"TOGARAM1",0.0702046268067334,0.454100521375425
"CD101-AS1",0.308104895394708,0.454247960017867
"AADAT",-0.0763730600471245,0.454713393599979
"ENSG00000289979",-0.166602686023596,0.454717471148966
"LOC105371272",-0.149620031996405,0.45497551487928
"ENSG00000279453",0.137873074488131,0.455061792089642
"ZNF273",-0.0949570488024592,0.455192355811457
"ADGRE5",0.158093465539428,0.455207722042869
"ENSG00000262526",-1.20335335363532,0.455287923654887
"MRPL33",-0.0707399803853834,0.455311364556353
"CLP1",-0.0762955675920993,0.45549040310587
"ENSG00000309808",-0.279285081240307,0.455865198028617
"CALML6",-0.356534995858634,0.456020716887195
"GALNT2",0.0723525903652039,0.456111019906248
"PIBF1",0.0762835375901627,0.456397928890117
"ENSG00000272894",0.130571664675169,0.456400410658759
"ENSG00000299797",0.594745723395196,0.456409680101826
"DEGS1",0.0634158825553563,0.456438777786236
"IRF9",-0.0612456022005214,0.456452642891952
"STX17",-0.0528781872425408,0.456774599716262
"ENSG00000309922",0.377802024843173,0.456965890573007
"CCT6P1",-0.0749066025476955,0.457459643181706
"TYW1",-0.06593776666283,0.457495110566182
"ENSG00000226386",0.362856255767633,0.45757219335374
"ENSG00000258168",0.0934181731268931,0.457651444172783
"PSMG3-AS1",-0.130818438387538,0.457714513460128
"NCF2",-0.396210298027879,0.458057767662741
"SRGAP1",-0.128901372544678,0.458125885757694
"YJEFN3",0.110531650786549,0.458140296974004
"KCTD11",0.14050750524104,0.458214258842519
"CUZD1",-0.313635280444841,0.458379758528545
"ENSG00000226239",0.407456839099977,0.458664115833259
"PWWP2B",-0.082822161239891,0.458684917634286
"ENSG00000289015",0.357042593680524,0.458718087235968
"ENSG00000280099",-0.127218014266358,0.458847743438105
"ENSG00000293919",-0.0847698934999278,0.458877997210644
"ENSG00000273759",0.12599433652369,0.458992498300654
"PLRG1",-0.0483650816987856,0.459009143525879
"DUS2",-0.0506819023702191,0.459395461052028
"ENSG00000258469",0.235625708028109,0.4596267090145
"ENSG00000262410",-0.204930046260998,0.459743837880963
"STEAP1",-0.0802687904653676,0.459798106797897
"TIRAP-AS1",-0.170356468566375,0.459912906986023
"THAP1",-0.0951783123949834,0.459915620539947
"LOC105374338",0.725357952668762,0.459944486813395
"ESCO2",-0.0927830226178571,0.460068831158251
"ENSG00000293025",-0.165449169664393,0.460075318720759
"LOC107987142",0.130750815628465,0.460387020368907
"ENSG00000273189",-0.278978331018591,0.460827868071209
"ENSG00000235090",-0.274605733964058,0.460936939672952
"HAVCR2",0.401333587233875,0.461003675755498
"C20orf96",-0.0651037091808232,0.461220909532349
"ENSG00000289103",-0.268324613664803,0.461250544669181
"MAN1A1",0.069753765880688,0.461850532913465
"L1CAM",-0.14132950169188,0.462083370411864
"TUBD1",0.0672740195997031,0.462344026942719
"HHEX",0.0498844679994195,0.462359227501925
"MIR4733HG",-0.337423570286653,0.462393863747396
"ENSG00000306474",0.211012033741082,0.462732488021012
"CHUK",-0.0583398276472895,0.462812607304254
"COX5A",-0.0524539508185717,0.462839048849739
"ADAMTS9",0.375892916969589,0.462856557920164
"BPIFB1",0.191126343381034,0.462867569962341
"NDUFA8",-0.0659709965360303,0.462969341912716
"ZCWPW2",0.448302403941036,0.463155815451314
"PARG",0.0555477417373896,0.463245628533068
"SIAH1",-0.0488858587125762,0.463410899090009
"TYK2",0.0599257300143267,0.463438212123076
"ENSG00000286808",0.135434758868716,0.463583275084943
"PIGC",-0.0607176343360543,0.463838499419022
"DLD",-0.0569645949435616,0.464001137284752
"CDNF",-0.271890117255538,0.464104020538303
"SNORA63",-0.326557328302143,0.464108423988901
"IL17RA",-0.0606748163537935,0.464160276630177
"LIN7A",-0.0663491909400735,0.464161613670773
"TMEM145",-0.132419859844597,0.464226682987052
"ENSG00000271741",0.607661891647063,0.464426316328509
"ENSG00000229591",-0.437463727278147,0.464728910867141
"MIATNB",0.263115982063932,0.464807616520214
"ENSG00000233270",0.241268409374006,0.464834365360684
"LOC105373974",-0.157602460645923,0.46484087801621
"DCAF16",0.0549891746593102,0.465264313162748
"ENSG00000287601",0.575897554386411,0.465324750735868
"AIMP1",-0.0489222663298949,0.465547788971436
"ENSG00000286813",-0.209130439022677,0.465639283471834
"ARHGEF37",0.377039093486955,0.465943556438168
"ENSG00000280744",0.416302312404779,0.466093956558835
"DENR",0.052085658768353,0.466186703664726
"MAGEE1",0.0863142432220075,0.466264268865153
"TSC22D3",-0.243004182572686,0.466283126387485
"ENSG00000259738",-0.254726255590449,0.466574007669695
"FAM229B",-0.100312630757675,0.46659243701491
"RAB40B",0.073399950798617,0.466806271987434
"DNAAF19",-0.299334706989408,0.466818918620053
"ENSG00000275198",0.366324173109394,0.467036967502892
"BAHD1",-0.0821411550142239,0.467304378449487
"RHOBTB1",-0.130504721509236,0.467409469639079
"FDXR",-0.09591827968597,0.467509472761847
"KLHL12",-0.0611203276042835,0.467619741889136
"LINC02728",-0.211845674427432,0.467772728546449
"MFSD1",0.0907945238247879,0.467822666672377
"VPS45",-0.0534497726205115,0.467934324593645
"LINC01270",0.0872431090127355,0.467960266221652
"PPA1",-0.0710126280036274,0.468383125989178
"ZNF484",-0.118414892285994,0.468426136284745
"MELTF-AS1",-0.11778792467562,0.468488609686988
"TXNDC15",-0.0673009070686111,0.468602751495631
"PPP1R15A",-0.0827084756584529,0.468697979111909
"CHD9",-0.0616158116055422,0.468794882183485
"LINC00628",-0.375655593994528,0.468979224563926
"BRI3",-0.0735165098077662,0.469165418407704
"ENSG00000289872",0.218628471195327,0.469517512816226
"VILL",-0.174578569403822,0.469545541118539
"SF3A2",-0.0701035847521016,0.469632828077744
"CSGALNACT2",-0.060802762046075,0.46987788304597
"ENSG00000268750",-0.281409488376985,0.470015146807092
"SLC38A4-AS1",0.135232176099954,0.470035157798839
"AP5Z1",0.0609069667831978,0.470173815339421
"HSP90AB3P",-0.270781315778148,0.470258771962651
"ENSG00000242094",0.205642030367065,0.470383847767578
"ENSG00000278920",-0.26263508606037,0.470449241316665
"FHIP1B",-0.067144864941691,0.470557395105578
"MICAL1",-0.0813520809813566,0.470576529284068
"GALNT13",0.126634870775669,0.470740935952165
"ABCA5",-0.105771011233548,0.470845628223995
"RTN4IP1",-0.119356718844134,0.471187165635206
"RPSAP13",-0.303867180661586,0.47127251242435
"MAB21L3",0.255391182101746,0.471300913662089
"CC2D1A",0.0823280220174634,0.471483595254898
"ENSG00000293321",-0.234621964666591,0.471830398967586
"ENSG00000213189",0.171482639468974,0.471987600005015
"ZSCAN30",-0.0570315553829006,0.472084078555666
"LMNTD2",0.106274985626857,0.472089870504938
"RPS21",-0.0754903928317633,0.47215090808928
"TMCO4",-0.102875964692893,0.472507466237291
"ENSG00000224505",-0.122705390252913,0.472556503613312
"PIGL",0.0670369825856281,0.473097858085446
"ENSG00000279786",0.234463410835438,0.473162098448443
"DUS4L-BCAP29",-0.446838916559717,0.473385231308107
"MDH1",-0.0580776969240126,0.473597036961644
"ENSG00000236209",0.238624558191486,0.473688405329221
"ENSG00000268603",0.376883548800452,0.473844468500012
"EXOC1",0.0630833264227156,0.47409866560261
"FAR2P2",-0.318633892423574,0.474352815965436
"C1S",-0.0876677566575691,0.474432361313843
"MAB21L4",-0.23996573274428,0.474432873853944
"ZNF674-AS1",0.0948269879491912,0.474462636810077
"NCALD",0.326419468794707,0.474690466603551
"ENSG00000295570",0.299362542001802,0.474710785249368
"PRKCE",0.111627984224156,0.474788077533544
"ZNF780A",-0.0595197587585246,0.475138598149802
"PEMT",-0.0623627049095238,0.475142870284463
"PDLIM4",0.242467316489444,0.475358469976985
"RPL7",-0.0690263394021209,0.47552223464166
"SLC38A1",0.115844384607117,0.475561489121887
"LOC105378287",0.26344850992842,0.475733079718293
"DDX20",-0.0690385854390906,0.475770343102071
"ATP1B2",-0.323532712840618,0.475917244467444
"RPS2P29",-0.210829634192847,0.475951480467767
"ZFP37",-0.117201045664957,0.475960677322065
"ENSG00000309031",-0.185169131132272,0.476154337511013
"SAMD4A",0.0802163246462795,0.476303562801455
"TBX19",0.121504230927688,0.476755622400647
"ATAD5",-0.084961792441537,0.477029340782295
"SREBF1",0.0845911786551544,0.477048677128463
"ENSG00000235663",0.270006613503941,0.477065130099928
"LYRM7",-0.0597015635941013,0.477329413733476
"ENSG00000307038",0.170631936558384,0.477657989739325
"ENSG00000272223",-0.195214384262207,0.477838166186509
"ZNF250",0.0931194748977119,0.478060853092198
"ENSG00000304977",-0.347934762562707,0.478206198479949
"FBXO2",-0.059127676900419,0.478241179704461
"PDXK",0.0515881802623445,0.478282162995391
"ENSG00000289911",0.243517900594875,0.478383916034004
"ALG5",0.0796236344498057,0.478760752305591
"NKRF",-0.0574062251904188,0.478825231894419
"STAU2",-0.0551027423639276,0.47893666753017
"ENSG00000273007",-0.190990658971369,0.478937912977689
"PARD6G-AS1",0.113045744167004,0.478972542142598
"HLA-J",0.201300052137372,0.479086450517718
"SYT8",0.109709729364573,0.479106708928935
"ZNF559",-0.0721747046604473,0.479155066391057
"ENSG00000258655",-0.126235785464437,0.479163953204688
"PHC2",-0.0821784871756719,0.479257463380993
"FAM156A",-0.0711689445841927,0.479420680026852
"UXS1",0.0504167195093975,0.47952361298505
"GTF2IRD2",-0.11662283309501,0.479590645783527
"CALD1",-0.0474986913139424,0.479972405947567
"ENSG00000280384",0.283506807444337,0.480127399112051
"PCSK1N",0.0943059387360323,0.480168744238879
"CTSV",0.0950307025526126,0.480345421430532
"GSN",-0.132976058528244,0.480697989442214
"EML2",0.0822529365729392,0.481135131181207
"SLC27A4",-0.0639374138553937,0.481229722403836
"LINC01234",0.0913922815803273,0.481249755200978
"SLC2A3",-0.180574595099011,0.481285958971114
"MED25",-0.0450898499404469,0.481393102661877
"LOC732229",-0.235644855927896,0.481720322123396
"CCDC126",0.0909683836679544,0.481743660486927
"TATDN2",-0.0470561675970208,0.481947704870881
"WDR33",0.045095233073542,0.482049006048449
"DBI",0.0566244098341903,0.48214781842478
"TMED8",0.0621528973576369,0.48229476425979
"MFNG",0.196145083751692,0.482460567347675
"ZNF597",0.0873790353977551,0.482583123027139
"ENSG00000286067",-0.289844179700714,0.482751963015335
"ULK4P2",0.396808671897285,0.482782906319241
"DAGLB",-0.0593526637818306,0.482970519879694
"KRT8P33",0.286538250029865,0.482975702980628
"ENSG00000275236",-0.323765469001955,0.483053216561804
"TMEM91",-0.0852415241645187,0.483070861159543
"GLOD4",-0.0444274413036529,0.483345272573476
"SDF4",0.0484772588254573,0.483347777580912
"ENSG00000279923",-0.334552278141431,0.48343577749241
"SLC49A3",-0.36082868491234,0.483535970552929
"ENSG00000293088",-0.342576965416029,0.48367113837252
"GLO1",0.0459088994080474,0.483698943232176
"ENSG00000239775",-0.255618433736007,0.483700278150993
"CHADL",-0.145128717741668,0.483883769003374
"TFAP2E",0.241043367104002,0.483920814304315
"ENSG00000289472",-0.299712925329972,0.484320210379737
"EIF5AL1",-0.242956554810567,0.484504454563627
"ST13",-0.0571533500527714,0.484627062435631
"ENSG00000250387",0.155089370009431,0.484680539438601
"ENSG00000290383",0.585446014932454,0.484748588128107
"LOC105373347",-0.359058985201961,0.485018591671447
"TPD52L2",-0.0446618184420906,0.485031751212572
"CYBC1",0.0594458092232908,0.485155201306644
"ENSG00000228918",0.31216074001606,0.485161250494821
"TCEA1",-0.0419556324725209,0.485209787566924
"FLT3LG",-0.143919729380122,0.485210163667127
"DPYD",-0.0820502817353258,0.485341019480878
"TRNAU1AP",-0.0576431147720041,0.485367298346118
"TRPM5",-0.652980880089105,0.485478262722489
"SLC25A35",0.084274175496574,0.485505599486049
"SMARCAL1",0.0655644798900029,0.485566945442626
"LOC100533634",-0.161814494280316,0.485732047508233
"ABCF3",0.0477977912451497,0.485790527063249
"AASDHPPT",-0.0497061498348911,0.485933034352251
"HMGA2",-0.049393755178528,0.486157948615957
"ZNF488",-0.296859520811561,0.486318124117059
"ZNF613",0.104354820589586,0.486398730359033
"PEAK1",0.0444899560975554,0.487296301150926
"GAS2L1P2",0.665027146639165,0.487324979649739
"RPS3AP6",0.120462620812427,0.487361562621148
"ENSG00000223935",0.315312103720708,0.487384866512434
"ZC4H2",-0.0611387836174865,0.487472740333896
"ARSK",0.0889835988401611,0.487547379756296
"ENSG00000268379",0.364600457577557,0.487707234693733
"ENSG00000290578",0.172430652268437,0.487851728067514
"TAF1D",0.059067063990865,0.487901128837426
"SLFN5",0.233945762839265,0.487903137602894
"MTNAP1",-0.0434964861065239,0.488030734058646
"TBX4",0.335428296261715,0.488280767402424
"KIF24",0.0840644650842905,0.488456760346685
"ENSG00000230628",-0.501512609108508,0.488498677672381
"SNRNP70",-0.0456891086337124,0.488559154066907
"ENSG00000226085",0.17158468835877,0.488604533922417
"JMJD8",-0.0633313593204666,0.488699144450906
"GACAT3",0.470676419125936,0.488772960901087
"NQO2-AS1",-0.564867885753507,0.488784027682618
"BDNF-AS",-0.250636961662721,0.488806414867582
"GOLGA2P10",0.0587032152399369,0.48888068536162
"TMEM258",-0.0521968765641721,0.489109292181022
"ENSG00000093100",0.0503773305465001,0.489132303189974
"RAB21",-0.0446271897798936,0.489223279951849
"ENSG00000289076",0.194592537261838,0.489429294129884
"GPSM1",-0.100409520596725,0.489940582001034
"SCMH1",-0.0531771530121139,0.48998118884825
"ENSG00000258881",0.155861751414609,0.489989440070732
"ADAMTS16",-0.325559494760339,0.490033536878598
"AAMDC",-0.0587269792636643,0.490038467109813
"ENSG00000229119",0.233401008295513,0.490167591862685
"RPL7L1P9",0.588073131824769,0.490184856813604
"AGAP6",0.0703572807647846,0.490393394655016
"LINC01280",0.370168235936099,0.49049980573492
"PRR35",-0.430183959193862,0.490541616644218
"PRKCZ-AS1",-0.292728886127264,0.490761964255713
"TUBA1C",0.0577073904768188,0.490809331502243
"PROSER1",-0.0543436682908245,0.490811895001275
"SLCO6A1",-0.227740837009555,0.490831267092874
"ENSG00000178146",0.336272125972394,0.491104316815368
"CDCP1",0.327902465417126,0.491109271032236
"CPN1",0.0557046390836216,0.491204253875177
"EEF1DP2",0.275728086706431,0.491211771630077
"ENSG00000275055",0.150969231923063,0.491315522716209
"ENSG00000262445",0.125629066627759,0.491326356288747
"MT-CO3",0.133195223290064,0.491467272090028
"TSFM",0.0566544642417055,0.4919262797628
"ENSG00000287895",0.286066406322878,0.492037775653314
"AHSG",-0.0742791622205362,0.492042015083698
"ENSG00000275764",-0.107660308621352,0.492107699689666
"TSPAN12",0.184143854312691,0.492145185793844
"TTN-AS1",0.0709513226990108,0.492231027321978
"FBXL13",-0.282172306275581,0.492281625947051
"ZFR",0.0453537368091751,0.492293267337317
"SFRP5",0.411393637265457,0.492401104955254
"HECTD3",-0.047244939312691,0.492562939366331
"PCOLCE2",-0.0494653709192137,0.492793470108605
"ENSG00000260367",0.26133706540042,0.493010337173147
"SMDT1",-0.0659509876094087,0.493069849970391
"PILRA",-0.411639004853329,0.493587381333538
"ENSG00000267672",-0.459419067365617,0.493859896824964
"ARHGAP27",-0.0671105666691663,0.493938997988967
"ENSG00000277741",-0.373147300967055,0.49397736165948
"RAPGEF5",0.103678612854947,0.49451985123747
"LIMD1",0.044403610980355,0.494537613786155
"SPEF1",0.333343256499613,0.49462061681693
"JAKMIP3",-0.229503806115604,0.494962625413127
"GRTP1",-0.0483955799800529,0.4950423618886
"ENSG00000276166",0.23741226085414,0.49505889692924
"MT-ND2",0.153727669405722,0.495160951140552
"ENSG00000277007",0.153397209388164,0.495198421265424
"RSPH10B2",-0.333686263704625,0.495279163651015
"RGPD1",0.371896932508392,0.495313390672006
"IFIT3",-0.101375707569298,0.495420351193478
"ROGDI",0.0596354239950419,0.495427564818005
"MPST",-0.0501506859707745,0.495535747258921
"POLR2A",0.0601339456452522,0.4955638839602
"ENSG00000272754",0.329951021603334,0.495660062873237
"ENSG00000294418",-0.28116520797998,0.495729147661331
"MT-ND1",0.151453728757438,0.495747528301161
"COPG1",0.0516080624735687,0.495782185614411
"RPL23AP7",0.12803148011145,0.495854066059288
"ENSG00000228037",0.365360559465323,0.496044639384689
"CD63",0.073748470396506,0.49674044866769
"ZCRB1",0.0663395063683655,0.497229079645786
"ENSG00000231703",0.395239014790141,0.498049451508407
"YIPF1",-0.0540194367970363,0.498068358466607
"ENSG00000293399",-0.249362339040674,0.498195534501409
"ENSG00000305995",-0.156375483667492,0.498260315617088
"POLR2K",0.0567038682800712,0.498271655886123
"LOC115308161",0.147943497548734,0.498496911243191
"SDHB",-0.048892888222851,0.498498909205679
"SSBP3",-0.0526872209197766,0.498622252205465
"CWC22",-0.0480396612586246,0.498647158411476
"ENSG00000282885",0.322141007460572,0.498682192846985
"ENSG00000275532",0.151941235761388,0.498741085304944
"ENSG00000279837",-0.268367289030267,0.498785258398001
"CD79A",0.339519736346605,0.4989270761247
"WDR45",0.0561549748983616,0.499099194563181
"ZNF134",0.0595528640378416,0.49941993482049
"ENSG00000308579",0.293644063957946,0.499687133230346
"MYO1G",0.163076926242001,0.499762508839842
"ATP5MJ",-0.0586618946062012,0.499977302931733
"ANTXR2",0.0622447328499,0.500118380831097
"TRAPPC2B",-0.0991558453105044,0.500306056379046
"ENSG00000272851",0.149325932440057,0.500364664058736
"TEAD2",0.0838702415920304,0.500684124077031
"TSC22D1",-0.0551438749717476,0.501012829815996
"TARS3",0.0828023444182976,0.501420133572117
"LOC131768270",-0.210360511160124,0.501657023088078
"ENSG00000124549",-0.162929219906447,0.501891242302844
"ENSG00000259353",-0.154576968994123,0.502116534497427
"AP3M2",-0.0603350849662916,0.502231992747748
"DYNC2H1",-0.194831825001309,0.502261294530113
"ENSG00000280367",0.14390144750051,0.502287077080285
"TMLHE",-0.0723615088462768,0.502315517320812
"MT-ND5",0.164540889789873,0.502563394151147
"ENSG00000237927",0.494687543286106,0.502625488170588
"ENSG00000251050",0.415271145125733,0.502653810620629
"ENSG00000273226",0.337865441108432,0.502899616084406
"ENSG00000257264",-0.287373569448814,0.502903728134319
"ZSCAN9",-0.0518225811743815,0.502929934088827
"RPS2P1",0.889606562192336,0.502977677487179
"FOXP1",0.0435508113349082,0.503019162176352
"ZBTB45",0.0636386173620168,0.503172021110623
"MEGF9",-0.0772727352078107,0.503811455634891
"GOT1",-0.0933079500343697,0.50387058111807
"ENSG00000235316",-0.137077522336224,0.504141959361635
"ENSG00000280010",-0.385676650684694,0.50443137928336
"ENSG00000257475",-0.299304104581242,0.504485283034968
"ZBTB4",0.0548679371291131,0.504630611523804
"ENSG00000279432",0.145089043958586,0.504667571424005
"MARCHF2",-0.0772573014730217,0.504761664473696
"ENSG00000262362",-0.267626433903905,0.505091719383988
"ERMAP",-0.0912958373520942,0.505372811621729
"SCAF11",0.0380323325960718,0.505535673551739
"TMEM221",-0.12346759740082,0.505570603574328
"ENSG00000231841",-0.411607154618698,0.505628223640979
"ENSG00000263731",-0.0688411203987184,0.505720484429697
"CLEC4F",-0.131599016125982,0.50573509578049
"LOC101927293",0.179081763671723,0.505752786230297
"SMARCA5",-0.0466755333717061,0.505864707805997
"ZNF706",-0.054668765030934,0.506011373136246
"IPMK",0.0718540448637662,0.506593723277528
"ENSG00000289929",-0.0738962137064899,0.506606010905385
"DCAF15",0.0451724398486241,0.506657023189967
"NPIPA6",-0.0525632198262966,0.506861299018616
"ZNF28",-0.0810142073050685,0.506871153686204
"LOC101929609",-0.140528415510621,0.506930488514114
"ENSG00000301128",0.286301862648712,0.506986890506469
"ENSG00000279901",-0.172230976662018,0.507003826420972
"IL34",-0.145667170760245,0.507139790814802
"SOX12",0.0588076475065112,0.50715656941133
"SNORA71A",-0.437408812627807,0.507393209700308
"C1orf162",-0.152832969779788,0.507509944308022
"TMEM117",0.0998159848452514,0.507617027434439
"NSL1",-0.0401417226810337,0.507758900268558
"STXBP2",0.0482604832670522,0.507910418073507
"ENSG00000144785",-0.17737841513969,0.507912898273126
"ENSG00000261172",0.288189093100996,0.507983775220571
"PCDHGA8",-0.243880850243884,0.50802604241886
"CRELD1",0.0443189190735276,0.508053894100853
"ENSG00000254692",0.510103212800281,0.508069448176623
"AGBL5",0.0597269412557819,0.50809569736103
"RBBP9",-0.0516355261538704,0.508097986289395
"SDCBP2-AS1",-0.120561446647902,0.508355112351599
"TUBG2",-0.0477329772960367,0.508429113449434
"ENSG00000289114",0.275774732307814,0.508475209125251
"MRPL42",-0.0484731849845929,0.508543342415562
"LINC02608",-0.192123997166924,0.508830496132151
"ZSCAN32",0.0516052719143957,0.508859948043511
"ENSG00000289112",-0.212707221811224,0.509025857467021
"NPIPA7",-0.0626592781529375,0.509213141172109
"CARD10",0.0517918909234268,0.509262134815753
"CTH",-0.0582077588977264,0.509346379631635
"KCNJ11",0.236514137287106,0.509407108261953
"CDK12",0.0472670449166461,0.50959614534913
"CEP57",0.0384143818893303,0.509915007521438
"ENSG00000226900",0.440180074203105,0.509944893746623
"PAEP",-0.244007745055643,0.509949532773351
"TBC1D3I",0.45609860491447,0.510302235307055
"NSD2",0.0455685332151289,0.510375476308725
"PARP1",-0.0491059079505017,0.510608573042236
"LMBRD1",0.0625222228804872,0.510616800492316
"DPYSL4",-0.208335769395612,0.510665029261435
"ENSG00000288704",0.296584036968013,0.510679839323942
"SMC3",-0.043672172639191,0.510715054268029
"ZSCAN23",-0.150632066035529,0.510804508365598
"TIPARP",0.0702821255932695,0.511381875611502
"PTPN6",-0.0572383188908279,0.511542850686919
"MAP2K1",0.0578052297101868,0.51157881132605
"NLK",-0.0564609725323052,0.511697949638541
"ATG101",0.0537498293470364,0.511971508101016
"RBPMS2",-0.261826997260801,0.511996010737044
"CSPG4P12",-0.500984631431315,0.512166085724283
"ENSG00000291221",0.108150066847162,0.512184885441529
"RB1",-0.0461744851292285,0.512229887833587
"LIN9",0.068783712111802,0.512262076550266
"ZNF234",-0.0573587434725814,0.512526007998383
"EBF4",-0.24929545406688,0.512786154193912
"ENSG00000239280",-0.29040304154083,0.51307884254679
"ENSG00000286714",-0.119103954053864,0.513235599551591
"TERF1",-0.0513751420695463,0.513326408211237
"PPP1R14D",-0.196132581813851,0.513359162528837
"OCIAD1",0.0473623435144682,0.513463977298764
"TRAM1L1",-0.268605310039377,0.513842564855581
"YTHDF1",-0.0428123997424607,0.514271040172945
"ENSG00000309833",-0.27291274335321,0.514276979239822
"SLC44A4",0.0809389154632365,0.514346585032906
"ENSG00000295746",-0.273337872420503,0.514650168960856
"GEMIN2",0.0498488026094995,0.515061782104839
"ENSG00000260566",0.0784069840720833,0.515112633603613
"ATF1",0.0503922100413982,0.515412259597962
"MED6",0.0560246251920258,0.515483138326142
"TPP1",0.061247842148463,0.515754649461682
"ENSG00000300349",-0.215357496763911,0.516114951557215
"ARHGEF17",-0.0655862927498213,0.516376343289237
"ACO1",0.0420874377242933,0.516415346101622
"SHLD2",0.0544309679068725,0.516585294789169
"ENSG00000278864",0.127918938136491,0.516620198571307
"ENSG00000273271",0.300715247383402,0.516895651720817
"TMEM42",-0.0631872261741251,0.516979598797602
"YIF1B",0.0538119497199193,0.51731202370964
"ENSG00000226510",0.462721251922157,0.51753719747137
"DNAJB4",0.0670393981006806,0.517643834526261
"SKI",0.0572721372989012,0.517671230128001
"LINC01767",-0.199853988756205,0.517768419379454
"TPCN1",-0.057791188187893,0.517796319138542
"ENSG00000273175",0.262470542432169,0.517852197382318
"RP9",-0.0519762945232066,0.518098246112294
"PAIP2B",-0.113585019578882,0.51818900219824
"ALKAL2",-0.362991028663859,0.518246275045789
"LIG1",-0.0665847332948281,0.518520399284186
"KCTD13",-0.0573192626239488,0.518768495099035
"ENSG00000284879",-0.151203763234799,0.51878817516093
"SUV39H1",0.0683145595547214,0.518848390823652
"CD302",0.0519913889313913,0.519066596065431
"CDPF1",-0.0930014015294994,0.519097717958072
"ENSG00000291203",0.0484996718786632,0.519115686492186
"LOC105374593",-0.189010136500291,0.519190971801792
"ENSG00000231160",0.131634828239089,0.519260843639002
"MDM4",0.0760798520436469,0.519271288347026
"ENSG00000279203",-0.189428199409433,0.519272979731802
"ENSG00000291159",-0.0593619586390292,0.519545835277113
"ANXA2R",0.139063372376355,0.519602877855932
"GFRA3",0.106225448162259,0.519734504698718
"COL9A3",-0.132446660130761,0.519885936284576
"DEPDC5",-0.0518125867206483,0.52007073793951
"FAUP4",-0.159894951799075,0.520094339433337
"SLC26A8",0.455154845374124,0.520136589014371
"ACOT7",-0.0564181332627371,0.52016548380627
"LOC124905349",0.0802268951556968,0.520281625078044
"ENSG00000305847",-0.307733382714824,0.520383887970482
"ENSG00000306969",0.184175212609002,0.520729627696048
"ENSG00000273367",0.221521791838333,0.520746797574908
"GCNT1",-0.298397420899413,0.52085302469649
"POLN",0.34778678324188,0.520899963164256
"CYBRD1",0.169886847716821,0.52091732798213
"ENSG00000235043",-0.367278851654445,0.521148644210018
"ARID1A",0.0409000094185719,0.521154356699032
"LYRM9",-0.216303666585456,0.521221822275474
"ITGAX",0.27213134374094,0.521257496225662
"ENSG00000279557",-0.330456630348015,0.522051900398962
"RPL19P9",-0.202074985706635,0.52209622435374
"ENSG00000289073",-0.157717405489571,0.522241673301033
"MBOAT4",0.326855285540663,0.522751704680581
"LOC105375423",0.277993189475607,0.522781521147272
"ERAP2",-0.0752986961376074,0.52282695660833
"ARRDC3-AS1",-0.165505421554041,0.522922116134406
"CROCCP3",0.0750790338970526,0.523055237916229
"JTB",0.0590948444965881,0.523085553343378
"ENSG00000286652",-0.249471220317126,0.523104540123677
"SUCLA2",0.0546253451354044,0.523172661117877
"ENSG00000278909",0.0921509110483282,0.52353191797028
"LPXN",0.119357578264968,0.52405777356987
"ENSG00000267385",-0.240336928490533,0.524207146886561
"ADI1",0.0377239154452784,0.524731491123283
"WDR74",0.055837944537024,0.524743692396215
"MT-ND3",0.116920990285864,0.52489403541317
"ENSG00000287170",0.159578632865162,0.525534182808929
"RAI1",0.0614702269261993,0.525622256348441
"ENSG00000289067",0.120920630848173,0.52567808439385
"GCAT",-0.0652421927281171,0.525778434377296
"C3",-0.0874816046571583,0.525878469708758
"BCL3",-0.0502702874146792,0.525924017351433
"TAF4B",-0.121454420771449,0.525988423930717
"SPRTN",0.0619217805539752,0.52605815617616
"ZNF562",-0.0477389466167031,0.526153836817055
"ZNF184",-0.0774239031270597,0.526235408907995
"OSMR",-0.0631160812511914,0.526327244905949
"LOC122526780",0.0931080480374607,0.526406665142513
"ENSG00000303650",-0.300846417771205,0.526621594964712
"PLEKHA8P1",-0.203570141304989,0.526792794863275
"VPS37B",-0.0690998706806701,0.526840335580843
"ENSG00000284512",0.378056635900501,0.526951307416202
"RPPH1",0.152204802222144,0.527088736859836
"ENSG00000302668",0.236619580640804,0.527327759482756
"NUTM2B-AS1",-0.055836557630095,0.527470190597585
"ENSG00000308423",0.268229471578155,0.527554477449451
"IKZF2",-0.232544425013555,0.527689039101767
"FCF1",-0.047414757881073,0.528303623875761
"ENSG00000280107",-0.121047203215242,0.528465622180859
"ENSG00000291218",0.412349622139105,0.528617029228258
"LCN10",-0.333962454249009,0.528806807093236
"RPL27A",-0.0665920751565676,0.529016795092885
"CDH5",0.326457384217112,0.529026063535585
"ENSG00000307734",0.310997227802637,0.529071590727373
"AMPD3",-0.274172666424173,0.529206472275635
"ENSG00000294260",0.328242587077377,0.529334318009474
"ENSG00000275437",-0.1256129900165,0.52956393747207
"IL18",-0.308659714234133,0.529814168584161
"MORF4L2",0.0380544684214473,0.530312737402079
"ZDHHC8",0.0443277558971036,0.530442639236683
"KPNA1",0.0570243269994057,0.530473729900878
"GNA11",-0.0441630881154575,0.530523401064501
"FBLN7",-0.147207692926843,0.53055426504436
"PGBD4",-0.0934650246919655,0.530569897928605
"ENSG00000294982",-0.433893252920686,0.530570974391255
"ENSG00000291068",-0.0612908549185782,0.530934836111263
"VCF1",0.0432382176029376,0.531052013631181
"PARN",0.0355217092004377,0.53110315310178
"ENSG00000284773",-0.314332974970617,0.531529951537868
"ENSG00000259659",0.276827979479385,0.531959631810434
"PDRG1",-0.0529786172809449,0.532252602961373
"MRPL44",-0.0538791532008822,0.53233593413555
"TRPC1",-0.0542303328362919,0.532390160519499
"SMAD5-AS1",-0.404891087483526,0.532535271371752
"ENSG00000289602",-0.257900612167531,0.532585723391777
"BRD2",0.0402859031980472,0.532901434582347
"ENSG00000263826",-0.29769676633066,0.533065971987046
"FARP2",0.0426231283578775,0.533200932626431
"ZNF185",0.196675186055076,0.533319627355826
"CTSZ",0.256361466283782,0.53331987378204
"ZFYVE21",-0.0539778908313614,0.533355888091186
"ENSG00000257878",0.347174735274315,0.53355773709619
"USP11",0.0610830422875381,0.53357590648126
"PCDHB15",-0.140520366924587,0.533641217473698
"LINC00642",0.170575593439875,0.533918600575033
"TNFAIP1",-0.0657845398562833,0.53405634149707
"SMG6",-0.0476991330103971,0.534213231920607
"DTNB",0.0670109412772826,0.534436439351061
"ENSG00000264207",-0.144280129747184,0.534513150804731
"BBIP1",0.0563692292755557,0.534543092196648
"ENSG00000236021",0.240230622826693,0.534707736136411
"EPCAM",0.0451246315468748,0.534782968255029
"ENSG00000298364",-0.0756566338324747,0.534873768945654
"ZFPM1",-0.0435293707938017,0.534903176149506
"ENSG00000250568",-0.312204221931349,0.5352016767449
"ADNP-AS1",-0.11547898077453,0.535206104537286
"DHRS4-AS1",-0.0518075274320869,0.535370115649026
"ENSG00000256967",-0.149747507964348,0.535443092116242
"C3orf52",-0.219812201962144,0.535648254942004
"NAALAD2",0.0692860855745825,0.536194530157551
"ENSG00000260776",-0.19168939256654,0.536283238735988
"ENSG00000290385",-0.0664765564461881,0.536620169537723
"ENSG00000229036",0.312197185706815,0.536697951935577
"NUP107",-0.0434388905763428,0.537025190869924
"GSTO2",-0.114809876634004,0.537331391622755
"FERMT1",-0.0602624834700545,0.537447700144024
"ZNF436",0.0724754347834861,0.537552861600431
"TSSK3",-0.230247711714596,0.537632984157218
"ENSG00000230647",-0.0595307609265418,0.537723297425691
"MNAT1",-0.0563920077422954,0.537756548740522
"DUSP9",-0.0460863052597311,0.537841927293388
"ENSG00000308157",0.203262652881707,0.538088568499868
"FMR1-AS1",-0.25972168633644,0.538134756821728
"RBSN",-0.0543938932731122,0.538163290280322
"PLEKHH3",-0.0722648993600949,0.538213603106872
"FBLN1",0.0994272036484358,0.538316354801307
"ENSG00000286001",-0.316823132582605,0.538316372202306
"MT-CO1",0.129124734999203,0.538456349546845
"LOC100288570",0.2430454022486,0.538583337909647
"TEKT3",0.190873120029288,0.538695139168564
"MMAA",-0.112702161110635,0.538778475535391
"PRR15L",0.188068470841199,0.53888124578435
"BMS1P4",-0.118352127661758,0.53889005034986
"KBTBD6-DT",-0.265448482045525,0.539157113014681
"FAM204A",-0.049223735547043,0.539250234765818
"FGL1",0.124604483495877,0.539262266913377
"LINC00562",-0.271716531177718,0.539447543727531
"ENSG00000306493",0.213258122723851,0.539526440424376
"ENSG00000269779",-0.306899678690336,0.539816143183966
"LRTOMT",-0.459491793018954,0.540042998783845
"ENSG00000306721",0.225116999960591,0.54009931253652
"SLC35B3",-0.0618605132289192,0.540217269019675
"ENSG00000279555",0.213045689357026,0.540847487937047
"NOTCH4",-0.186773677123277,0.541042004618933
"DYNC1I2",0.0478299872014082,0.541756600416916
"ENSG00000304287",-0.211959301765779,0.541771823519671
"RFESD",-0.163639855526922,0.541845095068053
"LTBP3",0.0518686598332623,0.542076541687348
"SMC2",-0.0464519751212029,0.542393272930139
"SPIN2A",0.153394139865826,0.542655318754464
"BMP2K",-0.0499198822329519,0.542829261111961
"ENSG00000281849",0.196670905827001,0.542898186291153
"ENSG00000292349",0.196670905827001,0.542898186291153
"POFUT1",0.0415106417875998,0.5430660112808
"SRRM1P1",-0.195873762114403,0.543102544316915
"TUB",-0.134207235816231,0.543376722059902
"EMILIN1",-0.0660636310400712,0.543665158169804
"VLDLR",0.10827848019364,0.543804864667991
"FOXA3",-0.0595506148447418,0.543934969293199
"ELOVL7",0.0624564276006262,0.544018494010961
"GPATCH1",0.0524399677908049,0.544056216517235
"LINC02043",-0.460901326188119,0.544500353167279
"RNF144A",-0.073697742226108,0.544544091149685
"CCDC152",0.24772209757112,0.545077691522046
"UQCRHL",-0.104275118128198,0.545134914636278
"SSR2",-0.0557607205767966,0.54525261621099
"CD163L1",-0.112645936749527,0.545263097194226
"FLOT2",-0.0589910344920372,0.545572250813231
"MINDY2-DT",-0.328335455623059,0.545759339106494
"ZNF674",-0.085761027018972,0.546126645109924
"SHPK",-0.0457083132551374,0.546184495984158
"ENSG00000284642",0.119010662585811,0.546195741902221
"ENSG00000308327",-0.240971571824157,0.546347327559812
"LTA4H",0.0432137894346714,0.546367230478567
"DCDC2",-0.0621567934474326,0.546427714122102
"SKIC2",-0.0489045249985642,0.546471409596055
"PTGES2-AS1",-0.257798771959263,0.546641177139051
"ZNF226",0.0555038649558381,0.547107663565441
"ENSG00000273565",0.23250843885162,0.547177154046674
"MLANA",0.376585309616953,0.547373118374873
"TKFC",-0.0430769817372573,0.547383291872593
"MYO5C",0.0512229223241922,0.547549562748436
"C1QTNF12",0.201043398758165,0.547556481824223
"ENSG00000288773",-0.168778159697707,0.548081066987411
"APOF",0.0725777079078706,0.548122751599526
"DCAF10",-0.0526084146092448,0.54823402409798
"NPM3",-0.0527861579926042,0.54825254710931
"ENSG00000210112",-0.41812662570077,0.548358139736537
"ENSG00000287619",0.312756682872169,0.548494817208469
"MNT",0.040795184705419,0.548605579309557
"ENSG00000304713",-0.178308942616696,0.549100358556633
"GANAB",0.0526433157524399,0.549240204957805
"RN7SL1",-0.076980511610427,0.549399406480996
"DHX58",-0.0773520225063689,0.550310333866054
"ENSG00000272817",-0.250160558826151,0.550388896134496
"ENSG00000284820",-0.123673328377413,0.550408905999624
"XKR9",0.126199070437454,0.550450500623436
"RP2",0.0761388213056455,0.550654550509976
"LOC105369363",-0.25809488693249,0.55074375170386
"FRMD8",-0.0600461621586424,0.550818690686064
"RPS23P8",-0.170839605558292,0.550986275979117
"RHBDL1",-0.0642677626143454,0.551022639815278
"ENSG00000255959",0.17288665012195,0.551229481429768
"SAYSD1",-0.0534860822197885,0.551471826260114
"ENSG00000167807",-0.109568812673027,0.551744283203996
"ENSG00000272455",0.0703141889248799,0.55178849115174
"TCTN3",0.0410547774708737,0.551832459230567
"LOC101929130",0.171589177618536,0.551947944041288
"ZNF260",0.0678811038099714,0.552270866001684
"ENSG00000272529",0.165363563742453,0.552327596075371
"PPP1R2",0.043324277827674,0.552489908560033
"PLS3-AS1",0.323932668386891,0.552581587197372
"ENSG00000310536",-0.204651227464381,0.5525869674344
"PRKY",0.0505440436809695,0.552780564606228
"ENSG00000273456",-0.1305870849931,0.552825521304335
"ENSG00000255339",0.217746531862259,0.552909745916397
"RNASEL",-0.305465339528584,0.552951210253745
"BRSK1",0.146092657736789,0.552970226971261
"SEC22A",-0.0639750115562915,0.552983441874196
"GPR89B",0.0592978589435135,0.55300454856153
"CCNJL",0.127653328629747,0.553679756603685
"RNU4-2",0.278351901717574,0.553978737926198
"OSBPL11",0.0455321538817802,0.554007151511477
"ANGPTL6",-0.176305832213602,0.554009041771943
"ENSG00000304365",0.281123542448438,0.554329625532489
"ENSG00000228335",0.334662784568131,0.554390216516858
"UBXN4",0.0357540067965857,0.554640018560794
"CCND2",0.184149435329903,0.554669563678023
"RPL17P39",-0.232673494047057,0.554755388510566
"ENSG00000273472",0.29948847371103,0.554756408378468
"BCL7B",-0.0520491236083507,0.554907968716512
"ZNF628",0.0629129839199773,0.555405791362092
"ZNF304",0.0584838547438301,0.555629955493317
"ENSG00000288999",-0.121730456800949,0.555720431184104
"SLC16A5",0.220179850446228,0.5557482688481
"ACKR2",0.0858379657832068,0.555907523726582
"ENSG00000307215",-0.38409932383933,0.556590854716006
"FGF19",-0.395701030737701,0.556606632953773
"PTPRG",-0.0440885144239144,0.556649862276749
"CDC42EP5",-0.165098294533608,0.556655113389766
"ENSG00000286230",-0.26241537043328,0.556873005943669
"SLC33A1",-0.0476553526726211,0.55715593797438
"ENSG00000289102",0.147801400870643,0.557568785806408
"REPIN1",0.0421158761728215,0.558486794217135
"ENSG00000280614",-0.236518567586772,0.558758570850336
"ENSG00000280800",-0.236518567586772,0.558758570850336
"ENSG00000281181",-0.236518567586772,0.558758570850336
"SLC12A7",-0.0505656790554473,0.558968769215638
"ENSG00000244055",-0.0711846764503822,0.559046073808338
"PIGZ",-0.0735777619354362,0.559207255696399
"WSCD1",-0.122618723010224,0.559447935908199
"LINC01766",-0.325669981998602,0.559524833371146
"SUGT1-DT",0.104332621414311,0.559974769744964
"ENSG00000283973",0.642741961433332,0.560226234915207
"ENSG00000302995",0.324971789755816,0.560366629105525
"ENSG00000279789",0.0888729544073771,0.560460719695844
"ENSG00000287721",-0.172334882972108,0.560762461891816
"ENSG00000303230",0.167339712186082,0.560886914094182
"CEP295",0.0678732275182895,0.560981787078721
"ENSG00000277895",-0.226297176019417,0.56108447968027
"SPART",-0.0434756457595532,0.561150451976545
"ANKS4B",-0.0546832076171313,0.561165085214839
"WAS",-0.292523334893425,0.561292739631612
"FAM114A2",0.0610749420709567,0.561520755858646
"ENSG00000263345",0.426975195870467,0.561532936004955
"RSPH3",-0.0732119702453864,0.561733940303696
"USO1",0.0476510341385768,0.561980053203416
"ENSG00000297704",-0.208464995908723,0.562153783103793
"ENSG00000250575",-0.0599879071578882,0.562882080876224
"BUD13",-0.0411765282102834,0.562984143804644
"ENSG00000299259",0.48849263657774,0.563008455841458
"KCNK5",0.193566523756839,0.563764827748282
"LOC107984243",0.101799394462187,0.563776462785549
"SLX4",-0.069666831519599,0.563819254422164
"NKX2-5",-0.159014185924518,0.564142126801389
"ENSG00000242735",-0.537388056255932,0.564311463210227
"RPL41P2",0.167644680571304,0.564607116706252
"HVCN1",-0.185634610193418,0.564630299155014
"EMC8",0.0419214181577891,0.564740693080629
"URI1",-0.0386293835093051,0.564800099199392
"ENSG00000228532",-0.308565346073943,0.56482295016866
"ITGB3",0.333092786161154,0.564902191316457
"FASTKD5",-0.0401921967840648,0.56500258959748
"ENSG00000297778",0.260530050730358,0.565058348252329
"ENSG00000280214",0.128167221917411,0.565270246053905
"ENSG00000271936",-0.111843740477498,0.565588369103127
"ENSG00000309609",-0.276909157914194,0.565609148099404
"ENSG00000297567",-0.201402393083608,0.565753946829463
"CCDC13",0.271096061363514,0.565969448854932
"ERLIN1",0.0590943671052307,0.566038074636241
"ENSG00000270562",-0.141403766563485,0.566113216762258
"ENSG00000280138",-0.11324062041965,0.56620751221555
"TBC1D24",0.0560139103727422,0.56621994318125
"CTSH",0.0390456250032786,0.566257250207929
"DGUOK",0.0482850145702267,0.566324564243372
"SCMH1-DT",0.274951671934638,0.566330138491136
"MLF1",0.19050613187314,0.566464932076814
"SNORD33",-0.21309591672491,0.566514850990411
"GCC1",-0.0763876974370652,0.566601680955316
"ENSG00000293278",-0.130251713752776,0.566659532454348
"MSS51",-0.0964503982634942,0.567165891357869
"UBE2J2",0.0332093112584806,0.567326228741863
"NUGGC",0.154729916588732,0.567763581757432
"UBE2N",-0.0441672463605315,0.567778029419508
"SNORD89",0.256392623558269,0.568003689447572
"ENSG00000290082",-0.232372259859391,0.568091236037776
"STK16",0.0454888214306657,0.568133587320717
"SHC3",0.071319146010573,0.568668333941555
"ANKRD9",0.0469792001199385,0.568700230447369
"FLACC1",0.265527300490406,0.568710984813099
"ENSG00000245025",-0.144947248113945,0.56886390727506
"IL2RG",-0.176609156305519,0.569061538143563
"MED18",0.0641360050183218,0.569185804534146
"CBLL1",0.0431543195767547,0.569220052221863
"ERAP1",-0.0755841198402466,0.569304454045866
"CMTM1",-0.234887270344073,0.570021606240521
"EAPP",0.0496997265936456,0.57034556137047
"HK1",0.274598823021762,0.570395836387775
"FDX2",-0.0558990336215072,0.570500722868153
"CMC4",-0.0621419079990458,0.570547343244551
"DXO",-0.0471212786098989,0.570703796805877
"JMJD6",-0.0500684226990326,0.570857163684564
"DNAH1",0.115594172128864,0.570889116944694
"ENSG00000213866",-0.163632228149757,0.570909502223802
"PLCXD2",0.0906687253413738,0.571028521409854
"ENSG00000281655",0.229465056866434,0.571042034818085
"KIF23-AS1",-0.141381293458841,0.571105890843209
"ENSG00000272141",-0.21841961135793,0.571500706442087
"ENSG00000259135",-0.214277174741474,0.571774582925652
"ENSG00000249661",0.260864784470659,0.571802495575093
"XXYLT1",0.0435213855224984,0.571824122392073
"ENSG00000289515",-0.130532566460786,0.572023828491566
"CYP2D8P",-0.307415365229695,0.572146479313708
"ENSG00000299870",-0.211041300349338,0.572440246046193
"TGFB1",0.0856800141453717,0.57264640222698
"CTR9",0.0390355368497892,0.572771907146634
"ENSG00000291054",-0.113385823999909,0.572843624946016
"KDM4D",0.122989048635669,0.57287724790271
"ENSG00000271141",0.266776760513446,0.572994755720623
"MRPL13",0.0402774067567659,0.573282201862362
"SEC14L6",0.101818575920253,0.573295137530882
"ENSG00000267127",-0.219512175559872,0.573340485546516
"ENSG00000281344",0.0910655893257012,0.573557430410555
"C12orf76",-0.0458116599092594,0.573779701156695
"IMPACT",-0.065851227428073,0.574171388364306
"CHKB-CPT1B",0.10928638103006,0.574249899902286
"ENSG00000303075",0.299981596688356,0.57426422854474
"AKAP1",0.0452431982213008,0.574561461993876
"SMARCD3",0.39982937746162,0.574753556364848
"BLZF1",0.0498579568363873,0.574957662681144
"VPS33A",0.0380256462600779,0.574981685624988
"URGCP",0.0354068763760913,0.57555819072948
"SLC35C2",-0.0400339455941043,0.575707702797661
"ENSG00000274422",0.0835281939576589,0.576096466518593
"SMAD1",0.0686450517710666,0.576461333107658
"CCDC107",-0.0554385010091679,0.57674201460536
"ENSG00000264895",0.104967938166347,0.576763080588499
"ENSG00000249898",0.114779110790474,0.57683258562194
"PTBP1",0.0361728606509321,0.576847374950543
"ROCK1P1",0.177804182568859,0.576874345100366
"SCLT1",0.0450391908579767,0.576876401579708
"LITAF",0.0448450710930204,0.577878623566323
"HISLA",-0.0485543294026484,0.577963710287282
"LINC02105",0.237845569306933,0.578084323871513
"ZC3HAV1L",-0.122558502478703,0.578299400111137
"ITSN1",0.0500526502943571,0.578313644149091
"TMEM67",-0.0807914048438854,0.578718899830811
"LINC00239",-0.280072686351646,0.57892484545221
"VPS13B",0.05824925163663,0.579140589512692
"ZBTB3",-0.106888774430536,0.579527636533806
"SORD",0.0561894353671666,0.579571464725196
"TENT4A",0.0387968007181227,0.579837578503254
"DISP2",0.226413434474394,0.579901848998707
"ENSG00000224413",-0.217831722435163,0.579950042780269
"MAFK",-0.0497160017651218,0.580503312710398
"TMEM184C",0.0528489246693776,0.580729087435736
"WDR7",0.0683181134742773,0.580997554374977
"ENSG00000308429",-0.152090198898476,0.58102484812529
"VPS16",-0.0389630732231653,0.581131098629017
"CNOT9",-0.0327436960843967,0.581165532214198
"F8",-0.290641711624846,0.581429116758746
"NDUFB6",-0.0465454978381983,0.581792653685831
"ENSG00000204620",-0.31543089460857,0.581816066563038
"ZNF267",-0.048863229631322,0.58199143301596
"NUB1",0.0440055187447623,0.582105843387431
"NEMF",-0.0390500725125379,0.582219034569663
"CDK11B",-0.0462120104355524,0.582243225130756
"AGXT",-0.071428060935358,0.582347733160013
"RIPPLY3",0.339685701734369,0.582515981497485
"SNX18",0.0650540552010141,0.58263166884526
"ENSG00000272906",-0.145953634591288,0.582745808430112
"MBTPS2",-0.0479485630433284,0.583069602776277
"THSD1",0.255040555696623,0.583403896266498
"ENSG00000247033",-0.361794659474599,0.583679913355004
"ACVR2A",0.0410550345433852,0.584033198279771
"EXOG",-0.0462028800082322,0.584075086868156
"ENSG00000295982",-0.397119667698943,0.584176358894002
"ENSG00000268926",0.206799110310542,0.584280837987068
"NUDT22",-0.049789162362734,0.584281882569525
"LOC105379271",-0.128078363860165,0.584330201743106
"HMGB1P5",0.0551091495825512,0.585324069643062
"PPP1R3G",-0.0644411293658664,0.585547477193186
"RPL32P29",0.199204960761614,0.585850527610275
"HNRNPA1L3",0.0492311599603045,0.586081452170737
"PHOSPHO2",-0.0555600633898977,0.586308697603214
"ENSG00000224769",-0.346532370392603,0.58670459552941
"ENSG00000196205",-0.0729876473778627,0.586792222557807
"TDRD15",-0.16874342749638,0.586798704068188
"ENSG00000288908",0.160526667669651,0.586901941396496
"NOMO1",0.0488874437269295,0.586963621700374
"CD99L2",0.0777977007178593,0.587041534745039
"ENSG00000278829",0.229568426398867,0.587106044314153
"ENSG00000289126",-0.231364581436969,0.587304572382629
"MOAP1",0.0648454778690725,0.587367573321306
"ENSG00000279259",-0.199945699908791,0.587889801011244
"LOC124905312",-0.0567324881269896,0.588072229452179
"GLCE",-0.0495171767332382,0.588294180099904
"ENSG00000306064",0.195793903578909,0.588421583532559
"ENSG00000229178",0.203513694900003,0.589050014842227
"ENSG00000289155",0.0943287007112658,0.589387806805608
"ENSG00000261584",-0.095178012742678,0.589629489605645
"LMAN2L",-0.0383475915901774,0.589879243856504
"ENSG00000271888",0.164384643049548,0.58997478843706
"DIRC3",0.184007843264402,0.589978004342165
"AGBL3",-0.0929031201810246,0.590161416304123
"ZNF426-DT",-0.113377529457159,0.590708144885241
"BCL7C",-0.0405957996910924,0.590726863432289
"LOC101928466",0.197147490846498,0.590798056848301
"SUN1",0.0491683299407437,0.590903196604256
"AAGAB",-0.0481670271359317,0.591043481131054
"ENSG00000286900",-0.160758046202755,0.591330821188275
"ENSG00000273402",-0.290351181570574,0.59144157223616
"ARHGEF5",0.0998038830928117,0.591690818745178
"INTS6-AS1",0.0919475825953172,0.592077446473185
"EP400",0.0389122184918673,0.592348831261695
"ENSG00000299228",0.302270581463704,0.592444849637069
"SCOC",-0.0466200970361024,0.592555283554083
"NGLY1",-0.0385607903487681,0.592642345697643
"EIF2AK2",-0.0448152151050843,0.592673880905364
"ENSG00000272037",0.284624492389186,0.592768391008088
"ENSG00000294996",0.15636040099791,0.592918625415062
"CISD2",-0.0392900681373173,0.592933156910607
"UXT-AS1",0.120351358889444,0.592984358713201
"ARF5",0.0421906194937118,0.593118411834492
"ENSG00000303765",-0.179232298521244,0.593181687336557
"HEXA-AS1",-0.157465379127809,0.593390851720893
"AKT1",-0.0326041090520113,0.593761879495639
"RPL7P1",-0.102914941098221,0.593762685398915
"DPY30",-0.0457887023348255,0.593833452208589
"ADGRD1",0.124431778719708,0.594249710124283
"CSE1L",-0.0353881566150022,0.594251441175186
"CDH16",0.154672485580057,0.594454979857288
"SEC24B-AS1",-0.125577500670543,0.594634976012128
"ELP6",-0.0414220133056188,0.594731736878135
"LOC105372480",0.0731399331794295,0.594745645154161
"RAPSN",-0.167049353496994,0.594775640235502
"ENSG00000288928",-0.213355538064911,0.59501176213776
"ATPAF2",-0.0483279224224782,0.595186025034589
"NFKBIZ",-0.0490763209349199,0.595227780764879
"C2orf81",0.189709777800782,0.595260588656941
"SHMT2",-0.0426253177419357,0.595322298982033
"THAP9",0.0486290842609175,0.595381107355708
"EXTL1",0.135237078824462,0.595400202218708
"ENSG00000267707",0.159018089464702,0.595533893376456
"DTWD2",-0.0618905742484579,0.595664922327639
"MRPS2",-0.0464784543158248,0.596037921039251
"ENSG00000274225",-0.136328686099382,0.596054076224847
"ENSG00000227008",-0.248041953771443,0.59614006641783
"TTLL1-AS1",0.218281897772912,0.596699928205216
"ENSG00000270316",-0.900809703405735,0.596835269695092
"CALM2",0.0400621083411451,0.597017595814682
"BCORP1",-0.14709296735298,0.59718425633589
"MARK3",0.0409800231626354,0.597222018635155
"ZNF883",-0.0542586177116796,0.597414923976966
"ENSG00000265967",-0.31599527279915,0.597476439994854
"ENSG00000253893",0.172589497768313,0.597648309020295
"MKS1",0.0461915518480144,0.597663137118471
"UBE2A",0.032680088937702,0.597664866167693
"ENSG00000230732",0.156078040862762,0.597900526706808
"ENSG00000279294",0.25680337115349,0.598566794280956
"DUSP18",0.0991263184658334,0.599130676614469
"ENSG00000278972",-0.19971079826806,0.599384739334925
"PGM2",0.0402830889964795,0.599414917609757
"GGTLC3",-0.244385577649771,0.599858278851908
"PURB",0.0408504230009652,0.600020589299003
"AKIRIN1",-0.051292002787806,0.600028609148228
"ODAD4",0.196250597218513,0.600272820820007
"COX11",0.0327768300231689,0.600348950189148
"ENSG00000262228",-0.173124640908974,0.600411740388022
"TTPA",-0.0826765564697334,0.600549964333084
"ENSG00000302400",-0.193874891023798,0.600588144268707
"OSBPL6",-0.269120110287328,0.60064326657278
"ENSG00000272677",-0.142170960349357,0.600670408747708
"DNAJC9-AS1",-0.0770375336928566,0.600806569186047
"ZNF138",-0.0538140829860983,0.600876945205204
"ENSG00000258568",-0.179363183744875,0.600903833410961
"ENSG00000285646",-0.274383182798196,0.601000858788086
"KLHL32",0.264962850949233,0.60100794915787
"PLPP1",0.0524189023671363,0.601191175487414
"CBX3",-0.0326765182297489,0.60120869661139
"IGFBP7",-0.227394565639919,0.601217395976488
"HERC2P3",-0.0431906936129916,0.601611114090618
"MICU3",0.0747193932732517,0.601663194119396
"BRK1",-0.0384830812390788,0.601737819943123
"NPFF",-0.0841283616593423,0.601867045271427
"LCMT1-AS1",0.194933076205509,0.60186950475121
"ENSG00000290065",0.216958641804518,0.602043958575547
"RPLP0P6",0.117733965141431,0.602217023999174
"OSBPL9",0.0396957358979707,0.602222424291916
"MAP4K3-DT",0.0907779788322928,0.602337222063678
"SLC66A3",-0.0959140477888133,0.60279173766915
"ENSG00000297575",0.125792239063181,0.603038124327978
"ENSG00000305798",-0.206007839703936,0.603065641677199
"H3-3A",0.0377552834735916,0.60308151962639
"NIFK-AS1",0.0738672174931048,0.603463280436558
"ENSG00000300925",0.206620425600699,0.603672649929911
"DCAF8-DT",0.229961480578317,0.603794473520937
"LOC124901151",0.0862164405904885,0.603971018247955
"LINC01310",0.264792263733651,0.604163878164253
"ENSG00000273243",0.162125347156195,0.6045318977692
"METTL2B",0.0386789897392129,0.604536324928873
"ITGB1-DT",-0.182419053040631,0.604569880941853
"DNMBP",0.0546429911495176,0.604578580826244
"MRPS22",-0.036634434458898,0.604613101752063
"ENSG00000298035",-0.0878214886282764,0.604693168950909
"ENSG00000289546",0.144310991879036,0.604732164764264
"CROCC",-0.0349468076551525,0.604815183574736
"ENSG00000298642",0.246876198104671,0.604961789220815
"ENSG00000303565",0.189006428872341,0.605107415248402
"ENSG00000308752",-0.203454390512438,0.605308645518514
"RPL15P3",-0.144549048132437,0.605463377556683
"EEF1G",0.0515958661057808,0.605474773362549
"SPN",-0.128356525197445,0.605492050152626
"LINC01376",0.0795020623985489,0.605602987997206
"ALOX12-AS1",0.0624691707234438,0.605851696710695
"ENSG00000304694",0.166825895956546,0.606061078881952
"ENSG00000270100",0.203293516219449,0.606478762870623
"RAB36",-0.124754204943387,0.606552173678965
"MORN4",0.0549854080180421,0.606702290911344
"SLC6A12",0.245410834157546,0.606789616156522
"ZNF587",-0.0610333231729782,0.606920341893468
"AP3S1",-0.0318229571827941,0.607084581468861
"ZBTB8A",-0.0951838060894803,0.607242432371098
"POLR2J4",-0.0440158582605966,0.607605642198225
"MICOS10",-0.0507571009168312,0.607635844925057
"AXL",0.143547940507279,0.607670875213053
"COPZ1",-0.0502523505697386,0.607693286478138
"MTND1P23",0.164847955492449,0.608064783645062
"JOSD1",-0.0345028276030651,0.608131959810243
"UBE2Q1",-0.0407599326493333,0.608430088119338
"HEATR5B",0.032025343453243,0.608868224625612
"LTBR",0.0362826805093535,0.608888491089436
"CTNS",-0.0375751409839221,0.608964505621447
"ENSG00000287710",-0.0941467097991072,0.609175478205911
"PTGES3L",-0.131692805228452,0.609283974920775
"EME1",-0.0401824055017838,0.609345700510693
"ATXN7",-0.0365889749125085,0.609684350962088
"SLC2A9",0.0387563987638368,0.610102481526335
"SSBP3-AS1",0.426670441780721,0.610197486918729
"RMND1",0.0326439455616456,0.610481074342067
"PCCB",0.0350546280566214,0.610761013310478
"TNNI2",-0.0645199549009833,0.610886219936194
"C17orf107",0.125388130831629,0.611145467837117
"SIRT3",0.0399354467239285,0.611147151486539
"LOC105377261",-0.12567225665875,0.611945236140161
"DLK1",0.0616792156056113,0.611947199569095
"ENSG00000272156",-0.229412960614294,0.612058448839198
"TMBIM4",-0.0504796279675984,0.61236486862625
"ENSG00000218537",-0.239398020108415,0.612769875186823
"ENSG00000283235",0.138148667908509,0.612911492299107
"ENSG00000288839",0.144499533168212,0.613207887001334
"ENSG00000287031",-0.161244149429238,0.613285323798705
"CD274",-0.188642576121624,0.613356885418453
"FRMPD2",0.194929400472245,0.613491165312652
"ENSG00000235381",0.0587633494221586,0.613525192532154
"NUP93",-0.0319888827051044,0.61354151029825
"RNASEH1",0.0329422814301636,0.613652026163974
"PAXIP1-DT",-0.0461893357892825,0.613878569204712
"ENSG00000283515",-0.57685820967282,0.614368642384298
"ENSG00000258210",0.137643728228541,0.614427216467461
"ENSG00000240758",0.115015803007179,0.614456440985462
"NEU3",-0.053270513008177,0.614663510830827
"ERI1",-0.0435264894612,0.614782006641584
"WDR24",-0.0441244584171393,0.615161685144817
"TENT4B",-0.041522841657567,0.615453566355572
"FAM43A",-0.140924831715835,0.615465517129277
"ENSG00000272768",0.148441723899906,0.615826936560925
"ACBD6",0.0430229623655339,0.61623038650852
"LINC01140",0.326332646452336,0.616314128160472
"ENSG00000289091",-0.166687561058677,0.61674583120733
"ENSG00000251417",-0.200467220908259,0.616903478843062
"PSKH1",0.0401096535205222,0.617358247858865
"RNF7",-0.0475052974792087,0.617567873094841
"PLXNB3",-0.0689286948775686,0.617576980341825
"H2BC11",0.160056554441573,0.61764735722447
"KBTBD6",0.0603173395677983,0.617962273652136
"ENSG00000287839",0.167566492360627,0.618042522378398
"ZGLP1",-0.0621732469265332,0.618076839297146
"ENSG00000258653",0.222400187083146,0.618175708271212
"ENSG00000306117",0.227422391194151,0.618600208148835
"JAML",0.0913599433181814,0.618782826471209
"ZNF611",-0.0648584730166498,0.618933594303815
"SDHD",0.0391821893539411,0.61929558605998
"CARMIL3",0.0891791372292363,0.619375088069797
"ABCB1",0.0377589760408986,0.619417901728692
"OPA1",-0.0315009053316389,0.619696433218818
"AQR",-0.0393840637089441,0.619751084168647
"YPEL3-DT",0.154730753282797,0.619782785184674
"ZNF430",0.0711455443790771,0.619992133332819
"KBTBD8",-0.0947710995454344,0.62009498359059
"MLLT1",-0.0287918252749788,0.620359471257586
"LOC124904902",0.183046466404302,0.620413819924711
"AQP3",-0.141183482871472,0.620498197186788
"ZNF793",-0.111279149854652,0.620580215075514
"ZNRF2",-0.0448362227296924,0.620698788570261
"ENSG00000272983",-0.214181691707483,0.620900696555114
"TP53RK",0.0450906304302304,0.620915913637654
"ENSG00000290913",0.197410272038973,0.621012110945495
"UBL7-DT",-0.0523984624479737,0.621241231212653
"SNORD13",-0.251348698440926,0.621369289064077
"ATP6V1B1-AS1",-0.238844951996079,0.621774779138546
"ENSG00000281379",0.457640615580643,0.622337719188339
"UBAP1L",-0.0568196027659845,0.622810110472981
"APLP1",-0.152693442189531,0.62304117584616
"ANG",-0.069875666237988,0.623343630517708
"FER1L4",0.900595336384791,0.62344624034369
"ENSG00000277806",-0.189713983427202,0.623576015107762
"ZNF771",-0.0523183310177471,0.623612779277949
"ENSG00000250986",0.12789370772788,0.62368620597583
"FOXD4L3",0.205744016616326,0.623948097826164
"ENSG00000274425",0.0832995169275735,0.623967570300181
"KISS1",0.223378037539321,0.624093724387126
"TBC1D8-AS1",0.115501236114899,0.624106212774799
"ZNF675",-0.0627446039427869,0.624317696169597
"EML4-AS1",0.139287964053327,0.624442795895616
"PRKAR2A",-0.0333003058832848,0.62474368727576
"IGFL4",-0.082951198095207,0.624748200739727
"TICRR",0.0434693273792221,0.624905440194352
"SMIM12",-0.0426118028269706,0.625034882538025
"ENSG00000271127",0.363484577282608,0.62536081361678
"CTSL",-0.0434265604660865,0.62536950718533
"CAPRIN1",0.0346952697655341,0.625570202430939
"PTHLH",0.333464104144963,0.62560903862548
"LOC105370534",0.24897208247305,0.62576310495543
"ESS2",-0.0404324841897233,0.62578762202809
"LOC105375743",-0.198179047741774,0.626340365933151
"ENSG00000284686",0.358176582013223,0.626381816335893
"ASPRV1",-0.259995357764394,0.626405600651932
"ENSG00000269930",0.228024992330519,0.627139823665843
"FBXO16",-0.109449169720129,0.627172943737977
"GPR143",-0.13598073301626,0.627200570403164
"APOBR",0.176763236007761,0.627230385354116
"DUXAP8",0.0344227132119359,0.627644133596883
"ZNF567",-0.0558000920586775,0.627655771022929
"WASHC5",-0.0438751502587872,0.627664258676061
"NOTCH1",0.242020086042969,0.627834034963902
"ENDOV",-0.0454931511181391,0.6278604506011
"AGR2",0.13333772730563,0.628148553477565
"ENSG00000213131",-0.164442361409124,0.628223278733856
"FLJ46284",0.221194413744962,0.628250406675465
"SCG5",0.166100446015339,0.628361871819112
"C20orf202",-0.307573331094078,0.628453067600502
"PPIL2",-0.0384915792683242,0.628560640665831
"URM1",0.030316452741433,0.628721139828809
"ENSG00000280279",-0.0803792241850082,0.628983158837999
"PEA15",-0.0420782261114281,0.629057485853495
"ENSG00000203761",0.161228078367892,0.629517077081613
"ITPK1",-0.0342763669859389,0.629663732758129
"SLC5A4-AS1",-0.204274203169684,0.629697259239372
"ENSG00000280092",0.217227196540946,0.629709860581964
"ENSG00000215388",0.195396437665826,0.630328542391671
"INO80",0.0323644421731261,0.630356587997494
"ENSG00000250222",-0.21996363168523,0.630428352113353
"STAT6",0.0342110832750105,0.630858087249502
"ZC3H8",-0.0422974968898146,0.630999406914666
"ENSG00000272338",0.105620470638628,0.631486111444359
"ENSG00000228589",-0.111523245690933,0.631644592928334
"RPS5",-0.0390244486358306,0.632469079341832
"PMS2",-0.0345403969708933,0.632572855360415
"PLB1",-0.42985921177189,0.632586401068578
"ENSG00000303311",-0.274788045633713,0.632909373643714
"ENSG00000291067",-0.102039753875894,0.633086781014056
"BNIP3",-0.0600811447859085,0.633197983349018
"ENSG00000261315",0.142319793856481,0.633577404575738
"TSSK6",0.109367099012141,0.633593612179183
"ENSG00000296448",-0.196637411588727,0.633832967952211
"TAF1A",-0.0667943841622299,0.634051865792406
"ATP2A1-AS1",-0.24843158125418,0.634097753818014
"ZDHHC13",-0.0481338261503474,0.634209437889938
"EXOC6",0.0407524623988955,0.63422074061931
"ENSG00000309202",-0.197269908969549,0.634284534079667
"SNORD10",0.34598575642657,0.634301433817932
"ENSG00000289212",-0.167067014846022,0.634364763833827
"PRR14L",-0.0404522157940596,0.634421107907237
"RPL24P2",-0.229134782280173,0.634456318475323
"APOL2",0.0364188119036567,0.634550531004525
"ENSG00000279474",0.143743636952441,0.634556894655095
"ENSG00000179967",-0.174562457123654,0.635061347201061
"ENSG00000257327",0.142675093112262,0.635347156159739
"RPL7AP6",-0.0820071200096095,0.635527053429441
"HSPA12A",-0.049905929605618,0.635588348631772
"SYCP2",0.239156215172399,0.635731125487812
"SLC16A1-AS1",0.0504101258613921,0.635735328160615
"ENSG00000302206",-0.0781539122534359,0.636076030379977
"LOC101927040",0.218809073291955,0.636142388543116
"AQP8",0.166157892222855,0.636370595580027
"ENSG00000286311",-0.123747824809869,0.636508101459384
"ENSG00000305266",-0.174517211785654,0.636789548338084
"TOMM34",-0.0535520189925559,0.636945673458173
"ENSG00000267751",-0.0950760384449324,0.6371033135159
"WASL-DT",-0.0812251191183345,0.637864343460036
"TGFB1I1",-0.199122924289144,0.637907141258108
"CD55",0.0607559290317764,0.638644155608576
"PSME2P2",-0.119424864293376,0.638658345952037
"PPP2R2A",0.033051080501061,0.63873294461907
"UMAD1",-0.0592941598301941,0.638792740581092
"ITPRIP",-0.0864475327279224,0.638965531245309
"H4C3",-0.153458195165551,0.639013494382651
"ENSG00000258186",0.208359437602539,0.639163875253234
"EEF1AKMT3",0.0459213943387617,0.639184388661886
"ZSCAN12",0.0415648923762389,0.639315471328563
"MIDEAS-AS1",-0.181137117551255,0.639398110105758
"RPL6P27",0.095181254725185,0.639821841484019
"ENSG00000214773",0.16462429676296,0.639972317225358
"ENSG00000289554",0.0918766418216163,0.640000178468512
"FOXA2",0.0332120164118145,0.640190297015016
"GCNT3",0.0755401710699442,0.640491192042455
"IAH1",-0.0403970372813764,0.640733675511504
"LOC642361",-0.0581891008515254,0.640858621955372
"TMEM237",0.0460815855127726,0.641396951502082
"OGFR",0.0308255912621458,0.641444290120033
"ENSG00000299521",0.177316909071017,0.641488338993558
"PEX1",-0.044925308069172,0.641619706440904
"SERPING1",0.0542084301374587,0.641787088418217
"RNU4-1",-0.29098368576004,0.641955296963951
"MMP23A",0.243833861674511,0.642161347825788
"DMTF1",0.0324295915710623,0.642164873811483
"ENSG00000238072",0.232216299862473,0.642290272082768
"LAMA3",0.158428448387295,0.642462096907175
"CDX2",0.181678057099482,0.642928380326811
"WEE2-AS1",0.160523717607864,0.643074973863237
"PARP4",0.034614033489057,0.643367505735029
"ENSG00000280381",0.118398892013201,0.643531081778249
"MVP",0.0617587949378899,0.643613911567277
"CISD1",0.0410480965147911,0.64427977065438
"ENSG00000263063",-0.168310876479553,0.644349572980248
"ENSG00000291015",0.0589495411179608,0.644506232745147
"CAMKK1",-0.0812302034817579,0.645022854084488
"FAM169BP",-0.140365926177842,0.645211232840069
"IFNGR1",-0.0449706088343518,0.645267970226859
"ENSG00000215184",0.160693613066094,0.645358740768806
"THOC1",0.0387047333336924,0.64560736656874
"ENSG00000286314",-0.16205405530109,0.645683482947716
"LINC00261",0.032751665462412,0.645727221907495
"ENSG00000288745",0.165949985983879,0.645733386473547
"ENSG00000289626",0.125528937319637,0.645771530820247
"ENSG00000293660",0.240719605539633,0.645820287973406
"SSTR1",-0.360543289856557,0.64636477030845
"LOC112268239",0.103165585625364,0.646562247860197
"YWHAZ",-0.041693487327682,0.646860696604221
"SMPD1",0.0464130521259673,0.646908174896656
"ENSG00000279443",0.191277876069206,0.647004593822366
"RGS9",-0.205219250380628,0.647120493297431
"FBXO38-DT",0.11742072821765,0.647171926261029
"ENSG00000296598",0.177188327243528,0.647187012425123
"ZC3H12B",0.0726115217162181,0.647202538787101
"PGAP6",-0.0337360415572713,0.647454015556965
"BAZ2B-AS1",0.105543926189369,0.647480977043589
"UBLCP1",0.0401135418878664,0.647536707057374
"ENSG00000300191",-0.22476409941295,0.647861958101793
"ENSG00000303549",0.154837176653818,0.648289625571703
"IGFBP6",0.0830202245785958,0.648465755727138
"CAMSAP2",0.0456842499900632,0.648497866737181
"ADH1A",-0.12026076144518,0.648736026183267
"GPRC5B",0.201946731895472,0.649138962867535
"LINC00471",-0.198258651310539,0.649330991005902
"CTU1",-0.0565728245331649,0.649367739587281
"ADGRA3",0.031114537375671,0.649468231722324
"MAP6D1",0.173165913510853,0.649585753982664
"ENSG00000271384",-0.216485654387057,0.650281336509634
"COL4A5",0.0605084494407837,0.650527090726919
"THSD4",0.25996099030011,0.650767358488812
"PNMA6A",0.104993701748578,0.650772415274751
"UBA6-DT",0.0377057366171029,0.650863475695839
"DSG2",-0.0375944727777889,0.650947222586277
"TEDC2-AS1",0.189155259951424,0.651318806750542
"C3orf18",-0.0776999185112186,0.651432319375092
"ENSG00000222328",-0.227912917950123,0.651846669190483
"SLC38A9",0.0485233371259721,0.651943706725658
"MRGBP",0.0317649725828713,0.652250155568234
"ENSG00000299885",-0.39041809032704,0.652250254773057
"ZNF283",-0.071787076830228,0.652278697282095
"GART",-0.0306460286597865,0.652570381472961
"EI24",0.0316931482430295,0.652735969093043
"RBM14",0.0301551654171625,0.652851474122241
"ENSG00000296380",0.39350170469283,0.652938841114471
"SHH",0.056396136582669,0.653165334124456
"MT-ND4",0.0968553063645642,0.65317147130448
"ENSG00000290588",-0.0627996262094443,0.6532383330677
"MSMB",0.306029998859681,0.653472581419847
"NAA40",0.0410634744211061,0.653521526712891
"SFPQ",-0.0279867751146204,0.653717694933836
"NRBF2",0.0404036986147854,0.653831980852551
"ARGLU1-DT",0.152630955886299,0.653907192034499
"ST14",0.0635609442036374,0.654015145968234
"ENSG00000274825",-0.151061170913139,0.654572363801561
"ZGPAT",0.0273245627627829,0.654575305527559
"ENSG00000290688",0.129150260363633,0.654908212580681
"C15orf40",-0.033281731314173,0.655146573681549
"ZNF568",-0.0878235003315671,0.655346070711946
"DCBLD1",-0.0407618737346141,0.655489121029806
"POLR2E",-0.0347136272326297,0.655607128296469
"CCT6B",0.133571633490009,0.655777124382571
"ARF4",0.0343619300021885,0.655816569981283
"TXNDC9",-0.0396688737422057,0.655824795808764
"ENSG00000272980",0.211195245060955,0.656670770012286
"S100A10",-0.0740755744864266,0.656738723107583
"H1-4",0.111691740010998,0.656914064807871
"CEBPB-AS1",0.154419307318367,0.657025679596945
"SH3KBP1",0.0522422237149907,0.657208128226585
"ENSG00000224858",-0.14619583805166,0.657271082860908
"SUGP1",-0.0280781636557686,0.657284057744081
"ENSG00000237640",-0.118327525997227,0.657531926037189
"FASTK",0.0379588568627228,0.657589856333697
"LINC01132",0.188274361685312,0.65785937920601
"ZFP64",0.0469080543038972,0.657936247785523
"UQCRB",-0.0513408346870225,0.657951936366216
"MRPL27",-0.0301187962103857,0.658093711002558
"ENSG00000293413",-0.0924484803643565,0.658469365009968
"MXRA7",0.0761225678691849,0.658858929737403
"SH3TC1",-0.0513528010325486,0.658969251057736
"ZNF497",-0.0602744016947789,0.659297214241292
"ZNF587B",-0.0372332630775093,0.659368026736757
"PCDHA7",0.123085538886534,0.659447595662786
"ENSG00000263884",0.146005979298633,0.659764747170651
"CRYZL2P",0.0485039348749099,0.659840458070355
"ENSG00000283045",-0.154406857498571,0.659857878488815
"TMEM208",-0.0395811877095528,0.659941017241622
"LOC101929470",0.228474595702075,0.659941765761183
"TTC28-AS1",0.0353631403115789,0.660042377065606
"ENSG00000268189",0.160861606254351,0.660062791516876
"TGIF2",0.0323741893411027,0.660438749258199
"ENSG00000273248",0.155254691111356,0.660540805441693
"FUBP1",-0.0298791193056059,0.661165440187061
"ENSG00000270937",0.283697052557732,0.661169057411195
"VWF",0.121584483533027,0.661220890887572
"BRPF3",0.0368924664281497,0.661437610010238
"ZNHIT6",0.0340733605667748,0.661461195539514
"ENSG00000271155",0.106141999910322,0.661534188927435
"ENSG00000230724",0.0452702951137475,0.661586542364981
"ENSG00000259581",0.158442772538334,0.661880415392407
"RFK",0.039206963221752,0.661916765359753
"ACSS1",0.0518816948434462,0.661954687564809
"TASOR",-0.0342774630906151,0.662393967127738
"ENSG00000272829",0.109386154733643,0.662410984617081
"ENSG00000260121",-0.137159563462472,0.662646853590416
"H3C15",-0.219975493993865,0.66293976098057
"LAMB2",0.0551636715725748,0.66297231872375
"ENSG00000261487",0.111785883762761,0.663300131697488
"CRK",-0.0324934409217823,0.663357054738335
"ZNF433-AS1",0.10068304768077,0.663416322444976
"ALKBH1",0.045708533925758,0.663549057300432
"KRT18P4",-0.183241930704724,0.66361683446751
"POLR3GL",-0.0701964973799816,0.663747157842436
"LOC100132249",0.0556626676329339,0.66389830313717
"ENSG00000270077",0.215669707824464,0.663967873424
"LZIC",-0.0316620274553353,0.663984927324017
"ENSG00000289349",0.15631159984626,0.66414280727311
"SP2",0.0366558255738373,0.664406819163692
"NTS",-0.231259481007857,0.664462899326157
"TMEM106C",-0.0300788963523542,0.664721087953678
"SYNGR1",-0.107510557434735,0.664810994718507
"BLTP3B",0.0385485618963073,0.665016618293275
"ENSG00000272864",0.171398650608426,0.665069668436711
"FOXP4-AS1",-0.0449538125708299,0.665210208631487
"UFL1",0.0402786525791665,0.665358406121597
"TMEM132B",0.164969084662842,0.665399561721796
"PCBD2",-0.0475053930282108,0.665415373677925
"ZNF280D",0.0415425106344615,0.665462977328379
"GPER1",0.0342409242228182,0.66597172490029
"LRP12",0.073648085862268,0.66619023051338
"ENSG00000259940",0.124927443829791,0.666194809032577
"ENSG00000291142",-0.0446253142871641,0.666385268884074
"EPHA10",0.212966005620722,0.666401561404712
"LOC105372266",-0.179632652297856,0.666498704969381
"NEK6",0.0421176390291593,0.6671348015095
"MAPK9",0.0308407811842128,0.66728164268309
"RHEBL1",0.0973100331587044,0.667557260896785
"ARL6",-0.0614268309037009,0.667851765666784
"ZBTB24",0.0476630675434775,0.668351894213773
"CUTC",0.0560585417754215,0.668825909775834
"ENSG00000307241",0.109012159720202,0.668844234502135
"MAGOH-DT",-0.181162392171401,0.66892723818348
"H4C16",-0.106615578223687,0.668970947802982
"NKIRAS1",0.0540710474385441,0.669326000228223
"LOC124902204",-0.142184914632778,0.669761751461239
"AIFM1",0.0331028719040767,0.669780747230984
"ZNF16",0.0443980713016164,0.670203330142024
"LOC114841035",-0.0657762501943864,0.670451791730248
"OSBPL3",0.0471180572304011,0.670468732614306
"RAB3IL1",0.127866737138129,0.670484781082044
"TICAM2",0.256830705578213,0.671265139687408
"LACC1",0.0612072211221177,0.671292229270237
"ZCCHC8",-0.0320492037260442,0.671862591149633
"ENSG00000293178",-0.125480659207793,0.671903899082309
"ENSG00000233797",-0.16515097520929,0.672123701824636
"PARP2",0.0272452044111486,0.67222765765051
"SRPRB",0.0385577232583203,0.672398761425361
"ENSG00000230337",-0.0873657327003009,0.672436923280071
"LOC105371485",0.188052577631443,0.6726236481672
"ENSG00000287404",0.178793598610211,0.672635683951621
"ENSG00000295654",0.19018247635555,0.672721721390914
"TOM1L1",-0.0372914867512894,0.672723479895716
"ENSG00000299386",-0.109229493829836,0.673022799364948
"TXLNGY",0.0354708632741905,0.673382581310449
"TNFRSF21",-0.0570376288717853,0.673717554126286
"POLK",0.0314575347463228,0.673833956973121
"PPP1R12A-AS1",0.087797017752279,0.67423797099124
"ENSG00000288996",0.148126902218261,0.674339456927477
"ENSG00000203647",0.206377969805796,0.674585032339394
"RBM14-RBM4",0.137458452914568,0.674628294831071
"ATP2B4",-0.0433096863208032,0.675087927635223
"ENSG00000173867",-0.511612683461125,0.675191291804622
"LUZP1",-0.031847763621959,0.675192696944677
"KLHL25",-0.0563708768111969,0.675260543332276
"ENSG00000283189",0.0545985562677668,0.67542560409824
"BCL2L1",0.0548624872914522,0.675473967862999
"DNAAF3",0.132839158073332,0.675625237287523
"CELSR2",0.0464215405800939,0.675735144858541
"INSR",-0.0301432947024617,0.675821142771212
"FBN3",-0.155379447769122,0.675875535128118
"RCC1L",0.0350541607043439,0.676262326718777
"ENSG00000264666",0.0877117946025188,0.67639405368079
"ZBTB43",-0.0342004207198353,0.676637947748265
"NUP50",-0.0239759981975555,0.676657318634203
"FAM174A-DT",-0.135543321270922,0.676775870139388
"PSMB6",0.0334831787575236,0.677064097306976
"ENSG00000293016",-0.108546158498855,0.677443239308912
"CLDN11",0.0896941958537728,0.677522654169167
"MTMR9",0.0433989987526613,0.677523938038066
"PGD",0.0310472860087586,0.677529568933385
"TSHZ2",0.412293628423701,0.677592816844743
"AKAP3",0.150325375913678,0.677759436553576
"RPIA",-0.0363750146913703,0.677886866015873
"HAPSTR1",-0.0359757370859407,0.678054262958692
"HSPA8P15",-0.0975807512979048,0.678422744585988
"SUMO3",-0.0435398170044814,0.678798463184561
"ENSG00000279333",0.157259022175422,0.678954895909004
"OTUD7B",0.0300440876341412,0.679015312633184
"HDAC10",0.0401799134470543,0.679081381596234
"ENSG00000258790",-0.0442055960912619,0.679209168692363
"GAPDHP62",-0.144141923231371,0.679997198345455
"TF",-0.0848699648277221,0.680039485142226
"ENSG00000299773",0.0790836298220014,0.680226015650295
"AK3",0.0256284997179617,0.680226714897171
"ENSG00000289468",-0.142059215952385,0.680251096714428
"UPF3A",-0.0327894803746807,0.680365019358875
"LOC105373383",-0.116554620164741,0.680557073768766
"TM2D2",0.0380634760577392,0.680778544788964
"SCML2",0.0507008103303755,0.680897065930993
"ENSG00000293044",-0.105401800527011,0.680923437057183
"SGTA",-0.0244467158369801,0.680990517442956
"SFMBT1",0.0457534139145108,0.681006071883375
"MEAF6",0.0445347811516082,0.6813792530955
"ENSG00000278192",0.139938682866419,0.681410179248481
"SORCS2",-0.0825354780683209,0.681465512527533
"INO80E",0.0333710387696746,0.681548570074399
"AP3M1",0.0341367960945767,0.681805249553561
"LINC02363",0.0936487215335048,0.681947656444994
"PHF20L1",-0.0253293916174863,0.68210782448505
"ENSG00000291047",0.0644110035481211,0.682167473483477
"CD109",-0.0985930046404248,0.682217671512788
"HERPUD1",-0.0361387474491109,0.682246598427688
"TPT1",0.0474114054951676,0.682474919821783
"NUBPL",-0.0253069640357059,0.682604301517752
"LOC102724593",-0.274895016759951,0.682711014542548
"ENSG00000266079",0.152086982338575,0.682866144851271
"METTL14-DT",-0.0848904627420949,0.683359392926241
"ZNF649",-0.0766570871410986,0.683420503603759
"HMGCS1",0.0331977810554418,0.683473499326049
"MAGI1-IT1",0.134876901995636,0.683493919912541
"GJB2",0.211867180578265,0.683543204345924
"CCDC174",0.0316230009262418,0.68361947774415
"REEP2",0.0862871220329623,0.683657482697734
"ADAMTS10",-0.112321075955931,0.683681981029192
"SMARCD2",-0.0272640114030483,0.68396680194538
"UBQLN1",-0.0294825169505387,0.683975493026137
"TACO1",0.0356459465144189,0.683987739007365
"PLD2",0.0287790043475228,0.684449321825654
"ENSG00000260101",0.137226486861224,0.684476334144342
"ENSG00000261326",0.0413358064056982,0.6844818376564
"ENSG00000235214",-0.125636149242706,0.685509577285913
"ENSG00000290812",-0.175330882574378,0.685555263444459
"MAGIX",-0.114580618195706,0.685561583308272
"BLMH",0.0289268451843889,0.685676435646522
"RPS2P47",0.109332107519833,0.685855460105421
"RPS11",-0.0458118132866795,0.686275310171701
"IQANK1",-0.0679579794546951,0.686317301138926
"ENSG00000288953",-0.0588713563562415,0.68656166180933
"FOXJ1",0.0800280514285213,0.686690886111919
"PXN",-0.0277305924946757,0.686893686677968
"APOL4",-0.134966601812225,0.686982586164468
"SLC3A1",0.145802437728827,0.687093035240323
"RAD54B",-0.0351613790817054,0.687674976095873
"MTERF4",0.0256907721468551,0.687956265630463
"EFNA4",-0.0460661146540402,0.688010098390269
"ENSG00000262691",0.151273592201181,0.688227646868432
"PKM",0.046772613082277,0.688237395857182
"ARFGEF1-DT",-0.153988723065138,0.688288829508128
"H2AC20",-0.129930522958321,0.688468287448458
"HNRNPK",0.0288883391925754,0.688534220991698
"NDUFA6-DT",-0.0923246233465109,0.688572565433174
"ENSG00000267198",0.132947599014908,0.688574581820805
"ENSG00000236255",0.0334245492451789,0.688813163663057
"ATP6V1B1",0.068132413092211,0.689086399440596
"FUNDC2",-0.0408951005480065,0.689160872538449
"ENSG00000231234",-0.20418078171588,0.68931159749122
"ENSG00000289519",-0.0767615185182197,0.68933356621267
"PPP3CC",-0.0459023376944293,0.69023201721343
"HRG",-0.0702194817718517,0.690249315673708
"TLE1",-0.0326938250261486,0.690333228223373
"ENSG00000205534",-0.387356297202216,0.690361420844378
"ENSG00000249956",-0.114640647062042,0.690558385966802
"FOXO1",0.0344447877585403,0.690610836529492
"RAD52",-0.0369622319255366,0.690634265332299
"PRKCH",-0.0889565688439731,0.691249801167924
"TRABD2B",0.307228740283649,0.691312252263803
"ICE2",-0.028455584380331,0.691452231557585
"DNPEP-AS1",-0.113182326638153,0.691652359839279
"CHURC1",0.032651000888145,0.691701575743553
"C1QTNF3-AMACR",0.0943481539840015,0.69223448223582
"RHOF",-0.0389566760643208,0.692250069319942
"CNBD2",0.0555642795253504,0.692448544990312
"FIGNL2",-0.0837076020792419,0.692552201561791
"ENSG00000280571",0.125831711323335,0.692687319671724
"LOC107987095",0.0944484866276789,0.692783800415583
"ASAH1",-0.0307409493275084,0.692821957962862
"SLC35F2",-0.0623014413147631,0.692829100321216
"FCHSD1",-0.0340976124134976,0.692850852509338
"CPZ",-0.151064295998894,0.692898202704698
"MLYCD",0.0401523923558115,0.693030899153162
"GJC3",0.110778401636974,0.693329164048885
"HDAC7",0.0744361815072239,0.693331056618607
"ENSG00000272379",-0.0636201197653112,0.693639901193727
"NLRC4",0.185555770168957,0.693672033510017
"NLGN2",-0.0405998104346877,0.693883261635105
"ENSG00000307956",0.102129287464156,0.694145968471606
"LOC105375728",-0.0983412201165755,0.69433020930586
"ENSG00000289236",0.0906433560906867,0.694584837609851
"UBE4A",-0.0245096049065113,0.694698641995245
"CYP4F3",-0.0887299804453389,0.694777697965107
"ENSG00000237264",-0.209329660718958,0.694969458808843
"KRT19",-0.145028107486259,0.694971559887111
"CTSC",0.0427090094773901,0.695078445324012
"PPM1N",0.130265207851494,0.69536538661398
"HSPE1-MOB4",-0.0672193646527541,0.695457191347445
"ENSG00000307644",-0.168600970298177,0.695633838869333
"SOWAHB",0.121854531503783,0.695686840942373
"ENSG00000228232",0.196685900571108,0.695766388026253
"ENSG00000289164",-0.127948012600941,0.695787487210293
"ENSG00000298592",0.137877212504469,0.695925969145245
"NPEPL1",0.0565948550114687,0.696021950434202
"ENSG00000268798",-0.19637659629775,0.696148122688905
"ENSG00000289985",0.0541707431333,0.696157816454852
"ENSG00000259408",-0.148925585490544,0.696497510967917
"ENSG00000243636",-0.119471618994854,0.696522367213964
"ENSG00000290114",-0.219893770258133,0.696769942320111
"SPEN-AS1",-0.0610495651416512,0.696886004164785
"RDH5",-0.0729878055627816,0.696941693952789
"SNAP47",0.0354441927646002,0.69694198493696
"RWDD2A",-0.0344776710001937,0.696950657311744
"UPP2",0.156927582577543,0.696961259303044
"ARRDC4",0.0684110934516752,0.696993610967954
"ENSG00000305326",-0.0893307734763471,0.697051839325144
"AKAP12",0.111570485709175,0.697053819534966
"DDA1",0.0266941869585701,0.697422408249264
"ZNF503-AS2",0.0528413224672933,0.697859123230506
"DEPTOR",-0.0670657315228336,0.698001604004241
"ENSG00000299324",-0.135740198118229,0.698453177192618
"COPS5",-0.0227783541838468,0.698573133548494
"ENSG00000229358",0.125576847801181,0.698686636118877
"LPP",0.0224192736421847,0.698709331336646
"NUP88",0.0237737887474132,0.698732136064237
"ENSG00000266946",-0.129200671530909,0.698955937318458
"SLC17A4",0.186900816513343,0.699204798950255
"ENSG00000272335",-0.0365957318480426,0.699449825992867
"ENSG00000231113",0.172601065738259,0.69960359997791
"HDAC4-AS1",-0.136105556585241,0.699686676099235
"LOC105274304",-0.109663716657619,0.699688135988108
"ITGA7",0.0814948439946612,0.699964462091926
"PER2",-0.050987291711365,0.700003394157643
"ENSG00000290938",0.281386414797897,0.700128922003489
"RASSF3",0.0341678390100453,0.700169612910848
"RCBTB2",0.0684139654464526,0.700237236430151
"ZNF776",0.0344315524980012,0.700524458291723
"ZCCHC3",-0.0243455443602427,0.700563717713541
"OXNAD1",-0.0325665345900995,0.7005826899341
"ENSG00000305869",0.189958367007899,0.700604330790793
"MAN2B1",0.0361934409698638,0.700673570169667
"KIAA1671",-0.033277112670461,0.700710796551557
"CFL1",-0.0427681883924517,0.700790535203571
"CD24",-0.0834410426884583,0.701014034791166
"NUBP2",0.0240503637137302,0.701257415085314
"ENSG00000257663",0.153413438657699,0.701490789819282
"GLRX",-0.0613859707907768,0.701804336540309
"LOC107986163",-0.172729999615209,0.701825327934889
"RPAIN",-0.0249490372578419,0.701879926832786
"UBE2D1",0.031812947000206,0.702119368573028
"RBM7",0.0323278466598457,0.702376461991621
"ENSG00000264635",-0.134061513739435,0.702464718075388
"APOB",0.0485750337551803,0.702615546827045
"CSTPP1",-0.0333949662749277,0.702658906001738
"SPMIP4",0.052683385187185,0.70293649084333
"ZNF362",0.0318118271201725,0.702964155515131
"ENSG00000264548",-0.0886803923644184,0.703616232169426
"CORO1A",0.0771252360207456,0.703744250026781
"RBM12B",-0.024992825242917,0.703785297835136
"RCAN1",-0.0351018050891807,0.703872618840529
"ENSG00000279122",-0.136927776647529,0.704310038485971
"TMEM30A-DT",-0.0951279438253326,0.70451339476633
"TMEM134",0.0287231448084558,0.704677784184147
"FKBP2",0.0467920574291862,0.704781045475346
"ENSG00000260475",-0.164880905195625,0.70542113316572
"MCUB",0.153018048617593,0.705525690469525
"ENY2",0.0266667712500467,0.705679086626118
"FBXO42",-0.0315259348939959,0.705702569645611
"AMBRA1",0.0269523711028819,0.705821623256328
"B4GALT1",-0.0374619338212443,0.705960490459549
"ATF7IP",-0.0288122272128586,0.706188583988676
"ENSG00000289687",0.0968826606227757,0.70636934950803
"HFM1",-0.0703802077135871,0.706457414916401
"DDIT4-AS1",-0.198248082740301,0.707064443318754
"ITIH1",0.0382447977069318,0.707090673814783
"GASK1B-AS1",0.0467959015152019,0.707536586580097
"CD58",-0.0619606910112379,0.707588108519148
"VPS28",0.0319538225801112,0.707760658725281
"GSTM4",-0.0298082063998166,0.707968253700635
"TBC1D22A-DT",-0.0445405267837982,0.708025581812061
"CYP2C8",-0.16399403357282,0.708196614756596
"ENSG00000308991",-0.333227963839127,0.708230674528577
"ZNF559-ZNF177",-0.279009387472473,0.70833078502712
"ANO8",0.0366971550583278,0.708363295963928
"KRT10-AS1",0.0377612842740893,0.708503453516084
"ENSG00000224945",0.0535819189065323,0.708631362526192
"ENSG00000276434",-0.0888354252909003,0.708727467859413
"ENSG00000259287",-0.182701202295791,0.708743675827354
"THAP6",-0.0335165975054195,0.708847401802631
"ENSG00000289499",0.148933262024798,0.708859765148643
"IER3",0.110177617839192,0.708928442314093
"ENSG00000305352",0.0862207300910635,0.709025531948168
"ZNF35",0.0927780725568393,0.709128329007656
"ENSG00000257921",-0.228588155189009,0.709209784171642
"CHAD",-0.138322729394125,0.709537942758601
"ENSG00000267250",0.132956918669588,0.709659009889589
"GPS2",-0.0286154265280517,0.709867684750575
"TBC1D3G",0.0837555808339264,0.710012625195085
"LOC102724642",0.0446505359833366,0.710199408970622
"GMEB2",-0.0274278695184994,0.710270990206834
"TMEM229B",-0.100888346893708,0.710289319743042
"APOBEC3C",-0.0371726023662251,0.711084545917335
"PPT2-EGFL8",-0.0590123633384262,0.711218964380016
"ENSG00000276403",-0.19349313880812,0.711231655527655
"ENSG00000279803",0.172922701084954,0.711253537681291
"SRP14-DT",0.0623082664293335,0.711411769607788
"ENSG00000308468",-0.133166466976638,0.711474697297966
"CYP20A1",0.0543252217306896,0.711475998542594
"ENSG00000220848",0.164934003130705,0.711722746226452
"CYB5R4",-0.0433825013822943,0.712226210261822
"KLHL41",0.113084334696893,0.712347961365929
"ZNF275",-0.0261122879537612,0.712453052226794
"ENSG00000289970",-0.187486357475239,0.712572372520229
"RPL4P4",-0.0767455502096878,0.712612564574452
"RPL13AP5",-0.0461388284764877,0.712620856544042
"ENSG00000294960",0.100064680960042,0.712637949285664
"NEURL3",-0.0835944996375222,0.712744615468017
"ZSCAN21",0.035643978421613,0.713100965924937
"CD68",0.0346000267292432,0.713389487675295
"CEBPD",0.0771270360665484,0.713421540086405
"NR2F2",0.0288126114492114,0.713933138776331
"ANGEL2",0.0270541298550101,0.714020138661451
"NFIB",-0.0441040770345685,0.714240041377129
"WWTR1-AS1",0.181444423736357,0.714401275159063
"ENSG00000263786",0.137622904605617,0.714745128775734
"AAK1",-0.0224078276855623,0.714747345402671
"KLHL20",-0.0356371768529219,0.715933146639122
"RPS18P5",0.109702599319591,0.716003000163724
"FRMD6-AS1",-0.105479453646804,0.716114029694189
"ENSG00000295095",-0.470488256570885,0.716509903980801
"SND1",-0.0384624692990369,0.716652626710952
"IFT81",0.0386674274111572,0.716673207477113
"BCLAF1P2",-0.200742575465173,0.717233612347656
"HPGD",0.130477255039503,0.717289359880895
"PTPN9",-0.0324018421079797,0.71756073226866
"PFKFB1",0.0416272829895794,0.71765972586176
"TRIM15",-0.026606063048818,0.717856409858244
"ENSG00000289106",0.0792243645975243,0.718076680707918
"ENSG00000307699",0.113357725991051,0.718287940556456
"CDS1",0.0351484775440654,0.718457221255301
"ZSWIM8-AS1",-0.119804615832731,0.718810746401902
"KATNAL1",0.0330274219974518,0.7188946750998
"ENSG00000285330",0.0846489517158983,0.719155436353621
"PERM1",-0.186079215018361,0.719208932888909
"HSPB8",-0.225082271482095,0.719530517094167
"MPDU1-AS1",0.0395661180069391,0.719587397392623
"ENSG00000270804",0.157670022374897,0.719861236933555
"NUP54",-0.0249885566762627,0.719986633282866
"ENSG00000279481",-0.191782138067195,0.719999790143016
"ENSG00000286715",0.196828137366754,0.720022006725375
"SPATA1",-0.0805690459603707,0.720158418412845
"NAPG",-0.0205549707401216,0.720239235487988
"NINJ2",-0.0646983886082262,0.720286759646123
"ENSG00000228998",-0.12597913466682,0.720353441930907
"ENSG00000298816",-0.183610322863981,0.720475415006841
"PPP4R3B-DT",0.0836899239609623,0.720515309111495
"MARS1",0.0278805883709725,0.720617398805238
"RPLP0",-0.0309633312136973,0.720630916554179
"EGLN3",0.0954974875920337,0.720655077113556
"MTMR7",-0.218095269678072,0.720680680712733
"EPB41L1",-0.0613331895488019,0.720710427052194
"MINCR",-0.0520056789101761,0.72089934286103
"PEF1",-0.03187507157284,0.721086974379567
"C2",0.0334933409918476,0.721441959308005
"FKBP15",-0.0222270252055856,0.721500477195117
"CRCP",0.0272036300050047,0.72198330114239
"H4C9",0.24877994860474,0.722140422538957
"LOC124909377",0.141456800927799,0.722458273304991
"METTL2A",0.0250755372967474,0.722465037361525
"GRK5",0.0360416696546747,0.722532861148466
"GTPBP8",0.0519549265628288,0.722746776039197
"GON4L",0.0258555753541921,0.72305149283088
"RASGRP2",0.268580353942664,0.723075326807169
"PCAT2",-0.0225648924170002,0.723158835580058
"LAMTOR4",0.0271102400462864,0.723354212620898
"TUFT1",0.0374742657964817,0.723430798030544
"ENSG00000227014",0.199898143987246,0.723434396239898
"MYO5B",-0.0258715493369688,0.723714304043749
"QRSL1",0.0252474986246218,0.723764251157346
"NSMAF",-0.0257341638311119,0.723870820054263
"NR2F2-AS1",-0.0811883255174782,0.72390773188741
"BID",-0.0352374211675366,0.72396198011379
"ANXA11",-0.029465243987146,0.724282157121771
"ENSG00000272892",0.115762623093791,0.724561209012836
"DHDDS",-0.0294373633711002,0.724582688331462
"LIMS4",-0.143962345456935,0.724703792112656
"FKBPL",-0.0371287988211541,0.725204679209835
"ARMH3",0.0327709682842589,0.725586793201796
"IPO13",-0.0338493925858692,0.726008840465026
"PDCD6",-0.0255134776547747,0.726087363019895
"ENSG00000268520",0.186847459260806,0.726221716472793
"ENSG00000238045",-0.0982282488706091,0.726274681074278
"ENSG00000288937",0.099327778516697,0.726372378067736
"DHX36",-0.0250807599932608,0.726446093186047
"MAL2",0.0267050887190431,0.727000184113613
"MROCKI",0.0340947916390754,0.727030671260937
"ENSG00000236603",-0.136397095994817,0.727593507054339
"ENSG00000233547",-0.153176261704353,0.728055793365208
"ENSG00000284968",0.0479595441716376,0.728496311890982
"SRSF3",-0.0212968564810722,0.728670518308393
"QRICH1",0.0217656523504683,0.728961353859815
"TBK1",-0.0206482655766161,0.729034724047675
"MIEF2",0.0343157812156527,0.729053430256307
"LOC124906119",0.124641846257498,0.729133971396201
"ENSG00000243107",0.14114675792818,0.729196964318593
"ENSG00000306533",-0.146396502870223,0.729249358859715
"ENSG00000287529",0.168288490634519,0.729393010733185
"PRDM6",0.195283295024989,0.729409763859163
"GJC1",0.0462455986723162,0.729527890850516
"LZTS3",-0.0305955478723985,0.729753239417404
"ACOT9",0.0245324134424035,0.729917067970106
"ZNF442",-0.0531311180190885,0.729974204812412
"PLEKHO1",0.0526640336871709,0.730046327952552
"NUDT19P5",0.125853937935468,0.73007409775835
"CDC42",0.0266538577390671,0.730198044424165
"GCLC",-0.0255828258298665,0.730259122406006
"TRIP4",0.02796540537375,0.730259467912778
"EEF2",0.0398044741329912,0.730464434763831
"ENSG00000260806",-0.0550709616489414,0.730467501126054
"ENSG00000302141",-0.148021384247583,0.730601607458272
"RPL23AP1",-0.396478111729756,0.730769662656523
"ZNF140",-0.0330816087961307,0.731219111999453
"ARMC9",0.0238122366639424,0.731415105842162
"WWOX",-0.0269179161032511,0.731646190630361
"ZC3HC1",-0.0311972267599565,0.731929647982603
"CFAP36",-0.0375468173320149,0.731947356863996
"ENSG00000185641",0.0790006638310632,0.732219398859911
"RCHY1",-0.0322244983403674,0.732362875522698
"HCP5B",0.166541873515928,0.732408982491375
"MFSD4B",0.0397052902425391,0.732487440568
"ENSG00000267655",-0.14863699212659,0.732829204399961
"PTGES3",-0.0275957695763445,0.732911225329697
"CCDC25",0.030096147750026,0.733454704566525
"URAHP",0.0838737300650933,0.733583800914183
"ETFB",0.0353906945890824,0.733594051326607
"EIF4H",-0.0251269147696737,0.733717977939939
"ENSG00000264404",-0.07488539815009,0.734075223234738
"UBP1",0.0245549279205798,0.734085007812922
"ENSG00000307684",0.133319464315981,0.734134261323703
"GSN-AS1",0.130337765023415,0.73442714340277
"KLHL13",-0.0386693213248347,0.734720158962801
"ENSG00000242242",-0.0943981604682864,0.734784336813658
"RPL7P9",-0.0598658601607723,0.735171893075096
"ENSG00000251259",-0.190714595831948,0.735255711207184
"LOC101927863",0.0777977207796612,0.735419703239203
"ENSG00000267526",-0.173298424105725,0.735572633359276
"ENSG00000279145",0.167626967978066,0.735775938620625
"HPRT1",-0.0343745797431682,0.735959855451823
"ENSG00000278974",-0.0889212923010823,0.736362089485273
"ENSG00000287780",0.0769916258162796,0.736419706893363
"ENSG00000290048",0.0916086018162517,0.736451739514218
"ARL15",0.0374368360698436,0.736457920765557
"PEX3",-0.0270166022850272,0.736704931852694
"AURKC",-0.133327042560597,0.736784127769079
"ENSG00000227782",0.14210557898529,0.73688951534194
"LINC02008",-0.0526184845151147,0.736917922215924
"ENSG00000229896",0.106998055719945,0.737169322148855
"ENSG00000267749",0.137609507386626,0.737185070862539
"PMS2P2",-0.107690003757473,0.737185465905022
"RPGRIP1",0.136751034677791,0.737387154169944
"ART5",-0.138446801084536,0.73769493225894
"PXN-AS1",-0.0382226392517955,0.738076054557343
"PET100",-0.0322700480339927,0.738180669722989
"ENSG00000288868",-0.0472120829248648,0.738206495234496
"ALG1",-0.0279836960189345,0.738314888496945
"ENSG00000259642",0.0655167306077505,0.738350742829124
"PUF60",-0.0201957893282481,0.738607702036082
"SLC5A9",-0.0408494585946113,0.738653604440748
"CAT",-0.0256960106719141,0.738674494894445
"MAP3K6",0.0438538021997145,0.739014364829479
"CPSF7",-0.02362492385183,0.739448071318225
"USP43",-0.0444045573037892,0.739498575333726
"LINC02482",-0.0516079533948153,0.739516174607447
"WDR1",-0.0372429712073491,0.740220284577398
"PRC1-AS1",0.124489875407286,0.740222123934125
"PTCH2",0.0527745482311049,0.740349873592289
"ENSG00000290907",0.0775739665185455,0.740384266436493
"MYO10",-0.0392875150779711,0.740541802640928
"ZNF738",0.0477665008355814,0.740645025275209
"SNORD97",-0.211153791456268,0.740768540440039
"FERMT2",-0.0331625924265602,0.741065493258791
"ISOC2",-0.020860934263516,0.741634192878721
"LINC01816",0.0720758995957978,0.741641681363879
"HSPA4",-0.0359746071148933,0.741644239900882
"PCDHGB2",0.0881482386300597,0.741659923118184
"ANKRD39",-0.0288791064815293,0.741748273062831
"LINC01970",-0.119837584985467,0.74182029551002
"NDUFA9",-0.0295555872625964,0.742020743441333
"ENSG00000232874",0.12803039315319,0.742550760981424
"PSTPIP2",0.113955800768973,0.743017939207453
"KATNIP",0.025286768177559,0.743065707285259
"KLF6",-0.0291315936643018,0.743068717806044
"ENSG00000236095",-0.0777972979352303,0.743146699390766
"RDH16",0.120135758873383,0.743202126183953
"LARS2",0.0215189868148441,0.743286563764632
"IFITM1",-0.325483355325649,0.743296746279562
"ENSG00000274685",0.167740569792902,0.74334896053692
"SLC25A48",-0.17767500480802,0.743361144911693
"SART1",-0.0224970076926661,0.743645211123888
"PCOLCE",-0.0885237895696016,0.743666040278393
"ENSG00000290453",0.104483278394511,0.743987017289104
"ADCY10",0.20636664211426,0.744253428316862
"ZNF225-AS1",-0.114882512177865,0.744295881047213
"RPLP0P2",0.114196128639113,0.744408491020121
"LINS1",-0.0403459297281653,0.744542239611767
"RFNG",-0.0349385789091579,0.744583641505575
"TMEM161B",0.0296692411364626,0.744977606665465
"EMC1",0.0388918077682776,0.744997772550274
"ZNF778-DT",0.0471526334872621,0.745389826232024
"PODN",0.164719052675556,0.745410527674846
"HSPBAP1",0.0386445268845983,0.745475007130194
"ENSG00000269906",-0.0999567366991148,0.745499250548952
"LINC01503",-0.0884831374641453,0.745677409279065
"ENSG00000308570",-0.0968439839429531,0.745866592121219
"SPIN2B",0.037552572750883,0.745870589230162
"PDIA6",0.0277857429189592,0.746310863429418
"ZNF438",-0.062595778043573,0.746321300954846
"LINC02803",0.150255042903456,0.746357865978293
"ENSG00000272384",0.0645406643748704,0.746411583875229
"PTGES3L-AARSD1",0.0764687685679133,0.746487012294949
"MCTS1",0.0245429809219482,0.74711491147915
"ENSG00000250264",-0.180604481126803,0.747313177616793
"PDXP",-0.0288305349356457,0.747630886049483
"ENSG00000219747",-0.136639688888238,0.747773786880346
"RPUSD3",0.0252704022847213,0.747915394126149
"CHD4",0.0206609326977658,0.748040251224162
"OLFML1",-0.0678255121776811,0.748179457346164
"CYFIP1",-0.0231436490533397,0.748235826222201
"SERF2",-0.0313216159762017,0.748252028492442
"TADA3",-0.0275126145059836,0.748275545421565
"GXYLT1P5",-0.163705422547074,0.748288001931883
"ENSG00000297072",0.138434399389958,0.748473292552578
"SLC23A2",0.0206448985545164,0.748932504976476
"FCER1G",0.111345333577508,0.748964373977347
"DDHD1-DT",-0.139513075494461,0.749041531331016
"PAIP1P1",-0.0792502998839285,0.749073012025547
"SF3A3",-0.0257082796630376,0.749188683801881
"RAB32",-0.0404372684736067,0.749312031644775
"CLEC10A",0.0899795336824525,0.749478350056573
"RPS20P33",0.120197383504982,0.749539739102265
"PPHLN1",0.0217598973165522,0.749674597878233
"ERCC8",-0.0269533629676983,0.749796272455804
"LINC02212",0.167372692661496,0.750193111099539
"ENSG00000305416",0.157872046103295,0.750972455297037
"LOC105379507",0.0537712563738757,0.75099588128009
"SGSM3",-0.0317836836628488,0.751011901152015
"IDE",-0.0228962513243353,0.751452370333223
"ECSIT",-0.0242176999411764,0.751498207863583
"TMPPE",-0.0597757961752826,0.751524674644473
"LGSN",0.14056390348605,0.751726642596507
"ENSG00000213300",0.0553425970428868,0.751949240569538
"H4C14",0.203853050928436,0.751990661341004
"ENSG00000272779",-0.0697067799375758,0.752082915810773
"ELK3",-0.0726641876445234,0.752157978417546
"ENSG00000294075",0.164699415070132,0.752251063901793
"SEC14L4",-0.149346660709219,0.752374370234684
"ENSG00000289334",-0.128819123093533,0.752512640265611
"LOC155060",-0.0551250865135872,0.752785183754853
"TXNRD2",-0.0214907270657551,0.752865181437401
"CDH1",0.0580422237754228,0.753119867801296
"ZNF385A",-0.0652334154026503,0.753572157686762
"CDCA3",0.0287140989490914,0.753623967943871
"LOC100506358",0.0634315235481651,0.754061452593194
"ARMC2",-0.0960529036825043,0.754119805940181
"NUP160",-0.0239711538021246,0.754342045974887
"TRIM13",0.0260949433226393,0.754412355687623
"SYT15B",0.120621697143715,0.75479685432612
"FKBP9",-0.0267630437874765,0.754884572407957
"ENSG00000249494",-0.138953165836926,0.754939152425364
"LOC101927661",-0.0741965884177382,0.755468387011466
"CD4",0.0627572600061081,0.7555042053383
"ENSG00000289562",0.042335479845086,0.755520888483256
"ENSG00000289748",-0.119272060893979,0.755621577553924
"ENSG00000286214",-0.0575273950763649,0.75572849985479
"ENSG00000258404",-0.338496363452241,0.75581032329249
"ENSG00000260269",0.181558261915799,0.755927600731377
"ENSG00000272574",0.168937131522285,0.75605677098664
"RPL7AP39",-0.0529045955625814,0.756246380510426
"SERPINF2",0.0355486412456149,0.756310489021211
"RPS27L",0.0235189994411557,0.756505515517656
"TSTD1",0.143110033481235,0.75670213838387
"ENSG00000260920",0.0352390196415195,0.757208069114237
"SVIL",0.0401728002784813,0.757291122736799
"SEMA4D",-0.13306018507342,0.757333467022219
"PLEC",0.0287380674830009,0.757750946841306
"BRD4",-0.0217467403809598,0.757818900163834
"ANKLE1",0.0420339945561677,0.75815416527391
"ENSG00000241962",0.113475837732958,0.75827034028781
"ENSG00000296802",-0.0518438646907939,0.758304012686364
"ARHGEF10L",-0.0233989998726911,0.75858262736451
"ZHX2",-0.0297379618716303,0.7587851229124
"EVL",0.0241582068660597,0.759418729977241
"CACNA1H",-0.0653945689556382,0.759637375254281
"ZNF282",0.0201178006973826,0.759711282416186
"WNK4",-0.0371457241299588,0.759736251553126
"FKBP11",0.0227063655467613,0.75974581074043
"GAL3ST1",-0.0491241437602361,0.759757973543475
"ENSG00000226121",-0.0858610589203178,0.760322127318378
"IFT56",0.0320990099997989,0.760460782820167
"RNU5B-1",0.151066971407988,0.760746859196953
"SP3",-0.0209335872518383,0.760819965206956
"SDC3",0.128583342418016,0.760919703025228
"STT3B",0.025889838916827,0.760933473812965
"FGD6",-0.0428887905361872,0.761013059151713
"ENSG00000286905",-0.0431591559021955,0.761110997187936
"LOXL2",0.124866664275742,0.761126220440415
"ENSG00000237849",-0.187721297170403,0.761179201415757
"RMRP",-0.0824236050091759,0.761233441047781
"NEMP2",-0.0312939056636449,0.761296027363072
"GASK1A",0.158745310267816,0.761359574408295
"APRG1",-0.0582041983228906,0.761440471199481
"ENSG00000281571",0.0920517872936069,0.761559998233552
"ETS1",0.198024785120789,0.761829049694625
"ENSG00000274403",0.108655664919463,0.761955608261036
"IFIH1",-0.0287292462634922,0.761962957870689
"ENSG00000257303",-0.0805201513522532,0.762280772722427
"R3HDM2",-0.0257400620048775,0.762419752075501
"ENSG00000272420",-0.0852469576837379,0.76254668177422
"ENSG00000239415",0.0837956485666551,0.762670525591263
"ENSG00000270136",0.081621071376808,0.762744753819964
"WAPL-DT",0.0454160249530129,0.763035553907607
"ENSG00000303056",-0.127001884253451,0.763699503743656
"ENSG00000244313",-0.0425645011218902,0.763748976367023
"ENSG00000214176",-0.224758329837868,0.764341343292303
"ENSG00000227615",0.0737837804915991,0.764500594904146
"FBN1",0.0676819007304781,0.764555640686307
"LINC00491",0.0679466297980452,0.764812469700545
"SERPINE2",-0.0984436631237109,0.765467203761486
"PPP1R8",-0.0215975492708223,0.765810487989793
"DDX31",0.0305400909254258,0.765858624289167
"GLI1",-0.169565686384777,0.765970295528682
"ENSG00000289244",0.0693832326323277,0.766114612655824
"MED10",-0.0281920109308617,0.766214455226061
"ENSG00000275902",0.0726563690905987,0.766260244330612
"KRT8P3",-0.0630747075134627,0.766346457057914
"PPAN-P2RY11",-0.316893562109585,0.766403596210361
"LOC124900192",0.135285301302698,0.766828928007546
"ENSG00000250186",-0.127105479761276,0.76687366637037
"ENSG00000261451",-0.155272410144401,0.766981907959477
"SPDYE18",-0.0704001197321645,0.767041828158477
"LOC124904720",0.119080838293483,0.767350314986945
"DSTN",0.0312970277198429,0.767398730268231
"ECM2",-0.0957151562873622,0.767478977787401
"JUP",0.0297222551330491,0.767680142042116
"ALG14",-0.0259186685648681,0.767815871591087
"IFT46",-0.0319410718274876,0.767837799694365
"RARA-AS1",-0.0717383801997063,0.767895119542128
"SMC6",-0.0237296880445423,0.768872518129844
"ENSG00000278993",0.123528721565706,0.769275222763791
"JAM3",-0.0795008036973948,0.769532187700419
"ENSG00000260093",0.126386925160814,0.769616975266251
"SRSF8",0.0179638184066477,0.769998199482953
"PDX1",-0.0572174728501356,0.770066092967213
"TRAPPC8",-0.0194344547720222,0.770286509817772
"TIMM29",-0.0269658829855014,0.770319171119489
"CES1",-0.0556597572857144,0.770443879310617
"TPD52",0.0292680244024461,0.771059707243628
"CFL1P1",0.0898761133513661,0.771350084442487
"ZBTB39",-0.0261603885961744,0.771443303209463
"ZNF614",-0.0277538135645015,0.771496604877101
"A2M",-0.0495265966139765,0.771625304149752
"LIMS3",-0.318243136841654,0.771730542655211
"DNAH12",-0.160749578488983,0.771748788510555
"TRIM46",-0.138321559570781,0.77175584121291
"UBE2I-AS1",-0.100644893329987,0.771879109429334
"RC3H1-DT",-0.129084035485288,0.772826507203303
"ANKHD1-DT",-0.0404971859389178,0.772926055506069
"VOPP1",-0.0214877404431848,0.77306323650004
"EID2",-0.0280783894620507,0.773076005744158
"ENSG00000290549",0.064490552450922,0.773088500499869
"ZNF384",-0.0197570967517012,0.773181521897966
"RN7SL4P",-0.168897868713304,0.773223230681818
"RPL5P34",-0.105472981306576,0.77339077698221
"KIF1C",0.0207939368413509,0.773506498694997
"TAS2R14",0.0663724527441325,0.773927996249784
"SYNE4",-0.0274235098868917,0.774182453350638
"ATP6V0D1-DT",-0.0376554702765775,0.774992532366246
"HSD3B7",-0.0188102973393511,0.774992678983272
"MIR762HG",0.0495761580751839,0.775022005658361
"FOXO3B",-0.0404008280036115,0.775047149361421
"NT5C3A",-0.0236507299287411,0.775067425341298
"ALDH5A1",-0.0174262088814316,0.775235068774054
"ENSG00000294759",-0.117901145112913,0.775884022416545
"ENSG00000225689",0.107403072078537,0.775890872678037
"ADAM8",-0.0796865752764172,0.775904291314072
"LOC101928053",0.089363406236949,0.776028897839599
"ENSG00000251003",0.117548878806216,0.776097568156315
"CAMKK2",-0.0256069702777718,0.776216744919139
"ZNF263",0.017991845968639,0.777016750210735
"ENSG00000271553",-0.0706159058716232,0.777286112732215
"TTYH3",0.0209533574346286,0.777288244104024
"ENSG00000260273",0.122931278803046,0.777293298294933
"KLHL35",0.151959468430537,0.777374767270932
"ACAP1",-0.0848361048640416,0.777445081568991
"ENSG00000272410",-0.18640162046203,0.777544756242731
"ENSG00000257509",0.0746391780743446,0.777978056904344
"ENSG00000272144",0.0882993742500537,0.778025216873886
"TTC17",-0.0224626657340327,0.778755198241704
"ENSG00000282100",0.123941558779113,0.778838535844645
"PLOD3",0.0290394598919658,0.778854734583818
"RPS14P1",-0.0509347809433236,0.779364710016322
"CAVIN4",-0.0723728632952092,0.779528648838084
"ENSG00000279692",-0.0524198575171586,0.779919620181262
"NSUN5P2",0.0258071688849587,0.780205348846454
"WDR83",0.0287536111409152,0.780241607629217
"PTAFR",-0.164047470172355,0.780244947578332
"ENSG00000274080",0.0727475223593421,0.780801068787605
"ENSG00000225111",-0.0813206861774695,0.78136695407529
"RPS29",-0.0243185958604756,0.781428449548863
"ENSG00000272002",-0.166615167936482,0.78161318058009
"MYBL1",0.028888813612674,0.781691674557697
"ENSG00000272772",0.196570239570584,0.781848389435688
"ENSG00000215908",0.100912202478126,0.78259461104539
"ROMO1",-0.0253280194003974,0.78270899664397
"KRT8P39",0.10125001780267,0.783172526151814
"SNORD17",0.0682356082381033,0.783369223539918
"MRNIP-DT",0.0602807907046035,0.783712938710077
"WDPCP",0.0350863357663453,0.784096967990406
"FBXW4P1",0.0847027311987973,0.784198058569029
"VTA1",-0.0202963686186318,0.784416220064753
"ALDH1L2",-0.0772018027748304,0.784688603893093
"MICU2",0.0204919626947919,0.784779901450807
"ISYNA1",-0.0321101434106393,0.785091198433163
"ENSG00000288759",-0.085265251003658,0.785181270068458
"TRAPPC3",-0.0225834767539489,0.785216165603101
"SNHG26",-0.0398206467388657,0.78531326929458
"ENSG00000266217",0.0977294571305842,0.785352273901958
"STK36",0.0226406503427194,0.785585970849534
"ENSG00000237887",-0.114881191225646,0.785645864555357
"DCAF4L1",0.104472927335073,0.785758135331779
"MFSD9",-0.0187092719632338,0.785817638421015
"ENSG00000286909",0.0275514894140356,0.786286527777702
"GALNT10",0.0275995233999088,0.786321231684639
"IL7",-0.0622512824652063,0.786328447548161
"PHC1",-0.0190499906301597,0.786362727760624
"ZNF528-AS1",-0.0322743338341411,0.786965630522274
"VPS72",-0.0224267028567161,0.786985290403355
"LOC124909412",0.0366811869156847,0.787104222758562
"ENSG00000291043",-0.0471106248927877,0.787184694342943
"AIDA",-0.0221563211697931,0.787363726700863
"AKIRIN2",0.0188851246010637,0.787567071973916
"SLC38A4",0.0399200976247544,0.787991610372316
"UBAP2L",0.0194918784280102,0.788494411877999
"ENSG00000273249",0.117299742381854,0.78886171364194
"GPN3",-0.0292583656462758,0.788899268576949
"SNHG11",0.0236471860406769,0.78918495146541
"VPS18",-0.023937136336542,0.789600673993433
"ERRFI1",0.0420056685458442,0.789799760920038
"TAOK3",-0.0194021679186494,0.790061148753321
"UBA1",0.0185242998026193,0.790319227215399
"LINC02175",0.0884886773113048,0.790388961103234
"HERC2P9",0.0228550529642386,0.790565674209166
"CWF19L2",0.0285360780611741,0.790743832365062
"SYTL3",0.0858078502396525,0.790747212077163
"ENSG00000285053",-0.237378392263311,0.791037881484898
"ENSG00000131152",-0.204432440943894,0.791064588775912
"MICAL3",-0.0277560798534812,0.791451119629785
"ENSG00000279880",0.0898201403277425,0.791468415245756
"TNFRSF14",0.0356840664222598,0.79191937280253
"ZNF547",0.0347524649862724,0.792080566596803
"ENSG00000276529",-0.0404987718983204,0.792209665070521
"ENSG00000290003",0.170392560009047,0.792768564234281
"ENSG00000273448",-0.0969762022316483,0.792911407077856
"ENSG00000295894",0.09087326961818,0.793269851314289
"PDPR2P",0.0250891960813204,0.793383616377583
"LINC03034",-0.106552922926583,0.793578631617005
"ENSG00000256950",0.0849011362417716,0.79360819390302
"TMEM183BP",-0.145696126476899,0.793691669255346
"ENSG00000214223",0.183890445108267,0.793751323609549
"ENSG00000213033",0.123223803633468,0.79378737102403
"BLOC1S5",0.0189574754322163,0.793902245821362
"SERTAD3",0.0206147611005473,0.794166637465245
"ENSG00000244479",0.238455697461419,0.794283548271741
"SYP",-0.032070740451277,0.794307527008982
"MOB3C",0.040360146306203,0.794490041907358
"ENSG00000288934",-0.0656655233318208,0.794559357135154
"ANXA2",-0.0443159523672031,0.794951778403155
"CCDC15-DT",-0.0774163129882595,0.795024790517445
"DNAH10",0.248498622889425,0.795127626831034
"SMYD3",0.0258895254057604,0.795234630643408
"APOH",0.0273576259080782,0.795422487751188
"ARHGEF26-AS1",-0.127781759295615,0.795557739679323
"EFR3A",0.0166302646500482,0.795676597100496
"PRDX6-AS1",-0.0384960743230882,0.795809992877878
"ENSG00000303479",0.156730207367744,0.795998417508001
"PTPRF",0.0236676993306051,0.796163882894414
"ENSG00000239445",0.0529375700988277,0.796540034712828
"SRCIN1",-0.0386125097888806,0.796542002226948
"MREG",-0.0257881313650466,0.796582541819742
"EID2B",0.0286012417178128,0.796728393138927
"KDELR3",0.0207015548346059,0.796922359606123
"SPCS3",-0.0228678893958253,0.797008805384102
"TGFB3",0.0494674779935702,0.797102899583851
"CNOT7",-0.0170104098244632,0.79724458171986
"ENSG00000288848",-0.118155366549807,0.797268491889399
"ENSG00000289138",-0.0681278131250112,0.797441392498599
"RPL23AP79",-0.149042584242911,0.797755747606788
"RNF144B",0.0369072295415302,0.79792137573858
"AVPI1",-0.0236255116207637,0.797987624778899
"ENSG00000277715",0.0846048953650875,0.798106798180866
"MBIP",0.0197176547236414,0.798132329399726
"ENSG00000305200",0.0756468792058243,0.798195704418624
"FOXD4L5",-0.112922066823223,0.798942570370305
"SMYD4",0.0232722114901345,0.799021692210373
"ENSG00000304332",-0.0579189179375475,0.799088029492489
"LINC00278",0.126208349188126,0.799184833665903
"ENSG00000211459",-0.0595506826928488,0.799733627779038
"EEF1A1",-0.0278408705453635,0.799754820411781
"PKD2L1",0.0943403136933518,0.799763638838474
"PLA2G2A",0.100163742745925,0.799796030529554
"CELP",-0.21096427523821,0.800052671883717
"PPP1R21",0.0179818522567656,0.800572571602932
"ENSG00000304816",0.0680444661601922,0.80079415753083
"NSMCE1-DT",0.042703764145424,0.801098235594103
"TMEM11-DT",-0.065527450355675,0.802350047105811
"ENSG00000305781",0.176907068231336,0.802831799112145
"GSTT2B",0.0418532788394985,0.802947826205663
"GATB",-0.0257386385573901,0.803102946990533
"SCARNA2",-0.0614117509526544,0.803145204438346
"ENSG00000303750",0.0865695668841749,0.803159921373563
"ENSG00000301754",0.0898105715729752,0.803325677050726
"SERPINE1",-0.0357310005918721,0.80344826899082
"EPC2",-0.019915957793498,0.803539668447319
"ENSG00000267222",0.093764559917995,0.803597726582938
"ENSG00000276997",-0.13020613992656,0.803649141073638
"ACADS",-0.0209746568586381,0.803961115880884
"ALB",-0.0451353020047623,0.804173380993333
"SFI1",-0.0162500765824955,0.804572327704259
"PCSK7",0.0224433743869876,0.804769891759947
"SLC35A4",0.0611364392617538,0.8049335963177
"DENND2C",0.0738882196727439,0.805036616449112
"MKRN2",0.0174310052731574,0.805195111857517
"MYH3",-0.0283696882615067,0.805316011359893
"SLC38A7",0.0180777617988154,0.805415710065571
"LINC01250",-0.0597644025039497,0.805503660663992
"ATG9B",0.0788758665861322,0.805591346870461
"ARMCX5",-0.0248500726877186,0.805809972997147
"ENSG00000293279",-0.0290458314977665,0.805897171762921
"EDEM1",-0.0145795066498491,0.80625418202685
"ENSG00000300989",0.198777894148795,0.806313619573372
"TSTD3",0.0374360371296252,0.806689358362657
"SPRYD3",-0.0286788689799806,0.806753533424213
"CSNK2A1",0.0158194852111125,0.806768809714116
"ZNF420",0.0365252375076419,0.806916552159719
"ENSG00000301691",0.0537290785339682,0.807011530228294
"ARL14EP",-0.0233643767984976,0.807144876715269
"SERTAD1",0.0413146446075455,0.807206448138728
"C14orf93",0.0241384361780749,0.807285481763471
"RELN",0.0369942890759639,0.807368595012955
"ENSG00000288906",0.0902201218897341,0.807616653411766
"MRTFA",0.0201308284591963,0.807773005203699
"ENSG00000269242",0.0561262420073681,0.807878734591965
"STX16",-0.0183050156914205,0.808063175576654
"PPFIA4",0.0769287676976736,0.808661983036181
"SNORA73B",-0.0507984217119812,0.80869581376582
"RPS3A",-0.0199913367925643,0.808700717082027
"ENSG00000246263",0.0386822926945995,0.808786393403494
"TSNAX-DT",0.041135480271545,0.808872712610647
"H2BC15",0.0412614668387261,0.808995223945774
"ENSG00000274776",0.0860925835825197,0.809125019843355
"DISC1",-0.0492736547154677,0.809171135694944
"TRAF3IP2-AS1",0.0266779201922597,0.809545405875729
"C1orf43",0.0199462253337841,0.809800268504702
"ENSG00000288719",-0.120750311355125,0.810166245728891
"RARS2",-0.0191320033835751,0.810175819234066
"ATP2B1-AS1",0.0513261998817165,0.810850736988444
"APOA1",0.0399500811432434,0.810886806756233
"ENSG00000288710",0.135510268147804,0.810945002028078
"QDPR",0.0211696709091307,0.811318896208325
"TEKT4P2",-0.0210525227494278,0.81136948214357
"SCAF8",0.0160857466264434,0.811824183588586
"TM4SF4",0.0485847442643472,0.811951967416652
"ENSG00000279133",0.0320650981045666,0.811960080977327
"EIF2S3B",-0.0599278956819783,0.812070928076575
"THAP11",0.0216032371345842,0.812111173936259
"ENSG00000300592",-0.115720378993617,0.812268004872819
"ANKRD6",-0.105110579770725,0.812986151854435
"ENSG00000272088",0.14659044067029,0.813100917900832
"ENSG00000280007",-0.0400064160351315,0.813466740900882
"IDS",-0.0399384530399425,0.813546103186731
"ENSG00000289883",0.110423968728632,0.81356800144789
"PGLS-DT",-0.0389858984893573,0.813695188068681
"ENSG00000303946",0.0646134416755307,0.813784751774278
"CCNL1",-0.0161688296353612,0.813876683992584
"PMS2P3",0.0234384984698725,0.813971769982214
"ENSG00000280171",-0.0717675094568015,0.814035612095188
"DPY19L3-DT",0.0802485401630806,0.814450790371634
"CXCL8",0.0565468891676745,0.814491417050121
"ATP5MGL",0.11908046381331,0.814766048941815
"SLC38A5",-0.0216441683271243,0.815522735146719
"C1R",0.0409765021870408,0.815618849728204
"OPN3",-0.0270047882734639,0.815659003420943
"C1orf54",0.07672644508414,0.815988276166119
"TBC1D9B",0.0149412487806998,0.816462304085884
"SH3GL1",-0.018537348972261,0.816565843320774
"ENSG00000291208",0.0241478670176328,0.816626304095115
"THOC6",-0.0164277971311825,0.81674244765799
"ENSG00000290110",-0.0817627756808689,0.816774488059684
"ENSG00000289552",0.11690189818182,0.817042020422768
"ZMYM1",-0.0221960049069308,0.817161709526106
"EPRS1",0.0202755629425563,0.817202538555488
"RNPS1",-0.0144036170740924,0.817312913014796
"TSPAN3",0.0172251514834351,0.817353245801067
"ZSCAN25",-0.0174296444333735,0.817511331625701
"ENSG00000279407",-0.0434416899541261,0.81776958779966
"GPR83",-0.126984233792782,0.817770983539055
"BLCAP",0.0134558224702521,0.818009028931022
"CFL2",-0.014970365039036,0.818371410687265
"ACTR3-AS1",0.0528113760150462,0.818379070371008
"PPP3R1",-0.0156113989860706,0.819033916798663
"MAP3K11",-0.0190606736966084,0.819111024592137
"HNRNPA2B1",0.017858498841965,0.819256935939415
"CRYZ",0.0232148042378275,0.819324309412
"SMIM45",-0.102189167036447,0.819522242671579
"TP53I13",-0.0266518801732319,0.819563213276761
"ACSM5",-0.0300443958624474,0.819581098622143
"THAP4",-0.0243010356671784,0.81972840602379
"ZNF697",0.0250964782230916,0.819961261987683
"TINCR",0.136073591052027,0.819998642109714
"ST7-OT4",-0.10776798178155,0.820200600077302
"HLMR1",-0.0616462439957706,0.820231368185934
"PCDHGA5",-0.0885477985523728,0.820644008256811
"ENSG00000267152",-0.0476628700410984,0.82068540229864
"ZNF461",0.0378467936215126,0.820812518917085
"ENSG00000290850",0.0789213872622976,0.82118666498441
"ENSG00000228144",0.272089196033723,0.821475148278994
"ZNF816-ZNF321P",0.257123819078199,0.821520141685972
"ZNF500",0.019522214935947,0.821963116836336
"RPS15AP30",0.0764441434491056,0.821978764512368
"NPIPB9",-0.122382186360509,0.822359937340075
"LOC100289230",-0.0317653380663602,0.822593443113905
"C6orf136",0.0166326979934864,0.822858670745302
"ENSG00000269318",0.10128172709603,0.822943378713076
"GAREM1",-0.0344400505100378,0.823439245356755
"MFSD14B",0.0158611052428708,0.823659521522145
"TRAF3IP1",-0.0148795660164203,0.824335025988749
"ENSG00000293175",0.0865829937039476,0.824366864083816
"ENSG00000286070",0.130683250332085,0.824425628001719
"CEP83",-0.0261515134559782,0.824474820769939
"SLC22A15",-0.0562149568751752,0.825449159733556
"LOC124903619",0.0621900321900804,0.825713338581254
"ZNF383",0.0328112055455933,0.825871429273215
"ENSG00000289023",-0.052029416557315,0.826130860256927
"SSH2",0.0192417283918385,0.826250173874519
"LINC00921",-0.0413194862301441,0.826385623923767
"DDX19B",-0.0161933435098838,0.826639711111122
"SPG7",0.0188939106084135,0.826720934106747
"UGT1A10",0.136492315032951,0.826761266216767
"ELP5",-0.0131092515883364,0.826798333039424
"RBBP6",-0.0169676506285179,0.826828100460028
"ENSG00000288833",0.0478849011945075,0.826914747421124
"ENSG00000288663",0.0378258259489993,0.827425619296905
"PCDHB10",0.0820817014801998,0.827486828006722
"FKBP1C",-0.0582256670684197,0.827649366885193
"UBE2E3",-0.0199578011528884,0.828047940486649
"GSR",-0.0187073289732289,0.828185476337716
"LOC100421402",-0.0874346541474863,0.828205248133048
"LOC124904066",0.0928612212053321,0.828232947986651
"ENSG00000279302",-0.109454395624879,0.828242749089267
"ENSG00000298553",0.0339554262855236,0.828271306773813
"ATP6V1E1",0.0239415791086254,0.828782423776178
"CD47",0.0325397561488617,0.828826130727221
"ENSG00000299759",-0.0735269810233655,0.829002048902965
"BLACAT1",-0.0339519100841058,0.829004048539612
"CPOX",0.0195645136349526,0.829373695627964
"TBX10",0.0322754759801492,0.829490816280291
"ZNF235",-0.025122417828768,0.829639335016836
"RNVU1-7",-0.382372387406008,0.829672375795036
"SUSD2",-0.0424264352013655,0.829726545791502
"CTAGE3P",0.0455442393557161,0.829730522659065
"TSEN34",0.0194133206025235,0.829795434208344
"ACTN3",-0.160909273237396,0.829983531565968
"AMZ2",-0.0157772840392274,0.830165045433841
"LSM14B",0.0135022509512798,0.830458408894837
"TIMM10B",-0.0174593794605194,0.830715800687373
"ENSG00000305937",0.0813791318413615,0.83073132997276
"ITPKC",0.0208395908080465,0.830818280933888
"DDX39A",-0.0162572952874754,0.83082362303721
"ENSG00000288815",0.0695739611853956,0.831068033440631
"ETFBKMT",0.0485188809672511,0.831233281567207
"TRUB1",-0.0160652070827001,0.831391652792307
"TMEM51-AS1",-0.0377619554655207,0.83179223337342
"CCDC66",-0.0199754323573046,0.831860940503892
"IFI27",0.0790740061353813,0.831862352190167
"CFAP96",0.0878830770217075,0.8319400634033
"TMEM209",0.0197544464133155,0.832063182012069
"SULT1A4",0.0771951721572355,0.832077801425953
"GZF1",0.016819751423427,0.832093821976178
"IL17B",-0.0497219508916181,0.832258626432739
"ENSG00000310034",0.0963128554080517,0.832295472361435
"R3HDM1",0.0152536148015361,0.832362892596712
"RPS2P55",-0.084608338927751,0.832674579713742
"RN7SL2",0.0238180925797713,0.832780740449858
"SLC25A41",-0.0638633256043604,0.832879146293305
"PTPN1",-0.0124138008491471,0.832903102829707
"SALL2",-0.0303064881213416,0.832962117127804
"LOC105375421",-0.0709171777161387,0.833082667139615
"LRFN3",0.0199980037190073,0.833181267711926
"ENSG00000229422",0.0681614042599328,0.833372781690282
"BUD31",-0.0203046945347162,0.833729888124689
"ENSG00000289227",-0.0796506129724064,0.833939525766448
"SRP68",0.0177807991168456,0.833988479980062
"MRPS18B",0.0133619449576928,0.834117114690815
"USP40",-0.0163803530254984,0.834316446634783
"YWHAB",-0.017752106407443,0.834581142080033
"RPL27AP6",0.0469318321451999,0.83478818459204
"RPL22",-0.0190859511935004,0.834993479253622
"MARK2",-0.0128085485851682,0.835139026501347
"ACAD8",-0.0164809873460493,0.83540377466475
"H2AC14",-0.0971045629108526,0.835825348914598
"ADORA2A",-0.0217398123248629,0.835869122142924
"ENSG00000238287",0.038952466694774,0.835890511864443
"BLTP2",-0.014095056917176,0.836329845512683
"ENSG00000236816",-0.136609299932898,0.836350912708036
"TBX3-AS1",-0.0779047757962918,0.836513667342601
"GCHFR",-0.0187696473130852,0.837267390026986
"ENSG00000298823",-0.0710693920151194,0.837394846954529
"MBNL3",0.0143752646525656,0.837798019920391
"ZBTB21",-0.0220728174713279,0.838354145548793
"PKD1P2",0.0260807041838553,0.838440262342235
"AKR1A1",-0.0116909938019673,0.838890789848114
"LOC105371399",0.0870007272802693,0.83908647400024
"KRI1",0.0176746939969433,0.839366719449089
"ROM1",0.041259148409485,0.839568340040074
"ENSG00000307181",0.052899326430102,0.83958027961365
"SP4",-0.0251684557617419,0.839887782355546
"ENSG00000271784",0.0775168385731491,0.839888605815965
"CDYL2",0.0612682063748961,0.839940964248748
"ENSG00000229816",0.0918395940189568,0.840193040947515
"ZNF354A",0.0236416075627873,0.840415387922511
"PPP2R1A",-0.01566355488562,0.840732106466286
"ENSG00000259158",-0.135124663980773,0.840811596953505
"STARD5",-0.0296370523559819,0.841030945138902
"KRTAP5-9",-0.0742816966692519,0.841083029696191
"GSE1",0.0161284743637973,0.841088688662056
"ENSG00000257800",-0.0343284205920792,0.841154368782089
"EMC7",-0.0189952115652182,0.841673017359488
"ENSG00000307669",0.0556738759460955,0.841674663756248
"ZNF669",-0.0291805706068054,0.84167726338633
"REL",0.0216437929890523,0.841987612974957
"TMED7-TICAM2",0.0519454665944189,0.842290610828488
"ENSG00000262514",-0.0588034697061509,0.842473501865705
"LOC100233156",0.0150580245939415,0.843443341685226
"GPC3",0.0260639211372304,0.843829747322778
"NXN",-0.0284796033290697,0.843844784181729
"ENSG00000286538",-0.0950650922831255,0.844058642238586
"ENSG00000224992",-0.100813944308405,0.844293510042991
"ENSG00000237757",0.0954320058479415,0.844471347111848
"PPIAP30",0.109774913047361,0.844592600718746
"LINC00926",-0.0321726932748402,0.844749355810063
"LOC728485",-0.0834807011026966,0.844833012199515
"ENSG00000269399",0.0261460822635128,0.844867876347149
"SNHG16",0.0157986461361865,0.845064706384314
"C1QTNF1",0.160819710471268,0.845216626938824
"METRNL",-0.0628818628943557,0.845451488102698
"ENSG00000306799",-0.0935139568820113,0.845535920936078
"ERICH2-DT",0.0323185357952146,0.845559038341536
"MRPS35",0.0171494268951887,0.846139528264591
"GCNT4",0.0439206064434932,0.846169046793889
"MAP2K6",-0.018890273208137,0.846224385039261
"RPL7AP43",0.0980116763533843,0.846240183837666
"CA9",0.0399913319291921,0.846917860048613
"VKORC1",-0.0151448435786584,0.847180574752526
"ENSG00000278896",0.125741479793998,0.847222918109302
"ENSG00000267632",0.0738903513968216,0.847250010844616
"LOC105374312",0.0594040285764482,0.847518843042882
"ENSG00000257433",0.0534077363670248,0.84754944417788
"PECAM1",-0.0470982399774369,0.847679640421541
"STOX2",0.0881027325469654,0.847767186205208
"ENSG00000272721",0.0386037512477482,0.848354724752171
"SLC7A7",-0.105636701513204,0.848356030430156
"NME7",0.0259752155712,0.84837075798166
"ENSG00000258539",-0.104738889138846,0.848564619287404
"MAPRE3",0.0382572370008985,0.848625800068197
"ENSG00000277103",0.133379862596118,0.848888549622549
"CIAPIN1",0.0137942424623738,0.848988446043536
"ENSG00000276449",0.0506617340057878,0.849055285444708
"TMEM276-ZFTRAF1",-0.0986200651977706,0.849321408134443
"LOC105375170",-0.0753261180339028,0.849662444278674
"PARK7P1",-0.0633378834089613,0.85038118138184
"MAPK8IP2",-0.0364037260832947,0.850466910276477
"FCGRT",0.0195744541594875,0.850498343650231
"SERPINA1",0.0227352182742769,0.850732151130109
"NUTM2B",0.0740215862524316,0.85081029483517
"ENSG00000280047",-0.0596433541611332,0.851161535522042
"RAB17-DT",0.066971685693348,0.851419787138457
"NBPF15",-0.0169943769139922,0.851503717725607
"ENSG00000229167",-0.0685135033219851,0.851509502483983
"C10orf62",0.05841838362025,0.851636488172135
"ENSG00000272945",0.0888220341902198,0.851660178825559
"MAP4K5",0.0114331141140243,0.851671931578928
"SMARCAD1",-0.011854520955563,0.851716340248566
"UBE2F-SCLY",0.259436168315104,0.851799411473073
"LGALS1",-0.0331304979215787,0.851992039752436
"HNF1A-AS1",-0.0321537508280369,0.852228094163371
"MAP3K13",-0.0122989585358363,0.853056805174875
"STK3",0.020971724469835,0.853392183000764
"RSRC1",-0.0143925683182566,0.853815464391235
"RPL19P6",0.0588560837148468,0.854136577902615
"ENSG00000272662",0.109578300822834,0.854249074368425
"EPN1",0.0184089575013316,0.85425527640578
"LAMTOR5",-0.018421381154389,0.854281995575442
"ENSG00000305299",0.112426227833836,0.85431121967385
"ENSG00000275479",0.0829387737994961,0.85478683850734
"XAF1",-0.0300926148593583,0.854993121399003
"ENSG00000225210",0.225403926981889,0.855154936248235
"RELB",0.0276989119812765,0.855389088622191
"LOC124906712",-0.0517056865645436,0.855420050337721
"ENSG00000298227",-0.104260849136245,0.855601549266317
"INTS13",0.0198437329327129,0.855637256295732
"ENSG00000295474",-0.161067973088932,0.856363841664451
"ENSG00000305756",-0.0451230525029217,0.856463592360309
"EOLA1",0.0218330875380124,0.856826794034855
"ENSG00000279814",0.0674000257649554,0.85683394188537
"PRKRIP1",-0.0125137442787954,0.856950148346556
"ENSG00000231991",0.0785102074122856,0.85735810408315
"ENSG00000203327",0.0598511879859457,0.85759084338373
"BCL10",-0.0223421204979415,0.857698791708988
"SUGT1P2",-0.0879996869155287,0.857712351942842
"FIS1",0.017117924979183,0.85799936844437
"SLC25A46",-0.0137917438782871,0.858136223941537
"MRRF",-0.013277563177458,0.858254964729227
"FAM99A",-0.0369986955036898,0.858442488832819
"ENSG00000276408",0.104997482216719,0.858592971259555
"PLEKHA4",-0.0198174584705909,0.858604808925648
"RNY1",-0.0966252600054443,0.858667711262183
"OSGEPL1-AS1",-0.0496886076448202,0.858774807913294
"GOLGA8H",0.0383742315692423,0.858843361292314
"ANGPTL2",0.035975919476755,0.858903720373154
"RANBP3-DT",0.0546448232150649,0.858909405265135
"ENSG00000243609",-0.0940451428812152,0.859476500706314
"ENSG00000309144",0.0981706210384077,0.859836813727216
"LOC105371256",0.0589430418420341,0.859928441539705
"DDX51",0.0181068545672067,0.860071554231887
"ENSG00000235174",-0.0359554711124503,0.860133188788191
"NKX3-2",-0.074531391403919,0.860218178583561
"ENSG00000286176",-0.0887129251978516,0.860290670858603
"MTCO3P12",0.0993159853796475,0.860462233451101
"NUDT12",0.0232121656414043,0.860565606058099
"ENSG00000300534",-0.101592067834043,0.860797668023591
"SIRT7",-0.0111402131838819,0.860888050034571
"ENSG00000253372",0.0937302072624388,0.860959879107131
"ENSG00000250371",0.0836146054801429,0.860991303487671
"ARMC7",-0.0194458452908297,0.861033650736144
"RUNX3",-0.0553415816871312,0.861377528062583
"ENSG00000183604",-0.0660280395046751,0.86138169363475
"GET4",-0.0109655051793542,0.861394272716057
"SNORA73A",0.0868946260535937,0.861465376674664
"GMFG",-0.101578417671538,0.861891436930238
"UBALD1",0.0128092154368024,0.862036851874771
"WDR35-DT",0.0474124236608408,0.862143553656318
"INE1",-0.0417826535470535,0.862387924684826
"CYP2R1",-0.0499381089692933,0.862489354251332
"ENSG00000258359",0.0648001932349749,0.862514947954894
"ENSG00000300739",-0.0419972285710441,0.863024196962085
"ENSG00000303236",-0.115498951688634,0.863074559765514
"ENSG00000298115",0.132513261537979,0.863139477210723
"ENSG00000261266",-0.0726693217575602,0.86332472095196
"ENSG00000259924",-0.0932385316893018,0.863531399322589
"AKAP1-DT",-0.0482071948722449,0.863559207943441
"KCNMB3",-0.0158453773642835,0.863585245195047
"ENSG00000259275",-0.0843197258251876,0.86360100675262
"ANKRD23",0.0244911933542567,0.863676590719628
"SF3B6",0.0184238480795241,0.863788098236735
"CST3",-0.013987780879962,0.863954858714304
"PABIR3",-0.0337897529352716,0.864214506880825
"RGPD5",0.0611872374135922,0.864292203376716
"CHMP7",-0.0130442949850391,0.864301277585515
"ENSG00000249021",0.115208138791347,0.864361989768217
"ENSG00000287129",-0.0445533300256619,0.864380210743109
"ENSG00000308172",0.0411415694643901,0.864399888067263
"ENSG00000290535",-0.021156700676431,0.864569017718981
"CUL1",-0.0115624897328617,0.864789740682533
"P4HB",-0.0157234601783653,0.864855765475844
"MAP3K2-DT",-0.0164229578562649,0.865049429537585
"ENOX2",-0.0219475532538434,0.865099183089533
"ENSG00000267185",0.110016549502654,0.865242978796811
"ENSG00000263680",-0.0545674306044396,0.8654205219342
"ENSG00000290047",-0.0650437220206067,0.865459614494839
"ADPGK",0.0143392129820223,0.865521177582524
"ANAPC11",-0.0113282476409779,0.865560611530595
"ENSG00000291060",0.0151568518568093,0.866051935276223
"CETN3",-0.0233565469793161,0.866162600207609
"ENSG00000273137",-0.113129382040514,0.866553089633103
"B4GALNT4",-0.0168955869845744,0.866635331139389
"ABR",-0.0434859003927731,0.866689489029744
"THSD7A",0.0771489575744131,0.866767144633959
"RASIP1",0.0320347476822445,0.866856698174475
"CCDC116",-0.0506451077982659,0.867008600114865
"ENSG00000269688",0.0846780742403494,0.867488343464911
"ENSG00000213197",0.0632722651128253,0.867812681089245
"DNAJA2",-0.0137762928475167,0.867814616251354
"GSTZ1",0.0227510662038544,0.868060019883229
"STK24",0.0132350681445551,0.868106199254903
"ENSG00000288792",-0.0406084497460976,0.868362824905884
"WDR38",-0.092818593293219,0.868625419799976
"ENSG00000305493",-0.0716632052483319,0.869055786757395
"SPATC1L",-0.0193428075630842,0.869087978755086
"HSBP1",-0.0142649058444335,0.869115071411929
"ENSG00000289032",-0.0760664399965755,0.869227402000556
"DYRK3",-0.0476490017445977,0.869435472047972
"ENSG00000215492",0.0374096467091608,0.869502449688723
"TAF4",-0.0111698208614416,0.869578206917168
"LINC01265",0.0378965919660153,0.8696123649812
"LDHA",-0.0216207262379799,0.870044901223369
"SNX29P2",-0.0201881616733923,0.870295856462495
"FBXO10",-0.017769618483024,0.87056313697917
"ENSG00000279594",0.100402710366373,0.870723148913509
"ENSG00000234917",-0.0930449970325338,0.870919650609821
"SNX32",0.0826972723352662,0.870987934015656
"BAIAP2-DT",0.0250878677333174,0.871045050065987
"SLIT1",-0.127452818247905,0.871113625075173
"ENSG00000253821",0.0970867502617427,0.871413594370904
"EIF3G",-0.00953256951884245,0.871598246279343
"DNASE1L3",-0.0522637700976344,0.871654411955941
"ARV1",-0.0170545507366769,0.871826996896655
"ENSG00000279281",0.0264594658080787,0.871844515987731
"NDUFB5",0.014335303052668,0.872252298570821
"ENSG00000294321",-0.0788607489410119,0.872255386317788
"CDIPTOSP",-0.0601228463378187,0.872268150760782
"AADACP1",0.0440328681603193,0.872311470130437
"GPR137B",-0.0729355067856126,0.87264179467526
"ENSG00000306752",-0.0672650559630969,0.873114398709932
"ZKSCAN2",0.0122548339213009,0.873117762885153
"ENSG00000227681",-0.0210625228238931,0.873413160224204
"SLFNL1-AS1",-0.0282813423309205,0.87356871222675
"TLR9",0.219622092378974,0.873870932791649
"ENSG00000289295",-0.0306956243423279,0.873904652124353
"ITGA3",-0.0488681343551415,0.874278404239296
"ENSG00000270996",0.0904349643069256,0.874338696855592
"RPL39",0.0149664220590361,0.874386623556416
"STK4-DT",-0.0673511553097845,0.87465814801511
"MAN1C1",-0.0648330618146888,0.874837541671973
"ENSG00000214189",-0.0521594121735223,0.874906483847755
"HNRNPH1P1",0.0563717650800858,0.875071386284366
"RTBDN",-0.0578416544962878,0.875090630130944
"ENSG00000223812",0.073947117726313,0.87531237190251
"TAF3",0.0109212492012599,0.875681157781832
"ZNF618",-0.0833776716662389,0.876303517748361
"CWC27",0.0112314332534859,0.876495917505861
"LOC124906280",0.0494276212137243,0.876497093320024
"MCM9",-0.0125416276469843,0.876534180655483
"TAGLN3",-0.0825806118675669,0.877056406948417
"LOC100420580",0.0833459246169999,0.877160746001185
"ENSG00000260401",-0.0719020236306084,0.877317613836442
"ENSG00000261766",0.0550313393870216,0.877437992778456
"SRP72",0.0109231363260693,0.877490700716568
"ENSG00000275688",-0.020580878290926,0.87775451370896
"BCL7A",-0.0165873872764573,0.877759023944009
"LRRC40",0.0118521354663424,0.877983169912428
"MMADHC-DT",-0.0257540198985472,0.87840569733128
"ENSG00000270060",0.0707155733925813,0.878549677523176
"TRAPPC4",-0.0131867376184105,0.878727441318315
"ENSG00000295510",-0.0521016481451471,0.878838627408645
"LOC100996437",-0.0182744927158916,0.878937238777421
"CD3D",0.104647313467212,0.879390704882401
"ENSG00000268947",-0.0683596336618561,0.879494668038235
"MGRN1",0.0100870978455303,0.879581661328749
"CD74",0.012034571344614,0.879757806927955
"LENG8-AS1",-0.0221603937448094,0.880473716948785
"ZAP70",0.0436690123445749,0.880544144816429
"ENSG00000250130",0.0417193067961794,0.880775211556066
"ENSG00000279759",-0.0320877889500006,0.880843750977091
"RPS6P25",0.0558771784277157,0.881054276697218
"ZNF688",-0.0207696924740216,0.881389561559719
"ENSG00000197258",0.0535630355987137,0.881628634186439
"CASC9",-0.0296373051079732,0.882016915755792
"MSANTD3-TMEFF1",0.0368477259718959,0.882443098020871
"GPR146",-0.0346705403462296,0.882523943883458
"ENSG00000265413",-0.0618957323220563,0.882556095652904
"ENSG00000250899",0.0215061005618027,0.882920349754647
"ENSG00000287093",-0.038328796111167,0.883154614389297
"SMIM17",0.0442968433724851,0.883270881025977
"LRIF1",-0.0110409207995413,0.883408323055728
"ENSG00000229944",-0.055581217349904,0.883670977226316
"ADORA2B",0.0224863190562635,0.883735744107823
"UBE2R2",0.0100987759365475,0.883768981777173
"SCNN1A",0.0174030251184725,0.883922848367616
"ENSG00000288738",-0.0536825986030431,0.884171196300051
"CCDC65",0.0484575757750132,0.884258143764101
"ENSG00000272084",-0.0387446632439778,0.884433944512773
"EPOP",0.0177332793788692,0.884796857817851
"RPS2P40",-0.0613853754398989,0.885019734297201
"APOL1",0.0141098215896564,0.88513602577857
"SELENOS",-0.0139889086504195,0.885171898368764
"ENSG00000290845",0.039888524462675,0.885709293483067
"CFAP418",-0.0160931778339956,0.885832324056077
"FAM83C",0.102055873271031,0.886087932005185
"BAD",-0.0138089661740259,0.88629399658503
"OGDHL",-0.0178596995988806,0.886493089899895
"TANC1",0.0262288539903928,0.88651878707864
"CYP4F12",-0.0303155854608231,0.886569325768687
"CEP290",0.012197113949166,0.887019919514334
"CCDC201",-0.121821351089371,0.887418003329812
"CLIP4",0.049965403909942,0.88760565000498
"CCDC9B",0.0324421577811711,0.887944650711306
"TMEM88",0.030342236110043,0.888016110556373
"LOC124904599",-0.0751219936097193,0.888087140516841
"AMN1",-0.0171091501986771,0.888173663959103
"PLGLB1",0.0418815994808613,0.888654098292598
"ENSG00000285128",0.0759413143356777,0.889020853472528
"ABITRAM",0.0129477339171574,0.889144792509731
"DNAJC3",0.0143636993398467,0.88984279928763
"FUNDC1",0.0158664779076858,0.890041110079282
"ENSG00000266904",0.0391648631067688,0.890636162791529
"ENSG00000185186",0.0266337405581694,0.890743361376511
"UGT2A3",0.0153586068689113,0.890783193790563
"LMF1",-0.0189157205816063,0.89090395652236
"ENSG00000286811",-0.15393300816117,0.891059290121625
"UGGT1",0.0138184157846073,0.891124518644317
"CDV3",-0.0099033815170298,0.891133040690674
"ZSCAN29",0.0081297224111997,0.891344187963392
"LINC00324",0.0530816123241856,0.891452177447823
"MAF",0.0161358936143269,0.891545759521167
"NDUFC2-KCTD14",0.0366663960470738,0.891675590246327
"ALMS1P1",-0.0414292502605733,0.891764989576578
"ZFP30",0.0163025339817152,0.89183600984634
"NSRP1P1",-0.0481103514183882,0.891866532320938
"TM4SF1-AS1",0.0429461583723581,0.891903648538328
"ENSG00000165121",0.166199857441312,0.891971484787269
"DBT",-0.0131902608683328,0.892046365336846
"TAS2R6P",0.0309190810252262,0.892058379699743
"PRR7",0.0160988398949668,0.892309058995909
"ENSG00000297268",-0.03606074117532,0.892433617224426
"SERPINA11",-0.0158892991850557,0.892507847606874
"COX6C",-0.0136918376794562,0.893061252940728
"CAPN5",-0.024968472775148,0.89325979999271
"DET1",-0.0200869449677016,0.893347920866515
"ENSG00000294044",0.0551215854812703,0.893739666674715
"OFD1",-0.0114168439081155,0.893853295560208
"DLC1",-0.0113911666130783,0.894016436161154
"TIMP1",0.0427191322211483,0.894176013361338
"ENSG00000275180",-0.0230587876837202,0.894470399452634
"LNCSRLR",0.0811650499070943,0.894606639268218
"ITGB1BP2",0.0359069047655511,0.894620516178833
"TNFRSF1A",0.00865335022238191,0.894817471651906
"PAFAH2",0.0127312463649801,0.894974051109811
"STIM1",-0.0107793345823594,0.895161738101693
"ENSG00000234219",0.054471484785686,0.89517583996963
"RBM4",0.00941138690616468,0.895268002251994
"CCDC88C",-0.0110867479131949,0.895460504556426
"CAPZB",-0.0107184876003041,0.895573969721121
"PKHD1",0.0507770288902024,0.895938564351041
"PCDHB14",0.0253104458012268,0.896142034790733
"AP1M2",-0.0129996632829496,0.89615888124844
"ENSG00000290051",0.0306295806322439,0.896484165488952
"WWC2-AS2",-0.0345404331634776,0.89662656702673
"RNF130",-0.00838390181836394,0.896864064547818
"FUT8",-0.0182671972011371,0.897291787468998
"ABCA15P",0.0353821912357601,0.897974844430606
"UBE3A",-0.00778542621916522,0.898184631057299
"ENSG00000283761",0.0406753286532809,0.898193511504689
"DCAF4",-0.0111410765885738,0.898523498225546
"FBXW2",-0.00753716823765078,0.898931271207215
"ENSG00000272345",-0.0314471823614298,0.898996905523526
"ENSG00000274421",0.0725616592118902,0.899430123568509
"CEP112",0.0200050734846339,0.899835341749145
"LOC100996643",0.0287449503988409,0.899856666879888
"PHAX",0.0112662868699996,0.900191512852369
"RPL5P4",0.0436688919713392,0.900267972369236
"MYT1",0.037486138437103,0.900368789465974
"RAE1",-0.00782223764320488,0.900426550434297
"SH2D3A",-0.0308263451390818,0.900465741281127
"ENSG00000279077",0.0497244066860045,0.900685506164551
"RPL9P8",-0.0175036572330414,0.901182369359734
"ATL1",0.0380572861573656,0.901299370076349
"CCR10",-0.0341179083030296,0.901353535980409
"MAGI2",-0.0202559603112259,0.90149874104638
"PLEKHA7",-0.0105836329910384,0.901611875451328
"LRRC25",0.0434547894889439,0.901706582356158
"DCTN3",-0.011594905973528,0.901818829273993
"CHRAC1",-0.0104645435909525,0.901915007749973
"STARD7",0.00898221579970845,0.902169516447457
"MED31",-0.0160461797976383,0.902776369709933
"LGALS3BP",0.0137559341012212,0.902915641878966
"ENSG00000259921",0.0642804704725832,0.903173034884491
"ENSG00000265451",0.0464353018742203,0.903174944960659
"ABHD18",-0.0123313971720954,0.903176426971307
"ALKBH5",0.00895198688792551,0.903455411815057
"MKKS",-0.0086214013016078,0.903530648934425
"HCFC1R1",0.0120542722157299,0.903562206268087
"SPRY1",-0.0082697983774315,0.903919636142077
"ENSG00000300063",0.0536237494083939,0.904465583759592
"ENSG00000293959",0.0485803197971041,0.905123888821175
"NRAV",-0.0202174972266311,0.905285877884047
"LRRK1",-0.0779268030496062,0.905507788562315
"HOXA6",0.0395039822776752,0.905550602479701
"CLTC",-0.00895612187492114,0.905749008736894
"LINC01909",0.0229577588298351,0.905759363579814
"PACS1",0.00982448316475839,0.905929646488941
"ZNF566",0.0107271584944394,0.906047619963337
"TET3",0.00732445217674484,0.906097256688218
"UBL4A",-0.00987938300636748,0.90618124719446
"CACTIN",0.0077930870401182,0.906286605329879
"ENSG00000260927",0.0401766518369481,0.90630394906398
"ENSG00000206149",-0.0378146086543217,0.906472680068982
"LRPPRC",0.00818176799876368,0.906540633954085
"ZNF274",-0.00764670783306685,0.907187654108587
"ZNF586",-0.0149227036274696,0.9072436961048
"FGGY",-0.0154467588046603,0.907312293402541
"FGFR4",0.0114808334991393,0.907436974932218
"PAH",0.0178510305572151,0.907700808882251
"BRICD5",-0.0199055383124551,0.90804865615193
"H2AC17",-0.0309523725706936,0.908192821007721
"ZNF213",-0.0117112230840948,0.90822976753657
"ENSG00000255508",-0.0164835770038052,0.908501494566332
"SLC35D2-HSD17B3",-0.0737950961028421,0.908583978712371
"DCK",-0.00896677460726312,0.908607419572271
"ENSG00000288770",0.0458461350260549,0.908795102579496
"ENSG00000305871",-0.0288021352754792,0.90910760449684
"RGS12",0.0116516060173594,0.909182316276544
"GUSBP2",0.0166618721222964,0.909608832606465
"ZNF572",0.0148592194035947,0.909875437630276
"ENSG00000286747",0.0321592113353812,0.909934896887356
"CFAP144",0.0353148318616968,0.910047738975264
"FAM66C",0.0489130723751726,0.910260433747281
"VCX3A",-0.0603964538991542,0.910516814964615
"ENSG00000301573",0.0993231916217247,0.910606602431223
"MBD3",0.00695631010603976,0.910644850495864
"MGA",-0.00794361413314897,0.910819389613644
"ZNF783",0.0125576686867061,0.911151155856411
"TBL2",0.00983343262075649,0.911240889441086
"FOXD4L6",0.0493064750018919,0.911273835341788
"H2AC11",0.0350284516036972,0.911714784332726
"ENSG00000287077",0.0446795108546998,0.911762319671073
"ALAS1",-0.00941000809129859,0.911805794619131
"MTCL1",0.0430523743252717,0.911836909678887
"ZNF90",-0.0133371582729366,0.912022570454609
"TYRO3",-0.0124870497951788,0.912072682571857
"IL17D",-0.0228089298117113,0.912675003222817
"ZSCAN5A",-0.0130274256545903,0.912792142722109
"ING3",0.0125525233932521,0.912819469694374
"ENSG00000249936",0.0440087444566483,0.91309898499404
"SEC14L2",-0.0191788112323189,0.913346646471623
"RNF183",0.0409989879303456,0.913548990322939
"PDE4C",-0.155477276780456,0.91374507526703
"IGFBP3",-0.0453243171723257,0.913969265789134
"BRD7",0.00809608852652313,0.914078155177793
"ACTA1",-0.0304234883397174,0.914401039120086
"EFEMP2",0.0104490157399285,0.914505186020849
"TBC1D19",0.0247924043770481,0.914735884599379
"LOC107986822",0.016752696683738,0.915018743048508
"ENSG00000261187",0.0310020677211682,0.915173144733336
"PKIB",-0.0264990758963525,0.915257606824948
"ENSG00000288899",-0.0272942224450572,0.915328730360962
"SPRYD7",0.00883718006539738,0.91532996557125
"ENSG00000260400",0.018153295887796,0.915527973221763
"ATP6V0D1",-0.00777835661128047,0.915700310494744
"ANAPC2",0.00922537065757286,0.915749604708782
"TCHP",0.00715049116637356,0.91579973928618
"HESX1",-0.0307042924503253,0.915840223128278
"ENSG00000279177",0.0261407021275358,0.916058937384987
"ENSG00000280330",0.0261407021275358,0.916058937384987
"DMAC2",0.00943382505866314,0.916318385346634
"KIAA1614",-0.0313860659551295,0.916427209186798
"LRRC46",-0.031961779345975,0.916792944384638
"IMPA2",-0.0103708477885793,0.916934792461916
"NAIP",0.012991261280532,0.917037791164914
"ENSG00000267397",0.0534649068590814,0.917317956728291
"ENSG00000179978",-0.0106077005717201,0.917522588803601
"HNRNPA0",0.00695520803361582,0.917722716516598
"CD22",0.0344800980272258,0.918060908262586
"CAP1",0.00943676639017723,0.918480864420323
"ENSG00000253284",0.0468244337443896,0.918713519578995
"ENSG00000262202",0.067016520510963,0.918917198029402
"DVL3",0.00670072164932178,0.919392974757369
"GFOD3P",0.0070027736941387,0.919653785818894
"AGPAT4",0.0384006571895697,0.919665882312695
"CUTA",0.00636259232152363,0.919746192638023
"LTBP2",-0.0245697216377031,0.919823979884436
"LOC100507250",0.0512488231384136,0.919846157244661
"SOWAHC",-0.00635451800647531,0.920535451428238
"ENSG00000284969",-0.0869404820036265,0.920607433663587
"PRPF40A",-0.00648549763184638,0.920853053952885
"ENSG00000310376",0.0191568057838266,0.921750814091806
"TIMM13",0.0087465849856753,0.921756975638046
"LSG1",-0.00676495589330206,0.921824630938994
"BET1",0.00793606349677222,0.92183431880555
"TEC",0.0336498379048717,0.921911418602496
"ASAP3",0.00930563510337578,0.921915231898022
"RFXAP",-0.0094356594636908,0.922211824624357
"LOC124904194",-0.0291819340449218,0.92222233316366
"OSCP1",-0.0291741868014007,0.922424827004164
"SESN2",-0.00952637474016539,0.922629048788391
"ELK1",0.00791522569936765,0.922642326375494
"ENSG00000277324",0.0412310781912122,0.922887838932048
"GPRASP3",0.0243111130989659,0.922978140041107
"ENSG00000258982",-0.0280129475446816,0.923328798817108
"ENSG00000278987",0.0266282043547282,0.92347666334199
"ENSG00000293461",-0.0630830466338891,0.923699061093234
"ENSG00000180015",0.04478674664628,0.923835394204267
"ENSG00000226067",0.045646956398652,0.92383647789771
"BCOR",-0.00745723255526092,0.923920551550981
"ENSG00000267416",-0.0291059170395343,0.923934395712322
"AMMECR1",-0.0105238828911488,0.923935854802416
"MIF",0.00930478692958788,0.923996046802701
"SLC27A2",-0.00860830393590954,0.92409084820744
"LOC105379499",0.0305826781920278,0.92443056062312
"DHX32",-0.012478902512274,0.924634732814217
"RASA4B",0.0266818405648075,0.924789762935811
"EPHX2",-0.0100467924427857,0.924852787361228
"ENSG00000255893",-0.0303964685082502,0.924872698773366
"ENSG00000227306",0.0451520714025581,0.925121482940614
"LINC01273",0.0100882353964101,0.925173642023537
"MCL1",0.00843975834506962,0.925438702917514
"ZNF236-DT",-0.0307415288847453,0.925486451671138
"ENSG00000227953",0.0121398044687598,0.925539535914439
"CENPS-CORT",0.0413457862128144,0.925698444146721
"ENSG00000279059",-0.00910242099599724,0.925833057908175
"WBP4",-0.00686539812766345,0.925886916531178
"A4GALT",0.0601324997445102,0.925951150486884
"MTCH1",0.00640031054508025,0.926007004805196
"APOBEC3D",0.0420258624342579,0.92609396443921
"LIMK2",-0.00648505987184653,0.926265761142197
"PLXNC1",-0.0121366056878728,0.926613562587553
"CDK6-AS1",-0.0297211414493445,0.926710956083405
"ZMYND11",-0.00566977771992778,0.926814880033848
"DRAM2",0.0072843989097574,0.926890277974511
"ENSG00000266910",-0.0299385368503864,0.92700584950651
"RAB10",0.00687096642248806,0.927054208445816
"C2orf76",0.011900524699068,0.927275285294707
"RWDD3-DT",-0.0323070140044327,0.927333201659185
"ENSG00000284657",-0.0140633124956923,0.927399690030615
"PTDSS2",-0.0076613419389213,0.927509553116997
"NFKBIL1",-0.00852804730364314,0.927593824509532
"AACS",-0.00554372411806409,0.927760472433624
"H2BC17",0.0394571482464783,0.927764467876124
"ENSG00000279103",-0.0207986942461999,0.927932424970255
"ENSG00000213297",-0.0187082933329102,0.928051256258505
"CEP19",-0.024037961769961,0.92810821705639
"ALKBH8",0.00945510187765636,0.928181697055181
"ENSG00000287160",0.0257091127902287,0.928234236570883
"C19orf44",0.00836601745289172,0.928440619797425
"LOC105371031",-0.0303097624599196,0.92868420327851
"CCDC38",-0.0282179558624986,0.929139851934636
"IL6R",0.00949425590254815,0.929399137988661
"SAFB2",0.00579248610545951,0.92944276839378
"ENSG00000278959",0.0315216032704074,0.92963750803568
"CHMP5",0.0100010847900806,0.929766786811627
"ATOX1",0.00700663347222883,0.929857040016457
"ZNF781",0.0149654387033329,0.929949635049637
"ATP2A2",0.00744615699394394,0.930046726207227
"ENSG00000305433",-0.0312016983596904,0.93010694197997
"ENSG00000253320",-0.0312429174617713,0.930246111912858
"RUFY1",0.00639356860417818,0.930407578769942
"PRAF2",0.0170590836942013,0.930420841517663
"ENSG00000272744",0.0414896581112214,0.93047706993934
"STYX",0.0072806030142269,0.930650667655965
"ENSG00000293917",-0.0314972968459898,0.930703907883787
"RPL17-C18orf32",0.0314021585355953,0.930728246296219
"LOC100289518",-0.0308236574323339,0.930786299077256
"STAG3",-0.0476316074356371,0.93082612913375
"SUGT1P4-STRA6LP-CCDC180",0.0293953302519767,0.931220210495072
"ENSG00000303904",-0.0304860588318681,0.931546087238664
"SHF",0.0077094396863005,0.931572105857786
"ENSG00000266947",-0.0323613166217899,0.931704736290139
"ENSG00000259001",0.0328816537409172,0.93217797582873
"MMP15",-0.00733492320826505,0.932260078400489
"ADAM19",-0.0309511269776892,0.932325405157174
"METTL25",-0.0117615671764687,0.932361215164256
"LOC124903491",-0.0300592732035153,0.932638648890082
"LOC101929583",-0.076086016035568,0.932646605241003
"ENSG00000259781",0.00785720428141078,0.93298239747117
"TWNK",-0.00647175911628133,0.933193452965575
"LOC100287808",-0.0135064303678944,0.9333149550531
"MAP3K7",-0.00492631048928485,0.933505231947312
"TNFSF9",0.0306732426781811,0.933581264555444
"KIAA1586",0.00593582942593076,0.933669924502932
"ANO9",-0.0107880983974672,0.934168506345071
"ENSG00000309072",0.0449240149113295,0.934216251884975
"STAB1",0.045673037725716,0.934279795205079
"CLN5",0.00770366584816313,0.934518541637036
"PTPN3",-0.00608404075054028,0.934628799878988
"ENSG00000259479",0.0402195031239939,0.936092013503172
"ENSG00000293468",0.035594469988539,0.93624335086336
"ENSG00000302313",0.0154959669699533,0.936260796651974
"ENSG00000219433",0.0419034192561317,0.936399513437798
"CCDC148",-0.0310753014800623,0.93644105346403
"HDAC2",-0.00553358471096022,0.93671789880455
"KEL",0.0539298966505663,0.936762213283561
"HAUS3",0.00719389209554241,0.937118271208748
"LOC101927687",0.0380558962859165,0.937216303702764
"ENSG00000301753",-0.0307148857770551,0.937335340006419
"ENSG00000259953",-0.00815739746767211,0.937348415527645
"SAP130",-0.00550752318371421,0.937564018293815
"HIGD1A",-0.00733067439393852,0.938563435881952
"ENSG00000290928",0.00884066463762477,0.938794064799665
"INPP5J",0.016128294530299,0.938914263043014
"SLC39A8",0.0141183594337413,0.93894511587322
"RADX",-0.0105772231963088,0.939106644136906
"ATP6V1G2-DDX39B",-0.0839594063056941,0.939769306350425
"ZSWIM1",0.00592272097476739,0.939844103946117
"PDE6G",0.0329022465916739,0.939855408834108
"ENSG00000306852",-0.0307603811012134,0.939907246899832
"SLC37A2",-0.0172152654420888,0.939921845763296
"SEPTIN1",-0.0144688615695372,0.940461468360957
"LINC00881",-0.0138904635740216,0.941201578898285
"DBIL5P",-0.0275555215352056,0.941396241745768
"AMOT",0.0203901522585293,0.941611504563214
"FRMD5",-0.0306919746955415,0.941678669619934
"ENSG00000306481",0.0273348918276382,0.94168792095717
"COX8A",-0.00559657877917626,0.941696540276666
"ARHGAP44",0.00940005104557842,0.942044760129265
"PTGS1",0.0561124572312003,0.942345778290019
"ENSG00000267160",0.0203032273310854,0.942370024230324
"MYL12B",-0.00810576408182078,0.942447102328092
"C14orf119",-0.00440805640546603,0.942596428018341
"ENSG00000307322",0.020519613160253,0.943082441693178
"B3GLCT",-0.0065099230285516,0.943485756969836
"CACNB3",-0.0305469839609209,0.943616295170221
"CCDC149",-0.0304122161413693,0.944052959617301
"PORCN",-0.0105726930294583,0.94407766673108
"ENSG00000308416",0.013009122077132,0.944307909567103
"ENSG00000234156",0.0395465566470591,0.944320005649313
"PDIK1L",0.00852668765370409,0.944665277565486
"ZNF501",0.0134708365340833,0.944746200972113
"SEPHS2",0.00698271971162056,0.944836011448058
"MYOM1",0.0170688117519346,0.944836590203046
"ENSG00000240291",-0.0092530283431934,0.944886118306177
"ENSG00000304961",-0.00967418392793876,0.944908415716762
"LOC101929566",0.0194781173023098,0.945073635363833
"LINC01876",0.0124541203235654,0.945198806036975
"ALDOC",0.00981221087005387,0.945267812172338
"ENSG00000225233",-0.0311012220412606,0.945410225138941
"ANKDD1B",0.0370059641894116,0.945663484834208
"ENSG00000287733",0.0121210952531201,0.94622702450373
"ENSG00000229728",-0.0307271802238921,0.946459859300743
"PREPL",0.00497090356887065,0.946501302746606
"TULP3",0.00451419786578948,0.946506791817521
"FAM157A",-0.00584171988924362,0.946749826338225
"TSPAN33",-0.0050816051888915,0.946848693253356
"ENSG00000289152",-0.0298787958949443,0.946883068729338
"ENSG00000284776",-0.0143406023235477,0.946906106949985
"SNHG5",0.00497741248985333,0.946974465086
"MAMDC2-AS1",-0.00832845702975052,0.947072861684979
"MED9",-0.00576686263332325,0.947098327042679
"RGS10",0.0259727199536093,0.94715466099275
"ENSG00000251034",0.0255980158480978,0.947196917665294
"ENSG00000228423",-0.0285707371101856,0.947267096309171
"LEKR1",-0.0329388124290236,0.947448971493567
"ENSG00000275645",-0.0271829217726299,0.947582680836069
"ENSG00000223859",-0.0280768271835993,0.94761941881957
"IPPK",0.00556351459058007,0.947821167560355
"SLC35G5",-0.0310613769834338,0.948024342901542
"FAM185A",-0.0079666207713272,0.948132922928276
"ENSG00000272108",0.0306378114795249,0.948169165733795
"GEMIN8",0.00638183302160887,0.948402058050129
"LRRC69",-0.0299405371563264,0.948406479787195
"ENSG00000287419",0.0307021358597057,0.948559133023066
"LOC100289473",-0.0158645475222928,0.948627144645772
"DMWD",-0.00589794723002195,0.948676413377187
"ATP2A1",-0.00659640350905806,0.948722897370142
"TXNDC11",0.00505685220996114,0.949097811233984
"ZNF3",-0.00429673135683898,0.949182749099777
"DAB2",-0.00800582941432053,0.949362502822605
"TMEM101",0.00406555163248622,0.94937147609079
"KCNRG",0.0273142005536959,0.949392297834816
"RIMKLA",-0.010865625714486,0.949399356927726
"LOC102723564",0.00717404971738143,0.949402511278033
"FNDC4",0.0103478463076589,0.949402770089547
"TIMM17B",-0.00466280429043986,0.949441055762016
"CDHR1",0.0289575258978638,0.949642327394059
"NUMA1-AS1",0.0182808737700423,0.949653142579663
"KHDRBS1",-0.00445448916425215,0.949706487295947
"NBPF20",-0.00603112588433034,0.95046319068606
"RPP14",-0.00904100806933286,0.950523025582185
"SLC43A1",0.00497413491855157,0.950855351411827
"ENSG00000272720",0.0139997959679827,0.950965800349657
"ENSG00000229585",-0.0290801710279284,0.950996758085336
"TFB2MP1",0.0310605446040737,0.95167194428834
"ZNF483",-0.00781595239193418,0.951696005080591
"TBC1D3C",-0.0813843831378361,0.951698109861389
"ENSG00000289827",-0.0299326460946623,0.951964521370289
"ZC2HC1C",-0.0117200287775845,0.952101522054931
"HIF1A",-0.00445706789516382,0.952424278719737
"LOC124904613",0.0265756499827294,0.952857995864541
"RNU1-2",0.0265756499827294,0.952857995864541
"RNU1-27P",0.0265756499827294,0.952857995864541
"RNU1-4",0.0265756499827294,0.952857995864541
"LINC02538",-0.030084052153798,0.952895814204087
"HNRNPU",0.00451638342811121,0.952901790235712
"TMEM107",0.00827809858363738,0.953153013313556
"NBEAL1",0.0045086826455402,0.953339077855733
"MBNL2",0.00581605424061205,0.953389974583049
"ENSG00000299227",0.0156045995238861,0.953887397883582
"MTRF1L",0.00610229840196949,0.954151255353495
"SIT1",-0.031374007332166,0.954771056323002
"ENSG00000214331",-0.0371802323962039,0.954787806454233
"RPS9P2",-0.0397251097850947,0.954876748571236
"GMEB1",-0.00593563590664351,0.955017330849606
"PPARD",-0.00346784497987217,0.955043132827125
"ENSG00000272888",0.00369984496906663,0.955138875630796
"ENSG00000232618",-0.0308381839118659,0.955274188966434
"ENSG00000256955",0.0278041149272893,0.955426221302009
"VSNL1",0.00600885150642758,0.955443142424563
"ENSG00000289014",0.0250438490238932,0.955446209810081
"LMO4",-0.00527134225645955,0.955476711095013
"ENSG00000255449",0.0261642125828671,0.955539005719722
"UBXN2A",0.00424686213354953,0.955775233777459
"LYPLA2",-0.0041954701800206,0.955893566624712
"TFF3",0.0178123439508118,0.956028501821864
"CLIP3",0.0122233485384075,0.956066160566419
"NOMO3",-0.00568227399988947,0.956367028440056
"GNB5",0.00584561535523742,0.956711770827371
"POPDC1",0.012430334421578,0.957037254027249
"ENSG00000279236",-0.0300928376084286,0.957468982919277
"KLHDC9",-0.012399539248262,0.95774964864392
"ENSG00000299671",0.0299155690254798,0.957751087892884
"GAB1",-0.0039105154639753,0.957831251193529
"RNY3",0.033652737717513,0.958000299778385
"LRRFIP2",-0.00364678649240595,0.958174938737387
"CKAP4",0.00506232591528419,0.958398269564237
"SPACA9",0.0180087009458534,0.958574459817266
"FGFR2",-0.00929567469406292,0.959179522779129
"ENSG00000285567",-0.0127635334413909,0.959336876713758
"PPP1R16A",-0.00405794336776341,0.959616004531653
"PSME2",-0.00351396973769671,0.959793194362872
"SNRPA",-0.00346666521446076,0.959877864703666
"ENSG00000241728",0.039550852469768,0.95991014883092
"GPSM3",0.0191349239525032,0.960061918753206
"ORAI1",0.00419063364076521,0.96007013562224
"ENSG00000287222",-0.0110930032970495,0.96016752401696
"INTS14",-0.00355028601877677,0.960356215772389
"ENSG00000231125",-0.0299843691482066,0.960730332268621
"PPIH",0.0041182548908383,0.960948665212653
"PGAM1",0.00634249435002429,0.961104608852859
"ENSG00000258430",-0.0133077889405187,0.961153576662674
"EDEM2",0.00384789136548044,0.961268417746547
"ARAP3",0.0229755249008699,0.961456965959173
"ENSG00000279196",0.0159748637249472,0.961601688574541
"ENSG00000235454",-0.0273828039187967,0.961642925647682
"POLD4",-0.00740854358403205,0.961828849587604
"PRDX3",-0.00304962961568747,0.961840335600517
"ZNF460-AS1",-0.015224501910401,0.961876478764709
"ENSG00000293171",0.0263181410599338,0.962005289839839
"KIAA1217",-0.0047255819350793,0.962071325051511
"ENSG00000296808",-0.0110053261867107,0.962523039164312
"MAPRE1",0.00412950708706813,0.962568342958038
"AKAP13",0.00292065360715913,0.962669798592263
"SGMS2",-0.00750845578006174,0.962906601540099
"PCDH19",0.0211876910138426,0.96302682487721
"C1QTNF1-AS1",-0.0148338061608921,0.963073443797086
"RFC3",-0.00280976175675008,0.96311044731954
"HOXA7",-0.0301921734169145,0.963273499078383
"TPTEP2-CSNK1E",-0.0284025035343122,0.963302404608724
"ENSG00000299019",0.0262150369155825,0.96337177624548
"FOSB",0.0190802180293898,0.963676464006078
"CBX3P2",-0.0253931887279801,0.963835095855401
"ENSG00000291276",0.0125018841547226,0.963890505079423
"BCAR1",0.00340752303868792,0.96392317545528
"ENSG00000296153",-0.00731044141036189,0.964033584956853
"PAFAH1B2P2",0.0142551959992613,0.964229867892302
"ENSG00000237436",0.0168451866675575,0.964341027146611
"ENSG00000295516",0.014911347765534,0.964379696989155
"FAR1",-0.00621526933361311,0.964525484145728
"VPS37C",0.00313508173444725,0.964746678340062
"ANKRD42",-0.00443647193178878,0.964762065435528
"STX5",0.00472863114368513,0.96476593506006
"VEGFB",0.00545126282331222,0.964840583904124
"ENSG00000244300",-0.00664748887838435,0.965126867728219
"BISPR",0.00438680722120058,0.965208478302797
"THAP2",-0.00635546599023518,0.965239122128796
"SAMD4B",-0.002843074914137,0.965254146045758
"COL28A1",0.0170741654987146,0.96534601585039
"NEK1",0.0045943917098098,0.965420103112796
"LINC03016",0.0179105020608037,0.965544889661982
"RB1-DT",0.0167052288930023,0.965657999184751
"ENSG00000259826",0.0124381399363037,0.965805690674295
"CHD5",-0.0265378132601671,0.966094165488594
"ENSG00000286033",-0.0114578417933608,0.966186817295354
"LOC105371240",0.0124387097289635,0.966197746449626
"EPOR",0.00719615062568731,0.966261034093619
"ENSG00000303018",0.013749967720793,0.96679336925058
"AHDC1",0.00398034137688151,0.96681342004936
"CPT1A",0.00580945766705565,0.967022353605168
"ENSG00000269815",0.0170967428972565,0.96717831873318
"ENSG00000274723",-0.0287678106388185,0.967233306869723
"GSKIP",0.00484538172413587,0.967371481247909
"ZNF799",0.00364259563558652,0.967500920633197
"BSN-DT",0.0252048002564128,0.967908978375998
"ENSG00000303902",0.00498742159624127,0.967910959872129
"TTLL5",-0.00346860788594512,0.967959332130729
"RNU1-1",0.0265756499827294,0.968165937427741
"RNU1-28P",0.0265756499827294,0.968165937427741
"RNU1-3",0.0265756499827294,0.968165937427741
"RNVU1-18",0.0265756499827294,0.968165937427741
"CRIP2",0.00419986330883414,0.968272964890122
"XIAP",-0.00356123131194002,0.968502895543697
"METTL16",0.00319328985305198,0.968729484928237
"MIPEPP3",0.00739069376484173,0.968989558820664
"USP27X",-0.00519103430255074,0.969293806196156
"ENSG00000293157",-0.019945696985083,0.969335584867495
"PLEKHF1",0.00734693381257261,0.96960218134394
"SPACDR",0.055529943656054,0.969750244674584
"KLLN",0.010621851377684,0.969911634819691
"ZNF223",-0.00564449783260562,0.970024667463446
"RCOR2",-0.00400799609753606,0.970090043834832
"PNRC2",0.00306158549667245,0.970179324996266
"CARMIL2",-0.00568029881578649,0.970314390967566
"MED4",-0.00271452228499384,0.970830884081147
"MRPL38",-0.00229436974567171,0.971207512235492
"LINC02882",0.0161848515924327,0.971217923859091
"MDC1",-0.00242047087077762,0.971391970752828
"SCARNA13",0.0223844843263213,0.971397850863742
"ZC3H7B",-0.00243457488730183,0.971459672461609
"RPL5",0.00390751254673659,0.971489723768732
"GRHL1",-0.00258440885749502,0.97161279050063
"SVIL-AS1",-0.0027394416123424,0.972133427524824
"ENSG00000268670",0.0141540168521241,0.972488058871829
"TUBE1",-0.00352158491684263,0.972550289624951
"ENSG00000297814",-0.0104228650265414,0.972633057515838
"ENSG00000246877",0.00850452745052717,0.972744794950986
"ASF1A",0.00233468410121685,0.972876553047756
"RWDD3",0.0028811602894297,0.972954271985679
"RAP2B",0.00432202486646326,0.972970416778861
"GUF1",0.00222669677796514,0.973139009471316
"ENSG00000304057",-0.0179273408896195,0.973195114775391
"MIR4453HG",0.00468174790299822,0.973381875975172
"PPP4R2",0.00215534900536215,0.973507871580318
"ARL3",-0.00442863975535178,0.973587062359957
"SLC26A7",-0.0262313036464681,0.974089111813949
"HMGN1",-0.00199996890594918,0.974257971087348
"ENSG00000204904",0.0149568354047849,0.974286454434779
"ZNF519",0.00331460748637428,0.974450548758328
"ENSG00000285827",0.0181175544139363,0.974517933756665
"ENSG00000290072",0.0152415476397111,0.974861053938437
"ZNF394",-0.00248012734345959,0.974996409571447
"MPDZ",-0.00222805710743809,0.975050171083809
"LOC100505942",0.00675901488846066,0.975643698336937
"ENSG00000293678",-0.0147476274441695,0.975702711001584
"AGT",0.00281175711768615,0.975842387898171
"PANX2",-0.00724177917175591,0.975933496429085
"LOC100507336",0.0122860568388347,0.976445952463168
"RRAGC-DT",-0.00914279086274129,0.976608874560659
"SRRM3",0.00799824215633868,0.976609616670873
"ZIC2",0.0111060485211614,0.976685370535779
"CRYGS",-0.00507380060161929,0.976894770699794
"LINC02541",0.0107354753741522,0.97707245912632
"BCR",-0.00166566013010936,0.977130055185949
"ENSG00000134297",0.0083287266126395,0.977216126148007
"SUPT4H1",0.00214526923163924,0.977359139368195
"ENSG00000213430",0.00965851323898697,0.977583725301661
"PBRM1",-0.00189798233185576,0.977810735117886
"WDR5",0.00179975295931682,0.97848750526287
"ATP5PO",-0.00209240104513757,0.978879123792831
"HLA-A",0.00229502798644294,0.978889578394576
"RPS3",-0.00213863538000594,0.978903773363402
"LOC124904072",-0.00669828585774043,0.978926405750893
"PLOD1",-0.00212612060453083,0.979004673145098
"HINT1",0.00170962733334052,0.979139918049754
"ENSG00000289520",-0.00949746924606085,0.979222605939171
"ARPIN-AP3S2",0.00705880315327276,0.979274716640227
"MIS18A",0.00228319273672451,0.979579484278654
"PLAC8",0.0053599257809738,0.980030976022423
"TTC36",0.00971611882066961,0.980172610311389
"ENSG00000272800",0.00457795051843828,0.980258200528834
"TMEM43",0.00183017747576897,0.980351197892465
"ENSG00000261783",-0.00774709350417793,0.980583217081151
"ENSG00000308670",-0.00484209703479223,0.980749185586127
"TCEANC",0.00530988913540839,0.980811118030759
"MYO1E",0.00368444129302544,0.981043835855106
"LTB4R2",0.0027761471723184,0.981109719872334
"MLLT11",0.00836002401847082,0.981393215311269
"LLPH-DT",0.00817187618049642,0.98151937606446
"LOC105376944",-0.0071076577423515,0.981561701334969
"ENSG00000289440",0.00720516400946718,0.981919169000766
"ENSG00000293793",0.00768382441702216,0.981940260417756
"SLC2A2",0.00203733716863771,0.982000372171025
"SPCS2",0.00186320357030634,0.982120242365941
"ENSG00000280164",0.019172398414772,0.98221914538351
"PRKCZ",0.0018770587028281,0.98222665100783
"SHPRH",0.00244065835896814,0.982476227209597
"IFI6",-0.00313647800343379,0.982501490832604
"ENSG00000259088",-0.0100837993592414,0.982974540739778
"GDF15",-0.00390834464270755,0.983009079828261
"FSTL4",0.00278835293867646,0.983311289233614
"ENSG00000299955",0.00441490462426577,0.983447059340766
"PDK3",0.0018736143819597,0.984018308900255
"ENSG00000303745",-0.00559193136952971,0.984493839248103
"ENSG00000272086",-0.00330589732594391,0.985133785956197
"VDAC2",-0.001681221917734,0.98537296112046
"CCDC6",-0.00127439861945805,0.985514803141052
"TMEM192",0.00166994007631106,0.985708003216377
"MARCHF3",0.00245125854398291,0.985749962443678
"TAB1",0.00131562241136557,0.985811321876086
"BTBD9",-0.00320954721303093,0.985823150646672
"ANAPC15",0.00216667929593034,0.985911821162922
"ENSG00000230454",-0.0036591397589049,0.986111460079336
"FKBP8",-0.00163625907713155,0.986124463066394
"LINC02932",-0.005757445018635,0.986395570526584
"ENSG00000303936",-0.00341063433503246,0.98644999988036
"TSN",-0.00115979570077768,0.986556522857724
"NPAS2",-0.00139578698738471,0.986572375719824
"DHX29",0.00113199374861646,0.986606346998687
"ENSG00000289960",-0.00554241599678056,0.986610919349431
"ACVR2B-AS1",0.00317495912509324,0.986817572640729
"NARF-AS2",0.00430559354781134,0.986867838248685
"ENSG00000274667",-0.004364478584877,0.987291510929699
"CHST6",0.0077904911069779,0.987515910487596
"TRIM65",0.00149335475313153,0.987540711848776
"ENSG00000286221",-0.0207031413658586,0.98755495152058
"APBA3",-0.00116684574255876,0.987576434838633
"ATRAID",0.001222488868805,0.987725609117418
"LOC645967",0.00603347942242375,0.987745772762447
"ENSG00000234964",-0.00693884868412782,0.987868694988834
"ENSG00000302385",0.00576991080190207,0.987884499176437
"LOC105372249",0.00527072783421008,0.987972213602641
"H2BC9",-0.00309339060443164,0.988056995773759
"GRIN2D",0.00391506360183322,0.988223158675908
"TRAF5",-0.00282635861063167,0.988231589918133
"ATP6V0E2",-0.00113030302734163,0.988578321429972
"ENSG00000290127",0.00468606758853859,0.989314237441299
"MEIOC",-0.00512239002970881,0.989402270135219
"ENSG00000273017",0.00458538118258428,0.989593471002832
"PPIL4",-0.00108488343496132,0.98984312755762
"ENSG00000293255",-0.0105978140487219,0.989930071937471
"ENSG00000175170",-0.00550220899159159,0.990302010379382
"HIGD2A",0.00106718268318448,0.99034655102796
"ENSG00000302394",0.00461599443653819,0.9904089259623
"ENSG00000294706",0.00493698287953301,0.990421498170818
"ENSG00000204584",0.00681241233502028,0.990542084803147
"USP49",-0.00129430349333333,0.990690607575064
"GLMP",-0.00112225052870671,0.99070972715419
"ENSG00000289296",0.00435539950066214,0.990850522900797
"HSD17B13",-0.00333401806795731,0.990879211780837
"ENSG00000179899",0.00277562178400374,0.99122968542152
"PDE6D",-0.00117626928460601,0.991250576874641
"RABGAP1L",0.00087051548568279,0.991404951467258
"EID3",0.00356963069167647,0.991489123696922
"TFIP11",0.000817652835265921,0.991647706201467
"ENSG00000286828",0.00306199229507591,0.991696988349855
"ENSG00000226465",-0.00108630307804919,0.992315844830264
"TMEM109",0.000985741172640649,0.992363136669852
"AZGP1P1",-0.00228608211927814,0.992675636074047
"ECI2",0.00065216212611822,0.992690962450729
"CCDC90B",-0.00077229747117698,0.99270958455705
"TTTY10",0.00274495226423639,0.992799355623399
"SRARP",0.0021991067901852,0.992813495876843
"FAM234A",0.000662468170161376,0.99299653158895
"HLA-L",-0.00172909517646189,0.993175059628981
"ENSG00000271327",0.00129741482552806,0.993414498539106
"DCAF1",-0.000490014473055153,0.993945405205316
"ZACN",0.00213498567232626,0.994234189406804
"LINC01599",0.00180900724180512,0.994300170962907
"SIX1",0.00091244948757149,0.994365566193462
"ATG4A",0.00109857426129798,0.994449739340794
"RPH3AL",0.000732861303414394,0.99449688888463
"COMMD8",0.000757110317075528,0.994613260059317
"ENSG00000293486",-0.00111349346990218,0.994841849465315
"ENSG00000277400",0.000786415031929391,0.9948693290131
"ENSG00000291061",-0.00226285648820867,0.994935094629886
"FAM27C",-0.00145733570728065,0.995003383441158
"KCNE5",0.000866360044283569,0.995795434104051
"CSTF2",0.000349427105796409,0.99586820949148
"COQ7",0.000418979212446896,0.995911013490541
"TUBB8B",-0.000964313174940108,0.996244110964024
"ENSG00000273014",0.0011645412257067,0.996317268138956
"ENSG00000270165",-0.00143619988046493,0.996390686227208
"BBS10",-0.000387219260267156,0.99648761909218
"REP15",-0.00106306483825712,0.996807583042776
"ENSG00000261420",-0.00122553456237037,0.9968143040245
"ZNF575",0.000764982066603614,0.996903759272581
"ENSG00000267904",0.00136858351828108,0.997033107230434
"ENSG00000279865",-0.00154746495316222,0.997292620892958
"ENSG00000276337",0.00065091383742521,0.997349345459127
"UFM1",-0.000200242111909948,0.997384907370183
"PPP5D1P",0.00110351249485,0.997507274648843
"ENSG00000275011",-0.00087125547958852,0.997740624390244
"ADAMTS2",-0.000720157666572565,0.998438027879487
"ENSG00000228350",-0.000368835160332094,0.998573221360377
"RCOR3",0.000129289534066725,0.998604861083303
"TRA2A",-0.000162393900955587,0.998711928565346
"ELMO2",-9.12297053290129e-05,0.99881227880324
"ENSG00000226179",0.000587781470185648,0.998876578748704
"ENSG00000292342",0.000587781470185648,0.998876578748704
"ENSG00000263244",0.000131216431466379,0.998896801992453
"LOC105369591",0.000360776168241457,0.999061736561275
"MAFIP",0.000160383527901837,0.999070158894674
"MYH9",7.64561717634284e-05,0.99914642918478
"SCAMP1-AS1",0.00010736210301006,0.999216248548578
"COX6A1",-6.93285350120499e-05,0.999379279119551
"ENSG00000230074",-0.000251975815532729,0.999555352566355
"TBL1Y",0.00024324380259531,0.999577795027097
"LINC01637",-0.00016393932798182,0.99970171622995
"ZNF714",-1.45531831108845e-05,0.999913729861023
"RPL4P6",-3.7139056046046e-05,0.999964687194681
