"Symbol","logFC","PValue"
"CYP1A1",5.09747036537555,1.27147889152006e-13
"ECT2",1.8498562078594,9.16118981711613e-13
"CENPA",1.52469407765281,4.13124859163587e-12
"CCNG2",1.83440842535322,4.51541978811049e-12
"JMJD4",-1.59745795379074,4.60717836020021e-12
"ASMER1",2.25808775681981,8.17581488446254e-12
"RAB17",1.22588996006469,8.96543299441693e-12
"AMPD2",1.4182003302253,1.05595671686401e-11
"TTK",1.53894253818471,1.28663947668086e-11
"ANLN",1.08534509495325,1.53952208257494e-11
"BIRC5",1.09855558027228,2.12591180537024e-11
"XRN1",1.58539184031577,3.12007835237571e-11
"ENSG00000272405",-1.90651141513309,4.60422448721084e-11
"ENSG00000268858",-1.38843804112904,4.61050532848917e-11
"ZBTB38",1.33610320979051,5.35096448678404e-11
"ENSG00000290729",2.22899750808073,6.072899419532e-11
"BUB1",0.992027142439979,8.22080602533823e-11
"KIF11",1.12995433346635,9.88428667674499e-11
"C1RL",-1.05829416613432,1.02154837713237e-10
"DDX3Y",1.0859868693135,1.0818791829792e-10
"TPX2",0.968178122275622,1.10373931431614e-10
"FAXDC2",1.61884221281688,1.21348148273928e-10
"DNHD1",-1.94882542668825,1.32287582278758e-10
"PDE4D",1.2462858017688,1.39126580829854e-10
"CYP4V2",-1.32567140251193,1.39409676960456e-10
"CCNB2",1.1782206997377,1.52254125407493e-10
"DLGAP5",1.20426685703033,1.69910034323039e-10
"INSIG2",1.37790695027738,1.851741946569e-10
"BCAN-AS2",-2.15248776483358,1.90280408855902e-10
"AGBL2",-2.46852844122434,1.99556211444729e-10
"KDM7A",1.27299904250842,2.28952891452482e-10
"FBF1",-1.71650199270971,2.30218291657546e-10
"TOP2A",1.13968738696612,2.37530627163826e-10
"PLCXD1",1.02533629395743,2.38234511618824e-10
"PTTG1",1.13791834078383,2.44030920976921e-10
"EPG5",1.05063621054468,2.53312638413181e-10
"LOC105376177",-2.142147199384,2.70846133486695e-10
"TMEM263",0.933420808389233,2.82451274221345e-10
"NCAPD2",0.895148338519138,3.07006324429342e-10
"PRC1",0.993583334017031,3.09465838503014e-10
"KIF20A",1.24741040701674,3.38524955629687e-10
"GATD1-DT",-1.28462012914704,3.53658428373407e-10
"CCNG1",0.926617690222431,3.7348061356925e-10
"SEC24D",1.00161698873249,3.91385567950759e-10
"NDEL1",0.90652127823382,3.93860819434494e-10
"KIF2C",0.945904400442329,4.54428610724517e-10
"SLC19A2",1.14003705493441,4.80320146889924e-10
"BUB1B",0.946652198575838,4.91800265366869e-10
"SGK1",1.43863854904079,5.19129828163965e-10
"UBE2C",0.923806943591248,5.22794959529141e-10
"PPP6R3",0.962767482508013,5.28122463241821e-10
"G2E3",1.04854799027798,5.40597622904005e-10
"CDC45",-1.51137370504407,5.62759730778839e-10
"NEK2",1.059084742992,5.67365785023154e-10
"HAGLR",0.982236371391729,6.09683672632823e-10
"APAF1",1.10478461065684,6.22225954967075e-10
"FAM86B3P",-1.88770678164434,6.4501495443092e-10
"ZBTB44",0.815751110757152,6.5993901030805e-10
"EEF2KMT",-1.11514620955322,7.60255990603416e-10
"PRR11",1.35528105134573,7.69180584795727e-10
"AURKA",0.870694690630947,7.81655344737217e-10
"LOC105372738",4.26044952496179,8.44100315118167e-10
"STK26",1.03217105955338,8.71017882932359e-10
"TP53INP1",1.60537975149801,8.82694106984305e-10
"PCED1A",-1.18681774409856,8.88645859509329e-10
"HSD17B7",1.0263032623835,8.98846794671201e-10
"CDC27",0.837766031536316,9.1808111581836e-10
"PYCR3",-1.53434506816844,9.66184341576791e-10
"DRAM1",0.975788456261785,9.72823736185499e-10
"PTCHD4",1.16658171483242,9.74471566138334e-10
"NUDT4",0.99257308617409,9.8569833172301e-10
"RAPGEFL1",-1.37479072759634,1.03859874074909e-09
"PDXDC1",0.95704226970698,1.04827707109327e-09
"CKAP2L",1.00212396424351,1.05831883990871e-09
"CCDC186",1.09022658312731,1.06141952728247e-09
"TRIP12",1.07553819163604,1.06282773566107e-09
"ZFHX3-AS1",-1.22210999158813,1.06740556105872e-09
"LOC124900372",-1.43483084640776,1.13522094576599e-09
"BCLAF1",0.879765470555062,1.16651089852097e-09
"INCENP",1.16156980262652,1.21130281986709e-09
"RANBP2",0.911665589635007,1.21884949438394e-09
"FAM86B1",-2.0996843770602,1.26300075524225e-09
"NUSAP1",0.796725485459807,1.30036678197819e-09
"PPARGC1A",1.28353236478821,1.30366522314049e-09
"TAPT1",0.98284429602264,1.32216925914384e-09
"AGFG2",0.877406006706481,1.33702108903891e-09
"LPIN2",1.16831812733587,1.36175824552149e-09
"ENSG00000289886",2.42461492005808,1.39577430439585e-09
"ENSG00000262580",-1.93166992531007,1.41358915450961e-09
"ABHD15",-1.07704194303494,1.43090671294572e-09
"SLC67A1",-1.41981148545776,1.4665640975469e-09
"BRCA1",-1.26596721243856,1.47676802196827e-09
"FZD4",1.14415983061195,1.50401364091194e-09
"CDK19",0.932074469705182,1.54048197768108e-09
"POFUT2",0.795896082270734,1.55767987447808e-09
"SEC24A",0.890225208548823,1.60011897400551e-09
"ACTMAP",-0.869715666512472,1.61386680535973e-09
"LOC100129534",-2.77097299612711,1.63265466056614e-09
"ENSG00000184414",1.80983877349863,1.65348699994554e-09
"ENSG00000264112",-1.42792911862198,1.68079532371223e-09
"GPSM2",1.17504621701223,1.68533441319522e-09
"RXRB",0.962348716231929,1.6869585642364e-09
"ENSG00000228643",3.75987709960299,1.74879033166538e-09
"SNRNP48",0.720925077938719,1.7966124416964e-09
"MICALL2",-1.27327757566862,1.83326887895474e-09
"PPP1R10",-1.06720577980362,1.84521845836516e-09
"RNF207",-1.37160102049276,1.86090587348021e-09
"ENSG00000231764",-0.914713572610554,1.95229145342485e-09
"IMPA1",0.753908433199003,1.96391919251105e-09
"SMIM1",-1.00157507499841,1.97925150882125e-09
"SAPCD1",-2.33117779936274,2.01052312150569e-09
"ZNF839",-1.55938732370453,2.03519019787314e-09
"RALGPS2",0.76532681339806,2.09414019378735e-09
"TRIM66",-1.32510706026263,2.0983924034213e-09
"CDC25C",0.967989210353716,2.24104983793306e-09
"PFN2",-0.760087523770673,2.28938229229185e-09
"TBC1D4",0.964453443837047,2.29799812107483e-09
"FKBP14",0.935644716201822,2.3358570213867e-09
"GTSE1",1.01353825008282,2.38198947485611e-09
"CDCA8",0.946125084542131,2.384066003449e-09
"FAM86JP",-2.27994576036687,2.41929707118017e-09
"FLAD1",-1.0954709946009,2.42413121274446e-09
"MAP3K8",1.04216580714868,2.51511875909498e-09
"ARHGEF16",0.686941188453987,2.55720132083613e-09
"SLC9A8",-0.800873890141625,2.55994149133179e-09
"ARHGAP11A",0.893510137029676,2.56376791164533e-09
"ENSG00000291186",-1.35898306907618,2.61596010477558e-09
"HOMEZ",-0.976026641548147,2.6449468300392e-09
"CENPF",1.22669418560207,2.72699077166e-09
"FCHO2",0.932815274882936,2.75446430282934e-09
"PRPSAP1",0.88998039862218,2.76938669435849e-09
"NCEH1",1.10966188828171,2.78286774604023e-09
"ULK1",1.0542946706772,2.83927825139663e-09
"PPM1K",0.948291906860955,2.84161866283345e-09
"PIKFYVE",0.864305713451783,2.9529208594638e-09
"NET1",0.717742078232963,3.02250103753084e-09
"NUF2",0.842152440626163,3.02327618099828e-09
"HNRNPLL",0.880594945892082,3.10532309036548e-09
"PLA2G6",-1.12612381262584,3.16658954958927e-09
"FBXL9P",-1.82240959033474,3.27975389698357e-09
"RAB30-DT",-1.13701746577371,3.28790460684684e-09
"CCNE2",-1.25329329435541,3.34856819569854e-09
"SLC6A14",1.36728606905865,3.40646733517919e-09
"KANK1",0.956100188063072,3.49439604875823e-09
"PAQR4",-1.18710325253754,3.52387956768199e-09
"NDC80",0.977624061973136,3.66582834906247e-09
"ENSG00000214719",1.11349591144315,3.68825847252062e-09
"RORA",0.90362272893391,3.81012477148861e-09
"ZNF318",1.00904292389016,3.82883825500939e-09
"ENSG00000289750",-4.69799971283251,3.84284537990121e-09
"MAP3K3",0.69674563557968,3.8581971161876e-09
"PIF1",1.58474698368566,3.96978739669878e-09
"USP48",0.754347535895013,4.00726049771557e-09
"FAM86EP",-1.70679423761843,4.0584218527563e-09
"BRWD1",0.818543307720874,4.25230876629968e-09
"HEMK1",-1.39901079141368,4.26560268995533e-09
"ZNF451",0.851869043594657,4.49711336878919e-09
"PLK1",1.12402700086691,4.51589324611499e-09
"ADH4",-1.39411288422747,4.62592589201023e-09
"KLHL24",1.68170264376659,4.65602081574338e-09
"XRCC3",-1.03255987326541,4.65679128720922e-09
"FSBP",1.57652831336509,4.69259663869078e-09
"PIK3C2A",0.783277047531537,4.7489514301446e-09
"DBH-AS1",-1.40356337209933,4.77095685844465e-09
"PANK3",0.738475371900623,4.83204645089197e-09
"ENSG00000290450",1.07897183644126,4.92766698541178e-09
"PTGER4P2-CDK2AP2P2",-1.32510421422839,4.93077848838946e-09
"CKAP5",0.744664927407975,5.0288156554502e-09
"TMEM147-AS1",-0.906694338196383,5.02992516090404e-09
"SLC25A30",0.800431956673786,5.22263316209107e-09
"TMEM39A",0.895292777820151,5.31418181754937e-09
"MSH2",-0.809910377235607,5.34403276228547e-09
"BMP4",0.934608920157751,5.45724021346145e-09
"ARHGAP17",0.706843538908319,5.52624979378455e-09
"AFTPH",0.752256334999604,5.56151010270272e-09
"ZFAND2B",1.11204171197467,5.5629719788147e-09
"GTF2IP12",-0.906495382264727,5.86607180029245e-09
"DHRS11",-0.792585000783575,5.88073146758875e-09
"ENSG00000236519",-2.04637181762686,5.92699686757187e-09
"GOLGA2",0.801653672056438,6.0697652975677e-09
"ACBD4",-0.976911051233968,6.23443648436743e-09
"TBC1D23",0.797107322703224,6.27899482002892e-09
"ENSG00000258457",-1.80302454432723,6.31982228632108e-09
"RACGAP1",1.0486528921416,6.35414733966736e-09
"CASP8",-0.943621332779143,6.35996008532087e-09
"ENSG00000254860",-1.53668395814113,6.84338824949025e-09
"FOXM1",0.877363017381317,6.88556278711522e-09
"WWTR1",0.904639170917329,6.9393097316589e-09
"HS3ST3A1",1.43759619387577,7.02756279722974e-09
"TMCC1-DT",-1.69126469704244,7.10457740509487e-09
"DDX47",0.760968645234952,7.16567659196067e-09
"LGR4",0.920632530975755,7.25894816640249e-09
"GAS8",-0.765177872085363,7.52518615513442e-09
"RICTOR",0.808488992304489,7.52964302714598e-09
"RBM48",1.16098928089892,7.59177273454254e-09
"TMEM135",0.744508759815672,7.60558713430432e-09
"D2HGDH",-1.09012170844788,7.78724686821204e-09
"CLIP2",1.2592580503103,7.82506585974836e-09
"NT5DC3",0.728775485979729,8.12347578260837e-09
"RABGEF1",0.845190081031463,8.29143407682007e-09
"MGAT5",0.995209004592318,8.32055330023558e-09
"WDR27",-0.912623912931252,8.43755888755937e-09
"C19orf48P",-0.805442306544405,8.55455967704922e-09
"TRIM45",-1.63566320108509,8.66870987972314e-09
"ASPM",1.1103013650307,8.71654885965661e-09
"MYO15B",-1.06486169384339,8.79245112953e-09
"SIK3",0.775803921203302,9.03738600430374e-09
"GAS2L3",1.19458558377366,9.16510511158484e-09
"RETREG3",0.805806475936343,9.19821477331984e-09
"LOC728715",-1.79290603549876,9.2268877618751e-09
"TIGD2",-1.14892628879123,9.28533825078958e-09
"ENSG00000244062",1.2285451058778,9.33992977980402e-09
"PPP2R5C",0.806251371124727,9.69467888201669e-09
"GOLGA3",0.732463833965564,9.95053175533916e-09
"FAM13B",0.876345500283302,1.02085793768742e-08
"SLC27A3",-1.17275932377106,1.02273054605848e-08
"PEX6",-1.05050282662113,1.04017007326801e-08
"RAP2A",0.752382357945601,1.07076480717826e-08
"SOS1",0.785408858108133,1.08209707663373e-08
"CCNA2",0.648463266293693,1.0904100063946e-08
"LBX2-AS1",-1.29374178898674,1.09204626470356e-08
"RPS6KB1",0.821655865907788,1.09309716643025e-08
"ENSG00000262712",-1.78535079762858,1.09576220498969e-08
"PRIM1",-0.818081566304398,1.10924777713442e-08
"FAM86C2P",-1.88247801772992,1.13344543008213e-08
"JMJD1C",0.767197893884624,1.13906222727836e-08
"BMF",1.59314128375543,1.1397788520358e-08
"KIF4A",0.931186190129104,1.14797911079709e-08
"COG6",0.916667050567241,1.14983984214459e-08
"RAD21",0.723628567407228,1.18391926023521e-08
"LIMA1",1.02783226489846,1.1892689078339e-08
"HGH1",-0.836491793834643,1.19523935471254e-08
"EHBP1L1",-0.703839786822945,1.20028027344903e-08
"POP5",-0.744852369583206,1.20290465000344e-08
"FAM111B",-0.847591371530142,1.23103101042265e-08
"RALY-AS1",-1.71132794799162,1.25674844301191e-08
"THAP7",-0.839420929494117,1.26477108456601e-08
"MAGED2",0.738676801707281,1.26500114663314e-08
"YPEL2",1.29673346430174,1.28528290166694e-08
"ABCG5",-1.12042545631788,1.29057221119122e-08
"TRPM4",-1.18309312830528,1.29996830882333e-08
"ENSG00000287001",-1.78612011384134,1.3032422153007e-08
"SMTN",0.85957717301673,1.3083362713612e-08
"TPH1",-2.2156431559254,1.3189087524184e-08
"FAM133B",0.635941097971727,1.319050326325e-08
"PUM2",0.654779078965775,1.32220397485027e-08
"SFXN2",-1.1939874477139,1.33851618806859e-08
"OXSR1",0.688803874809634,1.35010323750836e-08
"COPA",0.685566475407667,1.39839547399816e-08
"ENSG00000253552",-1.98640198060604,1.4101086061743e-08
"ITPRID2",0.778683927326288,1.43069416653524e-08
"GFPT1",0.752605474179981,1.45921798020061e-08
"ENSG00000196295",-0.731781753359603,1.47088445063101e-08
"NRBP2",-1.38694781009785,1.48726611420954e-08
"LINC00174",-1.29833116583044,1.50012738661528e-08
"SORT1",0.703954033252612,1.54150902223121e-08
"GALM",0.739118718783804,1.54232239316351e-08
"PRKD3",0.854714901195178,1.5468418071428e-08
"MKI67",0.793056428960212,1.54926541486893e-08
"TMF1",0.682921345973927,1.56398355182383e-08
"ARFGAP1",0.866863729240327,1.57320099008688e-08
"RAB4A-AS1",-0.947918625164054,1.59279095332502e-08
"HMGB2",0.721339455551457,1.60164329869273e-08
"MRPS25",-0.845719188430971,1.61215783524869e-08
"CCNF",0.763099969553567,1.63042756507115e-08
"FAR2P1",-1.10720007088713,1.63074607376724e-08
"WNK4",-1.36989749437476,1.64104570763362e-08
"RFC1",0.603540739523344,1.65001359743e-08
"CNOT8",0.843387519294761,1.68836071050966e-08
"RNF220",0.675608865999636,1.75407692108794e-08
"KLHL14",1.04308246523997,1.76017885159172e-08
"STARD4",0.844867161736564,1.84062577406029e-08
"MOB2",0.833401404035668,1.85398311603921e-08
"PRKAB2",0.82324499469898,1.88714604447489e-08
"TNS2",-1.17620493862348,1.90696629576714e-08
"MORN1",-1.4045659452861,1.92436230892771e-08
"RABL2B",-0.856598215850379,1.94198453825241e-08
"PLOD2",0.805841505377459,1.95849074922052e-08
"TNFSF14",-2.93170958852462,1.97326601163953e-08
"FIRRE",-0.906746618339817,1.98375651900024e-08
"SEC14L1",0.758255913675858,2.00097872357077e-08
"ELOA-AS1",-1.53289147561944,2.01696938462476e-08
"ENSG00000288886",-1.02538629203962,2.01776818790177e-08
"ENSG00000293541",-1.08534551556368,2.02157275021746e-08
"MUTYH",-0.699921652288494,2.04190120244103e-08
"CLK4",0.826610198134443,2.04862041077063e-08
"VAV3",1.1677899082697,2.05314008333272e-08
"TAF5",0.964100610095679,2.10632713728884e-08
"KLHDC2",0.804014734958854,2.13242710047974e-08
"ACAD10",-0.800659929684028,2.18084958731273e-08
"MALT1",0.691988730713867,2.20149781849067e-08
"PTPN18",-0.885404900552488,2.20189372929511e-08
"ASAP1",-0.731725029021585,2.23616115180424e-08
"CKS2",0.856458375360895,2.24555735990478e-08
"SRBD1",-0.908511503514428,2.25527570677159e-08
"SBNO1",0.633500081243875,2.26035538417366e-08
"TLE3",0.940445877590901,2.31337007614196e-08
"SLC38A11",0.735986317393662,2.32327488779452e-08
"NORAD",0.836960276049639,2.32458603120963e-08
"TLCD4",0.884188999064912,2.34357560341396e-08
"UHRF1",-0.687305896611808,2.39954923638111e-08
"MMD",1.11219218644371,2.44567869916162e-08
"PDPK1",0.649786563698332,2.46860097470867e-08
"ENSG00000244879",-1.24955706927388,2.49909827081912e-08
"BUB3",0.669131481860777,2.52145413378217e-08
"ENSG00000266086",-1.07396961024019,2.54590116708877e-08
"CCNB1",0.803301865829898,2.56467837640474e-08
"PPM1H",0.725678367402488,2.56829190306109e-08
"ENSG00000182057",-0.981543119890707,2.57495556185457e-08
"RNMT",0.787906983735386,2.59761324182013e-08
"CTBP1-DT",-0.89038666200404,2.65539789293275e-08
"CCHCR1",-0.795457643831506,2.66438767447221e-08
"C21orf58",-1.03602877271397,2.67672629464463e-08
"MPHOSPH10",0.683040013063962,2.69506582051076e-08
"SASH1",0.684983704027098,2.72680270554138e-08
"PJVK",-1.8600681376722,2.7367569171138e-08
"LINC00667",-0.857839445175018,2.74053267397112e-08
"MTMR3",0.760907305998135,2.81386093038173e-08
"KPNA2",0.663823653068311,2.83186732202456e-08
"HOXD1",1.61707418311396,2.88248064188635e-08
"ENSG00000295447",1.35083378455471,2.91058919426368e-08
"CLK1",0.918269344970047,2.91534383323683e-08
"BBS5",0.85407403863827,2.93275508910987e-08
"LTB4R",-1.26486572178481,2.9348529425495e-08
"NPEPPS",0.694758995557426,2.95663571716487e-08
"SYNJ2",0.811308041695864,3.00442812985622e-08
"SOX9",0.732061952875159,3.02601489776569e-08
"DAPK3",0.81456875023468,3.02637696701654e-08
"ENSG00000224063",1.67093674703552,3.07785172551301e-08
"MOCOS",-0.847955044752615,3.08968131880897e-08
"OVGP1",1.95344065417236,3.09286157753196e-08
"CUL4B",0.690119017719245,3.1083409935279e-08
"THPO",-1.31041299970259,3.18478158121461e-08
"LVRN",3.93051396355437,3.20132635659881e-08
"FBXO33",0.970185872200804,3.25016446394714e-08
"CLDN12",0.80820638192461,3.26334709505567e-08
"ATG2B",1.03205400611297,3.26602032072361e-08
"CSTF3",-0.691605532742383,3.27093911537871e-08
"GBA1LP",-1.02212977859194,3.30305762350754e-08
"TMEM170B",0.748228054833654,3.39729253030718e-08
"MKLN1",0.67221777941501,3.43867597364493e-08
"MOGAT3",-1.04285306812849,3.4631853258663e-08
"CHAF1B",-0.858574903691621,3.48336107318143e-08
"QKI",0.762095125988709,3.50710446737704e-08
"ZNF518A",0.79479988294657,3.52907143556258e-08
"SMAD4",0.741688550055152,3.55658539161185e-08
"LINC03006",-0.956222853746339,3.57662114468326e-08
"PNPLA6",0.736766734084059,3.60217912279558e-08
"KLHDC7A",-1.58451870332395,3.6129026890167e-08
"KIF18A",0.936191194262776,3.61367455803825e-08
"PLAG1",0.790278771049118,3.64668843844941e-08
"KDM3A",0.679876142430589,3.75118071823958e-08
"ADIPOR2",0.73493663376016,3.81939690726987e-08
"KIF23",0.788649036243545,3.84550312954925e-08
"PCNT",0.837032943088459,3.87059057301627e-08
"NARF",0.692806739814188,3.88278660092668e-08
"PPP6R1",0.734106319849912,3.88469742318502e-08
"RBM23",-2.02512477875113,3.92302638452564e-08
"SPRING1",1.15511212111256,3.93014677601035e-08
"LPAR6",1.01031340420718,3.93997129756449e-08
"ZNF337-AS1",-1.2564734833325,3.94971597932888e-08
"ANKEF1",-1.19941528776544,3.96941406855652e-08
"ATF2",0.541787416069273,4.04548242882427e-08
"ARHGEF7",0.878599267312561,4.07154261516164e-08
"HIPK1",0.63447156202086,4.14847200607101e-08
"RHBDF2",-0.973136087470685,4.16504031422452e-08
"COQ8A",0.725678356548479,4.22069360350784e-08
"MADD",0.732732818383601,4.24055839143492e-08
"MED23",0.917226208068265,4.2757280003448e-08
"SPOP",0.633263670908203,4.30079209081249e-08
"RBM33",0.721605020815858,4.44822551693561e-08
"EFNA1",0.759859808199302,4.47648169757266e-08
"ENSG00000269982",-1.46675838255475,4.48940340037547e-08
"MCM5",-0.562093578303851,4.54269343944045e-08
"IRF2BP2",0.640908519854647,4.5600200805743e-08
"PPP1R3E",-0.79570785835916,4.5603533094466e-08
"TMEM51",0.808636577003273,4.56048031946032e-08
"ARID2",0.751493726812891,4.64094459077319e-08
"TBC1D20",0.587985299661373,4.64692951001581e-08
"CCSAP",0.909106654891586,4.64722811023869e-08
"LRRCC1",-0.933307904748495,4.69311071192777e-08
"CAPN3",-1.59033504804747,4.7032177796261e-08
"BTG1",0.81015656957374,4.7339570903019e-08
"ENC1",1.08624954547011,4.79075429413885e-08
"LPIN1",0.744494791517991,4.89149539537937e-08
"RPS6KL1",-1.02071636577036,4.89385145096682e-08
"MST1L",-1.47403766836567,4.89807514410044e-08
"CCDC61",-1.08557973336451,5.02064140617137e-08
"DCTN4",0.583403886181281,5.02860435714584e-08
"ZC3H11A",0.681483575420888,5.04350398487015e-08
"ENSG00000225138",-1.6351787956443,5.12810016689265e-08
"IST1",0.650543276205539,5.1452074511426e-08
"ARHGAP29",0.718002923704138,5.16124377098364e-08
"ETFRF1",-1.15434912354426,5.24212625978068e-08
"TMT1B",-0.669928406174659,5.41659402203917e-08
"PPM1B",0.682147124580378,5.42350866359173e-08
"SLC38A2",1.27544651841672,5.47696176814816e-08
"GOLGA2P5",-0.911978346098191,5.51876845284575e-08
"CLINT1",0.547898329543905,5.52874203832894e-08
"UBALD2",1.63578451459622,5.60600754881208e-08
"NTAN1",0.725039316677207,5.68308997246174e-08
"TOB1",0.673720223327392,5.69903662989727e-08
"LCOR",0.687636885341534,5.74177336407612e-08
"FANCE",-0.939480062480019,5.84364744753132e-08
"SPAG9",0.72325038498423,5.87135765164193e-08
"FAM120AOS",-0.653708284342725,5.90251542606258e-08
"FST",1.80722551383432,6.00657930903518e-08
"CLK3",0.599221317660035,6.03295554502736e-08
"TMEM198B",-1.27644046715395,6.05321290625129e-08
"HBP1",1.15337459649427,6.10808090934176e-08
"RBPJ",0.674450198707974,6.13643392015958e-08
"TRAF1",-1.65965151631058,6.15172668576379e-08
"TMEM144",-0.73485058827624,6.17486933201768e-08
"MORC3",0.83971530115771,6.18272843366314e-08
"CDK5RAP2",0.761981968284027,6.22909779788453e-08
"KLHL22",-0.994885050581886,6.25622103291785e-08
"UPK3BL1",-1.19955302110276,6.27706625465121e-08
"MYBBP1A",-0.597345215686105,6.30923975942427e-08
"CEP152",0.897718224326497,6.40715580397371e-08
"CENPE",1.1176669199214,6.55879698508678e-08
"C1RL-AS1",-1.36141447211529,6.71216471281965e-08
"TNFAIP8L1",0.66444294053444,6.72473173430601e-08
"ELK4",0.639101408423912,6.72755374087672e-08
"DENND3-AS1",-2.18840714278624,6.73609025263035e-08
"CD27-AS1",-1.28430675017145,6.77438084894177e-08
"WIPI2",0.79592616449742,6.78443139506783e-08
"LOC100507053",-1.15905025485785,6.79054845278228e-08
"ISCU",0.888189510009714,6.80598046544034e-08
"NEDD9",0.65585031911759,7.00107449047915e-08
"SLC66A1",-0.707604224167276,7.19144159497999e-08
"ZNF117",-0.911800948030378,7.34455298855505e-08
"KCTD3",0.589433085910746,7.36457716060075e-08
"ONECUT2",0.641160348558817,7.45712693456914e-08
"C2orf92",-1.65318205765669,7.47214809422064e-08
"RABL2A",-1.04864291923437,7.481820627853e-08
"RYK",0.63557023139289,7.49656179283951e-08
"FGFR1OP2",0.637762834287902,7.54144038447395e-08
"OPHN1",1.2017249779188,7.6627553184732e-08
"LOC100506606",-1.94272309353583,7.83952140696702e-08
"AURKB",0.739347649073012,7.93740517548406e-08
"HIPK2",0.584129971349079,8.01434341164905e-08
"PHAF1",0.701740345006824,8.12112020497764e-08
"AP1G2-AS1",-1.27249751397812,8.13342849640811e-08
"ANGPTL1",2.39133235170641,8.14453076606368e-08
"CNEP1R1",0.704247059569122,8.16692343659143e-08
"TRRAP",0.600765951997215,8.18320272566726e-08
"CELSR3",0.71807487597188,8.18386527438121e-08
"WDR37",0.647603226550548,8.19993357665866e-08
"SLCO4C1",1.039621847511,8.24385767419162e-08
"SPC25",0.743421510460303,8.26555508556687e-08
"ENSG00000298169",-0.888687924289568,8.31291457731896e-08
"COPB1",0.569211664332568,8.4020678828011e-08
"FLCN",1.0233911713716,8.425005819988e-08
"DAPK1",1.24221050999522,8.48796458777346e-08
"NCAPG",0.754075925367447,8.52371927322944e-08
"PEX10",-0.739418037742684,8.54951325980758e-08
"SLC25A16",-0.878408293375116,8.55049182127375e-08
"FLVCR1",0.894698835345729,8.58642996327039e-08
"ELF1",0.718869557285897,8.66360557222434e-08
"SLC39A7",0.765693085972604,8.66658027668216e-08
"LINC00668",0.75718121215348,8.68347898106268e-08
"UBR4",0.717258057051745,8.72476479196664e-08
"DYNC1LI2",0.641373554477348,8.82580499126125e-08
"ZXDB",1.18211119004781,8.87377696264125e-08
"CEBPA-DT",-1.14864168804642,8.96443174041619e-08
"ZNF320",1.49378827251994,8.99493721280879e-08
"YIPF5",0.764641060248825,9.01578510024185e-08
"KCNC3",-0.977384406612671,9.01995369857628e-08
"EXOC3L4",-1.68362967251134,9.02564143308981e-08
"ARL8B",0.744734736172013,9.02650025856145e-08
"PIGM",-0.80246585291839,9.06897283287629e-08
"SHPK",0.700276612125312,9.14124510708799e-08
"GMCL1",0.731648856362265,9.17426695749266e-08
"CYB5RL",-0.984041072341253,9.27210826956194e-08
"SMAD5",0.654457727766089,9.28433231865339e-08
"PUM1",0.628982979757421,9.29141278463093e-08
"USP9X",0.578380337856638,9.31114520116693e-08
"RYBP",0.732309726453623,9.44191112158797e-08
"GARNL3",-1.07880926604969,9.45221384224419e-08
"ABI1",0.672965688886167,9.4912493954279e-08
"HNRNPR",0.626518985392631,9.58422954658201e-08
"TK2",-1.18949273493986,9.63292520781113e-08
"ORMDL3",0.878964053647737,9.67581397653155e-08
"INCA1",-1.04210178785271,9.85493086692626e-08
"PJA2",0.836365335575902,9.86720924037171e-08
"ENSG00000231770",-1.49928157368144,9.86827617579229e-08
"NAPRT",-1.48780297674609,9.87277812175599e-08
"ENSG00000228065",-1.11935447138226,9.87543767737248e-08
"POGZ",0.762858749488995,9.93237135474595e-08
"OTUD4",0.678166927583384,1.00170731587202e-07
"GPRASP1",-1.49039432161704,1.00403993686441e-07
"TNKS2",0.551264117219918,1.00497150634041e-07
"KIF15",0.9018023807579,1.01970733535114e-07
"ENSG00000271698",-1.67697296287754,1.02521462226335e-07
"SH2D2A",-2.91791831623505,1.03209727996028e-07
"USP12",0.595268049549617,1.03268018853011e-07
"ENSG00000288741",-1.89293727741953,1.03486682253176e-07
"RUBCN",0.91026274743612,1.04817270564056e-07
"ENSG00000223745",-1.19179094184557,1.04993189840251e-07
"CPT1B",-0.802839828995844,1.07899676737644e-07
"TBX3",0.667687118822145,1.08008504275392e-07
"SNAPC3",0.645493903641207,1.08528388103042e-07
"TLCD2",-1.48161589845488,1.08652534956709e-07
"VCPIP1",0.652059856128993,1.10014970290501e-07
"PRODH2",-1.12039337322265,1.10043386456396e-07
"PPP2R3C",0.675120695977836,1.10135849556394e-07
"BICD2",0.748665693080654,1.10412813779322e-07
"SIRT5",-0.912321477129131,1.104630070287e-07
"GINS4",-0.809191082050373,1.11116065962447e-07
"HES4",-0.951182971287492,1.12426297258382e-07
"WWC2",0.63500025482332,1.12642245648327e-07
"SS18",0.634784908865944,1.14400102629033e-07
"YAF2",0.810943611866274,1.14568815801725e-07
"ENSG00000260772",0.618856892221367,1.14691458133734e-07
"TACC3",0.60596464351658,1.15206243764968e-07
"SANBR",-0.806504237767728,1.15229188821788e-07
"DOK3",-1.23241488507407,1.15509034570284e-07
"CAD",-0.630273674337748,1.16125604979053e-07
"PNPLA2",0.642191615826657,1.1699898779896e-07
"HP1BP3",0.654541563129113,1.1720999306337e-07
"CDCA2",1.04286962691554,1.18615341395772e-07
"LOC107985532",-1.54039602560636,1.20011895548695e-07
"MIS18BP1",0.818940624134488,1.20039513373933e-07
"ARHGEF3",0.900673822959901,1.2227131256465e-07
"CELF6",-1.4830957350131,1.22659150503292e-07
"ACTG1P17",-2.37434756619259,1.23005301775052e-07
"ENSG00000244055",-1.23985490425597,1.23821592632525e-07
"KANK2",-0.949570805266212,1.24506894417211e-07
"SECISBP2L",0.700994655654911,1.2534760268852e-07
"ARHGEF12",0.578772122934894,1.2664972985327e-07
"SLC25A29",-1.36480730332541,1.2784754432045e-07
"WDR48",0.759980337474487,1.29071640470018e-07
"CCDC24",-1.26835256253462,1.29238861934058e-07
"ENSG00000280239",-1.60683096654885,1.30093475799095e-07
"TM6SF2",-1.28872134421428,1.30936736137114e-07
"SKIL",0.633166626388353,1.31380719114304e-07
"TYSND1",-0.781556563645935,1.31451596429839e-07
"FAM8A1",0.502251855804094,1.3289450375833e-07
"CDC25B",0.761332735874037,1.34847350967915e-07
"TAF12",-1.4015930444319,1.3532150087657e-07
"PLEKHA1",0.580108809761554,1.35345915151179e-07
"SC5D",0.709742740145169,1.35512927346348e-07
"FICD",-1.24457777481512,1.35598677068638e-07
"STAM2",0.628905071125787,1.35779769632059e-07
"ELP1",0.870947852235814,1.36547497175362e-07
"ASF1B",-0.892892601144564,1.36790868845216e-07
"LOC100288175",-1.14948734971226,1.36821869772661e-07
"LOC124906869",-1.3338561480784,1.37113661266535e-07
"RNF44",0.737403148113336,1.38221291079238e-07
"ENSG00000286388",-1.26574119963295,1.38502259109585e-07
"ARL5B",0.71998351952465,1.41285577572332e-07
"ENSG00000221990",-1.09397127320546,1.41363387109886e-07
"HERC2",0.778917180631997,1.41813436608672e-07
"SETD1A",0.692237812178437,1.41949815363147e-07
"FAM228B",-1.72136513657451,1.4211393302088e-07
"TRIOBP",-0.80547908186173,1.42299382145421e-07
"PHYKPL",-0.798497489966287,1.42325456959575e-07
"BRME1",-1.21613539710588,1.43530137365817e-07
"TGFBR3",1.03612644403324,1.44150549190682e-07
"EMSY",0.564493237293575,1.44307576360039e-07
"SAR1A",0.610274198538869,1.44860691238471e-07
"PLPP6",-0.707910118206719,1.45365624513275e-07
"PGM3",0.624871321903293,1.46448092312497e-07
"TOE1",-0.705370009939149,1.46634876184989e-07
"ITCH",0.575136033587599,1.46867933837769e-07
"CYP3A7",1.63151550477479,1.4805588649782e-07
"TNFRSF19",0.613148374551836,1.48390332037547e-07
"F11",-0.677601331901564,1.49756552374328e-07
"CLHC1",-0.955245340476869,1.49924676208272e-07
"ENSG00000274895",-1.90445426380416,1.5009651029244e-07
"IFT80",-0.677775922700133,1.50206216327614e-07
"LOC100130691",-0.783237848285534,1.53562824664572e-07
"NDUFV3",-0.555100070157583,1.53740647042931e-07
"MRM1",-1.01772345490005,1.55085152204241e-07
"RANBP6",0.684365690359777,1.55123789346754e-07
"PBK",0.82045588871043,1.56583903237718e-07
"PLEKHG4",-1.15973070314567,1.56821379228865e-07
"ETF1",0.649328020163313,1.57292827522616e-07
"NLRC5",-1.42485087321706,1.59504702251141e-07
"ENSG00000230415",-1.41983228572479,1.60181060614295e-07
"REPS2",1.05596497822851,1.6167660320546e-07
"PRKAA2",0.69301160191743,1.62863322927369e-07
"C11orf71",-0.931209624676736,1.62949708093715e-07
"CFAP44",-1.19424501286714,1.63593617663914e-07
"TSC1",0.583142021308786,1.64415012815631e-07
"MTMR10",0.697080024369941,1.65046848593879e-07
"TAF8",0.650129120625384,1.65906948226492e-07
"DEPDC1B",0.830638370122667,1.68719480122666e-07
"ACSF3",-0.582163331349681,1.69737170149192e-07
"ATG16L2",-1.46028541865279,1.70164299385586e-07
"UBA6",0.673783501015576,1.71194011980958e-07
"CENPB",-0.580910082636749,1.73808706523141e-07
"DESI1",-0.780304192453404,1.73996041108428e-07
"BRD8",0.976741639974697,1.74524519378316e-07
"SHFL",-0.784168445306298,1.74696600143885e-07
"DPH5-DT",-1.20461321870085,1.78474448495397e-07
"TTPAL",-0.557111461283679,1.79372231004779e-07
"NFAT5",0.76342946899246,1.7959285352233e-07
"YIPF2",0.589057753123611,1.80046411107734e-07
"ENSG00000269486",-2.17465007100433,1.8164156085339e-07
"BACE1",-1.00035373594871,1.8694373882559e-07
"TBC1D17",0.612393921989215,1.87138274091656e-07
"WAC",0.577790954177968,1.8789364177394e-07
"SGCE",0.691842069232322,1.88092595933727e-07
"DIP2B",0.62114795842412,1.88631454575262e-07
"FNBP1L",0.637880898757165,1.89283326317374e-07
"MAMDC4",-1.06427001353528,1.8984807840697e-07
"ZBTB40",0.62653959706859,1.94271975711028e-07
"ST3GAL3",-1.18355164866448,1.95012701831877e-07
"OXLD1",-0.712952063820835,1.96084881561826e-07
"NR6A1",0.750249198367466,1.96805766311324e-07
"ENSG00000284946",1.185149463142,1.9711605019161e-07
"PITPNB",0.613075728468456,1.98114733141083e-07
"SRRM1",0.785073740779043,1.98272103640935e-07
"ABHD14A-ACY1",-1.28128797926967,1.98523202705529e-07
"GPBP1L1",0.564807329370692,1.98749871124768e-07
"NR2C2",0.721097268892475,2.00080299873257e-07
"DUS4L",-0.782967299207337,2.00346237165413e-07
"LIN54",0.603458006456115,2.04865499563139e-07
"PCSK4",-1.01674410183223,2.05869554856415e-07
"LOC124900275",-0.653647930424581,2.06002766134284e-07
"ENSG00000228709",-0.947072005154852,2.06901164833359e-07
"ENSG00000286403",-1.03446079887992,2.07157811653327e-07
"CDC42EP4",1.04096452022193,2.09774458904108e-07
"FIGN",0.678883101785863,2.10030646321023e-07
"CABIN1",0.715422842552877,2.11048019144403e-07
"LPP",0.506656566309474,2.12856932390424e-07
"MTSS1",0.60636951569151,2.15013121089312e-07
"ENSG00000301369",-1.78503523225811,2.15910159854572e-07
"ENSG00000263235",-2.08142451648139,2.17365994403458e-07
"MSH5",-0.772005376274737,2.1736740936489e-07
"TLCD1",-0.984840494316779,2.18456993430094e-07
"ACBD3",0.68559117845855,2.19226056044107e-07
"LOC127814295",-1.7147339718232,2.21461708125381e-07
"PICALM",0.595971039458531,2.22142122115957e-07
"LAD1",-0.598037208869977,2.23620695457663e-07
"PPTC7",0.672112570026005,2.24199564243035e-07
"POLR2B",0.606885585142441,2.25406862842747e-07
"FAM169A",0.685690154826107,2.27578658881802e-07
"THUMPD1",0.508002063323313,2.29302346014712e-07
"MYO19",-0.660896432056634,2.30225551667369e-07
"WDR75",-0.586990031690741,2.30402939943832e-07
"ROBO1",0.654689598426623,2.32079062379368e-07
"ITGAV",0.633052488004131,2.32090621347291e-07
"MAPKBP1",0.929365642992319,2.32106761278917e-07
"ENSG00000228043",-1.8065037075591,2.35344834547362e-07
"ZNF334",-0.87197278292509,2.36091609557254e-07
"WASHC2A",0.655084368781283,2.37289825390001e-07
"BTAF1",-0.581124517984871,2.39147920815506e-07
"SLC35C2",-0.628449813327699,2.40877281867482e-07
"ATG2A",0.589916057494118,2.41238828171093e-07
"USPL1",0.889880538565413,2.44609481391923e-07
"TMEM249",-1.24401463183097,2.46444809464008e-07
"NAMPT",0.521764727172969,2.46659251102611e-07
"ANKRD24",-2.06403974578498,2.48105970555229e-07
"PCGF3-AS1",-0.85304604734916,2.49068015433436e-07
"PYCR2",-0.604370554224681,2.49690598600697e-07
"SPOPL",0.785678861008693,2.49878234421842e-07
"RCN3",-1.00927774929269,2.50062134454261e-07
"DEPDC1",1.01015197792215,2.52990717975615e-07
"TRIM23",0.965433063576774,2.55553515503249e-07
"NCAPH",0.586238423423632,2.55668174434829e-07
"PRMT3",-0.687482431102559,2.56608322176164e-07
"SLC25A27",-1.19648832437585,2.56739817041527e-07
"ZNF24",0.57091576129347,2.59044233696124e-07
"NCR3LG1",0.808280033665102,2.59353146753603e-07
"PTPRK",0.772431295604035,2.59966177907107e-07
"LOC100129215",-1.33665588756831,2.6074740982847e-07
"RAB14",0.555707390572663,2.62391822553104e-07
"SESN1",0.747220960153571,2.66831253040526e-07
"DDIT3",-0.934940178652335,2.67303142661214e-07
"MFN1",0.695549508348583,2.68793708996717e-07
"ZNF652",0.528478308959201,2.72560430132638e-07
"ZNF514",-0.814790515485394,2.738356090028e-07
"ATXN3",0.71224575465132,2.73951250748961e-07
"ENSG00000260267",-1.5456630655403,2.74214018936676e-07
"ENSG00000224616",-1.55229727243203,2.77916907349526e-07
"ANO7",-0.867991149849955,2.77932948964967e-07
"CILK1",0.636655015592769,2.79058804306368e-07
"WASL",0.648454453519793,2.82319473145556e-07
"FAM168B",0.599951229080913,2.83260395173164e-07
"ZDHHC7",0.550775871936088,2.84370033239977e-07
"GABRE",-0.959019768675912,2.8737695719334e-07
"CBX6",-0.730914078450006,2.87695383340944e-07
"PRRC1",0.547073401063973,2.8916401350574e-07
"KCTD9",0.634105871044563,2.89950962349099e-07
"INF2",-0.535584559617693,2.90133398686056e-07
"NMD3",0.608519607312688,2.9015811356341e-07
"TMEM214",0.643994342148488,2.90887943961395e-07
"SLC5A2",-1.30843561199578,2.92205175455239e-07
"UBE2Z",0.72113573081257,2.92859778537649e-07
"YPEL5",0.73112756961866,2.93081899567842e-07
"GSK3B",0.639859169005107,2.93338190489851e-07
"ZNF747",-0.955986603323627,2.94220098291288e-07
"DST",0.59938114895142,2.95992139560943e-07
"RXYLT1",-0.769103372407719,2.97094499891945e-07
"C10orf88B",-1.60012997362459,2.97659133830347e-07
"RRP9",-0.61050450590791,2.98199778114727e-07
"ENSG00000273142",-0.83614830755068,2.9893410584473e-07
"PER1",0.778093763585726,3.02554749597953e-07
"SNX13",0.577911069851861,3.02602886739084e-07
"ENSG00000298543",0.901309964367406,3.03922369565505e-07
"PELI1",0.731854171002641,3.04063380473129e-07
"SRRM2-AS1",-1.53633105607583,3.04598349925821e-07
"ZKSCAN8",0.529456887136949,3.07968399862311e-07
"MAPK6",0.808674485926604,3.09837960039993e-07
"CCDC191",-1.66355500581035,3.10422183052709e-07
"PMS1",-0.766302742193879,3.11148139779941e-07
"POLL",-0.632173351416022,3.12607123860733e-07
"FAM91A1",0.550423391894578,3.139158434428e-07
"ENSG00000274922",-1.45379984036175,3.14056678443742e-07
"GOLT1A",-0.87667867409895,3.16434641666101e-07
"KCNAB3",-1.79606550276847,3.16689909877488e-07
"RSRP1",0.628245388363097,3.17308057103214e-07
"TASOR2",0.536803297375823,3.17311790157225e-07
"RNF168",0.60715429655225,3.17764871828202e-07
"CASP8AP2",-0.670452943569374,3.19821945402779e-07
"GNE",0.557583045805625,3.22420342920389e-07
"SH3D21",-0.994646230993387,3.26070731232189e-07
"REC8",-1.18664960428517,3.2706045840232e-07
"BMI1",0.586252572303109,3.30219030903805e-07
"SPTBN2",-1.2334530072267,3.31388882474162e-07
"ATG12",0.530908567400495,3.31889790281855e-07
"PTBP3",0.62223794268497,3.34313387010116e-07
"DDI2",0.599443007293415,3.37311974135228e-07
"ADAT2",-1.19520627664783,3.38005992882785e-07
"HEXD",-0.955744911048628,3.39383910215806e-07
"DPYSL2",0.80990162265568,3.39983651858241e-07
"ANKRD17",0.482478919660356,3.40320209701523e-07
"PRKAA1",0.550497728985465,3.409983797203e-07
"MED28",0.546737685845251,3.41461421827018e-07
"ACY1",-0.585782553476809,3.43184702547186e-07
"GLYCTK",-0.923165422914868,3.45261447891139e-07
"CYTH1",0.704497212040505,3.45582445504644e-07
"LEMD3",0.745838316293119,3.49655635413156e-07
"CRY2",0.844753868257633,3.50353170093696e-07
"ENSG00000229299",-2.01103622441543,3.56721701043319e-07
"EFCAB14",0.532394617881339,3.57308699996965e-07
"TSEN2",-0.709440750576433,3.57968891718228e-07
"CHD2",0.597842814061858,3.60471142060352e-07
"ATP2C2-AS1",-1.63862724936898,3.61060904068741e-07
"KTN1-AS1",-1.08281968482116,3.61839921097377e-07
"IGIP",0.868322125576218,3.6258812805643e-07
"CCDC120",0.635554279715974,3.63305066821451e-07
"TTC12",-1.0825495923588,3.66298267265855e-07
"SF3B1",0.705807724408274,3.668885349756e-07
"SLC16A9",-1.09320992545795,3.67232827164171e-07
"FOXO4",1.22549745335769,3.68148795078724e-07
"HERPUD2-AS1",-1.14694042014008,3.71779077621852e-07
"UBXN7",0.651067113846278,3.82650111569625e-07
"ZNF292",0.618893610320128,3.82840396857571e-07
"UICLM",-1.81241755404149,3.85891465600921e-07
"RNF215",-1.04449389093075,3.86630974515033e-07
"TMEM276",-0.811947647996262,3.87480725059613e-07
"ENSG00000236200",-1.49946243702677,3.884635312686e-07
"HAMP",-1.83567544773972,3.94500268976056e-07
"MED17",0.620936146594536,3.95048880182943e-07
"STARD13",0.759492387460765,3.96051281740431e-07
"CDR2",0.665641818815098,3.97074380921656e-07
"RSKR",-1.13235154393805,3.97437274926947e-07
"ENSG00000289858",-1.39055176014737,3.98014139487372e-07
"CDC14B",0.523740489584988,3.98970207666233e-07
"ENSG00000279117",1.43570370398189,4.01694804669656e-07
"SCNN1D",-1.26027400607981,4.01876893459011e-07
"SUN2",0.855043830916889,4.04239268417543e-07
"TIAL1",0.678839422881217,4.09871769898173e-07
"SF3B2",0.549061394799735,4.12374247349736e-07
"NLRX1",-0.76322292175304,4.13298292933754e-07
"GLUL",0.58842338973558,4.13800403960591e-07
"JUN",-1.32579779394763,4.13990071120636e-07
"FAM83D",0.585249090566391,4.14186696301105e-07
"BTBD19",-0.99977012726106,4.14189979031068e-07
"ENSG00000260729",-1.66599147010006,4.1598220101655e-07
"PCBP4",-0.691030085184821,4.17372164999061e-07
"MPI",-0.88121150643427,4.20923569325024e-07
"ACSS2",0.743190214774994,4.21041948376416e-07
"OGG1",-0.672161885319474,4.24712711600839e-07
"TAF6L",0.737312578584851,4.24826948687207e-07
"PARP3",-0.574290722058223,4.26913321489569e-07
"WASHC4",0.583097063121299,4.28991389797155e-07
"SQLE",0.753100030909541,4.34433766638681e-07
"LACTB2",-1.32872665495343,4.34571889124506e-07
"SPAG5",0.886290945888297,4.37081119056974e-07
"FRY",1.04605336914097,4.37219119481122e-07
"OCEL1",-0.687484261985535,4.40103332454547e-07
"TMCO6",-0.813996892784704,4.42146564123679e-07
"ZNF691-DT",-1.74131632520063,4.42535286178026e-07
"ELL2",0.537356795371538,4.45099407517674e-07
"SULT1A2",-0.597719317415907,4.48936723563809e-07
"ENSG00000237361",-1.11131033935284,4.50794232792302e-07
"ATXN7L2",0.717687969823578,4.51212657592125e-07
"SLC22A31",-0.980836362009355,4.52856018567195e-07
"SEC16A",0.493145365986479,4.55481419685904e-07
"TRMT2A",-0.59453977457434,4.57584518191392e-07
"COBLL1",0.740464078681845,4.58811267349552e-07
"MTF2",0.620981849795512,4.6647768844997e-07
"NABP1",-0.672331015651067,4.7098101913805e-07
"ALDH18A1",0.635078461522012,4.7279329715475e-07
"MED21",0.651724552328164,4.73565573020344e-07
"LIX1L",0.56636170474534,4.74611141388856e-07
"PRKCD",0.515291493754213,4.77293033734607e-07
"CCDC159",-1.39681529586445,4.79806696687134e-07
"MMAB",-0.760207822038175,4.80478432455196e-07
"DUXAP10",-0.489082742209771,4.80630925518712e-07
"ENSG00000273329",-1.28572489316287,4.82188009263033e-07
"SLC16A13",-0.884824181933581,4.84140357831956e-07
"MCU",0.656343423620641,4.84208532543019e-07
"ENSG00000278341",-2.03094075316581,4.84468291342173e-07
"HDDC3",-0.75992168215813,4.85015572459591e-07
"CCDC28A-AS1",-1.60294528376812,4.85805508631746e-07
"ITPRIPL1",-0.810753707308712,4.89308859619385e-07
"AKR1C1",0.551942936871826,4.92666731558992e-07
"ASB16-AS1",-0.950985357815712,4.93550658324732e-07
"CD2AP",0.54494378251622,4.95192392081853e-07
"TBKBP1",-0.886160964336157,4.97955635966024e-07
"PPP3CB-AS1",-2.03393307884391,5.01332313574727e-07
"ENSG00000131002",-1.64216209985813,5.01538318944554e-07
"LINC02614",-1.27422495061108,5.04970403106811e-07
"TIGD5",-1.03124196930978,5.11234803597466e-07
"ENSG00000266208",-0.747201919747615,5.13581546195223e-07
"NPC1",0.733959352313315,5.17315861764203e-07
"RRM2B",0.64057916350359,5.20093636025173e-07
"ARRB1",0.877975668157436,5.22589664141316e-07
"TPST1",0.67769741162219,5.2291850752144e-07
"DCAF7",0.567589222339967,5.23071113050661e-07
"ENSG00000274383",-1.83677905250348,5.27835822844731e-07
"SH3BGRL2",0.566686554256129,5.28270879505682e-07
"ENSG00000274605",-1.29910845046074,5.35217154277546e-07
"DZIP1",-0.62471730292369,5.35230730082558e-07
"ADAT1",-0.678328517085996,5.38760143569941e-07
"QRICH2",-0.96962488031792,5.42682133120585e-07
"MKRN1",0.563096814402688,5.44432583549954e-07
"SMUG1",-0.71184981776641,5.44933512384911e-07
"TECTB",-1.2987733445034,5.45230142558053e-07
"SH3BP1",-0.673730793864087,5.50521572289886e-07
"IRF2-DT",-1.33578137008671,5.54832427375893e-07
"KIAA1958",0.717288352834664,5.5808237325233e-07
"ZNF76",-0.667544461540311,5.59420290296569e-07
"GCNT2",0.779333976242981,5.60014465412422e-07
"PCMT1",0.710610825486004,5.60872513478774e-07
"CBS",-0.517161493594402,5.65364314795587e-07
"GHRLOS",-1.2530947342919,5.66850937281796e-07
"SLC31A2",1.12857277261333,5.67712518160761e-07
"MTM1",0.536062749882719,5.70258786092323e-07
"TIPIN",-0.94097186996359,5.75136788504251e-07
"ZSWIM5",0.699638428076491,5.76832148689027e-07
"CHD6",0.545417620039428,5.77288880078796e-07
"REXO5",-0.72450790918124,5.78164295176743e-07
"ARNT",0.567504325756546,5.84851838272777e-07
"ENSG00000261884",-0.860230700493239,5.86163079271842e-07
"FAM86FP",-1.36814531470626,5.86969702785585e-07
"SOX6",0.905083421010146,5.87198659464512e-07
"ADHFE1",-2.28142494791192,5.88789324407596e-07
"UAP1",0.609630083313831,5.89300491731916e-07
"BLTP3B",0.699420315410464,5.94283925825057e-07
"ZNF511",0.547708136311245,5.99086710919407e-07
"LOC105372061",-1.1653165120595,6.03668523301828e-07
"RPUSD4",0.585881326345092,6.08030428275131e-07
"NUP35",0.537740184999755,6.11621400588487e-07
"OSBP",0.608169025487531,6.11842167510599e-07
"ZFX",0.607279338109048,6.15440261665655e-07
"TTC33",0.674537995656578,6.20544298370447e-07
"CKS1B",0.643220399065369,6.21350406522329e-07
"STK11IP",0.632144456793668,6.27137847629505e-07
"ZMAT3",1.13614550604703,6.28667729286178e-07
"AMT",-0.606680412780231,6.29031122016597e-07
"ENSG00000254635",-0.997828056786379,6.29726241852093e-07
"SASS6",0.70789077987808,6.34021896721339e-07
"COA4",-0.651755376141974,6.3765463299975e-07
"ENSG00000302646",-2.31182193467833,6.38163662859499e-07
"TRPV1",-0.977677428734773,6.39682989038648e-07
"RBFA",-0.591437147859574,6.44013287988906e-07
"ENSG00000233967",-0.895398708143559,6.46709960543635e-07
"RMND5B",-0.537576411375329,6.46747155528009e-07
"SKIC3",0.601175414717494,6.49436178713065e-07
"RGPD8",0.795833974754562,6.50211901602243e-07
"ZDHHC23",-1.03713270903202,6.50817804799641e-07
"NFKBIA",0.502036910183923,6.50915319119081e-07
"CDC6",-0.539421935661644,6.51186525580465e-07
"SPSB2",-1.55823797345379,6.53473682997232e-07
"IQCE",-1.09787145282585,6.61100013467892e-07
"FNIP1",0.638607756195943,6.61437768960884e-07
"MC1R",-0.941501020852863,6.6220180621583e-07
"ENSG00000269939",-1.51711590097334,6.63545839541578e-07
"SOCS5",0.705320154694913,6.64281536737426e-07
"MYO9B",0.780829010729555,6.68003230742741e-07
"RUSF1",-0.559379836376859,6.68948007486736e-07
"ENOSF1",-0.577067084845196,6.68987672289642e-07
"BCL2L13",-0.90037614418892,6.7222220449079e-07
"ZBTB5",0.785663893897166,6.72785958749774e-07
"STRIP1",0.684117511853465,6.73939904439665e-07
"DDX6",0.521930979451367,6.74009572737031e-07
"PICK1",0.744759677137931,6.74930388039958e-07
"INPPL1",0.567418426391026,6.77665395036159e-07
"LOC124902546",-1.71349579040495,6.78627437865643e-07
"SLC1A2",0.900970338402368,6.81101631553708e-07
"SLMAP",0.510097818463673,6.82175041343469e-07
"TMEM30A",0.702730932317852,6.82186256221347e-07
"EIF2AK3-DT",-1.41855868169972,6.86735981474269e-07
"ADD1",0.544305782477199,6.87394129100058e-07
"RC3H1",0.586347176247929,6.89893234514496e-07
"CKAP2",0.772943911183751,6.89911324648714e-07
"CLMN",1.19692802819565,6.93795771439383e-07
"ZNF600",-0.911591786633496,6.94402537516445e-07
"LIN7C",0.595416489654303,6.97940464553997e-07
"CEACAM19",-1.17163020280526,6.97964820838149e-07
"SCLY",-0.513605528578635,6.98954291543799e-07
"NAXD",0.470293408273121,7.018108844699e-07
"SAE1",0.629991228129092,7.09030075912871e-07
"GPD1",-0.861268277130746,7.10651851279653e-07
"REEP4",0.677938437610814,7.12504550548283e-07
"ARFGEF2",0.460166046473377,7.13007066626656e-07
"ENSG00000230606",-1.19432486853886,7.13128834768449e-07
"TP53I3",-0.697131619283962,7.14607638219844e-07
"MTUS1-DT",-1.68573532335538,7.18211745736799e-07
"SMNDC1",0.557414998428763,7.19223943306917e-07
"CLBA1",-1.26214243061795,7.26761254957448e-07
"STARD3",0.654279330887921,7.28697363476455e-07
"DAB2IP",0.49640040116776,7.34547015934489e-07
"CLIC4",0.559614733662832,7.34924980703111e-07
"MILIP",-1.17452287017957,7.38256601244147e-07
"WDR53",-0.716033868549489,7.39824286892718e-07
"MARCHF8",0.825056666774811,7.40340999799022e-07
"CCNL2",-0.585617639730818,7.43357244040994e-07
"SLC39A9",0.717798601528944,7.44124267147709e-07
"CLEC4F",-2.10762131696604,7.50219677403551e-07
"CYREN",-0.532194228742791,7.51175257236792e-07
"YJEFN3",-1.25849682933939,7.55832020976278e-07
"ENSG00000247373",-1.04159910664307,7.57603562838467e-07
"CTCF",0.432545256397941,7.62671549300082e-07
"PRMT6",-0.714152322498152,7.69384491101936e-07
"MAP3K2",0.615491497448608,7.73920370332073e-07
"PI4K2A",0.515650998155687,7.75407890707189e-07
"MYEF2",0.562210184143121,7.78716573369946e-07
"NIPBL",0.585327185722182,7.86464380531038e-07
"BRMS1L",0.637707740773674,7.88213730390313e-07
"LUC7L",0.741431814329075,7.93101201433295e-07
"GOLT1B",0.671337012993933,7.94622589737013e-07
"ABHD11",-0.88132936327461,7.97263701963247e-07
"CACUL1",0.490899325221165,8.00318646508396e-07
"HSCB",-0.969877846139098,8.02976298039347e-07
"TEDC2",-0.827398851308517,8.05349449008358e-07
"CCDC78",-1.6322112836921,8.07273591020451e-07
"SH3BP5L",0.656498784786514,8.08262862162972e-07
"SLC25A40",0.681479322668956,8.08590514762166e-07
"YDJC",-0.701221113257867,8.09916752565651e-07
"ENSG00000225806",-1.85822135050037,8.11505141141273e-07
"MAPKAPK2",0.551359914701665,8.1323388131915e-07
"STX6",0.583611331471686,8.2285868363592e-07
"COQ4",-0.493131045271547,8.27532188521367e-07
"MELK",0.515038387180612,8.30907809408252e-07
"FOXQ1",-0.794514518587803,8.3132645672395e-07
"UBE2K",0.46536505735459,8.31474612054971e-07
"CCDC82",0.557640904890292,8.36067426753608e-07
"ACSM3",0.731991722305937,8.37582222988021e-07
"CDK1",0.616269073192916,8.385144282976e-07
"MATCAP1",-0.656025565992474,8.46098470757489e-07
"PDXDC2P-NPIPB14P",0.619523878206171,8.47607259053176e-07
"TUBGCP3",0.755471164854397,8.48663158644612e-07
"ENSG00000290386",0.808531511452935,8.49830983427431e-07
"AKNA",-0.754788863791682,8.51209534544118e-07
"HMGCR",0.942468504976655,8.52584871042838e-07
"ASCC2",-0.507083416913518,8.53287025522164e-07
"ZFYVE1",0.800453103756133,8.5388125349521e-07
"HPS6",-0.834992699356717,8.55045435562502e-07
"PDS5A",0.460238142431068,8.56601659158054e-07
"TCEA3",-0.664765787089016,8.59823379724702e-07
"PIP4P1",0.67945621916492,8.61023744839177e-07
"ZDHHC20",0.752232711252201,8.65384928797712e-07
"MRPL23-AS1",-1.47344449283851,8.66705487048222e-07
"GATAD2B",0.649039876958047,8.70657293949827e-07
"DZIP3",-0.619980883960097,8.85851955349655e-07
"CREBZF",0.732928878624836,8.88149992536638e-07
"CPNE1",0.538888428660833,8.89775680203851e-07
"BORCS7",0.555382334163706,8.89903006903643e-07
"DEF6",-0.5797862969295,8.92155356575844e-07
"ANKS1A",0.582738610764917,8.92933616350764e-07
"PXMP2",-0.808898026750203,8.93610592943463e-07
"DCAF12",0.60004420832056,8.936120193638e-07
"GBF1",0.599740705662688,8.96540496246095e-07
"SGO2",0.623387397791773,8.99915729438527e-07
"RBM44",2.8283851934324,9.08715736483209e-07
"DMXL1",0.60748638453026,9.0910964813517e-07
"STMN1",0.519552327831707,9.0975851631445e-07
"VPS9D1",-0.742741505911773,9.12204746726997e-07
"ETV5",0.631208337261428,9.12393783552577e-07
"BRWD3",0.54240236111642,9.18176169762474e-07
"RPS6KC1",0.623042095596451,9.22642058547257e-07
"SERGEF",0.711013069198325,9.33237329754861e-07
"LOC105374937",-1.38772228580576,9.33555323939664e-07
"IKZF5",0.660124645744571,9.34922986324352e-07
"CNOT6",0.593572450459547,9.42099417221455e-07
"NEK4",0.510292533133711,9.51688222040536e-07
"RHBDD3",-0.626311986614898,9.621139688226e-07
"ZNF429",-0.989756501977384,9.65427902384935e-07
"WHAMMP4",0.666753574252694,9.65931054093773e-07
"FNIP2",0.698330156220054,9.67777302751061e-07
"DECR2",-0.556649477117677,9.68697075406207e-07
"RALGAPA1",0.497369503609393,9.69692631269184e-07
"ZSCAN30",-0.633802909476066,9.70426338500602e-07
"RHOU",0.584472217003485,9.71666645016353e-07
"FAM86HP",-1.34100210195084,9.7479854058472e-07
"IFNAR1",0.52974787188746,9.7593776255454e-07
"ZNF615",0.842044537444822,9.78045027011842e-07
"DCP2",0.56946744084831,9.78907301494137e-07
"CTDSP2",0.625971403097007,9.79745647866405e-07
"KRCC1",-1.24433552093397,1.00425058972239e-06
"KDM6A",0.896629362281355,1.00649741700819e-06
"GOLGB1",0.687956453147664,1.00687825831091e-06
"STX2",0.58933946405272,1.00788164517331e-06
"HNRNPL",0.642670529350044,1.00982299054842e-06
"DHCR7",0.716042934167532,1.01017404688002e-06
"FTCD",-0.801272633646383,1.0111266334702e-06
"STPG3-AS1",-1.85529561411999,1.01257067486305e-06
"PKD1L2",-0.914996085572232,1.0157357256883e-06
"TMEM41B",0.688175710768028,1.02475482116403e-06
"CUL9",-0.724601831641853,1.02746249368437e-06
"PASK",-0.690013965702916,1.03221107914165e-06
"RANGAP1",0.459981851558887,1.03458520314651e-06
"L3HYPDH",-0.862587490578214,1.0362710942407e-06
"UHMK1",0.500532418111596,1.04227115258484e-06
"SEPSECS",0.737324906509317,1.04262624070347e-06
"ARSD",-0.734417136842064,1.04486025530986e-06
"B3GNT8",-1.67955258857046,1.04506804304252e-06
"PATL1",0.551788831267951,1.04740774482916e-06
"STX1B",-1.18031984087995,1.0515040491959e-06
"PSMC3IP",-0.574373428510977,1.05762170667363e-06
"TLK1",0.48176258552142,1.05891672213683e-06
"MCM3AP-AS1",-1.18412088584534,1.05938304638802e-06
"B4GALT7",-0.599459759926011,1.06490741081035e-06
"LINC02367",-2.95638731539869,1.06593970105089e-06
"RFX7",0.493222534365852,1.07196902648454e-06
"USF1",0.531558785035636,1.07218634880789e-06
"IQCB1",-0.592509380900757,1.07593762216062e-06
"ACOX1",0.455090040621631,1.07662302259231e-06
"APPBP2",0.516467574025069,1.078944277139e-06
"ARHGAP35",0.538580013460795,1.08179068830926e-06
"ARHGAP11B",1.32956155544188,1.08478523322867e-06
"ELP2",0.437424192890578,1.08680554193871e-06
"RNF128",0.603442284037414,1.08986886754183e-06
"ARPP19",0.462567437312867,1.09133565053747e-06
"TMEM74B",-1.2083759348809,1.09802474497514e-06
"KIFC1",0.4401909289456,1.10496127649774e-06
"DPH1",0.848268725887369,1.11407151209092e-06
"AREL1",0.515226617651199,1.11573645717071e-06
"ENTPD3-AS1",-1.12110871360912,1.1215472336989e-06
"GOLGA8N",-1.98481639351233,1.12803892287215e-06
"WNK1",0.582846568332224,1.13189899186477e-06
"PBXIP1",0.602178810939136,1.14861539414834e-06
"LIFR",0.746494262655856,1.15417644749533e-06
"ATP8B2",0.569016006467314,1.15513053675192e-06
"PHGDH",0.505212810369318,1.15747431463976e-06
"GCC2",0.59796017283099,1.15904737461412e-06
"FMR1",0.602185083880069,1.16019381672436e-06
"CDS2",0.623262743778287,1.16034191013497e-06
"ZC3H7A",0.50938701727085,1.16199300926689e-06
"CDCA5",0.606328982997,1.16243785480379e-06
"SLC25A21-AS1",-1.26616277528222,1.16632968103295e-06
"ANKRD17-DT",-1.27718610222614,1.16729672536376e-06
"ENSG00000256433",-1.67886856528638,1.16806110888768e-06
"RNF185",0.558377740744261,1.17006038812362e-06
"DMAC2L",-0.85677702103353,1.17177360366475e-06
"ENSG00000157306",-1.2058676247008,1.17185600461669e-06
"CNNM3",0.65930286716633,1.17234562672287e-06
"CDKN2D",0.97825166983335,1.17370364478092e-06
"UGDH",0.630310634361736,1.17392228009545e-06
"PTPDC1",-0.916272377996938,1.17507785822195e-06
"CARD6",1.24927901403484,1.18093533064578e-06
"ENSG00000261770",-1.17911191824996,1.18350319524695e-06
"ARSG",-1.57068447752391,1.18691552591283e-06
"CBL",0.594419726168201,1.19059274730461e-06
"H2AZ2",0.483111610020883,1.1919526248835e-06
"ABCD3",0.528106232970664,1.20176366169197e-06
"CDKN1B",0.490862618338505,1.20190270516986e-06
"SOCS7",0.544803333079424,1.21171714770185e-06
"ADD3",0.483168756946868,1.21346525233171e-06
"MED14",0.541293830510488,1.21375707638901e-06
"LRP6",0.805262784908523,1.2181731454307e-06
"TAF7",0.528245722917771,1.2188275971328e-06
"ORC4",0.568232197140541,1.22258721780031e-06
"CRY1",0.92545618709231,1.22361687869776e-06
"DEDD",0.50785624329233,1.22593979546858e-06
"MR1",-0.635270033229831,1.22676131042905e-06
"SP2-AS1",-1.05344752534559,1.22853267034303e-06
"LRRC1",0.522499416429518,1.23413729669116e-06
"ENSG00000288612",-1.1042034984362,1.23744950706509e-06
"NUDT8",-0.784957789632182,1.23940960112428e-06
"HIPK3",0.643442589879523,1.24004072220748e-06
"NDUFAF5",0.606072249912452,1.24428290448964e-06
"RELA",0.5711970487446,1.24479753275738e-06
"ZNF276",0.576650281460903,1.24509622553935e-06
"MSH5-SAPCD1",-1.71562333911828,1.2458742788325e-06
"GSTA4",-0.572448991725085,1.24772120215298e-06
"JARID2",0.558886071035975,1.24820375477785e-06
"C1QTNF6",-0.933910909575663,1.25032258193057e-06
"ABHD2",0.932483426100926,1.25398863154881e-06
"POLR3A",0.482370903945466,1.26007579276992e-06
"DIAPH3",0.640179363517507,1.26066287967806e-06
"NIT2",-0.570662991848477,1.26304981232461e-06
"RBBP5",0.574356235799617,1.26884596776146e-06
"MAFA-AS1",-1.12888684455919,1.27139026880518e-06
"JMY",0.815962283797374,1.27213140030675e-06
"ZNG1E",0.509676082378187,1.27943440208858e-06
"ATAD1",0.717340902019508,1.28181745027194e-06
"YIPF6",0.460775170725401,1.28209846758093e-06
"TENT2",0.68008118787123,1.2825763181655e-06
"TRMT6",-0.533270283588579,1.28308841427592e-06
"SOD2-OT1",-1.20126497252438,1.29087548422017e-06
"CAPN1",0.448100384867627,1.2930110067928e-06
"RBL2",0.537040808661169,1.29375442662736e-06
"STRIP2",-1.03164926413689,1.2949394132738e-06
"MNS1",-0.958583812529369,1.29511057218941e-06
"FNBP4",0.629840600855202,1.30781146354959e-06
"ZNF682",-0.94613367902889,1.32082964803433e-06
"SH3BP4",0.600371073922768,1.32094519920261e-06
"MROH6",-0.905211106398766,1.32691809073663e-06
"TMEM116",-0.791857299607694,1.33602668500578e-06
"ENSG00000238058",-1.29566916359593,1.33987054395e-06
"KDM5A",0.545556480400779,1.35184326877159e-06
"TCF25",0.563393048968724,1.35515319289838e-06
"HMG20A",0.638218153385674,1.35930358777902e-06
"MTA1-DT",-0.966480513573797,1.36300975709058e-06
"LINC00513",-0.766089924197423,1.36499039452946e-06
"GALE",-0.626524748903783,1.37347349922214e-06
"TANGO6",-0.808522507560693,1.37368862201228e-06
"TMEM79",-0.96460084121869,1.37431527776584e-06
"LINC00205",-0.669272869124303,1.3743648654428e-06
"ST3GAL6",0.536530116144008,1.37713004342029e-06
"POLM",-0.744568253728683,1.37745637383305e-06
"NUMA1",0.464438134956451,1.38051564690608e-06
"STAG2",0.483759788041263,1.38105907442775e-06
"NDUFAF6",-0.622791567107923,1.38467474219114e-06
"ELOVL6",0.617476701583257,1.38690633430568e-06
"LINC01852",-2.03689822252602,1.38844368397021e-06
"ENSG00000273702",-1.26971718686201,1.39183394490859e-06
"GNB1L",1.18342132618835,1.39422536533418e-06
"UBTD2",0.479025929673123,1.3974008865291e-06
"FBXO11",0.519162335428125,1.40638351738514e-06
"LINC01547",-1.84036184698309,1.40921282248209e-06
"DOC2A",-1.40134841841336,1.41349311982786e-06
"ORC2",0.709096977558515,1.4145220614993e-06
"HNRNPUL2",0.546488383730847,1.41560903367359e-06
"EOLA2",0.530350823338421,1.42057570869179e-06
"TMBIM1",0.565636129716209,1.4256468729122e-06
"RSRC2",0.495530780953854,1.42736833387111e-06
"KDM5B",0.506520449716869,1.42915336035364e-06
"STOM",0.925656104715308,1.4403752815233e-06
"ASPHD1",-0.576457066326711,1.44170913106501e-06
"ENSG00000248092",-0.52310900663387,1.45122028042479e-06
"BEND3",-0.602894697399776,1.45221324983776e-06
"ENSG00000267396",-1.95559982662187,1.46697164469991e-06
"MAP3K9",0.663651082147804,1.46777155005124e-06
"SNHG8",-0.675246198562143,1.47430716240501e-06
"THRAP3",0.548298091842618,1.47749357900027e-06
"FAM171A1",0.564513394607202,1.48699920100645e-06
"TST",-0.880297057663336,1.48918611411313e-06
"CCDC154",-2.61520902993417,1.48922627082252e-06
"IQCH-AS1",-0.770276326593846,1.49515979050176e-06
"PGF",0.728118771308007,1.49799850431666e-06
"INVS",-0.59517246099078,1.49920277448695e-06
"MPV17",-0.548372780120225,1.50221715520831e-06
"FYN",-0.731469414657322,1.5072796408524e-06
"MIER1",0.526848572427606,1.50846110207515e-06
"FAM168A",0.562493455225375,1.5095170314962e-06
"PHF1",0.525070854113195,1.51841800745415e-06
"HNRNPH1",0.670753244753656,1.52184826913502e-06
"CBX1",0.566746941691994,1.52197209114337e-06
"CIAO3",0.666305845148812,1.52253981899497e-06
"AS3MT",-0.618873089577566,1.52665343583355e-06
"ZNF213-AS1",-0.692965128989685,1.52764413433775e-06
"ASTN2",-0.734139604660086,1.53114937233454e-06
"ZRANB3",-0.567845853517689,1.53129040147223e-06
"ENSG00000284747",-1.60026777342585,1.53153749937289e-06
"SFR1",-1.21113634276805,1.53718583757039e-06
"TBC1D8",0.559898567729611,1.5394924850638e-06
"RAB43",0.899062232361485,1.54785528559363e-06
"TCF19",-0.548436160170782,1.55258179209173e-06
"PAFAH1B2",0.539949268435482,1.56179893852924e-06
"FAM43B",0.791002006797236,1.57051637494884e-06
"KNL1",0.943614565244506,1.57601963134736e-06
"DOCK7",0.53647780712021,1.57935384740383e-06
"PRSS8",1.20234595141764,1.58041274285282e-06
"ENSG00000308554",-1.17872591396595,1.58642938050886e-06
"ENSG00000260274",-1.5001828939144,1.60173723389763e-06
"ENSG00000280893",-0.849795758386531,1.60794884781509e-06
"ENSG00000267199",-1.34719738030906,1.60893017974753e-06
"GSTK1",-0.427281879989718,1.61403177194871e-06
"ATG4B",0.59606516599317,1.6149041854157e-06
"PLEKHN1",-1.87290938853117,1.61515359628971e-06
"CMTR2",0.694911368931583,1.62165264257373e-06
"ADAMTS13",-0.862875822686166,1.62591654106731e-06
"PLK4",0.643371769594624,1.6264987459249e-06
"PTK2B",-0.940031380263435,1.6339685477495e-06
"PFDN6",-0.669101227608812,1.63914678403106e-06
"PTPN12",0.472681934537754,1.64704176716181e-06
"TMEM185B",-0.718039636690126,1.65012759070261e-06
"CCDC40",-0.813841849027068,1.65207118367157e-06
"IKBKB",0.72283357817026,1.65370812273685e-06
"PNRC1",0.86034491610213,1.65744381061415e-06
"SENP5",0.477607574096912,1.67612056688762e-06
"PPP4R1",0.534561657447626,1.67619502908067e-06
"VPS8",0.621196737554504,1.67659495276886e-06
"ILRUN",0.709584648396234,1.67659545430816e-06
"HJURP",0.500598351637942,1.68136750373321e-06
"IRAK4",-0.722458526564668,1.6964719398177e-06
"TESK2",0.839881973676053,1.70069577984631e-06
"GTF3C2",0.511486817889237,1.70103917011786e-06
"FAM86DP",-0.736750640626757,1.70756619986478e-06
"SHCBP1",0.61929213791463,1.70893674578269e-06
"RBM39",0.708605397175751,1.71158218031981e-06
"ENSG00000293107",-0.883918256906617,1.71637613864601e-06
"ENSG00000264808",-1.36908392242607,1.71787641722538e-06
"CBLB",0.744784625902766,1.72573628460179e-06
"BAZ2A",0.499206064696903,1.7260586834331e-06
"SLC12A6",0.862267308532297,1.74583272752562e-06
"ENSG00000268218",-0.932563426400811,1.74690407690918e-06
"LSP1P5",-0.573721799219572,1.74719266672446e-06
"STK17B",1.82231489024134,1.74830532043188e-06
"THTPA",-0.864549004623221,1.7530171235642e-06
"RNASEH1-DT",-0.963272686683949,1.76530267908338e-06
"LINC02323",-1.30136868813569,1.76728374417942e-06
"ENSG00000279428",-2.70222623996005,1.77622557837795e-06
"PPP4R3B",0.487068751193444,1.7785552757579e-06
"ENSG00000257135",-1.36525597961957,1.77938303556167e-06
"TACR1-AS1",-1.7596748704811,1.78262051435234e-06
"AFDN",0.574767107757755,1.79104966817235e-06
"TSPEAR-AS1",-1.06991428193459,1.79328384397769e-06
"MAU2",0.472227372153022,1.79628090496828e-06
"PWWP3A",-0.629754055796567,1.79677214997875e-06
"DYNC2LI1",-0.819584691540772,1.79980395272375e-06
"MIER2",0.488916192234954,1.80088879705667e-06
"CCDC51",-0.710223530349248,1.80485413059172e-06
"SETD5",0.525788900138581,1.81207099613824e-06
"CAB39L",1.45592708626094,1.81478924903707e-06
"ENSG00000248554",-1.71494057400086,1.81790346254329e-06
"SPEN",0.475920761767387,1.81853318893923e-06
"RFXANK",-0.66451321957333,1.82232422908966e-06
"ENSG00000298624",-1.48145867472556,1.82831049933653e-06
"CREB3L4",-0.90211974723963,1.83063274447531e-06
"MAP1B",0.67209526996507,1.83176059101635e-06
"NRBP1",0.491614237209643,1.83733234139984e-06
"ABL2",0.45267476593596,1.83775191928981e-06
"CCSER2",0.733642067021474,1.84673163957878e-06
"GYS1",-0.685932018477479,1.85119434685946e-06
"LINC01270",-0.961405836490594,1.85246927323474e-06
"ADGRG6",0.741796516763721,1.85413746034654e-06
"DND1",-1.3681803113635,1.85427941775275e-06
"GASK1B",0.656257166854392,1.86258262868337e-06
"LINC02985",-1.45588386467023,1.86657264369085e-06
"PRIMPOL",-0.857804195054038,1.8778181781906e-06
"RIBC2",-2.49303046178371,1.87785667363311e-06
"MXD4",0.556717671813686,1.87966667565192e-06
"FAM161A",-0.763890764899722,1.88373071917923e-06
"MAPDA",-0.637820632321067,1.89889643549246e-06
"ACSM5",-1.06180511844758,1.90718987248171e-06
"POLG",0.447182892414631,1.91730809643322e-06
"TMOD3",0.559506252540774,1.92405583090193e-06
"B4GAT1-DT",-1.04278382600018,1.9254698129051e-06
"ENSG00000186301",-0.752813612348441,1.92919953005876e-06
"ARHGAP18",0.44221341979811,1.93389012129623e-06
"P2RY8",0.821462033754711,1.94837633476558e-06
"E2F1",-0.650768089696676,1.94855547016371e-06
"USP53",0.530009572803215,1.94967389125611e-06
"SNRK",0.960389352277913,1.95959450743656e-06
"HYAL1",-0.561610714724329,1.96119503506047e-06
"CASTOR2",0.728778081467562,1.96252944488615e-06
"USP47",0.525541721421078,1.96516889679257e-06
"ENSG00000288983",-1.23601395510548,1.97085831338825e-06
"PLEKHM3",0.897183559374404,1.97418317841636e-06
"RAB5A",0.548233613073938,1.97816808606146e-06
"DNAJC25",0.566135450272392,1.98472810242023e-06
"E2F2",-0.530112510934857,1.98960779179675e-06
"HECTD4",0.524934479679721,1.99175401374516e-06
"HK2-DT",-1.61352457444263,2.00158679067157e-06
"DPY19L2P2",-1.89915195384646,2.00325853207781e-06
"ENSG00000227953",-1.05341810667617,2.01654236360541e-06
"WWP1",0.569309741647766,2.01720541212277e-06
"BTN3A2",0.553153528085036,2.01899263135715e-06
"STK33",-0.779095992187932,2.03024811125008e-06
"C2orf74-DT",-0.746206219139421,2.03765363003102e-06
"ERN2",1.18797372585753,2.0422439492586e-06
"MROH8",-1.2978131998321,2.04323909408714e-06
"SUFU",0.587198638926623,2.05198975873563e-06
"NSMCE2",0.65259357912476,2.05398378178588e-06
"ENSG00000254859",-1.64705711152251,2.06071618958575e-06
"LINC00923",-1.44389129364896,2.06147652531805e-06
"MRPL24",-0.642353746387403,2.06967324517653e-06
"CEPT1",0.552794742205836,2.07062266999942e-06
"BORA",0.641862384635396,2.08177724464653e-06
"CRBN",0.505287251337717,2.08206656068735e-06
"PHF19",0.444754502073129,2.09347897073456e-06
"LOC440300",-0.93706846962225,2.10554932103757e-06
"SESTD1",0.51653109933488,2.11509468803967e-06
"RAB3GAP2",0.438476118295225,2.11812400844126e-06
"PTP4A1",0.576316576030365,2.12090380733306e-06
"MRM2",-0.522250152103161,2.12772588340628e-06
"RASA1",0.564654337129285,2.12812802723986e-06
"FAM98A",0.519911763843887,2.1316016154075e-06
"NFRKB",0.526794707673317,2.13297642043623e-06
"LINC01694",-1.19968217172343,2.15416177071103e-06
"ESCO1",0.525361145769418,2.15792821203057e-06
"RAD54L",0.791459736881547,2.15842164781788e-06
"DGLUCY",-0.534507184363515,2.16206912275852e-06
"CENPX",-0.552783319663201,2.17132250234405e-06
"ANKIB1",0.451361041798084,2.17379945555127e-06
"GRB7",0.805466891869749,2.17892214073574e-06
"ZNF219",0.565466922972287,2.18594923827579e-06
"PSMB10",-0.654812457962926,2.19197475199629e-06
"ANAPC1P2",0.674151627456745,2.20020737069489e-06
"SRGAP2B",0.477679473226032,2.20378105118722e-06
"ZFP90",-0.631689978446141,2.20533271451113e-06
"ENSG00000272669",-2.16937684154564,2.21384639820691e-06
"ENSG00000273356",2.82174438920443,2.2276558328166e-06
"ZMYM6",0.576467484056733,2.2377335629734e-06
"PEX14",0.522163211570533,2.24102339471819e-06
"TCTA",-0.652962262843394,2.24125171087637e-06
"CAPN10",0.461512417594013,2.26165269383004e-06
"DHRSX",0.571641119054865,2.26572368685816e-06
"BMPR2",0.490412184374913,2.26973615815253e-06
"DTL",-0.526575430119868,2.27318291296908e-06
"CDK5R1",-0.885098145458624,2.28018421504655e-06
"APOBEC3F",-1.41435629032315,2.28751197240354e-06
"CDK16",0.598305922399519,2.28802783572254e-06
"ACBD7",1.42833329991094,2.29477459947516e-06
"CRELD2",-0.506065736006846,2.29682276298535e-06
"ENSG00000259529",-0.490921791632558,2.3057226733114e-06
"ENSG00000299943",-2.12937024135605,2.31530956633595e-06
"SYS1",0.529168850659742,2.3186430776865e-06
"ZFP91",0.462300676408978,2.31983806208402e-06
"DDX46",0.57335440470495,2.32161789989927e-06
"ACSS3",0.433930878618393,2.32735584358211e-06
"TMEM120B",-0.551181020143094,2.32961028402652e-06
"PRDM16-DT",-0.974163372940859,2.33007070017747e-06
"MTRES1",-0.98510758083698,2.33214833627969e-06
"MAST4",0.698727941564354,2.33594262730431e-06
"TBC1D22B",0.505696728706063,2.33866259786093e-06
"ATG14",0.612119213519452,2.36689544053781e-06
"U2AF2",0.444931053607294,2.37111786036647e-06
"TAB2",0.625449816212564,2.39340852944089e-06
"ANAPC5",0.551126826529614,2.41964549411418e-06
"B4GALNT1",-0.646437143096345,2.42222082125309e-06
"DOCK6",-0.66242016375611,2.42280533253124e-06
"TMEM181",0.568841078718297,2.42754723053125e-06
"PTPN11",0.494373216623603,2.4384455970522e-06
"NCOR1",0.525185633826109,2.45710710443885e-06
"ANKRD27",0.543949201817485,2.47777830629577e-06
"KIF14",0.675704312935712,2.47958952344964e-06
"G6PC1",1.45054439620106,2.48071198856604e-06
"NUTM2D",-1.18899666524492,2.48175833053653e-06
"SPEF2",-0.984736631337863,2.49875842911609e-06
"TCF12",0.482620379863025,2.50573767925021e-06
"PLA2G4B",-0.76300915344871,2.50618171935752e-06
"LBX2",-0.99823310702423,2.50716507670855e-06
"TOMM70",0.486837546534726,2.50967845342102e-06
"CDH2",0.682756621559883,2.51239071287926e-06
"RNF139",0.664663706023046,2.5126642162202e-06
"ENSG00000253669",-1.00003541039459,2.51778496647306e-06
"LMO7",0.535887793661091,2.51916953355317e-06
"DLK2",-1.48301236653291,2.52778176975388e-06
"HS3ST3B1",0.508908246692188,2.5405276225344e-06
"XPOT",0.442828220455585,2.54429839208152e-06
"PAIP2",0.590066540256377,2.56079625368163e-06
"PIK3CD",0.522850013841871,2.56295640078781e-06
"ENSG00000286989",-1.87922052882778,2.56943286259741e-06
"SERPINA10",-0.747314024444365,2.57610896429168e-06
"RNF24",0.778652090379691,2.58442664611702e-06
"PIGP",-1.02785848069877,2.58897653984176e-06
"KPNA3",0.483370114911956,2.59208785687474e-06
"SLC25A10",-0.554365946744071,2.60281428106444e-06
"MLLT6",0.491085637769175,2.60350161324606e-06
"ZMYM4",0.438724477055633,2.61534565700519e-06
"DYNLT1",-0.465468426204034,2.62003054783759e-06
"PSMG4",-0.548694024675708,2.62379735073786e-06
"FBXL3",0.591122477401692,2.63493861070171e-06
"ENSG00000261012",-0.820404725807071,2.63828126045518e-06
"RNF38",0.549441409764229,2.64450028253265e-06
"INTS2",0.541555075043677,2.65646607634492e-06
"ENSG00000271978",1.45081235151022,2.67137122345748e-06
"NR1H3",-0.693615805471978,2.67728755897664e-06
"FOXC1",-1.17348569637722,2.68615514490094e-06
"YY1",0.426336625780682,2.69847801040839e-06
"TTC21B",0.501289290782871,2.71683629307523e-06
"MATR3",0.467505102324568,2.72435172443895e-06
"HCG15",-1.57608305172722,2.73801996605134e-06
"OAF",-0.565014902459255,2.74006931937512e-06
"CEP135",1.06286154507593,2.74912876371656e-06
"ENSG00000273270",-1.16584732477091,2.75206821647632e-06
"GMDS-DT",-0.786435001864236,2.76003597629984e-06
"ZCWPW1",-1.017623304702,2.76168698233568e-06
"MARCHF5",0.521971686029217,2.77115172890342e-06
"ENSG00000186481",-2.31935689657691,2.77615265081355e-06
"DTNBP1",-0.581672497899972,2.8001546750361e-06
"HMGB3",0.56647430735196,2.8171734963883e-06
"ENSG00000307433",-1.35539003649617,2.82467385283966e-06
"CDK17",0.554571578724878,2.82952399781451e-06
"PMS2P1",-0.613114018170618,2.83868479945032e-06
"PHACTR4",0.519301552173753,2.83954887275471e-06
"ERCC5",0.53910158857268,2.84118526485634e-06
"CYP2E1",2.82673993344196,2.84750148227603e-06
"FAM76B",0.60967758792034,2.85346724411463e-06
"ATXN7L1",-0.75638319004853,2.85864379512423e-06
"ALKBH2",-0.647715391288104,2.86337250849715e-06
"SAMSN1",5.07993715384807,2.86499619504547e-06
"FLYWCH2",-1.01629152798029,2.88657472599642e-06
"STKLD1",-1.40898186976068,2.89007676595898e-06
"ABCA11P",-1.22371227755596,2.89093302850332e-06
"ARL6IP1",0.773520939469963,2.89645467848427e-06
"STARD9",1.08130691246251,2.90000972780167e-06
"LOC105379829",-1.16753234957285,2.90330409177546e-06
"ANKZF1",0.626621538190301,2.91213961309981e-06
"CGGBP1",0.451444047386705,2.91924006224941e-06
"RB1CC1",0.598599178087937,2.92464066859592e-06
"ENSG00000233396",-1.03647275423804,2.93910339306335e-06
"PIAS1",0.452055503544744,2.93961028104531e-06
"PDE4A",0.57227332025324,2.94489876576911e-06
"CCDC102B",-1.38418163939639,2.94919824242804e-06
"PTOV1",0.433268778916533,2.95512934675821e-06
"WDR31",-1.525258697437,2.95581249000159e-06
"OPA3",0.477786706184827,2.96084072638448e-06
"LOC100996660",-1.43894468929071,2.96118736867002e-06
"PDCL",0.534337304619815,2.96431328813578e-06
"TRPC4AP",0.465770419233106,2.96622659785044e-06
"ATG13",0.727250751319815,2.96796331637854e-06
"SMAD6",-1.05330501086198,2.97840649317749e-06
"PLEKHH1",-0.643422589823838,2.97949669539019e-06
"WDR82",0.517918669687088,3.00323128636506e-06
"KLB",1.3530002653785,3.02548965155586e-06
"HSD17B1-AS1",-0.600916202967675,3.03072484593906e-06
"EVI5",0.668049631716634,3.04834643941392e-06
"NOXA1",-1.18584381270113,3.06346357188805e-06
"PNPLA8",0.791354602221716,3.07294155919825e-06
"HELZ",0.523963304566418,3.08755885006676e-06
"TECPR2",-0.608234900209781,3.09487311626784e-06
"FAHD2A",-0.557051498148561,3.09961030178314e-06
"LRCH3",0.437734126366296,3.11548483493267e-06
"HCFC1",0.504686596756278,3.11935496355256e-06
"TMEM220",-1.09935120701709,3.16554130901053e-06
"WASF2",0.436868817069021,3.17778603482483e-06
"CNST",0.530518675852325,3.18189178523525e-06
"AMD1",0.50426801803591,3.19292812598127e-06
"POLR2J3",-0.694393563295149,3.20003246297529e-06
"ZNF558",-0.603187475458743,3.22213510172796e-06
"OSBPL2",0.447865743502266,3.23213975216011e-06
"VSIG10L",-0.744941767678582,3.23353995718151e-06
"SPHK1",-0.468895373622476,3.23858580256407e-06
"MAGED4B",0.826084162431864,3.25828810710295e-06
"LOC100506076",-1.02295208417805,3.26729521870514e-06
"POLR3E",0.429414149604551,3.27674660367e-06
"ENSG00000272079",-0.95455891601313,3.28388040742803e-06
"GHDC",-0.506182704868812,3.28932362669848e-06
"ENSG00000267127",1.97917719876052,3.30554075893655e-06
"TLE1",0.572243327168007,3.31266873744581e-06
"PPAN",-0.459297952548689,3.31720838758196e-06
"CDC40",0.48973479194613,3.3218260687124e-06
"RWDD2B",-0.879925497300894,3.32293142253957e-06
"ENSG00000295911",0.952764247762955,3.32868156453191e-06
"CHMP4A",-0.522915074630654,3.3315165358511e-06
"B9D1",-0.811501124703887,3.3420312783392e-06
"UBE2O",0.445133112617721,3.35164813939053e-06
"KLHDC3",0.496154014703139,3.35427297041738e-06
"RLF",0.509682128192778,3.37842944120282e-06
"TMEM35B",-0.91838737751207,3.38080243383922e-06
"MTMR12",0.599793599203775,3.38742992846702e-06
"NUDT4B",1.20492948729739,3.40611383030876e-06
"KRBA2",-0.91633674529103,3.41102619689889e-06
"LOC105372705",-1.38324133266118,3.42676848301257e-06
"SEC23A",0.568320716309003,3.43023617402994e-06
"ENSG00000254233",-0.828304152239302,3.47697313502331e-06
"IL4R",-0.699061358361083,3.4928641361817e-06
"PSMG3-AS1",-1.47022979817524,3.50563204758089e-06
"TATDN2",0.460981688716065,3.5124765286814e-06
"ARID4B",0.464765817327058,3.55312897331723e-06
"MEF2D",0.594750433771025,3.55639905028697e-06
"PKD1P6",0.696527684216795,3.56883731631102e-06
"CXADR",0.629533843258383,3.57356540865789e-06
"SACM1L",0.470261392562688,3.589767633091e-06
"ENSG00000289685",-4.15139776485229,3.60174864152116e-06
"SMPX",-1.43125773733621,3.61367915774377e-06
"RRP7BP",-0.782460373065811,3.62820831542844e-06
"NPDC1",-0.954672710839938,3.63467932838414e-06
"LCORL",0.709020489493237,3.64806734028908e-06
"GPAT4",0.491712334371522,3.66277669258365e-06
"PDCD4",0.469935792397564,3.6630171697904e-06
"DNAJC3-DT",-0.890285680399291,3.66852430650743e-06
"YKT6",0.513288194943588,3.6723840294341e-06
"ZNF43",-0.634459982371492,3.673642416955e-06
"PSME3IP1",-0.445093949457136,3.6923352045189e-06
"LOC105369147",2.58818707571214,3.69521132246245e-06
"DNAJC5",0.460548279095508,3.71030281996647e-06
"CCNT2",0.474484691382511,3.73598009409954e-06
"RAB18",0.435507608991716,3.73899084315734e-06
"FRRS1",0.753742697404986,3.74248966228976e-06
"APEX2",-0.617164785614722,3.78196013647929e-06
"MAP2K7",0.443690237423743,3.79652575100186e-06
"CDH26",-2.24860035495616,3.79959598654528e-06
"KMT2C",0.517228978156618,3.81054720804414e-06
"SUDS3",0.410900276992551,3.81290340546172e-06
"IGFLR1",-0.813127674469122,3.84543784632834e-06
"STIL",0.573270286888858,3.87651215480674e-06
"KIF5B",0.448295312874151,3.89186452086516e-06
"ENSG00000280287",0.884539972959929,3.89794226042727e-06
"FOXJ3",0.537051000908598,3.9297000411918e-06
"ABCA1",0.563063263275954,3.95173893847891e-06
"RAB4A",0.515009316717305,3.95287679840905e-06
"ZNF317",0.497579137223965,3.98403285777494e-06
"ENTPD7",0.638181495519713,3.98597160374075e-06
"ERG28",0.557252377519905,4.01019451859252e-06
"ENSG00000297599",-1.97527665139878,4.02213382791635e-06
"ZNF7",-0.501380958776035,4.03583832752277e-06
"CCDC125",-0.640672201212179,4.03655663473609e-06
"MX1",-0.979172545928389,4.03915020617124e-06
"TYMP",-0.78946054599646,4.04492802381834e-06
"RBM22",0.538040822998975,4.07166530984994e-06
"RFT1",-0.543504160408983,4.10419991852863e-06
"MCM10",-0.462783459636256,4.11314921790466e-06
"NUDT6",-0.949039110917279,4.11782786898014e-06
"MIGA2",0.503173827936612,4.12481395148066e-06
"C16orf87",0.488013315513914,4.14656039357195e-06
"GABPB1",0.532804965592428,4.1535136229284e-06
"MAVS",-0.48995585544946,4.18835636728045e-06
"ENSG00000294538",-2.05718660418549,4.23880880490108e-06
"ZBTB42",-0.904380473784979,4.24564437391183e-06
"ZNF44",-0.602580695545254,4.25662368788404e-06
"PAN3",0.541280449208833,4.27027799379338e-06
"ENSG00000300506",-1.0686488334032,4.30618228931051e-06
"MAF1",0.713580730525779,4.30659432088613e-06
"ATG16L1",0.64363533999038,4.33018962675663e-06
"ENSG00000234420",-1.20567003628218,4.38090043704989e-06
"ACVR2B",0.693794678140362,4.38841999111108e-06
"ZNF207",0.477116907994941,4.39817540040721e-06
"TEN1-CDK3",0.758121146468432,4.40408360096179e-06
"UBN2",0.508741651916802,4.42247870038078e-06
"LMBR1L",0.677956677328178,4.43566689215172e-06
"CCDC18",-0.864306526790661,4.46198423816444e-06
"LINC01605",-0.781964652081125,4.48110314773973e-06
"CCDC77",0.524929547868819,4.50297093259646e-06
"ENSG00000286118",-2.65985460887252,4.50548033044592e-06
"ZNF331",0.540242457223016,4.51025239723872e-06
"GUSBP11",-0.730495423787439,4.51626688745554e-06
"SLC22A23",0.488219894570927,4.52618215731453e-06
"GOLM2",0.426923659289707,4.54307151288433e-06
"NMT1",0.443842260731406,4.55284239364704e-06
"SMAD2",0.395547412226479,4.55608034341997e-06
"LOC107986760",-1.42095319006526,4.56523047931089e-06
"ELFN1-AS1",-2.1408576828591,4.56796626272455e-06
"KIF18B",0.842849929786478,4.5694496138901e-06
"FCHSD2",0.446557516263726,4.57303516324356e-06
"FAM20B",0.479316480385334,4.58209056024081e-06
"ENSG00000258461",-1.30523024063305,4.58631431995977e-06
"MSL2",0.666723428881335,4.58997063299165e-06
"C22orf46P",-0.929679767728331,4.59406996332356e-06
"ENSG00000287808",-1.98231753201934,4.60093905523966e-06
"FURIN",0.578785691959643,4.60670811429455e-06
"GCN1",0.473655316131646,4.62038762251085e-06
"MYH3",-0.809680760969507,4.62445703861342e-06
"KLHL17",0.520109155242435,4.63220956771849e-06
"TAPT1-AS1",-1.09699909676227,4.63683984423081e-06
"ENSG00000248015",-0.994253986483766,4.63998213355779e-06
"LINC01273",-0.79876325617159,4.66906979795806e-06
"EEA1",0.559567835361483,4.68239229482255e-06
"ITPKA",-0.452019328659128,4.70849468844805e-06
"ZNF277",0.576207584134961,4.72397150531635e-06
"ENSG00000214796",-1.30419427972995,4.7644737180437e-06
"DLG4",-0.851784965948586,4.78446640757068e-06
"CCDC71",-0.739103328473824,4.78907950908353e-06
"ENSG00000294008",-1.30329535981428,4.78998069731389e-06
"REX1BD",-0.627349684709403,4.80287556756929e-06
"AHSA2P",-0.517650994422599,4.81758522687732e-06
"SRSF2",0.616659432687802,4.83070820995581e-06
"PITX1",-0.506460125491703,4.84856852436453e-06
"FSD1L",0.743017946768838,4.87929967905619e-06
"NUDT7",-0.770437342407262,4.88153616968088e-06
"NECAB3",-0.714263683173741,4.93487422383085e-06
"SLC35E1",0.512805012338528,4.93560377530245e-06
"CHP1",0.434952607827949,4.94185294077722e-06
"KCTD10",0.53485687562852,4.95583690170039e-06
"KIF3A",0.642657005158875,4.97233288500934e-06
"TMEM167A",0.424638884619339,5.05407658291633e-06
"WDR26",0.42359284872111,5.05752640336811e-06
"MOCS3",-0.677793911850262,5.06068586800017e-06
"SDHAF4",-0.9445151484957,5.06163444257185e-06
"COG3",0.505493715536408,5.06307792413948e-06
"MED1",0.50473472862742,5.08081402514702e-06
"PFKFB4",0.924977523145261,5.08196819885859e-06
"TM2D3",0.556339584993511,5.08265922187294e-06
"PLCG1",0.733865328746843,5.10720631679542e-06
"NUDT16",-0.555146770014801,5.11661189037072e-06
"ENSG00000293402",-0.752283455448827,5.15373357960475e-06
"AKAP8L",0.681429179878555,5.16271218784607e-06
"SKA1",0.635499824778634,5.16384990302808e-06
"PINK1",0.85068705120908,5.1896425072606e-06
"UBR3",0.569947580133609,5.20430052408194e-06
"TBL1XR1",0.495590973321639,5.2378739184834e-06
"CRYBG3",0.591102589971945,5.24332374193021e-06
"PTPN4",0.549995887759959,5.25468626891796e-06
"POLG2",-0.529228953141206,5.25646662304991e-06
"ENSG00000259347",-1.06671294447045,5.25791340002557e-06
"BTN2A1",0.525374643903395,5.28322730506952e-06
"COG7",0.510369324414596,5.33664917476629e-06
"C11orf98",-0.716305700016601,5.35312853300698e-06
"DONSON",-0.422661690909193,5.3568836436301e-06
"TNS3",0.46189541845125,5.37393905747335e-06
"TADA1",0.503682067906459,5.37798270309021e-06
"ENSG00000250049",-1.20525667256844,5.38215502736344e-06
"MED12",0.522797191500757,5.3959313921129e-06
"ATOSA",0.635707381418706,5.41654543355397e-06
"ENSG00000235381",-0.820981985070231,5.422019066612e-06
"GDAP2",0.451710243441913,5.44576937642095e-06
"CCDC12",0.44873334099404,5.45612326357959e-06
"SLC25A11",-0.521717162977822,5.47449184420703e-06
"EMC3",-1.75214993819834,5.48378801116867e-06
"LCN12",-1.07736505224984,5.50297938425406e-06
"RAB6A",0.515834297782204,5.5296334104749e-06
"CBY1",-0.728543823397956,5.53117432842178e-06
"ENGASE",-0.511242798118205,5.55217538684309e-06
"GSS",-0.405057568382813,5.55371385279535e-06
"SUPT5H",0.524195491343847,5.56490464667176e-06
"ARHGEF28",0.546249300659272,5.56950323306967e-06
"PIP5K1B",0.76840219495445,5.5741075375429e-06
"WIPF2",0.437897741243138,5.61409450094767e-06
"NKX3-1",-0.669269901068029,5.63301405144949e-06
"BNIP2",0.495092173366396,5.67620257632602e-06
"TULP4",0.461713049691291,5.69850971118346e-06
"ANKRD52",0.411436263607663,5.70521177791001e-06
"ENSG00000232915",-1.45948356092242,5.70528544019879e-06
"ENSG00000293192",-1.23921768487136,5.71443497894477e-06
"ENSG00000215110",-1.73567297467137,5.71563916713659e-06
"CCAR1",0.421562158334096,5.71568563050081e-06
"SZRD1",0.500698076957172,5.7312670440484e-06
"GATD3",-0.593059837256571,5.73525968061569e-06
"METTL3",-0.413896226839437,5.79897240594996e-06
"LINC00467",-0.909922386092088,5.83413779076728e-06
"SAR1B",0.51342745013451,5.84803879480864e-06
"BORCS8",-0.579352765604149,5.84972917580788e-06
"COMMD10",0.68253246258369,5.85614233873283e-06
"CALU",0.644023595028675,5.86449553320318e-06
"ENSG00000258534",-1.58315881782548,5.8820562542371e-06
"ARID5B",0.895148425446922,5.89131260162842e-06
"CEP164",-0.619533389502146,5.90810696054515e-06
"FBXO34",0.532960122744704,5.91792278647758e-06
"ERMARD",-0.915627089310526,5.92007325043478e-06
"EIF2A",0.452400463993586,5.92039351331395e-06
"ACIN1",0.57953732378195,5.94849094118079e-06
"CGNL1",0.677396126901525,5.96127092258029e-06
"COL9A2",-0.632436761890953,5.9885546340975e-06
"ENSG00000267530",-1.77261995778112,5.99367798469403e-06
"PLEKHB2",0.504026286532974,5.9969276464036e-06
"LINC00910",-0.569999675072193,6.006161850916e-06
"HLF",0.503274922780458,6.01696544190099e-06
"CLCN6",0.493720906281401,6.01829899561533e-06
"EDC3",0.442964356337829,6.02306337323083e-06
"GGA3",0.461811028715593,6.03489189022641e-06
"ACTR1A",0.528377719697114,6.0382235670112e-06
"RAB22A",0.462073203510673,6.05575403239572e-06
"AFF1",0.509740385365681,6.07736296666002e-06
"CHKB-DT",-1.14438498089618,6.09734238199202e-06
"ENSG00000229127",-1.74084971413957,6.10955270713753e-06
"XIRP2",1.14729790544799,6.11949653330633e-06
"LOC105373367",-0.628146514358418,6.135747795923e-06
"ZNF165",0.760393064442453,6.14252713456554e-06
"PRR13",-0.507502065879294,6.2067534550829e-06
"ACAD9-DT",-1.47028774451595,6.21015032648484e-06
"TAOK1",0.462408376869843,6.23209318401736e-06
"CENPC",0.736377096005371,6.25300739913044e-06
"SHARPIN",-0.45928663896388,6.25810291451043e-06
"DNAJC30",-0.763305064065517,6.25846212145672e-06
"DHODH",-0.588187879309915,6.25901242437652e-06
"AGAP5",-0.736959448921262,6.26958661204936e-06
"OGA",0.409921978315882,6.28226965831015e-06
"NVL",-0.517068030982316,6.28556991404111e-06
"YJU2B",-0.488432205737997,6.28938196267902e-06
"SBF2",0.522986153754708,6.33559852763249e-06
"RIN1",-0.685654777546713,6.3417448044783e-06
"MFSD14A",0.723375940595069,6.3448396475992e-06
"ARFIP2",0.402448790895445,6.35109392554445e-06
"ZNF33B",0.535360159583822,6.38373941670706e-06
"ZNF212",0.639022961129194,6.38669373286651e-06
"LINC01770",-1.13617597407913,6.40616021049932e-06
"SYNM",-0.94797359732255,6.43260946777539e-06
"LPAR2",-0.866347762473122,6.43321255877357e-06
"RNF13",0.513732176222828,6.43901221364271e-06
"SRCIN1",-1.07230952566953,6.43906024692708e-06
"ENSG00000274372",-1.17882561094174,6.44531946912106e-06
"PAPOLG",0.514130971005778,6.45153383000364e-06
"MAD2L1",0.600004047779012,6.47132237586985e-06
"C19orf12",0.477521094020142,6.49490747482859e-06
"SNAI3-AS1",-0.859239828815858,6.52089902895648e-06
"NFX1",-0.46555918020551,6.53779610519405e-06
"MED19",0.600260295503759,6.54046595288647e-06
"HIRA",0.408961737935723,6.54599578016402e-06
"MBTD1",0.475684330938083,6.58529526404496e-06
"MAMSTR",-0.762149515682735,6.58626747308455e-06
"MYO9A",0.626573140099717,6.59585196826726e-06
"AFG1L",-0.867144766831426,6.60170368067483e-06
"FES",-0.696598460729759,6.60623760706216e-06
"POU2AF3",-1.11558818338254,6.61356131515209e-06
"ENSG00000261326",-0.699170742629739,6.61787074186149e-06
"TERT",-0.925449881136228,6.61965782102271e-06
"FOXP3",-2.75607427867725,6.63608474350062e-06
"PCGF5",0.538128117788297,6.64523086116525e-06
"MAX",0.614366830350501,6.66961074102807e-06
"ST6GALNAC4",-0.637184022713165,6.67976817939069e-06
"TRIM33",0.451396813327462,6.68385478770125e-06
"HINT3",0.574975149943276,6.71664838967376e-06
"SV2A",0.683688086943151,6.73752507953068e-06
"OGDHL",-0.88360658661498,6.76357091751824e-06
"SPATA21",-1.5486699318461,6.76740953813993e-06
"VPS4B",0.515393175055158,6.78277737384866e-06
"ENSG00000262772",-1.25224039464073,6.81251681602221e-06
"ENSG00000289500",-0.577139923979899,6.81496255194087e-06
"TTN-AS1",-0.728873366675261,6.81693086105675e-06
"TFG",0.441540493571185,6.83220059215423e-06
"ORC3",-0.447953024467586,6.86575030678516e-06
"TMEM106A",-0.796206443422749,6.8682002628281e-06
"MCTP2",0.643921466622594,6.92357605238391e-06
"FAM3C",0.519052152994019,6.93314192969248e-06
"ENSG00000289177",-0.787369491729817,6.9444930558384e-06
"IMPDH2",-0.402036315405586,6.94866813293096e-06
"CGRRF1",0.730900644921259,6.9565799840549e-06
"EIF2B5",0.483234360499077,6.96728165732767e-06
"CLSPN",-0.480853180133466,6.97041675312912e-06
"TRIO",0.40987421989892,6.98760087978813e-06
"RMND5A",0.507477375012112,7.00361740831147e-06
"ENSG00000271780",-1.08159104765809,7.00464334949844e-06
"SAMD10",-0.519313271001825,7.02364629341552e-06
"PPP4R3A",0.399427197000151,7.03871447470128e-06
"GOLGA4-AS1",-1.28804669382423,7.04286868655553e-06
"USP46-DT",-2.10213448368142,7.04954990683678e-06
"GINS1",-0.53208304646239,7.06728439085839e-06
"KPNA5",0.591717616736473,7.072507898967e-06
"HSD17B8",-0.768167481340793,7.09519240816107e-06
"ERLEC1",0.496800011205272,7.10640197943257e-06
"ENSG00000244119",-3.09504196278216,7.12120238574227e-06
"DDHD2",0.542843157137575,7.14809216098014e-06
"EPM2A-DT",-2.41214752425311,7.18457276543535e-06
"MGAT1",0.516203011857788,7.18688171979036e-06
"ATRIP",-1.01819863126589,7.22917896082578e-06
"MICU1",0.506578208388244,7.22977501808784e-06
"SEC24B",0.457055522543427,7.24684455844434e-06
"CSNK1E",0.431930083590526,7.25654384981457e-06
"GCLC",0.484083342130387,7.27033199713073e-06
"MZT1",0.473675629731772,7.2841233209816e-06
"ADH6",-0.573480459579837,7.35379223669568e-06
"CNOT2",0.363338863508831,7.36028805425084e-06
"RNF10",0.478111808047026,7.3694782660034e-06
"PLEKHA3",0.535244772224998,7.42967924907774e-06
"ENSG00000227704",-1.07160600690606,7.45295586422599e-06
"STX7",0.506174416594389,7.48629166026166e-06
"CREBRF",0.642092599372695,7.48833550831038e-06
"RNF8",0.552480754200708,7.48881681533703e-06
"CEP350",0.546908349554506,7.49394201153777e-06
"TCERG1",0.434263114717017,7.49725443395323e-06
"ZBED5-AS1",-0.995561400507786,7.50356671221534e-06
"TAF9B",-0.658418373327812,7.53220510214288e-06
"PLEKHO2",-0.59790857526587,7.56689346615615e-06
"STK17A",0.754890314902272,7.57150314176856e-06
"IBTK",0.396882883135181,7.59664804864828e-06
"ZNF337",-0.549880193769424,7.6249903425982e-06
"ANKFY1",0.417887853957713,7.63145401798788e-06
"PTCD1",-0.460666643696763,7.65230298441268e-06
"SLC24A1",-0.578992628543733,7.6628514908774e-06
"PAM16",-0.646277724346594,7.73484825708019e-06
"PIK3IP1",0.907190044408664,7.74231269308842e-06
"CEBPZOS",-0.44210901433601,7.75047524829608e-06
"ENSG00000260784",-3.92246142763068,7.75098014204554e-06
"ZNRF1",0.426361614442658,7.83016803383297e-06
"PITHD1",0.394793585077381,7.84737608945211e-06
"ENSG00000230303",-1.35195389069254,7.8518506068576e-06
"DYRK1A",0.392019247526135,7.91066516822216e-06
"C1GALT1C1L",-0.793010482780121,7.94748277221832e-06
"PTAR1",0.528728368071439,8.01558459243797e-06
"ANGPTL8",-0.743010693917651,8.02957068199511e-06
"MCM7",-0.441411787787861,8.08841838873934e-06
"PCM1",0.480122767288517,8.12436855986928e-06
"WASHC2C",0.474197830960225,8.19335419644015e-06
"CHMP2B",0.429680435825849,8.19602891510364e-06
"TGM1",-0.746987227531965,8.19923636824057e-06
"TMEM44",-0.561540138254507,8.20278534868678e-06
"RNF170",-0.617042359661558,8.21297940716809e-06
"ENSG00000249572",-1.36396626705417,8.23579607086589e-06
"RETREG2",0.494638011446494,8.23771965702682e-06
"SETBP1",0.58574635419636,8.24529070031742e-06
"NEK7",0.591293892903153,8.24533997815395e-06
"IPO4",-0.428832362032763,8.25353419057387e-06
"DBNL",-0.561975990791141,8.3060866289488e-06
"METTL23",-0.563647334748077,8.33043214912754e-06
"BBS1",-0.649999796189101,8.35532042531043e-06
"ENSG00000234771",-0.621095343612615,8.41591711646514e-06
"EME2",-0.811778799055125,8.41708387943306e-06
"MMS19",0.418199449582232,8.42247803450134e-06
"SEMA6A-AS1",-1.73584583558312,8.46732597500157e-06
"RALGAPA2",0.554521265789425,8.46969829638372e-06
"MYADM",0.595602725954801,8.47532863336998e-06
"TINF2",-0.529911311233903,8.54004185344336e-06
"ZDHHC18",0.407846311531267,8.54140712943161e-06
"DIS3",0.395509975031121,8.54238557878583e-06
"HCG25",-0.965349960704162,8.55903116752296e-06
"PTPRA",0.426484448618684,8.62661505480519e-06
"XYLB",-0.528514972009978,8.62792866180526e-06
"SPSB3",0.449694045752453,8.6411275054684e-06
"YES1",0.492966860605415,8.67826440493581e-06
"ACTR8",0.423039697810422,8.68614019053838e-06
"ENSG00000269473",-1.58238312494924,8.68689179292127e-06
"MED13",0.489338676092453,8.68819073480202e-06
"MAGED1",0.545654296005665,8.68938504348912e-06
"LIG4",-0.580578260555694,8.69038257976408e-06
"DCAF5",-0.495161724664317,8.73214267161145e-06
"LARP4",0.437114436324822,8.740789532942e-06
"CAMLG",0.500747833609106,8.74290560554745e-06
"LPCAT1",0.537833868759741,8.74296061495538e-06
"ALPK2",-1.10859786453877,8.80133179912276e-06
"PGS1",0.454042983658008,8.80284492756875e-06
"LOC729732",-1.28525924019217,8.81880576131962e-06
"CLK2",0.455929960230067,8.82959475301391e-06
"CTC1",0.44396500961308,8.85746880519916e-06
"HPS4",0.476543620844904,8.87240752042266e-06
"ARV1",-0.7112994077639,8.87984942083759e-06
"AZIN1",0.405559813262301,8.89082919500191e-06
"SLC25A47",-1.12424616257491,8.89614040134582e-06
"H2AC18",-0.923708226489398,8.90496589798598e-06
"TMEM184B",0.607483392568521,8.91289320862156e-06
"ENSG00000290851",-0.5958429699727,8.93843885595085e-06
"RBM33-DT",-0.766372746357709,8.95857556050657e-06
"KMT5B",0.417675038775298,8.96314292605755e-06
"GOLPH3",0.540317739210742,9.00640687914876e-06
"SAMTOR",0.992629490675701,9.01165567947864e-06
"CCNK",0.462950859299917,9.02420718621258e-06
"MSMO1",0.655290712099657,9.0411762544489e-06
"GIGYF2",0.421834050356154,9.04162106427094e-06
"METAP1",0.450139802076841,9.05389826161045e-06
"AP1AR",0.415943625563027,9.06266767073056e-06
"HMGCL",-0.842081316249502,9.07795387324516e-06
"RFWD3",-0.35652953702896,9.08002912930054e-06
"UBR5",0.485486136829001,9.15495985225931e-06
"ADAM11",-1.62445983494655,9.21395382403077e-06
"CAPN7",0.437468644975565,9.23641952779107e-06
"LMLN",-0.821842774351199,9.24582904108643e-06
"PHLDB2",0.555369880589041,9.27266060211549e-06
"SETD2",0.461890361324912,9.30857960900597e-06
"DERL1",0.534073002555351,9.32135685700627e-06
"CLTCL1",-0.529906090086854,9.35201208410163e-06
"ADAM10",0.514920304644101,9.39210878243399e-06
"ANKRD16",-0.789494087324414,9.39702390430538e-06
"ASXL2",0.435275140042209,9.39854395877661e-06
"CFAP43",-2.24725153238764,9.46414207758689e-06
"ZBTB26",0.6669170856851,9.5282958852265e-06
"CENPN",0.457693783407136,9.55044297621551e-06
"TMPO-AS1",-0.98664488465251,9.59638733826411e-06
"ENSG00000247934",-1.46732688304733,9.66382405204887e-06
"ACTA2",-0.518352298997386,9.70409827152443e-06
"SENP3",-0.398678375058722,9.72585516830009e-06
"TMEM185A",0.596627744844116,9.73072596383219e-06
"NMRAL1",-0.702675019070415,9.74885351952524e-06
"DYNC2I2",-0.64510956365361,9.79280027746897e-06
"PGRMC1",0.49692619727734,9.81061145033423e-06
"ADAMTSL4",-0.724026726751026,9.82501758219427e-06
"FAAP100",-0.562560263646209,9.83932164265603e-06
"CD99",0.366496979157288,9.84580049036089e-06
"SLC25A35",-0.827851252361832,9.85238090269808e-06
"TCFL5",-0.701549170560344,9.89157895208616e-06
"ARCN1",0.556754554814844,9.89221363197097e-06
"EXTL3-AS1",-1.82185795337482,9.91658706859862e-06
"ENTREP3",0.487695590165621,9.98219050804211e-06
"MOB1A",0.401941096227296,9.9924648027844e-06
"CHMP7",0.480404615100302,1.00013033533957e-05
"FOXN2",0.482848530971177,1.00179342722265e-05
"TNFSF10",0.667803629190011,1.00389592613786e-05
"SPTSSB",1.92528873238753,1.00402719346083e-05
"PALS1",0.565441794532391,1.007086343142e-05
"KLHDC10",0.45653285131894,1.02684242652963e-05
"YY1AP1",0.550219600530277,1.02778383420702e-05
"PIGQ",-0.640585380209704,1.0301768331902e-05
"NPIPB11",-0.750882293084588,1.03026031345823e-05
"PGM2L1",0.719161980595947,1.03301909888129e-05
"AGO2",0.651296033696894,1.03345842759492e-05
"SWI5",-0.590252098418926,1.03347687405744e-05
"DHRS13",-0.55492439182709,1.03467336573364e-05
"RAPGEF2",0.500848424686739,1.03534318548942e-05
"ENSG00000273998",-1.66268558862144,1.03952953184124e-05
"ENSG00000204860",-0.820038152174496,1.04205051744476e-05
"CEP170",0.444408233977731,1.04229099454613e-05
"UCK1",-0.540125259875404,1.04751837618568e-05
"SNX33",0.504638053166097,1.05000724255774e-05
"DTD2",-0.45270719121269,1.05001457699048e-05
"LSM14A",0.489932136529204,1.05140911073839e-05
"UGP2",0.446341944404108,1.05216420957555e-05
"SRSF3",0.390531560569275,1.05340180658891e-05
"ABHD14B",-0.454636314690513,1.05675661115547e-05
"PKD1",0.668057786185995,1.06069442309115e-05
"EEIG1",0.691670060924312,1.06172628027701e-05
"STX18-AS1",-0.69463930011935,1.06211709495847e-05
"ENSG00000278041",-2.40357562600949,1.06298914558711e-05
"TET1",0.55044610513784,1.06385268202647e-05
"SRGAP2C",0.43593656637632,1.06664397128027e-05
"STRADB",-0.500531519569616,1.07346648809639e-05
"TBK1",0.374955537456765,1.07689804039646e-05
"RAP2C",0.464913370418601,1.07943646079872e-05
"AIFM3",-0.573685528029996,1.08334733520569e-05
"GGH",0.680359890209167,1.08600874627311e-05
"ENSG00000285184",-1.13025775076433,1.09673341421087e-05
"ID2-AS1",-1.20336308904494,1.10077028858879e-05
"SDHAP3",-0.452605491820609,1.10322370923747e-05
"XYLT2",-0.466162544238151,1.10358191032583e-05
"TRIM71",0.395884198328024,1.1083291661478e-05
"BHLHA15",-1.26313473536408,1.11273773882568e-05
"TNFSF4",0.66552562109034,1.11632751377036e-05
"SPATA25",-1.11550799488344,1.11803654232787e-05
"MIXL1",-0.71713432991062,1.11972941076591e-05
"PYROXD2",-1.2554767855105,1.12263026342112e-05
"ENSG00000255121",-1.82867808836937,1.12386501175201e-05
"ENSG00000273295",-1.44503976988111,1.12493397973402e-05
"FOXO3",0.539706034269873,1.1269202033843e-05
"LOC105378126",-0.989118883328389,1.12917457433782e-05
"ATP6V0E2-AS1",-1.26996156717252,1.13184402604009e-05
"PAFAH1B1",0.444737958524221,1.13191665771807e-05
"LOC105377203",-0.767773215703057,1.13356963629081e-05
"TMEM192",-0.605283490711893,1.1352355017427e-05
"SEPTIN7",0.495929973000224,1.13534080110437e-05
"CELF5",-1.1441829380294,1.14083570362566e-05
"HOOK3",0.467776700200187,1.14359414323173e-05
"EGFR-AS1",-0.904934195118168,1.14759534910346e-05
"NT5C2",0.381861664675207,1.15255534227168e-05
"RARS1",0.418935700342544,1.15298779001966e-05
"ENSG00000271327",-1.16865044496836,1.15394463438437e-05
"EMSY-DT",-1.24766469524171,1.15649035394111e-05
"NAA30",0.47143942124141,1.16090437954588e-05
"PPP2R2A",0.438970169183154,1.16225979048487e-05
"RARA",-0.396406366572242,1.16684534437331e-05
"SAAL1",0.547214918179855,1.16755400296294e-05
"ZZZ3",0.400319736418048,1.16784937777661e-05
"ZNF627",-0.66469678425877,1.16827370463244e-05
"INO80D",0.453508860744408,1.16878706914518e-05
"LOC101929174",-2.15111749220795,1.17003015247489e-05
"AJUBA",-0.628397383546587,1.17136282802101e-05
"USP24",0.355663252123818,1.171698104346e-05
"AKAP17A",0.464408366873654,1.17787521430904e-05
"ATP6V1C1",0.486750578912504,1.1785045076317e-05
"PANK4",0.414429701570939,1.18372497010128e-05
"PPFIBP2",0.711187227076833,1.18597479066868e-05
"HSF4",-0.725860170107217,1.18768929120983e-05
"ANKH",0.449440051898411,1.18978067034621e-05
"ACOT2",0.472692886976436,1.19094898143459e-05
"ENSG00000289378",-1.51471765262444,1.19422046438961e-05
"SLC31A1",0.586376241340714,1.19475520481812e-05
"SLC35A2",0.536479092634239,1.19596695913912e-05
"TMED6",-0.592985135055307,1.20775496265739e-05
"TRIM4",0.403728945610417,1.2079930209214e-05
"RAB35-AS1",-0.768914914069405,1.21418064153141e-05
"TJP2",0.391200375462332,1.2143969859596e-05
"ENSG00000264772",-0.721414793432591,1.2219695735079e-05
"SCNN1A",-0.798555727058472,1.22408159041687e-05
"POMT1",0.793818032747343,1.22509412486105e-05
"GCKR",-0.654577068307737,1.23082538613552e-05
"ARL5A",0.371176396293704,1.23498228917777e-05
"ARFIP1",0.524211950608764,1.23666537639894e-05
"WNK2",-0.502005386128252,1.23849613184242e-05
"ENSG00000289929",-0.730878307586607,1.24837322417126e-05
"PLGRKT",-0.869369913803053,1.24880891730735e-05
"PDE8A",0.360935618297829,1.25044764678022e-05
"CYP51A1",0.599670551653526,1.25370126532518e-05
"PHLPP1",0.426702358735361,1.26213862289716e-05
"PSME4",0.454185410337795,1.26388206625165e-05
"FAM86B2",-1.51858836869839,1.26632531310872e-05
"ANKRD20A5P",-1.10018984201936,1.26758849536817e-05
"ENSG00000289523",1.27794672515995,1.26864978754804e-05
"TMED3",0.495532459344067,1.2687556636129e-05
"ENSG00000261351",-1.37576872455316,1.27215069957232e-05
"HDAC5",0.419838840890216,1.27918921361856e-05
"C3orf62",-0.744844876083831,1.28744114488747e-05
"ENSG00000272720",-1.90386418060937,1.2898361997284e-05
"VESTAR",-1.36402585248907,1.29186376671568e-05
"BAIAP2L2",-0.718276765132969,1.29304968840535e-05
"SMIM3",0.88797661017194,1.29331591920656e-05
"MARVELD3",0.644105051638805,1.2936645523984e-05
"CFAP70",-1.55149323411534,1.29439930873382e-05
"THAP8",-0.838947638217477,1.29710865026034e-05
"ENSG00000271781",-1.72460109650777,1.29970633268268e-05
"DNMT3A",-0.388223530237233,1.30535142709311e-05
"CAB39",0.490986984480869,1.30620198688655e-05
"E2F3",-0.414480990178467,1.30697542239961e-05
"ZNF252P",-0.552896055205118,1.30984661469725e-05
"ENSG00000232931",-1.00184249685633,1.31243608770036e-05
"MLNR",-2.1153280861333,1.31516936461051e-05
"ENSG00000306813",-1.27073740483776,1.3155505101614e-05
"HFM1",-1.40136558141342,1.31591898173748e-05
"ERVK3-1",-0.424295073523005,1.32223714426682e-05
"WDR36",0.405067352214801,1.32729734246797e-05
"LOC128125822",0.552099261555,1.3305272312859e-05
"SUSD1",0.634482628712967,1.33383850633132e-05
"NEDD4L",0.370415657119614,1.3353528911139e-05
"NAA35",0.437144706850712,1.33723194609005e-05
"SAP25",-2.94395364570547,1.33832617824935e-05
"LOC554206",-1.3162445224454,1.33911406059914e-05
"EXOC2",0.513943159852854,1.34020440182304e-05
"NIT1",-0.563422738649102,1.34023644088312e-05
"VPS50",0.469885744740755,1.34089838328281e-05
"LINC02035",-1.23934768863045,1.34218514712668e-05
"ORAI3",-0.721839223748934,1.34978650011528e-05
"H2BC12",-0.646951841370765,1.35545287493422e-05
"SPATA20",-0.476143826305423,1.36843742991523e-05
"ME2",-0.541901379931208,1.37450533123908e-05
"DOLK",-0.619614061193371,1.37531345199324e-05
"TSPYL1",0.558471810158057,1.37644532653785e-05
"THBS1",-0.937518323566548,1.37757559474758e-05
"MYSM1",0.460557792491247,1.38191620728005e-05
"USP18",0.389293982150968,1.38218713475201e-05
"POLR2G",-0.484378417774586,1.38227275289287e-05
"CCS",-0.45816446689942,1.38470154307018e-05
"TGM2",-0.734022731862279,1.39464316942687e-05
"CHDH",0.416044991985696,1.39768249112686e-05
"SIX4",0.549611074260318,1.39904712402773e-05
"OSBPL8",0.390967867330359,1.41340566655078e-05
"OTUD5",0.494205875903154,1.41617218962903e-05
"MAPK8",0.578501575473028,1.4207247319891e-05
"IGF1R",0.421633890290949,1.42256463580412e-05
"PHF10",0.392387617267668,1.43259482259257e-05
"C2orf69",0.500247898859906,1.43605133735818e-05
"KDM4A",0.469188063022909,1.4381126343721e-05
"TBL1X",0.448864895694624,1.44065127117176e-05
"MBL2",0.738210498270065,1.44189586575311e-05
"DLAT",0.525813768356182,1.44435005101943e-05
"ENSG00000268205",0.386318468479582,1.44450774029614e-05
"ENSG00000296884",-1.19942567621806,1.4456484793161e-05
"ALDH2",0.377624480679847,1.44575522269038e-05
"PIK3CA",0.572421079860078,1.44717484485934e-05
"KAT5",0.409693116095828,1.448873983097e-05
"PAXIP1-DT",-0.57787971167513,1.44940874482395e-05
"THOC5",-0.363769033287518,1.4502465071413e-05
"DDX52",0.412882382881682,1.45536522586269e-05
"NCOA3",0.499549942703207,1.45671764666828e-05
"SNHG33",0.553508961498733,1.474698612785e-05
"ZNF496-DT",-0.64998594311065,1.47639182561908e-05
"ACTR6",0.534880583747514,1.47703562275593e-05
"PDK1",0.447352272972857,1.48169640551042e-05
"LPAL2",-0.649833188431144,1.48539973847169e-05
"POLR1G",-0.621589029185786,1.48609418693461e-05
"EIF4B",0.514605693337387,1.48741781073827e-05
"RSBN1",0.546523787148861,1.48945223269075e-05
"THEM4",-0.476777487820409,1.49335469799107e-05
"CAMSAP3",0.395889338264729,1.49536498886152e-05
"PIGF",-0.530030376488823,1.50126912336472e-05
"TMC7",1.13998266222512,1.50509874613191e-05
"PRPF39",0.631463290056554,1.50898793544691e-05
"AGPS",0.497217486039646,1.50960604124563e-05
"LINC02256",-1.77833258619879,1.51124962870558e-05
"CMYA5",1.24601432025733,1.51229747238943e-05
"CCNE1",-0.526929150230581,1.51231872925735e-05
"SRSF4",0.469574452008802,1.51682617135745e-05
"PROCA1",-1.50089295675991,1.51841545245913e-05
"SMG1",0.50944469620457,1.51844075725989e-05
"NAE1",-0.414006533406202,1.51884136554062e-05
"AMY2B",-0.918972369038994,1.52187719493013e-05
"APOBEC3G",-1.49736163352253,1.52294745213769e-05
"METAP1D",-0.512402834241052,1.52806695255887e-05
"SAMHD1",0.399383711446787,1.52950232999742e-05
"B3GALT6",-0.4984119549597,1.53438818211499e-05
"CARF",-0.999931136920999,1.53497665719932e-05
"ENSG00000232855",-1.92279120485533,1.53559509535317e-05
"ASXL1",0.383923727681055,1.53720800319747e-05
"R3HDM4",-0.387052311817504,1.53902877737617e-05
"RTCB",0.49639384111975,1.53984009829545e-05
"ATP2B2",-0.971382056031558,1.54319906661541e-05
"ENSG00000290399",0.66955069926314,1.54888249494065e-05
"CD59",0.478854028804417,1.55500300823219e-05
"ZNF704",0.471683188329429,1.56487919696359e-05
"ATXN1L",0.414183339563949,1.56588255317667e-05
"GVQW3",-0.758095837506939,1.56733092418211e-05
"CRTC2",0.476589282490377,1.57822087709654e-05
"B3GALT9",-1.05214656198105,1.57913728616799e-05
"ENSG00000274373",-1.67289140736314,1.59040178236e-05
"KIF7",-0.641707699297637,1.60059978003291e-05
"SLC25A38",0.422469658607841,1.60077227527636e-05
"ENSG00000286207",-1.24814101935031,1.60485336333577e-05
"ZMYM3",0.526723125821742,1.60569143149934e-05
"STK38L",0.483022890654304,1.61322756836427e-05
"POLDIP3",0.415298118130793,1.61663420690161e-05
"ENSG00000290999",1.16169316846149,1.61702304038576e-05
"DPH5",-0.457848375915012,1.63341672479336e-05
"TARBP2",0.505274252537221,1.63447222242392e-05
"ABCG8",-0.804554897511758,1.63585167663322e-05
"FRAS1",0.637747213898395,1.63835402393108e-05
"ABCC6P2",-0.512532005661001,1.64261855212672e-05
"STOML1",-0.991146649885072,1.64410127059605e-05
"STAG1",0.503347591033963,1.64605217107366e-05
"SLC26A1",-0.788453088776824,1.64649786252746e-05
"MED11",-0.565121867753424,1.6507394825968e-05
"SCML1",0.390268070221853,1.65255826126712e-05
"ENSG00000205236",-1.89025579256336,1.65262526263056e-05
"RASSF8-AS1",-0.86861719212103,1.65267842836522e-05
"ENSG00000226310",-1.3387861549249,1.65437251878781e-05
"VMP1",-0.494264376488299,1.65831296329025e-05
"TBC1D14",0.397001177391485,1.66349148682688e-05
"TUBGCP6",0.486121650030119,1.6656662895371e-05
"ENSG00000261613",-1.57924333904192,1.66604867331147e-05
"TOLLIP",0.441658209153578,1.66830142369139e-05
"TMED7",0.469906801189448,1.66857776200701e-05
"NECAP2",0.465728715980374,1.66884014302671e-05
"MPV17L",-0.618559233619391,1.68933197173936e-05
"SURF2",-0.78497628479128,1.69310786144999e-05
"LINC02481",-0.92666382419743,1.69330204356338e-05
"KIF22",0.540344673147771,1.69335610472795e-05
"ENSG00000255182",-1.40475126229425,1.69959284931013e-05
"CREBBP",0.428037643602941,1.70218199367049e-05
"MYH14",-0.371787283010322,1.71009376516351e-05
"ENSG00000233912",-1.41982215922561,1.7126439969797e-05
"TARDBP",0.374451613620012,1.71507531884222e-05
"TMEM167B",0.585128078095255,1.71746398258201e-05
"TBC1D25",0.559719362270538,1.7175741027602e-05
"USP21",0.600148701280892,1.72817313563307e-05
"DEPDC5",-0.497694935285429,1.74276350893995e-05
"HS6ST1",0.712645042603668,1.74434739307341e-05
"HAS3",-1.89414057394326,1.7457303749266e-05
"ENSG00000290033",-2.27413291241269,1.74712194812711e-05
"CRKL",0.49282135243287,1.7553389885423e-05
"ENSG00000289727",-1.98285943239688,1.75946344843479e-05
"SLC30A7",0.494563302126875,1.76192775667349e-05
"ZNF33A",0.378596327533172,1.76341649912756e-05
"NR2F1",0.47557744916477,1.76701795109672e-05
"FAM53C",0.401797731848759,1.77523087917083e-05
"RABGAP1",0.488286135471958,1.77884604276064e-05
"SUGP2",0.523077233773757,1.77905022683295e-05
"SUCLA2",0.511701181282776,1.78244555598753e-05
"HSPA8",-0.624988206093565,1.78480716562336e-05
"PPP4R2",0.39243269665214,1.79041529084644e-05
"GLS",0.483314958409117,1.8003262571643e-05
"NAT9",-0.445388207967904,1.8021772551703e-05
"ZBTB34",0.487846267309036,1.81508352578672e-05
"AKIRIN2",0.420836675948691,1.82269010211989e-05
"TNKS",0.46932307475742,1.82458012927997e-05
"PHF7",-1.03199282120709,1.82581164464839e-05
"ENSG00000272894",-1.268493604186,1.82618528583769e-05
"GCC2-AS1",-0.906133201009288,1.82922340377401e-05
"COPS8-DT",-0.683727388610649,1.82968350681195e-05
"MTMR4",0.466771940471184,1.83221077844934e-05
"THNSL1",-0.807468124295272,1.83552411539763e-05
"G3BP2",0.484880216030429,1.83570947089475e-05
"DEDD2",0.545544383306272,1.83756042220391e-05
"CARHSP1",0.404496926525437,1.84548797194557e-05
"KLC1",0.402112090585678,1.85225738234231e-05
"LINC01144",-1.54985008559686,1.85473226813395e-05
"ENSG00000272554",-0.908983308781348,1.85504685529892e-05
"HPR",-0.663637062261727,1.86415274876388e-05
"PLAT",-1.62235650984942,1.8681916587775e-05
"TET2",0.63248129920326,1.87192867726433e-05
"ENSG00000272183",-1.1313683742405,1.87511956785525e-05
"ENSG00000289594",-1.26755948751653,1.87616669074636e-05
"SEC22B",0.385441095183636,1.88266048100964e-05
"ENSG00000279199",-2.839190018916,1.88729705986414e-05
"USE1",-0.798927946261291,1.89351911137726e-05
"NF1",0.39178930882555,1.90379214998089e-05
"RANBP9",0.441737728881708,1.90423714202275e-05
"PLIN4",-0.966631055039767,1.90856588716899e-05
"AFMID",0.357891409095212,1.91060823386451e-05
"SYMPK",-0.371453318988606,1.91690755776089e-05
"ANKRD12",0.505077596491795,1.92531496980365e-05
"H2AX",0.399594676941513,1.93339655006491e-05
"NPC2",0.432134540031297,1.94525787256375e-05
"TMCO4",-0.92755963653123,1.9637012417891e-05
"ZNF561-AS1",-0.850499193244795,1.96375552985604e-05
"ENSG00000288885",-0.974504319208398,1.96561443491885e-05
"MOGAT2",-0.54099052231671,1.96985613825893e-05
"TMEM52",-0.668499702703415,1.97442260255798e-05
"MAZ",0.373723979373379,1.97445112716722e-05
"MRI1",-0.593339755567458,1.97638657898273e-05
"ENSG00000213071",-2.38493370070249,1.9822707980356e-05
"SLC12A2-DT",-0.70229751020845,1.98454427418655e-05
"C17orf100",0.749663662469053,1.98971720858733e-05
"CRIPT",0.461066539787084,1.99299780864937e-05
"WDR11",0.481089293227016,1.99823744337518e-05
"PCMTD1-DT",-1.06397892511955,2.00177478470653e-05
"COASY",0.383263145729628,2.01573973304428e-05
"FBXW8",-0.528230127803022,2.01679500760708e-05
"GPT2",0.565849914221907,2.02232389266334e-05
"GMFB",0.402974474560208,2.02574027905532e-05
"BLOC1S3",0.577544680700134,2.02686897960923e-05
"PKP3",-0.487641322448312,2.04506784990063e-05
"ENSG00000285796",-0.835479470394696,2.04771434095727e-05
"GAPVD1",0.37031017407887,2.05017543801337e-05
"HSD17B7P2",0.542980821929053,2.05339105370231e-05
"ODAM",0.684164283615976,2.05673014186044e-05
"MED13L",0.427583744295298,2.05730940612267e-05
"KCTD2",0.452774197982715,2.05901716243769e-05
"GDPGP1",-1.01549145313661,2.0618171022261e-05
"TXNDC16",0.647612978678111,2.06344605978563e-05
"TRAK1",0.359773012153415,2.0982975963254e-05
"NELFCD",0.368393217247961,2.10465936649941e-05
"RBFOX2",0.404920358373202,2.10572569082547e-05
"THOC1",0.499686283834695,2.11128657746113e-05
"TMEM94",0.47560297581048,2.11491030685948e-05
"SAMD8",0.560104274005728,2.11815078802415e-05
"SRGAP2",0.41309908144293,2.12663398979806e-05
"ENSG00000305513",-2.35936758457231,2.12760896007047e-05
"SEC31B",-0.752880949430589,2.12780346245207e-05
"ENSG00000273015",0.470325093683512,2.13057209371675e-05
"MAP4K3",0.543622754685688,2.13240061155257e-05
"ENSG00000294542",-1.48427583989141,2.13698157047816e-05
"CDC20",0.398330253174224,2.14204703576414e-05
"LPGAT1",0.442807050012483,2.14532539182989e-05
"SNX30",0.6788382716285,2.14934391594779e-05
"DNAJC13",0.433879611529386,2.14981732359312e-05
"ZNF654",0.623877963572672,2.15020759570373e-05
"KCTD20",0.390533271976286,2.15662569393542e-05
"LOC645485",-1.32702821255176,2.15702908378798e-05
"IFT70A",-1.1086127276015,2.15886439428603e-05
"AP3B1",0.400068519088518,2.17683821776054e-05
"WHAMM",0.42411042313696,2.17755349620401e-05
"BIRC6",0.440850329538709,2.17895679669074e-05
"SPRY2",0.689138406677175,2.18883228283787e-05
"CSNK1D",0.42302137296851,2.19223539013439e-05
"TPRG1L",0.399041112019576,2.19558065888159e-05
"KCTD7",0.518512765261189,2.19673383377815e-05
"NFKB1",0.512333285162075,2.20500133714388e-05
"ENSG00000254485",-2.52597121741017,2.21223561685477e-05
"NDUFS7",0.344063452661479,2.21489706148275e-05
"RIGI",0.701874556646613,2.22053572758022e-05
"KIF12",-0.755844271306054,2.22338147233852e-05
"RASA2",0.451955692473352,2.22863088996001e-05
"GTF2B",0.555169806190798,2.23162489237585e-05
"ZFAND6",0.419946796297445,2.23918687147071e-05
"NCAPD3",0.40173924520121,2.24145664046558e-05
"THYN1",-0.519346948391186,2.24450050336988e-05
"AFF4",0.409387156077057,2.25179573521264e-05
"SRP9",0.412349428707136,2.25385678730873e-05
"ZNF224",0.494484464560677,2.25971238108473e-05
"GNAI3",0.447585688656206,2.26237214055215e-05
"MCM4",-0.398190044079922,2.27435390773075e-05
"ENSG00000297885",-0.935872496403906,2.28207506481711e-05
"ENSG00000267658",-2.01018960090923,2.28919224173068e-05
"BAZ1A",-0.597656109467381,2.29564134761921e-05
"KPNA4",0.433092600653623,2.29974256835805e-05
"RPP25L",-0.602252696402297,2.30868899811407e-05
"ZNF592",0.473409000474605,2.31981866422241e-05
"KCTD15",-0.492363601768334,2.3287311720641e-05
"FBXO8",0.700646414503982,2.32890647499866e-05
"SIRT1",0.490058458690577,2.32895115371944e-05
"MEX3C",0.615789799568523,2.33533445149169e-05
"INTU",-0.53526570920449,2.33576494685726e-05
"ENSG00000279821",-2.18021089847065,2.33632962105212e-05
"ZNF644",0.369487048110913,2.34328233528783e-05
"ENSG00000289285",-1.25511492481145,2.34643524799858e-05
"NFATC3",0.336745594907928,2.34702357023864e-05
"SEC23IP",0.39493375407804,2.3474262762673e-05
"ENDOV",-0.572679957236136,2.34983479868017e-05
"HBS1L",0.407042054054555,2.35055559694417e-05
"AK4",0.531868012174436,2.35152100370021e-05
"ENSG00000280351",1.72253472710659,2.35242571552546e-05
"PDE3B",0.34079631154559,2.36115200111934e-05
"SNX22",-0.879615646322607,2.36285549053994e-05
"ACKR2",-0.982141548382184,2.36766310117406e-05
"PEX3",-0.484096757801917,2.37246590752731e-05
"SNX11",0.492032223200797,2.37902111796049e-05
"SMC4",0.411372137606795,2.38103068692786e-05
"NCBP2",0.557868659841641,2.38588850812887e-05
"RN7SL832P",-1.25067626006707,2.38647374014434e-05
"ZNF764",-0.645315332588778,2.38829414972499e-05
"SMARCB1",0.411476175891222,2.39090146926695e-05
"TBL3",-0.349084385032571,2.39371644167247e-05
"ERBB3",0.593913661042786,2.39781437065462e-05
"PDCD2L",-0.621008058621685,2.39918064135038e-05
"ENSG00000293930",-1.88411293820409,2.40178813618258e-05
"ENSG00000269978",-1.86138931529549,2.40869736360602e-05
"POMK",0.605953415004443,2.41006660896425e-05
"TAF1C",0.47739416455797,2.41103575806538e-05
"SNX29P2",-0.769690681241634,2.41421866601896e-05
"ENSG00000260219",-0.917380457871273,2.41637339817351e-05
"SNHG16",0.476876124071744,2.4187105820338e-05
"BTRC",0.478445027527027,2.42664543243827e-05
"ENSG00000226200",-1.20319629579236,2.42935126404886e-05
"LYRM1",-0.357145299499,2.43205395758587e-05
"EXOC8",0.64663516585678,2.43353639095198e-05
"NKTR",0.563179536807463,2.43919409396034e-05
"SCN9A",0.494165682476833,2.44180018085916e-05
"MIA",-2.05137344748627,2.4572622901457e-05
"SORBS1",0.761384192806517,2.46489730492411e-05
"RAB2A",0.441226330890186,2.46498905259272e-05
"LRRC26",-2.74084043475892,2.47148056715314e-05
"SDSL",-0.70503413043359,2.47500473430819e-05
"TMEM123",0.548943954140851,2.47618236155456e-05
"PKD2",-0.478229970387839,2.47914610800415e-05
"ZNF322",0.572306374519474,2.48494358416745e-05
"RIOK3",0.38027215849215,2.48636644996341e-05
"ADCY10P1",-1.44068090760237,2.49011042151227e-05
"PTP4A2",0.361895038668812,2.49197610966322e-05
"MTFR1",0.515577358522578,2.49435247258426e-05
"RMI2",-0.496997701613393,2.49797466193551e-05
"CDH15",-0.760982506159397,2.49868628984769e-05
"SNHG4",-0.666595744651541,2.50144164734307e-05
"DENND2B",-0.46720968961074,2.50420541795315e-05
"ZFTRAF1",0.451105207554188,2.5128288888805e-05
"RBM45",-0.715478858264403,2.5155726916835e-05
"RNF43",0.411253182058044,2.52312669161077e-05
"YBEY",-0.965849161734067,2.52939702627858e-05
"MARF1",0.493612310501034,2.53203818765389e-05
"DCK",0.453598514462245,2.53247962063498e-05
"ENSG00000295161",-2.23379715901779,2.53424493459119e-05
"YPEL3",1.03587188579243,2.5401451547062e-05
"PPP1CB",0.389364403055376,2.54073141735118e-05
"TMEM140",0.662148130758136,2.5419392966066e-05
"WDR19",-0.529505875041932,2.54462860909179e-05
"ENSG00000290544",1.57626614523767,2.54594846042201e-05
"HISLA",-0.518470035505523,2.54827127654057e-05
"RPRD1A",0.33581996119554,2.54980803376896e-05
"DUSP11",0.556339460279169,2.5522898986395e-05
"ENSG00000267426",-1.5381506119543,2.57430028826801e-05
"ARHGEF10L",-0.448952865536134,2.57919826695253e-05
"IFI35",-0.514174658043708,2.5801716238198e-05
"HKDC1",-0.491275342767176,2.58516827711361e-05
"SLC23A3",-1.33010652330724,2.58794849669641e-05
"JOSD1",-0.397856474306294,2.60663839303314e-05
"LOC124901013",2.4329814210961,2.63744394163792e-05
"TTLL4",0.472706689779882,2.63779287387329e-05
"ENSG00000224635",-1.94938767740186,2.6480110104312e-05
"RFFL",0.426331766089146,2.65256844987301e-05
"ZNF786",-0.539156124917626,2.6534821368342e-05
"ANKRD1",-1.09082188595012,2.65982667982124e-05
"MARCHF7",0.438379735705787,2.66033620675659e-05
"PITPNM2",0.442046816002599,2.66162714846461e-05
"TMPO",0.421541595492665,2.6802104396172e-05
"BLACAT1",-1.03883120064813,2.68845419744781e-05
"ENSG00000262678",-0.996090605907018,2.68988495490462e-05
"USP32",0.393494978167765,2.69003645094123e-05
"SLC41A2",0.612050051092699,2.69177911227126e-05
"SARDH",-0.549155017407426,2.70819827005e-05
"PDE4DIP",0.583826134571855,2.70969525382254e-05
"PCIF1",0.43076112384769,2.72303714768575e-05
"TPR",0.447742287027857,2.7284614046485e-05
"ENSG00000278291",-0.868845635422147,2.72907853443993e-05
"HAUS3",0.525153894043935,2.73381389555136e-05
"USP13",0.592726685036675,2.75160921053795e-05
"ENSG00000295873",0.855991624098705,2.75355886408828e-05
"HNF4A",-0.37660073911384,2.75718727020124e-05
"MORF4L1",0.406451447726196,2.76326240855646e-05
"LOC105377329",-0.59309060039247,2.76704389455111e-05
"CHPF2",0.651858976911909,2.76720347063652e-05
"CIDEC",-0.936893897856445,2.76734267922196e-05
"ENSG00000224505",-1.13863520020339,2.76784785862238e-05
"MIPOL1",-0.553711020511444,2.77420514316039e-05
"ANKRD18A",-0.895086310452269,2.77618534076982e-05
"ENSG00000278834",-1.09263409320022,2.78594815353027e-05
"AAR2",0.384841318356279,2.78629401009454e-05
"DDX51",0.594248418071598,2.78895244378997e-05
"PTGR2",-0.879018466294551,2.79270833137033e-05
"ENSG00000273284",1.23381637624344,2.79376440755054e-05
"COPB2",0.407182035019248,2.80446843332924e-05
"SPIN1",0.426743660243421,2.8067994563793e-05
"RPL37A-DT",-1.33268112326091,2.81111992654765e-05
"BLTP1",0.460180142103895,2.81293468219201e-05
"FBXO4",-1.00785475721235,2.81412244401194e-05
"LGALS3",-0.65238638629064,2.81465325216894e-05
"ARID5A",-0.554994942197378,2.81699851583693e-05
"THAP3",0.418735776822384,2.81887189714653e-05
"CREBL2",0.564112738090696,2.82709688558766e-05
"ENSG00000279095",-0.903658307022741,2.82720101896614e-05
"RLIM",0.359507401801134,2.83037826915651e-05
"PRRG4",0.776795257444783,2.83327279160891e-05
"AKTIP",0.494618658024444,2.83713890065396e-05
"ZNF783",-0.69644250450617,2.84320363589147e-05
"THAP7-AS1",-1.18264393099387,2.84517151113097e-05
"BRAF",0.532628940134605,2.8599736788839e-05
"MAT2B",0.439491856040563,2.86051032185235e-05
"AP4E1",0.413070002287841,2.86203392672252e-05
"ENSG00000295087",0.786744207451699,2.86286792868899e-05
"NF2",0.383392274674737,2.86499216430903e-05
"ENSG00000293612",-1.88067728240844,2.87248092626764e-05
"UBE4B",0.462194143676183,2.87323673891638e-05
"MAPK1",0.441806513179062,2.87547158019647e-05
"RAMP2-AS1",-1.25790468091373,2.87737196435178e-05
"FHIP1A",0.922853294041715,2.88177305288006e-05
"ZNF740",0.5363272504338,2.88475772165559e-05
"RNGTT",0.492193647156674,2.88913421939678e-05
"ENSG00000298805",-1.73263548401076,2.89165113679866e-05
"SCRN3",-0.608676661318751,2.89583459266145e-05
"DEPDC4",-0.904538830534475,2.89777103672754e-05
"GOLGA4",0.55223359583205,2.89824056455728e-05
"EEF1AKMT1",-0.863622140664776,2.90286151346593e-05
"OGFOD3",0.459124287081722,2.90591598367903e-05
"XRCC2",-0.552765276384156,2.91601340815926e-05
"KNSTRN",0.42608981614425,2.92263803762769e-05
"NAGPA",0.456875301006407,2.93204003288999e-05
"CATSPER2",-1.12644847411052,2.93835012559527e-05
"ENSG00000249673",-0.843376786618502,2.94201061369578e-05
"RMDN1",-0.439069212377363,2.94562570226255e-05
"FKRP",-0.412962909051421,2.95213746290445e-05
"ZGPAT",0.352345344320363,2.95262414951739e-05
"RAD51-AS1",-0.647557485586623,2.95373867163362e-05
"FBXO6",-0.82008746930664,2.95517946934972e-05
"CCNY",0.345901177665384,2.95593447044702e-05
"ARHGAP21",0.488966972080463,2.96445024652104e-05
"ENSG00000309281",-0.83537458842125,2.96830272498756e-05
"CEP57",0.333922530070502,2.97726754691013e-05
"MBNL1",0.447946286175338,2.98528730396589e-05
"HGD",-0.416982118315284,2.98651808695304e-05
"PACSIN2",0.47842462218973,2.98728582449638e-05
"C8A",-0.664916815926939,2.9879409049653e-05
"ENSG00000246982",-0.888552265001958,3.00268358219526e-05
"MTARC2",-0.436354464056252,3.00287243980223e-05
"STBD1",0.57390455903114,3.0034026143354e-05
"EDC4",0.401790434274255,3.01011634372306e-05
"CDK2AP1",0.422354155586799,3.01098656460003e-05
"GCA",-0.360304160111114,3.01389815786888e-05
"TRMT13",-0.452402840117279,3.01473352191453e-05
"CBX4",-0.357138908701773,3.01612505726572e-05
"E2F8",-0.596510436195926,3.02508243955328e-05
"SALL1",0.77967515830628,3.02555475127028e-05
"RBIS",-0.440656819064976,3.0287327355245e-05
"RTKN2",0.666125628832102,3.03021302750772e-05
"MEAK7",-0.494547857922652,3.03448735767067e-05
"LOC105372564",-1.31238943086811,3.04550273383248e-05
"ZNF248",0.454278494841606,3.04805307518675e-05
"CPEB2",0.783519424916518,3.05800668949656e-05
"TM4SF1",0.831092697517492,3.06808077177494e-05
"MPZL1",0.435410974076217,3.06814539384578e-05
"GCLM",0.467193736871543,3.07420922641989e-05
"ENSG00000286681",-1.45442348783784,3.08772134140526e-05
"SLC4A1AP",0.401991913988494,3.08861989401501e-05
"FSTL3",0.490535019741711,3.08981944760058e-05
"RNF149",0.491271850599322,3.09062917216315e-05
"MAP3K12",-1.36713257472289,3.09230524765609e-05
"KBTBD2",0.409538732442131,3.09511889159038e-05
"CRIM1",0.481590710726165,3.10442460110323e-05
"DNAJB14",0.417952269327736,3.1066431568986e-05
"CHN2",0.446107336125445,3.11038187665366e-05
"ENSG00000272931",-0.915153221831555,3.11376721859406e-05
"DCST1-AS1",-1.30982661075496,3.13288641607959e-05
"DENND6A",0.479326613769258,3.13708221318857e-05
"APPL1",0.391243202840253,3.1456592948458e-05
"CNOT6L",0.436553894016108,3.14914134032198e-05
"FUBP3",0.364320810221986,3.15246694091612e-05
"MANEAL",-0.389076362449741,3.1530859871412e-05
"ABCD4",0.479158955602433,3.1582131570107e-05
"CEP170B",-0.402083546356267,3.1603234123862e-05
"CLEC2D",-1.00004883945777,3.16191446809245e-05
"ZFAND2A-DT",-0.766088067865591,3.17332034242118e-05
"ENSG00000301807",-1.65377668243838,3.17674653059742e-05
"NR2C2AP",-0.492103611318786,3.1938549025873e-05
"HSD17B11",0.549895729952552,3.20383053868434e-05
"TSPAN4",-0.519061016447723,3.21321479417793e-05
"ENSG00000255508",-0.890834614149915,3.21417452617064e-05
"CISH",-0.724085997106918,3.21543333561728e-05
"CFAP119",-0.854091445582116,3.21977256318434e-05
"ENSG00000250132",-0.961204259257948,3.22288770164544e-05
"UBQLN2",0.512353369804711,3.22381219497066e-05
"NCOA4",0.515752707937167,3.22484311249014e-05
"OMA1",-0.769357456331567,3.2337494651229e-05
"PRXL2A",0.384120877655609,3.2432571109549e-05
"IPPK",0.477652043189333,3.24582983588685e-05
"UTS2R",-1.01409444584747,3.25344114892176e-05
"UBXN6",0.418331145640758,3.26538705577214e-05
"HTT",0.340416907422611,3.26828912699469e-05
"GTF2I",0.395370160374814,3.26884611930528e-05
"LINC02018",-0.946725064852692,3.2693433335443e-05
"PPFIA1",0.354810740394216,3.28602634635694e-05
"CASKIN1",-0.726069249767126,3.29557968673336e-05
"TMEM218",-0.640325655489742,3.29979884931086e-05
"NIPA2",0.400462555697592,3.30455935547884e-05
"MAEA",0.365143074999632,3.30714307261219e-05
"UBL7-DT",-0.640237375196678,3.30745167819393e-05
"BPHL",-0.445494687897941,3.30889096473636e-05
"SELENBP1",-0.487813221337109,3.30929687191939e-05
"HERC1",0.485920780175305,3.30961936089385e-05
"MSH6",-0.33574405022523,3.32727602508673e-05
"SLC11A2",0.534779979336685,3.32738891441638e-05
"LYPLAL1",-0.794773850046224,3.34036570045177e-05
"RHBDL1",-0.645188305087649,3.35302497677908e-05
"JMJD7-PLA2G4B",-0.571608027475957,3.35990121584465e-05
"DESI2",0.408180127595234,3.36118320169387e-05
"PPP1R7",-0.498872600119778,3.37017233835411e-05
"PIH1D1",0.415936257908763,3.37049608457481e-05
"LARP4B",0.347316685260582,3.37077238586807e-05
"KIFBP",0.501475920476037,3.37795744243737e-05
"PFN4",-2.32089674181764,3.38488110048692e-05
"MAT2A",-0.463599320588783,3.40062623165055e-05
"SMIM7",0.332799180691485,3.40512462535167e-05
"ZCCHC10",0.462297892259121,3.4064168896628e-05
"MECR",-0.477998220166688,3.40745315714879e-05
"CNOT11",0.427170267268606,3.40810486364754e-05
"PHF3",0.343193802123561,3.40930659710388e-05
"ENSG00000291175",-0.591944772604465,3.42437047581974e-05
"AVL9",0.369647820357756,3.42958460142067e-05
"OPTN",0.775900060512117,3.43053868069238e-05
"PRMT7",-0.349704440644134,3.43062640872189e-05
"KDM1B",-0.529479744699813,3.44642616075718e-05
"ENSG00000308689",-2.46581546802351,3.45253063463136e-05
"EED",0.638137176016554,3.45647939110681e-05
"UBR2",0.427612361745499,3.46268946415491e-05
"KDM3B",0.400470953965549,3.46517352043893e-05
"AGO4",0.572358487055631,3.46684146104191e-05
"ACSL4",0.446309683938863,3.47024070966484e-05
"TTC9C",0.405578753229437,3.47626968461139e-05
"CYP2U1",-0.825946172662848,3.48466557835182e-05
"SRSF1",0.349355485952434,3.49774347761883e-05
"ENSG00000287853",2.50037856527835,3.50505394744976e-05
"PSMG1",-0.55543930343694,3.52467649550326e-05
"SORL1",0.587030757484071,3.53048653021674e-05
"ENSG00000304218",-1.91006964259649,3.53693061719885e-05
"FHIP2A",0.617263316485347,3.53828221620155e-05
"SEC22C",0.380199160440861,3.54018741581421e-05
"ANXA2R-AS1",-1.03186744311839,3.54285835645437e-05
"CMC2",0.346589438772626,3.57959038011011e-05
"PRRC2A",0.389907269619377,3.58905686958149e-05
"ETNK1",0.438519679857948,3.58983077544705e-05
"DNAAF9",0.425758408556467,3.59723533481186e-05
"TOR1AIP2",0.369256609759992,3.6063901070756e-05
"BLVRB",-0.45134610126613,3.61097375645305e-05
"CYB561D2",-0.610606729018814,3.61198394253435e-05
"ISY1",0.413061655975143,3.61628248813213e-05
"BCS1L",-0.443589232520384,3.62431506788091e-05
"LOC100289361",-1.35463832629292,3.62444685475025e-05
"TOP2B",0.429490228796351,3.65550131452711e-05
"NOA1",0.454134318351845,3.65875076637987e-05
"SPATS2",0.443228156537674,3.66788365090963e-05
"NAA50",0.358873449733714,3.67519675157836e-05
"VTI1B",0.364146485251724,3.68526476719211e-05
"FBXO31",0.409459952149289,3.69173880329274e-05
"GAL",-1.90084565089724,3.69529553433021e-05
"ST7",0.424941731159094,3.71209691901849e-05
"ATAD3A",-0.333154725379056,3.73525900045586e-05
"GOLIM4",0.449875051914975,3.74482100139739e-05
"TSC22D4",0.622663340863072,3.75226084661834e-05
"DPP7",-1.25703227225745,3.76837831651162e-05
"ERC1",0.589231974277708,3.76882923468989e-05
"ZBTB8OS",-0.457684036974622,3.77095605090537e-05
"BIRC2",0.402215809572968,3.77259616608021e-05
"CDON",0.483627731480868,3.77594456436566e-05
"NKD1",0.429782112572695,3.78276063185493e-05
"MCFD2",0.419892795150938,3.78491233838497e-05
"ENSG00000291208",-0.611126355243793,3.79725292322708e-05
"LOC652276",-0.653055288705845,3.80199611087663e-05
"TBX2",0.785444848084639,3.80582288346915e-05
"CERS1",-0.859208944944183,3.80668324628135e-05
"JKAMP",0.450618738516424,3.80760227374289e-05
"RAP1A",0.44375936680811,3.81399302697699e-05
"ERI2",0.55883420442142,3.81757422513377e-05
"BOLA1",-1.08721577862931,3.81950023149017e-05
"SCYL1",0.397621062382048,3.82102800086947e-05
"LOC100505912",-0.860634982908124,3.824178329074e-05
"PLAGL2",0.544500286236572,3.82502422143461e-05
"PHETA1",-0.390471347848779,3.83869618627828e-05
"AHR",0.505645282574104,3.84250115336017e-05
"UBP1",0.407275725695616,3.84663689196039e-05
"HSBP1L1",-0.581348597904429,3.84848076947443e-05
"ENSG00000242553",-0.829295118978908,3.85302754668372e-05
"NUMB",0.346118147675004,3.85419776105269e-05
"ENSG00000260500",-1.60756393715412,3.8566835317184e-05
"PPM1D",0.501941081215435,3.87090419973174e-05
"TSC22D2",0.444855153536771,3.89078192019254e-05
"ENSG00000170919",-0.551535715527377,3.89512990037652e-05
"HELZ2",-0.423770085713553,3.91188182566947e-05
"CEP97",0.686905644415752,3.91480464946485e-05
"CCDC163",0.713114048825256,3.92155272362468e-05
"YEATS2",0.406494160207132,3.92465583220325e-05
"BAG5",0.436569296659398,3.94347504927554e-05
"ENSG00000238164",-1.53163875353236,3.94860862541796e-05
"NSMCE4A",-0.337058417642332,3.94914705239738e-05
"ENSG00000271918",-0.830521607807439,3.95244635653423e-05
"RIOX1",-0.568629734164208,3.95244846895993e-05
"ENSG00000255031",-0.814499440352021,3.95329450691507e-05
"TMEM253",-1.70528554914542,3.95481135010531e-05
"ENSG00000286909",-0.591003676040338,3.97923324919821e-05
"TMPRSS3",-1.4224216529634,3.98460842193851e-05
"TTI1",-0.378805635285198,3.98781653063591e-05
"EGR1",-1.23483695359282,3.99186794277397e-05
"CYRIB",0.387314146358983,3.99229703639001e-05
"BSCL2",-0.662675091893101,4.00518152193247e-05
"ZNF217",0.437937262214877,4.00694862629591e-05
"DHTKD1",-0.631939042521999,4.02722108789316e-05
"LINC01569",-2.28296394087732,4.03276682612592e-05
"STRADA",-0.415970668331676,4.04758287627885e-05
"CLUAP1",-0.558337289913163,4.04838106134727e-05
"ATP8B4",-1.17838585775498,4.05211311926156e-05
"IPO7",0.42890925310993,4.05796377238447e-05
"EXOSC10",0.400586645603147,4.06801260113678e-05
"CRYBB2P1",0.402296915625842,4.06901528118224e-05
"LINC00641",-0.966773284454103,4.07533332456243e-05
"FAM227A",-0.909261327370999,4.0762287666968e-05
"TRMT1",-0.457352304419374,4.08837939932181e-05
"ENSG00000290199",-1.49569796297379,4.10061242051884e-05
"CALCOCO1",0.66519195098614,4.10429167955974e-05
"ID1",-0.82985431476585,4.10792231183316e-05
"ZFP1",0.521460639052642,4.114179055817e-05
"WDR73",-0.359473030398521,4.12416668311223e-05
"PCK2",-0.437970813397666,4.12451213868316e-05
"SUCO",0.376074646370535,4.1280536383017e-05
"GINS2",-0.464981471689101,4.12837094613978e-05
"NRSN2",-0.418122261516806,4.13523010313812e-05
"CNNM2",0.605364491001732,4.13678968644024e-05
"BBC3",0.56637678731192,4.1422790666934e-05
"POMT2",0.46404020819105,4.15172906770865e-05
"SLC23A1",-1.09821093630775,4.15188744547066e-05
"ENSG00000307010",-2.2117433861999,4.16885770716618e-05
"ZNF691",-0.460852014525377,4.17084970027699e-05
"ZSWIM7",-0.692822655005226,4.17479393205403e-05
"WASF3",0.464819326150635,4.18366214418178e-05
"B3GNT9",-0.753329276874745,4.19022295488219e-05
"CSNK1G2",0.33389880950912,4.19436500298566e-05
"RNF103",0.529490864909666,4.21339806421702e-05
"UGT2B4",0.614715334964521,4.2166821045118e-05
"SLC25A44",0.459379554530015,4.21826988573941e-05
"CDKN2C",0.619600951960528,4.23282593095047e-05
"NBR1",0.662774921412875,4.23389805983754e-05
"N4BP2L2-IT2",0.783974655023811,4.23767059408945e-05
"ANP32E",0.340389549480955,4.23833788243616e-05
"ANKRD54",0.365900299945656,4.23970206546176e-05
"ERICH2-DT",-1.07523305816198,4.24132757962749e-05
"MPZL2",-0.522883985067981,4.25582628505545e-05
"MAMDC2-AS1",-0.770152032555464,4.27305630299427e-05
"NFATC2IP",-0.520569296936335,4.27705637348466e-05
"NDUFB1",-0.422961339596619,4.28265759531468e-05
"MAML1",0.413443309679602,4.30588148692886e-05
"RNF26",0.400619667936929,4.30603329838355e-05
"BCL6",0.361095687213272,4.30718854189266e-05
"BMPR1A",0.43951019420175,4.31932289829181e-05
"PIGW",-0.411745947054563,4.32323828048327e-05
"CYP4F2",-0.949213508501482,4.32452703247029e-05
"ARHGAP5",0.364288986032592,4.32675330834447e-05
"LOC105374254",-1.40791344020023,4.33619004589207e-05
"TRO",0.405842016625139,4.34522785311864e-05
"C9orf85",0.590169102582104,4.34716052454596e-05
"GPR19",-1.39279631184892,4.35366254975886e-05
"DEPDC7",0.63723370393377,4.35384919651755e-05
"C1orf174",0.361460681566954,4.35772921229869e-05
"UBXN11",-0.723356215977078,4.36470425334447e-05
"POLR1HASP",-0.489868761758629,4.39247166669844e-05
"RPAP1",-0.381429546463048,4.39686552180472e-05
"GLYATL1-AS1",-1.59004393740066,4.39845652674184e-05
"SOBP",0.434149026052527,4.39882740106387e-05
"RSPRY1",0.364285000661795,4.40066078592511e-05
"ITGA1",0.443540857413477,4.41377068444426e-05
"KLHL9",0.522065967481568,4.4157816757371e-05
"SGPL1",0.357482130549149,4.41622668179324e-05
"FZD5",0.547460725457066,4.41815938188367e-05
"LNPEP",0.532136491423492,4.41942960921268e-05
"RPE",0.398330210903433,4.42332724952808e-05
"ENSG00000225880",-0.373380366152088,4.42816432786721e-05
"NBR2",-0.60970357247477,4.44039769896968e-05
"LLGL1",0.416808589715682,4.44342190487867e-05
"DYDC2",-0.624109400970996,4.45515665525209e-05
"ZNF263",0.351453506720054,4.46095283784717e-05
"SLC43A3",2.70128691907415,4.46497363870981e-05
"RHOB",-0.55810393503142,4.4679810427629e-05
"LINC01348",-0.920482165097206,4.4690359574724e-05
"NOM1",0.447394466278441,4.47245324967048e-05
"CLASRP",0.64119209666982,4.47311737187772e-05
"ARAP1",0.766186149928165,4.47777751527186e-05
"ENSG00000267321",-0.571413096814913,4.48953864455484e-05
"PALM",-0.656407520304251,4.52314666805588e-05
"SLC2A10",-0.592632258238365,4.52613805169541e-05
"RPRD2",0.409861443959586,4.52745064058454e-05
"ENSG00000260565",-0.617534120803807,4.5415704879008e-05
"ENSG00000286689",-2.48455023147703,4.55435579610999e-05
"ENSG00000258790",-0.614375005736851,4.56375308985348e-05
"WASF1",0.42258544557943,4.56823283311702e-05
"TSNAXIP1",-1.08650293344366,4.57123645700169e-05
"ARFGEF1",0.451782494680301,4.58642051917651e-05
"LINC01572",-0.611719151610878,4.59170780907469e-05
"NONO",0.404003218296623,4.59753135400176e-05
"SLC6A6",0.60378192625666,4.59788371802298e-05
"ENSG00000299996",-1.61088198650956,4.60073731212832e-05
"SPRYD4",-0.535974795972164,4.62085041485783e-05
"CCND1",-0.463824211357046,4.64466161783058e-05
"ENSG00000289857",-0.658675011244721,4.64636086409333e-05
"ZNF837",-1.28527825540952,4.65257323725958e-05
"CEP76",0.56499447917491,4.68722419878623e-05
"NGEF",-0.487610642722561,4.6899477666357e-05
"ENSG00000272631",-1.11076935753021,4.69503665573093e-05
"EOGT",-0.444407662123192,4.69890326187424e-05
"CMPK1",0.391926276790016,4.70162289303622e-05
"ENSG00000289494",-0.998457376399214,4.70523869932271e-05
"ABCC6",-0.690248587513573,4.70719180101491e-05
"PLEKHB1",0.535381608866677,4.72531314188417e-05
"PAAF1",-0.42434129256452,4.72634858091713e-05
"LOC102725048",-1.86536722928186,4.73269166625363e-05
"SPATA6L",-0.916581428935896,4.74555439796162e-05
"CLCN7",0.397289041935559,4.76907797886033e-05
"ALKBH5",0.407694691979897,4.80593112082066e-05
"IKBKG",0.392047891103566,4.8400376282027e-05
"LOC124900217",-0.836909655633323,4.84332011661231e-05
"LINC02021",-1.23292941522909,4.84902444663482e-05
"LINC02709",-1.55089045673572,4.84940990145716e-05
"IL1R1",0.46216948871939,4.865782405787e-05
"ENSG00000288743",-1.64428998313223,4.89038695230608e-05
"NDE1",0.68213535542093,4.89788642966834e-05
"ZDHHC11",-0.824839661188728,4.91315894627151e-05
"DNAJB12",0.360950972829184,4.93821420843351e-05
"AUH",0.562871135412964,4.93964030657252e-05
"RERE",0.336918996422193,4.94429722497244e-05
"MOCS2-DT",-0.919070364873371,4.9460200284443e-05
"SCX",-1.03834135739642,4.9582170763543e-05
"KCTD21-AS1",-0.763340172488797,4.95875527641279e-05
"C1orf216",-0.727378891003205,4.9610688179531e-05
"TP53",0.34010942556965,4.96702448912958e-05
"PIK3R1",0.44325505865438,4.97102505065435e-05
"ENSG00000259755",1.05687294547148,4.99335652385088e-05
"MAP3K1",0.574298577237609,5.00012079031864e-05
"PTCD2",-0.560271800776591,5.01212585195101e-05
"SYBU",0.739476676946386,5.02315063989075e-05
"ENSG00000230658",-1.87900880891096,5.02625318050134e-05
"CEP68",-0.41199413114028,5.0282551971444e-05
"ENSG00000282221",-1.99676923308326,5.03596271272721e-05
"TRNAU1AP",0.441958995815027,5.0410794746361e-05
"GTF2H2C",-0.358479095891892,5.05135582193179e-05
"ENSG00000277369",-1.32323886704273,5.06462712624599e-05
"ATXN7L3",0.367552479861093,5.0654849507675e-05
"PPP2R5CP",3.11311627334786,5.08120953494824e-05
"MAP2K5-DT",-1.77029380901104,5.08278067079423e-05
"TGFBR1",0.396927339065266,5.08974690854812e-05
"ENSG00000251393",-0.997232955986013,5.10437327321579e-05
"RNF213",-0.453098450314544,5.10719629868236e-05
"LRRC24",-0.928542370527257,5.12099115083301e-05
"NUTM2B",-3.97630209565828,5.12260716348562e-05
"LRIG1",0.528156702732509,5.12680670482055e-05
"COPB2-DT",-1.49085199815529,5.13332697870331e-05
"ENSG00000272420",-2.16679713547792,5.13819174656375e-05
"F7",-0.686948145540809,5.14803742331706e-05
"ENSG00000289559",-2.01777201527584,5.18389635538277e-05
"EGLN1",0.607919842535245,5.1867449748766e-05
"TMEM241",-0.604567568993676,5.18826833703478e-05
"LINC02851",-0.620134722390157,5.20742544539016e-05
"EPS15",0.357381203316751,5.20862762242819e-05
"EYA3",0.384198490787281,5.23038262920613e-05
"CORO1C",0.372064928232736,5.24026501104114e-05
"PAXBP1-AS1",-1.55529547394427,5.27268257424323e-05
"LINC00339",-0.590280041728002,5.27464986428196e-05
"HEPACAM",0.627750669259548,5.30941791219107e-05
"PPL",-0.639130034685322,5.32881994186039e-05
"SDCBP2-AS1",-1.10770687711216,5.35222901251067e-05
"MPPE1",-0.551568113482426,5.35422136847158e-05
"LOC101927572",-1.20475949371223,5.37163265692795e-05
"MAP4K4",0.39740278907083,5.40006048850647e-05
"UNC45A",0.330081692035214,5.40176808987572e-05
"ZNF343",-0.380938888265301,5.43077952049962e-05
"PDCD5",-0.441063468091187,5.48505757751442e-05
"ZFHX3",0.3462938621297,5.49745464339307e-05
"TMEM220-AS1",-1.95309947477573,5.50638499761343e-05
"LOC105371272",-1.27040438811326,5.50679942486392e-05
"FBXW11",0.512339573098355,5.50781244444608e-05
"KIF3C",0.813385889111323,5.52001428913678e-05
"IRAK2",0.452960142123309,5.520443471265e-05
"FZR1",0.35456421403057,5.53047293854978e-05
"SRCAP",0.681639069562066,5.58902308431056e-05
"ENSG00000283228",0.85721241715493,5.59129602528354e-05
"RCBTB1",0.440053671743156,5.59472444571776e-05
"DTWD1",-0.50391061064665,5.60364493858303e-05
"CCNT1",0.425025526275091,5.60444033521298e-05
"WARS2-AS1",-0.601357152015691,5.60967898062485e-05
"CD276",0.483280241958305,5.61486723249792e-05
"TCEAL4",-0.374817865851888,5.62222853268769e-05
"UTP18",0.393357293284872,5.62380875514728e-05
"ENSG00000258114",-1.87387128043341,5.63859240377509e-05
"DHRS12",-0.730659672406731,5.64032276725846e-05
"JMJD7",-0.96836642271992,5.64108274821057e-05
"CHRNA10",-1.17988857996155,5.64256320088251e-05
"ITGB3BP",-0.502338285596512,5.65165674342009e-05
"HECTD1",0.408632004928098,5.6588315257623e-05
"TGIF1",0.721828357412451,5.66782508354415e-05
"TAFA5",0.549412513260808,5.67120319979223e-05
"TSPAN10",-0.947972278758732,5.67259097666208e-05
"GSDME",-0.437390987921725,5.68620960136658e-05
"PDCD10",0.524991797642798,5.69892686107924e-05
"ENSG00000302883",-1.2607577019069,5.70618871780524e-05
"ENSG00000214770",-1.40071058852353,5.70748694462614e-05
"TIMMDC1",-0.535054845478664,5.71234778729709e-05
"UBE2H",0.479158808790293,5.73995382448803e-05
"DRICH1",-1.99094741758654,5.74374247631214e-05
"ADAM32",1.54274136992559,5.74725810075963e-05
"SHC1",-0.351462505932572,5.75128380739191e-05
"STRN",0.454570731203714,5.75154007507699e-05
"ENSG00000238035",-0.721075594381669,5.75326565637289e-05
"ENSG00000299022",0.662922362081255,5.78794129503693e-05
"POLR2J4",-0.47246452275822,5.81090508741058e-05
"PCGF1",0.641536380713613,5.82395566348589e-05
"OAZ2",0.422880670255384,5.83290968618755e-05
"RAB9A",0.454667064697842,5.84044773388836e-05
"MPC2",0.343959635000319,5.84273110356557e-05
"PSEN1",0.526584058860517,5.8454134952967e-05
"TANC1",0.915588226706462,5.85146215355239e-05
"CACNA2D4",-1.12427773500778,5.85196460664165e-05
"ENSG00000289311",-1.82673523761071,5.87432780424623e-05
"CERT1",0.526013476810475,5.87990820539384e-05
"ENSG00000266469",-2.10417160765695,5.88081176647014e-05
"NR2F2",0.420808724970832,5.88143782762295e-05
"ZNF232",-0.526836835471062,5.88778771614837e-05
"ENSG00000298291",-1.51971878119606,5.88831208548508e-05
"MAP4K3-DT",-0.977508681321516,5.88833558718823e-05
"FAM72C",0.661545577726256,5.88981393723173e-05
"PITRM1",-0.340439845711828,5.90025298322395e-05
"LOC101929004",-1.72180846159015,5.90272266105955e-05
"GLI4",-0.772139114704596,5.90348379830868e-05
"WDR45B",0.406804705877349,5.90457110545995e-05
"SNX25",0.421558260817487,5.91634036633796e-05
"ABCC3",-0.749802110012759,5.93366669097759e-05
"PHF2",0.362478586246314,5.94146859763285e-05
"ABHD3",-0.427033553508655,5.94156521485868e-05
"RAD54L2",0.329032564870012,5.95080728728129e-05
"UBE2B",0.422623388002289,5.95401189516192e-05
"ABRAXAS1",-0.64117732775537,5.95497077593703e-05
"CD164",0.467277132750114,5.9832242538568e-05
"ENSG00000260874",-2.01019237530525,5.99796252635422e-05
"LOC107985911",-0.705077271220086,6.00100970250452e-05
"BRF1",0.366422832309472,6.00151630743753e-05
"PIR",-0.495854673346605,6.00401031192823e-05
"FAM53A",-1.57591934758695,6.01298659574712e-05
"ENSG00000226259",-4.08073935764048,6.0160364862631e-05
"ANKRD31",-2.14146948777922,6.01629767391454e-05
"SUMO1",0.396415826822302,6.01633458345868e-05
"SLC2A4",-0.652969388080141,6.01634104619904e-05
"HSDL1",0.342771254217581,6.02120666883266e-05
"GTF3C2-AS2",-0.36623040851585,6.02562287862176e-05
"SLC25A36",0.361926106313083,6.02868192200876e-05
"FOXK2",0.355640229504442,6.02907975753404e-05
"THORLNC",-2.17018192114079,6.03482204288562e-05
"RNASE4",0.427838249561705,6.05516116061764e-05
"ZNF316",0.672847899747289,6.05939200049927e-05
"ERCC6L",0.560130500993692,6.07595370232651e-05
"TTBK2",0.517279302534684,6.09143934997591e-05
"SLC17A5",0.519837472606124,6.09377772642469e-05
"ENSG00000283757",-2.46933326102156,6.11322523397542e-05
"MGAT4A",0.400244317508962,6.14800051756173e-05
"DTX3L",-0.499168616882943,6.15950051393058e-05
"PPP1R12B",0.641802202080819,6.16695426511114e-05
"UBE3B",-0.453216047409469,6.18553445001792e-05
"CEP44",0.439591652782167,6.19179751675463e-05
"CCDC170",-1.46872463056382,6.19504872941587e-05
"ENSG00000272374",-0.679059857516151,6.2012821379341e-05
"PAPSS1",0.442832783410028,6.2080369295135e-05
"CNDP2",-0.329048752580774,6.21193040108315e-05
"GARS1",0.487991578078183,6.22146147613464e-05
"SLC38A10",-0.453688133359002,6.22347287574822e-05
"ZFY",0.478389305171458,6.22599493191651e-05
"RBM12",-0.359930237439885,6.2286640912278e-05
"LOC100287808",-0.9911453855552,6.24291411640113e-05
"KIF20B",0.544065678492981,6.24972673781846e-05
"MCM8",0.384175775695432,6.25045841743044e-05
"ALCAM",0.432057338008729,6.29167378621396e-05
"FAM117B",0.484803806087887,6.30863168740374e-05
"PDGFC",0.795442323942146,6.31644995304214e-05
"ZNF852",0.404345282865539,6.31876915394586e-05
"ENSG00000280187",-1.04927312771523,6.33079656010825e-05
"ARRDC1",-0.404714698187673,6.34588617738035e-05
"SGTA",0.319154926863117,6.34816259698155e-05
"NEURL4",0.565580723607817,6.34904317998835e-05
"IL17RC",0.44440908568752,6.36246739021266e-05
"ZAN",-2.48855672932048,6.36780117446636e-05
"WNT3",-0.458789200324653,6.36848768699186e-05
"PIK3CB",0.50279869544673,6.38859496079389e-05
"MIR1915HG",-0.672197312302557,6.4032913351147e-05
"ENSG00000289595",-0.819194980246762,6.40496438386812e-05
"NCBP3",0.356890176738956,6.4154669272865e-05
"B3GNTL1",-0.492603252201038,6.4181909180383e-05
"QTRT1",-0.446279127330888,6.42271270229421e-05
"EPC1",0.407028489194012,6.43248447318189e-05
"LDLR",0.42715924112533,6.43419729123424e-05
"NUDCD3",0.32771107169185,6.44459913404773e-05
"GPATCH11",0.399703331736916,6.45032704482261e-05
"NSUN4",0.429056543934511,6.45673793018779e-05
"RAD17",0.324448015124276,6.48136973851541e-05
"CYB5B",0.36416392748251,6.49830337712131e-05
"ZNF608",1.17696731981902,6.50648009086434e-05
"ASB1",0.365833433637923,6.51419545193048e-05
"MTUS1",0.321349539079885,6.51954307414071e-05
"FAN1",-0.412167131658916,6.52424541475468e-05
"TLE4",0.905416582150279,6.52588236207858e-05
"TNFRSF6B",-3.48227613012302,6.54040373910385e-05
"NRSN2-AS1",-0.598029232452932,6.54117041042349e-05
"PEX16",-0.509885107288626,6.5631807663002e-05
"FNDC3B",0.418720758966636,6.58485346540819e-05
"NRDE2",0.406132361781178,6.59588432552684e-05
"ZNF146",0.415045717519751,6.65575427314787e-05
"MORN4",-0.605583404112949,6.66563013945291e-05
"DBF4",0.454481052690167,6.67279687476871e-05
"ACACB",-0.700304643992714,6.68512377105831e-05
"LINC01285",-1.11343506909605,6.69425271812907e-05
"RAB1A",0.400576208044205,6.69672651568353e-05
"TGFBR3L",-0.962355896204041,6.70114685456612e-05
"RBM15",0.552869273595665,6.71144618504479e-05
"TIGD1",-0.544604018456015,6.71183605293562e-05
"BLOC1S2",0.384902031049048,6.72514681628682e-05
"MARCHF6-DT",-1.19145444640785,6.74380912799959e-05
"WDR59",0.422448175546612,6.75839099944191e-05
"SMG9",0.355514260661653,6.75956843631701e-05
"ZNF513",-0.495206387434095,6.78170016227944e-05
"CDKL4",1.33295261548244,6.78524336584761e-05
"TM9SF3",0.451540780421011,6.78952598224877e-05
"RBM27",0.36093691358615,6.8284458305198e-05
"VEZF1",0.447663075100778,6.83789973681409e-05
"SDF2L1",-0.628899849861249,6.8436438916039e-05
"CDK8",0.378243921749972,6.8524981969891e-05
"ENSG00000286964",-2.07236516104424,6.85437718990291e-05
"IGF2BP3",0.34372694781153,6.87126395092959e-05
"ARL1",0.392606504913608,6.87919545565464e-05
"CYP21A1P",-0.793293869342116,6.87928756917683e-05
"ENSG00000286017",-1.936113675674,6.92022958490331e-05
"RAP1B",0.381863476070283,6.92583577207819e-05
"PNPLA7",-0.592793508604378,6.97215673797453e-05
"EIF5",0.311645336765183,7.0002014744408e-05
"GTPBP3",-0.380555471572712,7.00076053479312e-05
"HOXC9",0.634968618588871,7.00225267650351e-05
"UBAP1L",-0.646313320597224,7.00961033657406e-05
"GTF2A1-AS1",-1.60219476653025,7.01576423007359e-05
"EHHADH",-0.484838006417861,7.0273612532582e-05
"ENSG00000205740",-1.56752858393544,7.05692431535423e-05
"INTS6-AS1",-1.05789357515855,7.06753968400477e-05
"COL27A1",-0.702625195569333,7.06761589320343e-05
"ATR",-0.414624675811139,7.06898200287117e-05
"SLC16A6",-2.10970410183627,7.07090364732308e-05
"TMEM165",0.390720112888027,7.08706679458706e-05
"IRGQ",0.451858328455815,7.08960845948415e-05
"ZBED3-AS1",-1.04930181008785,7.09523211139479e-05
"GID8",0.33441853419634,7.09546510626466e-05
"CCDC171",-0.913479764191629,7.10227382390132e-05
"DRC7",-1.15895462349051,7.1102715270721e-05
"TEAD3",0.339468479223137,7.11418682288308e-05
"IDI1",0.340705961272616,7.1152356660484e-05
"GNS",0.472557889288507,7.12052170196212e-05
"ZNF528-AS1",-0.673186202836622,7.13757897775815e-05
"AXIN2",0.412499565053979,7.13904298284363e-05
"IL1RAP",0.578267059650243,7.14422491251054e-05
"NOL3",-0.525763379156598,7.15599762367772e-05
"CCDC85B",-0.730817158910264,7.17629653758774e-05
"LEAP2",-0.776154815121806,7.17951959285121e-05
"NCDN",-0.422030963845245,7.19652294650027e-05
"HMGCS1",0.433260325494936,7.20795282481663e-05
"MRPS33",-0.435693692130373,7.20803581473487e-05
"TMBIM6",0.445847626787357,7.23652757932119e-05
"KRIT1",0.390394997268831,7.24508034528725e-05
"RFK",0.467588915566961,7.25556399344985e-05
"LINC01118",1.1192535991036,7.2562387417487e-05
"LPP-AS2",-1.66270624059469,7.26170544203472e-05
"ENSG00000303016",0.834319775081988,7.2921498871114e-05
"PABPC1L",-0.420429619736723,7.30484613222065e-05
"EIF2AK3",0.463116552022158,7.32615493805696e-05
"ENSG00000261423",-1.08282185777284,7.32714782065147e-05
"MED24",0.356620012194938,7.33840660821338e-05
"CFDP1",0.426904286804517,7.34812902569311e-05
"FNDC3A",0.312920702330562,7.35466856538134e-05
"SERTAD2",0.493089350539025,7.37577924966385e-05
"GSTT4",2.53098405376192,7.41444650816601e-05
"FOXJ2",0.469303717640252,7.4160392335725e-05
"ENSG00000265690",-0.915470744815549,7.43514746265775e-05
"DAAM1",0.46331971979546,7.43992107590661e-05
"ZNF623",-0.419576143979439,7.44113439469644e-05
"GAK",0.323269391986021,7.44608599283323e-05
"ENSG00000263126",0.66765323138222,7.47948300301266e-05
"PPP2R5A",0.412619994158461,7.49332363367272e-05
"IFRD2",-0.353090594471073,7.4978845410666e-05
"ENSG00000279092",-0.819822915037006,7.50225168054936e-05
"POTEF",-1.11957457264873,7.5193881294052e-05
"SDC2",0.454667946149311,7.52306604876117e-05
"MIDN",-0.363151435112836,7.52637861715395e-05
"DR1",0.386764131186855,7.54457824736838e-05
"MAPK8IP3",0.405141981331025,7.5626050116574e-05
"LINC00548",1.57391128421877,7.5658648957688e-05
"RAPH1",0.482845127358758,7.56694370634484e-05
"GPR157",0.507563808490774,7.5777406697042e-05
"ATP2A1",-0.553804510928046,7.58807491235151e-05
"RHOT2",-0.42280580728433,7.60584499985667e-05
"CSTF3-DT",-1.16965021028986,7.61175715969912e-05
"CPED1",-0.491657393162675,7.61361557552576e-05
"ZNF324B",-0.943441080917784,7.62507581439118e-05
"UBQLN4",0.373387385483114,7.62757955597265e-05
"HUS1",0.494879551878636,7.63060485004476e-05
"FOXK1",0.482576447352859,7.63182059041524e-05
"LINC01011",-0.939278415945861,7.6377910268437e-05
"PDGFB",-0.634753291888968,7.64494648508696e-05
"ENSG00000278730",0.396455934502643,7.66118474895131e-05
"RBMS2",0.538635546924982,7.6817083950366e-05
"MTO1",-0.312729856822227,7.6838125240079e-05
"FUOM",-0.480405931523035,7.73108101949501e-05
"ENSG00000276900",-0.862923151294258,7.74476839623508e-05
"ENSG00000289268",-0.858241815554214,7.74706014327908e-05
"MBNL3",0.370802574148735,7.8183026754136e-05
"MFSD12",-0.370396912167127,7.82457124342794e-05
"FRRS1L",-1.38630308556166,7.86780334130517e-05
"CSF3R",-0.558727363700235,7.90518708569363e-05
"ARID4A",0.443638924500755,7.93037803445185e-05
"TBC1D10B",0.341055284436602,7.93272820884955e-05
"SERINC1",0.415934789388601,7.93983859434718e-05
"TIMP3",0.411057409419669,7.94214690376158e-05
"JAK3",-0.693073546773645,7.94374924712944e-05
"CTDSP1",-0.472944447516756,7.94815670339091e-05
"SMPD2",-0.652399434956657,7.95551477384769e-05
"ZRANB2",-0.378882696673875,7.9904089065424e-05
"AMBRA1",0.371337531975052,7.99431857212703e-05
"FBXO21",0.33325862665759,8.00660646074623e-05
"H6PD",-0.485721961862862,8.03861955087663e-05
"PPFIBP1",0.419518005484285,8.04338466518081e-05
"ZFP62",-0.410845099034699,8.044192583798e-05
"SNRNP27",0.471979208567824,8.05865117547722e-05
"WASH9P",0.450645273543458,8.07156467599778e-05
"ENSG00000288728",1.14976785672756,8.07226719832886e-05
"ENSG00000274184",-3.41235470458533,8.08897838818051e-05
"SLC17A9",0.466478357484967,8.08947476133511e-05
"PARP9",-0.764928977066287,8.10913937314463e-05
"GAB2",0.542291626034549,8.1198983138029e-05
"ANKHD1",0.464191144132034,8.15519182764179e-05
"NBPF8",-0.47813634393538,8.17361441372386e-05
"ALKBH3",-0.678283845096528,8.22481021531575e-05
"KCP",-0.846219521716781,8.26053594313805e-05
"KIF3B",0.351065211737394,8.26472495955348e-05
"PRKACB",0.573698843083128,8.27519360767596e-05
"ENSG00000289183",-0.632886410254676,8.28155112143083e-05
"AKR1C3",0.454133930339698,8.29318305007392e-05
"MAP4K1",-1.13845051619724,8.30928842174013e-05
"TRAPPC10",0.322519781275353,8.31005265817988e-05
"GSTM2",-0.569683415259056,8.31010179907229e-05
"ENSG00000273314",-1.19969587454859,8.32714882482455e-05
"ACTR10",-0.460967310082357,8.33909131009929e-05
"ENSG00000289226",-1.76170148205974,8.35119601471691e-05
"ENSG00000246263",-0.934599616346858,8.35990281872993e-05
"CAND1",0.331227857375568,8.36549051270152e-05
"SMC5",0.394829567200477,8.38246230242216e-05
"ENSG00000304586",-1.70128647086496,8.384483946667e-05
"EIF4EBP2",0.424608735963725,8.38773552286186e-05
"LINC00222",1.78745791520165,8.39994219701983e-05
"PVT1",-0.669832131254918,8.41227743564294e-05
"ENSG00000282508",-0.578903406538649,8.41996263267508e-05
"HSD11B2",-0.645893726222503,8.42737425641619e-05
"TERLR1",-1.49976589416573,8.44495631471427e-05
"CHMP1A",0.363588917583807,8.48272405614834e-05
"MASP2",-0.548648441967326,8.50078926410259e-05
"LARP7",-0.433543371487836,8.5026372639485e-05
"IFNGR2",0.408733790244957,8.50276882011941e-05
"ENSG00000272277",-0.976126861883571,8.51139283535118e-05
"DDX19A-DT",-1.67567802669194,8.51586744488986e-05
"TNFAIP8L3",-0.958658972178129,8.53524822350989e-05
"FOXN3",0.488803858910995,8.54641662367881e-05
"BST2",-0.464874602820732,8.57138549796601e-05
"RCC2",0.403767384024394,8.57629588588125e-05
"ELP4",-0.534750355092753,8.59422116767766e-05
"B3GNT2",0.509180633013045,8.60568835039098e-05
"SRP14-DT",-0.99188640791919,8.61497073158214e-05
"CCDC97",-0.454456614723111,8.6369858614804e-05
"C17orf58",-0.55252265196815,8.64438857482665e-05
"KDM1A",0.349935375831319,8.66483158119622e-05
"PMFBP1",-0.801349874633386,8.6834273926406e-05
"LINC03040",-1.88906577462829,8.68388607967642e-05
"SERINC3",0.439718302379548,8.69150457577507e-05
"ENSG00000279246",-1.0471735991857,8.70600554685804e-05
"RNF32-AS1",-1.07063034022807,8.71799061962292e-05
"ENSG00000232098",-0.444743548331147,8.74532111492492e-05
"LINC01003",-0.677365239040968,8.76700079981511e-05
"CPD",0.390472577933416,8.7754343728247e-05
"WFS1",0.416481633914312,8.79453436789888e-05
"TNFRSF10B",0.475291017737736,8.80428035475423e-05
"NEURL2",-0.715115581759391,8.80443417732797e-05
"GPBP1",0.29604641861369,8.81306388285586e-05
"ENSG00000269983",-0.902127211742824,8.82653798160701e-05
"FAM118A",0.460503255291665,8.83216672647947e-05
"HEY1",0.869794794186607,8.83545711993967e-05
"NECTIN1",-0.612277201986792,8.84471591085326e-05
"ENSG00000296253",-2.36327485203566,8.8645508486835e-05
"TTLL12",-0.514194963157676,8.88092415059235e-05
"RBMX",-0.328864162255626,8.88222767543252e-05
"BCAS1",-0.902006047564935,8.89742441000795e-05
"DPM2",-0.419850092086041,8.89757487779305e-05
"ENSG00000280206",0.684392677188492,8.92631656305906e-05
"BCL2L2-PABPN1",-0.794369936980436,8.94043507576627e-05
"SKI",0.45781257037251,8.9462586138689e-05
"ACTR3B",-0.544061240210423,8.98325090098664e-05
"IVNS1ABP",0.4672248221974,8.99817799968741e-05
"ENSG00000277142",-1.20192491898449,9.01232730978409e-05
"TFIP11-DT",-0.743083530266691,9.01682163218866e-05
"MAP3K4",0.415048232140554,9.02824599378076e-05
"MCRS1",0.309021384501385,9.07871840815081e-05
"PLIN5",-1.26216884089801,9.08702886239081e-05
"RASAL2",0.578500998866913,9.09864962766556e-05
"ZGLP1",-0.673142309604839,9.10466786262071e-05
"ENSG00000272941",1.22889428506033,9.11181390760826e-05
"LRRC37A3",-1.11380949028469,9.11516654424176e-05
"TMEM150B",-1.21684269877161,9.13966467991005e-05
"EPCAM-DT",-0.998856880542749,9.15140433138813e-05
"PI4KA",0.405957337278978,9.17546199720424e-05
"PRRT3",-0.868243162168653,9.17562884093865e-05
"LAMTOR2",-0.512882015517491,9.21034850732694e-05
"NCKAP1",0.303644649242457,9.2375767336792e-05
"CPSF3",-0.42021062993536,9.27102253614619e-05
"MCM6",-0.389514922694595,9.28429757795993e-05
"SERPINI1",0.603590108375342,9.28988027607642e-05
"CDC73",0.365246510904653,9.31709511448678e-05
"CSNK1A1",0.336029375305577,9.34323834377173e-05
"TMED2",0.424424992334878,9.35381426172018e-05
"ENSG00000255389",0.786094526861678,9.360479298137e-05
"ANKRD42-DT",-0.751508111921985,9.37628937661809e-05
"CCDC14",-0.545503790843702,9.38151997553947e-05
"SLCO4A1-AS1",1.50013353152342,9.38540502567205e-05
"LOC389602",0.616846566392989,9.4034838929919e-05
"RHPN1",-0.818156884053632,9.41417084882384e-05
"IFT88",-0.481516694628116,9.42622470421519e-05
"SOCS4",0.452417254352516,9.43708961422322e-05
"TTC23L",-1.29544910416783,9.44374972725169e-05
"ENSG00000289294",-0.767916252408388,9.44882205570215e-05
"MTIF2",-0.49080993541738,9.49573626344175e-05
"KATNBL1",0.455779977902801,9.51583182215321e-05
"F8A1",-0.621788757066513,9.56145754432777e-05
"ZNF516",0.440439943388388,9.57099182866546e-05
"SMYD5",0.331004734326327,9.5818040002505e-05
"ENSG00000293486",-1.01822582215939,9.5875580573546e-05
"CRCP",0.39050830110548,9.58835103808335e-05
"MIR3142HG",0.805717063840433,9.63950532207642e-05
"PARAIL",-0.447990077110453,9.64867571797125e-05
"VGLL4",0.348003596603075,9.66783053206072e-05
"NUDT21",0.356501850329001,9.6689974137165e-05
"USP43",-0.72196457201098,9.67921216510878e-05
"FEM1B",0.378205150973891,9.68935358386835e-05
"USP22",0.35094846944165,9.69114734079017e-05
"SRRT",0.396749527879708,9.71440387061094e-05
"UPB1",-1.72263596834317,9.7217124165207e-05
"MFSD8",0.423395738716398,9.73790487306989e-05
"ENSG00000290879",0.634536036170358,9.76928018219446e-05
"SLC48A1",-0.569164290028479,9.79339732188143e-05
"TMEM86B",-0.669676561866158,9.83613309036328e-05
"ZNG1B",0.48704317017371,9.84278399887748e-05
"SCAMP1",0.424504378459257,9.85307143154423e-05
"PPFIA3",-0.434201982210559,9.9842635912549e-05
"MSANTD2-AS1",-0.777734511204204,0.000100072071616469
"TMEM139",-0.594312786013349,0.000100348183373101
"PWWP2B",-0.595239770700515,0.000100460588057655
"ZNF594",-0.533401531017084,0.000100720430795283
"FBH1",-0.324712178270027,0.0001011993529788
"WDR5B-DT",-0.879441238208625,0.000101421188552966
"LYSMD3",0.49814819534261,0.000101434394362371
"TUBE1",0.518847008725997,0.000101700292358106
"COLCA1",-1.30690338222364,0.00010176725681817
"TMEM59",0.440795192249524,0.000102076830399093
"SMARCD1",0.369188880587084,0.00010232859059634
"METTL22",0.291770082414078,0.000102451040527289
"PIGV",-0.41259866445106,0.000102589372633791
"UROC1",-0.875365179372954,0.000102774167804014
"SHROOM1",-0.553175959731196,0.000102810925268229
"JAGN1",-0.373715296433612,0.000102900070649171
"SPPL2B",-0.584081044908902,0.000102925359753864
"FKBP5",-0.505047125770872,0.0001029550382032
"XRN2",0.367866245428018,0.000103031150156451
"MINK1",0.443468685629366,0.000103117516154419
"NDRG1",0.689138659452831,0.000103127002494721
"SIN3B",0.4169414182539,0.000103142904928208
"COIL",0.345646486793801,0.000103254010939345
"ENSG00000272010",-1.85701379678545,0.00010337537024219
"GSK3A",0.373056138191218,0.000103490131348818
"COQ10B",0.452175174209885,0.000103490179272807
"PPP2R2C",1.22694352004628,0.000103816565722846
"MCCC1",-0.369165001707797,0.000103842281639608
"CYP21A2",-0.666342305536432,0.000104017321966789
"RAC3",-0.641503837298552,0.000104225518462434
"CCDC183-AS1",-1.22421332393939,0.000104248901018603
"HOOK1",0.315327779623644,0.000104487927255066
"CELSR1",-1.27742008703387,0.000104736718558643
"PIGX",-0.438295270936629,0.000104930632237015
"PUS10",0.324262142286454,0.000104989821347984
"YIPF4",0.394902772208938,0.000105016990708206
"SON",0.330561635474906,0.000105075403040247
"MRPL17",-0.41894725033575,0.000105268190300101
"ZFP36L2",0.472407945037455,0.000105377546935891
"DDX3X",0.43397291317123,0.000105544531199644
"WDR76",-0.432451723588325,0.000105591459684496
"FARSA",-0.404157282424265,0.000105730652977273
"KMT5C",0.588465447925752,0.000105897144437352
"CCDC57",-0.40411573138753,0.000106041477539264
"ARHGAP19",0.62302234335395,0.000106574771450577
"MRPS31P5",0.548371079898202,0.00010659918458373
"EMX1",-0.62024096530748,0.000106667205067441
"NSUN6",-0.456020987282525,0.000106961361263131
"ENSG00000287284",-1.54341216744676,0.000107107811680004
"ANKMY1",-0.546535399216658,0.000107160142317724
"B4GALT2",-0.344221584495758,0.000107193680292565
"STING1",-0.815898238363524,0.000107284089005987
"CENPO",0.350670444206626,0.000107376618509978
"AGO1",0.323952959248445,0.000107378756261781
"ZMYM2",0.371421153833859,0.000107776618165686
"GOLGA7",0.300218272144226,0.000108026718769294
"ZNF397",-0.539647134732969,0.000108227128534932
"CFAP100",-1.77085804377186,0.000108602074631602
"SIGMAR1",-0.336672939198615,0.000108682667931055
"ZFYVE16",0.343495186206282,0.000108890017732497
"MIR3936HG",-0.835749628871352,0.000108921220139473
"TMEM50B",-0.457654977394924,0.000109129298653664
"RAF1",0.328428856840627,0.000109347271855542
"EMILIN2",-0.49262974310446,0.000109414037484182
"ENSG00000287042",-1.62718477504842,0.000109430112256596
"IQSEC1",0.326444748516735,0.000109505395044444
"FAM72B",0.509425341598359,0.000109779842973571
"PKN2",0.369975994279145,0.000109873099020807
"PTOV1-AS1",-0.982584124806194,0.000110130324211526
"ENSG00000290385",-0.56901959974253,0.000110291059686955
"ENSG00000279495",0.644108407501502,0.000110400700651577
"AKAP9",0.627563948448037,0.000110457219944961
"SLC26A6",0.469670240896381,0.000110506222171638
"SULT1E1",0.471373413206828,0.000110526461800608
"MIR194-2HG",-0.725273394658945,0.000110538683802849
"CLN8-AS1",-0.631519946783142,0.000110561878003276
"YAP1",0.329315507279884,0.000110627007832452
"ENSG00000143429",-7.75318918580832,0.000110803719199357
"ENSG00000260007",1.20214401943293,0.000111231730596284
"MLXIP",-0.297014377242192,0.00011133964234282
"RBBP6",-0.39712202196201,0.000111478967694187
"CHIC2",0.489969664330333,0.00011150156482371
"ATRX",0.491681957417481,0.000111669940986891
"PSTK",0.546043270526589,0.000111896743510672
"TTC34",-1.37667190749864,0.000112093903806235
"ENSG00000289560",-1.69894930464227,0.000112250204922096
"ALG11",0.577986225630882,0.000112459318053302
"USP34",0.33995400867692,0.000112549661744344
"PTRH1",-0.764124024547303,0.000112556404904565
"P3H4",-0.420396126984563,0.000112990972335717
"MAPKAPK5-AS1",0.404497075671927,0.000113077388205167
"RBBP8",-0.429894496416948,0.000113157446101179
"LOC102723575",-2.42453315143695,0.000113164019948505
"ABHD13",0.468478563446406,0.000113612064870583
"ENSG00000262294",-0.912960409265894,0.000113747310929205
"TMEM127",0.410003772202134,0.000113747373510244
"BOD1",0.335322135678676,0.000113856147543531
"HAAO",-0.523919595334131,0.000114172640106508
"HES1",-0.647252268951055,0.000114411666493379
"BISPR",-0.530801953336568,0.000114939265075921
"NDUFS2",0.362850182344869,0.000114959012774888
"TEX10",0.334882041615942,0.00011497188762378
"PELI3",-0.763263996797846,0.000115064386638639
"ZNF670",0.567055945462839,0.000115411923865028
"TPCN1",-0.454603177674191,0.000115750971022471
"DHPS",0.341759445495888,0.000115879182781499
"DHX16",-0.299086545402029,0.000116516513971944
"RBM15B",-0.402211056248951,0.000116592655739419
"TNPO1",0.399686249951936,0.000116643325763613
"CISD3",-0.387540954688008,0.000116884079866825
"SPTY2D1",0.442900715703201,0.000116923348347829
"ENSG00000270179",-2.51489290156152,0.000117126176996446
"LOC124906262",-0.542047429413613,0.000117525085077954
"RNF145",0.679835710810165,0.000117561782693232
"LOC100505774",-1.36038030112139,0.000117719819399517
"SYNGAP1",-0.618573511790285,0.000117730549764909
"ACSL3",0.542074965139876,0.000117947227972373
"BAG4",0.377162494630608,0.000118039764474428
"MED4",0.373827037783858,0.000118069164008187
"PEDS1",0.382951545853969,0.00011823795347279
"SLU7",0.474714728491323,0.00011838458381121
"ENSG00000262333",-1.09111361916632,0.000118505457143828
"PLEKHF2",0.445698922703171,0.000118880814327767
"TDG",0.458223801461618,0.000119060100083785
"RECQL5",-0.448575243680823,0.000119176167379134
"F11R",0.450303507458053,0.000119223053330927
"LINC03011",-0.743306954380203,0.00011973345588421
"TMEM170A",0.49526224199872,0.000119764339607883
"PLXND1",-0.343412018435394,0.000119940234719244
"FXR1",0.372090762535886,0.000120081871619727
"ENSG00000229740",-1.1278999277188,0.000120169567510391
"RBP5",-0.542458514584912,0.000120235965766381
"LIMK1",-0.534684956295355,0.000120298206707732
"KPNB1-DT",-0.906969347869921,0.000120533938186282
"CDC5L",0.367260644780562,0.000120574743062819
"KAT7",0.438542675174533,0.000120710544412106
"ENSG00000265888",-3.1683994294844,0.000120865047836606
"SYNCRIP",0.345167238960161,0.000121407857134968
"PGGHG",-0.505753280391002,0.000121420831031525
"PALM3",0.782498692917259,0.00012184031232231
"BCDIN3D-AS1",-2.08079976736813,0.000122368843027081
"NT5C",-0.39132079594609,0.000122372375993309
"RGPD3",0.908414517528599,0.000122389535036551
"USP31",0.329121419386684,0.000122522576997252
"GPATCH2L",0.352331690412141,0.0001227061093971
"NUFIP2",0.304273401849838,0.000122761626346245
"LCMT2",-0.626645932849734,0.000122806741101938
"LOC374443",0.447886951571114,0.000122809966434731
"FAM83H",-0.391660023419022,0.000123278493505058
"ST3GAL4",-0.435587147509175,0.000123496089103484
"BNIP3L",0.716987922758311,0.000123581649068904
"LINC00939",-1.93536371125597,0.000123596067564436
"VAMP8",0.351929616812946,0.000123690352275932
"RSPH4A",-1.90308756419953,0.000123705872854614
"PPCS",-0.370785778360312,0.000123815330859788
"TRAPPC6B",0.304095088748787,0.00012382657849645
"CNKSR3",0.332159607490399,0.000123867678956617
"PPP1R12A",0.334792406721034,0.000123940372606797
"UBOX5",0.48883888506344,0.000124119926398982
"DNAAF4",-1.2117825239587,0.000124630030491744
"ZNF696",-0.413100976281142,0.00012466805768987
"ENSG00000293550",-0.668448439305081,0.000124715411374601
"SH3GLB2",-0.438592298958967,0.000124939054141279
"ATP13A3",0.374611499275441,0.000125052262776642
"ENSG00000289979",-1.32456159221315,0.000125185054325815
"PSRC1",0.737150899256479,0.000125210603517175
"ENSG00000229017",0.686842822939158,0.000125279759224322
"WDFY2",0.433545085513742,0.000125976508784757
"ZNF853",-0.597868715913152,0.000126318368483655
"CCDC89",-1.7305648224603,0.000126440958500287
"AP2B1",0.463247134909517,0.000126588605978516
"TAF1B",0.419643506200259,0.000126715168578776
"ENSG00000273058",-1.71419737968583,0.000126748999920906
"RIT1",0.490248599039606,0.000127106114380251
"ATXN2",0.340973507104294,0.000127304011819187
"FGFRL1",-0.366398907931891,0.000127381973266033
"ENSG00000298553",-0.886464583674548,0.000127448774196001
"YME1L1",0.316757302047347,0.000127673747945515
"TBC1D12",0.458876567580383,0.000127834053051122
"LRRTM4",1.19473796490344,0.00012794505883649
"ITGB2-AS1",-2.09775043956189,0.000128525658352502
"SP1",0.320370404613218,0.000128549651166687
"HIP1",-0.513607451099211,0.000128700495239685
"RCAN3",0.440907394213451,0.000129448109441272
"CSTF2T",-0.575358312226582,0.00012975406346246
"TUBGCP4",0.380484557965444,0.000129800209889597
"CSRP1",0.40621698348693,0.000129831115641756
"ACAT2",0.444359193752478,0.000129906994804236
"ADCY7",-0.746090479610718,0.000129908310413516
"CNTROB",0.368832659896908,0.000130104837053638
"USP19",0.306608995691274,0.000130177803483663
"EXTL1",-1.65057976059952,0.000130289311405085
"CCDC137",-0.320576692305092,0.000130613226436103
"TMEM8B",-0.556716799167322,0.000130695747065864
"CASKIN2",-0.393233495394655,0.000130886465810865
"SKAP2",0.35844476968179,0.000130910201690229
"TRAF2",-0.30998157055082,0.000130997770701552
"MEI1",-0.976961211810648,0.000131061915082218
"RNF227",-1.18715343901833,0.000131237290507593
"CCM2",-0.486609757189384,0.000131302886667419
"CENPK",-0.392692111572648,0.000131310760983958
"ENSG00000260740",-1.60287356966859,0.000132369337164623
"GLB1L",-0.642256248541895,0.000132542950711872
"FNTB",0.374586900789106,0.000132556186578357
"MAPK13",-0.564841537183009,0.000132602218851362
"PKD1P1",1.10533742208812,0.000132945092706241
"MRPS16",-0.35449134136736,0.000133018197145063
"KIFC2",-0.576379965597288,0.000133518071183275
"HNRNPDL",0.434239555198823,0.000133661258512148
"IQGAP3",0.591631330449567,0.000133790613975137
"ENSG00000293919",-0.595514483833987,0.000133850129409299
"SLC44A1",0.380066508665765,0.000133861905012063
"JADE2",0.471866021241558,0.000134063478517648
"THADA",-0.43815943935743,0.000134066508843455
"NUP50-DT",-0.937705673416895,0.000134148005334005
"NSRP1",-0.514744608866701,0.000134231712432259
"RDM1",-1.48338929643469,0.000134310325107782
"NT5DC1",-0.391408662347949,0.000134739589594676
"LEMD2",0.347524508082178,0.000134927616532953
"DHRS4-AS1",-0.421058014880278,0.000136353509335288
"NPAS1",-1.01532038508659,0.000136582716283426
"DBF4B",0.516567036712637,0.000136617146019923
"MOB1B",0.430145635849007,0.000136639290691121
"ARPIN",-0.574507182450584,0.000136836388563637
"METTL1",-0.445128258915324,0.000137608826677804
"ACTR3",0.458299926091432,0.000137675298097666
"TLNRD1",-0.432653298674296,0.000138046394961137
"IQCC",-0.700890217703408,0.000138248340398452
"RABEPK",-0.368884268431784,0.000138447967092927
"PLA2G4C",-1.65014008911365,0.000138509443846921
"ENSG00000251026",-1.04449401708043,0.000138620620366327
"TMEM223",-0.469999799263997,0.000138830288658816
"PLXDC2",0.595577712974612,0.00013890046173195
"LENG9",-0.942382907348381,0.000139043727012208
"ERO1A",0.374741340860239,0.00013949292030197
"SULT1A1",-0.402747213480319,0.000139591940042099
"HIF1AN",0.401713510999531,0.00013962294003076
"ENSG00000272721",-1.1934754766168,0.000139669210881907
"NMI",-0.810942993555626,0.000139692834929335
"ENSG00000272994",-0.532808867638562,0.000139719743377683
"SRF",0.393645990082286,0.000139759112547153
"MMGT1",0.559951233912015,0.000139770325762423
"COG5",0.331248767368507,0.000139778240917201
"RFX2",-0.78987167811717,0.000140420227096643
"BTBD16",-1.42321134273103,0.000140641825432135
"HGSNAT",-0.438354707512026,0.000140994779779446
"VAC14-AS1",-2.83896189903297,0.000141670260674398
"PPIEL",-1.27960386015135,0.000141803888891494
"PLA2G12A",-0.366551537454153,0.000142117441119576
"RC3H2",0.34024523630249,0.000142213446751098
"LOC127239154",-0.589802976301388,0.00014223303089362
"ATP11B",0.433831946437567,0.000142336908858996
"LAMP2",0.414514002217899,0.00014238742438195
"UBAP2",0.309707607637121,0.000142451830262612
"REEP6",-0.340074375109507,0.000142635312523507
"MTHFD1",-0.300664740279084,0.00014357214703072
"DNAL1",0.691229999364207,0.00014357928526126
"GIHCG",-0.739740990290583,0.000144603192478585
"VPS26B",0.344580703717281,0.000145150897311815
"CLUHP3",-0.412135149775452,0.000145353656003372
"INO80E",-0.404746624462119,0.000145486500258875
"NOL4L",-0.295793810479999,0.000145728342920529
"GMEB1",0.501761733628767,0.000146180791487654
"KDSR",0.443817235524215,0.00014663760728187
"GAB1",0.362025352266624,0.000146644006254146
"FREM1",0.385412210857758,0.000146684652472761
"LINC02897",-1.66217972979218,0.000146841937760091
"MIEF1",0.277383875656154,0.00014689768347387
"STN1",-0.506675200447477,0.000146898208640585
"APOL2",0.377437086462519,0.000147451510739602
"C1orf162",-1.36209395312583,0.00014812833618886
"PROX1",0.392796125120818,0.000148160636777645
"YOD1",0.467559912578562,0.000148330400106891
"HADHA",0.364510266434043,0.000148472303821109
"BLOC1S4",-0.54460108491535,0.000148475164363217
"ENSG00000290830",-1.61029255329279,0.000148525401407431
"COMTD1",-0.505653654520475,0.000148982758931217
"DCP1A",0.310138645179628,0.000148994248675405
"ZNHIT6",0.37959157615663,0.000149002040486185
"LOC101929566",-1.89239307447917,0.000149186539199467
"GIGYF1",0.439413087344977,0.000149373356307005
"LAT2",-1.21748435749351,0.0001495762345545
"ALG6",-0.58072421727473,0.000150592765758435
"LINC00511",0.515060839928647,0.000150672024084263
"CDC42SE2",0.360019487584612,0.000150739340047569
"POLR2J3-UPK3BL2",-0.508274695889816,0.000150797084630924
"CHRD",-0.463480686747215,0.000151796988224263
"KAT14",-0.533542365995924,0.0001518080645192
"FARSB",-0.351486788607365,0.000152202646069782
"ZKSCAN8P1",-0.953541384109534,0.000152484483164119
"BAHCC1",-0.753143543518587,0.00015318246344219
"PCGF6",-0.434246733580554,0.000153341270093289
"LOC124905564",-0.514794958074724,0.000153413078933044
"LGALS8",0.606362536790984,0.000154376402828995
"SRRM5",-1.53850409662929,0.000154560089262355
"ASNS",0.385857531862924,0.000154587506215179
"RRP12",-0.403508593388015,0.000154842216750689
"CCDC122",-1.23901725582234,0.000155092970063312
"CATSPER2P1",-0.838508700611224,0.000155185197675398
"PPP2R5B",0.565051721765228,0.000155238871053968
"ORAI2",-0.48841360891402,0.000155246457947341
"RPS6KA3",0.390705434378411,0.000155964173980473
"DHX15",0.290822996715412,0.000156039915313054
"SBF1",0.428799595622909,0.000156310573650043
"PHC3",0.370317172295389,0.000156792721874955
"PRANCR",0.521331098216698,0.000157025110324229
"ENSG00000290085",-0.958588379987735,0.000157099367727803
"MED6",0.416536370558757,0.000157227578305262
"STX16",-0.371715417192573,0.000157692275367566
"HMBS",-0.370505883538883,0.000158121858705684
"TOPORS",0.37020684069852,0.000158273917751676
"LRIG2",0.503804196327622,0.000158455833184203
"ENSG00000305105",-0.602779485499249,0.000158795472620494
"XPNPEP3",-0.383487665834797,0.000159081493962184
"ZNF362",-0.415734933511879,0.000159267075406397
"EMC2",-0.455168637665697,0.000159555706364676
"S100P",-0.532201978833917,0.000159738813602746
"PCMTD1",0.337177738855534,0.000160118168341203
"IFIT2",1.39008110731475,0.000160148550203958
"VPS36",0.325113163109093,0.00016070729682076
"PEX13",0.32556202383303,0.000161201891378714
"B3GAT3",-0.504858580528378,0.000161456525570683
"GLCCI1",0.622225777050773,0.00016151700053951
"ANKRD36B",-0.707484661251125,0.000161583821104672
"ZRANB1",0.334610376132339,0.000161727766369739
"ENSG00000258365",-1.36951557398012,0.000162170183465636
"TSGA10",-0.694952993173018,0.000162343490634989
"CCT8P1",0.659062970135776,0.000162421413854982
"PAK2",0.340894519545844,0.000162557169303689
"FBXO3",0.432061362119165,0.000163044361383966
"EGFR",0.322584984218566,0.000163338433768799
"DNM1L",0.276064248632441,0.000164245127070483
"POC1B",0.504665858971153,0.000164790278940587
"CGAS",-1.59307108660008,0.000164903291944161
"HNRNPD",0.369240091380814,0.000165190594616912
"IDNK",-0.869558147968162,0.000165581736346104
"SPON2",-0.547846991611046,0.000165904789918746
"USP3-AS1",-1.24577556602571,0.000165975696570481
"ENSG00000287668",2.46449954039963,0.000166049238751356
"EXOC4",0.466282336893269,0.000166168518664281
"AGK",-0.298300241331638,0.000166502973309123
"SETDB1",0.324997840571076,0.00016655665334904
"TMEM267",-0.431345242976628,0.000166826002951253
"PLPP3",0.704205050227111,0.000166842270936153
"EIF6",-0.365196978070959,0.00016697217254682
"NHERF4",-1.47380535880419,0.000167803483073975
"LMTK2",0.434441316785868,0.000168016064482391
"C3orf18",-0.94025206184052,0.000168355711017512
"RRP7A",-0.292624860225893,0.000168560078647145
"LOC105369250",-0.839711310309971,0.000168673852382294
"RAB8B",0.522008782205606,0.000169083696561499
"C1orf115",0.406579641642654,0.000169216459423223
"GOSR1",0.289367833961552,0.000169240301899478
"PLCG1-AS1",-0.77211408545865,0.000169345633344413
"PDE6D",-0.548642706919185,0.000169437196750398
"TMEM97",0.428322547407488,0.000169663446734981
"WWC1",-0.445412414233989,0.000170098888254981
"CLDND1",0.303601798853396,0.000170815701183856
"PMPCB",0.360938480126137,0.000170995996922473
"STK11",0.3174550703965,0.000171057696939688
"TBC1D16",-0.325624202375615,0.000171224688626087
"LINC01126",-1.29016013289827,0.000171233032221381
"AMDHD1",-0.685721987821219,0.000171759026211995
"HEATR5B",0.301546181605974,0.000172692713886446
"ENSG00000180867",-0.619726664134176,0.000172903673694984
"SMIM19",-0.505864106044939,0.000173081066687244
"SNX12",0.411271107476744,0.000173131713505485
"CREB3L2",0.436538928421811,0.000173793327168345
"CFAP74",-1.39936967842309,0.000173961641474205
"B3GNT3",-0.950804129359076,0.00017428762026625
"RBBP4",-0.275062267002494,0.000174371723096142
"SOX18",-0.520880135241614,0.000174868006283063
"CROCCP3",-0.60058704401455,0.000175080281170691
"ENSG00000272153",-2.44385210725452,0.000175604206308611
"PSTPIP1",-0.649385957901742,0.000175626902246327
"PLSCR1",-0.39972402245899,0.000176431643075371
"UTRN",0.401738906509007,0.000176742030101012
"APEX1",-0.347355481301937,0.000176797076005572
"UNC93B1",-0.466483111814231,0.000176989755188147
"ENSG00000233476",0.967163576933862,0.000177696069735705
"ENSG00000213443",-0.935312122897491,0.000177751927359598
"SMURF2",0.314627733774808,0.000178023363847846
"ASTE1",-0.634878038620099,0.000178101366235284
"RINL",-0.529791326736712,0.000178233836314037
"DOK6",-0.437229666413452,0.000178458253986975
"RAB3GAP1",0.313516890936325,0.000179043628554714
"PKDCC",0.604766842613743,0.000179102114801671
"RAB2B",0.296340682848886,0.000179201186686255
"SPAST",0.370908341218652,0.0001793102815754
"PRRC2B",0.346204540013315,0.000179460803364803
"ZBTB22",0.471430299431589,0.000180106135027747
"ENSG00000291142",0.48276884294888,0.000180117333446367
"HSD17B12",0.419271390626338,0.000180484836256821
"ENSG00000262050",-1.16167357722687,0.000180750855917616
"ANKRD26",-0.456492816007196,0.000181048440032414
"PIAS4",0.324877912796345,0.00018123210493943
"ENSG00000289109",-0.854777654002214,0.000181979304703864
"CHKA",0.306179033888123,0.000182238949256253
"UFD1-AS1",-1.15372064007336,0.000182713615736117
"PCYOX1L",-0.580317924631333,0.000183150146490368
"SYVN1",0.390754733233919,0.000183517403236233
"ENSG00000286138",-1.47859365293289,0.000183530765679139
"ERO1B",0.567169273870489,0.000184102711627443
"SLC35D1",0.54359007801463,0.000184304386541286
"LOC102724023",-0.702788254196149,0.000184370564459152
"BAG6",0.36812278800581,0.000184672794232275
"USP20",-0.350279554423526,0.000184833532121645
"KLF3",0.374668005739335,0.000185119979984397
"CASD1",0.30389000449918,0.000186129913984911
"ENSG00000274653",-2.08594215110198,0.000186320894304633
"RO60",0.354752715752006,0.000186510760319913
"SNX15",0.377017021028333,0.000186720236688485
"ARMC8",0.32169797785825,0.000186993859277809
"CUL4A",0.292682164095369,0.000187030594118794
"ATAD2B",0.463689794728053,0.000187293549082653
"ENKD1",-0.46103691298373,0.000187521174723054
"AOC4P",1.28407085142226,0.000187908807148916
"DHCR24",0.494551609599589,0.000188008599314522
"KRBOX5",-0.473934437823943,0.000188130041459667
"SNX9",0.436391821312746,0.00018884223525203
"CIMIP2B",-1.45204419850319,0.000188851421785147
"RPS21-DT",-0.614350417118695,0.00018898823533313
"BRAT1",0.398423600722694,0.00018901108001842
"RWDD4",-0.376522778953891,0.000189082568559413
"EPS8L1",-0.680071096110497,0.000189198679023406
"GAN",0.384096342435349,0.000189310658677921
"MUC15",-0.618928877513872,0.000189899018822765
"METTL17",0.372226998714316,0.000190256775849639
"MED8",0.346149657935141,0.000190737652975107
"SNW1",0.391446593279144,0.000190750786373332
"ENSG00000267404",-1.92625558519583,0.000190970329805324
"TWSG1",0.435303788144377,0.000191023984052898
"NDOR1",-0.450916108428255,0.000192101999032295
"TRIM73",-1.25496359420672,0.000192117484302101
"TAS2R5",-0.87508553505039,0.000192157143531188
"ENSG00000296743",-0.927463393645077,0.000192432377609816
"CHTF8",-0.661897122132451,0.00019295611511284
"MDM2",0.499358741828703,0.000193000873631636
"FAM219A",-0.42301197103174,0.000193132242586397
"CRAT",-0.414440054362229,0.00019326487634325
"SYNJ1",0.506890330151492,0.000193500021548214
"PPP2R2D",0.329865500392249,0.000193592098938746
"ZNF32",-0.569172964664957,0.000193868539159848
"BAP1",0.316848498683084,0.000193972192434788
"XAB2",0.349407680258335,0.000194049202392669
"IDUA",-0.654973885373545,0.000194531190922993
"ZDHHC3",0.326797515413948,0.000194778292801378
"SEC31A",0.330065319531345,0.000194793302010362
"TMT1A",0.702710952042782,0.000195385005617925
"SH2D4A",0.490387410425628,0.000195704707396662
"ENSG00000305547",-1.1020775714939,0.000195977964423122
"C15orf40",-0.362146127839158,0.000196054280493283
"ENSG00000230562",1.19310972524644,0.000196504612360832
"CD226",-1.66891352466065,0.000196577535028643
"ENSG00000302769",-1.48548131203022,0.000196871968730183
"ALS2",-0.310145178005684,0.000197259732253228
"MVK",0.423040333701046,0.000197641092351589
"HDHD3",-0.420026872876156,0.000197668927976764
"XGY2",-1.29362080241915,0.000197681238867836
"ENSG00000293013",-2.18474917041631,0.000197783271568184
"ATXN7L3B",0.389835717441327,0.000198049187730388
"ZNF341",0.476907622698297,0.000198058787035922
"RBM26-AS1",-0.982847631141069,0.000198404230974505
"ZNF805",0.511845212532992,0.000198498551322256
"ENSG00000285329",-1.362273972843,0.000198671435435892
"RAB4B",-0.680977966344891,0.000198784491913614
"STAT4",-2.41124770557121,0.00019886110411237
"FANCM",0.483402753127301,0.000199110801635619
"METTL5",-0.484649123610809,0.000199570059124522
"THOC2",0.338425911434879,0.000199961878405545
"C20orf204",-0.678720669479724,0.000200036483858838
"OAT",0.506185828988243,0.000200367831797968
"CUL2",0.357416655972872,0.000200473968798404
"CPSF7",0.340002311997207,0.000200611545271981
"FBXW10B",-1.60608972007933,0.000201567329090449
"NEPRO-AS1",-1.06755109724485,0.000201750086289955
"SLC7A11",0.614825048813187,0.000201959595348301
"FUBP1",0.325716784595645,0.000202115063879138
"RPS6KA5",0.657761520164421,0.000202265604068807
"PLA2G15",0.414450919088888,0.000202291441155791
"TRIM52",0.384386101800498,0.00020232242492631
"SNHG1",-0.488612573652561,0.000202713920526575
"ZKSCAN5",0.358779837537149,0.000202838444732588
"PARD3B",0.760236231135861,0.000203062637538946
"NAPG",0.272780952916442,0.000203769120158511
"PRKY",-0.414164459757549,0.000203828520524586
"ZNF345",0.594993799263505,0.000203994614080206
"RANBP3L",1.61485251851986,0.000204408675349267
"SNX2",0.338370583989764,0.000204422844906706
"LIMS1",0.304195964182999,0.000204956095601117
"USP8",0.310204128838608,0.000205119585881422
"NELFB",0.352727673019944,0.000205508580070283
"C11orf24",-0.42044906283349,0.000206320649107886
"LOC105372733",-0.580215867166938,0.000206504679640396
"RGPD6",0.757879358285424,0.000206506003553911
"HSF2BP",-0.773742081582791,0.0002066201401616
"SERPINB1",-0.62565233406811,0.000207201995103999
"ZBTB12",-0.440803552600083,0.000207607649146419
"MTERF2",-0.523048553299742,0.000207674417677022
"PHF8",0.448097558375607,0.000208137317690025
"ORMDL2",-0.524591415705101,0.000208329971068716
"ARPC5",0.389257319302506,0.000208438556596443
"PRR22",-0.845524070112623,0.000208586181474789
"AIMP2",-0.466677396710554,0.000208674973488414
"SYNC",-0.764795880911694,0.000209536048268645
"COX19",0.487144958054624,0.000209824841145612
"ARF1",0.386448473380511,0.000210109017346828
"PRAG1",-0.551305311673584,0.000210167321771181
"ENSG00000291265",1.49329002447339,0.000210307560255299
"MROCKI",-0.486113404319256,0.000211073005944608
"IFIT1",0.810518119764926,0.000211387564859201
"RTN3",0.356837519934889,0.000211587390398104
"FUT11",0.531071353615179,0.000211866430155654
"AP1G1",0.282075780953147,0.000212035372297805
"MED20",0.396768750430642,0.000212947254609022
"ENSG00000255966",-0.783253087406792,0.000213082708752802
"ATRN",0.403816211664729,0.000213418778135542
"PHTF2",0.51208238677069,0.00021456461763887
"CNN3",0.434347018955946,0.000214769721611712
"SPART",0.351147692824475,0.000215355399257354
"DOCK5",-0.305681768799793,0.000215401483107532
"C2orf15",0.628145288343319,0.000215953811472438
"SMC2",0.35962942751195,0.00021652171149692
"PLAGL1",-0.815476780836597,0.000216997139565511
"ENSG00000289372",-0.755150174048737,0.000217178175220848
"LOC105370921",-1.3446074090354,0.000217192675712276
"DICER1",0.321384732432224,0.000217935792570491
"ENSG00000267629",-2.02035223760442,0.00021798462910648
"PGM1",0.559359907620753,0.000218453585284943
"SPATA6",-0.808266503460944,0.00021859122354938
"TMEM121",-0.648291841153784,0.0002186738498687
"ENSG00000293276",-2.36683073711986,0.000219172438867616
"ALG13",-0.393166878016245,0.000220898117562813
"ASB7",0.423000417277087,0.000221117449178116
"MPG",-0.354441889745581,0.000222607490886068
"SPICE1",0.541099692541425,0.000222697791396453
"FBXO27",-1.31569813363677,0.000222776886968291
"STEAP1",-0.517286810486013,0.000222868389610382
"SAT1",0.522854568594131,0.000223150595119943
"GTF2H5",-0.391980471616307,0.00022321443361942
"TMEM131L",-0.558071537002746,0.000223790811821856
"CEP20",0.31067794366405,0.000224369630812888
"CYB5D2",-0.589793546137317,0.000224809506492175
"CNTNAP3B",0.46708349200464,0.000225023176732983
"ABHD4",0.3513127215184,0.000225259995162317
"ZNF407-AS1",-0.475295246082749,0.000225408727624182
"LRG1",-0.397500690004189,0.000226440083883082
"SELENOF",0.452847687275492,0.000226655903667859
"BPTF",0.377950837102715,0.000226672753268835
"SCARF2",-0.615052530993505,0.000227194884567856
"ZNF106",0.328052259200237,0.000227372397102263
"MYD88",-0.373964627705873,0.00022752819095167
"PINX1",-0.554408657909242,0.000228046328910534
"ENSG00000289124",-1.41231281088985,0.000228657155956223
"ENSG00000273382",-0.7959759646376,0.000228758904410263
"POC1A",0.379361521215045,0.000229754526943294
"TWSG1-DT",-1.14348298798237,0.000229807992494138
"CDK6",0.391763213604213,0.000229876421697123
"PUF60",0.285240327082829,0.000230879179076936
"AKR1C2",0.40643773677033,0.000231918551547088
"STEAP3",-0.580001156439063,0.000231930365634857
"MELTF-AS1",-0.832199308849359,0.000232149935761549
"ZNF182",0.385660121167799,0.000232282974417447
"OXER1",-0.615833837974379,0.000232341793542487
"RIPK1",0.300128486611068,0.000232353213767313
"IRF2",0.420767131218757,0.00023246825661239
"CAPN1-AS1",-0.731702662740057,0.000233543292761536
"PARS2",-0.600285141058245,0.000233675501932813
"ENSG00000215105",-0.691093759236052,0.000234826379420953
"ENSG00000271147",-0.741588345231031,0.000235287259218314
"PEBP1",0.409303334377714,0.000235409266247428
"RNF122",0.465443813848208,0.000235883951111348
"KANSL3",0.286171841348333,0.000236510707138954
"SNRNP200",0.287867531860884,0.000236599536285735
"PKN3",-0.382228200602611,0.000236624866809681
"HOMER1",0.413519597634099,0.00023691447332516
"G3BP1",0.299045115618698,0.000237308376138755
"BNIP1",0.550552018361882,0.000238331871341561
"SELENOS",0.454279325090328,0.000238361851211275
"STK4",0.300895843601415,0.000239038027793773
"MICOS13",-0.495306021810578,0.000239647752914468
"TRIM16",-0.412807463956885,0.000239834506661302
"TOR1A",-0.451564615264736,0.000240039334143451
"ITM2C",0.349783723987849,0.000240212573677563
"LOC124901104",-1.36228027886522,0.000240243683107118
"PITPNM3",-1.6505562487757,0.000240352867759352
"ZNF653",0.460199184015169,0.000240825733503487
"MAGI2-AS3",-0.378102271078741,0.000240867340355685
"ARFGAP3",0.417905609167487,0.000241684699497063
"HOGA1",-0.619724509265054,0.000241910079066295
"UQCC2",-0.324401217511279,0.00024257053697821
"GFI1",0.492483738091255,0.000242828742546243
"PDSS2",0.42582276017464,0.000243326685219075
"PAQR9-AS1",-1.13633245585734,0.000243336931347096
"ENSG00000255441",-2.55563554149605,0.000243493978524148
"ANAPC7",-0.283691135263616,0.000243806605274059
"WBP2",0.38586420337834,0.000243934108340792
"HFE",-0.477727317166255,0.000244024209738382
"ENSG00000213888",-0.846332975754167,0.00024541395737304
"TMC6",-0.48632941129145,0.000245684480028549
"C19orf47",-0.373626773903771,0.000246216489968184
"MPP7",0.528997769070388,0.000246269792744779
"C6orf163",-0.854986870660575,0.000246293787067781
"ZNF512B",-0.375614687377441,0.000246767440653167
"ARHGAP12",0.292610222622711,0.000246778856047047
"ETFA",0.306543185695315,0.000247319703253239
"LRPPRC",0.327232685889539,0.000247769520596621
"NAB1",0.300946553810675,0.000248398389937007
"ARHGEF2",0.315853538441923,0.000249153086440764
"ENSG00000308663",-1.32227937331791,0.000249400941940778
"LL0XNC01-250H12.3",-1.76298754432923,0.00024955158766413
"RPL26L1-AS1",-1.06337979024813,0.000249611474095716
"SHD",-1.34861660585616,0.000249720588828515
"DENND4B",0.381188844415006,0.000249972640651897
"LOC105377294",-0.655008465230831,0.000250325889924999
"ENSG00000291117",-1.06596023929919,0.000250328564430675
"AP5Z1",0.38991758956232,0.000250443281636575
"DUS3L",-0.336211626659888,0.000250565147738794
"ENSG00000288820",-0.69668497927679,0.00025085762074816
"LOC101929691",-0.897102366466366,0.000251045963583727
"ENSG00000234147",-0.507392792575623,0.000251423221099317
"ADM2",-0.503375643479774,0.000251635024392355
"STPG1",-0.686165909161799,0.000251994267663191
"ROCK1",0.335171835774477,0.000252148575337083
"SELENOP",0.442805836711489,0.000252321749704138
"PPT2-EGFL8",-0.787793964517283,0.00025245382441505
"SRSF6",0.340401293104637,0.000253062294583266
"ASF1A",0.31937366815678,0.000253087207267112
"LUCAT1",-1.18040960345298,0.000253588245826625
"LRFN4",-0.718909520366201,0.000253741047432729
"PPIL4",0.396861456993394,0.000253954253605604
"PDHB",0.413110416441582,0.000254114687398841
"VPS35",0.278083024944939,0.000254318449510997
"CHROMR",-0.683449572304722,0.000254438061771067
"ENSG00000235280",-0.825539385967144,0.000254546058127553
"MRPL57",-0.405970723697935,0.000254799601287773
"LPIN3",-0.370969964987233,0.000255294385123116
"UBA5",0.280010555483794,0.000255405627738289
"TTC5",0.36500463082471,0.000255530622670887
"AMZ2",-0.34713220238186,0.000255576332095613
"ATG4D",0.402448691817343,0.000255841913991259
"APOC1P1",-0.990831235768213,0.000256683799025991
"PCBP2",0.322586005499016,0.00025669527687247
"POU2F1",0.329267951922788,0.000257038494253667
"SAP30",0.470465612599868,0.000257121666693922
"KLLN",-1.73724091554197,0.00025853809693868
"HIF1A",0.347909280183923,0.000258664180676914
"ARHGEF18",0.360445266132465,0.000258963355751219
"PLPPR2",-0.445952374727773,0.000259037355328783
"PPP1CC",0.349175675960929,0.000259136423955071
"ENSG00000227627",-0.786951636210273,0.000259733856482151
"PCNP",0.310154603055061,0.000260191898982732
"CASC3",0.372765138832426,0.000260312749157181
"CD46",0.380797850462794,0.000260609342861679
"ENSG00000274220",-0.683053196713087,0.000260630247730525
"ETS2",0.559337419859205,0.000260797103825271
"CDAN1",0.456980638603627,0.000261543801012077
"ZKSCAN1",0.31622499714005,0.000261801223641036
"MAL2",0.354874658641338,0.000262058995886278
"L2HGDH",-0.592277564374158,0.00026212546645817
"CAPN15",0.340497202907487,0.00026255113703955
"NRDC",-0.291680873820919,0.000262643185528478
"ANKS6",-0.599162747071545,0.000262698809228036
"ENSG00000262837",-2.48231501426795,0.000262837258167027
"ENSG00000240291",-0.662540757879186,0.000262951016101576
"ANP32B",0.379774078786699,0.000263045506370201
"ENSG00000298107",-2.17573686617222,0.000263807077529785
"USF2",0.323566086038695,0.000264623649898681
"TADA2A",-0.509043659986207,0.000264650593708453
"ENSG00000277210",-2.6024142571098,0.000265248218547237
"ENSG00000279879",-1.33465580952591,0.00026551849473553
"CNOT4",0.447289217282452,0.000265596027022277
"TNPO3",0.297281934552642,0.000265960033273888
"RAB11B",0.36480560299762,0.000266322384733495
"EPS8",0.418263979272183,0.000267693532215278
"ENSG00000293901",-0.887054349989349,0.000267852078294157
"MSH3",0.36737891521731,0.000268439660074773
"ENSG00000227946",0.608987537161948,0.000268995398998595
"HPF1",-0.546533176015964,0.000269227857585318
"ENSG00000243155",-1.10594073600627,0.00026947373496019
"NAA80",-0.543819624530571,0.000269622614942212
"LGALS2",-0.628732980925133,0.000269768293392806
"ENSG00000284743",-1.9172405356049,0.000269902957249827
"FSAF1",-0.367198825196163,0.000270340248686581
"REEP3",0.364813926459045,0.000270432258517915
"ENSG00000261071",-0.831318042955654,0.000271412738242555
"MRPS21",-0.411598476641989,0.000272266029319883
"ANKRD40",0.264246915550433,0.000272815138348035
"ZNF107",-0.436340182278467,0.000273789041503824
"ACADSB",0.314251156814107,0.000274574342775738
"TMEM161B-DT",-0.38552310718163,0.000274922216016319
"USP35",0.390768346728994,0.000275295485199843
"TRABD-AS1",-0.935892077837433,0.00027530974868535
"ACSL6",-0.619488517872832,0.000275557461919223
"UNG",-0.272248835272855,0.000275673884624133
"CHAC2",-0.660165355745867,0.000275802080647644
"RND1",0.659728987295676,0.000275848620376474
"ZNF17",0.660469257940956,0.00027655410185976
"ENSG00000279670",-0.898476535168074,0.000277139592341149
"MSI2",0.324358542398637,0.000277411844802672
"LOC105373017",-1.65040672523037,0.000277511024622411
"BIRC7",-1.79745684609283,0.000278238285834664
"PPP1R13B",0.319316765115253,0.000278537695482035
"N4BP2",0.349347409928147,0.000278652802381945
"MVB12A",-0.371295417119276,0.000278782325544818
"FAM86B2-DT",-0.550315244375345,0.000281266615414686
"FBXO41",-0.394429516874887,0.000281752058293948
"LOC728392",-0.440977730913497,0.000282120526795519
"ACLY",0.328141703620911,0.000282133530070878
"ZCCHC14",0.31006519029718,0.000282394746332823
"CMC1",-0.347947231060535,0.0002826702034796
"ENSG00000290126",-0.743637960124984,0.000283415176463286
"WDR72",0.603121218761816,0.000283642737695674
"MARK3",0.356429061499193,0.000283933493231968
"MAML2",0.554022029507275,0.000284278008855389
"ADA",-0.639049085354526,0.00028454081405142
"ENSG00000275445",-2.36640844378826,0.000287064981909696
"ENSG00000286136",-1.38806576555909,0.000287595064313526
"PPP1R15B",0.347915146842294,0.000288025177914896
"LMNB1",0.321369317572357,0.000288239563294024
"IKBIP",0.3694015823598,0.000288490532133453
"RAVER1",0.340407433481775,0.000289675177094827
"SUSD6",0.427993387058271,0.000290639395853271
"INTS1",0.317912776174987,0.000291001076499711
"ENSG00000289983",-2.33502227376227,0.000291105363094133
"ENSG00000286144",-1.11900500591777,0.000291685199088069
"ENSG00000293141",0.411717962786976,0.000292343010969193
"UBE2E1",-0.361327135396173,0.000292456014586252
"FBXW11P1",-1.39187635410205,0.000292967001281753
"AATF",-0.379077689112148,0.000293097455484148
"FTO",0.298215725392352,0.000293401002372926
"NEIL2",-0.477529793284584,0.000294423764354317
"CLDN15",-0.483568521037696,0.000295336768721527
"ENSG00000270361",-1.91477498964743,0.000295388463811033
"ENSG00000297327",-1.19565431503081,0.000295575719292795
"BROX",0.341790417309667,0.00029598077083533
"GPRC5C",0.346576774645368,0.000297324200979483
"GORASP2",0.380208574914102,0.000297549098198948
"PMS2P7",-0.875775871079282,0.000297550566843289
"ENSG00000306836",-1.92625485248683,0.000298068527564016
"GM2A",0.330195767885739,0.000298127386239375
"LOC102724159",-0.58359043626976,0.000298631145806414
"INTS11",0.351386867181687,0.000298724913035492
"OSBPL11",0.346778836072194,0.000298857076344635
"CLEC18A",-1.81457725290508,0.000299516570162673
"SPTLC1",0.37030909313317,0.000300191444208535
"ATG7",-0.500789188167629,0.00030093961264305
"PKP4",0.299904056456972,0.000301393339392028
"CHERP",0.281876150268652,0.000302377618292246
"ENSG00000261997",2.06304485334593,0.000302931428629501
"SYNJ2BP",0.274432213427332,0.000303072911212405
"PAQR6",-1.1639377582125,0.000303199919608248
"PPP1R9A",0.335383870644569,0.000303483381784203
"CHCHD10",-0.656598695953678,0.0003035960318336
"BDH1",-0.481915584143645,0.000303914971017701
"UNC5CL",-0.542258422123078,0.000304347827532299
"ENSG00000261067",0.844817317600637,0.000304354165649427
"P4HA2",0.343273098170966,0.000304611985857296
"PIK3R4",0.411172650332654,0.000304665907957839
"ENSG00000290683",-0.4242855211115,0.000305137653231177
"ENSG00000251450",-1.38905285849394,0.000305153390502266
"ICAM2",-0.559623624704798,0.000305617958153927
"TOMM20",0.429365193515191,0.00030666948230297
"SOX5",0.526165502505494,0.000306868735120583
"TEAD1",0.290240365175756,0.000307379134471222
"FHIP2B",0.303858604874123,0.000307419163511128
"ORC1",-0.421817260415558,0.000308287693015441
"MINDY2",0.294264675057052,0.000308599011890863
"FMNL2",0.387025750571069,0.000309193561905859
"FAM83G",-0.33224151788047,0.000309540313536886
"MRPL41",-0.346619573527642,0.000310405364200844
"STK32C",-0.395179688167085,0.000310505510630201
"NADSYN1",-0.413489396029162,0.000310669720206382
"GK5",-0.374047831976354,0.00031072277442491
"TIALD",-0.899721102648816,0.00031084867757715
"IL6ST",0.368986785725865,0.000311350521272018
"ANO6",0.496209276481221,0.000311623074294185
"UBE2W",0.368787611411171,0.000312019004550368
"PARPBP",0.371179828268938,0.000312051891871173
"ATP5MC1",-0.379881133942058,0.000312188392828851
"KIF2A",0.313131955046756,0.000312650767412516
"NCS1",-0.734107006287568,0.000312699838031529
"VPS26A",0.297912722517215,0.000313237459734249
"CARS2",-0.285138798638592,0.000313459226201831
"ZNF638",0.274863094805385,0.000313929329855319
"MRPS27",0.308473226898784,0.000314396789966705
"ARID3B",0.499618779292854,0.000314409593240908
"FARS2",-0.454727983070584,0.000315091274445008
"HERPUD2",0.366438819959824,0.000315344689635798
"SULT1C4",0.618176796516945,0.000316731483891024
"TXNL4B",0.413825405305566,0.000317189864614937
"DHRS4L2",-0.388860533476347,0.000317207797255156
"TACC1",0.553320471471296,0.00031752040760167
"ZNHIT3",0.319645025545636,0.000317523621467714
"ATP6V0D1-DT",-0.632625647867485,0.000317590034659145
"SUCLG1",0.253530370722372,0.000317953501761622
"TMEM175",-0.467791568610691,0.000318688165276951
"PMS2P5",-0.719590779158519,0.000319287246151011
"RALGAPB",0.265761096819241,0.000319411034119015
"ZNF266",0.459586277548653,0.0003196094067129
"ZNF850",0.754785988332791,0.000319961468111965
"KCNH4",-1.73704503831981,0.000320076674160395
"SMAP1",0.386157951689604,0.000321087157986417
"RPS26",-0.389334150455989,0.000321404814136729
"ENSG00000286549",-0.953713542632204,0.000321883914385515
"EPHX2",-0.497005813316626,0.000323256665576288
"HHIP-AS1",1.57717113552858,0.000323330046561413
"ENSG00000273355",-0.818579895572138,0.000324830183776566
"PI4KB",0.401129396846719,0.000325822456545241
"NRAS",0.359689357417452,0.000326659330333371
"ASCC3",0.397695962564591,0.000326962598280243
"PEX2",0.362559552100233,0.0003284091185938
"NEK9",-0.31970206197977,0.000328924723289958
"DPF2",0.344701889650274,0.000329077158954756
"TNS2-AS1",-1.09285136916611,0.000330786123948951
"FZD1",-0.70813204146786,0.000331316796215217
"ROCK2",0.382684847153463,0.00033147707793638
"DICER1-AS1",-0.740220041848456,0.000331604503139598
"KIF1B",0.318693472840806,0.000331636103216091
"ENSG00000231856",-1.17317726506245,0.000332288572388723
"MRPS11",-0.363951294441742,0.000332487781555537
"IP6K1",0.339882506676194,0.000332864188477912
"R3HCC1",-0.45622234358252,0.000333092527876199
"CCDC194",-1.3089330772258,0.000334527264709586
"ENSG00000303182",1.08674671130453,0.00033471677802091
"ENSG00000278383",-2.11107744948583,0.00033529939753211
"ENSG00000307990",-1.61300702990017,0.000335570081378147
"CDCA7",-0.424021057542094,0.000335771831576452
"HACD1",-0.506151790738191,0.000336089029918543
"TJP1",0.317270851223176,0.00033610531582701
"LIPT2",-1.04025323178177,0.000336348449391129
"GON7",-0.549908658144774,0.000336412149092081
"IGHMBP2",0.333137990536491,0.000336510302510899
"CBX7",-1.03949431728093,0.000336700062380805
"FBXO30",0.386696516255237,0.000337971345817152
"TNXB",-0.892420992553484,0.000338109902290385
"NUS1",0.341189676257419,0.000338369170336683
"SIK2",0.382013545782235,0.0003385851458067
"FANCF",-0.516438157623601,0.000339036108267892
"SCAMP2",0.366089109796599,0.000339115325144223
"GALNT1",0.351260003302881,0.000339181592922047
"DLG1",0.377663447934044,0.000340115884105202
"ADISSP",-0.298907251733991,0.000340239395201594
"DIPK1A",0.336686492043439,0.000340933702158642
"PRH1-PRR4",-1.12657408724828,0.000340971081021777
"DDC",-0.290612328146937,0.000341744919781299
"LOC101928487",-0.982269384521051,0.000342761217779664
"LMAN1",0.370344084652441,0.000342820107005174
"DCAF6",0.358873316438161,0.000343887371535593
"TMTC4",-0.330250071605928,0.000344093986370672
"PCNX1",0.358727722280025,0.000344414196650282
"SART3",0.257975615907914,0.000345116394756151
"SNTB1",0.273757211067278,0.00034731696965311
"ENSG00000229278",-1.52787416928879,0.00034736838902111
"PIGL",-0.429957932603329,0.000347797786990371
"GATA6",0.815267647672323,0.000347813678026314
"HYCC2",0.497272033271751,0.000348097573910117
"DFFA",-0.279165846982131,0.000348690446586933
"C2orf49",0.352794624408731,0.000349856904981474
"AGO3",0.385092770943127,0.000350015474368336
"TNFAIP8",-0.557976528049069,0.000350912696053244
"C1orf52",0.372960507172549,0.000351206350038457
"KTN1",0.350992820850242,0.000352136476067388
"DGKG",-0.568027601867569,0.000353098131881221
"TEX15",-1.37457112429618,0.000353758305439404
"KRR1",0.319783493508663,0.00035392266893858
"MGC12916",0.697036158833923,0.00035438947668316
"NAPEPLD",0.414324806726408,0.000354605865662101
"PLCB3",-0.484493045718864,0.0003548119575988
"PARP2",0.289160020262184,0.000354828252135947
"KLF10",-0.442961554366578,0.000355281105410331
"PTTG1IP",0.463337679981644,0.000355393581499692
"TTL",-0.344921141408165,0.000355552762281312
"TWF2",0.313821552772816,0.000355636596519242
"KIF13B",0.316830080547596,0.000356326726600353
"ARMCX3",0.364916633581845,0.000356709234539955
"CEACAM16-AS1",0.693739984193664,0.000356794650295975
"C1orf159",0.504268348154103,0.00035694829655409
"ENSG00000233766",-1.43463021005334,0.000357029132029125
"CDV3",0.325417379424696,0.00035735928528235
"LOC105375517",0.949575779178314,0.000358134497304238
"CRK",0.333680609313013,0.000358407888667491
"ZNF83",-0.414699877145326,0.000358548554593417
"FECH",-0.369049123747776,0.00035864910390621
"KDM2A",0.257899402061355,0.000358665028471515
"ANKRD13B",-0.616167808949199,0.000359025811747468
"TLN1",0.311670632108247,0.000359928586183644
"RGS5",-1.76591006294758,0.000360951579207221
"TMEM248",0.330244283046842,0.000361115108936625
"ENSG00000271151",-1.11336386790771,0.000361555093731231
"ENSG00000279744",1.22589715791223,0.000362076770846811
"VPS37A",0.300238753230815,0.000362892723134254
"EXOSC3",-0.377763201670308,0.00036297129938462
"ADAM17",0.453584644172469,0.000362987660883008
"C1GALT1",0.283362371548084,0.000363393753658613
"SIRT3",-0.35805288994613,0.000363521164928316
"SSR4P1",-0.930227518910031,0.000363888215390981
"ENSG00000236017",-0.686636770370873,0.000364519027919067
"ENSG00000292331",-0.686636770370873,0.000364519027919067
"EDA2R",0.549414272183986,0.000364772967437379
"SELENOI",0.393277013136013,0.000364952452830773
"ENSG00000257345",1.16053179158877,0.000365436653769067
"MERTK",0.357147434489342,0.000368031847416548
"HACE1",0.500826006457923,0.000368742368830392
"NFKBIZ",-0.418436306362921,0.000369471303001683
"ARHGEF39",-0.423062678283719,0.000370418567738768
"TBC1D8B",0.381457371826288,0.000371074998968619
"DHFR",-0.308617401933087,0.000371197365580994
"IFNGR1",0.435167309668517,0.000371272263271765
"ARHGAP4",-1.68528869262088,0.000372365412115299
"ENSG00000303299",-1.05096989665799,0.000372475073309087
"RFX1",0.358934003322959,0.000372669055813142
"SH2D5",-1.33645885660619,0.000372875501805768
"AHCTF1",0.264776619487376,0.000372907990416468
"UCN",-0.955155568193695,0.000373999624583408
"LINC02348",-0.728251102099867,0.000375686586276529
"CGREF1",-0.369691946965394,0.000376704603549712
"ENSG00000272476",-1.40159894548517,0.000376914143933702
"WASH7P",0.357258739439871,0.00037695132235832
"RHOT1",0.329273638217519,0.000377148812405688
"DDX28",-0.564017816253454,0.000377683819539266
"IL11RA",-0.716279886231359,0.000377965261271048
"MFSD2B",-2.02473400568419,0.000379235887588103
"POC5",0.559410628166122,0.000380917003913964
"CITED4",-0.472575014339893,0.000381126577618318
"TXNDC11",-0.356643796717815,0.000381294214453832
"CALD1",0.298377516879617,0.000381468282245342
"NOXRED1",-1.33186623320841,0.000381822006881055
"SEC13",0.330214761498426,0.000381902935186518
"CHEK1",0.268952254771263,0.000381918233084232
"ENSG00000289053",-3.16650785252644,0.000382348591357283
"LOX",0.670405799235873,0.000383685720320527
"BAMBI",0.43069479568129,0.00038373686509967
"CAMTA1",-0.31841813387461,0.000383802849369617
"ACOX2",-0.35766321519213,0.000384694164496136
"VPS54",0.362527047196701,0.000384852295014426
"HLX",-0.914961600032178,0.000385051477887754
"DHX34",-0.321562051939339,0.000385064868279572
"PRPF40A",0.29192547930836,0.000385176402859676
"RNF217",-0.703053707229985,0.000386070511578613
"DHRS2",-0.414041445864744,0.000386572488872264
"TGFBR2",0.548566984218234,0.000387278012947147
"ENSG00000286311",-1.414633067779,0.000387881535634608
"ENSG00000232445",-0.54133342269742,0.000387974934200331
"DANCR",-0.290412793833002,0.000388092115386326
"UBE2D3",0.261401996514153,0.00038814705081059
"OTX1",0.334061862815878,0.00038827439683992
"PPP3CA",0.303645065245184,0.000388287135330719
"ZSCAN2",0.415192465070989,0.000388321165735821
"TMEM19",0.432723797994156,0.000388331107707414
"ENSG00000280399",-1.25349385103358,0.000388861399521512
"TMEM45A",0.533867311241151,0.000388959804491522
"SLC39A13",0.313441129124181,0.000390130425497603
"NDUFA10",0.279040805162014,0.000390272258442761
"ITIH4",-0.895899281802405,0.00039162385265823
"CALCOCO2",0.371437163183831,0.000391703071648648
"NOS3",-0.503249360907924,0.000393361679421136
"TRIAP1",0.290992513682763,0.000393388183943595
"CDK2",-0.296328242045149,0.000393647487824299
"ERBB2",0.490146983195382,0.000395410506775198
"HMBOX1",0.394490933462189,0.00039571316497343
"ENSG00000267838",-0.782333199609249,0.00039688853081565
"NQO2",-0.34284466125565,0.000397028459542764
"CPAP",0.414358914200782,0.000397230507861187
"PRMT2",0.320084970106065,0.000399365474638209
"OGDH",-0.33089672765299,0.000399745401055699
"BSDC1",0.311465741078171,0.000399746655539085
"GSPT1",0.398798980939923,0.000399775698033639
"SUCLG2-DT",-0.520079358621611,0.000400978384586149
"TMEM50A",0.342748445512476,0.000401183851878323
"SLC13A5",-0.415203449448803,0.000403224847456116
"FERMT3",-1.60137741584707,0.000403353168117871
"CPVL-AS2",-0.979688077897943,0.0004044197495465
"TNRC6B",0.327516458785877,0.000405179221966496
"IFT70B",-0.902960679517936,0.000406107473450833
"VASP",0.569074880465728,0.000407141362789673
"NEU1",0.322076222637195,0.000407478564946251
"PITPNM1",0.400931804790881,0.000407859173073239
"SENP2",0.331237245654138,0.000407995653770601
"SERPINA5",0.383176727781062,0.000408883454009672
"SFXN1",0.283438686595315,0.000408951973490724
"KIF9",-0.648171633100269,0.000409241511137186
"PMAIP1",-0.908870333834916,0.000410136881304668
"AKR7A3",-1.12901140051358,0.000410317768814258
"PDCD2",-0.407365411866124,0.000410628844481455
"LETMD1",-0.374870271509626,0.000411305091483101
"KPNA6",0.276656243948119,0.000411428599320672
"DDX23",0.327898001401484,0.000412953398667265
"ATP11A",0.364353296782334,0.000413108864097153
"PRPF8",0.29668107299374,0.00041335135890176
"MAPK12",-0.313787386972684,0.000413980710252071
"NANP",0.321492315121884,0.000414169822556107
"TRAM1",0.311575370209755,0.000414864568713849
"LINC01979",-2.80171316703816,0.000414906001036158
"OTUD3",0.422355123734614,0.000415108802154227
"LINC02525",-0.982722353775835,0.000415300746701383
"FBXO25",0.395774887742091,0.000416060022545309
"GLUD1",0.366079057661667,0.00041757936206707
"CEP104",0.30015635305117,0.000417866430712038
"PROS1",0.324554077455316,0.000418053912448624
"TCF7L2",0.381957628507492,0.000418485963871092
"RAC1",0.360549321869969,0.000418542623628029
"VAT1",0.401670470453778,0.000419150231244349
"TATDN1",-0.56702375539607,0.000419442429253348
"HES6",-0.483570738918409,0.000420257602098926
"SCHIP1",1.73360613073866,0.000420388254609877
"ERI1",0.37224007955058,0.000420435546520555
"VAMP5",-0.540080103219646,0.000420757500989382
"ZNG1F",0.354939859552558,0.000420900132676722
"N4BP2L2",0.328694421165446,0.00042127199506987
"ISG20",-0.625327802127431,0.000421739902178565
"CYTOR",-0.689949818207323,0.000422148440676844
"ENTPD6",0.290131245206896,0.000422318934021756
"ENSG00000167807",-0.8916359703009,0.000422555888609638
"CLCN3",0.425485782923854,0.000423010513131212
"NALCN-AS1",-1.89030061166691,0.000425810939583752
"RBM6",0.414350212941975,0.000426500263879461
"EIF2B3",-0.467077239644877,0.000426638696184002
"ENSG00000260778",-0.751565533986136,0.000427800663770313
"GPR107",0.312133863895729,0.000427926805982422
"ABHD16B",-1.92467560391801,0.000427970611684131
"PTPN23",0.308553861126874,0.00042957606797045
"BAK1",0.362054806684241,0.000430785868669404
"PRDM10",0.41304183317654,0.000431071727778684
"CENATAC",-0.347408548112417,0.000431272376223866
"MVD",0.444713940739131,0.000431273073877132
"LOC124904731",-2.29844757825685,0.000431930716784241
"LOC100506207",-0.415968180438782,0.000432097645536924
"ENSG00000293685",1.57423497416383,0.000433119682977192
"ENSG00000286846",-1.56556848442149,0.000433242051743244
"MIB2",0.400746767588917,0.000433591944461423
"ZFP2",-1.0422623871495,0.000433625148017146
"KLHL28",0.47904543475237,0.000433665440092602
"SREBF2",0.288372430289747,0.000433889714355267
"PPP3R1",0.299845052376075,0.000434120271023483
"ICAM5",-0.891407822609587,0.00043529233944968
"ENSG00000267892",-1.19502543402012,0.000435530985249549
"MRPL45P2",-0.567201042392037,0.000435756130601095
"TERF2IP",0.420312775839915,0.000435807948146233
"RRN3",0.262741824737185,0.000436017814699648
"ENSG00000269352",-0.549982838109626,0.000436942685168232
"HLCS-AS1",-0.718941964809852,0.000437093555301417
"TNIP1",0.522378300743729,0.00043734787689743
"C1orf56",-1.14829945673559,0.000438938720764359
"GRB14",0.540236530430254,0.000440100434029676
"CATSPER3",-1.21081736290037,0.000440690263058623
"BDNF-AS",-2.13651453659387,0.000441401804278174
"MIRLET7IHG",-0.690202462813547,0.00044221642096017
"ENSG00000272455",-0.548965460382489,0.00044332057487211
"LRP5",0.315543413573832,0.000443350776218072
"PABIR2",-0.386896774342358,0.000443621279405828
"STAU1",0.396544341296168,0.000445966502691728
"AGTRAP",-0.376971237626116,0.000446430938177981
"AGPAT5",0.336117613359407,0.000446587727554057
"CLPX",0.323407608009032,0.000446698689578705
"VMA22",0.326822016646947,0.000447142846794578
"CUL5",0.308680988571834,0.000447554782337633
"LOC124903667",0.44042300667332,0.000449959548837332
"DGKD",0.359145087337803,0.000450261269800148
"IFT172",0.411654103112145,0.000452163212049391
"UBE2G1",0.364794183121826,0.000452977232096325
"ZNF433",-0.643666029984861,0.000453028413614768
"GSTO2",-0.905528062051205,0.000454111859649733
"AEBP2",0.276876755475393,0.00045451045835888
"ENSG00000272566",-2.25407767329388,0.000454571501688571
"ENSG00000250575",-0.464563877830951,0.000456379616484333
"WWP2",0.275902201436373,0.000457092018863536
"GPR135",-0.886260140572356,0.000457458060979792
"ENSG00000273416",1.20346187439865,0.000458298062577417
"USF3",0.422934213085883,0.000458684755199558
"JAK1",0.337713503060198,0.000458835529801136
"SAMD9",0.671369435081498,0.000460079776747277
"TTC38",0.335836930329216,0.000460115412580648
"PPM1M",-0.681662856164559,0.000460870187860422
"SIGIRR",-0.916835911986942,0.000461587945295714
"ZNF624",0.708080926705425,0.00046226043738856
"ENSG00000280734",-0.632141560262407,0.00046265518928637
"BRICD5",-0.801379554269598,0.000463002306406374
"UQCRC1",0.333405277025182,0.00046372336262482
"NELFA",0.263944041969857,0.000465656909279798
"GPATCH3",0.394625161823175,0.000466262189936819
"ZFR2",-1.39667065693212,0.000466474315375195
"SPRTN",0.415719218387107,0.000466789246165989
"ENSG00000230882",0.658261714035131,0.000468492738534371
"NHSL1",0.369433029852844,0.000468579133639931
"DAZAP1",0.267260460505891,0.000468609870894241
"ENSG00000275223",-0.837375353497404,0.000469917782903872
"CTNND1",0.350084506938413,0.000470072541349892
"LAG3",-0.768213449814805,0.000470323562028668
"CCDC28A",0.418386652518389,0.00047089623003458
"LSG1",0.299413102761475,0.000471372927313586
"SRSF8",0.2663879680459,0.000471997353115588
"JAK2",0.497692918621441,0.000472477838095998
"ECHDC1",0.288489640863717,0.000473854385457145
"CYP4F35P",-1.42653103578569,0.000473916208811354
"SFSWAP",0.333092302299339,0.000474322424638065
"NOP53",0.315549850072187,0.000474871383198673
"SEC24C",0.287826629810074,0.000475567408107591
"DHX8",0.414491672551822,0.000477054790768293
"HLA-F",-0.48544288798231,0.000477057651796233
"KAT2A",-0.476858833073333,0.000477072374958159
"LTB4R2",-0.53121465975209,0.000478397065284272
"MORF4L2",0.263165928543756,0.000478700365351653
"ACYP1",-0.529911073406068,0.000478829932143607
"ENSG00000248394",-1.08441244481651,0.000478925460683257
"TYW3",0.349061632768426,0.000480403339423739
"CPEB3",0.73249563326363,0.000480525227715802
"MBIP",0.334159324933918,0.000480734927179827
"SUPT7L",-0.276381590174024,0.000482610709029502
"GNA13",0.366480135334971,0.000483096553528597
"TMEM62",-0.328213752521538,0.000483218547876652
"ENSG00000270175",-0.858127596359563,0.000483655910548706
"DAP3",-0.338297870627339,0.00048432051918467
"ADI1",0.256479452194835,0.000484911032043253
"SLC2A13",0.408024275395742,0.00048501279732649
"SMCHD1",0.315645704153078,0.000485329976674701
"PRRG1",0.443200313856379,0.000487570120105888
"ENSG00000275494",-0.905816008117299,0.000488175189619398
"ENSG00000243679",0.697914446612982,0.000488827081669662
"MRPL58",-0.656783213806244,0.000488828160782837
"VPS33B",-0.473609248704452,0.000489138217850895
"RAB11FIP3",0.319085303827475,0.000489431160796602
"UPF1",0.341722292855291,0.000489886144555966
"NAA60",0.297251086284703,0.000490132690948831
"MYCBP2",0.367566479030669,0.000490680919467123
"ATP6V1B2",0.312699677728972,0.000490683040533582
"ITFG2",-0.374273599417687,0.000490808970121181
"ZNF333",-0.51363970253364,0.000491254013644564
"ENSG00000272223",-1.43786415698064,0.000491355984441602
"ENSG00000304713",-1.62386501575495,0.000493405839855029
"FRS2",0.396176429897673,0.000493479735559697
"ADAP1",-0.413216727565983,0.000493627712631901
"TOR3A",-0.412476145640767,0.000494308519179921
"ENSG00000271737",-0.962562159633447,0.000496154577657833
"ERCC6",0.453114210484314,0.000497207064521653
"PLK3",-0.383155967247829,0.000497867357608297
"KLF7",-0.444947426669141,0.000498714415903739
"ENSG00000251279",-0.885631985632886,0.00050008004980316
"TRPM7",0.371646437835614,0.000500340677513756
"AP4M1",-0.410509591377749,0.000500429871760118
"EPB41L5",0.318054445354281,0.000500669365763512
"EPN3",-0.870568767955311,0.00050081667480271
"EMC8",0.313092664230463,0.000501248563755652
"AIMP1",-0.289358010993326,0.000502653679726127
"MUL1",0.446254264039693,0.000503021054948014
"DDX60L",-2.05394107813893,0.000503168408956292
"PPP1R13L",0.488724575242347,0.000504031876900802
"MRFAP1L1",0.304126603489121,0.00050409877313209
"IREB2",0.263778105685076,0.00050511534899847
"LINC01101",-1.54930926834468,0.00050564119261024
"NIPA1",0.346555374703469,0.000506185475179069
"SLK",0.306140583755779,0.000506978108557725
"SDHAF3",-0.435679049715765,0.000508503628444225
"ABLIM1",0.341598368873059,0.00051048795373685
"CRTC1",-0.520138086143215,0.000511937520800985
"PRPS2",-0.389098293425264,0.000512635062111031
"RANBP3",0.314317661665811,0.00051309046994831
"UBD",0.782759623899787,0.000514038680276068
"LOC107985200",-0.686171932393233,0.000514554431541167
"SSBP4",-0.41483892870164,0.000518879376796781
"COPS7A",-0.370330226679235,0.000519628728220428
"CDKL1",-1.14066916119617,0.000520101597100774
"C16orf86",-0.601047211910726,0.000520249688138381
"FAHD2B",-0.556833274377904,0.000520255949902665
"ENSG00000310418",-1.67553741474124,0.000520595439135419
"ZMIZ1-AS1",-0.844349416437557,0.000521501784100707
"KCNK13",-0.603657561407054,0.000522514120763514
"ASL",-0.303924497237725,0.000523042950225856
"FBXW2",0.255501049243529,0.000523163631902574
"PUS7L",-0.360318671096098,0.000523848954335601
"PSMG2",0.276123455464239,0.000524056447741147
"ENSG00000289981",-1.69761898024543,0.00052551715358486
"SLC25A25",-0.517267952273238,0.000525568718425146
"HYPK",-0.457370356487173,0.000525573460562815
"SWSAP1",-0.574948720835093,0.000525840778827048
"ENSG00000256443",-1.75473639106026,0.000526825812087052
"LINC01145",-0.486787477247162,0.000527478696335382
"ENSG00000279283",0.738148352703374,0.000527631338946351
"TMEM183A",0.282824703674035,0.000527836346669794
"ARHGEF25",0.320493684382759,0.000528644241307645
"PRKCI",0.311228733720088,0.00052865175843163
"TSACC",-1.3729863246313,0.000529152120799936
"GUSBP2",-0.680601197176191,0.000530075902296437
"ZBTB6",0.46347100283268,0.000530710108963768
"CHAF1A",-0.254613676806952,0.000532136314826104
"MED29",-0.341998531450455,0.000533071652978094
"NICN1",-0.610252364187388,0.000533394502345037
"EOLA1-DT",-1.42957596889934,0.00053385208538862
"ENSG00000302941",-1.21962064802887,0.000534013947082798
"ETNPPL",-0.532268369992763,0.000534351023354638
"ABCD1",-0.270903056812972,0.00053436554605849
"VMA21",0.264060305686743,0.000534745095466968
"FN3K",-0.356689180687759,0.00053554629825637
"ENSG00000229152",0.585228091185952,0.000535854080148525
"HHEX",0.289286862558988,0.000536693081374275
"ENSG00000284431",-1.10568620412251,0.00053676774473042
"DCBLD2",0.30879400334199,0.000537423530116273
"PAK4",0.345424410462227,0.000538200074874984
"BAZ1A-AS1",-0.541347717378094,0.000538510757431076
"RCAN3AS",-1.2921226875051,0.000538914009153554
"TMEM87A",0.539986865101945,0.000539973211718795
"TRABD",0.278349344535128,0.000539977055218604
"DIS3L",-0.281276870195456,0.000540341144994551
"PKD1P6-NPIPP1",0.329453955790964,0.00054098477446638
"USP40",-0.339557245785386,0.000541954925117472
"NOC2L",-0.250058289674518,0.000543085009552872
"NSMCE1",-0.530145460521337,0.000544255779407321
"LRRC17",1.33108442351838,0.000544631213170155
"CCDC88B",-0.694635651300577,0.00054593226782164
"ENSG00000290086",-1.84122041683015,0.000546430238158284
"PHYHIPL",0.331440423979601,0.000546807555656362
"GDE1",0.285466400382447,0.000548879950718844
"HSPA1L",-0.732207632020985,0.000549013698193806
"LOC122539214",0.7731936845,0.000549183425392804
"POLR3H",-0.325606655262513,0.000550068924745563
"SMPD4",0.2633512447832,0.000551615013774368
"WAPL",0.264477299728128,0.000551778924684254
"PBRM1",0.291201976124256,0.000554744185530876
"TMEM263-DT",-1.0282599242448,0.000555528643667861
"LBR",0.456386603526236,0.000558186716931273
"SDCCAG8",-0.514196687781726,0.000559242925905347
"U2AF1L4",0.553531999453722,0.000559685460551324
"C15orf62",1.46491393716088,0.000559788636614937
"SKIC2",0.345149138910009,0.00055991108679785
"B4GALT4",0.280604474441686,0.000560055477381363
"UBA7",-0.55657295953589,0.000561915839460462
"RAD51D",-0.343799501004777,0.000563341543330704
"TRIQK",0.541227704958341,0.000564357762467392
"CORO6",-1.70825352316147,0.000565648598784905
"SHANK3",-0.288155133149126,0.000565924737805109
"ENSG00000298593",1.83393564101997,0.000566108230374975
"PRKAR1B",-0.317798006774462,0.000566911969774506
"RBM38",-0.303857064723558,0.000567090021391716
"ENSG00000259943",-0.458281525669106,0.000567768955529065
"SNAPC2",0.364769474446307,0.000569926131067193
"CROCCP2",0.327145658232174,0.000571262934859396
"SAA4",-0.441745754669004,0.000572699030792813
"DRC3",-2.14149583712252,0.000573706254747328
"LOC285442",0.518130472611669,0.000574853776510937
"METTL25B",-0.372334676847991,0.000574923412737092
"MYO1B-AS1",-1.04613378511657,0.000575024333064369
"CA13",0.558552105514643,0.000575085762772611
"CEMIP2",0.601591990555649,0.000575232020889426
"MLXIPL",-0.67369187453627,0.000576082520674064
"ZSWIM9",-0.713383056808392,0.000576897373189755
"ENSG00000273784",0.460350144406577,0.000578456282017438
"CFAP68",-0.647400033920876,0.00057894459778813
"TROAP",0.534992213557909,0.000579414490244851
"TIRAP",-0.473604467768762,0.000579561728336874
"UTP14A",-0.405321284627584,0.000581051487806165
"BCRP3",-1.19448117985019,0.000581100094575422
"ZNF8",0.416716946804712,0.000581375720034542
"SMCO3",-2.00746569719268,0.000581564035515128
"CDC42EP1",-0.402525230512628,0.00058206622361766
"RNF19A",0.501869286421411,0.000582301099956427
"IQGAP1",0.288038629091478,0.000583983483637056
"RNF11",0.348697919235622,0.000584760585366972
"RING1",-0.315087071423737,0.000585580741930942
"SEC61A2",-0.35553274334443,0.000587610087681134
"TEX19",-1.07618296373262,0.000589086051486937
"P2RY2",0.753636290408355,0.00058964600431812
"DNM2",0.262408384555368,0.000590115870647697
"AHNAK",0.340353275834082,0.000590425252589597
"COL16A1",-0.729510197638577,0.000593371267371869
"ZNF687-AS1",-1.12932088748041,0.000594257762573979
"PAQR9",-0.350710037566443,0.000594915156554858
"SLC44A3-AS1",-0.871539229555874,0.000595018853738897
"ENSG00000296830",-1.41025174098008,0.000596673258874344
"POP1",-0.525192559575888,0.000596685213321417
"BTBD1",0.285035718193292,0.000597131567278096
"ZNF792",0.886691040958199,0.000597197381002279
"HDLBP",0.370093928263736,0.000597326687501614
"TBRG1",0.306604285278913,0.000597758701569594
"SLC40A1",0.398147687542341,0.000598720874090151
"ZCCHC2",0.453912948877041,0.000599504849026551
"LINC02798",-1.80812488485028,0.000600716302169932
"UGCG",0.566899138239832,0.000600884859888401
"CTRL",-1.06517471984459,0.000600943184326661
"ENSG00000259865",-0.661807556403155,0.000602681388741377
"ENSG00000260077",-0.835422342061495,0.000602855691867637
"LINC01963",-0.565803182232043,0.000604110432002045
"SYNE2",0.470868393003815,0.000605229472997756
"SLC50A1",-0.352104252158463,0.000606327788621415
"SPATA3-AS1",-2.12908273548482,0.000608553594297967
"ENSG00000276698",-0.691418448415771,0.000610023699716998
"DNASE1L1",-0.466155429660124,0.00061020173505646
"ACOT11",-0.799069025812556,0.000610241198218436
"RASGRF2",0.367015873724438,0.000610352332966239
"DMD",0.361733109323804,0.000610588580092086
"ENSG00000260776",-1.65385101906399,0.000611323203584103
"CCPG1",0.455810715116637,0.000611536984248064
"PGAP2",-0.291612858503765,0.000611985910473126
"POLA2",-0.440008691046729,0.000612768460095599
"ENSG00000299773",0.743470943218538,0.000613479184248194
"RUFY1",0.308384175795415,0.000614498316016507
"COMMD7",0.327472628481518,0.000614697313686829
"NT5C3A",0.346340726960528,0.000615182744822196
"ENSG00000267030",-1.24006662970987,0.000615446311880687
"ENSG00000262881",-1.4283630354923,0.000616254833079112
"RAB37",-1.60855782173011,0.000616600823272055
"DIXDC1",0.435335959147801,0.000616933499330595
"NMNAT1",-0.468667567810234,0.000617513159259079
"IGF2BP2",0.27965429775113,0.000618208063227726
"SLC25A45",-0.595685472196316,0.000619684113073868
"TGFB3",-0.916160210539683,0.000621101646400851
"SMAD7",0.555035491195521,0.00062133449662709
"CCDC174",0.32401005914355,0.000621817142618487
"ANXA5",0.353134910800462,0.000622309235789501
"CSNK2A1",0.273670630908119,0.000624214321358069
"TRIM13",0.349199658241278,0.000626545433712175
"C5orf24",0.25697316946176,0.000626785863165422
"B4GALT5",0.438134952299175,0.000627197524405242
"GTF2H3",-0.360334856779047,0.000627296553032764
"GINM1",0.385781321668766,0.000627865985712636
"GABPA",0.316816260741021,0.000628574012004702
"ATF1",0.321194325446387,0.000628904316031442
"KBTBD7",0.488956104604898,0.000629065250143868
"ZBTB10",0.393823410985397,0.000629602636852747
"SLC25A26",0.351059754576505,0.000629642739075183
"PDZD7",-1.21995894643983,0.00063021100501146
"CMPK2",-1.28847813778352,0.000630699393842773
"ENSG00000264207",-1.12586191821658,0.000631501737162919
"CHUK",0.328509012158077,0.000632003947864903
"ATP6V1A",0.276048428803135,0.000633007451872776
"NFKB2",0.343902380717634,0.000633380125793597
"ENSG00000291203",0.31230603430823,0.000633671707235242
"FASTKD5",0.291748126193812,0.000634644920957007
"C1orf226",0.30610060406557,0.000634782898359162
"ENSG00000270638",-0.982567369017799,0.000635463228509893
"GOLGA8T",-3.01856404268593,0.000635962251288034
"KCTD18",-0.496312004231274,0.000635984339904505
"TRNT1",-0.291345898359646,0.000636012520355566
"KIF5A",0.863131991202526,0.000636220045522129
"SKIDA1",-0.612264482839664,0.000637436738425852
"SAMD15",-1.14516495500258,0.000637705879488975
"ATG101",0.341361224876348,0.000641561249596482
"MTBP",0.481693460085732,0.000643688120220883
"ZNF66",-0.64958556964618,0.00064542329943347
"PRDX3",0.268906350225725,0.00064551189407107
"PLEKHM1",0.409907125366962,0.000646050524691781
"SH3TC1",-0.498423977138329,0.000646750584578688
"GNB1-DT",-1.56861049518563,0.000647624209860855
"TUT7",0.345597143063309,0.000648391827647116
"ZSWIM8-AS1",-1.84581722745478,0.000648603982060468
"CIMAP1D",-2.00952335712936,0.00064929150773188
"ENSG00000301079",-1.09805533207746,0.000649489229860391
"NIPSNAP3A",-0.448382224569952,0.000649717587088878
"YTHDC1",0.246342691523897,0.000652473066545513
"PRDM16",0.557999911750841,0.000652908798521392
"CTTNBP2NL",0.509787093836023,0.000652949523673675
"WDR25",-0.619645842689327,0.000653089225992828
"WWOX",0.325161964269136,0.000653286816813818
"PMS2CL",-1.61592757836045,0.000653397395374852
"ENSG00000293278",-1.0974572949726,0.000653845607117373
"RNF34",-0.297466073505268,0.000654859405081303
"ENSG00000262160",-0.718294169934432,0.000655977936443685
"DCTN6",0.380951501825518,0.000657931919155593
"MCM3AP",0.272293548086365,0.000658230781697064
"ENSG00000260645",-0.920707599188664,0.000659837008771182
"DEK",0.279667880371491,0.000660722667700442
"ZSCAN16",-0.484920585581069,0.000662812809203165
"PTPN6",-0.369552998412302,0.000663463718035643
"ENSG00000293410",-1.52696076816902,0.000665150397152622
"ARHGEF17",-0.425576986806267,0.000665480318530731
"ENSG00000243696",-1.06267605911499,0.000665851389121749
"HACD2",0.431969127843994,0.000666405301702397
"RBKS",-0.647392959128517,0.000666484930551708
"PPP2R5D",0.256281044524195,0.000666746740273401
"ATIC",-0.331437531770682,0.000667426777103554
"ZNF227",0.532710438928965,0.000667672254377659
"ZNF768",0.246569520845227,0.000668557689301293
"SOD2",0.450172140593721,0.000669212543351312
"EP300",0.32623297716447,0.000670926865082561
"LINC00852",-0.928182973581278,0.00067252089635756
"DAZAP2",0.356245504134201,0.000673849540602916
"TXNRD1",0.373254102504808,0.000674173942759221
"ZNF233",-0.76631658122389,0.000676700308399776
"SNURF",0.923695962490028,0.000677278186249841
"ENSG00000225339",-1.48169138655506,0.000677352211461151
"SLC25A37",-0.298673248464193,0.000677574283626475
"UBE2J1",0.358960657929346,0.000677858625322684
"CIMAP1B",-0.962067201381378,0.000678488744044287
"LIN28B-AS1",-1.05616103048377,0.000678854759010794
"TBC1D8-AS1",-1.19902277663564,0.000680974696429212
"ZNF148",0.295670549648146,0.000681033355234821
"VRK2",-0.336138559540578,0.00068194918694085
"GPRIN1",-0.72902095205065,0.000683439625002588
"RGL2",0.282358377475477,0.000683639824203519
"NSMCE1-DT",-0.790059500085735,0.000683639999151838
"RIC1",0.373721520019507,0.000684924320172777
"PI4K2B",0.303814856261402,0.000685049438456177
"CFD",-0.88041246893099,0.000685063814841763
"TRIM31-AS1",-0.746601013783962,0.000685369564086976
"DIDO1",0.289119197467162,0.000688143276793749
"ZNF296",-0.53895832720674,0.000688226611604452
"ENSG00000288852",-1.15075198191699,0.000690196452918332
"SURF4",0.386389316712159,0.000690211155439679
"ODR4",0.333694053951333,0.00069095001576683
"KICS2",-0.615177622117654,0.000690990509950003
"LOC124904013",-2.05413787474424,0.00069148895162951
"ENSG00000276523",-2.09219417972184,0.000692147980900136
"ICA1L",-0.646866003937213,0.000693984701548823
"OXR1",0.461752467478318,0.000694142735308741
"SLC2A11",-0.374176013940251,0.000694180149477958
"CAMK2D",0.292195905626464,0.000697109385323937
"ADIPOR1",0.310505360890408,0.000698900223294063
"TUBB3",-0.62696421520227,0.000698983031162966
"DIMT1",-0.370698439399752,0.00069918130310529
"ENSG00000293917",-2.0999034047293,0.000700758617568911
"SMC3",0.274816381584817,0.000702324536129376
"ADCK1",-0.476895661535259,0.00070350523521619
"SMAD3",0.308608181567573,0.000704292148027611
"NMNAT3",-0.501282894834971,0.000705134772836065
"LNCATV",-1.29286991392475,0.000706022176363014
"ARG1",0.472482169919339,0.000706833407158195
"LOC112268198",-0.45224787731806,0.000707394729142444
"H1-0",0.410468736317866,0.000707601834288482
"FGD4",0.493005384753598,0.00070837903664178
"BABAM2",-0.368032727350905,0.000708948660643448
"ENSG00000237188",-2.26195304750931,0.000708988159299557
"TSN",0.286826026961072,0.000709618188713246
"GFOD1",-0.828186253696312,0.000709653503144754
"HSPA6",-1.60696737555445,0.000712803708991867
"FAM89B",0.456119720710801,0.000713811635284471
"ENSG00000286271",0.657580705446089,0.000713835514353405
"CBX3",0.259244244426664,0.000715021057758633
"PLXNA2",-1.0066559699516,0.000715876926045375
"ENSG00000289225",-1.67439745524305,0.000716781616830876
"SEPTIN7P2",0.306619984089626,0.000717247469904561
"CSDE1",0.30529027649843,0.000718162601087637
"VTI1A",0.251447573050858,0.00071986423894603
"RAB12",0.267336371802297,0.000719933481424555
"DHRS3",0.285621615859053,0.000720819961051439
"ABHD17B",0.371052164256617,0.000722052954641763
"TRPC1",-0.365609717434068,0.000723648544642045
"ENSG00000304068",-1.8903999788263,0.000725462471216156
"ENSG00000246877",-1.26071959549961,0.000725507646301361
"SP100",-0.440485013894121,0.000725541644125426
"FBXO28",0.337643678840943,0.000725841942836979
"ENSG00000223725",-1.73691064496106,0.000728246161841038
"SLC20A2",0.329021147427061,0.000732023482392946
"SAP30-DT",0.616459412881357,0.000732814422584212
"CHMP1B",0.384024419430496,0.000733995565578404
"RAB35",0.250208119699038,0.000735775875462566
"NUDT18",-0.621910113090019,0.000736200376316506
"ENSG00000273080",-0.789270922847174,0.000736664601327144
"ENSG00000230724",-0.439013707276106,0.000736979812415331
"ALDH1L1-AS1",-1.30531050938232,0.000737027259009579
"ENSG00000276115",-1.14754800295142,0.000737930466697404
"WDTC1",0.538842315105835,0.000738071674021779
"ACBD5",0.313117748385594,0.000738495370583116
"CTNNB1",0.333316229339957,0.000739158729991844
"SLC35G1",-0.490315961271634,0.000741189898577864
"PIAS3",0.462565674731616,0.000741502219561092
"LRRC8B",-0.359612017496256,0.000742462267468566
"RRAGC",0.422493656852012,0.000742744491045686
"TDRD3",-0.397592771992238,0.000743026800012274
"FLNB",0.279940103944534,0.000743082615898163
"PTER",-0.6575577825006,0.000744670585298495
"NCOA6",0.265045707830552,0.000746110070395871
"NUDT1",-0.371231671768336,0.000746732487785248
"ENSG00000269937",-0.874768855927496,0.000748234860860962
"ZBTB33",0.342287357650123,0.00074885468240593
"ARSI",0.522238591474331,0.000749085398987446
"DZIP1L",-0.825404554661176,0.000751114924181762
"RCOR1",0.311527480061865,0.000751398460605184
"IGFL4",-0.770189935710639,0.000751598687094872
"PRKCQ-AS1",-0.756850761710967,0.000752324666408087
"ABCF3",0.280867687499336,0.000755041723755865
"ENSG00000297708",-1.1036588184038,0.000755472144825903
"OR4F3",-6.83457324613957,0.000756269182548788
"ZNF700",-0.32445058788102,0.000757241603402464
"BACE1-AS",-0.447703116496141,0.000757518494781417
"POM121C",0.307119193005396,0.000758152791184944
"CRLF3",0.412314919513714,0.000759232092115636
"VPS26C",0.338926514108697,0.000760127704242208
"FRAT2",0.478967892251886,0.000760205504274838
"ENSG00000310289",-2.25695482240349,0.000760608043012353
"ACCS",-1.26308550141116,0.000761180929014996
"UPF2",0.288938926092135,0.000761435933823836
"C19orf18",-1.65064867866799,0.000761515082222338
"ZSWIM8",0.384485264698444,0.000762050665331786
"ENSG00000258744",-0.522249488701943,0.000764987183330579
"ZNF621",0.333809358034198,0.000765669099164685
"EPCIP-AS1",-1.00822311894426,0.000766341210132273
"CCDC138",-0.355589722010023,0.000768539363927568
"COG2",0.296031879945009,0.000768750008298576
"SLC2A1",0.563262709428885,0.000769124986827143
"MYOM3",-0.295039395489779,0.000769215108683927
"ENSG00000306316",0.330315972508702,0.000769610407540724
"SMARCC1",0.265614490426233,0.000770047097888162
"LOC101928230",-1.67574166387819,0.000771289626580763
"MED30",0.402999750405975,0.000772085311093245
"SLC9A3-OT1",-0.491186645287076,0.000773437863480672
"LINC00294",0.41066018829455,0.000773887905273225
"PHF23",-0.313304678442574,0.000776156146974029
"HERC6",-1.00623112861022,0.000777206098772667
"PLCB1",0.335447910865296,0.000778146521567854
"ENSG00000276791",-0.834758989913042,0.000780075862371796
"GNA12",0.427293468275956,0.000782773604116215
"DNAJB6",0.38799517391148,0.000783436913950097
"FBXO7",0.30888553424342,0.000784106622046858
"UBFD1",0.389156936687476,0.000786915468725261
"SLC39A14",0.364259659026507,0.000787062496710211
"DENR",0.291105852837322,0.000787161758103303
"MAN1B1-DT",-0.718744030129822,0.000787201953147276
"ENSG00000275011",-1.62034396808781,0.00078878067274857
"SZT2",-0.327638993452152,0.000788816157646641
"NPIPB12",-0.32847894492477,0.000789250552552506
"HNF4G",0.482664129311254,0.000790072374771323
"RBMS1",0.320384291852138,0.000794126280540796
"ENSG00000236751",-0.802877018168442,0.000795004010111555
"TUBGCP5",-0.383194933512585,0.000795029851437179
"ZNF584",-0.590398042471106,0.000797642956081981
"RNF6",0.285413238978516,0.000798026472574062
"FERRY3",-0.454519016811066,0.000798398508072068
"ENSG00000293465",-0.82648035034385,0.000801527872324671
"GARIN1A",-1.54188123374317,0.000806317433111888
"MIA3",0.276997312400045,0.000806813495627957
"SHMT1",-0.263687080545528,0.000807578974784279
"WTAP",0.227619658634693,0.00080861710586111
"GORASP1",0.255090870160825,0.000808784202864902
"SLC30A1",0.466679065091889,0.000810645861520747
"ENSG00000303740",1.42279142886846,0.000811068769449964
"ENSG00000258604",-1.33091915751365,0.000812295205003278
"PRXL2B",-0.362798434473698,0.000812879930858386
"ENSG00000289875",-1.2602248827884,0.000813194547015824
"CTDNEP1",0.274711972533729,0.000814824432412778
"NUP62",-0.243737883933922,0.00081648996372671
"RELA-DT",-0.727690207438692,0.000819343770345622
"ARRDC1-AS1",-0.336401018770312,0.000819564263177027
"BACH1",0.356915852096346,0.000821524287463352
"BTG3",-0.374944233705371,0.000822441772981326
"SP3",0.28050681770626,0.000823201129896624
"TRIT1",0.293533489636738,0.000824592767601118
"KIDINS220",0.260662784669171,0.000824931280357658
"ZFP41",-0.350677971548534,0.000828194008016425
"GNPTAB",0.363129171229848,0.000830460227612189
"ENSG00000288398",-0.911965403257361,0.000831001042807704
"IQGAP2",0.242557530300882,0.000831011213704782
"THEM6",-0.340118073723022,0.000831559413566973
"LOC101928565",-1.20472871574391,0.000831993978767995
"ICMT",0.271225094636279,0.0008326746532083
"ENSG00000272630",-1.16240382686521,0.000833870776284686
"CSAD",-0.487604270865742,0.000833898669667708
"B2M",0.306535521748879,0.000834171181444774
"B9D2",0.84486395242424,0.000835015245698344
"ENSG00000291147",0.714569194093841,0.000835103859401661
"MRTFA",0.334486572378061,0.000835452685567078
"BPNT1",0.299928418813045,0.000835788734660975
"NR5A2",0.36786558895739,0.00083632609362292
"NIP7",-0.289327240624443,0.000836925515455032
"C19orf53",-0.493356692152943,0.000837728498694347
"ENSG00000275632",-0.741098797898466,0.00084006539426479
"TMEM234",-0.464854974179633,0.000840074257342532
"ALMS1",-0.3021988381821,0.000840195540818534
"AGAP3",0.288995037864264,0.000840318021167246
"MYLK-AS1",-0.659720303889282,0.000840493558157255
"TJAP1",0.276477903978097,0.000840802923562517
"GPALPP1",-0.343760015849586,0.000840855431194647
"LYRM2",-0.37672991678474,0.000841775258679481
"ZNF268",-0.374299383752716,0.000841989206318573
"HSF1",0.271819418429358,0.000842061860082009
"ENSG00000259130",-1.79301800714409,0.000843827993704342
"FTCDNL1",-0.677555472506841,0.000844826286336837
"ARHGEF26",0.436099576149073,0.000846581971877457
"RABAC1",0.316192167243369,0.000846786247897595
"SUOX",-0.288201471367797,0.000847135688978025
"ZNF846",-0.54793800073993,0.000847710016822349
"GEMIN6",-0.35403339289857,0.000847886155965206
"LOC124907726",-0.433933489019615,0.000849829223309077
"TOR1AIP1",0.389707523131171,0.000851267422461806
"FYTTD1",0.300125957716006,0.000852786836443737
"ENSG00000276672",-0.586926567956641,0.000855925445551844
"LY6S-AS1",-1.1164558334443,0.000857053070915094
"PLXNA3",0.276710177455565,0.000857233627832264
"SAFB",0.293965402377388,0.000858009285969722
"TMEM69",-0.371879982793396,0.000858522656552716
"PAQR7",-0.34325539171257,0.000859806051919195
"RFC4",-0.324382246506995,0.000859974485847174
"DHRS4",-0.343052627702637,0.000860507327467457
"SLAIN2",0.30562370606481,0.000861178953763779
"RAB33B",0.481131560760405,0.000861506318908602
"ARHGEF19",-0.585173282660169,0.000861915210188831
"DVL2",0.302937634283376,0.000862035293061448
"CCNB1IP1",0.24818964703063,0.000862960510244542
"ZKSCAN2-DT",0.371771037363352,0.00086415436807952
"PIGZ",-0.518062753707364,0.000864368092785234
"ELAPOR2",0.463774149260957,0.000865962766944043
"OGFRL1",-1.23356881604315,0.000867115188733275
"CASP4",-0.286816572528619,0.000868489702670749
"ENSG00000278948",0.613534576994476,0.000869046183043379
"RP1L1",1.92010642191307,0.000869282923021769
"REPIN1",0.291422248568717,0.000869969219419406
"ZBED6",1.0222466349181,0.000870959638784149
"ENSG00000293994",-1.29192267786453,0.000871053914121303
"POLE2",-0.483188869272327,0.000872880326915349
"IBA57",0.412500022253719,0.000873154400329566
"AZI2",0.358288177675783,0.00087436556925293
"ENSG00000308283",-1.5743642922719,0.000874797720358324
"LDAF1",0.917021147195258,0.000875499153744739
"PAF1",0.292832944971413,0.000875509290585728
"MKRN2",0.285601470371054,0.000877002114039977
"SREK1IP1",0.292422751344901,0.000877355947852491
"IRAG1",-1.96839825009774,0.000877404898777484
"ENSG00000232104",-0.45211471420966,0.000877455823401614
"CENPL",0.424427744644163,0.000878125983159892
"OBSL1",-0.378001018005183,0.00087917431685609
"ENSG00000300693",-1.59254021748252,0.000879581347868598
"ST6GAL1",0.400804109877444,0.000880147652316281
"AK3",0.252022398863276,0.000880686010994082
"CYP2W1",-0.488877084072479,0.000880764420763014
"NOP56",-0.292973480666692,0.000881622241802603
"STAC3",-1.4915793796049,0.000881794849701735
"MRPL40",-0.398195151445411,0.000882403970532412
"ITPK1",0.285892783706632,0.000882789146946708
"ENSG00000267793",1.34798079974158,0.000884754428844023
"TAB3",0.269513011906505,0.000885568265040063
"ENSG00000296802",-0.745283488933256,0.000885927338452457
"BZW2",-0.413145785590257,0.000886315617476232
"ENSG00000232352",-1.91379824871226,0.000889793422964841
"ZNF747-DT",-0.871652459609295,0.000890197704537606
"GSEC",-0.807254722371293,0.000891038890502992
"TRAPPC9",0.316484103958684,0.000892477128520214
"TAX1BP1",0.390018459676673,0.000892869361045745
"DIP2A",0.284143053512264,0.000893382386722986
"STRBP",0.319992480983546,0.000893497218086584
"VCF2",-0.559774948929016,0.000894048063853911
"ENSG00000300150",-1.25851721424908,0.000895876421751356
"ZNF557",-0.439073532652041,0.000896045967655462
"USP7",0.284039073987329,0.000899008078800599
"MAFG",0.284653029111262,0.0008990176761188
"UCP3",-1.09722864363942,0.000899793808428829
"ENSG00000310560",-0.406535579837664,0.000900475565715997
"RHOF",0.392477004570472,0.000901065424281002
"ZYG11B",0.304407249709484,0.000902038739119026
"EFCAB13",-1.23426327831139,0.000902120647374757
"SLC25A13",0.264097516619264,0.000902264008664893
"ESRP2",-0.397917982056523,0.000902378055310872
"CRYZL2P",-0.458213603346957,0.000903681414295211
"PDS5B",0.264129797044078,0.0009054737085125
"CAP2",0.498673768731387,0.000906347546166419
"TMEM141",-0.436403015874646,0.000906368968736788
"ZNF79",-0.452852992067713,0.000906866242676988
"FKBP10",0.279169250342694,0.000907343618817081
"AMACR",0.447815293918364,0.00091204927330771
"USP39",0.262308391140068,0.000912769065966778
"HYKK",-0.582304802147491,0.00091337340960279
"ENSG00000247324",-1.20324026943298,0.000913470839036101
"LYPLA1",0.251427726237422,0.000914308223836945
"MND1",-0.367851568390372,0.000914538997799342
"RNF169",0.377856293374025,0.000915902829701602
"C15orf39",0.31689594052496,0.000916431632442078
"PRRT3-AS1",-0.577877526970373,0.000916536363105509
"LAP3",0.399872724677415,0.00091657783664495
"SLCO2B1",-0.831585061667105,0.000916777915472618
"GNPAT",0.262813703226121,0.000917360262458443
"RSF1",0.323742046632808,0.00091879438417377
"ASIC3",-1.22949133278989,0.000921743993123224
"PEX11A",-0.409792220711998,0.000922570048942137
"XNDC1N",-0.828816970075571,0.000922895780356535
"SRD5A1",0.366862069420112,0.000924564839656808
"MRPS6",0.345852171699805,0.000925825045561948
"ENSG00000227959",-0.897496207375469,0.000926212949923998
"BLOC1S6",0.236596136867591,0.000927171564358686
"TMLHE-AS1",-1.31525891877212,0.000927195537379141
"ENSG00000267681",-1.1258193720797,0.000927622907336083
"KLHL21",0.256511480053697,0.000928299874955625
"ENSG00000230454",-0.962198902262739,0.00093082866987456
"TMTC1",-0.67273656778667,0.00093107195358511
"BPNT2",0.361735112285756,0.000931304063788977
"CCDC6",0.281705521446838,0.000932433585609504
"GALNT3",-1.22847097127186,0.000933544837940492
"CXXC1",0.349886836760217,0.000933877444664295
"PRKAR1A",0.383433124361818,0.000934131911694296
"ENSG00000300036",-1.46392473280609,0.000934946297383401
"MTA3",0.280584777945313,0.000936185790119394
"ENSG00000275764",-0.670693066860322,0.000937329991231957
"LRRC75B",-0.368298648143343,0.000937461588101397
"LINC00574",-0.437865702810957,0.000937517749418573
"LOC124901766",0.713256621151058,0.000937765822238811
"ATP13A1",0.377703085612594,0.00093924526924858
"ENSG00000289059",-1.79685168951686,0.000940325163935147
"HNRNPUL1",0.272732715499818,0.000942221280888869
"PCDH19",1.45904797353601,0.000945608971002532
"PYGO1",-1.00231904516688,0.000946461091468777
"CHST10",-0.421413815541399,0.00094756396527649
"ENSG00000233435",-1.0525002086232,0.000948078843943078
"CCNI",0.31118577533773,0.000949238523671222
"RAD1",0.258807136825589,0.000949520266452804
"ENSG00000258728",-1.8564997890168,0.000952114896678041
"SLC45A3",0.630228662628154,0.000954910469298143
"TMTC3",0.437224354100785,0.000957389811159749
"LYRM7",-0.339304640569084,0.000957394293903446
"HLA-F-AS1",-0.528266090492082,0.000957487228816999
"SYCE2",-1.39616896184339,0.000957547957854332
"POLR2C",0.313145784224158,0.000958685389619299
"FEM1C",0.343640066060014,0.000959101700294471
"CENPM",-0.4414377183316,0.000959622827773512
"EP400",0.290707325832582,0.000960827911582906
"LRRC27",-0.526174961146381,0.000961698412273795
"ACACA",0.275196824950798,0.000963146337350443
"PLPP5",-0.29210496185573,0.000963765075184331
"FAM114A1",0.418308819686771,0.00096496389855769
"RIBC1",-1.53868390211681,0.000965739168325557
"KLHL23",-0.269430908047676,0.000965980842291036
"DLEU1",0.319337030098311,0.000966720475790272
"LOC124906280",-1.69410597464104,0.000968006657839318
"SLC39A5",-0.479139423875196,0.000968458251607283
"CLSTN1",0.378005506352407,0.000969207260772833
"CTDP1",0.311385008292338,0.000970858166413141
"TTC28",0.336100730551407,0.000971001311396913
"BTD",0.400947941771289,0.000971859338806922
"HSPB1",-0.498135126435084,0.000972083954176885
"KCTD6",0.308569671136132,0.000972270847761729
"MICALL2-DT",-1.8352478257126,0.000974750112297561
"ENSG00000279348",-0.880743671934056,0.000975729707931184
"LINC01275",-1.23535954522148,0.000976316081679622
"FAM3A",-0.345797624064887,0.000978353701164028
"FLVCR2",-0.549398106883678,0.000978837694217114
"ARMCX6",0.307499917452297,0.000979830194724841
"CFAP97",-0.280966197316166,0.000979975428237686
"LOC101927330",-0.846718998062509,0.000980266141132756
"CBFB",0.29441109336698,0.000983350695457412
"PPM1K-DT",1.44493593422045,0.000986270095372347
"RGPD4",0.817914333475633,0.000987077658519384
"PXK",0.546108481722757,0.000988353043787703
"SPECC1L",0.241751416252298,0.000988645294128108
"MRTFB",0.260936845895194,0.000988842417003722
"NAAA",-0.315544473178182,0.000991121808857666
"TDRD15",-1.50542921742648,0.000991663624785378
"POU4F1",-0.575764604287155,0.000994602714275707
"INPP5D",0.408430791726419,0.000994769237107252
"TSR2",0.249051402856603,0.000997278679037092
"CNOT7",0.264030708850922,0.000997370170928587
"FBRS",0.261052635733839,0.000998743022883377
"SLC20A1",0.339364825782866,0.000998822755592469
"C18orf54",0.365624068271501,0.00100065519003012
"PYGL",0.282698542027618,0.0010007196593208
"ENSG00000304848",-2.02228164232228,0.00100072271026199
"MIER3",0.352399919029748,0.00100294422162911
"CIT",0.413725526286312,0.00100499570577625
"PRRT1",-0.487112972062035,0.00100552547355583
"CEACAM1",0.387368038233504,0.00100554631819414
"SPIN2B",0.447280151623121,0.00100651161732041
"FMNL1",-0.858723176958585,0.00100790677207809
"MRPL36",-0.338039558572278,0.00100883621583571
"LINC02870",-1.41834417946849,0.00100958178957314
"ABHD17A",0.292777848557428,0.0010109412316426
"RSBN1L",0.289287236138607,0.00101696497313608
"TMEM101",-0.257487757445712,0.00101878382052204
"E2F7",-0.445931644152168,0.00101936351678762
"CDC42BPA",0.384198699850129,0.00101954459770119
"ENSG00000254632",-1.41102762550678,0.00101988300026029
"GFOD2",0.323924878953963,0.00102019846226847
"XPO7",0.240564082148412,0.00102067364860551
"KARS1P2",-0.675886731645158,0.0010215684797344
"PTEN",0.237353562979359,0.00102186117215675
"SLC6A11",-0.406559929078619,0.00102513650510874
"TTLL5",0.340659479801575,0.00102680740123191
"ZNF396",-0.899016976902379,0.00102683008976572
"KDM6B",-0.287984081347112,0.00102700197869654
"ENSG00000291176",-1.75621965237016,0.00102833135558407
"PDK4",1.56224351055369,0.00102876878341745
"CCEPR",-0.245945167291392,0.00102944854690865
"PYGO2",0.229759347666037,0.00103007088637964
"ERMAP",-0.573272031103027,0.00103228629701647
"ENSG00000250899",-0.624119193010616,0.00103310555954065
"SMIM30",-0.437925207491714,0.00103469149863945
"SPPL3",0.370397337366956,0.00103554883971043
"RIPOR1",-0.378235938878681,0.00103858160111924
"GRAMD2B",0.35517540449951,0.00103888439912553
"ITGAE",0.444880905427598,0.00103914878326267
"FGD5-AS1",0.238128113339626,0.0010433237475556
"ENSG00000297106",-0.67910172464993,0.00104372567330641
"RRP8",-0.309055867686527,0.00104383606594027
"GNRH2",-2.44379720926001,0.00104392540193398
"RIDA",-0.333940497842721,0.00104587989933756
"PGM5P2",-0.827319190813801,0.00104690776323363
"ATP1A1-AS1",-0.756049273590466,0.00104733972754514
"TOR2A",-0.402034410197352,0.00104761302083398
"ENSG00000280367",-1.00489997623759,0.00104801939101186
"ENSG00000275457",-0.561593075934252,0.00104862602678761
"SPATA2",0.338270138879023,0.00104869632663611
"TEP1",0.323147559651256,0.00104875373252583
"SLC15A4",-0.346358094346739,0.00104887553538072
"ZNF605",-0.346282144265739,0.00104996640514033
"TBX6",-0.679517571927042,0.00105270982239235
"SHOC2",0.331685514725084,0.00105352751752719
"ST7-AS1",-0.670502356230882,0.00105794798582935
"SNX14",0.303578611840753,0.00105856515578449
"DCUN1D1",0.290505960795346,0.00106054637080818
"C17orf99",-0.981754200047034,0.00106166394767032
"ENSG00000269924",-1.21905209662897,0.00106616756457729
"STK38",0.315375504915973,0.00106687170500886
"FER",0.288481751442223,0.00106687726329493
"FCHO1",-0.562328234353994,0.00107137122842298
"KATNB1",-0.257007349219351,0.00107359778877435
"COMMD2",0.338942619368696,0.00107375425014177
"FRK",0.390115844168667,0.00107397544732884
"MINAR1",1.1896613385787,0.00107440209088659
"NCKAP5L",0.248957627068542,0.00107599793285345
"HLCS",-0.46762543596213,0.0010761959977313
"ENSG00000270035",-1.90117849389884,0.00107981034688483
"IQCG",-0.820142343728537,0.00108099904796168
"ENSG00000262049",-0.305979685510675,0.00108100744547968
"KIF16B",0.306392197496676,0.00108379733027677
"ENSG00000262370",-1.03339775720522,0.00108386870140865
"ZC3H4",-0.296544772988136,0.00108458085466791
"SLC25A19",-0.299183143261639,0.00108901250162771
"PPP1R14B-AS1",-1.50530094336019,0.00108928457721225
"DUSP8",-0.504675198446176,0.00109070731934845
"SERPINH1",-0.341456068270849,0.00109105362650744
"UROS",-0.318721060429363,0.00109157595094827
"CYTH2",0.291753005253393,0.00109171484241412
"AP1G2",0.323843215222783,0.00109182522276572
"UBL3",0.422405353873952,0.00109548410122373
"LARS2",0.258420953504922,0.00109574131100963
"RPS6P10",-1.46433869780651,0.00109698649843921
"ENSG00000279057",0.734622755198882,0.00110051129780209
"TRA2B",0.251257590163762,0.00110356501226776
"LOC102724220",-1.47410192555849,0.00110565224559066
"PRR15",0.344178329011125,0.00110601264701236
"SLC9A6",0.451630707558842,0.00110703078177204
"ADK",0.324961166145438,0.00110771822694977
"CHCHD4",-0.421609730911701,0.00110845419448023
"IZUMO4",-0.720774937421568,0.00111226391558077
"PPP1R8",0.284105398416302,0.00111280066428224
"ITGA6",0.561252683834683,0.00111494220598043
"RUVBL1",-0.440935641046404,0.00111863081029331
"NXF1",0.282705009312479,0.00111960281122115
"RUSC2",0.369085638911288,0.00112056264263259
"LAMTOR3",0.315767644519037,0.00112174806103944
"GPCPD1",-0.479233501687498,0.00112480550908905
"AFG3L2",0.265427785919909,0.00112662012922239
"PMS2P4",-0.426788358608134,0.00112713941708227
"ZCCHC14-DT",-1.30043093134567,0.00112721360221301
"MCMDC2",-1.50631082227659,0.00112828463194202
"TM4SF19-AS1",-2.28983020045176,0.0011312067637524
"SGO1",0.360840142663407,0.00113320591483494
"PI4KAP2",0.4473970845193,0.00113957442815448
"CCP110",0.327545322539421,0.00114024428150894
"USP33",0.266936118910952,0.0011415878916193
"MTPN",0.346981343334913,0.0011418150556156
"TRAP1",-0.261937268431183,0.00114400443121184
"NOB1",0.289891622273461,0.00114504786038767
"CALM3",0.359269269742701,0.00114563391101261
"NANOS1",-0.805390840608177,0.00114591944571015
"ALG1L9P",-1.60109076884528,0.00114671353573057
"TOM1",0.299605455463989,0.00114689914814046
"ATL2",0.287831801133503,0.00114690030890257
"TNKS1BP1",-0.30120051774025,0.00114812280254772
"MEAF6",0.422706059974498,0.00114848376058227
"MRPS17",-0.303718952916091,0.00114902811476543
"FAM114A2",-0.42519036429362,0.00115148943209545
"SRPX2",-0.665614040011935,0.00115158702623206
"TPCN2",-0.397456005926002,0.0011554718517193
"SLC5A6",0.290266875231202,0.00115580623893307
"ENSG00000282393",-0.738592383042807,0.00115589341194881
"ERICH1",-0.263174543168467,0.00115658853136673
"GLP2R",0.484246413268862,0.00115712058569522
"SRSF10",0.230429063149125,0.00115868855856346
"ENSG00000291159",-0.367022866615988,0.00116061125733426
"LGALS4",-1.22509626859302,0.00116064831777839
"GOLGA8Q",-2.60205135833137,0.0011614611184039
"ACVR1",0.425618390445527,0.00116320160456836
"ENSG00000203644",-0.606116085948409,0.0011632155895972
"ZNF142",-0.290026714418596,0.00116333929984476
"PNPLA4",-0.427825415074162,0.00116430909087179
"TRIL",-0.92996312528742,0.00116447222194863
"LRRC45",-0.393460062681622,0.0011654117452246
"CDK10",-0.430414642160662,0.00116639131126631
"ARG2",0.6143217139311,0.00116652434122615
"KMT2A",0.268011423407827,0.00117019028636499
"KRAS",0.339150050621957,0.00117211962145183
"ILK",0.336350749418881,0.00117274746100127
"ENSG00000301866",-1.3591680775635,0.001173076345312
"SYNGR2",0.268340010938645,0.00117318975202208
"FAM149B1",-0.449921829872108,0.00117464798672445
"PRKAB1",0.298463164344699,0.00117620624997048
"CNNM1",0.489480777094244,0.00117651219752524
"MICB",0.324585686685545,0.00117695546966135
"ENSG00000257327",-1.53218414796431,0.00117752101978163
"ENSG00000227088",-0.592205638950954,0.00117844042565275
"RPS6KA4",-0.358470896892229,0.00117927274113047
"THOC3",0.323014620165357,0.00118097672320043
"ALDH7A1",0.243148250201677,0.00118250583820153
"ENSG00000266783",1.42615244952924,0.00118273553024232
"MAP3K7",0.23081980139284,0.00118334615364414
"ALG8",-0.360621990249011,0.00118353279646148
"ZNF225",0.462833081421926,0.00118687538649511
"ENSG00000254812",-2.71138926862889,0.00118727258041654
"YTHDF1",0.254973007611815,0.00118781381436787
"SLC29A2",-0.54217246782624,0.00119148998391378
"CYB561A3",-0.362560649311905,0.00119280454977042
"NPIPA7",-0.372705432406608,0.0011949476833109
"PRIMA1",0.769012318342224,0.00119497511761729
"ANKRD50",0.421010131526136,0.00119523619927284
"NR1D2",0.491253617357833,0.0011971507600924
"ERMP1",0.336253042411842,0.00119781659383789
"AHCYL2",0.352774567639547,0.0011986757951244
"SGTB",0.339111594075351,0.00120061679095896
"PUM3",-0.286555682017043,0.00120065687127839
"MEPCE",0.229533403876916,0.00120068217055372
"ENSG00000272942",-0.457913580423309,0.00120128846037797
"LMBR1",0.316407265354532,0.00120215548350631
"NEK8",-0.445090694897354,0.00120324407415021
"MAP3K9-DT",-0.466830528660293,0.00120404985380047
"HDAC3",0.323301835240801,0.00120411147369289
"IDH1",0.283767482645594,0.00120611184564022
"RAD54B",0.333563658375943,0.0012075502102875
"ENSG00000243636",-1.48621223174934,0.00120834789081948
"DALRD3",-0.350079558179272,0.00120968559735339
"PNKD",-0.270948403573736,0.0012100120682443
"ANKRD13A",0.312955390561015,0.00121021609744694
"TRIM37",0.279440710857319,0.00121101285672909
"GTPBP4",0.275930990607616,0.0012112864221145
"GPATCH8",0.235166336782573,0.00121130579660529
"REXO1",0.282726652633751,0.00121152739388768
"MMP24",-1.88130168475306,0.00121234678125113
"RAB11A",0.307267610063999,0.00121240950718714
"ENSG00000273443",-2.2520106287147,0.0012147310007789
"SP110",-0.295695873049174,0.00121652283827365
"GDI2",0.297790602395603,0.00121792667367471
"TPRA1",0.292751603996445,0.00121839155445369
"BLMH",0.277494607423332,0.00121900247344046
"LOC101928450",-1.34481045598346,0.00121904926820989
"SEPTIN2",0.269024515499703,0.00122000097339522
"GARRE1",0.285841564466361,0.00122021015300259
"ENSG00000234509",-1.06841163583336,0.00122193864667043
"UBE2J2",0.225045056700801,0.00122470155283191
"SELENOW",-0.36621351058452,0.00122567934159923
"SCP2",0.256050375570046,0.00122666400493271
"PLPP7",1.51021567842775,0.00122815824381022
"KLHL7",0.324444600223041,0.00122942520558982
"ENSG00000279266",-2.05113696952175,0.00122997071735926
"SOS2",0.363027351313194,0.00123109381256426
"TMTC2",-0.846878765642134,0.00123304761048051
"ENSG00000255517",-0.997852333521771,0.00123411920839837
"LOC122513141",-0.448026861383803,0.00123511535807729
"ENSG00000226332",-1.10100526794873,0.00123518250688932
"EEIG2",0.659282370247595,0.00123579292318553
"ZCCHC9",-0.277870139352936,0.00123612026968232
"MLKL",-0.37184408746209,0.00123726050251056
"ZC3H3",-0.254303720095204,0.00123803166862668
"PLPPR1",0.570234678920837,0.00123970185733461
"FBXO46",-0.3667465830568,0.00124007660754734
"PHAX",0.346649393147059,0.00124192574782944
"SCAPER",-0.511522639259559,0.00124252572302798
"SLC36A4",0.396374354728813,0.00124387497507702
"MRS2",0.257390602596383,0.00124401794410112
"BCL2",-1.48990374763944,0.0012443612376892
"ENSG00000279233",0.48727300929679,0.00124707820090736
"SNIP1",0.362483488594662,0.00124747977363053
"BCKDHB",-0.363278801187452,0.00124887433725459
"LINC02245",-0.471281279605842,0.00124916286845029
"LOC155060",-0.736813863489711,0.00125030045884398
"PTCH1",0.461696757024942,0.00125258767490789
"ARL6IP5",0.285787342547184,0.0012529691449034
"ENSG00000271553",-1.14834509847679,0.00125326522941909
"TRPT1",-0.428843244302185,0.00125457670351733
"ARVCF",-0.298064015983495,0.00125631502759028
"GNAQ",0.276463646080401,0.00125842615738245
"AMZ2P1",-0.47163582426009,0.00125875161857879
"RNF32-DT",-1.09221201443441,0.00125885046335794
"C10orf143",-1.37882844947874,0.0012592688634937
"TAFA2",-1.85269078715027,0.0012594706187668
"OCRL",-0.276564485296012,0.0012618182707244
"KDELR2",0.319912765750177,0.00126336829901118
"MUC20",-1.09603510029866,0.00126700823371898
"ENSG00000289003",-0.960262210170587,0.00126711721683387
"TMEM88B",-0.566229444621901,0.00126785221433734
"HGFAC",-0.413542395008549,0.00127199971793295
"BBS9",0.551974903513756,0.00127315282490005
"ABCC6P1",-0.375999003441298,0.00127338306310044
"ENSG00000230551",0.50016977642769,0.00127579810558472
"ENSG00000287265",-1.40139800249617,0.00127843001925026
"ITM2B",0.29301978455624,0.00128096193574772
"ENSG00000310496",-0.565239527500993,0.00128283883334589
"SCFD1",0.227947287074282,0.00128599443374559
"MYO5A",0.424860312717924,0.00128882292108802
"LOC124907997",-0.884275983705097,0.00128996158629901
"PPP1R12A-AS1",-0.936702719451675,0.00128997621301469
"LITAF",0.31076873485999,0.00129556158019451
"HSDL2",0.268877048915931,0.00130387856843952
"PARP11",0.544064487510083,0.00130438351134792
"C1D",0.347845166521585,0.00130474338065921
"WDR44",0.435206101919982,0.00130613089182893
"ENSG00000289731",-2.04542170257485,0.00130761572927406
"LAMA1",1.09481028837198,0.00130795900172259
"CDK4",-0.288522405395521,0.00130948116034633
"MAPRE1",0.340916407803425,0.00131082807128295
"PSMD4",-0.312606763865123,0.00131543967971899
"CABLES1",0.300057984236179,0.00131588193655039
"RTF1",0.226259272435014,0.00131636203384792
"DIPK2A",0.373384010340559,0.00131697365206668
"PLD1",0.525609267816104,0.0013190619369672
"ENSG00000279089",0.683782810970836,0.00131924264504202
"GAREM2",-1.0706634452324,0.00132240946058942
"YARS1",0.283252758601917,0.00132378042071963
"LUC7L3",0.391561946612076,0.00132633262447595
"KREMEN1",0.331953466029343,0.0013280070269236
"BAX",-0.285603647356609,0.00132804851312038
"LIMD2",-0.732758138822051,0.0013292626574549
"LINC02210",0.420259582489222,0.00133027964892809
"BTF3L4",0.267223076897764,0.00133053704267486
"SH3RF2",-0.415332029030642,0.00133119957285933
"SMG7",0.24250655866055,0.00133399398448842
"XRCC4",-0.516740815407364,0.00133598078470254
"ENDOG",-0.428662218303362,0.00133721611411843
"MYO1G",-1.07568664670546,0.00133774932628664
"TAF15",-0.310870153512401,0.00133885237208397
"ENSG00000268975",-6.52278697379158,0.0013395807950872
"FAM98C",-0.423922018890654,0.00134472227379034
"ENSG00000256646",-0.651199977868287,0.00134602966577551
"HM13-AS1",-1.82929431473895,0.00134832324958202
"LINC01068",2.06927467679045,0.00135014265836184
"CSRP1-AS1",-1.97833507252862,0.00135033740471536
"DSCAML1",-1.34854172207412,0.00135099818389813
"EGLN2",0.348169553864836,0.00135429666704977
"PRPF6",0.238076890649023,0.0013560474465372
"PAPOLA",0.261526552001127,0.00135618270270082
"ENSG00000289291",-1.14607236806688,0.0013622718618686
"HOMER3",0.330307919962008,0.00136296574812572
"SCRN2",-0.378971290678161,0.00136465964451621
"SINHCAF",0.280486613124783,0.00136490988582295
"NAGS",-0.606954610596026,0.0013660195488542
"H2BC19P",-2.00694158165069,0.00136651807550741
"ENSG00000229431",-0.63592555327662,0.00136843887519897
"TENT5A",0.346602606198133,0.00136898782465856
"NDUFS4",0.27027991902934,0.00136991693470032
"FRZB",1.05246543678988,0.00137066598649343
"MINDY1",0.467468209970599,0.00137333032304912
"ENSG00000261054",-1.37734255689204,0.00137451224396611
"MFAP3L",-0.695559540410784,0.00137472118681443
"SALL2",-0.579950272488526,0.00137673931289086
"TBC1D2",-0.430440290903723,0.00137916457458393
"ZC3H12C",-0.52022432075738,0.00138023130421542
"ACAD9",-0.313301531328154,0.00138374048980856
"GOLPH3L",0.436744556860248,0.00138545143410352
"GLRX5",0.338396153866486,0.00138977369392793
"EFCAB8",-1.83380807217297,0.00139168145750946
"DSC3",-1.67110157535891,0.00139253698067554
"CHTOP",0.212608635521466,0.00139636708137355
"NPR2",-0.435872160017397,0.00139732905501029
"ENSG00000297254",-1.30107252799348,0.00139761359285757
"MFSD3",-0.43424852687348,0.00139998214121511
"PPP1R26-AS1",-0.606166789904106,0.00140186896939326
"MET",0.329522204662079,0.00140399431733283
"MFSD11",0.323678240802141,0.00140413333661372
"MYL5",-0.718424140919968,0.00140599648113089
"LOC107984888",-0.705281364396366,0.00140820398377161
"TMED5",0.279555181970998,0.00140827963883385
"PC",0.293336522392522,0.00141302221707955
"ZNF548",-0.32219445598711,0.001418299877647
"STX16-NPEPL1",-0.520431844697433,0.00141922611507574
"PNPO",-0.278209803768443,0.00142235171200146
"ZNF34",-0.472593609561454,0.00142464432495218
"ENSG00000280063",-0.499017390431751,0.00142526715285448
"CD63-AS1",-0.768024121473522,0.00142630825776248
"ENSG00000297002",-2.85269349322201,0.00142950557995124
"TMEM14A",-0.41539626291061,0.00143161638156314
"RBM5",0.345494844844911,0.00143560320243696
"SLC28A1",-0.62476656076155,0.00143660685904456
"HEXA",0.277252544838397,0.00143767478957936
"DSP",0.488711129759079,0.00143875763634967
"LSM10",-0.322698463313912,0.00143916643593422
"DLX4",-0.489225205299691,0.00144228582157073
"LRGUK",-1.13540335553099,0.0014426175017932
"NUDT15",0.310447306219805,0.00144346536931224
"FBXW10",-1.23506630714669,0.0014434706507889
"ENSG00000284642",-0.858776562496409,0.00144365699043302
"CTU2",0.313566831709804,0.00144397220538716
"ENSG00000258900",2.01813296736197,0.00144407972890515
"RNASEH2B",-0.295877722336683,0.00144465567699494
"ENSG00000294288",-1.6878253480796,0.00144568300347881
"ENSG00000237640",-1.20041207159466,0.0014458575641628
"COX7A2L",0.304817813688727,0.00144604906696214
"PARP14",-0.425288920298886,0.00144616830805227
"MAN1A1",0.359906062807129,0.00144765494029073
"SH3BP5-AS1",-0.525247576173702,0.00144947894328355
"C8G",-0.40385607347702,0.00145143683658355
"RAPGEF6",0.300622756889572,0.00145283697203108
"ENSG00000236827",-1.8699095031246,0.00145585786362411
"ENSG00000229666",-1.31063364855555,0.00145657073540899
"RSRC1",0.295575905440732,0.00145731587214802
"KDM5C",0.254190300044825,0.00145834494612772
"DDB1",0.316000621549497,0.00146373375186291
"ZDHHC19",-1.26659426072338,0.00146405787831138
"CC2D2A",-0.532120410425478,0.00146464801655601
"ANKRD13C-DT",-0.778185414100267,0.00147479281210937
"ZNF485",-0.547236214170108,0.00147620501736403
"DDX54",0.251020256390122,0.00148000279398713
"ENSG00000295196",-0.541476916085581,0.00148108265074016
"LRPAP1",0.300688277794779,0.00148129393070648
"SLC35B3",-0.389535195245612,0.00148244080437596
"CCDC9",0.250054326331192,0.0014831725753037
"LNCTAM34A",-0.877518940433611,0.00148352328860397
"ENSG00000261578",1.04561199206537,0.00148363841832699
"ALKBH4",0.346967238311806,0.00148854692244547
"KDM2B",0.261026009776133,0.00148909774938603
"INAFM2",-0.426599405233345,0.00148968749523035
"SAP30L",0.367882130403477,0.00148998521570433
"AGTPBP1",-0.33285316042722,0.00149052388027828
"ZNF468",0.319764204837483,0.00149069940569925
"SLC1A3",-1.80800191041491,0.00149296761235076
"CPLANE2",-1.14828547402582,0.00149370516684473
"METTL27",-1.42310528952523,0.00149378903343578
"BCL7A",-0.424025638854562,0.00149453593711288
"TTLL11",0.515611840631205,0.00149580333097796
"ENSG00000266473",-1.15899411551891,0.0014958709321843
"TSPAN31",-0.342214442551225,0.0014962567615361
"ENSG00000272933",-0.941066858312139,0.00149873649877585
"ENSG00000273084",-0.457375619587575,0.00149975813095948
"ZNF655",-0.23760833593462,0.00150031307017744
"FDFT1",0.319990053363768,0.00150319919312839
"ZNF319",-0.371053501210279,0.00150807237510621
"OVCA2",-0.498231048149719,0.0015107953895403
"SLTM",-0.302193438906439,0.00151175331536809
"PPAT",0.274862509145336,0.00151373135961697
"ENSG00000259416",-1.15242872411996,0.00151419641228805
"ST14",-0.580865461745999,0.00151485487989924
"CDC26",0.306424680400232,0.00151670194146118
"ENSG00000261889",-1.48374980331285,0.00151711574797942
"SENP7",0.331652869947704,0.00151744538554456
"MZF1",0.342146890307939,0.00151813282131621
"ENSG00000224418",-1.24396204126653,0.00151937995008352
"ITGB1BP1",-0.253994148582891,0.00152100671633376
"NLGN2",-0.393582662883958,0.00152173955840327
"CDC42BPG",0.671539345482249,0.00152181098906273
"CEP192P1",-3.3661728959019,0.00152188093549379
"EMP3",-0.728281810488126,0.00152347455590588
"ENSG00000299860",-1.12653771177369,0.00152511199831721
"RRM1",0.261561831985015,0.00152740566077123
"ENSG00000259321",-0.874243855439028,0.00152930565466429
"FBXO38",0.287573691272682,0.00153420064905379
"NUP205",0.266061076393927,0.00153441360157801
"ENSG00000230918",-1.31811834372898,0.00153516151412674
"ENSG00000279900",-1.47450437642899,0.00153847310084931
"SARAF",0.340403808405431,0.00154080105797001
"RNF216",0.268322794180142,0.00154187158078629
"BCAP29",-0.287346256420031,0.00154196944145924
"RAB21",0.241644287707222,0.00154743112973905
"OBSCN",-1.1244125751724,0.00154744971043584
"CDKN1A",0.345025168484381,0.00154796909668027
"TGOLN2",0.282266710846545,0.00154832270384758
"PRR12",0.348412639138892,0.00154922021560561
"CRYBB3",-1.56249130360228,0.00155204325541213
"ENSG00000287825",-0.646684135285859,0.00155226480034772
"ACAP2",0.284539010986283,0.00155354948552742
"SWAP70",0.344845313095534,0.00156414728407059
"LARS1",0.248789995924439,0.00156473354943096
"ADCY1",-0.813373119508384,0.00156587801269949
"TNFRSF10D",0.271385983544175,0.00156640427501021
"ILF3-DT",-0.33930842536222,0.00156818480789064
"MBLAC2",-0.306158794995572,0.00157202578107861
"ENSG00000280107",-0.793624554391249,0.0015722924421774
"FOXD2-AS1",-0.499975684747796,0.001572642849903
"FAIM",-0.459560974789985,0.00157658251093875
"ENSG00000264070",-1.68076746514655,0.00157658765365448
"SLC9A5",-1.09040011129333,0.00157703760155698
"NRP2",1.07158047663722,0.00158035094176974
"PAOX",-1.05027108638177,0.00158496862883145
"PPCDC",-0.436625506737134,0.00158619748214204
"SLC35F6",-0.32681471737168,0.0015864141198174
"SLC5A3",0.409581622589493,0.00158695053783539
"C5AR1",-1.46725024451122,0.0015882973570568
"HPD",-0.386454714880651,0.00159092511965916
"ZNF544",-0.334402995390938,0.00159154173397585
"MYB",-1.32864671061727,0.00159174531602032
"VHL",0.299938499828511,0.0015942466940156
"AGL",0.299906062338125,0.00159451709868881
"OR2F1",-1.75045399317201,0.0015946150381028
"HOXD4",2.53273102362176,0.0015955364844746
"TLK2",0.233999304995815,0.00159556252482442
"ITPR2",0.274174775102908,0.00159661755722253
"LINC02728",-1.28940399670092,0.0015969956151744
"LINC00311",-1.48037526356104,0.00159847445458488
"CPT2",-0.470545505158671,0.00159881103161856
"HERC4",0.248408237914916,0.00160048532274337
"CENPS",-0.522060198469513,0.00160217477352044
"BLZF1",0.329154175082989,0.00160316048742611
"HMG20B",0.30549675541845,0.00160544463650197
"LINC02422",-1.08466897216462,0.0016106978097915
"CCDC142",-0.563747480086348,0.00161183760194274
"HAGHL",-0.547429946439814,0.00161471184280478
"NLRP1",-0.65158196119332,0.00161668366015974
"ENSG00000261211",-1.16687952477783,0.0016167044361948
"LOC105373974",-0.881095914955397,0.00161767175073247
"ZNF195",-0.260900336565221,0.00161851245951804
"SOCS3",-1.62709326497483,0.00161999576818266
"GTF2E1",-0.277957544498894,0.00162000397991277
"ARF4",0.289852396788004,0.00162007035987627
"EIF1B",-0.2576003914059,0.00162037199934388
"REST",0.281608715148723,0.00162267843374236
"IFTAP",-0.454723867504938,0.00162421650329124
"NOC3L",0.317122818739325,0.00162551387890112
"ENSG00000183308",-0.9440802766713,0.00162878225480754
"UBAC2",0.271159255274824,0.00163281936918404
"KBTBD6",0.444397250131684,0.00164296111320107
"MXD3",0.492759953049534,0.00164545425399239
"CHPT1",0.287552186998839,0.00165302427282078
"PDXP",0.335006615270178,0.00165366914628879
"ENSG00000301931",-1.68847138309124,0.00165370287450484
"UCKL1",0.289739186499805,0.00165381213757982
"MAP1LC3B",0.430080908927905,0.00165382158523359
"STYXL1",-0.459431468231546,0.00165627772713814
"ENSG00000280198",1.16660718470345,0.00165726566022926
"CFAP410",0.36997479884333,0.00165747393329006
"UBAC2-AS1",-0.779281913956195,0.00166222932074971
"SLC2A4RG",-0.390669368671676,0.00166257591295748
"ENSG00000309998",-1.26997712921045,0.00166696818176159
"ATAD3C",-0.511744472420204,0.00166772108716523
"TEDC1",0.360785086523995,0.00166780377550554
"RHPN1-AS1",-1.15825181216916,0.00166786516176043
"PPP6C",0.298608479316927,0.00166896613967639
"ANXA4",-0.270452663729472,0.00167344794282836
"ZNF664",0.214712778686454,0.0016739355577194
"LINC00355",-0.603719128542177,0.00167474355070019
"HDDC2",-0.398613517865461,0.00167540317676912
"UNKL",-0.401504433122549,0.00167586760496768
"SPTBN1",0.307453181807122,0.00167586996494326
"BTBD3",0.302992005484086,0.00167743334735532
"PAM",0.350994627016345,0.00167821357278034
"C14orf93",-0.379047188968798,0.00167989346727162
"NR1I3",-0.935392194797277,0.00168030761931873
"TIGD4",-0.797901825645367,0.00168153070643723
"CALML6",-2.48651193476644,0.00168390949238991
"MSRB2",-0.567481215208789,0.00168429595348454
"CRPPA",-1.27716425291132,0.00168719176329068
"ENSG00000243479",-1.06947739112509,0.00168961891512729
"LOC105374593",-1.3064403942383,0.0016909773918675
"ENSG00000288988",-1.022900689947,0.00169317709987021
"TMEM60",0.405221857333922,0.00169340992518967
"SIAH1",0.245661724531861,0.00169679914983928
"APBB3",-1.03900516866147,0.00169728623510677
"TAF6",0.241509929244379,0.00169990042043975
"CYLD",0.270519335812059,0.00170000071696065
"DDX49",-0.30185562235476,0.00170453553352293
"ZNF507",0.263985139101986,0.00170692534123757
"ZNF517",-0.585174387368567,0.00170785037927039
"DNAJC22",-0.239414750682863,0.00171423636957676
"TNRC6A",0.224458635516445,0.001714989266322
"ZNF75D",0.377406234438975,0.00171519582374713
"CNOT1",0.285455630019123,0.00171536971382457
"TAF3",0.259333147946127,0.00171760078493598
"SGCB",0.331377465630949,0.00171841243586364
"SURF6",-0.262291196708337,0.0017280809393059
"SLC8B1",-0.534426056083499,0.00172826734971452
"FAM199X",0.292041230415049,0.00172997588727873
"BOLA2",-0.475605178234362,0.0017309593965464
"ENSG00000225292",1.99871045233578,0.00173328738566684
"ARIH1",0.292345391826105,0.00174008884429687
"SULT1C2",-0.58217326257655,0.00174530829488282
"NSUN5P1",-8.45646276068458,0.00175646680431829
"ENSG00000263606",1.54213467244303,0.00175700242073892
"TAB1",-0.27916174253155,0.00176105103262478
"PSPH",0.255223832616427,0.00176219811877132
"PAX8",-0.574440000509504,0.00176382789281531
"TMEM178A",-0.630651694517405,0.0017669989693091
"NIFK",-0.386145955153762,0.00176831866516802
"FMO4",-1.0868533195873,0.00177615437650134
"LINC00261",0.264435440499901,0.00177710886600937
"ENSG00000271155",-1.06910340849296,0.00177971454882022
"USP14",0.239067556768292,0.00177983549544336
"TMEM88",-0.920366321331607,0.00178469914235792
"ENSG00000275454",-1.38040428275022,0.00178777445242493
"POLR1E",-0.292239443313231,0.00178833887408035
"GNPNAT1",0.246000722716957,0.00178905472132158
"IRF3",-0.218047590498431,0.00178950287185324
"ENSG00000289626",-1.24389467793826,0.0017931960933096
"NAPB",0.344856208630132,0.00179577701989304
"LOC105371646",-0.646689518945241,0.00179689028372705
"TRMT11",0.255499643012635,0.00179768260307213
"HOXA5",0.463013578974682,0.00179810247920046
"FSTL4",-0.519085813482609,0.00180012661185634
"LRRC20",-0.234284215528382,0.00180066045284977
"ENSG00000274139",-1.44203813771117,0.00180107907540269
"MAP1S",0.265254019162963,0.00180157949472073
"TUBB2B",0.580960775159694,0.00180303992360753
"FOXP4",0.283144039800516,0.00180373843340998
"NCK1-DT",-0.593837408242615,0.00180415758915698
"DHX29",0.24884625418808,0.00180482746519985
"DNM1P46",-1.68245276207252,0.00180488601276354
"DCPS",-0.264250064210401,0.00180625227025988
"DOLPP1",0.382227569086808,0.00180820788535333
"FBXL18",0.36748473829875,0.00180866556751883
"ENSG00000278376",-0.75635429298782,0.00180929534354907
"CBLN3",-0.658051431879147,0.00181174612989805
"LINC02175",-1.62539246278068,0.00182001463259666
"ENSG00000272555",-0.889247386453782,0.00182036799323592
"PSEN2",-0.393879976258405,0.00182383958874456
"METTL14-DT",-0.863507426319013,0.00182768290074614
"RTL10",-0.258620133153416,0.0018278602586095
"POLE3",0.262785744423907,0.00182789308460879
"FERMT2",0.368685914422177,0.00182909915405371
"NUDCD1",0.307259593666015,0.00183140513916085
"PIP4K2C",0.344521190374738,0.00183151657148617
"ENSG00000283141",-1.57420595899857,0.00183365983474703
"ADGRG3",-0.393939680351588,0.00183386491661027
"ELAVL1",0.264046002275971,0.00183770650862931
"LOC124905527",-0.490990392774847,0.00184007903459225
"ZMIZ1",0.33356264179082,0.00184102900528138
"VAMP2",-0.24660466835455,0.0018415161985958
"CYFIP2",0.302393813115882,0.0018422497443025
"LSS",0.31854028797807,0.00184245334910697
"THBS3",-0.776300692075965,0.00184306808442181
"ENSG00000237753",-0.978398507371709,0.00184610365794032
"ENSG00000234043",-1.3683328740512,0.00184922150163496
"ENSG00000233849",-1.2631793225128,0.00184955458729719
"LRRC8A",0.302320923516443,0.0018519202963046
"PDGFRL",0.538718355996204,0.00185227027106009
"YIPF3",0.25664780831609,0.00185228154597856
"ENSG00000301874",-1.00422386842395,0.00185959442721844
"RNF40",0.247355769200687,0.00186076347370901
"ING1",0.367376550128509,0.001864686630593
"KYAT1",-0.711701292108163,0.00186517855652081
"METTL4",0.334122562944654,0.00186718298994561
"PGM2",0.280242711050293,0.00186831781761666
"MYBPHL",-0.715007548008008,0.00187028292465219
"RPS2P32",-0.942394509108377,0.00187028569997689
"CREB3",0.334868073862602,0.00187145391544366
"SNRPN",0.264711141953485,0.00187215222666339
"ENSG00000293315",-1.05679280463661,0.00187310269038939
"ANKLE1",-0.534426490537622,0.00187350320157228
"ROR1",0.707117666609383,0.0018741655338227
"EBP",0.356602892341117,0.00187736645623529
"AKAP11",-0.251371435581263,0.00187753236351232
"ZNF527",-0.595405734523751,0.00187849136086797
"TSPAN9",0.298969591475875,0.00188842015027394
"ENSG00000280163",-1.57990890685437,0.00189012049670733
"LINC01599",-1.10266523960039,0.00189080841114136
"EAF2",-0.669567885063763,0.00189279629023774
"CAPZA2",0.307870785079159,0.00189383072630508
"CAT",0.283426206336281,0.00189591224780044
"ENSG00000263680",-1.49006182837028,0.00189597963123376
"EXOSC9",-0.319365630665834,0.00189652432236374
"WDR35-DT",-1.22537770049761,0.00189967428464735
"SMO",0.380589420955251,0.0019000261148042
"ENSG00000308452",-1.48255957152382,0.00190154387827297
"DENND4C",0.293581434490754,0.00190183180098646
"ENSG00000229692",1.4971013774292,0.00190320370673556
"TBC1D3K",2.42965067987874,0.00190787223239451
"COL5A3",-1.24314302868257,0.00190820360813709
"RBMXL1",0.307271114760577,0.00190824085400247
"ENSG00000261916",-1.40687195374458,0.00191013602998796
"NLN",-0.274166103333017,0.00191258081312556
"FKBP4",-0.434567923755281,0.00191412180403451
"TMEM91",-0.457482376594845,0.00191433985031675
"NOC4L",-0.346353665913562,0.001914575537797
"MSTO1",-0.276544067752178,0.00191675681033032
"PIM1",0.614326011673532,0.00191762482760897
"TMED10",0.293994862996941,0.00192025220414046
"MBTPS1",0.213029654800078,0.00192448807607883
"NPFF",-0.63425699085751,0.00192641268321525
"OXTR",0.49535225172818,0.0019264433071293
"NUP54",0.254936152157716,0.00193181084612322
"CCN1",-0.895011287781578,0.00193241878263162
"SDHA",0.252449914804162,0.00193312069453338
"LINC02936",-1.04793313865822,0.00193349739352595
"NEK10",0.547229593093181,0.00193947019342118
"COX10-DT",-0.365037188550202,0.00194088696970928
"GET1",0.299917470426494,0.00194091018564998
"LOC101930100",-0.835454234075983,0.00194152968013724
"ENSG00000287107",-1.50908122347528,0.00194416412532982
"NPM2",-0.426848366364297,0.00194512160682919
"ENSG00000250999",-0.909220825401739,0.0019467614264022
"LNPK",0.244567725867839,0.00195157408013015
"CLCN2",-0.40438671029811,0.00195386129769315
"EIF3L",0.32683511414465,0.00195575056549663
"OAS3",-0.31180573960466,0.00196208736460821
"PRPF40B",-0.284978739413688,0.00196231493478448
"ENSG00000268575",-0.344429853425722,0.001963609054634
"OLMALINC",-0.589263781845276,0.00196474542225162
"ZC3H11C",1.01211511365816,0.00196514770463438
"HROB",0.340989342094518,0.0019654532595769
"GPATCH4",-0.327519285408431,0.00197056543183208
"ENSG00000229337",-0.620655587560297,0.00198168806323712
"QSOX2",0.264645895845185,0.00198212837506937
"RTKN",0.260242803567807,0.00198471468869028
"NFE2L2",0.21954888418164,0.00198589908567048
"STARD7",0.268266135876778,0.00198760825171272
"ENSG00000273711",-1.45544469952302,0.00198778142083111
"KISS1R",-0.632897270445392,0.00198781805270718
"HAPSTR1",0.315961875120964,0.00198825190014971
"GAS5",-0.313637836351987,0.00199072479658667
"FUT8",-0.540552892920009,0.00199118414310953
"PRR14",0.264104905557291,0.00199279102130134
"STAT5A",-0.49049475500848,0.00199407181935732
"MSL1",0.239730116752716,0.00200073236972612
"ELOA",0.218963833465883,0.00200508385437592
"SKP2",0.252947692470473,0.00200861103638422
"ELAC1",-0.775161869444765,0.00200908641977563
"CTNNA1",0.322962777989446,0.00200960796300988
"NME3",-0.466201040360744,0.00201080188846797
"NUP37",-0.318839769185696,0.00201113503894153
"ENSG00000296235",-1.50343699799593,0.00201117208185998
"TBC1D9",0.306466149497523,0.00201209468904278
"AIF1",-1.26335441086899,0.00201354365910987
"TVP23B",0.359029099329985,0.00201776003064593
"DCDC1",-0.83903737260571,0.00201873623843218
"ENSG00000310026",-1.30695393023133,0.00203291724893786
"GREB1",0.230914077775727,0.00203388576999304
"ENSG00000272831",-0.572557445419994,0.00203963268260883
"HSPE1",-0.355342229300212,0.00204000250085916
"TRIM5",-0.317065541186584,0.00204234007336618
"ENSG00000232987",-1.10036621396963,0.00204308516072607
"LYSET",-0.281657772553425,0.00204325562198244
"MYH9-DT",-1.70533070629498,0.00204353956914645
"RRS1",-0.417300525078698,0.00204757369949852
"CHST7",0.462671131810548,0.00204777979023527
"DENND1B",0.43147708741205,0.00205320613077165
"ENSG00000258559",0.637320908208308,0.00205709334312417
"ZSCAN31",-0.540180800939975,0.00205904763714771
"TOX3",0.293461067540412,0.00206108053994186
"TRIM34",-1.40630616651082,0.0020627498469383
"NDRG2",0.284013923782426,0.00206321177983047
"ENSG00000299852",-2.04333132801724,0.00206436385035335
"CABLES2",0.471342602906587,0.00206524930680969
"GTF2IP1",0.264536974321438,0.0020659644911155
"ENSG00000269940",0.664281465044979,0.00207007077544678
"FAM216A",-0.396771652241586,0.00207487859793357
"SSR1",0.292284154246335,0.00207635969613044
"PTK2",0.226577199467613,0.00207935053580836
"NELFE",0.26751764549274,0.00208060308293577
"SCD",0.430448508261073,0.00208416014404937
"ENSG00000214106",0.395739837051758,0.00208586143506058
"PDHX",0.333947593768951,0.00209625766142674
"GABARAPL1",0.502894052033622,0.00210235392138693
"ENSG00000285669",-0.909164555537783,0.00211075714544649
"TNRC18",0.286030242761939,0.00211514988181354
"LINC01843",-1.05869625549145,0.00212029082213015
"DNAAF10",-0.420317094868343,0.00212064605716241
"TMUB1",0.215466270245243,0.00212144762374449
"BRAP",0.31963397723553,0.00212716538725946
"DDX11-AS1",-0.645203536526423,0.00212789146145498
"LOC124908099",-1.32417280691953,0.00212905174057042
"GRB2",0.3517606803573,0.00212924919828976
"POMGNT1",-0.227609271852511,0.00213140939134989
"ENSG00000308990",-1.62231517844278,0.00213328927303222
"SF1",0.310841302700116,0.00213692737266953
"MYLK",-0.448250816046053,0.00214042206971545
"PKLR",-0.336373580611581,0.00214290703038836
"POLD4",-0.589812316793657,0.00214675183745938
"LAPTM4A",0.391593788014645,0.00214891234038385
"NEDD4",0.298944228833693,0.00215211593496017
"ZNF131",0.256664007962274,0.00216332679714576
"ABITRAM",0.331906634763946,0.00216349856680786
"KPNA1",0.326305860669444,0.00216473527068274
"ENSG00000285130",1.32245692942343,0.00216625624135227
"XPO1",0.381981747381445,0.00216654744474317
"ZNF695",0.436550063340505,0.00216800825088848
"LOC103344931",0.550019412037606,0.00216870720880004
"PSMA3",-0.328326500763551,0.00216911433413401
"KIAA1586",0.256723035480708,0.00217717041106898
"S100A4",1.36606696608914,0.00217721021677513
"DNAJC10",-0.306107565314942,0.00217812794329587
"PAGR1",-0.409415434334186,0.0021820104441028
"LMNB2",0.239051559851532,0.00218238735864695
"ERAS",-1.41033350737233,0.00218644865457796
"PPP1R12C",-0.317878083551054,0.0021869777734933
"PUS1",-0.294881782048562,0.002187364974098
"PRCP",0.427770972663281,0.00218992865381937
"STK24",0.288418699537997,0.00219092509760588
"LASP1",0.426402739098305,0.00219483075560483
"AKR1B1",0.326313405223101,0.0021964264506887
"CDR2L",-0.710315482411765,0.00220096510198085
"IARS1",0.222653629369214,0.00220344811188607
"ENSG00000294512",0.263183455398712,0.00220670179215455
"ENSG00000288827",-0.561912165981892,0.0022092554090174
"PDC-AS1",-1.06958664721337,0.00221026902659993
"FBXL22",-1.52742558321723,0.00221301931180842
"ENSG00000260459",1.26949104196871,0.00221382204711143
"TMEM161A",-0.35101995884637,0.00221392291498214
"PRR18",-1.23019317761006,0.00221653867797008
"JUNB",-0.573968442051692,0.00222135358773035
"HCP5",-0.824052105466953,0.00222169500931225
"KIAA1549",-0.353049321963521,0.0022237415073245
"DNAJA2",0.299143248506481,0.0022250610512209
"TOPBP1",0.203603474641856,0.00222606397425494
"THAP12",0.28225385928119,0.00222626366015386
"NAXE",-0.314134503182881,0.00222858402733104
"IP6K2",0.343116742816117,0.00222996286003064
"ENSG00000274225",-1.05868826966748,0.00223184455133455
"ENSG00000285589",-0.438482384669936,0.00223320668788739
"NECTIN3",0.403390735258388,0.00223833490757626
"EEPD1",0.372611401932004,0.00224992722824574
"ENSG00000293461",-6.36592712006588,0.00225023569366661
"ENSG00000287009",-0.730387503567774,0.00225060649683985
"PHIP",0.262640118390014,0.00225084805447503
"ATP2B1",0.434175077681726,0.00225130602338686
"TPM4",0.53293198179972,0.0022521295334538
"STARD3NL",0.247412522169953,0.00225677296979097
"ZNF684",0.381207535018974,0.00225705937405103
"LPA",-1.07279858259198,0.00226182280217399
"GSDMB",-0.645715591423589,0.00226292068656983
"SMURF1",0.274333840159996,0.00226301319512632
"LINC00870",-0.904358386662012,0.0022643553114959
"LINC01278",-0.282024225030064,0.0022688297983896
"ENSG00000233381",0.799430513201596,0.00227095418141263
"TMEM33",0.35637310813058,0.00227200458049809
"LEPR",0.479694646464432,0.00228076731974001
"PELP1",0.238523078865992,0.0022811404101547
"ACTR1B",-0.228502529085144,0.002281157768338
"SAPCD2",0.360309624153109,0.00228192504316101
"RN7SL2",0.406423262703947,0.00228413210397266
"CASP7",0.265493469062549,0.00228553088956916
"ENSG00000270069",-0.562543774671854,0.00228572661287266
"NOL11",0.231381077823356,0.00229263435873592
"PNN",-0.372201999293862,0.00229555114306119
"UCHL1",-2.16599187287967,0.00229680051970105
"SOAT2",-0.41540076337466,0.00230212411969807
"C20orf203",-1.87721589083326,0.00230763919382597
"SESN3",0.620254565593615,0.00230801787674692
"FBXO36",-0.674120603320813,0.00230949720609591
"ZNF330",0.299937580181214,0.00231244078524166
"ENSG00000258568",1.01242578431453,0.0023144277407865
"SCAF8",0.242481698376298,0.00231455008434203
"PNP",-0.281532177439392,0.00231486843955979
"ENSG00000158482",-1.31549746723801,0.00232077617801427
"YEATS4",0.298001862764381,0.00232178342617924
"SUPV3L1",0.286010558240425,0.00232452736360916
"RREB1",0.234838872545557,0.00232583767391678
"ENSG00000300245",-1.82713915298256,0.00232814235761901
"PDK2",-0.350359469258396,0.00232976025176346
"MRPL50",0.273684956830815,0.00233069380321415
"MYO5C",-0.307011872962466,0.00233415982806457
"UVSSA",-0.258611940750375,0.00233498382673343
"JRKL",-0.385571412839154,0.00233544070380514
"SMAP2",0.272331366686492,0.00233570382271322
"GORAB",0.333088710849279,0.00233723013985016
"SETBP1-DT",-1.36111121642149,0.00233771233964251
"ENSG00000273259",-0.533439416794796,0.0023541331786954
"TOGARAM1",0.328212472185892,0.00235542283310121
"DUS2",-0.245786057389893,0.00235620871464205
"RAB10",0.269244394805747,0.00235665021695874
"ENSG00000288756",-1.34154528051181,0.00235724111175139
"SLC10A5",0.744691844267298,0.00236008577933921
"ENSG00000304289",-1.56100763047602,0.00236130753404084
"PEX12",0.419956915434217,0.00236197120052083
"ZFP36",-0.552054740280842,0.00236257539267403
"ENSG00000285693",-0.737447135943474,0.0023652829314149
"PFKL",0.372845043825987,0.00236823603813934
"PKHD1L1",-1.05307565440826,0.002368303120004
"ENSG00000224174",-0.873753468616621,0.00237066843994752
"BOP1",-0.32717032501355,0.00237224969126403
"CYP11A1",-1.0697708368463,0.00237344357813909
"LMBRD2",-0.402490575938124,0.00237550345764896
"ENSG00000276131",-0.856860251842545,0.00237687831345279
"LAMB1",-0.273681016308505,0.00237737962483466
"ENSG00000242588",0.299808029410329,0.0023831642147499
"ATXN2L",0.280515023941931,0.00238386284332869
"ENSG00000263884",-1.56009113469315,0.00238658652865204
"FSIP2-AS2",-1.16256297905802,0.00238702996433782
"CHMP4C",0.437818963426893,0.00238713495460995
"DAO",-0.886492639165888,0.00238798338103677
"FXR2",0.240945711876849,0.00238881794687664
"NR2C1",0.27870314693124,0.00239327955026581
"VPS39",0.242875762569795,0.00240045857432902
"STON1",-1.21150142470641,0.00240882226335305
"ENSG00000259460",-0.59606507036655,0.00240886096496129
"FIRRM",-0.364540052167986,0.00240907583023126
"EIPR1",-0.4032116163197,0.00240989861662205
"IER3IP1",0.270687484995155,0.0024115574243533
"GKAP1",0.358851404804879,0.00241327682978012
"C11orf65",-1.6185301509549,0.00241467554221283
"CALM2",0.270215966695873,0.00241550253352486
"ZNF473",-0.318733647147827,0.00241653218276225
"CZIB",-0.303479364185977,0.00241958115013927
"CARMIL3",-0.699020970178128,0.0024217291211379
"ADAM8",-1.18483631317429,0.0024232970201323
"GLO1",0.232557933655667,0.00242505284407184
"SMPDL3A",0.325564567458695,0.00242623029893968
"ENSG00000289021",-0.826970099629464,0.00242904539606359
"CXXC5",0.223544562475305,0.0024313386367106
"ARHGEF1",0.274867628790925,0.00243167482856586
"SCOC-AS1",-0.852942373559499,0.00243804093267309
"SEMA6A-AS2",-1.65304406596806,0.00243880396260158
"LOC101927863",-0.958033822630661,0.00244597968550878
"TSC2",0.342924170335218,0.00244990051384741
"IL17RB",-0.270204260265793,0.00245709692510523
"SGK2",-0.27353878686552,0.00245832683020098
"NTMT1",-0.238199294089951,0.0024615112525648
"ZNF286A",0.292638430063872,0.00246472384346393
"NPAS2",-0.297572819216654,0.00246650260333586
"ENSG00000226330",-1.02679901487812,0.00246869738071853
"LINC00973",-1.29863835312598,0.00246885203795999
"CBLC",-0.494667291802618,0.00247046427525136
"SPCS1",-0.283818238558961,0.00247204239301613
"ENSG00000260000",-0.86202053461876,0.00247228193215866
"ENSG00000289405",-0.480150514057856,0.00247425868273373
"C6orf89",0.215348591822187,0.00247537669477901
"COQ8B",-0.359362813718806,0.00247650659459906
"DUT-AS1",-0.975189457697031,0.00247862378468749
"ENSG00000258311",-0.660849318292496,0.00248083792102046
"TRAF3",-0.314736152451401,0.00248196750905864
"AKAP14",-1.30481042545427,0.00248603880562488
"RNPS1",0.222085506501893,0.0024868062572052
"ANAPC4",0.31338292892202,0.00249245958680475
"NAT2",-1.13022108908616,0.00249374594658761
"UBAP1",0.293135534923748,0.00249541846337043
"PCMTD2",0.215382926953403,0.0025017102549776
"CSGALNACT2-DT",-1.31858821760664,0.00250245459979772
"ZNF813",0.341439586524272,0.00250758879898685
"ZMPSTE24",0.392225820532524,0.00251565309303301
"C8orf76",0.342378713076875,0.00251570258975003
"TMEM276-ZFTRAF1",-2.5455332594433,0.00251647032729073
"ZNF778-DT",-0.554276095996773,0.00251710941170078
"TAX1BP3",-0.320728625789094,0.00251917858212095
"CPE",0.321462482187751,0.00251944520204411
"ACVR2B-AS1",-0.759660723721434,0.00252050852379623
"PLAC8L1",-0.992699936188399,0.00252077172749078
"ASCC1",0.326515339980843,0.00252181616953623
"TMEM256",-0.346215084692848,0.00252203028932302
"NAB2",-0.323914968432493,0.0025267431492507
"FMR1-AS1",-1.95050883779013,0.00252806979796783
"COPS7B",0.217390862328831,0.00253175125482624
"ENSG00000260911",-2.20327900847646,0.00253252108730852
"TIMM22",0.308792238433902,0.00253466854661449
"PARTICL",-0.632682519494708,0.0025358046684264
"HMGN4",0.264240944633896,0.00253822720915355
"MGAT2",-0.262996090781463,0.00254300813407424
"ENSG00000242282",-0.530658789020836,0.00254602822921618
"ENSG00000279696",-0.67485329463887,0.00254762889331937
"GOLGA5",0.355292869891995,0.00254868614878525
"C1QTNF3",-0.481884766886512,0.00255216371860219
"THEMIS2",-1.89628389453533,0.00255282973125511
"MRPL48",0.300410420074957,0.00255419678776846
"C1QTNF3-AMACR",-0.951252228497965,0.00255526290070963
"GATA4",0.242393170965409,0.00255658594514804
"INPP5B",0.30603749818146,0.00256227151678303
"CHST3",0.421210267250538,0.00256403040086402
"CCDC15",-0.505854467739254,0.0025689831032172
"BCL2L2",-0.313460174153017,0.00257316055028051
"SLC35B2",0.29457193561169,0.00257484138688835
"NCMAP",0.569012971447671,0.00257786349977395
"ENSG00000278192",-1.59365776739914,0.00257902841491747
"SMIM5",-1.53182248522196,0.00258154286189753
"SKP1",0.277891143103374,0.00258290282841555
"ENSG00000224728",-3.85337451576909,0.00258314955310728
"ZRANB2-DT",-1.55396704913687,0.00258439024812512
"RELL1",0.432449733157119,0.002586238683229
"ENSG00000259985",-1.45864333022964,0.00258662484286126
"FAM222A",-0.415151364285334,0.00258925150550241
"PLS1",0.388830777694095,0.00259253736645584
"SLC12A8",1.02585968663802,0.00259307952635798
"NAP1L5",-0.557245596345846,0.00259345428728594
"GON4L",0.256507872410229,0.00259466726626561
"TAS2R6P",-0.934524836357052,0.00259821160665354
"ORC5",-0.325937681286834,0.00261109671987864
"ENSG00000289154",0.508282919228361,0.00261240516417141
"ENSG00000263257",-2.21030473055335,0.00261321366883821
"MAGI3",0.307680819127472,0.00261391492356628
"PDP2",0.339391414975948,0.00261748158829158
"DEPP1",1.11792777466144,0.00261840992644731
"CSNK1G3",0.411787804488541,0.00261851227216003
"ENSG00000284959",-0.7364362619203,0.00262076786329162
"CLIP3",-0.879472213256153,0.00262165924276114
"ENSG00000226263",-1.53615107263953,0.00262282982811037
"ENSG00000272853",-0.730820664507779,0.00263308039579792
"ENSG00000290117",-1.46231777931226,0.00263722445615058
"GLTP",0.293381614737195,0.00263782260428237
"SLC6A4",-0.397308975339407,0.00264087746750504
"CUTC",-0.477232586055356,0.00264595939413693
"TLE6",-1.70019939378732,0.0026472596058939
"CYP8B1",-0.418456441140225,0.0026497584332999
"NDUFA5",0.254547411503223,0.00265317708766338
"STK35",0.245415732175292,0.002653638103957
"IER5",0.394881794078767,0.00265462751051906
"ILF2",0.26325493353042,0.00265502293690271
"ENSG00000289428",-1.09110441810339,0.00266216625487778
"ENSG00000269961",-1.16640566230845,0.00266659193922227
"ENSG00000294305",-1.05824361859356,0.00266810654296719
"QRICH1",0.220889577980329,0.0026802508676176
"ENSG00000289123",-0.902167410273983,0.00268047802412494
"STK16",-0.283638022971071,0.00268228001365386
"FAM223A",-1.06204807164663,0.00268492065337663
"FAM223B",-1.06204807164663,0.00268492065337663
"ENSG00000229931",-0.386727349475321,0.00268541520412058
"LINC01271",-1.38249920937382,0.00268553156026648
"MIR210HG",-0.616102962675465,0.00268685189486759
"ENSG00000279267",1.19557455728339,0.00268809833127225
"DPY19L3",-0.255098882265067,0.00268879728802912
"ZCCHC3",0.22259886742702,0.0026890051513861
"LOC100505915",-1.42459054772163,0.00268996691799328
"ENDOD1",-0.53202607386053,0.00269155824654516
"EIF4G3",-0.199677848201423,0.00269229600403767
"ENSG00000308674",-0.48137480838341,0.00269915193035155
"KMT2D",0.3575804953566,0.00270017958892973
"MRPL53",-0.319031585524282,0.00270129215319205
"CAMKMT",0.295065483828398,0.00270537502095463
"P4HA1",0.325545363995104,0.00270647564074778
"ZNF205",0.284543977020018,0.00271735482626756
"PRKRA",0.224782391531754,0.00271749124519339
"CLP1",0.346518573537544,0.00271905858623023
"RP2",0.43608594639423,0.00272064109224507
"ACTA1",0.909084351056921,0.0027226366900108
"CPOX",0.318391730686226,0.00272278263624064
"LOC124905134",-1.42097933061277,0.00272294917127547
"ENSG00000228107",0.770250479759811,0.00272352851673897
"A2M-AS1",-0.819472317278365,0.00273249288751449
"ETFBKMT",-0.929151487730909,0.00273573942013134
"CARM1",0.242444168854478,0.00273657462559951
"LEO1",0.467539961112534,0.00273798573334479
"TSPAN13",0.250614620770421,0.00274069629516518
"SRP68",0.297763767640665,0.00274627989124044
"ARL15",-0.408196202154357,0.00274757486344216
"LURAP1L",0.529410468254518,0.00274847138996823
"TRAK2",0.221575136866085,0.00275576755253179
"MICAL2",-0.998021287612971,0.00275640405449827
"DBR1",0.266700024978956,0.00275674910977469
"CARD9",-0.446109032555536,0.00275696567830049
"MARCKS",0.310276722456466,0.00276176053056547
"SORBS2",0.320751175993982,0.00276248591539221
"ZNRF3",0.374847519534142,0.00276574986241473
"SDCBP",0.328669126839301,0.00276962479441136
"TGFA",0.339842111086912,0.00277084725901446
"BIN1",-1.27562244959905,0.00277268309859817
"ADAT3",0.459586548590059,0.00277405610481963
"STRN3",0.205894257723251,0.00277869960831232
"PIP5K1A",0.217798462596563,0.00278054894407966
"DNAJB5",-0.66466890334981,0.00278152052046291
"SSUH2",-0.308723254716628,0.0027834973800134
"ENSG00000286714",-0.653142593214112,0.00278415142268136
"ENSG00000289943",-1.47387228154409,0.00278575684768004
"POLR2M",0.264239011758859,0.00278783445319394
"LIN28B",0.271181781924658,0.00278881259701906
"CLN6",-0.378282998433515,0.00279015804178969
"MBNL2",0.347132900074111,0.00279456170888483
"BUD13",0.245359150273484,0.00279500187693239
"TCF12-DT",-1.26181156664998,0.0027953043522663
"TTI2",0.310756317500717,0.00279637177312271
"PAIP1",0.214163906612587,0.00279672385056453
"GBA2",0.241904380009795,0.00280484603179604
"ENSG00000291068",-0.343791970276343,0.00280563758097557
"GPR155",-0.962691569593034,0.00280697245093043
"UFSP1",-0.714379178965398,0.00280996211101087
"SMIM45",-2.19786581825075,0.00281166269420662
"ENSG00000308904",-2.05260942625386,0.00281185846222642
"GTDC1",-0.385606117501858,0.00281277624791546
"KLHL11",0.831338230591272,0.00281307945635518
"ESPNL",-0.86438680052372,0.00281555947922764
"CFL2",0.228084010948481,0.00282187785225629
"NRBF2",0.310965653022911,0.00282278594129471
"C2CD3",-0.253372128816154,0.00282667925842837
"MAPK9",0.249653783651545,0.00282703663069599
"TWF2-DT",-1.28760621037125,0.00282777233385165
"DDB2",0.327613266994946,0.00283253084671815
"IFT20",0.348858492179818,0.00283585564187238
"ENSG00000250387",-0.899052381139542,0.00284416960432761
"CEP83-DT",-1.14356336549242,0.00284707903429965
"SLC22A11",-1.60155666159114,0.00284937827529644
"BOD1L1",0.271163677704837,0.00284947617822448
"MRPS7",-0.233261051765912,0.00285459778608814
"ENSG00000257663",-1.96072019717484,0.00285632699115991
"ZNF546",-0.479630650299568,0.00285973871255393
"NPIPB2",0.421182812366994,0.0028893727063015
"MMACHC",-0.385628043580361,0.00289156327464923
"RPA2",-0.260740705847387,0.00289422697655352
"CROT",0.436737433336843,0.00289437719626227
"NEK5",-1.7419643257278,0.00289678761385476
"ENSG00000298035",-0.63454335524564,0.00290624525662373
"EPS8L3",-0.330581059628205,0.00291002339919737
"CARD19",0.316437042057927,0.00291052188715037
"SLC9B2",0.26197806623253,0.00291170445410099
"PCID2",0.224135616219202,0.00291220054523499
"DMAC1",-0.340144831553721,0.0029177970234003
"NADK2",0.219360225797694,0.00291811340966299
"MARCHF6",0.287388399044494,0.00291835476696168
"COMMD6",-0.322753916612277,0.00292012044080687
"PCNX4-DT",-0.733035232085232,0.00292143578764559
"NOMO2",0.420561151113679,0.00292676438154734
"NBPF1",0.201541546784062,0.00293241273641491
"ENSG00000293463",-1.06672360302233,0.00293852888661426
"ENSG00000284606",-0.83297400841246,0.00294017109131937
"ABRAXAS2",0.278924737499391,0.00294214037296232
"ENSG00000291224",-0.459566084035178,0.00294791113954548
"PRDM11",-0.298893745460497,0.00294879734456154
"DIP2C-AS1",-0.591180262525162,0.00296109705364137
"RPP21",-0.270720554999598,0.00296214743658577
"FAM27B",-0.492922381351861,0.0029637451807272
"HMMR",0.384675057040713,0.0029719819623988
"RAE1",0.216727429781226,0.00297527172295302
"GNB3",-0.536063257518889,0.00297652561141756
"RTTN",0.412441086845334,0.00297682737832848
"LINC00471",-2.02457635592327,0.00297693385450834
"KIAA1191",0.229066480091479,0.0029769865030756
"NDUFV1",0.191145149189624,0.00298186878829416
"DSCC1",-0.328372481881942,0.00298397255543442
"ADNP",0.21069136394093,0.00298842782752505
"ENSG00000301382",-1.3583733810076,0.00298852157919115
"DYM",0.298928562356107,0.00299142089545187
"ZSCAN5A-AS1",-1.7660155507043,0.0029972388395647
"SAV1",0.349056602268251,0.00300217816911069
"ENSG00000282381",-0.730078571124944,0.00300583986794264
"TOP1",0.315601751330587,0.00300669723791148
"ENSG00000299295",-0.947231992566809,0.00300694811915724
"ENSG00000276386",1.17980767396024,0.00301438235576303
"RNF146",0.244480056530371,0.00301543367277012
"RIF1",0.237874656499673,0.00301682146114789
"C2orf68",-0.247767747326614,0.00302071501018192
"PILRB",0.34671922040074,0.00302092945656074
"MLLT3",0.510674006056214,0.00302251260903758
"KBTBD4",0.424491946468718,0.00302519839305229
"ENSG00000260669",0.408099390033802,0.00302549029967059
"GRB10",0.468593650933406,0.00302588563687969
"ZNF460",0.483466166672806,0.00303118653829435
"EHMT1",0.256891350013676,0.00303133355787618
"STIMATE-MUSTN1",-0.533798672850148,0.00303205573877944
"TYW5",0.299175815400123,0.00303284455373317
"CMTR1",0.238863704059895,0.00303593467677373
"GNL3",0.215577906250181,0.00303756387777527
"LINC02226",-1.45188821010205,0.00304240187693237
"ZBTB18",0.401653534922711,0.0030444941777882
"OTUD6B",0.294038780832207,0.00305384538827864
"TTTY14",-1.1993025951098,0.00305549405726356
"AGPAT1",-0.246189142821592,0.00306075374792428
"CPLX2",-0.561544856639233,0.00306264286608256
"CREB3L3",-0.289457232987679,0.00306538590971366
"ZNF774",-0.680876910281383,0.00308080151940344
"PRAME",-1.05155751805186,0.00308332550531227
"ENSG00000305936",-0.867851203007854,0.00308374122752997
"ENSG00000280234",-2.49043727296591,0.00308739370347706
"RFX3",-0.368042418659967,0.00308894197972678
"BLTP2",0.235687621935169,0.00309487389057139
"LAMTOR4",-0.267565462715253,0.00310053977687077
"VPS51",0.26191483870182,0.00310133462734511
"SPATA24",-0.667044427482526,0.00310325134059351
"PIPOX",-0.284469182061474,0.00310328353473406
"HOOK2",-0.287750499319143,0.00310452975463189
"GPN2",0.253950071233666,0.00310515830128603
"ODF2",0.212258944419129,0.00311830098351871
"GSR",0.297252016946426,0.00312156624254345
"PVR",0.206988165877944,0.00312187835138262
"ENSG00000290762",-0.315758663843759,0.00312375815125481
"ENSG00000258168",-0.454376206835995,0.00312783915358487
"CCDC85C",0.26335970659909,0.0031318696724691
"ATF5",-0.288676775138276,0.00313213733381741
"PNCK",-0.548255684506814,0.00313297685704177
"ENSG00000300051",-1.81145804945195,0.00313801948081248
"IFT81",-0.377241350870214,0.00314860324369616
"ADAMTSL5",-0.759327481886745,0.00314993685099446
"LOC124904072",-1.02809883866664,0.00315179170034155
"CAST",0.257223928060868,0.00315454402645465
"IL1R2",-0.465570146361744,0.0031613103066016
"PIERCE1",-0.465125303219164,0.00316377420196602
"ENSG00000249746",-1.32919511576836,0.00316387935703252
"FOXN3-AS1",-0.644035974719532,0.00317049743549776
"ARHGAP32",0.250754186840957,0.00317166095083588
"ENSG00000304654",-1.14200468062957,0.00318036772501753
"TMEM123-DT",-1.27324996758703,0.00318703743065156
"GPLD1",0.291638122925372,0.00318873313225789
"TRAPPC12",-0.405476540342375,0.00318893181678353
"MAP2K4",0.280521870248753,0.00319132197474965
"DIAPH1",0.276888808047853,0.00320026700560782
"ENSG00000288767",-0.75616560057845,0.00320172182670383
"WDFY1",0.190179105462904,0.00320725963460576
"TRMT1L",-0.35014273044216,0.00320914726066936
"SNX16",0.376833955442694,0.00321130816084774
"ZNF583",-0.597392748252516,0.00321247642520287
"TTLL3",-0.311020901488114,0.00321283826559519
"AASS",0.426510504471188,0.00321435403120654
"CTSLP2",-1.02051195031191,0.00321799784989518
"APLP2",0.277984463013426,0.00322035823710104
"ENSG00000197536",-0.923895124778923,0.00322153449360561
"ISM1",-1.36150201626801,0.00322807324112889
"CTNNBIP1",0.290469206664407,0.00322941889266701
"SETMAR",-0.382064388034708,0.00323720981296129
"RHBDD1",-0.354113508459155,0.00324003744617138
"RHOD",-1.03610259658077,0.00325492452260261
"DHRS7B",-0.347511981900383,0.00326199090874055
"ENSG00000228172",-1.48075793955735,0.00326368355397805
"ZBTB47",-0.486832895715286,0.00326807993257389
"ENSG00000305512",0.425156803767769,0.00327337655867335
"PARN",-0.194334555907048,0.00327949631116599
"ENSG00000247121",-0.843570225264428,0.00328331681372153
"SLC35A3",0.331604049161474,0.0032877213172214
"SH3GL1",0.273614432527775,0.00328884172565457
"ATAD2",0.19764247334806,0.00329088017036234
"TMEM53",-0.36510274233686,0.0032941275453617
"SH3BGRL",0.382638931648241,0.00329942449711054
"LINC01124",-0.618537445617778,0.00330021098075712
"SYF2",0.342132903850732,0.00330274832883582
"ATP7B",0.333862744192033,0.00330279670213331
"AK9",-0.65803939191298,0.00330453152484866
"PATZ1",0.200174963021472,0.00330601768379851
"ENSG00000269151",-0.841479013566256,0.0033083013112899
"TBC1D13",0.267372769345931,0.00331075221479213
"LYSMD4",-0.304894409500017,0.00331113950362678
"AATK",-0.503020728607327,0.00331395022487161
"TMEM177",-0.314078679452279,0.003322019926054
"PPP6R2",0.238385596053982,0.00332917413567289
"ENSG00000283189",-0.460991435401367,0.00334019709841607
"SERPINB9",0.466274633475972,0.00334189278368023
"C11orf68",0.338663454242393,0.00334380441201691
"PMVK",-0.339393333962158,0.00334617612205904
"OXA1L-DT",-0.733726122332895,0.00336011996808031
"TEX9",-0.477489220653107,0.00336239231089366
"BTN3A3",0.302625914201394,0.00336931576306383
"ZDHHC9",0.246392299101889,0.00337403591055206
"STK40",0.315438702874134,0.00337629074710631
"TTLL1",-0.726508074494516,0.00337653788108786
"C11orf54",0.318984100338941,0.00337677841794707
"RP9",0.268998697547059,0.00337930506484857
"ENSG00000256663",-0.537945731278598,0.00338537556583318
"ENSG00000299870",-1.58679996800139,0.00338713248387051
"ADD3-AS1",-0.890292661832923,0.00339011365536689
"LINC02802",-0.631695687492722,0.00339539246192758
"ANTKMT",-0.329540763175661,0.00339840242562855
"YARS2",0.284609788148148,0.00340072762533686
"PCYOX1",0.350332677974898,0.00340577340007378
"LINC02119",1.03643500307573,0.00340907301779266
"ENSG00000303387",-2.08402608960436,0.00341929985081284
"ZNF230-DT",-1.12188631332029,0.00342223427080802
"BCAT1",0.333913489428171,0.00342421793812586
"EXTL2",0.26478439248468,0.00342475466696733
"DGCR11",0.65598010417986,0.00342562003720804
"BIRC3",0.587266237230582,0.00343180548147407
"MT2A",-0.44105128042364,0.00343695402520404
"ALG9",0.344843263636417,0.00344911528881398
"HNF1B",0.400392084070207,0.00344922606559571
"USP15",0.309058590751093,0.00344987887447181
"ZNF554",-0.407579069927589,0.00345239023977783
"HSPA13",0.348223226173541,0.00345264002666897
"ABCC11",-0.500244305627688,0.00345626071934834
"RFX5",-0.338231168686152,0.00345812370841948
"ENSG00000289421",-0.78871460322237,0.00345985647085622
"ST3GAL1",-0.321059409238615,0.0034613369107776
"ELMO3",-0.327192441501265,0.00346544942721364
"ATP6V1H",0.332429256775355,0.0034665799062956
"TFB2M",0.335151328429855,0.00347079218631052
"LINC01265",-0.898343516985977,0.00348038241988602
"ATP8B5P",-1.38836633909825,0.00348136995068182
"GOLGA8M",-1.54735149761155,0.00348281713782514
"BCDIN3D",-0.50698431360266,0.00348446509517839
"TMEM242",0.285596768824779,0.00348488555904671
"LINC00858",-1.5920735857465,0.00348497788547464
"ENSG00000265254",-0.733317422768518,0.00348610105469671
"SCML4",-1.36023459155749,0.00348988212892633
"ENSG00000299582",-0.916488159591972,0.00348990513161913
"ENSG00000260391",-2.68515871027637,0.00349038886493236
"ABHD14A",-0.279864265087107,0.00349633534363555
"CLDN14",-0.46206522381416,0.00350363835808645
"GOLGA8R",-1.24118473611394,0.00350391826253081
"ENOX2",-0.457650072368376,0.00350399152129365
"PLEKHA7",0.289677429402827,0.00350540022992948
"RAI14",-0.273756501994569,0.00350735563363357
"SNRPB",0.237158066185335,0.00350962860330932
"CLDN1",0.338943916560263,0.00351282918493874
"DHX38",0.217869591270849,0.00351570672801207
"ZNF598",-0.260863693052306,0.00352063410030218
"TP53INP2",0.382298969249409,0.00352178176166295
"LOC100134368",-0.729554366476105,0.0035259506021481
"TUBD1",0.304249516038124,0.00352600708676167
"RB1-DT",-1.75344942046008,0.00352862003313908
"ZFR",0.222294159083205,0.00353201374933972
"ENSG00000261147",-3.12790593858309,0.00353202329449474
"PIGK",0.318366638204736,0.00353405069934627
"MTA2",0.223500223550109,0.00353443625647838
"PBX3",-0.36578027634137,0.00353530257759761
"ZNF793",-0.846200669161378,0.00353984011723429
"LRRC61",-0.408255573116804,0.00354034122203469
"HACD3",0.348625812767529,0.00354069129981099
"FBXO10",-0.381559150654062,0.00354315110917154
"SERINC5",0.378538845807034,0.00354970939073583
"CNTLN",-0.367812415799718,0.00355099074267772
"ENSG00000289971",-1.26962600184192,0.0035524704041622
"DNLZ",-0.552838235344873,0.00355273965624144
"APOL3",-0.596889486442588,0.00355313029646667
"ENSG00000279583",-0.315363144456683,0.00355962980250208
"COX10",0.267991301047673,0.00356028676791824
"ENSG00000228084",-1.226766478365,0.00356437400717155
"ENSG00000285641",0.773958771828708,0.00356873703950804
"PTPA",0.20443244720588,0.00357112452790739
"FPGS",-0.240736478912672,0.0035746311265187
"PCAT2",0.215068758868916,0.00357508835464561
"LTK",-2.40952604346385,0.00357655540533202
"TTC3",0.217562102882746,0.00357730472930704
"DDN",-0.89407951968928,0.0035949118041447
"ENSG00000277715",-1.4123073791162,0.00359664865655913
"PRKAR2A-AS1",-1.20097281444269,0.0035983978216982
"LSM6",-0.260165292629137,0.00359857212089018
"UBA1",0.235841119922223,0.00360218897313224
"EML6",-0.456155755558608,0.00360425207181524
"ENSG00000305318",-0.501921494775386,0.00362707049741369
"BFAR",0.248888435563546,0.00363074592958698
"RPS19BP1",0.318137495296787,0.00363233826450572
"ECI2",0.240730096199928,0.00363491131462402
"NAT8L",-0.4923765887901,0.00363538528794257
"CD248",-0.492412674395383,0.00364217078547685
"RPN2",0.288444010436516,0.00364320312772464
"LDLRAD1",-0.764873768608918,0.00364838727292531
"CCDC13-AS2",-1.34963696099862,0.00364881067715934
"POLR2J2-UPK3BL1",2.30472413479459,0.00365182267828627
"OTULIN",0.261402018420767,0.00365632807973187
"MIB1",0.236353787560039,0.00365656634954471
"LOC124903567",-1.10627439918608,0.00365741934814757
"ATP23",-0.533965077911055,0.003657794876995
"TMEM115",0.289886043182897,0.00365794860279705
"GNPTG",0.245529889796602,0.00366181072138651
"ITGB1BP2",-1.085896018684,0.0036633099745057
"WDCP",-0.320601753040797,0.00366363265193437
"TMEM143",-0.354975684473267,0.00366758569900423
"CSK",0.191625995733137,0.00366925375877022
"ZNF782",0.36574738937845,0.00367105561213539
"ENSG00000286900",-1.18050131655474,0.00367427152890308
"TMEM18",0.247273744350142,0.00367705075699146
"ENSG00000293186",0.84511557409654,0.00367940917710911
"UFL1",-0.316205546125883,0.00368192916805097
"ITFG1",0.239839358778428,0.00368511299786024
"ZNF830",0.313551108620706,0.00369029069402627
"SRD5A3",-0.317233237008768,0.00369112175140226
"SMIM29",-0.347262108169191,0.00369788487106696
"DAP",0.378780992288549,0.00369876293973581
"CFAP298-TCP10L",-0.418379664417784,0.0036996507005001
"USP34-DT",-0.609654152709633,0.00370224814853599
"RAD51",-0.251404593297448,0.00370544751326625
"CEP126",-0.582583662905351,0.00370998886342402
"ENSG00000230530",1.56260192464608,0.00371367334528557
"TUBA1B",0.312686760064495,0.00372120672863182
"SCYL2",0.238349459417815,0.00372222902175934
"LRP8",-0.365626462386775,0.00372631215759293
"ENSG00000291296",-1.31532694374654,0.00373256519081608
"SNX1",0.230579540355287,0.00373458278064275
"ENSG00000258781",2.70111375909654,0.00373670520118371
"ACADVL",-0.230408958550565,0.00374048545386288
"TMEM232",-2.35510633471268,0.00374255138060754
"ZNF18",-0.479027567560193,0.00374288391453989
"ARTN",-1.38611534848096,0.00374402114290909
"LOC100652758",-0.534042233908408,0.0037443527949703
"TUBA1C",0.280024803663109,0.00375381961842807
"SEC61G",0.417602906101539,0.00376095587094864
"OGFOD2",-0.317973345787966,0.00376827984515695
"PTPRJ",0.389954440984274,0.00376930323538641
"APP",0.26667657528343,0.00377284078590766
"ENSG00000218283",0.428177063013067,0.00377376966943715
"KANSL1",0.231429941327161,0.0037748923045858
"TCTN1",-0.315056219003949,0.00377575010955669
"ENSG00000288684",6.28327656481259,0.00377578331997568
"ENSG00000188681",2.08498000927158,0.00377919898652926
"ENSG00000261519",-1.17274059966033,0.00377941312408616
"NCOA7",0.304117016951082,0.00377996684936592
"ZKSCAN3",-0.324579104161375,0.0037879749690301
"RNF111",0.252633861182267,0.00378904320382527
"IFITM3",-0.497422272731153,0.00379569293591233
"NSUN5P2",-0.313360907526588,0.00379572364994874
"DQX1",-0.352324329140233,0.00379950052600603
"LOC107985694",-1.26837754521956,0.00380377008628085
"KMT5A",0.227224557238871,0.00381402138286425
"CERCAM",-0.333018577868489,0.00381500430490756
"NDUFAF1",-0.403545033751684,0.00382128595905403
"ZSCAN29",-0.200876280216561,0.00382525225236702
"ENSG00000272379",-0.578073647125169,0.00382550770638109
"FDX2",-0.334609496148093,0.00383556473428826
"IFT25",-0.32464252993586,0.00384819332940937
"ENSG00000272525",-1.01073690088448,0.00384866982371094
"TNS4",-1.61611329588103,0.00385121039946499
"ENSG00000261512",0.606622822768954,0.00385214602882677
"ENSG00000293751",-1.05402329536663,0.00385419280702702
"ENSG00000288866",-1.68569340190161,0.00385988153884533
"STMN3",-0.360486897392,0.00386317625684444
"ENSG00000260296",0.555629999871454,0.00386389471952423
"LOC101929577",-0.978045339221191,0.00386642777890412
"CDK5RAP1",0.244351900236892,0.0038794764803123
"FAH",-0.206714673821849,0.00388145189753477
"ENSG00000237525",-0.974017491176926,0.00388391071668879
"BEX1",-0.281204157955361,0.00389383399685565
"ANKS4B",0.311220383428952,0.00389622854815382
"STAR",-0.716492617481158,0.00389644865086755
"CCDC38",-1.30538905495147,0.00389940148377851
"STXBP3",0.264611376792408,0.00390044724729791
"CDK13",0.252010066068556,0.00390325337180667
"INAFM1",-0.373580108371991,0.00390409520115339
"HNRNPH2",0.339694853328363,0.00390527585580878
"BMP1",-0.355375160502119,0.00390909425971389
"ATP6V0A1",0.230937795843536,0.0039105234064843
"PHF11",-0.297732686408227,0.00391769515809545
"P3H1",0.245167581301729,0.00391787990159242
"HNRNPA0",0.22524362841006,0.00392088451165295
"ENSG00000226853",-1.73452289901319,0.00392461688474042
"FBXO48",-0.642722228965159,0.00393904852081722
"VN1R51P",-2.1254527327428,0.00394307868843051
"PARD6G-AS1",-0.572799048994569,0.00394386116966915
"GPT",-0.502773648386799,0.0039459971895442
"PTPRH",0.343880704085965,0.00394846298557678
"ENSG00000261487",-1.02227249788681,0.00396050677729817
"ENSG00000286448",-1.33543566275737,0.00396295238744249
"MHENCR",-0.278823601657067,0.00396822469146271
"PDLIM7",-0.270202512334381,0.00397298134578471
"ABCA3",-0.564786511886677,0.00397477462766769
"FAM186B",-1.92263870069388,0.00399192413878787
"LOXL4",-0.500754551829058,0.00399514713442674
"YTHDF2",0.218367979337792,0.00399739929425905
"EXOC5",0.201922949945633,0.00399798489143201
"NSD2",0.229381758833071,0.0039984585053054
"DUSP14",0.32280353190291,0.00399864518526104
"UQCC5",-0.30882478253764,0.00400000546592272
"ZNF280B",-0.390126772278261,0.00400154149263316
"NEURL3",-0.847027220703039,0.00400336697185575
"GFI1B",-0.925665373953639,0.00400810984354464
"ATP11C",0.343899646468159,0.00401581100207262
"FAM241B",-0.45465270110203,0.0040175147888805
"ENSG00000277969",0.442481896376777,0.00402504109225453
"ENSG00000291220",0.36209041405735,0.00403205253776275
"ZNF579",-0.249640476212819,0.00403709845802069
"ENSG00000272156",-1.99580046935273,0.00403737178224646
"UFM1",0.203083791912001,0.00403897316474689
"DLGAP4",0.204708815874249,0.00403899642289542
"LINC00654",-1.01329926028737,0.00403909836387888
"UBE2R2",0.2295078240128,0.00404978314298578
"NUP85",-0.237092508889594,0.00405216442416141
"GDPD5",0.479403762084531,0.00405480883469371
"ENSG00000298823",-1.43746362605378,0.00405722441045256
"ENSG00000236643",-1.49929711757378,0.00405783134875407
"PPIP5K1",-0.34154889342187,0.00406607403016616
"NMRK1",-0.523239921595735,0.00406617934109986
"GGPS1",0.264207382181581,0.00406751959274399
"TRAIP",0.364099909590606,0.00408682090612947
"MCPH1-DT",-0.524712340380968,0.00408893505484616
"RXRA",0.37626256956276,0.0040907364765898
"ANXA3",1.23374391130987,0.00409104564708455
"CIAO2B",-0.24658074234626,0.00409645513029553
"GALT",-0.361129512052383,0.00410941356212035
"LRBA",0.220345617412237,0.00411275277333563
"CADM1",0.40410092187949,0.00411303105966939
"USP28",0.24317671107396,0.00411456760675946
"DTX4",-0.874561341347758,0.00411496770733565
"SMC1A",0.248059931696005,0.00411613812782296
"EXOSC2",-0.283683677719661,0.00412785811517389
"GGT6",-1.09931780359038,0.00412787541131037
"ENSG00000299324",-1.43039316641312,0.00413565283831204
"GOLGA6L4",0.320837521948888,0.00413818796033978
"KAT6A",0.211921868658152,0.0041383613427013
"SMPD4BP",-0.261530085588978,0.00413878839448453
"NAV2",0.307681907303134,0.00414057386427644
"ENSG00000280007",-0.59968006922422,0.00414337305032979
"CSRP2",-0.78623745713968,0.00414551630623771
"ENSG00000273007",-1.00292899240028,0.00415209932804956
"SHMT2",0.264974011915138,0.00415686602958395
"ENSG00000295667",0.892043061246993,0.00415763884319665
"FANCL",-0.288174796585891,0.00416103484928609
"SNX27",0.23571946030838,0.00417542298607329
"ANKMY2",0.24026823003472,0.00418059993404184
"SUGP1",0.207901623656765,0.00418278924970734
"FGFR1",0.386519051123482,0.00418624652685346
"CLCA4-AS1",-0.802606777117896,0.00418636224270746
"TECPR1",-0.227998409418621,0.0041872131747697
"TIMM8A",-0.38142038133901,0.0041897997045138
"ENSG00000233203",-1.24211504203391,0.0041915556297678
"ISOC1",-0.255199298698234,0.00419777221231058
"DLGAP4-AS1",-0.709856060323355,0.0041977886991653
"H3-3A",0.239531207526591,0.00420667536835755
"PDAP1",-0.329371720093159,0.00421256499990997
"LOC105378305",-0.798574889204989,0.00421442082876156
"PPM1N",-1.4020004258141,0.00422057236952545
"PIEZO2",0.300013751786983,0.00422081739869835
"C10orf95-AS1",-0.272889506935216,0.00422965426691017
"GPR3",-0.657140006626825,0.00422986713491148
"RBM14",-0.222116588714274,0.00423172784506358
"IQCK",-0.38066158433861,0.00423433118565607
"SVIL-AS1",0.257451605744947,0.00423555242867043
"ENSG00000279337",-1.76739733058439,0.0042427542059602
"MTRF1L",0.348209757710495,0.00425181735963458
"TCEA1",0.196796133373717,0.00426074499729642
"ZNF75A",-0.743637520416501,0.00426550921074393
"TIPARP",0.34605384612005,0.00426565384936867
"MLEC",0.235490465517512,0.00426776408100562
"LINC01806",-0.769548532834787,0.00426799336719107
"UBE2N",0.253836349765066,0.0042680476962281
"ATG5",0.24415576024252,0.00427306101669776
"TMEM182",-0.39260228537044,0.0042758650013561
"TCEAL1",0.296164335065199,0.00428381230984658
"DBI",0.264109081614882,0.00429250238121817
"CIPC",0.369667987615501,0.00429946897013532
"ENSG00000273361",-0.977451746868477,0.00430222492988765
"MOB4",0.274925852974942,0.00430801899907032
"ENSG00000279544",1.34164678118786,0.0043130089993162
"TMED1",0.253091809041794,0.00431329786722159
"CIC",0.272965185880043,0.00431986474485161
"NUBP2",0.205938007208511,0.00432285503254237
"ENSG00000294537",0.855994016519697,0.00432312491654447
"SCAI",0.418343125421809,0.00432511271652478
"ZNF385C",-0.662851853607477,0.00432754958810543
"MPND",-0.281876717111538,0.00434376695042134
"ADAR",0.298106170692337,0.00436493251933389
"CLTC",0.249393726211623,0.00436844479828216
"ENSG00000247853",-2.05360410110414,0.00437916114361871
"RPL22L1",-0.355423284618017,0.00437982439208897
"SETX",0.217498056255599,0.00438167049936571
"AKIP1",-0.380768146110445,0.00438199157139023
"TUBGCP2",0.223984570427444,0.00439318386775131
"DNAH14",-0.353124149499985,0.00439944262071328
"GREP1",-1.18876676119315,0.00440145869071249
"ENSG00000271420",-1.2078256777265,0.00440169705654209
"CSNK2A2",0.234500771459664,0.00440340926756095
"HM13",-0.287094502271243,0.00440605580366152
"TMEM42",-0.324725622166756,0.00440705247496707
"ST3GAL2",0.220288958544889,0.00441445976964042
"EMD",-0.269873872765724,0.00441975253068712
"PRORSD1P",-0.39838437118017,0.00442030655589415
"TBX10",-0.525837520075156,0.00442232363013213
"SYNE4",-0.318142798751393,0.00443250985243782
"VPS13A",-0.260310206788043,0.00443455573274934
"ZNF112",0.418415123641968,0.00444289919445037
"PALS2",-0.336280564989872,0.00444618599314044
"PGBD2",0.325306325885657,0.00444751647044433
"ENSG00000289689",-1.65085226857373,0.00444951814689873
"BAIAP2-DT",-0.537732748205509,0.00445094343636453
"SLCO4A1",-0.217132365848162,0.00445195743989011
"TUBB",0.339479099918986,0.00445533526629044
"PTS",0.311852135142293,0.00445621557738901
"ATG9A",0.273325464234729,0.00446380796099009
"ALDH3B1",-0.768294745323361,0.00446988091092137
"ENSG00000228509",-0.682270290498075,0.00447282503982765
"SLC44A4",-0.424938803412766,0.00447589507405604
"PSIP1",-0.254164606393307,0.00447666257932319
"TMEM216",0.235956617455967,0.00448602877171941
"PARP16",0.417712639245924,0.0044879105499283
"LOC389831",0.98003019166614,0.00448955863810073
"CROCC",-0.222141676414145,0.00449476680313421
"DBNDD2",-0.558480955997073,0.00449513056731226
"LINC01012",0.346587326718174,0.00449716847570982
"ZNF367",-0.327382734784126,0.00450507940154512
"CDIP1",0.245114119950793,0.00450822192153903
"RTN4",0.259867520871061,0.00451840089969765
"TMOD4",-1.28770469276449,0.00452368255480768
"PEX26",0.197866155023299,0.0045257640015924
"ELP6",-0.25611259042165,0.00452658551298972
"DDX17",0.242217864079009,0.00453452217949638
"IPP",-0.477044809902266,0.00453851870147037
"APH1A",0.283648862300011,0.00454244586596249
"PANO1",-0.871353220554012,0.00455106141229331
"FRG1-DT",-1.21403125186382,0.00455149717764759
"SFXN5",-0.304347749756075,0.00455211133959731
"NDUFB11",0.255415577736974,0.00455791986072373
"ENSG00000225650",1.81644001684421,0.00455806294726393
"DNAJA3",-0.24600875629696,0.00455959069314157
"SH3GL1P1",0.724083306813096,0.00456404175463794
"ENSG00000256073",-0.540565597015515,0.00456525928780866
"ENSG00000293470",-0.427591464313338,0.00456543359157612
"WDR3",-0.246284465270272,0.00456635017416833
"PCCA",0.263490414305815,0.00456708275982248
"ABTB2",0.318163383368941,0.00457545253530835
"LOC105377267",-1.05329963279869,0.00458582511317718
"SLC12A5-AS1",-0.929553023121144,0.00458791939645017
"CMIP",0.27670627519998,0.00458896813257004
"POT1",0.304287676479774,0.00459702748466131
"H3C15",1.28867130693242,0.00461254860646658
"GNA11",0.228194248770757,0.00461377835962492
"SPARC",0.390409598115827,0.00462806002968104
"CHST14",-0.28144079855679,0.00463519678032359
"CCDC47",0.277363746467963,0.0046364219029962
"ENSG00000305313",-0.932325352263743,0.00463698136931463
"CPSF6",-0.192818621773191,0.00464362466554155
"H4C12",-1.43085433100523,0.00464822337829723
"SP2",0.271631517555049,0.00465341049917824
"ATP2A1-AS1",-2.34413383218634,0.00465676047369769
"JOSD2",-0.646048949239247,0.00465752574638475
"ENSG00000309226",0.618330173439215,0.00465769810730607
"MAN2A1",0.316259700896212,0.00465894181884065
"DMKN",-0.310507733468503,0.00466125751466325
"SLC10A7",0.369878549706772,0.00466248435576906
"DHX33",0.300119253040267,0.00466363088947415
"CYB561D1",0.364278354120192,0.00466516564604458
"ENSG00000267571",1.06671678435058,0.00468151684130764
"OSTF1",0.333675710039399,0.00470039784294614
"IRF1",-0.391727995570306,0.00470209458683017
"ENSG00000300349",-1.27419446434478,0.00470639404444411
"PLRG1",0.209785493245717,0.00470835893652763
"ENSG00000298510",-0.503102713107528,0.00470876314442622
"WDHD1",-0.233163302941034,0.0047155366514361
"TP53BP2",0.276324928298758,0.00471612710623085
"SPRED1",0.29837457110696,0.00471962542164361
"ENSG00000267769",-1.65527502716632,0.00473947828259043
"LINC02249",-0.455672515801409,0.00475709155804259
"LOC105378353",-0.89055788449236,0.00476364055707581
"LOC107987142",-0.631810563511054,0.00476538402801629
"EIF4E",0.208837703416153,0.00476949107995164
"ENSG00000284707",-0.800814723625449,0.00477188329409006
"MPLKIP",-0.2355160558951,0.00477201715313863
"CCDC68",0.425915636454526,0.00477772071671932
"ASGR1",0.24713835378929,0.00478128063501925
"ENSG00000260534",1.41509961464907,0.00478381956001318
"RGS12",0.330988831764874,0.00478421972183145
"BMAL1",0.393525412896392,0.00479150559602954
"ERI3",-0.283047872140745,0.00479434126142348
"MTCP1",-0.493855750809981,0.00479717925204542
"MAOA",0.354442190195071,0.00480387546737191
"E2F4",0.202915675578455,0.00480582028671321
"LOC105379047",2.73683258991513,0.00481030527908341
"GSAP",-0.349448626938348,0.0048138110158784
"UBC",0.283584137268386,0.00481851992745436
"MAFK",-0.292649756646876,0.00481880321383048
"LINC01036",-0.919615019492322,0.00482089604375777
"GLG1",0.350158765905185,0.00483049250617743
"NUMBL",-0.450611517675489,0.00483645459453633
"GALNT6",1.70527951852608,0.00484194761119115
"CNBP",0.217650893221419,0.00484757459786769
"DNAJC12",0.554508991362463,0.0048700847760317
"ENSG00000295746",-1.69397758219261,0.00487428036426623
"ENSG00000203392",1.36930068370885,0.00487796621574209
"GRIPAP1",-0.194433440848886,0.00487894745740864
"ZNF493",0.336186751268221,0.00487934205625883
"WASH6P",0.290443055075739,0.0048824902155325
"RPS6KA2",1.32645534525255,0.00488290663907613
"TWF1",0.288852202422014,0.00488743224814701
"DBN1",-0.392526481100062,0.00489418196437586
"LINC02363",-0.850785463013316,0.00490270481189036
"ZC2HC1A",0.356767876877465,0.00491554587545664
"DYRK1B",-0.459894028837081,0.00491659309060142
"NME4",-0.268489020957706,0.0049169655015115
"RNASEH2A",-0.241906469873897,0.00491802937019693
"RALA",0.259422951071314,0.00492389141315399
"MAP2K1",0.282260716497869,0.00492674843487933
"USP16",0.193782073882038,0.00493807164209326
"LETM2",-0.702420756004935,0.00493820731232343
"PGP",-0.215780783442338,0.00494012513519147
"ENSG00000285571",-0.599230910883701,0.00494167793261719
"PTBP2",0.324018664581574,0.00494217601805853
"TRAPPC2",0.393620986057276,0.00494781070428163
"C17orf67",-0.68393998502366,0.00494869544942867
"LRRC47",0.212984333507377,0.0049518419922106
"NEMP2-DT",-1.47516724913161,0.00495268724011131
"CIDEB",-0.364191870093234,0.00495902064287864
"ENSG00000286263",-1.52127664287489,0.00496653816362106
"DET1",-0.509502600724757,0.00497043597060523
"ITGB4",-0.313439984351161,0.00497882111612987
"PREP",0.233829323394143,0.00498061667321923
"ENSG00000259623",0.38043783457421,0.00499189355829677
"CNOT10",-0.236955594737873,0.00499669848768206
"PTCD3",0.213489853460799,0.00500014267193369
"PEX5",0.202366052727123,0.00500034904010639
"BCO2",0.895370126454991,0.00500153503637044
"TIGD6",-0.6439582692081,0.00500792739680811
"SPIDR",0.237181699337641,0.0050127482029931
"LY6G5C",-1.1592464846328,0.00501625888346231
"TBCB",-0.237012538722048,0.00502002641322111
"RRP1B",0.20811019591521,0.00502339883358476
"HIBCH",-0.277144812274978,0.00502437445007989
"ENSG00000273306",-1.07032398413,0.00502521803977034
"INHBB",-1.05005075861044,0.00502780925728292
"TRIP11",0.233816459333564,0.00503141266971143
"H2AZ1",0.234001864663269,0.00503233508078592
"TENT4A",0.224355361323082,0.00503239711552117
"KCNJ14",0.944023905496249,0.00503798517370062
"ACAA2",0.233826752012297,0.00503926651872507
"MT1X",-0.491319143020303,0.0050488471883268
"GLUD1P2",-0.608289031170217,0.00505002406314513
"CDC37L1",0.269279597735491,0.00505652186110588
"CEP78",-0.240550168196124,0.00505939416495133
"IL1RN",0.442552606623193,0.0050642078463731
"EBLN3P",0.193049050630289,0.00507640709058867
"ATF6-DT",-0.745743933110035,0.00508037191096308
"ENSG00000308230",1.10184159228487,0.00509576942294543
"CAPN10-DT",0.309634798080647,0.00510667251385038
"BCL2L12",-0.230932832225538,0.00510717926114186
"ENSG00000287759",-1.2675415332356,0.00510945570314124
"ICE1",0.219727423006217,0.00511060546996247
"PDE7A",0.239867218153865,0.00511418207618084
"TFIP11",0.249069167239857,0.00511469569429248
"PSMD1",0.201395162657411,0.00511569098115621
"ARMH1",-1.58112927870174,0.00511615809894754
"FANCI",0.328434017063668,0.0051248043794905
"RTEL1-TNFRSF6B",0.363341866649301,0.00512831119475849
"ANKRD13C",0.227011979193619,0.0051292229133757
"AP2S1",0.255274157296172,0.00513954684200898
"CDK12",0.228409735600379,0.0051444189354116
"ABCA7",-0.3819997661369,0.00514511989886532
"UPP1",-0.545139067910341,0.00515095143424597
"TMEM64",0.458506843185795,0.00515193757967362
"ENSG00000291073",0.291636026142536,0.00515316445166309
"INTS15",0.227552137524325,0.00515641011739289
"AHI1-DT",-1.22152504527884,0.00515799009030882
"QSER1",0.23261520805115,0.0051675143568033
"SERPINE1",0.46164365601098,0.00517796764257945
"ZNF347",-0.51291415794929,0.00518116601330549
"LINC02980",0.397100553014977,0.00518139443543488
"ENSG00000273456",-0.766473860245759,0.00518162112147694
"ENSG00000281332",0.539887252543403,0.00519124537983233
"KLF6",-0.286708651993429,0.00519491914698892
"SDHAP4",0.288839419856864,0.00519530120790597
"SNTB2",0.260668856453356,0.00519566890724199
"NEK3",0.431531275022502,0.00519786685485539
"FEN1",0.245631895185447,0.00520247163679304
"BTN2A2",0.276969805247564,0.00520524508160856
"MAP3K2-DT",-0.315511111561486,0.00520557366732143
"P2RX4",-0.303711873620035,0.00521409702091234
"TMC8",-0.752379474218695,0.00522215086333755
"ENSG00000289151",-1.25268455117081,0.00522783633855692
"GLOD4",0.201108896766868,0.00523161211428946
"LINC00881",-0.65310156975608,0.00523275957966549
"PITX1-AS1",-0.535814009678557,0.00523437160286628
"COMMD9",0.340336550650635,0.00523866205698108
"ENSG00000289009",-0.701694606148865,0.00523901236470837
"YWHAH",-0.279874205407135,0.00524261548840677
"WASH3P",0.289330753629664,0.00525543585658918
"ENSG00000280195",-0.736211604386266,0.0052671073144148
"FAHD1",-0.313525364644495,0.00526956207540709
"TMA7",-0.287311017134184,0.00527336305328625
"ANKAR",-0.576127861307962,0.0052829501735964
"SCAF11",0.181506990903171,0.00528626716474532
"COQ5",-0.326990822926773,0.00529674701200397
"ENSG00000289018",-0.948972555437953,0.00530728099317945
"CX3CL1",0.306317698468291,0.0053107723041775
"BAD",0.301781445171532,0.00531395345517327
"TMEM81",0.71010236441009,0.0053171017685752
"ENSG00000183929",-1.07977376884488,0.00531716203095789
"RUNX3",-1.21775304059229,0.00532556085728558
"TOP1MT",-0.286677248244522,0.00532649734344259
"TEX264",-0.255361586462189,0.00533860330034506
"RMI1",-0.282757560041134,0.00534103684909696
"PANK1",0.328934520267977,0.0053487262733329
"SEC62",0.348354374709236,0.0053523690567506
"TRMT61A",-0.294711919377021,0.00536611369663482
"PPM1F",-0.208899447681061,0.00537757562485688
"ISY1-RAB43",0.454299685178519,0.00537779913176833
"ENSG00000273154",0.510807290305534,0.00537841243160262
"ENSG00000176912",-0.401291316840766,0.00538062482122089
"ERCC6L2-AS1",-0.543435104773078,0.00538078067034725
"MORC4",-0.446109028123959,0.00538179608690049
"CNIH4",0.296019813408547,0.00538341964626998
"KEAP1",0.23442666955485,0.00538695310482725
"C1QBP",-0.260814436451319,0.00540816875337341
"ENSG00000225905",-1.0969407522847,0.00541095391699884
"ERBIN",-0.233988304277266,0.00541310540865269
"ENSG00000280402",0.738130872578545,0.00541575003189673
"VDAC2",0.292436442537356,0.00542162732514694
"ENSG00000260526",-0.712094588327233,0.00543104834256815
"ENSG00000272529",-1.07351959512119,0.00543161557387684
"TRMT61B",-0.227094009945317,0.00543219374046867
"SLC10A4",1.42480458852717,0.00543781249337547
"NUP62CL",-0.513140186487581,0.00543892033055218
"LOC105374852",-0.836261348124306,0.00545152703851288
"ENSG00000278384",-0.353317138555248,0.00545684265162008
"LOC100233156",-0.244273627726429,0.00545870645145465
"LDAH",0.22592826027775,0.00546281674817147
"LOC107987095",-0.869795858099343,0.0054651750955901
"ARL4A",0.448709966337914,0.00547245812442926
"ZHX2",0.305838777051298,0.00547904507309746
"TMEM106C",0.219464923142868,0.0054815721642611
"CDC7",-0.277301647808379,0.00548194591963775
"ENSG00000289094",-0.931376329979691,0.00548433632637423
"NEPRO",0.195581085859548,0.00548763715208575
"GAL3ST2",-0.654089809360319,0.00549837448735464
"PGPEP1",0.230611689038283,0.00549892543826002
"COLEC11",-0.47682964175699,0.00550522807751974
"ACP2",-0.284078729707083,0.00551364633179134
"ENSG00000267731",2.43904669979454,0.00551464095428575
"RABGEF1P1",-0.25631242078675,0.00551493910985462
"ENSG00000297814",-1.15721595218456,0.00551751752791062
"ZNF281",0.226573670968933,0.00552105237086589
"C3orf33",0.326505280932054,0.00552263428779263
"NOP9",0.229629122877992,0.00552944889263271
"ING2-DT",-0.782884705363868,0.00552985274554642
"KIZ",0.269359517401963,0.0055365007473505
"DERPC",-0.477036926708771,0.00553838900368695
"AIDA",0.259738631427413,0.00554119373649698
"HTR7P1",-0.947388190404626,0.00554189485772444
"PA2G4",-0.281889639256187,0.00554291952197222
"ZNF398",0.296280909618209,0.00554817651429804
"PRAF2",-0.683901407283548,0.00554894829717093
"CASK",0.271020488364403,0.00555001622209589
"GPATCH1",0.270345832005138,0.00555328725869547
"CCL20",0.66787105369721,0.00555355461470333
"ATF7IP2",0.335638634333071,0.00557569768057732
"CYP17A1",-1.00324198379375,0.00558329676332339
"C12orf60",-0.785096407315409,0.00558791686701337
"SF3A1",0.248358832255857,0.00558997969003658
"MDH1B",-2.09860058526207,0.00559125353573926
"ENSG00000304967",-0.987496990723513,0.00560607585509508
"LOC105379271",-0.820773388459574,0.00560751577999756
"BMP8B",-1.01366873360293,0.00563026330037254
"MIOS",-0.304590391430534,0.00565135840052175
"EXOSC5",-0.293079402090484,0.00565254158534168
"SEC24B-AS1",-0.826133361089672,0.00566631910149265
"ENSG00000296265",-0.902619803259118,0.0056670163477603
"LETM1",-0.200569618200461,0.00567114161218675
"ENSG00000273139",-1.21192954326297,0.00567778933912152
"MANBAL",0.213861068243243,0.00567995407295379
"LOC124904039",-0.705919006477027,0.00568736113177345
"NDUFAF8",-0.238091401666533,0.00569114996042995
"EPHA1",-0.415451946291173,0.00569321026036369
"TEF",0.51080339859399,0.00570128677024794
"ENSG00000290318",1.11425498199323,0.00572213710877607
"ENSG00000184208",-1.33296883970931,0.0057278742953528
"PROSER3",-0.414374908911207,0.00572874346413152
"EBNA1BP2",-0.331342563222631,0.00573695474990729
"VPS41",0.212184365649063,0.00573887222301844
"E4F1",0.263710319383733,0.00574329825546364
"ANGEL1",-0.279486183571542,0.00574550196576125
"RABGGTA",0.366786367881275,0.00575174216031412
"ENSG00000271936",-0.655310525680527,0.0057577208265086
"OCLN",0.24304463538282,0.00576549763861118
"SARNP",0.290990832171213,0.00577092255604157
"COPS3",0.245491620479544,0.00577212577175178
"ENSG00000286050",-0.928128250813969,0.0057771327985525
"SMYD2",0.26225410071783,0.00578795601947484
"HDAC8",0.252390279160444,0.0057918477802266
"EARS2",0.229561522958484,0.00579446579272356
"NAP1L4",0.177217211656615,0.00579493851115528
"ALG12",-0.241535724873686,0.00579496003500664
"NAT14",-0.340953764807353,0.00579669155418608
"ENSG00000267001",-0.911888065656678,0.0058000228201237
"ENSG00000250838",-1.34667216565682,0.00580851056298231
"UPK3A",-0.485118289905494,0.00581299102574606
"ENSG00000288926",-0.61685085856884,0.00581795927097408
"ENSG00000288764",-1.09127580301056,0.00583103068478569
"CXCR3",-1.65072868650011,0.00583424187451201
"ENSG00000306878",-1.10869222566143,0.00585272513070704
"LOC105274304",-1.03140832907362,0.00587914600330079
"PDSS1",-0.330775788576366,0.00588631005884757
"TSPYL4",0.266670320553946,0.00589773237905247
"CEP85",0.21188509881097,0.0059002060026056
"SH3PXD2A",-0.235639272619429,0.00590564041670459
"TSTD3",-0.50978946717098,0.00591605003116931
"ENSG00000270872",0.635415895193815,0.00592932621444735
"CDPF1",-0.467879989391737,0.00592963874472013
"ENSG00000229539",-0.471386052624123,0.00594298960092141
"ENSG00000278949",0.706074320103497,0.00594320991614664
"ZSCAN12",0.274926020635986,0.00594818042812472
"KLF9",0.369498655601137,0.00595166395613247
"TMEM131",0.28965172799279,0.00595679157633933
"UBE2L6",-0.244417749975188,0.00596320073394657
"ZBTB17",0.25674998483764,0.00596915892017683
"RGS2-AS1",-0.737919154819685,0.00597176822997497
"ENSG00000306320",-0.806474321768024,0.00597308156091645
"ALAD",0.231490483451327,0.00597415513660456
"SERINC2",-0.346491404201311,0.00597789849332008
"ENSG00000295221",0.795466473342685,0.00598044810764584
"SETDB2",0.267962732601534,0.00598200202900195
"ENSG00000298852",-2.51354362456703,0.00598702700333835
"ZNF721",0.221329843618345,0.0059907797783487
"RGL3",-0.354248955917855,0.00599528229501066
"TRAM2",0.212582166469513,0.0059994248863911
"MAP4K2",-0.277165962330919,0.00600171382112191
"ENSG00000310535",-1.35689180554147,0.00600225377506055
"SPRED2",0.214562311852982,0.00600735916455884
"ATP5MF",-0.287045926522121,0.00601992934340383
"MOSMO",0.241871456468283,0.00603221772827961
"SEMA6C",-0.349966923913526,0.00603578227270862
"PHKA2",0.306033353674829,0.00604101314485291
"DENND1C",-1.00998611076695,0.00604719331793003
"DPH7",0.221568629825626,0.0060495158657152
"YAE1",-0.275364332949877,0.00605372671356514
"ZNF689",0.254847394704354,0.00605892016941056
"NPTN-IT1",0.8904086283776,0.00606601367946233
"MYLIP",0.536046400151124,0.00606968925735811
"GXYLT1",0.344297423324086,0.00607150144360378
"ENSG00000306685",-1.34515777136792,0.00608284266986344
"AGAP4",0.298371265842169,0.00608440988974248
"SLC25A6",0.377466540980434,0.00609509625033941
"DZANK1",-0.446424674104813,0.00609561816712155
"NADK",0.190304756243959,0.006103472205722
"CENPW",0.355042455770032,0.00610558981120782
"NME1",-0.323403126409795,0.0061203235067018
"PIK3C3",0.296894223072682,0.00612045737016997
"MRPL49",0.294690648261239,0.00612846469427206
"ERV3-1",0.227640626913968,0.00613543337537953
"ENSG00000267096",0.797576797011766,0.00613599275980605
"STAG3L5P",0.219731448211669,0.00613609228773906
"C6orf120",-0.189429265479346,0.00615986894467089
"NOD1",-0.46782708005695,0.00616302883255472
"ASPDH",-0.479350762344433,0.00616454562583795
"TBC1D15",0.261413899184668,0.00617271592819413
"MRPL20-AS1",-0.256696250754683,0.0061741591031661
"ENSG00000299654",-0.404049545338217,0.00617939255523422
"POLR2A",-0.274997153841739,0.00617958183380332
"DCAF11",0.214300248245353,0.00620089360603932
"SGMS1",0.338261810278554,0.00621085721069145
"BEST1",-0.874042149127225,0.00622034897019886
"ENSG00000290146",-0.955276500634134,0.0062239120544484
"TMEM65",0.256202180593072,0.00623054942350762
"DUSP3",0.322896956706106,0.00623096888613369
"ENSG00000224086",-1.22137291700258,0.0062413284307276
"H1-4",0.71583799829011,0.00624222279856347
"SSNA1",0.25382184782149,0.00624362714657157
"RAB40C",0.241190068812383,0.0062453067916257
"CCDC102A",-0.66059325067718,0.00624970013793699
"ZNF526",-0.319244391236285,0.00624975686420247
"TMEM107",-0.463705160360211,0.00625901785838517
"C4orf36",-0.762608989485815,0.00626663050317094
"AGPAT2",-0.6048250650293,0.00626777832684173
"SARS2",-0.271933116115965,0.00627671688812586
"RPGRIP1L",-0.354672054805713,0.00627690885289068
"RHOBTB2",-0.287482308609478,0.00627700325663039
"ENSG00000289100",-0.41856652716143,0.00628186413272444
"ENSG00000295436",1.38815026039534,0.00628667372711293
"ATP9B",-0.304445495707983,0.0062879135782576
"FAM72D",0.326046532816562,0.00629496627411125
"KCTD13",-0.27753512083704,0.00629648921695581
"PLEKHA8",0.201975358129945,0.00629960542823712
"ENSG00000270000",1.49524696127215,0.00630161809586073
"LOC100506235",-0.81822136985829,0.00630288244931908
"LINC02766",-0.827323033904507,0.00630302304887156
"SLC37A3",0.263984932711165,0.0063114435536145
"FAM32A",0.248486574144274,0.00631202396526489
"KRTCAP2",-0.260261515152268,0.00631275368741968
"TUT1",-0.21692245824408,0.00631482203726501
"FANCG",-0.330797912936342,0.00631933492126862
"LOC124902473",1.93412681129604,0.00632748510453928
"CFAP157",-1.78879088722744,0.00632786998721667
"LINC02889",1.53967862914648,0.00632805521264443
"CTSA",0.253365276109512,0.0063349460628224
"ENSG00000214425",-0.725757792654758,0.00633645636475441
"PDLIM3",-0.477117392929281,0.00634856046468356
"COL7A1",-0.477613600046363,0.00635121364455516
"PDCD11",-0.302075481321475,0.00635527759158493
"ENSG00000284292",-2.65035836770659,0.0063564051153606
"ENSG00000244300",-0.503535485038862,0.00635653784220887
"KNTC1",-0.326453479016451,0.00636354284727609
"ENSG00000295329",-1.25247877282717,0.00636418008046756
"ENSG00000289365",-1.17355038151808,0.00636612325313483
"ENSG00000224961",-1.27521897044816,0.00637103579555874
"DCTD",0.186130623204436,0.00637667391289085
"TRNP1",-0.623519111722672,0.00637678906264022
"LOC105377224",-0.901538647420863,0.00637936204239281
"ALOX5AP",-0.765265574716972,0.00638236357723065
"ZPLD2P",-0.487865746795434,0.00638874457293002
"TYK2",0.251929469062237,0.00639934125694634
"ENSG00000230337",-0.696554606012366,0.00640330243803971
"UHRF2",0.235888056910458,0.0064097192964604
"DUSP15",-1.1031620403338,0.00641053583018222
"ENSG00000273047",-0.491856148023137,0.00642371290553899
"LPXN",-0.637138976089441,0.00642545068426682
"CDNF",-1.35526709960528,0.00643146913311371
"FBLN5",0.3866876544558,0.00645198064463133
"AK7",-0.713627538573735,0.00647721329490666
"ATF7",0.253123006720884,0.00648358063686159
"NUDT12",-0.430352358539243,0.00648980065055308
"ANKRD36",-0.458262028269152,0.0064976573372946
"DDIAS",0.325586162163518,0.00650471530444092
"ACAA1",-0.186283762311675,0.00651058863349165
"ZBTB41",0.396503880420804,0.0065167215043532
"HMGN3-AS1",-0.678404995831816,0.00652004362606761
"EIF4H",0.228786489928596,0.00652103580806671
"B4GALT3",0.252475626662736,0.00652297336743892
"CELF1",0.221442528666595,0.00652327456469951
"SCAMP4",0.206483265211773,0.00652492169321796
"JSRP1",-0.680294033247285,0.00653403318719232
"LOC107987440",-1.84441196562478,0.00653482291164102
"B3GAT1-DT",-1.15228028794405,0.00653714982553623
"ENSG00000273265",-0.442658608174845,0.00653885552335399
"NUDT22",-0.284341240261768,0.00654397650499882
"FRMD6",0.455106603424406,0.00654476774213557
"ELOVL2",0.199715511242347,0.00656337199040208
"TAT",-0.412048014215411,0.00657099981658751
"PACS2",0.226034656173381,0.00657740845691826
"CMTM4",0.245281681382741,0.00658250356645042
"PARP1",0.229138066806806,0.00658986898068002
"ZNF232-AS1",-0.652846633963148,0.00659180961107824
"CSNK2B",0.236018475803095,0.0065932599596681
"TMEM187",-0.467259620144927,0.00659516881943018
"EML2",-0.367022236127063,0.00661047210783656
"CCDC34",-0.236380958778936,0.00661349188635374
"DBNDD1",-0.415962053901639,0.00661381738632851
"ENSG00000297626",-1.31806654570708,0.00662513156993327
"SLBP",-0.211746738615294,0.00664210347771419
"NUAK2",-0.795375002808849,0.00667484285827517
"ANKRD13D",0.2637600020324,0.00667804176529679
"ZNF92",0.267388661651816,0.00668395233570544
"VIPAS39",0.290108240067219,0.00668474987720534
"TIMM10B",0.250577399353321,0.00668813643134026
"ADCK2",-0.301721455475963,0.00669556536562165
"C7orf25",-0.835735833336733,0.00671511582532346
"FBXO17",-0.389796437669224,0.00671634701256434
"DROSHA",-0.368170464678439,0.00672485394012403
"CNNM4",0.263546585346975,0.00672794838375347
"TFR2",-0.272867010082677,0.00673157800637447
"LOC100996437",-0.380759336365123,0.00673839944574223
"NSDHL",0.347027966976997,0.00674517542935384
"AKAP3",-1.4388247048003,0.00675496291011491
"PPP3CB",-0.278421155457636,0.00676741277594863
"ENSG00000260604",-0.994513259482267,0.00677271749530175
"MACO1",0.255643987823304,0.00677845354173353
"ENSG00000308086",-1.23938728971316,0.00678011647963308
"FAM24B",0.449772771891348,0.00678827021175884
"NR5A1",-0.195774403559882,0.00680081034683641
"ZNF845",0.305689790566789,0.00680420677482543
"RGR",-1.21030241676777,0.00680464296011033
"ENSG00000293234",-0.413789940263603,0.00680985542193769
"CLN8",0.259239298144567,0.00681304507212875
"FBXW7",0.315267167977122,0.00681367589925591
"DDHD1",0.23060110326161,0.00681796297873936
"ENSG00000297294",-1.18694656345713,0.00684646129951951
"ENSG00000260105",0.475502663963173,0.0068503484421806
"NBN",0.234296572168053,0.00685872073285148
"LIMK2",0.214586371211742,0.00686267081628839
"COPS2",0.24084402002865,0.0068653089199884
"SYS1-DBNDD2",2.03349994556763,0.00689684050648881
"SLC25A4",-0.287646812725973,0.00689995133229545
"RGPD5",1.07706391054619,0.00691535592126863
"DARS1-AS1",-0.709788769341384,0.00691570801817082
"ENSG00000214248",-0.664155932099183,0.00691679385507835
"ENSG00000261829",0.692582868028931,0.00692415828051446
"SLC2A8",-0.368114718649302,0.00692597790723109
"BECN1",0.218970049319575,0.00693548895541811
"MECP2",0.221814490576583,0.00693805121343949
"MSRB1",-0.242955147358685,0.00694225350114118
"RAB7A",0.272709212214655,0.006944089777909
"TTR",0.304266505959939,0.00694498025279572
"PGD",0.22873109205902,0.00695280875918114
"RSL24D1",0.299033857340433,0.00695462393465764
"SREK1",0.230572917388651,0.00695594840778069
"C16orf46",0.390068349761137,0.00696907371941727
"COPS4",0.269679457680661,0.0069715704700872
"CCND2",0.85568342442691,0.00697688236487615
"BPGM",0.459884452805603,0.00697838155674134
"SYNRG",0.279338363301725,0.00697987551169879
"ABCC5",-0.26917458279379,0.00698843138196391
"NAA16",0.270571789641472,0.00699428677534789
"NOP14",-0.243572977120981,0.00699996732527261
"RASGRF1",-1.24035420151268,0.00700803746993636
"JAKMIP2",0.4386702061584,0.00700943647552277
"ATP8B1-AS1",-0.527965947938977,0.00701144377537401
"ENSG00000287170",-0.90525927177534,0.00702016828000598
"C2CD2L",0.291099752724821,0.00702439430612283
"CPEB4",0.346611145297226,0.00702619463901916
"SEC63",0.29281520581535,0.00702737084083327
"LINC01482",1.647927505494,0.00702737225314994
"GJB1",-0.30644412450635,0.00702901802421328
"DCLRE1A",-0.222439074144327,0.00703399468158898
"PGGT1B",0.222926841923262,0.00703609322816424
"GGTLC3",-1.83409418091344,0.00703944632792085
"CRB3",-0.321859157474019,0.00704048217105022
"ENSG00000269846",-0.997272593310165,0.00704062081149308
"XKR8",0.355180852372438,0.0070490083735179
"NFIC",-0.232449352275776,0.00704957460741281
"CTDSPL",0.435130300554626,0.00705244808202447
"EVI5L",-0.347268111278444,0.00705935914949575
"ENSG00000300114",-0.993105292935708,0.00706100962019092
"SRRM2",0.298066857700964,0.00706588500116888
"SLC2A3",0.708591743158878,0.00707457726631055
"FLJ38576",-0.934486235332919,0.00707576727116407
"WDR5",0.204070662616545,0.00708073456912533
"ENSG00000255992",-0.912850879820548,0.0070916181042411
"ZBTB25",-0.274876690135397,0.00709218838110711
"RTN2",0.377170102161858,0.00710395356805712
"HDHD2",-0.212176741920885,0.00710515936264132
"NUPR1",0.642129157955945,0.00710568385031057
"RMND1",0.194655703635141,0.00711145523053818
"ZSWIM1",0.237272821906239,0.00711977778037771
"MINCR",-0.461556271450555,0.00712243399109867
"TCTN3",-0.210990548641025,0.0071227044655978
"GTF3C3",0.19750109346832,0.00713344414977264
"DDX56",-0.205705061831396,0.00714326602394967
"ENSG00000294582",-1.47477761335767,0.00715275979768524
"AP4S1",-0.272500302936317,0.00715542991533218
"SDCBP2",0.877235421588667,0.00716147353764114
"ADSS1",-0.557852765528587,0.00716419592869879
"OXNAD1",0.25480557960182,0.00717278303972874
"ETHE1",-0.23859001309162,0.00717680406489126
"ARSK",0.3813508928381,0.00717977411152932
"SLC43A2",-0.413713272902547,0.00718019554373926
"ZMYND8",0.230635003231282,0.00718286330017993
"IFT52",0.213510462525253,0.00718436048855893
"CPSF2",-0.222224623961386,0.00719303235993101
"UBXN2A",0.232130926009979,0.00719727217047293
"RRP15",-0.272851458918712,0.00719738592062179
"RBM7",0.255063617307417,0.00719892632076773
"ENSG00000271009",-0.685920303369774,0.00719950578986246
"OS9",0.263048954210817,0.00720054060561696
"IQCD",-1.15574530383163,0.007203366680054
"TTC7B",0.38129811400056,0.00721046489789009
"CDKAL1",0.210110254127582,0.00721506681180021
"SGPP1",0.326338748864154,0.00721974482469089
"TMCO3",0.275593662105447,0.00722780169831189
"LINS1",0.367221709646618,0.0072281223499984
"DNAJC4",-0.261165829839747,0.00724755212390861
"RDH11",0.284664857427485,0.00726203066264626
"PDF",0.29495394108182,0.00726440144935011
"MAP2K3",0.183215688427331,0.00727384835686694
"TUBG1",-0.252399232546231,0.00727503441437533
"AVIL",-0.906407533727486,0.00728134782184634
"RCOR2",-0.334067822459154,0.00728515481459587
"CANT1",0.246994575028933,0.00730373170068325
"PITPNA",-0.339981104990636,0.00731066214413638
"RAB30",0.373941697977749,0.00732099870366939
"HNF1A",-0.166554083316912,0.00733878347134098
"RAPGEF5",-0.468679407362515,0.00734622547719182
"RRAD",-0.658497263184689,0.0073470296484808
"FOSL2",-0.527849294958998,0.00734770469474835
"ARHGAP27P1-BPTFP1-KPNA2P3",-0.26699734503952,0.0073618691620539
"HOXA1",0.98298259947207,0.00736958536436165
"KYAT3",-0.241334185652315,0.0073723918942484
"ELFN1",-0.938635947119855,0.00737588020293377
"ENSG00000304958",-1.32956791475829,0.00737796966583077
"CFAP144",-1.14921782905048,0.00739109473454857
"COSMOC",-0.805959544217214,0.00739361060033185
"PDXK",0.21943514911515,0.00739533551298503
"FOXA2",0.215135092009948,0.00739938447824924
"BRD10",0.227237106239927,0.00740009221983829
"BRD3OS",-0.373297809147722,0.00741565794433651
"SYT9-AS1",-1.21427826371919,0.00741571837867067
"ARHGAP11B-DT",-0.511720942746435,0.00742001505686714
"LOC105369344",-1.05556689152595,0.00742284633051941
"CYP3A5",0.68822766268807,0.00742913277644753
"CHSY3",-1.01548089833032,0.00743503815934596
"S100PBP",-0.219732273683398,0.00743728880201607
"XKR9",-0.716612201315597,0.00744659559639472
"ESRRA",-0.211091884419691,0.00745645391233752
"TCEAL9",0.289943111559068,0.00746181948394691
"RPL10A",-0.249402821243994,0.00747104117446587
"NFIA",0.369394252864174,0.00747630494701541
"LPAR5",-0.85605598844155,0.00748567185036353
"CIR1",0.392535185008873,0.00748787937423846
"FZD4-DT",-1.04320625295076,0.00749165618302878
"ARF3",0.30090997397003,0.00749749524531795
"NMT2",0.206109472100832,0.00751071560013601
"PROSER1",0.236235341810191,0.00751959390865922
"ENSG00000279885",-0.981029654258232,0.00753193437463829
"MAP7D2",-0.278876946940496,0.0075345093772939
"METTL9",0.230610245068733,0.00754566009512448
"PABPN1",-0.253366100940548,0.007546114688612
"TLR2",-0.728629493594923,0.00756736785664858
"SLC67A1-AS",-0.690005088872274,0.00757278727531771
"ENSG00000288935",-1.01978620988265,0.00757426778736444
"GHITM",0.236551017173186,0.00759690993201824
"KLRK1-AS1",1.13410795821408,0.00761820399891084
"UNC13B",0.206853932761462,0.00761853664760482
"DUSP9",0.22518962748973,0.00761914221927729
"ENSG00000270696",0.361178976281021,0.00763368591058303
"GBP1",0.330106915960662,0.00763694623343854
"POU5F1",0.363561001508408,0.007644514985067
"ZNF395",0.398927340483139,0.00764658564292048
"ENSG00000271784",-1.49567539318995,0.00764782244354356
"PEX1",-0.293857799664346,0.00766249387477161
"RELL2",-0.297872571072586,0.00766308931402179
"API5",0.168488597010885,0.00767683540500045
"NEXN",-0.520725578419035,0.00769100332341625
"GPR35",-0.193642945802977,0.00770415008391017
"AMOTL2",-0.373391496645117,0.00771280378781638
"FAF1",0.1995956971184,0.0077159439740813
"ENSG00000303760",-1.2672776640309,0.00771701857843793
"VKORC1L1",0.220848619406829,0.00771738292818624
"NPTN",0.263793495024959,0.0077314654561099
"KCNJ10",1.02780687218663,0.00774567315570933
"ENSG00000231731",-0.802510368947411,0.00776987015215923
"MLYCD",-0.312686135332629,0.00777146980328017
"PIH1D2",-1.17798179453287,0.00777205725168053
"STRN4",0.184042317819793,0.0077725240522371
"ANTXR2",-0.282048287673489,0.00777477620707979
"LIN9",0.308057825944295,0.0077772296914227
"CRTC3-AS1",-1.67843886861593,0.00778241926800612
"LOC124903824",-1.18650158439805,0.00779019647740235
"CDCA7L",-0.740213570310431,0.00779656966586852
"TRMU",0.200481450948084,0.0077982495161493
"SLFNL1-AS1",-0.569211685867764,0.00780866954714241
"ENSG00000183604",-1.35137563303308,0.00781555434239172
"ESD",-0.22038269119393,0.00781708939443059
"ENSG00000286205",-1.07814506993348,0.00781720904876385
"GTF2IP4",0.554893779091755,0.00782167668238228
"GNPDA2",0.356979901146304,0.0078220357537798
"PARD6B",0.280615607174843,0.00782443041518139
"FAM174A-DT",-1.14645386596227,0.00783472149068301
"POLA1",-0.194703391096821,0.00783829443947287
"CIRBP",-0.220450576228881,0.00784183027734308
"EXOSC4",-0.314512731152763,0.0078513304421888
"HELQ",-0.365052387896788,0.00785395276158798
"ENSG00000253392",-0.918745753400873,0.00786375306332618
"NOS1AP",0.440835998926511,0.00786713442611989
"SIL1",-0.210857609789208,0.00786814804842275
"VPS29",-0.211727403375662,0.00787109424605279
"AOC2",-0.399802378480344,0.00788833528429075
"ENSG00000295453",-0.632318169358491,0.00789359374410391
"LOC105370500",-1.00518198449575,0.00789650007653225
"ENSG00000275734",-0.873344346785504,0.0079042654538487
"FGFBP3",-0.354283918647745,0.00791345169413051
"CFAP69",0.406323858508777,0.00791374470709958
"MTOR",-0.179590806845637,0.007919532471024
"ENSG00000269189",1.72422912743565,0.00792249379579571
"RN7SL1",0.383947154045666,0.00792284996012292
"LINC01399",-0.951057372087217,0.00792512020011898
"CD9",0.40350171815364,0.00792571112197586
"STON2",-0.347493410056444,0.00793234876419931
"AREG",1.28957814130856,0.00794357494518714
"DENND5A",0.202107537529343,0.00794965679991918
"FUT6",-0.323099737907142,0.00796733605164172
"FOSL1",-0.615075480760163,0.00797676770530479
"FADD",-0.347744044520666,0.00798112168599972
"TPD52",0.299867322611555,0.00799042867691386
"MTPAP",0.187506900953361,0.00799271661313502
"RFXAP",-0.295250946288231,0.0079931335308157
"MIR22HG",-0.313327235936785,0.00799519139892953
"LAMC1",0.380348641591694,0.00800808088055273
"JADE3",0.259051781162456,0.00802821842496801
"METTL14",0.200282816567844,0.00803121581949482
"TSEN15",-0.317441267063226,0.0080366648788871
"TANGO2",-0.210775190915206,0.0080578990226458
"WBP11",0.222921167011423,0.00806023419218097
"HERPUD1",0.263450075323267,0.00806419564190359
"TMEM221",-0.587279742330161,0.00806925020273267
"LIG1",0.306769622045096,0.00807287390041585
"MICA-AS1",0.29821887721308,0.00807780211553349
"PDRG1",0.250429697107372,0.00808052337953939
"ENSG00000259891",-0.405843111593488,0.00808525795462563
"ACTN1",0.279393023977951,0.00808539205637412
"ZNF625",-0.44700935502146,0.00809330550530267
"ZNF295-AS1",-0.609903136041189,0.00810444648592779
"LUC7L2",0.275156614328023,0.00813783374782299
"C19orf73",-0.933789392834435,0.00813883190174676
"GRPEL2",0.213083816047999,0.00814389478043901
"NKAP",-0.293420813285961,0.00814923934461185
"ENSG00000272735",-1.43754259597736,0.00815548943589588
"ENSG00000307927",-1.29093739900964,0.00815682148276386
"ADAMTS17",-1.36579912096935,0.0081580870797943
"TENT4B",0.245110342133943,0.00815918806110714
"SFPQ",-0.186524101473203,0.00815935280346433
"ENSG00000213062",-0.45450970842661,0.00815958443594969
"ENSG00000307673",-1.47512635299045,0.00816630634469636
"FALEC",-0.886315997451474,0.00816826457186315
"VPS37D",0.307368762288812,0.00817694161916203
"SH3D19",0.278610114406773,0.00818243578366141
"ENSG00000078319",-6.93433428246254,0.00818362716721106
"ENSG00000272502",-0.601450955421112,0.00818612115643674
"TFAM",0.223430894077921,0.00818978976890264
"GGCT",-0.22797203193543,0.00819469443780325
"LINC01933",-1.38074137311313,0.00819985270649768
"RITA1",-0.217565631064441,0.00820904163494309
"YJU2",0.325636976482248,0.00823431436874813
"C4BPB",-0.200015414726194,0.00823717759463998
"SHROOM2",0.326601680518045,0.00823800291074117
"MACF1",0.202580850029298,0.00823975683905822
"HNRNPF",0.190005511984602,0.00824084076170782
"HCN3",-0.405054491609399,0.00825802689420636
"PDE3A",1.30377676282724,0.0082665137477616
"NALF2",-0.354171934063618,0.00827740258909888
"IPMK",0.314968586940888,0.0082924212504543
"FAM200B",-0.240196382292966,0.00829714443302216
"PRPF38B",0.266252845597696,0.00829796799422265
"TPM2",-0.381155599163188,0.00830530790184801
"ZNF385B",0.423038623530852,0.0083067907604485
"ZC3H12A",-0.236264050107265,0.00831146851841051
"MCCC2",0.181554881825255,0.00831331651969525
"PITPNA-AS1",-0.463692595626239,0.00831552831306355
"TMEM201",-0.278640637096744,0.0083304803805964
"UBN1",0.197399240520278,0.00833677737276555
"ABCF1",0.213295340845991,0.00834631604316162
"MRPL52",-0.188307041526786,0.00836470687111214
"ENSG00000304996",-1.08191245396875,0.00837456865947869
"ARHGEF40",-0.256639034431947,0.0083786080843746
"RUFY3",-0.236414017845901,0.00838180971760229
"RAB11FIP1",0.282705301188034,0.00838335153398645
"MLLT10",0.246097379240213,0.00839399998635612
"DLC1",0.253750470321158,0.00839478221439205
"APC",0.284743535767363,0.00839929352757448
"ING2",-0.311507283111417,0.00841732365950285
"RIMOC1",0.220993728948225,0.00842021363867301
"PYM1",0.257071576099964,0.00842090233126404
"VOPP1",0.221136423526129,0.00842105566006966
"KSR1",0.28160309451411,0.00842524573461096
"TXLNGY",-0.250973127052014,0.00842819922260652
"SNX17",-0.17411184868797,0.00843295381902128
"TIGD3",-0.598484746122537,0.0084435127278151
"PSMD13",-0.193990202553924,0.00844463269889474
"FAM13A",0.400632362777981,0.00844704781194383
"KDM4C",0.246264290402098,0.00844904916696632
"ENSG00000271078",-1.61095405326178,0.00845479916275662
"TAF13",0.27453006097945,0.00846451687556057
"PAXBP1",0.200582334987686,0.00846575135534317
"MFN2",0.169834270377151,0.00847410899183146
"MPP1",0.214915560022837,0.00847621069249467
"ENSG00000268713",0.376208605117859,0.00847728200918883
"LRRC42",0.209022537275317,0.00847934311431905
"ENSG00000239775",-1.2627507912282,0.00848514546373178
"FAM72A",0.394067147301875,0.00849054049438879
"ZNF491",-0.887566121429221,0.0084944277847116
"ELF3",-0.493708406324439,0.00851036531983054
"ENSG00000261732",-0.50834415121954,0.0085141611243034
"MYH9",0.212770385283635,0.00851477050808031
"AKAP1-DT",-0.958062439352747,0.00851922222702136
"UBE3C",0.180890503870372,0.00853099328533427
"AKAP10",0.232820200805175,0.00853384152764276
"NUP160",0.226878265073157,0.00853652972827058
"PPRC1",-0.183000784200084,0.00855540000084686
"RNF5",0.236652933513786,0.00856983164133423
"OAS1",-0.559763965634265,0.00858110798428266
"TICRR",0.262141629681917,0.0085956877405354
"CTNS",-0.218465494238168,0.00859803157746794
"ITGB1-DT",-1.23092834614071,0.00859881434666414
"URGCP",-0.188000156789417,0.00859891729134937
"FABP2",-0.858267175022518,0.00861118918829175
"ENSG00000235669",-1.04775554262411,0.00861774367565626
"ENSG00000294479",-1.31628557282912,0.008629854515622
"AUP1",0.222471017687652,0.00864049723417621
"ENSG00000257800",-0.544200617997883,0.00864081941845154
"CCDC127",0.296320056916731,0.0086508658596754
"FGF17",-0.380152511357743,0.00865445910604087
"MTFR1L",0.205106218622079,0.00866005386287943
"ONECUT1",0.385382100372635,0.00866182042968111
"SEL1L",0.275448112844392,0.00866329182778561
"THBS4",-1.46129109830789,0.00866816682109139
"ATXN1",0.251300355533272,0.0086711810165023
"ENSG00000261659",-0.70927206564228,0.00867928665311933
"SMOX",-0.358820858637024,0.00869996031499921
"ACOT13",-0.539588792813779,0.0087059018658242
"CNTRL",-0.2144223032285,0.00870876450841576
"JPH4",-1.1548454679173,0.00871570366925674
"ZNF169",0.327642479074729,0.00872331820274432
"ENSG00000273064",-0.727602115706772,0.00873119232557019
"ENSG00000203327",-1.20873359098635,0.00873231029969898
"ENSG00000240591",-1.53245871634851,0.00873462780570606
"LGALS9",0.918539464762668,0.00874016928329415
"OAZ1",0.219583183062564,0.00876245335404437
"ENSG00000248161",-1.1261937567873,0.00876914922679134
"PYY2",-1.06634260129768,0.00877438075617459
"ENSG00000298459",-1.0290054663016,0.00878281658070241
"MEX3B",0.79810022794443,0.00878607623308978
"CCDC81",0.801991994853481,0.00878640439769262
"CNOT3",0.23359472550749,0.00879768368702139
"GLE1",-0.185716576013652,0.00881454801721673
"ENSG00000275383",-1.39998909417083,0.00882715958900901
"KMT2E",0.232354641962057,0.00882843846626694
"CCDC17",-0.355275303719351,0.0088371926615616
"FRMD6-AS1",-0.978773124980966,0.00884338099369311
"EPO",-0.396477301609398,0.00884433056693763
"H1-2",-0.667277691471465,0.00887102260265273
"LINC02482",-0.479806432245965,0.00888365475411216
"PSAP",0.330566065420434,0.00888437946451206
"ENSG00000270012",-0.382914041958733,0.00888540227021578
"GPC6",0.509685715651423,0.00888628678412333
"PRKAG2",-0.75207165218701,0.00889412592704469
"TTF2",-0.261421736295891,0.00890447421360826
"WDR62",0.371406330710485,0.00891540903246695
"ZNF781",-0.525229667883714,0.00891891587217322
"CPLX1",-0.897755133613412,0.00893252122549654
"AOX1",-0.285355207915278,0.00894227587552312
"DBP",0.461088306484232,0.00896772956488713
"IARS2",0.187756974632579,0.00897281473371456
"ADAMTS10",-0.92031184656182,0.00897536042127994
"TPRKB",-0.247541216626424,0.0089867429288532
"DIP2C",0.288411793929883,0.00901301171371958
"RPH3AL",-0.32099540368347,0.00902017236061753
"ENSG00000279177",0.663926342241852,0.00902522622990892
"ENSG00000280330",0.663926342241852,0.00902522622990892
"MUS81",-0.203306834340746,0.0090330681827651
"UNC119",0.2347829264948,0.00904443293412511
"CWC25",0.218954392597914,0.00904526371529817
"FYB1",1.48782881650602,0.00906015232929361
"SDK1",0.575217316470062,0.00906112759999345
"BCAT2",-0.485746305071283,0.00906383459358032
"CPQ",0.307801532932015,0.00906966580011234
"EFNA2",-0.360054132148086,0.00907008540256487
"NR4A1",0.425542916870293,0.00908997672674121
"TNK2",-0.240304820973364,0.00909642558668943
"ENSG00000276772",1.11120436669143,0.00910243969043842
"BRPF3",0.246440547931206,0.00910524007887833
"FOXA3",-0.289977041347949,0.00910923744267355
"IPO9-AS1",-0.769034234827065,0.00911035997737003
"URM1",-0.184832110813649,0.00911372969905752
"CCAR2",0.184403511314625,0.00911388766381125
"DCAF10",-0.258460214190775,0.00911416314545031
"MBNL1-AS1",-1.07147361876548,0.00914698914180966
"NKRF",0.233434692563877,0.00915109726460951
"PMS2",-0.212838550245485,0.00916558556540598
"CCNQ",0.322070489568546,0.00916887453597921
"USP3",0.247013116956507,0.00918353926199824
"ENSG00000303904",-1.27451521696382,0.00918479236238184
"PRPF31",0.202261517203239,0.00919041316017022
"NETO2",-0.368572197228227,0.00919671690817655
"PCSK9",0.427255679851642,0.00921737573123583
"PSMB8-AS1",-0.617203137172628,0.00924233635569914
"LRRC37A",0.31998535602885,0.00924552312899687
"ENSG00000285702",-0.971143553410568,0.00924995593612888
"CTBS",-0.263974210048465,0.00925297940625621
"PLIN1",-0.869970227217179,0.00925405936543035
"IL21R-AS1",-2.2431560211131,0.00925682388821215
"RFLNB",-0.263858812117823,0.0092629339966065
"F3",-0.307448657898089,0.0092654253594779
"KDF1",0.580678320626012,0.00926973880659698
"DCTPP1",-0.26354416893414,0.00928318641719594
"ENSG00000310236",0.342210396789721,0.0092887488741221
"POLR2D",0.176532138339739,0.00929260695594301
"GTF2IRD2",-0.498860291321129,0.00930005458886832
"LOC124904001",-0.954055583636975,0.00930160239889709
"POLR2E",0.227355840862398,0.00931034365090097
"ENSG00000299227",-0.905047304999592,0.00933616909314608
"MAGT1",0.339305213689261,0.00933979471548244
"HCG9",-1.39299192555319,0.00934773318588948
"RCC1",-0.196061101539294,0.0093487248114522
"KLHL15",0.403642350578016,0.009357072693744
"CHKB-CPT1B",-0.598281907842032,0.00936613841307347
"DNMBP",0.303790151238253,0.00936840433613437
"UBE2D1",0.240010374227064,0.00938219508726681
"ENSG00000272072",1.74912015642183,0.0093933445603954
"PEG3",0.260804290553273,0.00939818587711421
"UBE2S",0.288824566027094,0.00939844968710102
"NR1H2",0.269202312207723,0.00940032237466035
"TMEM225B",-1.29559946470665,0.00941995013277238
"NEK11",-0.76609507424826,0.00942680482409233
"SCAMP1-AS1",-0.327846446593978,0.00943034654281503
"EBAG9",-0.310260294550217,0.00943438822241284
"MRAP2",0.503716788841401,0.00943618545452525
"EPS8L2",0.339691710765027,0.00943702437224792
"LINC00528",-0.2931399126453,0.0094372815970962
"ENSG00000260018",-0.503857829140595,0.00944252692435342
"ZMYND10",-0.642408911208241,0.00944428917420663
"SLC6A13",-1.31020179529391,0.00944683260111414
"EMP2",0.267733157823531,0.00946190262169077
"CNOT9",0.172407888009742,0.00946405513129382
"LOC124906712",-0.951889779659738,0.00946434806639274
"ARMC6",-0.183638834418593,0.00947279476306634
"ALDH6A1",-0.347835531237167,0.00947823936463744
"ENSG00000287625",-0.903088634555379,0.00948133361117483
"RPGRIP1",-1.5667178615947,0.00951000784446309
"NDFIP1",0.233666082067461,0.00952205564746363
"LOC102723996",-0.554473586907967,0.00952252377463657
"ENSG00000235333",-8.04835593951537,0.00952522083226922
"EXT2",0.326667211628634,0.00952554742495512
"ENSG00000276337",0.532043440640804,0.00953457285068442
"PIK3AP1",0.354310735660365,0.00953587684355935
"RHEB",0.241520693598034,0.0095381033998132
"SNX21",-0.290612683999693,0.00954563575034937
"ITGB5",0.280808063591137,0.00954648570020041
"ATP7A",0.322438183640783,0.00955345400911019
"LINC00926",-0.507526008445259,0.0095537767888684
"MFSD4A",-0.785270051866192,0.00956163811377315
"LINC00242",0.64936245143562,0.00956442629898737
"NECAP1",0.182318306429733,0.0095662980197297
"ENSG00000306708",-0.859567874339677,0.00956653261693368
"ATG10",-0.314367313560092,0.00956958383205052
"ENSG00000289532",-0.809100295371872,0.0096096206892216
"ERICH4",-0.518726220810141,0.00964767002858779
"IL11",-0.65801865473941,0.00965342185837641
"LRRC56",-0.742706179294677,0.0096568761844019
"MFAP1",0.316040359943831,0.00966492390793614
"C1orf74",-0.863322314249343,0.00969304584587821
"ENSG00000272848",-0.573701365827619,0.00969430476121781
"TRAF4",0.208231978701498,0.00970141742954834
"GRASLND",-0.760343282989639,0.00970159597363562
"AGBL3",-0.526701770460982,0.00970182212238125
"HMGB1P5",0.29049298701175,0.00970604793757667
"SMIM8",-0.31712151672641,0.00970921041106678
"ZNF37A",0.190383428052299,0.00971998814625974
"APBB2",0.279669193248054,0.00972663746194339
"CD40",-0.308703423133527,0.00978376732042196
"TTPA",0.445295727533889,0.00978627174795925
"TET3",-0.181093876359498,0.00979972202033683
"SLC7A6OS",0.188167314902192,0.0098111740518692
"CDHR2",-0.425874292944309,0.00981905570919417
"ENSG00000262420",-0.533466207589043,0.00982490042387594
"PRKCG",-1.99279259433399,0.00983756989776841
"ZFAND3",0.266532482803542,0.00986968781422654
"F5",0.417958841552511,0.00988229594757381
"ERCC3",0.181811329240583,0.00988622245297448
"ATP6V0D1",0.212398398606586,0.00989679188897127
"MYL6B",0.267864133991316,0.00991159679891007
"DMPK",0.323524733265786,0.00991480455852559
"LSM2",0.282905570273072,0.00992400449318371
"AGAP1",0.254563287653654,0.00992488505076261
"PPP2R5E",0.204937164896843,0.00993466830048741
"PES1",-0.226718602699612,0.00994809267286656
"ENSG00000254363",0.874280664449742,0.00997448606431705
"ENSG00000267277",-0.609075187524918,0.00997628229262532
"PRAM1",-2.2020098883887,0.00998333257032568
"IRF5",0.52961920816712,0.00998546217657731
"ENSG00000307098",1.00659971565621,0.00998961312620719
"OSMR",-0.288029436037118,0.00999312587278154
"ENSG00000224950",-1.05411477466382,0.0100104128717479
"ENSG00000273906",-0.415243559103626,0.0100114571396072
"ZSCAN5A",-0.355240734062356,0.0100173286258071
"ALDH3A2",0.225442924813005,0.0100245389453653
"ENSG00000282097",-0.754185841033503,0.0100303768926259
"MTMR2",0.218250692309194,0.0100327703982581
"ZNF670-ZNF695",0.797247876773994,0.0100346058015661
"AEN",0.21995413706329,0.0100547396903162
"TSPAN7",0.250961542477827,0.0100548427434838
"OCIAD1",-0.209198894167368,0.0100679472220648
"PHF14",-0.209698252796106,0.010076338068009
"SMCR8",0.392262138663853,0.0100806592343718
"HEXA-AS1",-0.957878028284197,0.0100979980384073
"NDST2",-0.240121891726966,0.0101003419417537
"USP9Y",0.218627316215575,0.0101008756784499
"SMG1P6",-0.787763039434912,0.0101171911366012
"ENSG00000308641",-0.804726166855426,0.0101175983098562
"ENSG00000259940",-0.992610011929326,0.0101324203022804
"SMIM13",0.195425013526969,0.010151368096362
"AMFR",0.260803132196472,0.0101684124689667
"ACTN4",0.199748806592748,0.0101734843557885
"CDK7",0.330479714706832,0.0101768179877391
"ENSG00000303623",-0.759989710669213,0.0101841660154109
"TIMM23B",0.349917901579925,0.0101865376878614
"MID1IP1",-0.207363124446677,0.01018996051562
"ENSG00000257681",-0.905976757071431,0.0101957605683146
"PSMD10",0.229197934118508,0.0101971828641941
"ENSG00000287817",-0.737989315792449,0.0102172434967072
"PEG10",0.280813591210804,0.0102195514106702
"FRMD8",0.28566220003205,0.0102233683608049
"SWT1",0.373112253941544,0.0102371587418925
"RGS14",-0.303004208539335,0.010237505491076
"APTX",-0.190512977233517,0.0102450639367224
"FLOT1",0.217189312235102,0.0102491430203431
"NBPF19",-0.467413171178379,0.0102497055034293
"SLX9",-0.334743887982701,0.0102512375310108
"ST20",-0.513969984261838,0.0102594259243124
"KANTR",0.306912785059713,0.0102627243005617
"COLGALT1",0.279977583704922,0.0102688267990109
"ENSG00000304038",-0.929625849820317,0.0102869026780133
"ENSG00000262877",-0.570780812416713,0.0102881306597435
"LPCAT4",0.234517107287106,0.0102900809481407
"ENSG00000261611",-0.764317679916632,0.0102966327400721
"TMED9",0.269984663079573,0.0102985283684811
"ENSG00000287576",-0.698591359717834,0.0103176161850246
"CEBPA",-0.41069942587698,0.0103214297021555
"H2AC6",0.341499063351543,0.0103240343116171
"RNF19B",0.330852137701266,0.01033091006919
"HAPLN4",-1.09842489347106,0.0103347638581644
"FAT1",0.254017374879728,0.0103414649886027
"PRDX5",0.273719577771947,0.010349711249025
"ENSG00000266680",-0.469099213018216,0.0103714288192231
"LY6G5B",-0.30852430175509,0.0103872853396348
"DHRS4L1",-0.417621878389516,0.0104037367878343
"SLC16A3",-0.273860798530476,0.0104089131637957
"TADA2B",0.22145319532274,0.0104209781319293
"DENND5B",-0.211307198127624,0.0104354348590082
"ARHGEF9",-0.402348692588485,0.0104408129288486
"FTSJ3",-0.240590872927255,0.0104419747372569
"ENSG00000284820",0.571582988540582,0.0104474839820719
"EPB41L2",0.350246654080934,0.010457469230416
"GPRASP3",0.662426103291384,0.010467089072447
"DGKQ",-0.271323310723875,0.0104724132599393
"ENSG00000299339",0.765626149338442,0.0104816617480419
"ZSWIM3",-0.377623519271711,0.010488678276407
"DPP4",0.316069684017319,0.0104970716727045
"UNC50",-0.221199512765197,0.0105067761985565
"TMEM277P",-1.78978795559628,0.0105119685534994
"CENPI",0.314364230337193,0.0105125810997439
"ALKBH1",0.294866306579384,0.0105238943012215
"NEDD1",0.250528605479435,0.0105287385157478
"CCDC167",-0.220128877772652,0.0105582189826223
"ENSG00000270504",-0.408723348049947,0.0105642715635737
"BCL9L",-0.368261670219102,0.0105831805602726
"LINC00494",-0.637983098829983,0.0105871886676389
"AKAP1",0.229846800157583,0.0106158061805462
"ENSG00000274769",-1.43204464647204,0.0106214327747584
"ESRRB",1.0028127134632,0.0106220682418264
"FRYL",0.236179513115898,0.0106309494135844
"CNTNAP1",-0.346194575065426,0.0106420395507918
"NFKBIL1",0.26543582687452,0.0106662985670736
"STXBP6",-0.216831535181664,0.0106706781256515
"PLIN3",0.384504196459416,0.0106719755873541
"PGLS",-0.282134503466717,0.0106913489446513
"TIMM8B",-0.21226179234708,0.0107095428948458
"DNAJC7",0.178090363522432,0.010723236263599
"ECM1",-0.413043712905373,0.0107278782409067
"BTBD2",-0.2291429444805,0.010735460719499
"LOC107986822",-0.47306662086046,0.0107466768744227
"ENSG00000276116",-1.21652052257567,0.0107479612596796
"ENSG00000261572",-0.464147269489667,0.0107482044874049
"ENSG00000289046",-0.514297792351597,0.0107503127730738
"RNASEK",0.22820545253589,0.0107569119016029
"FCGBP",0.293482324574195,0.0107633223880962
"WSCD1",-0.641034358477949,0.0107647422755998
"SLC39A6",0.253969931438624,0.0107690378569528
"PDZK1",-0.253390728225409,0.0107804566912235
"FPGT",-0.302076517370807,0.0107829803825837
"ACSM2A",-0.758242108404957,0.0107961128325809
"RILPL2",0.223370285974962,0.0107970504656112
"MEA1",-0.278407172790982,0.0108016652422696
"BCL2L11",0.281450189699558,0.0108017358417178
"KDSR-DT",-1.52292444890688,0.0108042319240385
"ENSG00000293322",-0.953262837652334,0.0108158112583097
"ENSG00000309757",-1.39510607761904,0.0108209153068143
"FBXW4",-0.27299090634913,0.0108261917410887
"ENSG00000229167",-1.2600606069858,0.0108488241412115
"SFT2D2",0.286512574763053,0.0108728221085013
"ENSG00000289277",-1.13289049165845,0.0108728908883696
"HERC2P2",-0.302247232737168,0.0108764134082363
"ZNF175",0.439791012825756,0.0108825331617082
"ZNF280A",-0.675363099725407,0.010884122613931
"INPP5K",0.315708311828832,0.01089789964034
"PHPT1",0.188170642566789,0.0108997009798334
"LMNA",0.276788901925722,0.010910057777958
"OSER1",0.182088874518622,0.0109108151060236
"ENSG00000297244",0.345091390588154,0.0109123270001238
"ENSG00000224413",-1.33603856712602,0.010923146973407
"ERICH6-AS1",-1.02144448917234,0.0109316811059013
"ENSG00000259856",-1.03581721873687,0.0109361913098847
"CRIP3",-0.412846625972427,0.0109427644610456
"MEIS2",-0.256194884309803,0.0109601294710484
"EIF4E2",0.189738004860282,0.0109751441347011
"CD99P1",-0.406891951919856,0.0109773836819505
"CCR6",0.290338860241683,0.0110155340152275
"SLC25A22",-0.198775265965999,0.0110165652952355
"ENSG00000237887",-1.50427332840681,0.0110177989798075
"SDAD1",0.185807939840575,0.0110181639583889
"DNPEP-AS1",-0.920600331561382,0.0110348186267778
"ENSG00000250397",1.21772476443523,0.0110364057180979
"CBR1",-0.313408798913924,0.0110453210784666
"MAP4K5",0.173354534830274,0.011060349210621
"MID1",-0.47408169741339,0.0110620249213565
"MXD1",0.235339982427967,0.0110687594059403
"RAB3D",-0.427268802908216,0.0110738009870721
"NPC1L1",-0.271071489741393,0.0110755587053359
"ENSG00000293279",-0.346018776800658,0.01108282980238
"VPS33B-DT",-1.5571375048849,0.0110923218863496
"PANX2",-0.762195901942004,0.0110986161506923
"NPIPB15",0.271850613973017,0.0111236272544836
"FAM229A",0.295897578658765,0.0111255965366596
"LINC02609",-0.313775068193347,0.0111352446035702
"ENSG00000293482",-0.77624501021078,0.0111485115109478
"ENSG00000267546",-1.1423957841868,0.0111485855282054
"MPST",0.20736613470196,0.0111549717395317
"PTPRO",-0.885736244178318,0.0111792019955248
"PDLIM5",0.277123726273822,0.0111812113788619
"LOC107984643",-1.07252402748219,0.0111828564003145
"ENSG00000259319",-1.50714507188433,0.0111842679098143
"CEP55",0.219631269908914,0.0111872882457233
"FAR1",-0.41667899291729,0.0112074519258329
"KLHL42",-0.21821778721338,0.0112116436442715
"BDH2",0.275853275486082,0.0112129082631683
"LAMP1",0.304005711178021,0.0112275068621856
"WDR83OS",0.205124017892885,0.01123553423704
"ATP5F1A",0.21603266729214,0.011240093654098
"ANXA7",-0.212527585979301,0.0112493653520204
"ZNF777",-0.27906612428547,0.0112650185125705
"LNX2",0.264623141273024,0.0112883092502875
"ESF1",-0.228295478074417,0.0113074090252227
"ENSG00000227482",-1.97888293465918,0.0113113407097022
"NIPAL2",-0.38878095003476,0.0113123360469336
"RAB1B",0.26191077664466,0.0113149395371927
"C2orf72",-0.267323535728425,0.0113152714601149
"APRT",-0.252964000321515,0.0113291430800862
"SPACA6-AS1",0.985850532630051,0.0113340444191207
"DHX35",0.214397991464747,0.0113392390154976
"PLXNB1",0.314779439520144,0.0113545619382126
"LINC00863",-0.311963885314822,0.0113552459708338
"METTL16",0.229561312240963,0.011369207348992
"ENSG00000261167",-0.717833698151329,0.0113702562201139
"MRGBP",0.198647916508746,0.0113705519033759
"LOC105369591",-1.0803067985874,0.011397979889089
"KIAA1328",0.338657392772065,0.0114025076929957
"NTN4",0.335899514720731,0.0114104558092
"USP2",0.525856153127112,0.0114157610494495
"ID3",-0.340079925426013,0.0114207813653574
"HAUS2",-0.213769024166382,0.01144770191871
"TICAM2",-2.76776404795974,0.0114616181079076
"ZDHHC11B",-0.974620662733566,0.0114680857355594
"ENSG00000292979",-0.403566402812301,0.0114697005110993
"EXTL3",0.244125330816084,0.0114771475873158
"CC2D1B",-0.210710630536367,0.0114827299565787
"TMEM217",0.674538994459801,0.0114835869816162
"GSTA2",-0.452738215006055,0.0114993292091116
"TMCC1",0.429584436798427,0.0114993485870389
"CSKMT",-0.367382862384685,0.0114999364699453
"ENSG00000293557",-0.75905419886064,0.0115034189637439
"GRTP1",-0.199923239787639,0.0115073036609743
"ETFDH",0.274968365416561,0.011513259127415
"ZXDC",-0.237004257496301,0.0115211815401598
"ZNF607",-0.326116488196478,0.0115288784222329
"ZNF610",-0.804019318071392,0.0115321103832131
"PPARA",0.301288800099088,0.0115354664621561
"SLC17A2",0.325133374274644,0.0115498477950985
"KLKB1",0.631952143978424,0.0115759395830286
"ENSG00000288826",0.390880638656943,0.011580549320515
"ADGRF3",-0.593152439358627,0.0115808185167614
"ODC1",-0.243577450819456,0.0115847194108805
"ENSG00000304309",0.217041384918623,0.0115912571897813
"CYP51A1-AS1",-0.951379003890647,0.01160588978127
"LINC01564",-0.608033212846515,0.0116105063162433
"TELO2",-0.295819708944253,0.0116163393818442
"TEN1",0.344519004323017,0.0116292431998142
"HCFC2",0.325403800955953,0.0116346103581989
"LSM8",-0.179235276493907,0.011634769034212
"ENSG00000224356",-1.47489321236468,0.0116370436814654
"ZNF529",-0.224954834111243,0.0116515185556945
"ENSG00000272829",-0.810461351788689,0.0116565861236424
"RAB5B",0.228620543064177,0.0116668942504554
"LOC101928105",-1.21334744980964,0.0116672083378503
"ENSG00000244701",-0.499418204725177,0.0116865402803067
"TRIM17",-0.860186851595752,0.011691764422062
"LINC00880",-0.826536509002772,0.0116929597973785
"ENSG00000225975",-0.454084537171701,0.0117044090063867
"PKMYT1",-0.26189127739647,0.0117240881804352
"SMU1",0.175503250267458,0.0117411710981489
"WBP1L",0.251001608383355,0.0117458452396122
"DNAJC19",-0.189144975679725,0.0117644273335364
"SEH1L",0.225563034547724,0.011773369895284
"MIR4435-2HG",-0.302076586782683,0.0117749451053369
"CDYL2",0.766053228748978,0.011776483233695
"VEZT",0.194668833718603,0.0117965631417702
"VTA1",0.208136332149232,0.0117986124296447
"ERN1",0.232477967251405,0.0118080486616991
"GUF1",-0.187139658815285,0.011812391660216
"PHLDB3",-0.242851146707337,0.0118282249317568
"INO80B",-0.243737079752247,0.0118325238065366
"ENSG00000281195",0.751257786469317,0.0118363678548789
"AKT2",0.179140566998105,0.0118548933651414
"ENSG00000247735",-0.533364339317621,0.0118620781941964
"HEATR5A-DT",-0.920907132697013,0.0118791874810478
"STIMATE",0.374728326564659,0.0118868699377189
"TAMALIN",-0.399817812936755,0.0118911215073808
"HCLS1",-1.82903999786139,0.0119051427902096
"KLHL26",-0.34761843484211,0.0119062201327284
"MIS12",-0.196356325826585,0.0119066131540797
"TCTN2",0.348563905328526,0.0119158412539177
"NPIPB13",-0.28125508378088,0.0119177298763675
"RMDN2",-0.396332455175423,0.0119287901358593
"AVPI1",0.256756664783513,0.0119297750901515
"ASAH2",0.670860138276227,0.0119351872044751
"CASC9",-0.602740853619874,0.0119471902686745
"CYP27A1",0.263395506502552,0.0119477582743128
"MFSD5",0.28354153600767,0.0119606490332466
"NNT",0.297179065311374,0.0119663241364105
"ENSG00000183506",-0.657911486468929,0.0119727100634043
"MYG1",-0.336179116113308,0.0119954523710743
"PLEKHM1P1",-0.236922695958986,0.0120104122850606
"ICMT-DT",-1.22296038468956,0.012017176573747
"LINC00652",-0.362979417106468,0.0120313125584239
"CDT1",-0.233955761063106,0.012041631180136
"ENSG00000246898",-0.526459150714928,0.0120514607571765
"KHDRBS1",0.198051332330383,0.012054530053326
"POU5F2",-1.11126030370881,0.0120682403808507
"SNAP23",0.162180389878596,0.0120733775030128
"TRAF5",-0.578087408773612,0.0120750605174377
"LIPG",0.299081636181263,0.0120814349374285
"AMIGO1",-0.534983645984201,0.0120902945368819
"THSD1",1.12395548582372,0.012105549984776
"ENSG00000276166",-1.21711884048805,0.0121072092884453
"ENSG00000290469",0.774769139119854,0.0121210216521652
"ENSG00000288854",-4.49340686803499,0.0121475158805349
"DHX30",0.152408265684798,0.0121700220949383
"THBS4-AS1",1.14222064703622,0.0121843258839829
"ASAP3",-0.267358539659,0.0122043578656963
"LOC102723654",0.846545351671552,0.0122282780999894
"RBM41",-0.220587804814245,0.0122428749411602
"NUAK1",0.745527117554397,0.0122517042093122
"ZBTB7B",-0.284195951938764,0.0122893493192625
"ENSG00000274859",-1.60384919731659,0.0122979975495462
"EPAS1",0.224851352022842,0.0123211564767463
"SENP1",-0.238625208191741,0.0123293701071897
"ZNF329",-0.338573916137015,0.0123489173943443
"SLC26A10P",-0.850054435759475,0.0123555223078227
"GBP3",-0.809496151830684,0.0123556418067495
"ENSG00000278996",-2.33072438673425,0.0123581751257637
"FERMT1",-0.273605414230674,0.0123642337133521
"C2orf74",-0.590686700530344,0.0123717229776386
"KRT8P15",-1.49063695711232,0.0123743879932235
"PGAM1",0.363498121867396,0.0123829674327262
"ENSG00000267707",-0.99949726592269,0.0123901279015272
"TP53BP1",0.227297855601775,0.0123924278934008
"MNX1",0.227771350508139,0.0124031854550632
"ENSG00000232618",-2.12686749319007,0.0124080463153684
"ENSG00000288924",0.321848542947753,0.0124133224131311
"ENSG00000289293",0.909035878836346,0.0124163748801115
"TPM1",-0.269403029617689,0.0124322254563419
"SCAND1",-0.307904490621806,0.0124434763860732
"ZNF264",0.235821107272338,0.0124465876661124
"IL34",-0.65298090683238,0.0124623455151823
"ZNF765",0.281757881372519,0.0124629062260754
"PAFAH2",-0.273934466655417,0.0124672164732539
"TTC23",0.230590522837562,0.0124676848375316
"ENSG00000227543",-1.34281123595308,0.0125013967104725
"ZNF597",0.335146716065061,0.0125022676781012
"CCDC150",0.34737437441816,0.0125112789557181
"NUTM2A",-1.2292253029607,0.0125122969207524
"CAAP1",0.21526341686723,0.0125194101429087
"DEPTOR",-0.505540210070742,0.0125214057404106
"LGALS8-AS1",-0.851595416016017,0.0125217828655519
"CARD10",0.21698742307431,0.0125300554331541
"PPA1",0.2696341411888,0.0125579439871379
"CENPT",0.29161531859942,0.0125629689294865
"TCEA2",-0.266427745792755,0.0125776295158121
"CEBPG",0.174069509646359,0.0125884450006647
"ENSG00000269054",-1.21364617786455,0.0125934876522626
"IGF2BP1",0.181560169794443,0.0126015322111118
"SLC35G2",-0.310969982687305,0.0126191809744938
"CYP2D6",-0.538545783940087,0.0126239120857231
"HMGN3",-0.227759081259721,0.0126301316451744
"RBBP8-AS1",-0.864968457442664,0.01263020553081
"PPP1R1C",0.33364168540098,0.0126389593062186
"ATP6V1D",0.286057992499942,0.0126449711300303
"NDC1",0.254488867761644,0.012659540049749
"LOC101928053",-1.04566340294758,0.012675199328847
"MAMDC2",2.54104275213215,0.0126823312445759
"ZNF236",-0.246515523136891,0.0126893750474916
"TEPSIN",0.205504922274433,0.0126917802799855
"SLC9A7",0.295382943064182,0.0126969293807255
"TFRC",0.352041356300805,0.0127072087150913
"NOTCH2NLB",0.479482116916076,0.0127303567752388
"PKIG",0.254589013227404,0.0127457534262953
"TMEFF1",0.780861480855812,0.012747656638925
"GCFC2",-0.173117379745666,0.0127540671046118
"VPS13D",0.232860290348121,0.0127646294479009
"ENSG00000263063",-1.18570568230823,0.0127699408221145
"SQSTM1",-0.305071696377378,0.0127798035631243
"ENSG00000269001",-1.08473484523296,0.0127826129842947
"ITPA",-0.18549365665135,0.0127912669915914
"SLIRP",-0.311913226450051,0.0128245606702295
"LOC105374174",-1.42824569928192,0.0128507495911846
"WDR77",-0.238031852419092,0.0128510813778848
"TMEM229B",-0.841681466667186,0.0128577933928743
"C1orf53",-0.410328562519724,0.0128613866356185
"CDC37L1-DT",-0.881819568504802,0.0128804225911674
"ENPP7",-0.534163977727281,0.0128843417435579
"ARHGAP39",0.2424358185152,0.0128908951227252
"UQCRQ",-0.21438137889464,0.0128913839716015
"YTHDF3",0.18796126580861,0.0128947960329761
"MRPL21",-0.247584284848506,0.0129011039706835
"TENT5B",1.72479511739453,0.01291390121293
"TP53RK",0.249424563642907,0.0129318502989066
"MMADHC",0.209454246897833,0.0129337316730507
"TMEM129",-0.335722902342055,0.0129394725156843
"NSF",0.26118065688829,0.0129397874388633
"ENSG00000290548",0.355829725430374,0.0129539171774602
"EIF3F",0.232783481164789,0.0129795488454416
"ZZEF1",0.207202435174265,0.0129914481868576
"FOCAD",-0.258217854176551,0.0130054337648546
"CISD2",0.201383536016719,0.0130152131446036
"TDRD7",0.301888741356118,0.0130408222716422
"SMYD3",0.271904981601804,0.0130498501102753
"SORBS3",0.211393876513037,0.0130598959877542
"ZDHHC24",-0.292092466030911,0.0130600015544438
"ATP2A2",0.234725983618374,0.0130646249937303
"PCK1",0.411466024544332,0.0130869105258557
"COX11",0.172046639703284,0.0130982872399759
"FAF2",0.170836748605378,0.0131064846087311
"CEL",-0.494745883573034,0.0131195080626228
"NRF1",0.241416928433438,0.0131285544368616
"LRRIQ3",-0.675066306015308,0.0131330516376598
"ENSG00000227634",-1.01668632187801,0.0131470007808999
"CRYGS",-0.510627614695119,0.0131542149255645
"MIF4GD-DT",-0.439695736669182,0.0131569985153906
"AP5M1",0.201827307824995,0.0131574959104033
"CCDC50",0.291062738845567,0.013165428316116
"RASSF3",0.242342488836425,0.0131714056819288
"EVA1B",0.431055541291534,0.0131783625069786
"ZNF8-DT",-0.434651870521332,0.0131861196154181
"SUMO4",0.806391911573063,0.0131997534347585
"SERAC1",-0.23236324645266,0.0132008854348962
"TGIF2",0.202409325843157,0.0132025688768014
"CMSS1",-0.325978072314891,0.0132190024074206
"DRG1",0.210339088080772,0.0132282922565251
"ENSG00000306969",-0.921714355031657,0.0132317443919469
"GRN",0.239321372554798,0.0132401790294705
"ENSG00000267649",-1.12286366976916,0.0132431447064249
"EIF2B2",-0.217690583241221,0.0132437286647723
"ARLNC1",2.1794254231539,0.0132474764594956
"PRDX6-AS1",-0.42903149027843,0.0132497315302262
"LTB",1.40280577475497,0.0132535105262333
"ZDHHC5",0.21152892453088,0.0132582743767063
"ZBTB11-AS1",-0.400285884335791,0.0132632064125673
"BET1L",-0.237221969653798,0.0132753051997314
"NUP133",0.164897034455673,0.013290040706071
"ABCF2",-0.193828039564411,0.0132908374640786
"TM9SF4",0.233696912910439,0.0133127711201145
"SENP6",0.163041259577814,0.0133163709790062
"HSPA14",0.271427225302536,0.0133309727735053
"ENSG00000293957",-0.404701802985242,0.0133397338660673
"DDN-AS1",-0.474759031395405,0.0133619990707027
"ABHD6",0.248536300776717,0.0133631074274235
"ENSG00000229358",-1.06196119907064,0.0133891494696172
"ADSS2",0.210673629940539,0.0133912769770084
"FAM234B",0.297315730435323,0.0133948276330609
"PATJ",0.268893612485596,0.0134008134425013
"MTHFD2",0.252082397261261,0.0134489241278584
"FUT4",-0.570448201919229,0.0134594626887011
"FAM43A",-0.855645795899116,0.0134598536495753
"EOLA1",0.324342001539162,0.0134692246857033
"LOC100287792",-0.998849952441804,0.0134831617203161
"GART",0.186236652013948,0.0134868769338217
"RAB42",-0.441108265729449,0.013490094472854
"NIBAN2",0.239327635929031,0.0134932222319926
"MTF1",0.293793875402587,0.0134953725020191
"PREB",-0.287414047562951,0.0135011034059196
"VWA5A",-0.633528735589244,0.0135259143321734
"FTSJ1",-0.215017621081683,0.0135318973543998
"DUSP13A",-1.52331208533279,0.0135372079880015
"ENSG00000277007",-0.682659534676232,0.0135420122683814
"VPS37C",0.193474095517154,0.0135502066481075
"PSMC1",-0.195817196392887,0.0135563499605995
"ENSG00000246283",-0.81777893902942,0.0135581948975682
"AIRIM",0.233321787656893,0.0135695548654611
"ENSG00000309115",-1.33492188922046,0.0136160254797737
"MICA",0.197087257630808,0.0136291353478
"RHBG",-0.504336738000923,0.01364821443827
"GFM2",-0.219822789553933,0.0136503244556636
"PSME3",-0.203222115232591,0.0136597176404712
"LOC102724200",0.244590137052035,0.0136618036487764
"FOS",-0.827694665054573,0.0136835313384083
"UAP1L1",-0.33102971556971,0.0137030329619279
"CTDSPL2",0.192344621488676,0.0137040383146802
"YPEL3-DT",-1.02102820796308,0.0137092960059016
"ENSG00000293999",-1.21056396851043,0.0137117767129309
"MED10",0.256012520218518,0.0137186421997302
"COL6A2",-1.14124472828688,0.0137340042232567
"PDE11A",-0.590131697729634,0.0137369162800011
"POLQ",-0.360711778409901,0.0137488617621847
"CAPZB",0.223757127640038,0.0137556806517457
"TMEM150C",-0.374561770251286,0.0137739803087306
"CD47",-0.43165613184245,0.0137801392383679
"GSKIP",0.318535531834024,0.0137880417958641
"OFD1",-0.235659105061281,0.0137930290992171
"ZBED4",0.178551530887672,0.0138039096699654
"CKLF",-0.25744315732329,0.0138041825842191
"ENSG00000288752",-0.397830575447478,0.0138186626656843
"ETV4",0.259233768861166,0.0138286003790605
"C5orf63",-0.425845025451695,0.0138346661850875
"MATN3",0.670051427943422,0.0138439077125499
"KYNU",0.192039291382797,0.0138714840087047
"ASS1P2",0.618154925942162,0.0138753875657566
"ENSG00000251259",-2.07323761881501,0.0138844233179392
"ENSG00000253200",-0.414788778611402,0.0138907554274606
"RPSAP36",2.1028325519569,0.0138961782322016
"FLACC1",-1.75677908505755,0.0138987666001943
"ENSG00000307644",-1.44592656028092,0.0138998731030935
"FOXP2",1.24384410366922,0.0139014793057956
"ZNF620",-0.294261801736899,0.0139138026977912
"TM7SF2",-0.223608400244457,0.0139234200822354
"GATAD1",0.173371027745162,0.013942275218731
"LOC124903770",-0.410708088916947,0.0139455970987058
"MYO1D",0.296632838385437,0.0139504398027817
"MICAL1",-0.307367448867075,0.0139533479882562
"SETD6",-0.203214145597443,0.0139545982666269
"CAPN2",-0.379605766954701,0.0139597319419462
"HECA",0.924049169872241,0.0139809867307457
"OTUD6B-AS1",-0.329818224552421,0.0139810932171254
"RPTOR",-0.159730097632493,0.0139951367659908
"NIPSNAP1",-0.227332800561561,0.0139966948260114
"TNFRSF12A",-0.542687171969169,0.0139987215501266
"PPIL3",0.173739147713841,0.0140045462020468
"ENSG00000271659",-0.89147647864046,0.0140203338427273
"NEO1",0.250385942444954,0.0140213594756515
"DSTN",0.288191719691461,0.014028580001743
"BICRAL",-0.279813600391493,0.0140345977475283
"ENSG00000223393",-1.61461066223421,0.0140410537806827
"DNAJC11",0.177731875880035,0.0140448465176284
"UCN2",-0.888114312834355,0.0140466376452753
"CLEC18B",-1.26860467642596,0.0140539603319704
"ENSG00000259349",-0.643836560475366,0.0140547265889831
"TEAD4",-0.211157227531562,0.0140629078976506
"SERPINB6",-0.335039825429602,0.014069005498483
"JMJD8",-0.2495340681216,0.01407298228686
"SSH3",-0.255510157543976,0.0140797340275839
"TOR1B",-0.232440207544516,0.0140823214405619
"RIC8B",0.238955188985469,0.0140865989009642
"CHMP4B",0.329632050289338,0.0141453568456706
"PHLDA3",0.230655705527415,0.0141615336596858
"FAM131B-AS2",-0.670567577485196,0.0141832368648199
"GOLGA8A",-0.214621873067828,0.0142016759727985
"SLC16A1",0.261131868683701,0.0142042410250218
"DCTN2",0.184697887260602,0.014205445859796
"KDM4B",0.266252509579695,0.0142062733156903
"SLC34A3",-0.61202724774189,0.0142123987935422
"ENSG00000293248",-0.726568517935748,0.0142141747562621
"ENSG00000279302",-1.80259589227397,0.0142147242797283
"LOC100505942",-0.665725458165644,0.0142388339172515
"ENSG00000224945",-0.409214710648468,0.0142416369589247
"COA6",-0.193100139993153,0.0142436110990205
"APEH",-0.194380862376974,0.014249735297124
"RPAIN",0.176529609272994,0.0142660416346769
"C14orf119",0.166666244942375,0.0142670132338705
"PMP22",-0.405618867228963,0.0142727292703975
"TDRKH-AS1",0.602484514074751,0.0142867184322701
"ENSG00000306718",0.548842478714805,0.014289092200354
"FBXO38-DT",-0.801693498773365,0.0142894277680197
"WSB1",-0.200827289957098,0.014289714859156
"ENSG00000272896",-1.15847065086253,0.0142960129869742
"LOC124901628",-1.16101261603894,0.0143061750724984
"RIOK2",0.218340481136182,0.0143189552058187
"MGME1",-0.18914638687845,0.0143290016555975
"SLC38A6",-0.411766550727699,0.0143384086938782
"NSMCE3",-0.274504396643959,0.0143442991165187
"TBC1D22A",-0.27846784456325,0.014365778996479
"MIR4453HG",-0.394473032292518,0.0143797423728739
"GAS2L1",-0.281499704135182,0.0143829592611287
"LOC105374910",-1.34830026532507,0.0143856534088795
"ZFYVE19",-0.197686644730242,0.0143892585401748
"GYG2P1",-0.55617867285187,0.0143979287960129
"ENSG00000309002",-1.07308867116129,0.0144190182697219
"CCDC117",0.215243511955803,0.0144234754022746
"PRPF3",0.201875434183904,0.0144625826606877
"ENSG00000230185",-0.803219553198157,0.0144745141672306
"TPK1",-0.908878716359647,0.0144861141343292
"BMS1",0.176244326297932,0.0144889790984444
"SFI1",-0.178752600329627,0.0144946708487474
"OPRL1",-1.01427855967557,0.0145059648627847
"WASH2P",0.274471206653321,0.0145078361627081
"LOC100289230",-0.399101667166253,0.0145165090643328
"LINC-PINT",0.257381389440921,0.0145231675306684
"KIAA0753",-0.207625838468982,0.0145244796200111
"NDUFB2-AS1",-0.593293643563468,0.014527452140876
"U2SURP",0.202391096944956,0.0145381433300627
"UBASH3B",0.963374252418265,0.0145517599795654
"ENSG00000258645",-1.32953862831567,0.0145532138505059
"ENSG00000300209",-1.54039014644055,0.0145727837926791
"PFAS",-0.185349188138711,0.0145773965899776
"HOXA3",-0.237387192172986,0.0145863402147264
"LOC728743",0.236906612444924,0.0145968118460687
"FOXP4-AS1",-0.285914806297515,0.0146496290324963
"ENSG00000261618",-0.72554768835468,0.0146560838659773
"ARHGAP44",-0.362441788133075,0.0146620216717839
"CDC25A",-0.173602996260796,0.0146738111384974
"ENSG00000236209",-1.10879961936488,0.014681883147308
"ENSG00000273155",1.10079784724118,0.014693493768848
"SMIM10L2B",-0.716608390207168,0.0146988720072217
"ENSG00000261420",-0.937058856094225,0.0146994274242868
"CCT6A",-0.261355737342168,0.0147039006504898
"ASB13",-0.334450423678853,0.0147138972074399
"TMEM250",-0.206492011608579,0.0147204761994322
"AMDHD2",-0.235575081465172,0.014747962485379
"ABHD1",-1.31888724365405,0.0147581379636306
"HAUS4",-0.242680913442016,0.0147617440615241
"LTBP4",-0.748845837473136,0.0147750133190312
"RNF181",-0.183923574704464,0.0147773080078452
"MRPL42",0.196490482888635,0.0147883345372335
"BTN3A1",0.249731807552318,0.0147907628160222
"CYP2S1",-1.1656170555287,0.0148166026165501
"GNRH1",0.437187620180682,0.0148315473822687
"RANBP10",0.177275928062652,0.0148624020399724
"TARBP1",-0.264131609319422,0.0148674277178852
"LOC100507547",-0.764986871926585,0.0148903890473574
"KCNAB2",-0.306473479336198,0.0148971553629335
"MAGI1",0.176683354856901,0.0149196549504497
"IL17RE",0.40282238401915,0.0149305730437182
"ENSG00000298153",-0.802514634899241,0.0149809611887223
"DLST",0.182644054996871,0.0149939875982331
"STAT2",0.233158416997361,0.0149974599925446
"EID2B",-0.309597827494036,0.0150029473515945
"ATP6AP1",0.222455362694534,0.0150465214045241
"LINC02449",-1.37232995488599,0.015047508722956
"RPUSD3",-0.213900063121316,0.0150540884929738
"RHBDF1",0.244161343334595,0.0150648371490581
"PACSIN3",-0.195671985788915,0.0150696617629264
"UBQLN1-AS1",-0.919100262353689,0.0150721262138739
"SPATA17",-0.944774383702528,0.0150980290055222
"ZMYND15",-0.579264206760229,0.0151049220123121
"ENSG00000272791",-0.979772385757366,0.0151323454749345
"MTHFD1L",0.275979144232417,0.0151485019657408
"RRAGB",0.296546810321342,0.0151785749437759
"ECHDC2",-0.192366559290062,0.015244809555692
"ENSG00000286873",-0.734731277672957,0.0152984452964584
"MON2",0.224167146221093,0.0153030552476439
"TTC24",-0.99328920704037,0.0153060037510959
"PCDHGA8",-1.13151551218737,0.0153068789594812
"MYO1A",-0.463911804529868,0.0153268098571993
"NUP98",0.154116672468223,0.0153516684300107
"TAP1",0.286278240224019,0.0153564449022613
"ZSCAN9",0.204111247130323,0.0153582824012116
"SNAPIN",-0.237239089245523,0.01539886556603
"ERRFI1",0.423026792937766,0.0154009673719873
"ENSG00000305025",-1.53875159759922,0.015401702383045
"ENSG00000256116",-1.16252979814645,0.0154187583980536
"KCNC4",-0.988561533560333,0.0154191155352854
"RAD23B",0.236706892383269,0.0154223520763339
"CASP6",-0.219987044330562,0.0154556305526542
"MPV17L2",0.213073934687331,0.0154602527598108
"POM121",0.158328378922037,0.015460633915821
"UBTD1",0.362709294717587,0.0154856704933724
"INHBC",-0.383121981710278,0.0154877025498417
"ENSG00000272173",-1.03095043802734,0.0154976699484921
"ZNF490",0.316246732992696,0.0154999604589581
"PLS3",0.265713044308111,0.0155550108073658
"BRD4",0.188723730721594,0.0155588146037893
"STAM",0.213470243890375,0.0155633123164612
"URAHP",-0.744309968432496,0.0155760741497205
"SLC35A1",-0.269998008801936,0.015596106227176
"ZNF211",0.188304001633845,0.0155973724309899
"SYPL1P2",-1.51148114729235,0.0156423127386703
"TMEM38B",0.300322933532099,0.0156486779165268
"FAM222A-AS1",-0.9072411695858,0.0156728311705749
"ALPK1",-0.447230167086316,0.0156800873774614
"ENSG00000289507",-0.755833317492002,0.0156922365174723
"TAP2",-0.286077156794446,0.0157306483712781
"SPRY3",-0.920300167162196,0.0157354136062717
"SCMH1",-0.20518975835644,0.0157393893191061
"SFT2D1",0.209217099593791,0.0157638666121708
"ENSG00000244198",-0.909120766798009,0.0157706278693997
"CORO7-PAM16",-2.43834999899827,0.0157794671825554
"VWA7",-0.444862799625061,0.0157816294292734
"RNF167",0.190227423683859,0.0157911402360966
"NPIPA8",1.28481330672462,0.0157922913250096
"AAMP",0.180974634613036,0.0157959797291116
"ZNF658",-0.5007982577718,0.015797924964782
"ENSG00000224358",-1.24250654209876,0.0158068837380637
"CENPP",-0.300313695017875,0.0158121632158216
"MPHOSPH9",0.241424223657844,0.0158216412875494
"TIAM2",0.262370443516407,0.0158278453447755
"DRAP1",-0.250559489529229,0.0158291212413952
"TMEM265",-2.77666314745548,0.0158375123229365
"ENSG00000289074",-0.617240423080287,0.0158491020784784
"SLC13A3",-0.404242727253574,0.0158511108750055
"RAB3A",-0.405684209871509,0.015858445861406
"HSD17B2",0.318738644222593,0.0158748248573084
"FAM120B",-0.217506187777996,0.0158767989018891
"SIN3A",0.269960942210683,0.015877245034964
"CTSD",0.233265603792366,0.0158842187165498
"MTX2",-0.22184918534083,0.0159252364335004
"SLC45A2",-2.04158123853571,0.0159307198730217
"GUSBP16",-0.402951083610345,0.0159401197527668
"B4GALNT3",-0.481679163434233,0.015947536358427
"MRPS31",0.226382832924059,0.015954707279851
"SNX19",-0.941259815798407,0.0159651269619539
"AKR7A2",-0.171922230876746,0.0159830445643026
"ABCA2",-0.310400963758552,0.016010569663991
"VIRMA",0.179149503775789,0.0160329687405399
"PTGR3",0.227050812009198,0.0160437775591039
"PEX39",-0.285580392998961,0.0160451436758426
"ENSG00000250938",-0.764594583242085,0.0160755496179897
"LCLAT1",0.31236851819175,0.0160835507532095
"MCF2L",0.182761245411383,0.0161421977375273
"LMF1",-0.378739376501989,0.0161575511180155
"HAUS1",-0.289477674121281,0.0161592922468496
"SAMD1",-0.196003961877144,0.0161676122547138
"PLEKHG3",0.310008004890625,0.0161780724580483
"SESN2",0.258286924760152,0.0161794333349838
"TMEM169",-0.420548760460071,0.0161895642378016
"CMTM7",-0.190434830032965,0.0162042114949757
"MTCL2",-0.238123106050067,0.0162057867186041
"ENSG00000270141",1.05729265074517,0.0162252580271895
"NID1",0.352863354008362,0.0162519184670101
"SLF2",-0.16703832713286,0.0162530769370011
"ABCB8",-0.217811807624769,0.0162604568878642
"LINC00298",-0.880397216256948,0.0163179892597084
"ENSG00000279035",-0.999779324007317,0.0163322133191967
"SEC61A1",0.238526991631709,0.0163341283741154
"LINC01431",-0.946668192737357,0.0163361856213609
"ENSG00000286482",-1.19211878758907,0.0163373693578895
"SEPHS2",0.267995673852531,0.0163463017993164
"FEM1A",-0.229675318396767,0.0163604417706168
"TAF1A-AS1",-0.522307739936685,0.0163700655538879
"ENSG00000294710",-0.963125964330671,0.0163719520182262
"SIRT4",-0.515381989218549,0.0163727250089607
"MARS1",0.20657999958663,0.0163909918858506
"EPM2AIP1",-0.200791339315166,0.0164264532235677
"NFIX",0.242951663484626,0.0164306970872705
"SAP30L-AS1",-0.419112846157881,0.016448826697307
"ENSG00000279569",0.587714130287971,0.0164555518895257
"TAGLN",0.551765060370252,0.0164607407411417
"ENSG00000272068",-0.721647076141916,0.0164708289385956
"ENSG00000271851",0.492407287410865,0.0164834960798794
"TAF4",0.180041883390842,0.0164882630072401
"ENSG00000280417",-0.992679195500821,0.016496254316748
"TRIM14",-0.244936487318742,0.0165030087263161
"LINC01128",0.21920006667925,0.0165105892847703
"SMIM14-DT",-0.921985219651168,0.0165247456081124
"ENSG00000289222",-0.629064402182219,0.0165370297188206
"SRM",-0.260947416000241,0.0165593914851473
"ZFYVE27",0.213528428791475,0.016570121144307
"XBP1",-0.174929413971939,0.0165831654752158
"CENPBD2P",0.170533680871383,0.0165897963746593
"ENSG00000278000",-0.561898198434558,0.016590963140377
"ENSG00000293642",-1.92942183503935,0.016608580521994
"LINC00239",-1.65870524142078,0.0166236578608072
"CKMT2",-0.474926536729822,0.0166419070483593
"ENSG00000272911",-1.30876624449539,0.0166525244354743
"FAM111A-DT",0.428857060665376,0.0166647618672771
"ZNF200",-0.232890504415092,0.0167255627822382
"ZEB1-AS1",-0.273979394642398,0.0167352720899447
"TIMM29",0.239874716310797,0.016735925414672
"CASTOR1",-0.517360369894444,0.0167543511525037
"LOC105371083",-0.770399787382683,0.0167626562756443
"EFCAB12",-0.667056808280915,0.0167721692743511
"ENSG00000267980",-0.714647607300087,0.0167791372946061
"NBPF11",0.24983312029184,0.0167861806960484
"RBPMS-AS1",-0.617293942982195,0.0168100497603527
"POLR3K",-0.223887401299684,0.0168203459503323
"ENSG00000271380",-0.605114245628335,0.0168518643575428
"ZBTB20",-0.273074367145977,0.016865826668992
"RPL12P25",-1.75636298909734,0.0168865018424751
"NCAPH2",0.2228906185762,0.0168951041953342
"BOLA2-SMG1P6",-0.232315869074824,0.0168979306441043
"HIF3A",-0.943610183074897,0.0169036440072896
"WWP1-AS1",0.576981873221854,0.0169049043894117
"SRFBP1",-0.248901169439647,0.0169384320724234
"SPATA2L",-0.234896589901425,0.0169402177843728
"ACTR3C",0.514217189088496,0.0169468023560542
"FLII",0.17068785218884,0.0169644387162805
"BAG1",-0.263410550498434,0.016977273589276
"FABP5",-0.442320340015327,0.0169791526322326
"GGT5",-1.27104492026377,0.0170049274915612
"GPNMB",-0.452263530315866,0.0170218178671619
"TMEM25",0.290366997522347,0.0170233056894651
"ENSG00000260563",-0.340690906015551,0.0170307302615085
"ENSG00000289301",0.659001941359113,0.0170327885853433
"ENSG00000260774",0.604643810793824,0.0170458705137988
"LZIC",-0.192314420598369,0.017046909708392
"WARS1",-0.248359386599424,0.0170530575207347
"DYNLL1",-0.315676506292322,0.0170621516395445
"ANKRD34A",-0.969351119775683,0.0170714212377188
"MYCBPAP",-1.95986141946066,0.0171044181360849
"CDC42",0.20313699606247,0.0171299752571161
"LOC124903889",1.07443377242192,0.0171310731097035
"ENSG00000253819",-0.726701347930707,0.0171338824258486
"POLD3",-0.2669127079075,0.0171354127933382
"ZIC2",-1.2200599393147,0.0171792516939793
"POLR3G",-0.354070218923648,0.0171875565149063
"SRMS",-1.17046408198095,0.0171901781589312
"TINAG",1.07331671164806,0.017190964579294
"OSBPL3",-0.29246439076342,0.017204273893828
"ELF2",0.194384805863566,0.0172380022406511
"SIRT2",0.21277769683005,0.0172697784627219
"SLC11A1",-0.663882310599715,0.0172739237537484
"ENSG00000290793",0.396726759613916,0.0172882657639735
"BRPF1",-0.171113558920983,0.0172935493235148
"BMS1P14",0.459331966180232,0.0172939673396664
"CDC23",0.157781097724855,0.0173302755319485
"ABCB7",0.208154702379586,0.0173544168371973
"RAD51C",-0.198924538888277,0.0173584693687809
"CDKN2AIPNL",-0.21869081089793,0.0173789604212253
"ALDH9A1",0.244002864074603,0.0173836970302649
"SNX30-DT",-1.22129673505731,0.0173857182622306
"CCDC106",-0.258568831901047,0.0173907490692646
"ENSG00000287031",-0.93981291335771,0.0174054232764495
"LAT",-0.370129347032477,0.0174081878210771
"LINC00671",-1.34117493542206,0.0174169936777744
"ENSG00000257524",-0.453322167494845,0.0174394121056467
"ENSG00000256742",-0.729717261732184,0.0174812703593092
"ENSG00000224916",-0.226962501255668,0.0174822261852943
"ADH1A",-0.757647401397503,0.0174850091281662
"ENSG00000213131",-1.01637533419628,0.0174898286900476
"TMEM200B",-0.816936496860387,0.01749949004426
"ENSG00000289357",0.78195249906586,0.0175113592896676
"CRYBG1",-0.303213170779701,0.0175137655968172
"RBM47",0.33568838652181,0.0175322772364192
"TKFC",0.18666895757592,0.0175430483713661
"LEPROTL1",0.260416158720157,0.0175527810764872
"KRI1",-0.229593450764126,0.017601879996693
"HMGCS2",0.474526078117508,0.0176091492328483
"TMEM38A",-0.405217793679928,0.0176166314903025
"IPO8",0.216653997099376,0.0176193071414729
"LINC00954",-1.11347936904412,0.0176284526423997
"TRIM36",-0.40758171049947,0.0176381699382303
"PLEKHA4",-0.297316835670618,0.0176523711936343
"HOXC10",0.688913886253278,0.0176527372277377
"ENSG00000268889",-1.01545688159736,0.0176654604328912
"RCN2",0.220111749704758,0.0176838671839085
"HYLS1",0.374753930859364,0.0176875769433252
"ENSG00000235859",0.442960612378881,0.0177529883351764
"ANKRD36C",-0.488476584386327,0.0177654715571345
"HSD17B4",0.197073891277732,0.0177667825215114
"TARS1",0.244785475346631,0.0177746682294647
"ENSG00000272777",-1.05021684370997,0.017775221772302
"HNRNPA1",0.20514111524425,0.0178210366904267
"RANBP3-DT",-0.935108567007482,0.0178252895989493
"ARPIN-AP3S2",0.656210678953367,0.0178293729071414
"COA8",0.279697820009519,0.0178415072424189
"LINC00921",-0.525303868059417,0.0178433539632901
"BUD31",0.250920746017257,0.0178518485749204
"ENSG00000310238",-0.39897754506522,0.0178809223416577
"SLC66A2",0.193003404834573,0.0178810159873113
"TMEM260",-0.250673749777402,0.0178813151358132
"RPP38",-0.263019388148976,0.0178848789181593
"TMEM104",0.23467735773145,0.0178913912909237
"TINAGL1",0.241839340475816,0.017901137756475
"KIAA0586",0.222988221325276,0.017904366116034
"PATL2",-1.15590501988184,0.0179272245648545
"SLC30A6-DT",-0.712181203106722,0.0179312188093318
"C2CD5",0.185819245141284,0.0179536912910559
"GALNT16",-0.586301544328022,0.0179612445954804
"NAMPT-AS1",-0.930581269512279,0.0179642833046526
"HEG1",0.239663630072075,0.0179650835523034
"PLA2G12B",0.325037028619717,0.0179679607210243
"EOLA2-DT",-0.336195765241741,0.0179762869124839
"SMARCAD1",0.164964892169133,0.0179913902071692
"CCL14",-0.461966486498147,0.0179918867622764
"ENSG00000302786",-0.769434193456936,0.0180064374815957
"GAA",-0.263556808246583,0.0180068817824834
"BOLA3-DT",-0.269173756134291,0.0180251139550117
"GXYLT2",0.435124750409081,0.018033965454528
"VARS1",-0.212138472895527,0.0180488053547641
"ZNF641",-0.250814160307814,0.018051441108784
"ENSG00000306064",-1.17011188892532,0.0180759370397152
"KIAA0232",0.193922446256078,0.0180856136930955
"SLC19A1",-0.321580146132528,0.0181096950657072
"SYP",-0.328619637152828,0.0181430605945694
"ENSG00000288873",-0.788176838010874,0.0181515067302034
"ENSG00000297268",-0.775221366940195,0.0182466960457832
"HYAL2",-0.223174419851837,0.0182503686626098
"ENSG00000290907",-0.679986481790411,0.0182537686661004
"SQOR",-0.387867565439256,0.0182558239125056
"TCF7L1",-0.476056973099052,0.0182652127650741
"PCDHGC3",-0.326784915603798,0.0182691935596541
"NDUFC2",0.262832285400178,0.0182755771865682
"ENSG00000259585",-1.1410693759421,0.0183001326191012
"SCPEP1",0.232032596470675,0.0183144037365955
"AGAP9",0.333303600624618,0.0183177303910731
"CADM4",-0.230102411574758,0.0183411868203169
"MT-ND6",0.841893207672989,0.0183500452041518
"ARL2BP",0.23307660997912,0.0183548302888322
"ZFP14",0.320512520984022,0.0183551537443752
"ENSG00000283782",0.492067913221681,0.018356450408904
"FNDC10",-0.376416721668519,0.0183704798052381
"CWC22",0.182208490684734,0.0184245586656289
"SNAI2",0.583126623997815,0.0184293293759358
"MMP23A",-1.92851508388603,0.0184308541095264
"LITATS1",-0.897448867877093,0.0184337733228281
"HESX1",-0.854772502680562,0.0184700137689114
"RAB11B-AS1",0.442434693474572,0.0184845288324191
"BRCA2",-0.199957606998225,0.0184894016420711
"ENSG00000291166",-0.333301112572186,0.0185302840151337
"STAG3L3",-0.298793640784715,0.0185356378883243
"MTFMT",-0.27507610104284,0.0185394937854303
"CEBPB-AS1",-1.09209782257686,0.0185415424346493
"WEE1",0.182432208744611,0.0185775208218758
"POLR2J2",-0.491487234832696,0.0185797721323857
"COX20",0.282112208504202,0.0185798212728142
"DNAJC24",0.223047469126878,0.0185876200547101
"KLHDC7B",-1.16827522504969,0.0185911470920647
"LOC105371730",-1.21161647140174,0.0185919971715933
"SDHC",0.200082732263566,0.0185931133505569
"PHLPP2",0.212513707338513,0.0185949450241333
"EAF1",0.239424148318,0.0186127338499993
"TPST2",-0.224594129828887,0.0186191152186089
"LRRC23",-0.427318897059495,0.0186448001987652
"GCNT4",-0.648033275431896,0.0186487377412588
"PRH1",-0.565839200067242,0.0186598715948373
"SRP72",0.183227382185279,0.0186780897141092
"PHOSPHO2",-0.265726277234303,0.0186787791488058
"VCF1",0.177046351545729,0.0186988157123675
"NECTIN2",0.201581530508194,0.018702743095158
"NBDY",-0.309535299567433,0.0187172205583359
"LOC124901151",-0.458673954886672,0.0187359082857509
"ENSG00000301802",0.952850174637467,0.0187407404628324
"RN7SL3",0.378549397954252,0.0187410298869376
"WRAP73",0.279562721440076,0.0187511437470788
"ZNF414",-0.27834651812175,0.0187740163544424
"ENSG00000234772",-1.03323318055221,0.018783915738453
"UNC119B",0.309943751093127,0.0188128277326499
"LOC389765",0.213619022528354,0.018821603410307
"LOC101929609",-0.573900398804119,0.0188267495676158
"DGKZ",-0.176100982745784,0.0188306556018688
"ENSG00000261051",0.55960291277662,0.0188327655034386
"SLC25A20",-0.265368738439679,0.0188455932282366
"ENSG00000116652",-1.12633609134287,0.0188618896697079
"SDF2",0.228759051606178,0.0188784816485647
"RRAGD",-0.630251396266868,0.0188888220166363
"ENSG00000290908",1.86502987438592,0.0188963842831152
"ENSG00000298592",-1.10949940288664,0.0189077774444115
"MRFAP1",0.209119055874572,0.0189085817566176
"ADSL",-0.151081535420738,0.0189181427668836
"HAUS7",-0.224596784935532,0.0189189552604244
"CYB5R3",0.262903171349023,0.0189441480129039
"GABPB1-IT1",-0.282623243518653,0.0189714939937605
"HLA-L",-0.56305821189499,0.0189827912961278
"POR",0.257150234273868,0.018983873512853
"CDHR3",-0.279643696378288,0.0189905246770537
"FAM50A",-0.206244963724353,0.018994752725431
"FGA",-0.235125554321536,0.0189978715161132
"RARG",0.735944251975273,0.0190230498150804
"TAF1",0.223501283970669,0.0190336296256819
"UGDH-AS1",-0.425484828843407,0.0190383543062594
"PFDN1",0.254037733328955,0.0190437168239903
"ABCB9",-0.34207111475852,0.0190522625527228
"TTYH2",-0.557526163320629,0.019054655017224
"KCNE3",-0.507189490881202,0.0190562424615434
"MX2",-0.218314724504628,0.0190565572832871
"FRMD4B",0.596681942919561,0.0190596874345942
"SLA2",-0.400763369919963,0.0190805236516207
"ENSG00000308747",-0.525539251096518,0.0190886462784786
"NIF3L1",0.178418367708704,0.0190918391553275
"RPS6P25",0.853171854644255,0.0191098689714247
"ENSG00000289444",0.343118989499298,0.0191132564086576
"SUGT1P3",-0.303616506835981,0.0191186463605417
"TRADD",-0.28142317309992,0.0191195940031895
"SH3BP2",-0.295573374014366,0.0191264690442048
"QNG1",0.227358771230416,0.0191552643700634
"MTTP",0.31684434185671,0.0191739869785787
"ENSG00000293091",0.873006720071275,0.0191802733538294
"DUSP12",0.20742850578477,0.0191959274911709
"HGS",0.18684263832822,0.019240894666673
"LOC728138",-1.09578738368895,0.0192612137402297
"LOC124909377",-1.29061597923974,0.0192642768662704
"ENSG00000286828",-0.865626638468544,0.0192848629621752
"BTBD10",0.212454031283375,0.0192860307605658
"MRPL33",-0.242942097560772,0.0192948690119429
"C9orf40",-0.221369326556178,0.019310873298595
"UEVLD",-0.289445047440298,0.0193203987052004
"GRWD1",0.18435499896182,0.0193255897403947
"F13B",-0.30763685299477,0.0193375851184661
"ENSG00000291042",-1.01801059434078,0.0193412525933718
"ENSG00000180229",-0.57438108837369,0.0193548056412312
"RASL10B",-0.200084257999817,0.0193558587885031
"SPTSSA",0.163498250331321,0.0193813539429861
"SLC10A3",-0.205559615283132,0.0193915121025561
"CDRT4",-0.196305472465997,0.0193979573615461
"CCZ1P-OR7E38P",-0.23435621893749,0.0194109050341658
"SNX29",-0.2429760698971,0.0194156439747073
"TICAM1",-0.320995835218733,0.0194460725255011
"NUTM2E",-0.844026138315697,0.0194476916510372
"ENSG00000294015",-1.36594061576741,0.0194786469508331
"ENSG00000264943",1.46221531986351,0.0195242108901644
"KRT17",-0.821783364789642,0.0195368795644273
"SMARCD2",0.171572388193191,0.0195437299495987
"SLC22A4",-0.63870096887468,0.0195578596877248
"WIPI1",0.360289267921824,0.019558078140741
"ENSG00000229704",-0.529912290842681,0.0195699685653107
"EMG1",-0.192831116687865,0.0195842814900714
"ACO1",0.165071484654655,0.0195979723267687
"C1QTNF1-AS1",-0.935650711035543,0.0196027768158375
"ACTL6A",0.168328674183333,0.0196045429231363
"ENSG00000260948",1.1149878043285,0.0196299692058617
"ENSG00000244265",-0.727342346701476,0.0196411476296342
"PARP6",-0.653822003835603,0.0196442897545989
"BCAP31",0.243269812176671,0.0196924924658932
"GEMIN7",0.197294402400634,0.0196977537097707
"ENSG00000259605",0.407609964513659,0.0197250459628233
"MYO15A",-1.04727294430576,0.0197280424402743
"LYZ",0.50158228069054,0.0197433977635446
"SERF1A",-0.488862010905847,0.019759145709396
"MPC1",0.222241439658858,0.019763276378844
"TOM1L1",0.223594148218667,0.019767958964802
"ENSG00000277782",-0.874682450481806,0.0198020240504297
"LOC105377128",-0.738055438382695,0.0198269618292223
"ADH5",-0.189172404794347,0.0198316113920246
"ORMDL1",-0.164043746252813,0.0198407999781612
"CEROX1",-0.662559770095365,0.0198526434880923
"CASP10",0.171442989591263,0.0198877015945189
"ITGAL",-0.530066277725481,0.0199018473513237
"C8B",-0.246770515342532,0.0199077868627032
"ENSG00000267898",-0.983901280269121,0.0199093460837105
"B4GALNT4",-0.260984809880199,0.0199189936220729
"VAMP7",0.270887467636943,0.0199247315363957
"CPT1A",0.358997672795389,0.0199483681221884
"WTIP",-0.470774596644459,0.0199509418807829
"NBEAL2",-0.223736603403976,0.0199786373771941
"SYPL1",0.250109731383723,0.0199838016248651
"TREH",-1.13861380913507,0.0199945425240959
"MSANTD1",-0.596307084541178,0.0200282397063595
"LRIG3",0.420359725387987,0.0200300629920844
"CEP41",-0.237318442255889,0.0200327774342364
"LINC02983",-0.452719269376476,0.0200649771685399
"ENSG00000258430",-0.785606667974888,0.0200775554300546
"PRC1-AS1",-1.17482836781159,0.0200942247230999
"STAM-DT",-0.452510355404974,0.0201141312353835
"CTAGE1",1.21000953496765,0.0201303849481268
"CTDP1-DT",-0.353231705487432,0.0201319820866648
"NEB",-0.688573189251838,0.0201462297973382
"PPT1",0.208308640733832,0.0202160747972852
"PKNOX1",0.199980502037422,0.0202264813969866
"TRMT5",-0.25309818299066,0.0202389701461739
"ATP6V1E2",-0.618359280739612,0.0202444184207449
"ZNF746",0.215253168074469,0.0202712389353071
"NLGN3",-1.04891884679381,0.020285185693501
"RDH5",-0.502239191596084,0.0202917717565937
"DCAF17",0.220837807862634,0.0203231990175552
"MALT1-AS1",-0.50171261452093,0.0203235011867859
"H4C3",0.723360298111055,0.0203509526163418
"LRRC25",0.793181379299133,0.0203542787062306
"ENSG00000288833",-0.612455752627846,0.0203543704855696
"ENSG00000286905",-0.370169554143097,0.0203664760804631
"ZNF566",0.227960336461662,0.0203737170459615
"TSSC4",0.271899125535847,0.0203836943763116
"LINC02475",0.677397673315609,0.0203938761864183
"MIOX",-0.615030672301208,0.020397594200786
"ENTR1",-0.175488245644042,0.0204054549755453
"FBXL14",0.372867629976724,0.0204064802371063
"FAM136A",-0.166675173350302,0.0204229057595206
"CBR3-AS1",-1.32925242799459,0.0204636489661713
"PIP5K1C",0.170920593334919,0.0204805906416105
"EFR3A",0.162588389589539,0.0204844558444246
"ANAPC13",0.197128283790346,0.0204929528198244
"SPATA31H1",0.476078331246229,0.0204952482450176
"ENSG00000288766",-0.811391094267463,0.0205049032807251
"MRPS9",-0.217889593102708,0.0205411009978526
"ENSG00000286835",-0.478782019318299,0.0205482463805588
"CNIH1",0.204910208216768,0.0205595543659723
"SECTM1",0.780130237098774,0.0205700324596155
"ALMS1P1",-0.878202166728562,0.0205790348361758
"ANKRD65",0.382154513470211,0.0205806601025721
"UBXN8",-0.208737536873346,0.0205879918225275
"ENSG00000278876",-0.910967500718833,0.0205885484960992
"KLHDC9",-0.651863547859998,0.0205899312201303
"TM9SF2",0.24355503170935,0.0206371313623947
"ENSG00000276390",-1.40158092195963,0.0206549366562358
"OGFR",0.167659466326843,0.0206677139043081
"ELN",-0.982002495769825,0.0206730147143443
"EDF1",-0.252797033256314,0.020682741874469
"ERCC1",-0.246778060547023,0.0206907299218892
"PLEKHH2",0.204404097596941,0.0206942215329407
"DLX2",-1.10181161045691,0.0206955471438535
"TRIM44",0.230179411974598,0.020709038060652
"ACO2",0.174560659677048,0.0207117742711941
"MARK4",0.247931721240065,0.0207572729659721
"KLHL2",0.238732499921711,0.0207643563606105
"ADCK5",-0.234222415784008,0.0207738506060295
"ZNF606-AS1",-0.246769276569943,0.0207884885857302
"ADARB1",-0.176044648371563,0.0208072548104473
"RNF126",0.157264822076914,0.0208423807590325
"ENSG00000272144",-0.931404872008947,0.0208686450200327
"ENSG00000309012",-1.23815577272657,0.0208906432636297
"SPACA6",0.651256860469895,0.0209153420242725
"ENSG00000249898",-0.572840227593465,0.0209409509407517
"GIPR",-1.29536781624304,0.0209550342040278
"EIF2B1",-0.159440927185006,0.0210015911126448
"ENSG00000279738",0.385059649910417,0.0210120775804427
"GPR119",0.522745409818234,0.021022628777586
"UTP14C",-1.55423887069549,0.0210282019580329
"EEF1A1P19",0.720772362419439,0.0210290337231283
"TMA16",-0.257714055468877,0.0210320259080436
"MTERF3",-0.212337980384696,0.0210722458755013
"KDM5D",-0.15753315127626,0.021094761423168
"ADNP-AS1",-0.493455721194293,0.0210957481374954
"POLD1",-0.216219411984785,0.0210962371539912
"BRIX1",-0.248784607429861,0.0210997601560399
"PTPN3",0.186173681052829,0.021157161173558
"PIM2",0.240990346018197,0.0211630054019543
"ANKHD1-DT",0.343214433557117,0.0211695720293348
"FOXD4",-0.715412814248554,0.0211821003632142
"SEC14L5",-1.04699270080478,0.0211921372269162
"LOC107984128",-4.09993234441273,0.0211945211532369
"FAM171A2",-0.346399803966225,0.021195031599127
"MED7",-0.269732023289506,0.0212150011332647
"PCNX3",0.243691568794317,0.0212169404235344
"SELENOK",0.334970349299222,0.0212520892215291
"CC2D1A",0.285980951900883,0.0212676673527171
"DDX39A",0.191845140283122,0.021303971316642
"ZNF280C",-0.283185187356024,0.0213065429129487
"ZNF572",-0.343571016464039,0.0213392908796888
"PRSS53",0.247479661299108,0.0213731511145778
"THRA",0.225593749646931,0.0214017782276131
"ENSG00000280161",-0.931626991986387,0.0214093514743861
"ENSG00000232874",-1.22060741788364,0.0214128419476365
"NUP50",0.144362092408683,0.0214313200902263
"MTA1",-0.180626099850318,0.0214557573911085
"ENSG00000275936",-1.60661282773529,0.0214952451611864
"IKZF2",-1.04924793004664,0.0215242735156667
"ITGA9-AS1",-0.709836375834421,0.0215454721913027
"LOC105373347",-1.55920260516216,0.0215786723033382
"TMEM245",0.242335451193598,0.0215974286900075
"ALMS1-IT1",0.815544972052058,0.0216261253887707
"NFU1",-0.277262081885677,0.0216584077943678
"NES",-0.44483970577887,0.0216764224524821
"PHKA1",-0.225826067676142,0.0216912368910115
"CHCHD5",-0.270943372703761,0.0216925315138577
"GATA2",-0.290450030969541,0.0216951818591092
"HCCS-DT",-0.703863054684383,0.0216970063940098
"DMAP1",0.169276371181202,0.0217106576825172
"VEGFD",-0.623692881922471,0.0217109056624606
"ENSG00000258768",-0.623139179204745,0.0217331952868155
"NXPE3",0.267389085987078,0.0217455036370017
"WDR11-DT",-0.939071912801641,0.0217617422576528
"DNAJC9-AS1",-0.38137448159274,0.0217996012470038
"LRMDA",0.300575414068077,0.0218192511382098
"RARS2",0.199547393969538,0.0218262588394406
"SS18L1",0.213890290794566,0.0218394282080819
"TTC21A",-0.714712603868372,0.0218758001750282
"LINC00886",-0.571480233862802,0.0218991993212781
"SNORC",0.239747376328992,0.0219155204111909
"IL32",-0.258678622422145,0.0219167132835502
"ENSG00000287257",-1.40361706532514,0.0219668332635747
"NEAT1",-0.275505802369072,0.0219839040498984
"C5orf15",0.201715233620563,0.0219905800769131
"ENTPD2",-0.340926434457179,0.0220128501838057
"SDE2",0.167875013688654,0.0220184974410321
"PPFIA4",-0.916575375597522,0.0220214915890551
"MANEA-DT",-0.554686983003876,0.0220226751968338
"CHRNE",-0.508322545722512,0.0220259288435282
"ENSG00000307956",0.601491065066571,0.0220437234297357
"FAM210A",0.20577366024402,0.0220483547458484
"PSPC1",-0.180047752020923,0.0220487218431401
"UNC93A",-0.297043797636765,0.0220532276882276
"FAM174C",-0.684769439044925,0.0220587068314178
"RALB",0.262718231873085,0.0220851916434882
"OGFR-AS1",-0.445372333939876,0.0220997676266032
"PROC",-0.175363175953051,0.02211039360933
"IPO5",0.166278961770494,0.0221338201608172
"SPIRE1",0.23034306648823,0.0221371520144206
"ENSG00000258938",-0.777196083987153,0.0221422396273606
"ST3GAL5",0.327865032732034,0.022148672591138
"CHURC1-FNTB",-0.920489611585904,0.0221596957520237
"SUMO3",0.261789213705127,0.0221645145989703
"PRDM4",0.181452310234155,0.0221732531919205
"IFT122",0.268870263057213,0.0222092264284595
"ITGA2",0.480188223086551,0.0222147009173871
"ENSG00000270720",-1.14652640143127,0.0222148856316894
"HELLS",-0.20938918918941,0.0222149780311331
"ENSG00000288844",-0.959966813258537,0.0222396763257363
"ZFAND1",0.159864092041362,0.022247417879378
"LSP1",-0.877445734353855,0.0222768371362772
"CCDC88A",-0.241517444394291,0.0222993019793987
"MOCS1",-0.225067316921814,0.0222993803815893
"COQ9",-0.172203080117059,0.0223042122414866
"ENSG00000258674",-0.491698874894302,0.0223348995118539
"SUV39H2",0.191728767647922,0.0223517500402416
"MTRR",-0.154424895938361,0.0223569293189049
"NRP1",-0.447584318894907,0.022359228908772
"HS2ST1",0.238633247091623,0.0223601728782975
"ZNF160",0.221137450813108,0.022380421210468
"ENSG00000275180",-0.458960082996123,0.0223918718450877
"SIPA1L3",-0.199313406393532,0.0224222995504898
"BTBD7",0.192331516011348,0.0224258644229611
"ARRDC3-AS1",-0.697002027242443,0.0224316382157907
"ENSG00000296951",0.773773619072551,0.0224324932141338
"ZNF776",0.220828345082843,0.0224331086971483
"UPK1A",-1.78328441277451,0.0224350345641636
"ENSA",0.169541975709593,0.02244493710332
"FMNL3",-0.372884167861264,0.0224597564365133
"ENSG00000272892",-0.973388603129395,0.0224815119286344
"SMG5",0.17846136469022,0.0224866311496799
"RNF121",0.261355351409204,0.0224893283104686
"EFCAB2",-0.214321830636458,0.0224952126125323
"SHANK2",0.187485039626999,0.0225165932958033
"ENSG00000226964",-0.488784048065689,0.0225195291297304
"RPS7P1",-0.466031021992396,0.0225227447954285
"SSPOP",-0.771603587803834,0.0225241407858285
"ENSG00000290728",0.364637147875989,0.0225758500425931
"SLC27A2",-0.22672181623591,0.0225856481555885
"ENSG00000275092",1.26267038756189,0.0225932544211088
"TMEM269",-1.1124662774801,0.0226006255172042
"SRR",-0.375630479605463,0.0226032125847082
"GOLGA2P7",0.205386172036567,0.0226123565545648
"MKNK1",-0.197515399526999,0.0226160625707101
"WDPCP",-0.330405201031415,0.0226388884224168
"ENSG00000280099",-0.442059943527782,0.0226393266105638
"C2orf76",-0.337517232437564,0.0226752834346249
"ENSG00000291018",-0.823131046008572,0.0226941140425449
"ARID3A",0.180980018673777,0.0227022320192838
"BMS1P4-AGAP5",-1.48402965472636,0.0227179608520825
"MEIS1",-0.327186356449948,0.0227410887776651
"ASH1L",0.191629848581954,0.0227704655902391
"LCN15",0.582464054331911,0.0227985919774156
"ENSG00000260816",-0.520827338980174,0.0228065867381175
"TMEM14B",-0.221278117687862,0.0228147716990794
"ELOF1",-0.216225457013355,0.0228186869333494
"ENSG00000229728",-1.42803574924315,0.0229054583949693
"ENSG00000249849",-1.15453223784219,0.0229087258870601
"ERAL1",0.181308803582168,0.0229119243354049
"KIAA0319L",0.14361941794982,0.0229144172767465
"ENPP2",0.467955673446638,0.0229194254991438
"ENSG00000303069",-0.797770239744591,0.0229339290529173
"TRIM74",-1.21873204548864,0.0229372139246842
"ENSG00000277223",0.712459485259493,0.0229405141667499
"CLNS1A",-0.190853204380376,0.0229454920730787
"MYO6",0.21477758935552,0.0229714493890071
"USP25",0.181316170116189,0.0229797750998644
"CLDN2",-0.578619224497344,0.0230083473774316
"SOX12",0.219012352943072,0.0230098530543434
"MLX",0.144693573582525,0.0230155741937163
"STAT1",-0.182020607459107,0.0230176445810611
"PMM2",-0.144949660431639,0.0230256286015669
"ENSG00000272779",0.51136063284923,0.0230378289546516
"ENSG00000280378",0.951570034428356,0.0230398434619954
"MMUT",0.203184238410935,0.0230518596571145
"RALGAPA1P1",0.812431290621345,0.0230621471310715
"ZNF790",0.379272543528156,0.0230889089907728
"ENSG00000295949",-1.14736808355261,0.0230890003905669
"ENSG00000272983",-1.27230009071103,0.0230913121296419
"HSD17B3",-2.0064145866411,0.0230994812925198
"LOC107985767",-0.837068557667898,0.0230997057804378
"VN1R1",0.651045462324788,0.0231002982471835
"ENSG00000289281",-0.826963194795062,0.0231089257040503
"LINC02008",0.366758862372096,0.0231357681992637
"SUGT1P4-STRA6LP",0.389676510484616,0.0231371570287876
"MEGF9",0.280138671637712,0.0231419998546109
"DUXAP9",-0.195489826678203,0.0231580010610214
"MUC3A",-1.15986107351916,0.0231699803744533
"ENSG00000280537",-0.567072250193915,0.0231705270049096
"FN1",0.239306471949737,0.023171636101492
"ENSG00000286408",-0.812397591798736,0.0231978351075712
"ENSG00000263244",0.233277518297874,0.0232131323295642
"BOK",-0.181978859045132,0.0232193472534204
"EXOC6B",0.179103182385627,0.023235720860072
"NRAV",-0.44099354391289,0.0232462571270155
"PRELID3A",-0.247403884814299,0.0232812354587984
"THOC7",-0.276372137766034,0.023300881520187
"CASP1",-0.696669279026362,0.0233092631910171
"ENSG00000291078",-0.370429781108093,0.0233205239495704
"TAF10",-0.260614814208048,0.023326689035544
"ENO2",-0.252881095735286,0.0233390505905177
"DUSP1",-0.40451760943441,0.0233781926975276
"ENSG00000254676",-1.18550623472955,0.0233821445420351
"STX5",0.263264537285898,0.0233919337313891
"SCLT1",-0.202386169701971,0.0234241420195108
"NUDCD2",0.222629925995738,0.0234249630966379
"THAP2",-0.376676098084545,0.0234294713572689
"SUGT1P4-STRA6LP-CCDC180",-0.969339531796756,0.0234330253578584
"CGN",-0.389938525997819,0.0234487155490041
"MYO10",0.288623167146256,0.0234519599504292
"ABCC10",0.220057324922965,0.0234565312235134
"ENSG00000270937",-2.43310853370634,0.0234702604480844
"SLC25A42",0.222437128065373,0.0234710627142012
"UBA3",0.158004158290952,0.0234726341256143
"EPC2",0.196243620898145,0.0234733556924184
"ZNF440",-0.291439352468564,0.0234919163467466
"GNAL",-1.06573438243325,0.0235132108197012
"ARHGAP1",-0.183836381776042,0.023523100259263
"LOC105377035",-1.24104305655146,0.0235265114790896
"ENSG00000290848",-0.841027226157744,0.0235440955133348
"PAICS",-0.243826966101306,0.0236304524709783
"LOC115308161",-0.595026599746342,0.0236445875765291
"ENSG00000293076",0.529485624407655,0.0236503498566834
"SRPRB",0.22460639777127,0.0237136169929995
"ADAM9",0.230115718358588,0.0237232492526497
"ZNHIT2",-0.46919913630479,0.0237367166025771
"POLR2K",0.204797300222734,0.0237498484868794
"ARFRP1",-0.214645720885322,0.0237572890630966
"PAIP2B",-0.450444600449456,0.0237798868495415
"NSMF",-0.202725906314333,0.0237814825698263
"ENSG00000226465",-0.285898625820772,0.0237976317826182
"RPL9P8",0.34764154284253,0.0238252009964827
"REV1",0.184210156058316,0.0238313437603903
"CFAP184",-0.796512682651618,0.0238584163137803
"CCNDBP1",0.284072430828339,0.0238766549364353
"VWA8",-0.161147408991942,0.0238822975493501
"RNF115",0.19512000767035,0.0239410782292444
"ABHD17C",-0.533985421850027,0.0239413958327043
"DNAJB4",0.25148046889564,0.0239695224716761
"ENSG00000289182",-0.756571362464982,0.0239756678211108
"TRIM50",-0.523885911107743,0.0239783418976836
"SLC12A4",0.213774693789626,0.0239835093770924
"PKD2L1",-1.11159733481169,0.0240041668156931
"ENSG00000226471",-0.57178245721052,0.0240047455007971
"CLCF1",-0.782135442438496,0.0240374956641717
"NANS",0.182334090487695,0.0240634923247212
"SLC16A5",-1.12858368882543,0.0240682101803088
"LOC101928669",-0.708309070905315,0.0240724534442822
"RAB11FIP5",0.278577545627532,0.0241004881435131
"TRIM38",0.193982642585843,0.0241120368404581
"CLN5",-0.233338464736491,0.024121733363756
"ENSG00000261266",0.888633974246542,0.0241288459183929
"LINC02212",-1.76641169859791,0.0241601088700902
"BRIP1",-0.284008486447559,0.0241722157197696
"CLASP1",0.176098697308919,0.0241841677930507
"EI24",0.172805701522394,0.0242302173283043
"ENSG00000284773",-1.48171601097101,0.0242309913335846
"STRAP",0.20335845079869,0.0242386571466273
"LOC100289333",-0.41353833962837,0.0242434627209154
"SCARB2",0.205056343538577,0.0242834916492217
"ENSG00000260211",-0.87492360055563,0.0243205260350077
"ENSG00000257921",-1.99852700493417,0.0243856711221122
"ENSG00000289393",-0.545552533561121,0.0244133402086465
"SFXN4",-0.233189916071351,0.0244420210892336
"UBE2I-AS1",-0.980190582337275,0.024457726772989
"TMEM150A",-0.187705332598181,0.0244703617238217
"RASIP1",-0.503165392703921,0.0244704605405105
"ZMYND12",-0.953255518519705,0.0244762387727711
"ENSG00000272523",-0.546424758392693,0.024476633019488
"DCLRE1C",0.258382835576466,0.0244919710072669
"LINC01844",-0.894704887524723,0.0245177405080467
"GLB1",0.244390040189751,0.0245324637122188
"ENSG00000290835",-0.196648563853842,0.0245850251706835
"ROBO3",-0.944540027463832,0.024591989686226
"DMTN",0.27474741636969,0.0245927509288482
"ATP6AP1-DT",-0.631272840684586,0.0245943187695974
"EIF3E",0.220233441857187,0.0245964520964355
"ANAPC10",-0.251936297427152,0.0246134993997911
"LOC124905202",-0.563680483366956,0.024673163033621
"PET117",-0.325440845730831,0.0246740769297066
"ENSG00000259132",-0.545387840369056,0.0246868860592411
"BBX",0.193161834474974,0.0247255802103821
"UBE3D",0.258873014090698,0.0247386849337815
"RALGPS1",-0.27715202432039,0.0247478199692371
"RAPGEF1",0.239147021142478,0.0247664803604061
"LOC100289473",-0.665274928084188,0.0247720290996523
"CYP4F11",-0.34037363759531,0.0248223620806086
"IKZF4",0.273646126832681,0.0248411001332431
"LOC124902453",0.235294285264716,0.0248868518371983
"ENSG00000289504",1.03492573175541,0.0249548777114175
"FYB2",-0.54182899858281,0.0249857027562875
"COQ6",0.215129525546632,0.0249915770485175
"SH3BGR",-1.03260745774605,0.0250192846463311
"CAP1",0.225425120941737,0.0250491775694304
"PTMA",-0.216358403230787,0.025052505311624
"PIGB",-0.239416071603972,0.0250607580655275
"SPATA7",-0.377967598869841,0.0250677753258348
"SIAH2",-0.259551526387096,0.0250866812504288
"ENSG00000287574",-1.30429464771945,0.0251022539665856
"RBM26",0.174226786495079,0.0251026288926359
"CD14",-0.370220896263634,0.0251138158330156
"H3C10",-0.442689764526412,0.0251158292653653
"TSPAN6",0.211496055455678,0.0251481717248379
"ENSG00000271576",-0.314651390464319,0.0251503067707393
"NDUFA7",-0.245539796363114,0.0251527278335575
"ENSG00000282772",-1.24643463531243,0.0251924343557188
"JPT1",-0.202821739566643,0.0252309789106989
"PSD",-0.718600091179314,0.0252363495587338
"DDX20",0.231718721283676,0.0252500820443303
"DNMT3L",-1.08334196557014,0.0252524786940204
"PCDHGB2",0.608153792843597,0.0252733960583705
"ENSG00000296426",-1.28555900351809,0.0252809410079266
"UBE2I",0.173050449116973,0.025298709270003
"ZNF335",-0.188329530622385,0.0252991591162282
"LINC03015",-0.942036501663356,0.0253023547430186
"AKIRIN1",0.237146152283569,0.0253307621943298
"GALK1",-0.305312047698071,0.0253361389032372
"SLC22A7",-0.803307251010706,0.0253457530243683
"CSTF1",0.152338534112966,0.0253548559221644
"UBXN2B",0.281670904236015,0.0253579953806825
"ZNF593",-0.288031042209665,0.025395811551832
"PROX1-AS1",-0.530876056128226,0.0253984682568371
"TIA1",0.203471077529318,0.0253994141821011
"PRP4K",0.196169471381216,0.0254246053454355
"STT3A",0.246700410120345,0.0254326741758105
"GRSF1",0.187371319346527,0.0254597639414777
"ZHX1",0.181507926205583,0.0254773382506523
"AGPAT3",0.182864703664945,0.0255274287364744
"CDKL5",0.282858835637887,0.0255291434321379
"HIGD1A",0.231412723489008,0.0255299735481233
"ENSG00000233871",-0.568949040530257,0.0255314356016127
"JPX",-0.189612568859331,0.0255472320157762
"SHPRH",0.268271197848735,0.0255612135583681
"LINC02541",-1.08743439563247,0.0255708078454222
"CP",0.225700347942131,0.025613128752671
"MOK",-0.288848442274165,0.0256137923585227
"OGFOD1",0.169728039980602,0.0256254891288262
"ENSG00000277945",1.49672852304453,0.0256762384605923
"ENSG00000293016",-0.68155831704338,0.0256838488481967
"ASIC1",-0.777480748325177,0.0256972357455692
"SOCS6",0.185428303603895,0.0257009252692412
"CCR4",1.05013324065843,0.0257174956318083
"ENSG00000240758",-0.614124969558835,0.0257178860517795
"PDGFA",-0.814710667249016,0.0257405499716723
"ENSG00000214331",-2.25512634458665,0.0257648289628814
"PGRMC2",0.15539047862807,0.0257786243336513
"PSKH1",-0.19591361228201,0.0257960329212492
"SMG1P7",-0.38675023644071,0.0258068800775014
"TTC9",1.43221018572192,0.025823905800459
"ENSG00000287780",-0.613708945335893,0.0258572772657056
"NABP2",-0.210685515997148,0.0258662097542982
"SLC2A2",-0.220313248558783,0.0259118483440337
"ABTB3",0.379073071144628,0.0259139752638656
"TAT-AS1",-0.818448141506959,0.0259228668896465
"TTC32",-0.277141783451348,0.0259920058069733
"MTSS2",0.278513412274077,0.0260304055904824
"SBK3",-0.843364902703856,0.0260404559989092
"ENSG00000286067",-1.13876462525064,0.0260532205086986
"SLC25A24",0.243642248548722,0.0260634751763393
"ENSG00000270605",-0.321991593950935,0.0260721848137887
"CRIPTO",-0.446790473592771,0.0260792933839694
"VAX2",-0.503408511721452,0.0260984406752149
"ENSG00000272572",-0.808237927618675,0.0261108806909892
"SYDE1",-0.36328944136413,0.0261134249247568
"CMTM8",0.193505329475335,0.0261178892764859
"CA12",-0.687271282941155,0.0261294020291844
"HAL",-0.479492451481876,0.0261542986399317
"PSPN",0.27793970973454,0.0261800112216893
"ZC3H15",0.169586441152716,0.0261805338441759
"TAS1R1",-0.528400531026074,0.026200029316668
"WDR89",-0.247704055455997,0.026213095853344
"PDCL3",-0.226029238569838,0.0262319852302696
"ENSG00000270066",-0.775178719627877,0.0262551400354686
"ENSG00000273343",1.03180122981302,0.0262585199275798
"ENSG00000277324",-1.27370129874846,0.0263121671613615
"GATC",0.15941281460049,0.0263189025584022
"MGAT4EP",-0.509313845509911,0.0263247930553536
"ENSG00000289353",0.316846872470777,0.026325511742541
"ENSG00000237436",-1.09158498022996,0.0263448496286168
"CMAS",-0.218817392326649,0.0263779118528956
"BAAT",0.577484722515277,0.0264145464966201
"ENSG00000251595",-0.473411475260057,0.0264202377188097
"THAP11",0.218579071848364,0.0264341350265644
"ARSB",0.191970716917818,0.0264536339006814
"ZNF155",0.287735326239813,0.0264674774164573
"CA5A",-0.21163685385898,0.0264790521629818
"RFC3",0.146593899558463,0.0264807329979363
"ENSG00000229609",-0.466132897082278,0.0264821409387602
"EIF3M",-0.177437566503103,0.0264856681744624
"ENSG00000288559",0.42306726020721,0.0264948474534582
"RPN1",0.231645163542101,0.0264988493769426
"BABAM1",-0.15145696615221,0.0265091816752864
"PARP10",-0.217470548725752,0.0265114741975909
"CRYAB",-0.671375715823446,0.0265121783222796
"FOXP1",0.155737503323065,0.0265348638446641
"LOC105371354",-1.00380174617327,0.0265466185400128
"FER1L5",-1.08523151129271,0.0265721398755974
"ADPRHL1",-0.769580329684779,0.0266238150622785
"PEG13",-0.607764186058993,0.026626305533294
"LRRC46",-0.835467291251564,0.0266479760668399
"DAB2",0.297655351953386,0.0266712004804152
"TUBB8B",-0.525419184171829,0.0267004768416793
"RBM43",-0.393786089599386,0.0267224549523006
"IL17RA",-0.19954218411398,0.0267245831502725
"LINC01426",-0.305248665855497,0.0267413096177174
"SUV39H1",0.251285908781667,0.0267440660285246
"LINC01409",0.36452819722685,0.0267896250789703
"BSN",-0.338222715449517,0.0268434607367381
"ENSG00000294279",-0.484213095718575,0.0268521872073281
"ENSG00000275236",-1.2883202585762,0.0269032769622095
"ENSG00000289316",0.382533852966174,0.0269063005905796
"ENSG00000267475",-1.40374891976277,0.0269409423066084
"CTPS2",-0.176023505864667,0.0269501917978599
"DTX2P1-UPK3BP1-PMS2P11",-0.406574365892157,0.0269685308430618
"NOL6",0.205546963374117,0.0269742636180385
"PNRC2",0.197077489038107,0.0269864845430196
"FAM174A",0.274305779404217,0.0269911251092153
"MUSTN1",-1.61208670598091,0.0269975549218621
"LINC02569",-1.40021679915161,0.0270530094493031
"NARF-AS2",-0.698523109421435,0.0270555180071603
"SCAMP3",0.162624822705751,0.0270666128858474
"CITED2",0.246139035319274,0.0271034238102802
"ENSG00000287129",-0.689885381926926,0.0271070108723037
"PLCXD2",0.37000905244115,0.0271144370084578
"ERLIN2",-0.18252400197219,0.0271261940528159
"ENSG00000224093",-0.310053878306293,0.0271290319337374
"CKMT2-AS1",-0.245008540847551,0.0271564198141386
"ENSG00000278909",0.342118905054616,0.02718462233941
"NOL12",-0.204809166180913,0.0272376574329444
"IMP3",-0.176805874300931,0.027335271751664
"ENSG00000259205",-0.709838010234801,0.0273359643608193
"HINT1",0.157131758701653,0.0273421657020928
"CACNB4",0.497384869667461,0.027344427423051
"CBX2",-0.348648159812953,0.0273498672455476
"POP4",-0.204192344451386,0.0273539486829506
"BICRA",0.223256628720845,0.0273564736627494
"ENSG00000224810",-2.23701226536898,0.0273684511003404
"MRPS12",-0.256332600443885,0.0274118847428883
"HSBP1",0.207548696924726,0.0274216844983045
"HACL1",-0.248251039869101,0.027431570761946
"DSC2",0.284563360278277,0.0274423480341012
"CAVIN4",-0.67415779303796,0.027448836015397
"EXD2",0.181206581037308,0.0274651638143286
"SELENOT",0.19676365656235,0.0274997968152585
"SMIM15",-0.146110650453904,0.0275034032209254
"AOPEP",0.185184236863347,0.0275166426594926
"SEZ6L2",0.286691249645142,0.0275271388006066
"TASOR",-0.188694158493629,0.0275327979951772
"COA1",0.14823391302991,0.0275590835737095
"SLX4",-0.291465168176644,0.0276090687592205
"SARS1",0.203521941983108,0.0276307375643965
"BHMT2",-0.279375463073101,0.02763074578818
"ENSG00000287978",0.911347696862342,0.0276341764865604
"DYNC2I1",-0.247146413677156,0.0276414601146696
"ARMT1",0.209327161412608,0.0277068540700539
"ATE1",0.178126403603485,0.0277146992638506
"ST13",0.194252628126053,0.0277228607703691
"RPAP3",0.19579145029095,0.0277234759573291
"ENSG00000259353",-0.580881645660083,0.0277307262335757
"LENG8-AS1",-0.364877115769855,0.0277477811627161
"IL10RB",-0.208751422482873,0.0277691591062809
"LOC100652768",-0.718392654167842,0.0277860537717072
"SSH2",-0.212558927400612,0.0277960734221061
"STAT6",-0.170290370453623,0.0278199368813116
"RAP2B",0.301276760867413,0.0278204374462323
"ENSG00000293404",-1.13808212795408,0.0278238391323255
"ENSG00000275485",-1.23207155623714,0.0278294825960749
"LINC01876",-0.460667827485491,0.0278385356306288
"RAP1GAP",-0.185097529152141,0.0278766724089128
"FAM20C",-0.293625157739892,0.0278797682814234
"ENSG00000287529",-1.52389954380026,0.0278876741156844
"ENSG00000276728",-0.532080021834709,0.0279763185731333
"MRPL45",-0.24929867906935,0.0279824512585535
"GFUS",-0.185761238335942,0.0279983291672302
"IGSF1",0.242627922770093,0.028011658215592
"STEAP2",-0.186228937250442,0.0280209335840388
"CYP2U1-AS1",-0.646686665861305,0.028026693383891
"PKD1P2",-0.310585309231763,0.0280332094153335
"ZDHHC2",0.209558455787501,0.0280342245237938
"ENSG00000285085",-0.72540089044084,0.0280374296609343
"CHD3",-0.156547387190661,0.0280559134235332
"PNO1",-0.272261834721281,0.0280896550395389
"COA6-AS1",-0.451969409968465,0.0280965804118061
"PGCKA1",-0.909266496208528,0.0281244110255866
"ENSG00000288748",0.773215221085051,0.0281353274417852
"ACVR2A",0.177264098667,0.0281439103566731
"ALG14",0.206348639976073,0.0281503784980264
"ENSG00000266378",0.284793360922229,0.028208527993111
"LOC102723566",-0.906848616839772,0.0282132272945291
"RILPL1",-0.20948575945944,0.0282249772245505
"CAPRIN1",0.169027428444333,0.0282267810109315
"ENSG00000293399",-0.97666429702165,0.0282589557414488
"AHDC1",-0.23132539441826,0.0282636402656706
"HYCC1",0.227603220671166,0.0282700235286412
"ACSM1",-0.505458224233262,0.0283431825278781
"WRAP53",0.197335922355855,0.028353829894679
"ENSG00000269947",-0.669959180731688,0.0283723090847512
"ENY2",0.167628425626411,0.0284281680190527
"KLF15",-0.364902762062049,0.0284328729800364
"TRIM26",-0.143824641379295,0.0284535221308066
"SNAPC5",-0.273826518043998,0.0284554961843102
"DNAH17",-0.53485688022382,0.0284619028129511
"ENSG00000286787",-1.0775291261616,0.0284975262174696
"LOC124900713",-0.468737632539445,0.0285175796751286
"POLR1H",-0.16994592481358,0.028520867815866
"PACS1",0.196939310518899,0.0285347819665552
"CEBPB",-0.23726425788224,0.0285493432483292
"LOC124903883",-1.18288167496761,0.0285632816344223
"ZNF878",-0.333019838841215,0.0285682308530549
"C4orf33",-0.360281316675233,0.0285695321456726
"ENSG00000225345",-1.22503049200624,0.028582456880838
"KRT10",0.193666174071683,0.0285826521883771
"LRRC59",0.211226268852421,0.0286036672900354
"NDUFV2-AS1",-0.610800532962105,0.0286100658615053
"PPP1R3G",-0.284664675747598,0.0286275575237832
"RASL11A",-0.544980634913802,0.0286392130206932
"EXOSC7",0.180851006901813,0.0286505953239704
"ZNF350",0.306226622707164,0.0286724410389979
"ZNF214",-0.56548940819328,0.0286942627655474
"RAB29",0.22534766398601,0.0287137676556526
"ENSG00000230663",-1.17318695191593,0.0287416160649775
"LIPA",0.314198082358152,0.0287418037150696
"ARIH2",0.145727405301903,0.0287528709063575
"LOC105370460",0.465332084297046,0.0287533641269733
"RPL7AP16",0.675818445385745,0.028757312319961
"TOX4",0.16161206483369,0.0287720250700896
"UBL7",0.224998689833059,0.0288240852551983
"ITGB1",0.197282776432214,0.0288354680236523
"G6PD",-0.215207928584911,0.0288357384163737
"MKKS",0.168087379950201,0.0288890382071401
"ENSG00000270096",-1.54924389119465,0.0289028391706108
"ZNF354B",-0.256771041667548,0.0289101716319013
"GPS2",0.181985239975105,0.028921063367983
"ENSG00000238039",-0.857632689486911,0.028922371189099
"ENSG00000306481",-1.0490824757544,0.0289364787880152
"NOLC1",-0.194204424896028,0.0289396897039809
"SLAIN1",-0.369054093742833,0.0289721114574876
"ECI1",-0.169061496970561,0.0289820224516951
"PLS3-AS1",-1.81990399730795,0.0289946209478775
"ENSG00000272750",-0.880391463987881,0.0289995514524421
"EIF3J-DT",-0.199830063772154,0.0290088096918348
"ENSG00000307699",-0.866439577547144,0.0290237244786202
"DRD4",-0.746151563259586,0.029068321654221
"ENSG00000278600",0.236492710819111,0.0291332111651102
"ENSG00000214273",-0.927845757649642,0.0291648842732984
"TBCD",0.155266867897024,0.0291706386833474
"CSF1",-0.273811809364902,0.0291951274000312
"INTS5",-0.227055481941142,0.0292041241162675
"GPX4",0.199615527947053,0.0292155226646235
"THUMPD2",0.183124253359085,0.0292271891718238
"HMGA1",-0.33090637142173,0.029289154022195
"ANGPTL4",0.457894210004596,0.0293194322689739
"DDA1",0.161677088072028,0.0293216131098859
"ENSG00000286379",-1.17811430185146,0.0293419422479134
"ENSG00000213411",-1.14446101349975,0.0293658087883932
"PABIR3",-0.497905769609269,0.0293945127094888
"MIEN1",-0.292433711852008,0.029438063553556
"GNL2",0.180855967954384,0.0294397718189415
"GPAA1",0.233669965292391,0.0294481984632086
"ODAD4",-1.07617154468422,0.0294705239346224
"ZNF559",0.232691802354372,0.0294747776152078
"FBXO5",0.18962401845758,0.0294959937233749
"ZNF649",0.415712429580026,0.0295154714634799
"HEXIM2-AS2",-0.46091228678905,0.0295535371470745
"ENSG00000258982",-0.77012302349986,0.0296057425714112
"ENSG00000286747",-0.754601141880112,0.0296106870939674
"EEF1A2",-0.602305176194957,0.0296305516793768
"ENSG00000307823",-0.756804276257273,0.0296385098531734
"TAFAZZIN",0.24225152624301,0.0296786844777456
"MRTO4",-0.218940701326524,0.0296855744401783
"MAFB",1.08790515198368,0.0297160298353948
"PTPN21",-0.340860749600767,0.0297309996737977
"ASAH2B",0.267263799862661,0.0297492055975995
"PPP1R14D",-0.768834146077169,0.0297533890344186
"PIP4K2B",0.136922545418802,0.0297671185146592
"LOC105376380",1.12389922988553,0.0297782954724176
"ABHD12",-0.179288842508877,0.0298139353226825
"SPPL2A",0.245828608503738,0.0298432731098522
"ARHGEF11",0.168472794461782,0.0298476234208083
"ARHGAP10",-0.423009508195766,0.0298668296588216
"RBM24",0.829461263686159,0.0298822905715301
"CSTB",-0.287595731906868,0.0298843517774459
"TNFRSF13C",-0.974517689158288,0.0298897106384842
"ENSG00000272906",-0.67528397694475,0.0299011601738677
"ZG16B",-0.506711688078976,0.0299142810075551
"SLC4A2",0.200573533799754,0.029954139138245
"TXNDC5",0.196824798210836,0.0299570871478992
"ENSG00000279425",-0.480757264764972,0.0299748514587956
"MEF2A",-0.164891170309765,0.0300134183430747
"ENSG00000299933",-0.498940833215845,0.0300280612015937
"MMP17",-0.985467793101756,0.0300451416547688
"SLC15A2",0.338882213476416,0.0300512685085058
"MICU3",0.330135187559154,0.0301107193593076
"ENSG00000223546",-0.269444761256368,0.030111677862644
"TOP6BL",-0.224741103639733,0.0301163115860369
"ENSG00000253102",-0.879744734891995,0.0301263910436841
"PPME1",0.170161886370483,0.0301453460132734
"SEMA6A",0.69968477901215,0.0301721698321474
"SCART1",0.299826268555946,0.030174672065263
"MDM1",-0.243755511651393,0.0301900319937459
"JAML",-0.45276110159069,0.030207236739519
"HINT2",-0.238233518953325,0.0302154532975073
"RHNO1",-0.211532301373337,0.0302223763099458
"FXYD1",0.424165457296233,0.0302359811488837
"NCOA2",0.208117667519946,0.0302516388028299
"ENSG00000261324",-0.325167756171457,0.0302771529358891
"MRPL43",0.14611223361558,0.030294505760441
"GDPD3",-0.274158072493154,0.0303251481708223
"TGFBRAP1",0.182018572977586,0.0303387974084848
"ELOVL3",-0.650549539601889,0.0303642830837686
"LOC107986250",-0.515631510562472,0.0303858476527186
"LINC02762",-1.04630104735587,0.0304371358125631
"AP3S1",0.144233204800042,0.0304563374650249
"IKBKE",-0.343130829237154,0.0304787213602145
"AXIN1",0.17152672167011,0.0305018147591604
"ENSG00000272655",-0.985769690393985,0.0305372641968491
"NAA20",-0.184418525240698,0.0305883665081023
"RAB20",0.356450015703197,0.0305952640774057
"HK2",0.400908018061218,0.0306083551444849
"PIN4",-0.252978802718277,0.0306364397913062
"EFHD2",-0.266216772647664,0.030662430471962
"LOC124907779",-0.519337547634125,0.0306639298050866
"ENSG00000307532",-0.707553055533522,0.0306647578075226
"CEP43",0.187354772779409,0.030668843298844
"CEP295",0.270951234172947,0.0307373616964839
"MRPS35",0.206399312957522,0.0307385447651186
"MAP3K10",-0.217989358742773,0.0307414929929583
"TRAF3IP2",0.335819453829708,0.0307577783457419
"ING4",0.189627268610783,0.0307676052312665
"APTR",-0.207498779547052,0.0307678843963367
"SRSF11",0.20439264911674,0.0307843602195054
"ZNF875",0.168039793999418,0.0308137853247937
"VAMP1",0.250253917288567,0.0308378599663346
"LAIR1",-0.899536487185568,0.0308485901651904
"LOC441179",1.7799340952595,0.0308532943728623
"ENSG00000286656",-0.799680157651946,0.03087788585979
"NKAPD1",0.191479714703792,0.0309586036308922
"LOC101929130",-0.776712567606925,0.0309658816845978
"LOC100533634",-0.569916314651899,0.0309893074870825
"ZNF497",-0.326093173762843,0.0310048569577221
"ENSG00000224003",-0.75302016145392,0.0310119624222463
"VASH2",-0.370766977480642,0.0310176968222303
"RGS19",-0.301297829915756,0.0310196931038558
"ENSG00000272729",2.03211008540282,0.0310341119642003
"RSPH3",-0.297853474650587,0.031045813065874
"OSGEPL1-AS1",-0.719347808029914,0.0310620386279255
"FGD1",-0.298070296923682,0.0311020098936192
"SIM2",-1.07625284326085,0.031115044243714
"ENSG00000294822",-0.817444797959703,0.0311579176155231
"LOC105375259",-1.30161121526432,0.0311641386181463
"LOC122526780",-0.357996657460569,0.0311851080565755
"ANP32A",-0.169709967769665,0.0312112958569084
"COMMD3",-0.162615434988207,0.0312367708307098
"NLGN4Y",0.272831863856148,0.0312467399692377
"KHK",-0.226053104507584,0.0313007070322731
"PCNA",-0.164216769930711,0.0313012378510729
"MBLAC1",-0.459494698842205,0.0313108165378944
"DOCK4",0.194736686137862,0.0313143194727588
"ENSG00000275688",-0.321524993490325,0.0313256947002025
"BORCS6",0.282729043929802,0.0313552768121363
"CYTH3",0.431943779275077,0.0313655143962257
"MRPL20",-0.170543874471799,0.031409318533512
"DCBLD1",0.211693920584026,0.0314141835582614
"CAMKK2",0.209173583776317,0.0314204929933007
"LRRC39",-1.2077785250748,0.0314241769146766
"PSMB6",0.186788498169101,0.031425833981138
"RASSF7",-0.243910602781098,0.0314662858806521
"MIR4458HG",-0.293074472238275,0.0315196500266247
"NUP43",0.221994527619544,0.0315410184497338
"C17orf107",-0.640389564822873,0.0315674726413907
"NAPA",0.178157895148862,0.0315927216063808
"AKAP5",-0.403393992788792,0.0316103568541993
"ENSG00000258354",-1.90457933890502,0.0316107247666248
"NHLRC2",0.17918170670542,0.0316179642075212
"ARMC9",-0.162553179935431,0.0316437028431188
"RPL17P47",-0.774099485482961,0.0316944946137913
"SNHG31",-0.499473617381162,0.0317146307006316
"SDHAF1",0.239293978115907,0.0317201233331032
"LOC124902204",-0.864515843330943,0.0317371414240614
"ALKBH7",0.190767021045306,0.0317574393977228
"LACC1",-0.350377349295483,0.0317579501732273
"ZSCAN32",0.178922922412008,0.031761474243006
"TMLHE",-0.252011091600678,0.0318879548684285
"POPDC2",-0.845237539578334,0.0319245737979679
"LIN7A",0.20649296134847,0.0319405285689568
"ENSG00000269958",0.310228048568766,0.0319688775536427
"PCTP",0.191982770849771,0.0320178085658905
"RNF187",0.211581749637138,0.0320231685766079
"LOC124909412",-0.325999642647143,0.0320674859315919
"ENSG00000225187",-1.86647447995251,0.0320733910048217
"FKTN",0.15755675602819,0.0321033774297407
"PHKB",0.144675111739142,0.0321089645384495
"RNF157-AS1",-1.3760633452297,0.03212828945451
"INPP5E",0.183598813979918,0.0321331112198823
"PMEL",-0.766574279615907,0.0321375385924438
"USP5",0.153368569266826,0.0321545175143888
"ENSG00000275185",-0.4256764720721,0.0321594506947901
"FUNDC2",0.234328833147883,0.0321718185395138
"ENSG00000280279",-0.392833694294984,0.0321873274553633
"ILRUN-AS1",-0.300819684267411,0.0322204625406207
"UBE2V1",0.211522956844778,0.0322229987008251
"MTMR9LP",-0.363173101519217,0.032225189626434
"ZC4H2",0.199210875692783,0.0322365513989481
"DUSP22",0.173242247755685,0.0322383543377583
"ITIH5",0.494684660331325,0.032246148524977
"SMARCA4",-0.152737663767927,0.0322643084426351
"ALDH1A1",0.287335058070258,0.0323067726614868
"VIRMA-DT",-0.640753307164417,0.032371812236509
"ZFYVE26",0.174861689302669,0.0323821085609035
"ABCA5",0.334123366689261,0.0324017265669843
"LGALSL",0.188367775824675,0.0324497041790964
"MEGF8",0.243229107017262,0.0325499070558714
"SULT1A3",-0.271873709798183,0.0325631779801583
"ENSG00000301373",-0.964504502942897,0.0325690393163837
"HLA-DMA",0.400462374863199,0.0326470632357914
"CBARP",-0.236027745044876,0.0326548274739671
"EFCAB7",-0.261408540163259,0.0326787662329211
"ENSG00000286230",-1.19193478152808,0.0326953563781862
"ATOSB",0.347288303007915,0.032709443574481
"TRIP10",-0.137010028444723,0.0327244937034635
"E2F5",-0.260456935410109,0.0327287303723554
"SLC12A2",0.376102224476691,0.0327352690168714
"IGSF23",-0.472642959670729,0.0327412888869271
"ENSG00000299645",0.206285689946059,0.0327793854297852
"HECTD2",-0.267266620719729,0.0328251796027665
"ZNF404",-0.372114676682448,0.0328291797647681
"TLX1",-0.871623083639295,0.0328435485999284
"TNFRSF10C",-0.956446126074638,0.0328460238021004
"TNFAIP1",0.239801574596051,0.0328477237057616
"ENSG00000282876",-0.693240609863482,0.0328610972067315
"MAN1A2",-0.184409991828262,0.0328778310908698
"ATP2B1-AS1",-0.537829718232918,0.0328792417834909
"KIAA2013",0.169147238532152,0.0328795608980051
"ATP6AP2",0.214520738548071,0.0328915253046923
"TECTA",-1.25060717896105,0.0328921059964151
"ZNF570",0.298453565721032,0.0328951727716136
"MAP4",0.164764576073893,0.0329765018307398
"DOHH",0.265830233798154,0.032990081769093
"PPIF",0.174511004534554,0.0330078836634855
"DLD",0.177215690217088,0.0330940833440857
"DYRK4",-0.278652604336595,0.0330957087422771
"DTNA",0.324007097267111,0.033096200825704
"ZNF628",0.240376807546013,0.0331079023955531
"AJM1",-0.177469644437525,0.0331745324295769
"MAST3",0.208112048617953,0.0331804846602551
"NAIF1",0.374522733534879,0.033191099098128
"NAMPTP1",0.509754112321446,0.0331989636643807
"HINFP",0.193365933744723,0.0332477132393064
"ABCA10",-0.732653957047471,0.0332717617543569
"ENSG00000228589",0.487758931800403,0.0333494912016273
"CEP63",0.19287862782252,0.0333522562661455
"GLDN",0.67756166059224,0.0333899120173226
"RBCK1",-0.181309005358496,0.0334028318528915
"MANCR",1.93513645140888,0.0334070628420268
"TLR6",0.533743032284519,0.0334369852053888
"ENSG00000260063",-0.956637436059657,0.0335003477896589
"PFDN4",0.217428717721509,0.0335003883679237
"ZNF346",-0.181697514554491,0.0335233876594116
"STYX",0.190850592470986,0.0335377585989712
"MRPL3",-0.179170513502714,0.0335399276867417
"GCSH",-0.147708224254551,0.0335407703645857
"LOC105371485",0.90663346458964,0.0335467525194602
"ENSG00000305656",-0.382070591456755,0.0335488424058966
"LIFR-AS1",-0.748004958638632,0.0335633539587252
"PCBD1",-0.16572599378349,0.0335919702719619
"EID1",-0.266130535528791,0.0336731320323225
"MYOM1",-0.610508962581998,0.0336795507929475
"SLC23A2",0.147956498128687,0.0336805921393934
"RINT1",0.180027037233491,0.0337004504893603
"TSKU",0.257613940300458,0.0337221337297785
"TMEM168",0.304049246957884,0.0337310056587239
"TUT4",0.192819221435735,0.0337769558402395
"ENSG00000289558",-0.803523700398997,0.0337883773093678
"FITM1",-0.306345201977514,0.0338227348560765
"SLC25A18",-0.911790176355022,0.0338402812411206
"ZNF438",-0.468376294178904,0.0338403399486495
"SLC37A1",-0.903285997556238,0.0338449713883422
"HVCN1",-0.811340137822671,0.0339358566771203
"RPPH1",0.523038289906066,0.0339397977522288
"DRC12",-0.72594228903834,0.0339452935475077
"ENSG00000214773",-0.963960656907715,0.0339578341208249
"DIRC3",-0.924521745374171,0.0339688642606457
"PGAP3",-0.243075933981687,0.0339801163141444
"ENSG00000279133",0.300338090335313,0.0339905755056072
"ENSG00000272129",-0.578665722408956,0.0339983843242354
"ENSG00000271888",-0.810704514334311,0.0340112874133589
"NCBP2AS2",0.273737530022822,0.034026783284255
"CHCHD3",0.225703895442538,0.034033424083884
"CCDC134",0.258788468979253,0.0340401005018276
"TMSB4Y",-1.1466217031549,0.0340410647909957
"SPART-AS1",-0.656287909685011,0.0340478426757188
"C16orf89",-0.422639399723813,0.0340634503947782
"UGT2A3",0.25575850939554,0.0340659778355592
"CD7",0.284086898513647,0.0340718182331019
"HEATR6",-0.170097945784049,0.0340799303366706
"EFNA3",0.541090274109335,0.0340854216131046
"TRIM11",0.166808399525657,0.0341207717327066
"RRP1",0.157007743254838,0.0341345120468756
"ENSG00000246889",-0.444768160824692,0.0341929022108189
"LOC107984035",-0.419391323855253,0.0342735743937709
"ABCC4",-0.474825059755969,0.0342977553207796
"ERVMER34-1",-1.11815065002437,0.0343160901797633
"ENSG00000250995",-1.04456961884284,0.034331715939122
"CTBP1",-0.14974596205697,0.0343541657896927
"OTULIN-DT",-0.611855885492832,0.0343640548998466
"LOC100506358",-0.497534204625154,0.0343677883941582
"WBP4",0.16798667551242,0.0343741199309218
"TSNARE1",-0.291932737827759,0.0343809178210509
"SNAI1",-0.394551809673379,0.0344599037661782
"RPS3A",0.188725711528067,0.034473142098204
"LINC00607",0.810117413106139,0.0344759023217059
"DHX37",-0.174212460284841,0.0344769027975568
"AGXT",-0.297249077095297,0.0344860013278441
"PLXNB2",0.270150187269812,0.0345172962815889
"ENSG00000287594",-0.825206662276051,0.0345306776063479
"DHX40",0.200795240749956,0.0345493670453843
"ENSG00000284906",-0.806495016886348,0.0345644364476448
"EHD2",-1.1208055064547,0.0345858548390887
"HNRNPH3",0.154476971317435,0.034590537690373
"GNB2",0.168778087391568,0.0346104249611479
"BMP2K",0.183751182207263,0.0346602212862235
"ENSG00000296024",-1.17829457515523,0.0346704240706356
"VPS13C",0.243325192819201,0.0346773996335355
"LANCL1",-0.139785651599499,0.0347088539670763
"ENSG00000267191",-0.512352294511275,0.0347172677245878
"PDZD11",-0.195250717337918,0.0347836525640034
"TIGAR",0.238059678364051,0.0347891030511072
"ENSG00000260899",-0.654519805057509,0.0348084753087811
"FILIP1L",0.788208956120458,0.034860062329959
"ENSG00000290391",-1.44263901323951,0.0348740752777285
"BBS4",-0.203789122105277,0.0348930707115703
"LZTS3",-0.202337146442367,0.0349123294426386
"ENSG00000272054",0.676790011714634,0.0349225370390977
"ENSG00000284428",-0.320606956424365,0.0349612397312154
"TRA2A",0.228916172533479,0.0349817074587141
"DCTN1",0.141086429536596,0.0349924233529453
"ENSG00000224566",-0.849538320583166,0.0350402074299068
"TIMELESS",0.196729690192981,0.0350692459084178
"DAG1",0.299977484189925,0.035104771587886
"ENSG00000293678",0.949269563196572,0.0351155060689346
"PPP1R18",-0.294406478493088,0.0351266944693042
"UTP20",-0.152458927835064,0.0351403618719032
"ENSG00000274227",-1.35378089723854,0.0352067792683129
"ENSG00000260803",0.530597632473812,0.0352073767096363
"MRPL44",0.193809058842657,0.0352333251545225
"RHEBL1",0.484486523199669,0.0352349361096382
"KPNB1",0.143605464962695,0.0352484545451957
"RHPN2",0.308555138373528,0.035266389788996
"ENSG00000279333",-1.04467415868759,0.0352766820793221
"SLC4A7",0.246872836244749,0.0352938829023781
"ENSG00000258813",-0.941737546171621,0.0353135858559396
"ENSG00000286276",1.06844361387404,0.0353584465912544
"ATP6V1E1",0.250681388438936,0.0353645048855358
"ENSG00000280254",-0.612250561892732,0.0353749405189733
"TRIM59",0.445382827468653,0.0353837426814128
"ZNF14",0.319584663408128,0.0354375640267739
"MTCH2",-0.14917118443903,0.035524397627624
"SSTR5-AS1",-0.630775819857063,0.0355753379299989
"GUSB",0.212054845930855,0.0355859360370045
"ENOPH1",-0.156987555660286,0.0355890193020518
"ENSG00000237017",-0.726688681251397,0.0356060563592756
"NOXO1",-0.384199178613527,0.0356274487154956
"SURF1",-0.204949872737911,0.0356278294443032
"TRIM52-AS1",-0.220612577844631,0.0356360443325139
"NDUFAF3",-0.258097483935659,0.0356761963293986
"ENSG00000279662",-0.971940214240055,0.035708602011822
"CDC37",-0.204133924047548,0.0357525068361522
"LIME1",-0.285974700839106,0.0357642970344281
"TIMM50",-0.179398754493375,0.0357659293820736
"VDAC1",0.162760443155331,0.0357866105985918
"ARRDC2",-0.46757924015061,0.0357917396200587
"PHC1",-0.159770986596199,0.0358028305240988
"DTX2",0.171021998781643,0.0358266710017912
"TGDS",0.209278709804343,0.0358451421598624
"FSD1",-0.656998425404432,0.0358512231381899
"RIN2",-0.476805682836682,0.0358616327517431
"BLVRA",-0.183521753468818,0.0358718502702245
"RUNDC1",0.15809711372508,0.0358767850605639
"PKM",0.263663146695597,0.0358805033861518
"GLTPD2",-0.223203626950682,0.0358846216305769
"SRSF9",0.188106215594817,0.0359396363107444
"CMTM6",0.268184148700555,0.0359774270350122
"LOC101928881",-0.602526347642758,0.0359797880062982
"MAP7D1",0.243477894637741,0.0359803035336734
"ENSG00000268628",-1.4504295851981,0.0360521414246464
"LOC119746555",0.207782974101733,0.036073669408647
"RUSC1-AS1",-0.676755349765825,0.0360855589957036
"WDR5B",-0.266685050795145,0.0361108855540858
"NSD3",0.147823186794527,0.0361581926442688
"RAB11FIP4",0.269361722302125,0.0361676760168818
"BICDL1",0.237875833244981,0.036203372708321
"MIR17HG",-0.236179826161881,0.036204360243945
"EPHA10",-1.45860202564231,0.0362084520469685
"ISG15",-0.244275347192814,0.0362166520794317
"TBC1D30",-0.998337843764874,0.036261316822877
"LRRC8C",-0.932733825753176,0.0363076984723975
"CTR9",0.15520634530113,0.0363098375668583
"PTGES3",0.18233270625638,0.0363539349822458
"NPIPA9",-0.218685014181141,0.0363821790481779
"SMAD9",0.234693910213733,0.0363985602140402
"SPEN-AS1",-0.359723160190259,0.0363994796286857
"PLAU",0.621704463492724,0.0364234093876491
"MCTS2",-0.199310054403723,0.0364257970990707
"ZFP30",0.267047765427275,0.036430578033618
"RNF141",-0.285683212024358,0.036457256182944
"RPL37P19",-2.00706358068753,0.0364748475197736
"SLC51B",-0.360169520029668,0.0365169181853777
"VRK1",-0.177464821046093,0.0365264529097314
"MTAP",-0.159139298827731,0.0365497518934286
"ENSG00000307075",1.634601755534,0.0365637154426306
"RIPK2",0.196287153832911,0.0365740399660505
"DDO",-0.242746991476895,0.0366149788860231
"OSER1-DT",-0.3219323992015,0.036621693097888
"GRK4",-0.402241724923457,0.0366269365227677
"DOP1B",-0.234972515041164,0.0366518873698744
"MRPS22",0.158221650588783,0.0366843766612987
"IMP4",-0.144699119606721,0.0366893287857886
"SNX7",0.309621705140226,0.0367041071237857
"WDR38",1.04746876366176,0.036714352998429
"TRAF6",0.226402867429288,0.0367319959494545
"ENSG00000308228",-0.448249944373707,0.0367326170976251
"INO80",0.150440723468872,0.0367892751899434
"IMMP2L",-0.216236378252986,0.0368004382921737
"ENSG00000290535",-0.285493165498517,0.0368282224142892
"DNAAF11",-1.00891455593421,0.0368539542760027
"RPRD1B",-0.15130309718927,0.0368568034892227
"MMP24OS",-0.267434821072869,0.0368698510212943
"ENSG00000248101",-0.594589004934327,0.0368802877889378
"DPY19L1",0.180065215009087,0.0368806726316291
"DOP1A",0.232870207098944,0.0368858362992203
"ATP6V1B1",-0.400664920802484,0.036942611491893
"ENSG00000177946",-1.77275552031017,0.0369443230365527
"LARP1",0.167543272170103,0.0370182809837945
"RBFADN",0.43625143671247,0.0370197133595918
"ENSG00000258634",-0.304143784284231,0.0370447897158552
"ENSG00000289396",0.590305474419134,0.0371311187474751
"ENSG00000275401",-1.04639639903742,0.0371966104399184
"ENSG00000293219",1.6767792916478,0.0372117707391101
"H2AC15",-0.396363349002161,0.0372525705024295
"TNS1",0.633672366723489,0.0373206561245327
"LOC112268239",-0.551617563702454,0.0373212239676432
"LRRC70",1.23010677862176,0.0373291411595132
"ENSG00000250371",0.931369371830044,0.0373539294827353
"LRRC37B",0.251207609820081,0.0373691130210526
"COX18",-0.227157908021359,0.0373771827488964
"NQO1-DT",-0.740190460305193,0.0373842218887288
"KLF12",0.392665058145458,0.0374029973850039
"LOC105369167",-0.575345288493856,0.0374766932165966
"FARP1",0.219145069579657,0.0374938220004175
"ENSG00000268400",2.67770123806191,0.0374946801290754
"TIE1",-0.825813928674062,0.0375119444266202
"ENPP3",0.272615764003397,0.0375227491270998
"ENSG00000299346",-0.700350687579126,0.0375561752050355
"MTNAP1",-0.139819651134145,0.0375894344882911
"ANAPC11",0.149631882016212,0.0376433302707077
"SPCS2",0.186247377218707,0.0376467757575514
"CERS6",0.172136911539758,0.0376627332145331
"MIR34AHG",0.214944672908229,0.0376909507380251
"CATSPERE",-0.87236042633725,0.0376964621150624
"SLC28A2",-0.681698550011234,0.037698526803879
"ENSG00000288934",-0.611628497576227,0.0377446415249895
"LYRM9",-0.823705668189175,0.0377719465731773
"HNRNPH1P1",-0.933291600985107,0.0378008182816964
"CIITA",-0.954741963817033,0.0378507540229968
"RNPC3",0.19791511612748,0.0378641464664463
"MGST3",0.183015311308856,0.037881438182671
"PODXL2",-0.200585611506383,0.0379139488064353
"DCAF1",0.143863529755713,0.0379412181299315
"ZNF879",-0.452705133040126,0.0379525727954291
"NPTXR",-0.294925428701906,0.037953628662794
"ZBED3",-0.225952219283339,0.0379549636938801
"DLL3",-0.76125287559592,0.0380034300564147
"ZNF304",0.217977906073452,0.0380143166451972
"HMGN1",0.138632248597099,0.0380229606536777
"HLA-C",0.196575127388456,0.0380465640552183
"TMEM87B",-0.175998037280983,0.0380756611252437
"MRPS23",-0.161704805211358,0.0381099243386094
"ENSG00000278985",0.626096955210043,0.0381237489832542
"XPNPEP1",-0.146379660763264,0.0381328089251332
"TRIM32",0.218363665125887,0.0382023599862834
"EIF4ENIF1",0.165056111942228,0.0382449228079986
"ZNF426-DT",-0.494070315166328,0.0382781491626177
"FAM156A",-0.223301228886938,0.0383150628634223
"COX16",0.186247606143043,0.0383352084597038
"CIBAR1",-0.226725557545862,0.0383432189610627
"ENSG00000289250",-1.44607576917039,0.0384122632412647
"RPL36A-HNRNPH2",2.34166805585777,0.0384257214183134
"ENSG00000279259",-0.911203040024943,0.0384511780517985
"TTC27",-0.182016025622038,0.0384803662940022
"TUSC2",0.165485013803864,0.0384846627652796
"ENSG00000286540",-0.522735112676754,0.0385017505297681
"ZFYVE21",0.190942719279357,0.0385192678663915
"GPR83",1.01509215227454,0.0385276843556464
"HDAC11",0.35825819142283,0.0385413483192882
"ZNHIT1",0.149603617600035,0.0385600336196075
"CCDC13",0.936590209161835,0.038593472672847
"CCDC198",-1.12286669832932,0.0385951117991873
"RTN4RL2",-0.367632257799883,0.0386429414171982
"LIAT1",-0.60163609242376,0.0386435113176405
"USP42",0.185930303075306,0.0386551227629224
"GPHA2",-0.25892769168014,0.0386566512226276
"PPP3CA-DT",-0.484867378620523,0.038662463931444
"GBP2",0.44647168386793,0.038708359428683
"LINC01820",0.813631208249629,0.0387139907562811
"NFKBID",0.406888547643874,0.038731195774159
"SEMA3A",0.565476869404973,0.0387684815457615
"WASHC3",-0.283493612466868,0.0387845447058467
"ENSG00000287426",-1.08256593182199,0.0387871827219754
"LINC01465",-1.11127882249372,0.0387937339345535
"TENT5C",2.2033750542511,0.0388152175294031
"SPINT1",0.597422855387878,0.0388267959818208
"ZKSCAN2",0.169517844609669,0.0388314904256829
"CCDC15-DT",-0.732460663807264,0.0388415554240563
"GSTM4",0.175770472188566,0.0388656841338646
"SPTLC2",0.21813879043942,0.0389402088552262
"FGFR2",-0.415088258056597,0.0389416446727959
"ENSG00000241015",-0.722327569528233,0.0389474828913664
"PSME2",0.15510168734216,0.0389571164195542
"ARHGAP9",-1.02698741841678,0.0389798502044201
"TMPRSS2",0.612394207308093,0.0389825339769756
"ZNF181",0.190510611285406,0.0389827553986486
"TOB2",0.152213220332607,0.0389887541465287
"ATPAF2",0.198235802224041,0.0390018149798813
"ENSG00000280306",-0.857250215287832,0.0390122135803915
"ENSG00000232611",-0.807915737227988,0.0390127277129896
"NOP10",-0.232334827262675,0.0390297132175965
"ATP5PD",-0.1681017238515,0.0390312519063592
"SHLD1",-0.274712093735591,0.0390394512309164
"ENSG00000279069",-1.47846309629653,0.0390866887820372
"WDFY3-AS2",-0.559850756246147,0.0391065638255898
"ENSG00000230432",-1.30682435064484,0.0391259938607008
"GRIN2B",1.358770315377,0.0391283469036793
"TRAPPC13",-0.212856483252824,0.0391569787546898
"DIAPH2",0.246470191950935,0.0391894032220464
"EEFSEC",-0.244191560059444,0.0391961494431166
"UBA2",0.149762118705835,0.0392391841437383
"ENSG00000280388",-0.55660525534726,0.0392842463136677
"CHCHD2",0.170300119667495,0.0393255733648457
"ENSG00000266904",-0.7059058932128,0.0393281111089447
"RPL23AP82",0.238360135757644,0.0393603397941371
"SIRT6",0.205346047784047,0.0393748922873823
"LIPH",1.24072673935695,0.0393879679485934
"VCL",0.200246981938398,0.0394293792330227
"POLR2I",-0.230943212930323,0.0394407639377273
"ENSG00000271538",-0.571264161584241,0.0395045222642628
"TBPL1",0.181569687784695,0.039521225475416
"ENSG00000287737",-0.368180130852871,0.0395383959210486
"SNHG3",-0.203945305927742,0.0395390870698465
"NCKIPSD",0.181985821936854,0.0395618613297947
"TTC23L-AS1",-0.618619590926284,0.039574956812601
"BRD1",0.140146314338782,0.0395964602754907
"WDR7",0.267893960753759,0.0396205795125902
"SPAG8",-0.789653975598567,0.0396274363629215
"DNPH1",-0.209222177911744,0.0396517164849076
"IFIH1",-0.21172784417616,0.0396520615957435
"DCAKD",-0.176817765314677,0.0396687438026853
"RHBDD2",0.226750335213642,0.0396715202916938
"SHLD3",0.344252219649007,0.0396782979116929
"GPX7",-0.290401676648293,0.0396900142903883
"DNAJC3",0.22907099673796,0.0396901271663071
"ENSG00000225335",-0.536261283954797,0.0397025910156385
"CETN3",-0.31021517305136,0.0397143993392285
"KALRN",0.302201428683841,0.0397492579635162
"SBDS",0.215608253872939,0.0397515509496169
"FOXJ1",-0.471725673958235,0.0397998341014292
"PPIP5K2",0.166652874653369,0.0398351328024852
"GMIP",-0.246022728749946,0.0398586336246246
"ENSG00000305433",-0.901329712433474,0.0398788321528582
"ENSG00000263620",-0.852365056208503,0.0399264275555245
"LINC00616",0.983759018233516,0.0399272422305257
"LINC01780",-0.791178789023728,0.0399437881173545
"ENSG00000289073",-0.574704830305373,0.0399475843305545
"MRPL2",-0.173407307237606,0.0400031732551629
"ENSG00000285567",-0.600608520132191,0.0400167886745424
"ENSG00000287721",-0.706858928601747,0.040045003432327
"MUC13",1.04086797634186,0.040050951469016
"OXA1L",-0.19050124072626,0.040065100411182
"DDX11L2",-0.952052584059511,0.0400731540135626
"CHCHD6",0.26933073079545,0.04009924817513
"PCBP1",0.181689481150896,0.0401061177524765
"ENSG00000272599",-0.269915399180339,0.0401389015540282
"DMTF1-AS1",-0.710985628770986,0.0401407702771444
"LTN1",0.133423459728082,0.0401500585006412
"EIF4EBP3",-0.531969309586544,0.0401796968405329
"DTNB",-0.241623873809372,0.040194112591464
"ZNF763",-0.657295106347317,0.0401982122482548
"QARS1",-0.142667650158677,0.0402132526886914
"ENSG00000274751",-0.671839343558878,0.0402162785921322
"N4BP1",0.206981936369773,0.0402209055717765
"TREX2",-1.22300900276457,0.0402254616377339
"ENSG00000213178",-1.11458328211632,0.0402347434107789
"GOLGA8B",-0.198222836946773,0.0402385847466347
"FMC1-LUC7L2",-0.430234605569725,0.0402414423617085
"DSE",-0.402749926718537,0.0403266535064051
"BRCC3",-0.165687211982676,0.0403384537393759
"SNHG12",-0.220954681583786,0.0403647397196913
"ZIM2",0.822608593706112,0.0403716970878272
"PTPN1",0.129358587328089,0.0403744643627113
"PRKACA",-0.187087687870613,0.0403758303547385
"GPR137",0.151697901929653,0.0403816202474595
"ENSG00000287908",-2.32602798377396,0.0403952439142167
"ATP6V0B",0.175678925376906,0.0404442841002999
"TYRO3",-0.252578588756949,0.0405047837822799
"LINC02328",0.392505428281467,0.0405242438306463
"ENSG00000288794",-0.932626051587559,0.040530134731029
"CCND3",-0.333136784193742,0.0405737743660044
"TLCD4-RWDD3",0.538321435812592,0.0405908137688091
"IGDCC3",0.156591844939403,0.0405965689562925
"FAM184A",-0.215341487636491,0.0406266187498799
"EIF2AK2",0.183066035837035,0.0406288115647575
"EML4",0.234600384397886,0.0406421587630232
"BMERB1",0.659968887454499,0.0407172283953334
"TSEN34",0.198034476519445,0.0407355277686599
"ENSG00000177337",0.470047734393227,0.0407525547574984
"S100A1",0.293904979771078,0.04082805695932
"HAVCR1",0.359700136143542,0.0408553679573458
"TLN2",-0.20314744583371,0.0408726251869787
"SYCP2",-1.4516059870094,0.0408824425700954
"DFFB",0.236235938981028,0.0408908807596244
"MMP3",1.04131216527405,0.0408921802629588
"KRT18P5",-0.432498722926567,0.0409005036946102
"ZNF41",-0.207613862332206,0.0409090558127104
"IGF2R",0.25507908419095,0.0409341746025096
"ENSG00000231533",-0.81165447116938,0.0409712432011926
"POLR3GL",-0.361158278737988,0.0410282793987519
"COMMD1",-0.219585376714248,0.0410806365775428
"PTCH2",-0.364083600396865,0.0411174983275453
"ENSG00000285733",-0.604954227222183,0.0411337115041673
"ENSG00000272774",-0.819197350464846,0.041144702615115
"ELP3",-0.195355922787503,0.0411640308565483
"ENSG00000298816",-1.35547023144705,0.0413068482443311
"FLJ30679",-0.759743312727247,0.0413166659071909
"ENTPD5",-0.143014704128914,0.0413194409233481
"ENSG00000248235",1.23425870368704,0.0413487223818556
"ENSG00000205464",-1.32229869670098,0.0413674209551913
"ENSG00000225192",-1.0426132825111,0.0413743082721354
"UBE3A",0.133287518460586,0.0413777923669298
"ENSG00000270020",0.763736129211366,0.0414277855672413
"RNF25",-0.153550386152538,0.0414305816627926
"ANAPC2",0.19048589572284,0.0414331418530922
"CCDC121",-0.347188855768097,0.0414613695338541
"ENSG00000279689",-0.610438187918471,0.0414665101929215
"EFEMP2",-0.216042735150712,0.0414679717828607
"TIPRL",-0.22629308834138,0.0414882149209263
"P3H3",0.181154431606814,0.0415143105813601
"ZNF844",-0.286196680466269,0.0415386336409588
"EIF2AK4",0.12923877209,0.0415487017695453
"NEK6",0.213495033887938,0.041550364902154
"PLAUR",-0.272694116064685,0.0415620996245003
"MRAS",0.481724831027082,0.0415726964235675
"CHST15",0.530557211448316,0.0415930454920495
"PINK1-AS",-0.21265271444372,0.0416004190697891
"ENSG00000299028",-0.74797250403509,0.0416087507255232
"LONP1",-0.147426021191856,0.0416293830986395
"YWHAZ",0.198577153860907,0.0416305413111588
"ENSG00000275202",-0.60219732202199,0.0416345092093232
"RMC1",0.196171799162035,0.0416380855584296
"ENSG00000261668",-1.08530871470287,0.0416497602707456
"XIAP",0.196592535919472,0.0416705301401145
"SPACA9",-0.8746015652957,0.0416984975122815
"PM20D2",-0.153517629283799,0.0417188505325707
"C17orf113",-0.396248903962162,0.0417616168846102
"ARL6",0.298726186766978,0.0417945097025623
"ENSG00000242798",0.716966489361966,0.0417947310229289
"ENSG00000259088",-1.25482347820602,0.0417964544932319
"NPIPB6",-1.05649628339927,0.0418055166975217
"TSPAN8",0.451605953002247,0.0418096945635941
"LGR5",0.147770536847207,0.0418157473318145
"PAEP",-0.888476238671896,0.0418524948637062
"ENSG00000303936",-0.466521097535869,0.0418591027953053
"ENSG00000263096",-1.08583298308219,0.0418688820621934
"LDLRAD4",0.267434336210562,0.0418731893371233
"RNF14",-0.209483904958492,0.0418770605078594
"ZNF585B",-0.231785484540018,0.0419256601492232
"ENSG00000261584",-0.397390480332298,0.0419551412558495
"XPR1",0.20917488714964,0.0419560595784551
"ENSG00000296790",-0.460177401340872,0.0419919012256221
"NLE1",-0.21706927835233,0.0419945289293704
"PACRGL",-0.339164622410354,0.0420020704522436
"PMM1",0.182008120441771,0.0420093367910456
"ICAM3",-0.206035641510469,0.0420226904948091
"PAG1",0.589051888003756,0.0420284292273147
"IRAK1",-0.209821061399257,0.0420600238787356
"TXNDC9",0.192404754306599,0.0420733624180889
"DNAL4",-0.325248773151194,0.0420797404725906
"NHEJ1",0.158851451779376,0.0420939348962657
"PHKG2",-0.184043868973695,0.042097596545832
"ADGRL2",0.192607117017542,0.0421553234460847
"GUK1",0.191655840769094,0.0421760622152334
"ZNF575",-0.460090334164388,0.0422024787047581
"TRAF3IP2-AS1",0.237494074322308,0.0422948075823142
"OSR1",0.463920384990797,0.0423006896569828
"CCR10",-0.659009977119516,0.0423347480336907
"FBLN1",0.349989469845745,0.042340909417363
"EPN2",0.15632897394875,0.0423586262163625
"NDUFB3",-0.202939543109508,0.0423731864331715
"ENSG00000289956",-0.598941190889287,0.0424016479913478
"LRRC14",0.179194592589222,0.042417059316463
"ZNF496",0.188795422725622,0.0424308129683911
"CST3",0.177968692983015,0.0424695402430928
"LOC105375421",-0.826235403175928,0.042491586144486
"FRMD3-AS1",-0.76325783027089,0.0425042684518322
"P2RX5",-0.681693777335974,0.0425218898889465
"RPP30",0.134148318382837,0.0425377454098864
"NPIPA6",-0.171453207283517,0.0426030333866672
"SLC9A1",-0.189991864998193,0.0426133335679757
"ENSG00000287190",0.705689160339117,0.0426309998208236
"ENSG00000288907",-0.609091662995409,0.0426822683932324
"LSM12",0.144362323682438,0.0427234982628912
"ENSG00000277368",-0.789085580576326,0.042746153455805
"ZNF865",-0.165801849010519,0.0427543108010532
"SERPINA3",-0.255977969146355,0.0427556057913843
"TXNDC12",0.149273087427671,0.042760379486647
"CCDC112",-0.346898577793148,0.0427898345547965
"BRWD1-AS1",-0.898830001003938,0.0427972982860292
"ZMIZ2",-0.171358499389874,0.0428199526675226
"IMMP1L",-0.214981875507133,0.0428217835625288
"CRNKL1",0.143475413055893,0.0428362423047036
"PLSCR3",-0.209050059537361,0.0428388614979993
"FAS",0.305450784801378,0.0428405727682579
"UBE2E2",-0.866608643554322,0.0428787857843566
"ZNF577",0.267317386796957,0.042887864282979
"ENSG00000225873",-2.76341789080553,0.0428904876008145
"PPARGC1B",-0.805617784412369,0.042924497152815
"ENSG00000301917",0.982852860973525,0.0429301952453436
"DYNC1I2",0.169200560716784,0.042970270054298
"MYDGF",0.225880271712754,0.0429748309869242
"ENSG00000273420",-0.304494462717637,0.0429751396047477
"LINC02997",1.11339584928196,0.0429887221344592
"HEXIM2",-0.187578462539258,0.0430109868824626
"LOC105374263",-0.439712029471113,0.0430225238218569
"LRCH1",0.254112525173654,0.0430266961438632
"DDX42",-0.129744958409099,0.0430776559520046
"ENSG00000289546",-0.685131907435026,0.0430952877571764
"HCG20",-1.37687122705941,0.0430957408406016
"ENSG00000289937",-0.928506382133793,0.0432760497126039
"ENSG00000111788",0.281060471418518,0.0432861085555066
"AGXT2",-1.12186067963813,0.0432947268697121
"LOC728554",0.158625176391031,0.0432952247918387
"CCDC124",-0.21615001017562,0.0433350607315289
"ZNF880",-1.04172912885922,0.0434013919626889
"PCGF3",0.127600808370479,0.0434195168720942
"B4GAT1",0.202885338152298,0.0434560667055249
"CHURC1",-0.179499063047828,0.0434647523626001
"GPD1L",0.25082677082657,0.0435538185751617
"TOM1L2",0.235896411662778,0.0436685292484532
"ENSG00000064489",-0.435268289119997,0.0436731766147804
"ENSG00000228124",-0.837795649931057,0.0436819044890906
"LYRM4-AS1",-0.391182860149475,0.0437692646171513
"ENSG00000245910",-0.16000670097673,0.043832130515106
"CHCHD7",-0.141451983109703,0.0439142158430537
"PHKG1",0.447311948712857,0.0440379135654139
"ENSG00000299040",0.826950320832881,0.0440743294369438
"CUEDC2",-0.180688987259047,0.0440767225643235
"KLHL36",-0.154107060134334,0.0440861570862768
"CCDC201",-2.83868689220675,0.0441207865742537
"PLEKHA2",0.299230188224337,0.0441349522585146
"EPCAM",0.155955293675673,0.0441501167356097
"ZHX3",0.165692756163846,0.0441960672360411
"PRKAR2A",0.145928419724109,0.0442752286408895
"ARRB2",-0.156354284303364,0.0442915053623297
"DIPK1B",-0.515296161689256,0.044292434211764
"ENSG00000260566",0.255535509082828,0.0442971925667828
"GPR199P",-0.710933107054287,0.0443786746727923
"TOMM40L",-0.164984775663396,0.0443813541931685
"SLC30A9",-0.194690533752702,0.0444375162145139
"PARGP1",0.28433033309242,0.0444485831295168
"KARS1",-0.216032724726322,0.0444880702706814
"LOC339260",-0.187683431129115,0.044520192266097
"ENSG00000289579",-1.32474981765575,0.0445243373953084
"DYSF",0.40494074739554,0.0445285571612932
"OSBPL1A",1.00841826027914,0.0445789202330312
"MFSD10",-0.175637047419389,0.0445799819178937
"GNPDA1",-0.151027713536399,0.0445849980404238
"ADORA2A",0.221479820132112,0.0445874207515753
"ZBTB24",0.235914172893008,0.0445941614178594
"ENSG00000274259",-0.65878498211888,0.0446144706540931
"CEP19",-0.624059427450408,0.0446371667542184
"ENSG00000262265",0.450598925496898,0.0446704081219258
"IL22RA1",-0.226942973425523,0.0447758188934733
"STAT5B",0.162127617940904,0.0447768867624336
"SPNS1",0.19260312975554,0.0447984973704593
"ZC3H10",-0.342682237962579,0.0448194629121201
"PRRT2",-0.54343188577766,0.0448500177489672
"CLGN",-0.222190044635765,0.0449121517522269
"ENSG00000303136",0.553479565786882,0.0449731978880081
"DNAJC27",0.296636686939303,0.045018935777307
"FCHSD1",-0.186214926894738,0.0450481625771848
"NPSR1-AS1",-0.2383003988223,0.0451741739621808
"ENSG00000303765",-0.78749618477706,0.0451840773191029
"MYL12B",0.240828252905776,0.0452131874519097
"PTPRS",-0.148296343315761,0.0452182262079825
"ILVBL",0.241837957273193,0.0452299892050338
"ENSG00000279656",-0.341595226159909,0.0452661355972904
"CHST13",-0.22786186101553,0.0453175072085537
"ENSG00000305792",-0.799734731179472,0.0453270653499232
"ENSG00000288906",-0.929054395378791,0.0454022276153954
"ENSG00000250644",0.539356054648182,0.0454187235650828
"PSMB8",-0.139927816083534,0.0454258459293134
"SPG11",-0.16749403580459,0.0454833324859544
"ENSG00000286117",-0.379918363696081,0.0454912800405
"SDHAF2",0.16016140409714,0.045494933169364
"ZBTB9",-0.195479018050482,0.0455860287569242
"ENSG00000271833",-0.803638252003577,0.0456466901127788
"ENSG00000267868",-0.504802643541511,0.0456758475175089
"ENSG00000261560",0.39887197874028,0.0457386074732729
"EIF3D",-0.199340341263144,0.0457527163188562
"FBLL1",-0.878142696815505,0.0457913005393245
"ENSG00000276663",-0.813592555381163,0.0458246388205925
"EPHA2",-0.193344294576142,0.045866885374014
"TMX1",0.177638059923437,0.0458698663326335
"SHB",0.378999950767873,0.045878923731693
"MREG",0.211075830472039,0.0459353840195915
"CNP",0.175788503361583,0.0459508245656415
"APPL2",0.14723310877753,0.0460188652151487
"MOCS2",-0.185252965086696,0.0460564025660946
"RIPPLY1",-1.0053448188665,0.0460835113943798
"FAM241A",-0.245119133841065,0.0460890308558049
"STOML2",-0.130006354677812,0.046107268174003
"MVB12B",0.230250331515001,0.0461110488406945
"CCDC126",0.269981427563593,0.0461127135872738
"TRIM25",0.143963604706227,0.0462039355868638
"CBLL1",0.160293893255269,0.0462095260015104
"RAP1GAP2",-0.155487776014528,0.0462916744318417
"UBQLN1",0.153923362738025,0.0463104860896237
"TXNRD2",-0.146096689504122,0.0463119782214741
"ATP2B4",-0.221431506967489,0.0463156199189539
"ENSG00000295057",-1.21049538615845,0.0463506065208514
"ENSG00000289960",-0.797464272142517,0.0463631730864411
"ARHGEF2-AS2",-0.567200687143863,0.0463767446327296
"MLH3",-0.18498974332529,0.0463941462539089
"ENSG00000176868",-0.725072382302966,0.0464179639480267
"GLB1L2",-0.422668902220236,0.0464347534083349
"RHBDL2",0.390335386937169,0.0464631554493704
"KATNA1",0.18345779372647,0.0465291120347911
"ENSG00000273204",-0.453361985337839,0.0465520926839433
"MOSPD3",0.226140261948652,0.0465713673990258
"HPS1",-0.131718329936066,0.0466296315045367
"PALMD",0.216963952589125,0.0466993056259922
"MRPL12",-0.245739569062777,0.0467022751128037
"NOTCH2NLC",-0.438925910576561,0.0467414806879265
"PRKDC",0.166126060128518,0.0467468234945647
"KAZN",0.192954544650069,0.0467804901091703
"DNAAF4-CCPG1",-2.13060247324123,0.0468051781783564
"TFB1M",-0.147021611991009,0.0468109676546609
"ENSG00000299646",-1.01554245960737,0.0468407856025713
"ENSG00000234769",-0.713301830757437,0.0468492446536995
"RPL26L1",-0.19296383133096,0.0469257701346418
"SMIM14",0.27347630452527,0.0469326542654434
"KRBOX4",0.181184806344758,0.0469399388335606
"RNF144A",0.254208357415341,0.0469463340018385
"CYP2J2",0.156004947929629,0.0470000444975288
"CNKSR1",0.194540713467114,0.0470055646260878
"MOB3A",-0.210966548519634,0.0470545864327592
"ENSG00000285991",-1.70536639196984,0.0470608241107595
"ENSG00000231703",-1.73358056342273,0.0470656444625649
"ENSG00000300191",-1.22382275461108,0.0471578144586587
"SCARNA17",0.399122853274955,0.0471711629277669
"BATF2",-0.273110566363718,0.0472762106728791
"PDIA6",0.182260506958576,0.047302812158822
"ENSG00000253666",0.932390400352468,0.0473303791677987
"USP36",0.146988472747644,0.0473365537076099
"ENSG00000274002",0.760052909672219,0.0473396583802039
"ROGDI",0.183657546239884,0.0473450822578072
"MIX23",-0.152493600016961,0.0474071966798934
"SATB2-AS1",0.3286647614664,0.0474092614419517
"BRD3",0.13604822163038,0.0474477857883025
"ENSG00000214999",-0.432529775287995,0.0474652093438235
"SLC25A3",0.142919464247109,0.0474673334942202
"SLC17A7",0.763810257174476,0.0474796113668874
"ENSG00000291214",0.343166190416539,0.0475223633176801
"ALDH1B1",-0.170914254116548,0.0475330232306864
"TDP1",-0.184718667104638,0.0476406873987073
"YIF1A",-0.153347338404615,0.0476555006913089
"ACOX3",-0.198691486303758,0.0477059074482551
"ESYT3",-0.280115392056842,0.0477101594307433
"TCAF1",0.13284284287416,0.0477583445192896
"ENSG00000272343",0.678860586020793,0.0477758354971437
"MAPK3",0.221140534102874,0.0477997903654248
"ENSG00000235563",-1.44985680404749,0.0478363067256179
"ENSG00000261096",1.01925375481323,0.0478458374863068
"LINC01250",-0.551529944856749,0.0478634038737464
"MIF",0.2066001582384,0.0479214871880906
"RNFT1",-0.143455067537306,0.0479673583568676
"TMBIM4",-0.211011741574172,0.0479729578746635
"ENSG00000226147",1.14553925116174,0.0479956594631342
"ENSG00000308670",-0.446606760881452,0.0480023450323308
"ENSG00000280069",0.58191863152962,0.0480542837733283
"DHX36",0.150937647312324,0.0480796883799004
"MARCHF9",-0.222515537346414,0.0480876063516912
"GGACT",-0.509177744369014,0.0481032899446138
"ENSG00000274191",-0.541572249596821,0.0481194058690695
"COQ10A",0.261486617348548,0.0481300351771376
"ATF6",0.198504960169142,0.0481505782079006
"KLHL35",-1.4740214342129,0.0483700973222115
"SPRED3",0.828554227982997,0.0483736358456967
"ZNF431",-0.229898666571411,0.048473472484715
"MFAP3",0.152580484895133,0.0485177532397829
"KLHL18",-0.198703228572675,0.0485213306369216
"SPR",-0.186547816053661,0.0485264718410992
"ENSG00000302692",0.681885363783094,0.0485574293402834
"LOC128706666",-0.277589431964604,0.0485635367048137
"TSTD2",0.131698046783312,0.0485880933030328
"COPG1",0.158585586419371,0.0486163124733739
"ENSG00000261915",-0.57646393137341,0.0487060635987238
"METRN",-0.218604080834198,0.0487231247832329
"ENSG00000290737",0.594464512282295,0.0487476642731299
"TBC1D10A",0.210474696052952,0.0487714769034866
"MGST1",-0.191597375874884,0.0488465106052702
"SPA17",-0.428871553518366,0.0488778073692452
"TXNIP",0.309287825291196,0.0488839227158625
"PYCARD",-0.466050190362322,0.0489524944112332
"ENSG00000287710",-0.402050850550561,0.0489854594977178
"ENSG00000272574",0.99597091295448,0.049003354864451
"ENSG00000275807",-0.310405885889683,0.0490224998104995
"C3orf70",0.467646658758689,0.0490374241241189
"ATP9A",0.154679085926809,0.0490473454956125
"STAMBP",-0.123918595111093,0.0490495891518053
"ENSG00000226965",0.907084895478347,0.0490553907603707
"MFF",0.127805214844119,0.0491132092289244
"ZFP64",0.220166864624248,0.049115869862386
"GOLGA6L9",0.171568720130539,0.0491431871026333
"LCP1",0.460784623951638,0.0491442568736364
"GGT7",0.183762304251142,0.0491739494407908
"ENSG00000260197",-0.492939074330237,0.0492441433355002
"ENSG00000279319",0.39559404804542,0.0493357829886678
"PRICKLE4",-0.703060218307173,0.0493475877060085
"PPIH",0.176082715096955,0.0493798524411448
"ENSG00000258653",-1.16924531309088,0.0493897875957318
"SYN3",-0.31231895718363,0.0494093959620967
"CHM",0.16596552231581,0.0494194334180738
"TTC17",-0.168134897726092,0.0494451081469585
"ENSG00000274561",0.598967566037103,0.049524248940638
"CHPF",0.183369337883408,0.0495393579639192
"TRAF7",0.12095938418059,0.0495665697410723
"ENSG00000299307",-0.735882064666258,0.0495835468115905
"FDXACB1",-0.369897118200283,0.0496163124157156
"LINC01622",-0.874778444178903,0.0496390443574203
"ENSG00000184441",-0.290066710108187,0.0497232225976175
"SLC35D2",0.150154269249159,0.0497354125664961
"HYAL3",-0.243632678848403,0.0497424925483422
"LOC124904242",-0.722201011786308,0.0497544899549779
"GDPD1",-0.279833509512102,0.0497577350541796
"S1PR1",1.0621301124485,0.0497591869512646
"DPH2",-0.139819456709754,0.0498050245691194
"DHFR2",-0.288342417127188,0.0498080755600682
"TRIM41",0.147010181653069,0.04982611289364
"LCN10",-1.28682741317859,0.0498305522766784
"LOC124907114",0.505777067029621,0.0499008142019745
"RNA5-8SN1",0.505777067029621,0.0499008142019745
"RNA5-8SN2",0.505777067029621,0.0499008142019745
"RNA5-8SN3",0.505777067029621,0.0499008142019745
"RNA5-8SN4",0.505777067029621,0.0499008142019745
"RNA5-8SN5",0.505777067029621,0.0499008142019745
"RNA5-8SP10",0.505777067029621,0.0499008142019745
"BCLAF1P2",0.956780130806062,0.0499249100192602
"OGT",-0.139633632981032,0.050070940755235
"TMPOP2",-0.677699865071968,0.0500748410335894
"LSM5",0.121589578370832,0.0500927034916816
"NUDT9",0.213848997862625,0.0501047703901125
"CHRDL2",-0.408052646409703,0.0501411209110598
"DMGDH",-0.363028231035474,0.0501517351294447
"LCA5L",-0.887450435573631,0.0502007090908095
"KIAA1614",-0.693360529811522,0.0502628772465716
"ENSG00000234156",-1.52209012569279,0.0502739023123946
"ENSG00000282034",0.137059896209249,0.0503081491953556
"ENSG00000174028",0.801703428493967,0.0503529102083652
"C16orf95",-0.296305405223578,0.050409111619572
"LTBP2",-0.549439418734141,0.0504107123766516
"EMC6",-0.175519289433178,0.0504502187487603
"NTPCR",0.164273511502615,0.0505368129482105
"RABEP2",0.159457832361196,0.0505629598574438
"ENSG00000262691",-0.933512554566469,0.0506907805329875
"PCDHGB6",-0.838176913361653,0.0506932574746853
"CDYL",0.200001572465599,0.0506965490575414
"ENSG00000257267",6.0636731577969,0.0506994615497107
"SIDT2",-0.242564414464952,0.0507223499246937
"NDUFA4L2",-0.941898891513726,0.0507235379041512
"ENSG00000288012",-0.514042367620457,0.0507927032720885
"F10-AS2",0.24484838687895,0.0508910184350962
"ALG3",-0.180778214459614,0.0508925096897368
"TBC1D32",-0.382642952508232,0.0509875080216061
"ENSG00000205041",-0.373685350656957,0.0510232484682958
"ESPL1",0.253855504528097,0.051074919284624
"SH2B1",0.160453874982031,0.0510901652872253
"SLC49A4",-0.225863657281192,0.0511035224931274
"ATF3",-0.309055900983832,0.0511311862925937
"C2orf42",0.247643763097811,0.0511653579610783
"ENSG00000239763",-0.619815292275097,0.0511898206943297
"GNRHR2",0.445944050796335,0.0512370276751575
"ENSG00000293959",-1.00412416707146,0.0513095895754378
"LOC102724701",-0.232144223685706,0.0513222346843839
"MTX3",0.163346997954015,0.0513804848011182
"AP2A2",0.1351708816694,0.0514054617519449
"C16orf95-DT",-0.736959810750766,0.0514179130074754
"MYL9",0.409037494963635,0.0514221680235005
"ENSG00000295521",-0.684597137213884,0.0514297972097493
"MYLK2",-1.0400902273335,0.0514669072196968
"TRAPPC5",-0.23958437760117,0.0515478031876398
"ENSG00000269925",0.678909840422896,0.0516351343133562
"NYNRIN",0.41381699743461,0.0516421826520365
"SGSM3",-0.20912090042165,0.0516905977685424
"SLC22A9",-0.185595918325371,0.0516999879110165
"USP6NL",0.183632744705352,0.0517066028820178
"ENSG00000304435",0.585686316974611,0.051727500255282
"ENSG00000260302",-1.08464202588802,0.0517953327558356
"ENSG00000276007",-0.316859639098752,0.0518050379630029
"CUL1",0.140637909546382,0.0518173188030734
"ENSG00000268520",-1.43785861896297,0.0518693094285947
"HTRA2",-0.157340683989668,0.0518693179445059
"OIP5-AS1",0.14782327253916,0.0518737524333808
"GCAT",0.209818021149121,0.0518958611161224
"NFYC",0.140156732212807,0.0518991762362386
"ENSG00000204685",0.243580509498883,0.0519021121482766
"ENSG00000285628",-0.231481400187514,0.0519694049917186
"ENSG00000272273",-0.524735470868427,0.0519931797323902
"TSFM",0.169134293997922,0.0519988566680289
"KIAA1614-AS1",-0.421020496501282,0.0520343425541031
"UFSP2",0.227122963565126,0.0520497611089113
"PPIL1",-0.149746356933775,0.0520842452288835
"SLC33A1",-0.167811501885345,0.052096264987804
"NR3C1",0.192759697432061,0.0521252571799662
"PARVA",0.230073702228516,0.0521631596449813
"ENSG00000309183",-1.00332599776018,0.0521682236428975
"LOC124902696",-0.873027223709902,0.0521801862942885
"AQR",0.163064306546009,0.052229779851699
"ENSG00000258465",-0.903382670756197,0.0522308111438017
"FAM99A",-0.444041858220489,0.0522338263948675
"LOC124906471",-0.814188206471172,0.0522545258164901
"ITGA2B",-0.883972133744133,0.0522576989991528
"ENSG00000279742",-0.789233102981624,0.0522639933927495
"ENSG00000260806",-0.341426081203583,0.0523002999977209
"ELMOD2",0.135484463487089,0.0523044529418304
"ENSG00000300031",-1.82987054306466,0.0523293495712039
"CATSPERG",-0.688820616205274,0.0523363534693567
"TSKU-AS1",-0.496255081511824,0.0523659106203225
"UTP6",-0.155664070743944,0.052390714731273
"ABCB6",-0.256536196017762,0.0524769397867903
"PIP4P2",0.402948411901958,0.0525182957741684
"FNTA",0.114635016136685,0.0526497870364815
"LOC101927661",-0.517827295772111,0.0526615951676076
"B4GALT1",0.204240415059833,0.0526783755903601
"HERC3",0.270547837842066,0.0526930806219386
"SCFD2",0.213435831374702,0.0527601763232871
"BPIFB2",-0.221363740213622,0.0528006046479041
"ENTPD4",0.166108510912464,0.052805843610274
"HERC5",-0.816119880905171,0.0528346345599278
"LRRFIP1",0.210074194042527,0.0528394558476608
"SGSM2",-0.167595530783341,0.0528506609311359
"ENSG00000251562",-0.397827832326774,0.0528531217206872
"RBM18",0.190301657919874,0.0528581879141466
"SEPTIN11",0.119954980396691,0.0529275258514565
"INE1",-0.534847513474014,0.0529293083856771
"LIN37",0.185208391663656,0.0529974079718567
"NUDT16-DT",-0.521440013426885,0.0530274630975008
"DPP9",-0.115883739510189,0.0530904820766757
"ENSG00000205534",-3.0639833779678,0.053110039913113
"LOC128706665",-0.270121327414689,0.0531354766380302
"TMEM102",0.289751147284562,0.0532025793432703
"ANKLE2",0.127409478119064,0.0532236182228564
"PRKCH",-0.486878709018786,0.053225319316427
"MRPL4",-0.136256192812426,0.0532432600884208
"GATD1",-0.201745910362445,0.0532848757030887
"CEP131",0.162333690663519,0.0533503975517179
"HLTF",0.175833381942158,0.0534537567817212
"TTBK1",-0.36248348244721,0.0534763360205789
"ZNF648",-1.11981218619801,0.0535039979097281
"LOC105371031",-0.78632598892122,0.0535587562133821
"AMOT",0.533820498101589,0.0536147379976558
"ZNF791",0.173447570623284,0.0536454189641147
"PRKN",0.926656284260982,0.0536659710628384
"ENSG00000131152",1.25666734625248,0.0537128797201505
"SLC29A3",-0.218937862665029,0.0537576419317571
"ADM",-0.357957041475607,0.0537638789719652
"ENSG00000308555",-0.573574927071464,0.0537706272189345
"R3HDML-AS1",0.515045387662394,0.0537885054264662
"ENSG00000271590",-0.460302953446888,0.0537998144511461
"CPN2",-0.415066045851828,0.0538221253526152
"APH1B",-0.454954583859749,0.0538288054365963
"MKRN3",0.318690970537711,0.0538365573401083
"ENSG00000228998",0.63715283853886,0.0538895344414973
"MDM4",0.240409733256796,0.0539397948155882
"S100A13",0.237774432049835,0.0539465876842898
"RN7SKP80",-1.13737535786177,0.0539509972763733
"SMARCAL1",-0.193822674575626,0.053985633064981
"FAM219B",0.14958906752665,0.0540000147168299
"ENSG00000278959",-0.841005144629812,0.0542317031256917
"GNAI1",0.376152196816516,0.0542672064440626
"COX15",-0.147612298062185,0.0543142323668539
"LOC105378944",1.27099523160744,0.05436039404591
"TUBG2",-0.147276902969551,0.054452332890372
"PCLAF",-0.185636169915689,0.0544848109022214
"RNF4",0.149135293478149,0.0544889735613273
"JRK",0.180589261856528,0.0544948238156999
"LOC105372295",0.27976091534196,0.0545582830014047
"DIO1",-0.308814991913607,0.0545810423260939
"PPP2R1B",0.139258260347869,0.0546110108796518
"MCEE",0.168398694873007,0.0546181356329362
"ENSG00000275263",-0.84184539319806,0.0546256739630905
"UBAC1",0.131853572788257,0.0546437986542943
"ZBTB46",-0.1724863726606,0.0546488684038524
"PMF1",0.152334260068245,0.0546809459071912
"TRANK1",-0.446408441271043,0.0546824087563978
"NPIPP1",-0.467314311891543,0.0546832991553743
"ENSG00000303713",-1.13890797042668,0.0546862383946434
"GTPBP2",-0.136035125859801,0.0546907498592632
"TMED4",0.143884401973943,0.0547044970715482
"XAF1",-0.344223924695448,0.0547081493628577
"ZNF816",0.201313236364336,0.0547084878669684
"STK36",-0.17063260018385,0.0548018966296944
"PPP2R1A",0.159309780970988,0.0548211489421949
"ENSG00000273175",0.760134123189437,0.0548528556358266
"TMEM80",-0.183037313225301,0.0548712465192268
"SRARP",-0.519564421165672,0.0548986959521147
"RPUSD1",-0.193555046802996,0.0549771450349837
"TPT1",0.236569991237907,0.0550571713762263
"ENSG00000290997",0.992607030731105,0.0550898457383906
"ENSG00000279196",-0.766001917545653,0.0551629913539107
"FXYD2",0.390706969015547,0.0551872015920088
"CRYZL1",-0.203797685487642,0.0552102672311083
"ISYNA1",0.239544119697639,0.0552407835766935
"FXN",-0.165885752743306,0.0552693269878847
"FBXO16",-0.483437609903167,0.0552809886351267
"ULK4",-0.329757258182983,0.0553571658091487
"CLYBL",-0.222666961678333,0.0553768182243215
"LOC101927745",-0.230299221132982,0.05544918319867
"SLFNL1",-0.610981622837873,0.0554688061486455
"ENSG00000231187",-0.386110718676562,0.0554992059842526
"ZNF687",0.148579010602136,0.0555191417246201
"GSK3B-DT",-0.209311917631993,0.0556153079102203
"ETAA1",0.144916827330025,0.0556508720829391
"LINC01176",0.389361737463247,0.0557155595581957
"GNAI2",0.127228253007123,0.0557302780288028
"PHF13",-0.170128689401393,0.0557435053548052
"ENSG00000296642",0.322491643259439,0.0558077224681219
"NOP16",-0.185965630816889,0.0558170333917024
"MAGIX",-0.619515289934394,0.0558386605541808
"FADS3",-0.234212487810693,0.0558670729794817
"SEPHS1",0.134977827360511,0.0558722559778974
"ENSG00000289613",0.61690976812303,0.0559312089486743
"IK",0.171952264335456,0.055984224147028
"NKX3-2",-0.998840041719205,0.0560038585379639
"TEX261",-0.139309420597174,0.0560240410083651
"AKT1S1",0.149432362554974,0.0560711617636879
"PKD1P3",0.194431096079289,0.0560897051982453
"LOC102723347",-0.37852160400201,0.0561193598015074
"ENSG00000287133",-1.03782239399549,0.0561308142094386
"ENSG00000273424",-1.10476699477364,0.0561841365179597
"PTAFR",-1.47359697218911,0.0562963666105097
"PHF12",-0.121396630836682,0.0563541242603638
"MORN2",-0.29081003954838,0.0563809653621063
"SH3PXD2B",-0.242829260767609,0.0563943780788577
"DHX58",-0.265365544146231,0.0564508175186388
"PWP2",-0.193290250248361,0.0564579709672755
"ENSG00000280032",-1.28780157889192,0.0566304380638287
"AAMDC",0.168822859826814,0.0566340107593841
"TAS2R18P",0.925352643590169,0.0566489733700315
"ENSG00000230628",-1.77269436120423,0.0566886822967469
"IFT57",-0.335163661444966,0.0567718128402931
"ENSG00000304694",-0.753600156108026,0.0567743478505378
"MFNG",-0.635153947651884,0.0568110742805543
"PTMS",-0.188075483720806,0.0568753880650131
"KLC2",0.160764324531842,0.0568931257037421
"EEF1G",0.201790565275654,0.0568933457315247
"HAX1",-0.154564200496552,0.0568952481137281
"PHF21A",0.274603243444541,0.0569033948771595
"SBK1",-0.89288061782544,0.0569269763618003
"STX12",0.152240008882347,0.0569576755973175
"ANKRD10",0.156860783380243,0.0569867853967031
"ENSG00000287425",0.525369555632247,0.0570136123518595
"DPP8",0.138888516908111,0.0570468031124461
"GEMIN2",0.153461968202009,0.057077165237227
"CHEK2",-0.167962978250703,0.057098782013909
"KHDRBS3",0.171127704081466,0.0571862660724276
"GPR179",-0.837825321344488,0.0572647686945708
"SPAG16",-0.184614307823739,0.0573069324828038
"ENSG00000289496",-0.472578852975117,0.057326067391717
"EPM2A",0.190649930484327,0.0573297486161053
"CRYL1",-0.185189144569283,0.0573666754833168
"DUSP28",-0.210189248840412,0.0573921967719173
"SLC37A4",-0.168312753372426,0.0574177030732333
"ENSG00000224992",-1.24705541024687,0.0574676287418119
"CIAO1",-0.118964605629898,0.057501540336599
"ACP1",0.221118713941883,0.0575984652958817
"PLEKHG2",-0.177672083198027,0.0576024059335841
"CATIP-AS2",-0.775160899231032,0.0576602224191819
"FOXRED2",-0.226221010783495,0.0576690493576951
"BDP1",0.217462999997623,0.0577502245780079
"COL24A1",-0.375864201604673,0.0578302355458444
"ENSG00000261094",0.237470599740994,0.0578691420426117
"ENSG00000295981",0.842239026561976,0.0578709458142418
"ENSG00000239445",-0.442911414207518,0.0578995684528921
"ENSG00000270091",-1.66020965347555,0.0579331387531272
"PCLO",-0.82047026051082,0.0579467506603978
"ERCC6L2",0.151952474477476,0.0580270949719386
"LRP1",0.203655068876839,0.0580667497446715
"UBE2Q2P13",-0.43841710611071,0.0581079473776204
"ENSG00000258593",-0.485217069456674,0.0581083703921551
"POGLUT2",0.178648634796454,0.0581103265091263
"MCRIP2",-0.151736371701362,0.0581285609589586
"FITM2",0.207063593156021,0.0581757980560982
"RPS2P40",-0.990784244023178,0.0582055014375398
"ST8SIA5",-0.843931839898981,0.0582313398064027
"ENSG00000273541",0.458541139442339,0.0582700119665902
"KREMEN2",-0.474904616638134,0.0582773984139251
"BCORP1",-0.595688006704484,0.0582882567508018
"FHDC1",-0.46983558243904,0.0583244951453746
"CDIPT",0.158831391819293,0.0583419004385918
"ENSG00000291100",0.129420340436124,0.058360108446737
"TRAFD1",-0.147416352491279,0.058486374048245
"UFD1",0.147963309538287,0.0585496343223627
"RGS3",-0.145060366921981,0.0585526895452756
"ENSG00000269489",0.790143226024653,0.058657080437414
"GXYLT1P5",-1.21240344967888,0.058680063145202
"ENO3",-0.276975920087531,0.0587286912488495
"ENSG00000309072",-1.37469364585495,0.0587433671257265
"UGT1A1",0.447485608440651,0.0587785388718823
"ZNF230",0.295740281069214,0.0589285478381872
"HSPB6",-0.921530641692735,0.0589752633040365
"ENSG00000306752",-0.977245494924531,0.0590315544015373
"SMARCC2",0.153346061008238,0.0590433481150327
"TBC1D22A-DT",-0.241338894994226,0.0591036253648099
"DCAF4",0.174008072450497,0.0591259034430859
"APMAP",0.158801228520901,0.0591431891022118
"LOC100310756",-0.265214534359516,0.0592412102597205
"SPAG4",-0.361098885997544,0.0593008073620774
"PPP2CB",0.183484568987505,0.0593328300748747
"ARL16",-0.155652288076843,0.0593622874194191
"DUSP18",-0.402926690740641,0.0594248548141844
"H2BC15",-0.356350029516823,0.0594349386091866
"RPL7AP6",0.326166625308464,0.0594558436268253
"ERLN",-0.455283971399192,0.0594773679589511
"ENSG00000228444",-1.08621106118983,0.059530582505642
"ENSG00000309609",-1.09438044330481,0.0595374986282445
"ENSG00000291201",-0.148592497473421,0.0595605258421273
"POLR2L",-0.191100098950252,0.0597044271298492
"PROZ",-0.177882128087798,0.059712385805024
"NGDN",0.132152886793301,0.0597272811319115
"ENSG00000290585",0.896662859094028,0.0597298783519547
"ENSG00000288721",-0.428261816204122,0.0597320913840453
"ENSG00000228933",-0.307104458460558,0.0597422805316928
"ENSG00000291131",-0.835286962529319,0.05976130989454
"XRCC1",-0.151682152580833,0.0598321178779898
"MCM2",-0.139220507896387,0.0598414616383579
"ENSG00000286416",0.455540207253238,0.0598524361593851
"SOCS2",-0.62410650986412,0.0599284614837667
"ZNFX1",-0.136407347658292,0.0599970492952672
"ENSG00000310528",-0.645314922998762,0.060002298834795
"RPS2P1",2.1321508009908,0.0600733442949123
"MBD5",0.144097452582482,0.0600831102963192
"VAMP4",0.342747487904733,0.0601936415148445
"CCDC9B",-0.490000257853291,0.0602051211243749
"HEBP1",-0.205954982067243,0.0602122792040175
"FANCB",0.294724441378916,0.0602129797960109
"UCP2",-0.254339881140431,0.0602278949689353
"MBD1",0.132620728319603,0.0602440600017778
"ZNF784",-0.233018765888416,0.0602859768120097
"SGMS2",0.310149477506636,0.0602878391640575
"SVIL",-0.262827674487229,0.0603276741036717
"ENSG00000308027",-0.845819489980256,0.0603334883990021
"ZCCHC4",0.150429009159607,0.0603479596282978
"KITLG",-0.483897072322489,0.0603485257926288
"LOC105376944",-0.679808801443282,0.0603886215062453
"CDC42BPB",0.135448510041421,0.0604406051174383
"SEMA3F",0.186165226812199,0.0604593433488297
"CNTD1",-1.27104890400474,0.0604828465016927
"ENSG00000290938",1.24099551758694,0.0605431805110445
"ENSG00000226085",0.468187695212851,0.0605656101597782
"CCT6P3",0.192369369775519,0.0605725308659845
"ENSG00000259826",-0.639162755759042,0.0605837330375496
"ACTR3-AS1",-0.495682431375343,0.060595487848449
"SOAT1",0.258808306390914,0.0606920646734871
"GIT1",-0.124859189619038,0.0607444948189125
"ENSG00000259775",-0.798732446741468,0.0607867246073285
"SUGT1P1",-0.927294906333069,0.0608113141648574
"LDHA",0.263495473694003,0.0608364253063396
"CDH24",-0.35263344128958,0.0608405815038404
"STAG3L4",0.19947039870291,0.0608612953999966
"PRPS1",-0.152477828747098,0.0609203968701222
"RPF1",0.190578681720045,0.0609936873102231
"ENSG00000289038",-0.980668195524388,0.0610352525196224
"GSTZ1",-0.278180346170197,0.0610536687567265
"ATP8B3",0.217079873946224,0.0612114130262501
"FASTK",0.169678956550131,0.0612281377521499
"ENSG00000275601",-0.507925329228665,0.0612977422166232
"ZNF84",0.132967251853332,0.0613107454277893
"ENSG00000302691",-0.742228449530058,0.0613456377281319
"ANO3",-0.450747470072019,0.0613625308539191
"ARMC1",0.131277238545311,0.0614007249307998
"BTG3-AS1",-0.521780352669976,0.0614241946189879
"ENSG00000279861",0.39433964129413,0.0615044675375156
"ENSG00000288841",3.71807089094863,0.0615054621396081
"ORC6",0.207790586634248,0.0615277463208147
"CCDC69",0.239659082778371,0.0615455115593997
"WAS",-1.13868611683022,0.0615763491090464
"ENSG00000259287",-1.1270683329672,0.0616410230960961
"TTC1",-0.186685515160449,0.0616438089751325
"CLEC16A",0.129770450942176,0.0616579703593178
"ENSG00000297423",-1.39655695415214,0.0616880864757716
"ENSG00000285744",-0.380871707018976,0.0616975041463292
"TULP3",0.132892141034605,0.0617268116550864
"ZNF564",-0.167675160378128,0.0617279254870297
"ENSG00000303549",-0.777882472603387,0.0617429946197376
"ZNF488",-0.926765877884892,0.0618266511931811
"LRRC57",-0.154418988673553,0.0618456097603212
"CRTAP",0.146817982384762,0.0619069512679836
"ENSG00000272505",-0.385337927751588,0.0619176035998543
"RPS3AP6",0.331729420913914,0.0619936788214586
"ENSG00000204584",-1.44785277488339,0.0619979017539975
"MTURN",0.246100829162122,0.0620260262205263
"RFX5-AS1",-0.596253251441269,0.0620884838941622
"POLR3D",0.19368659598661,0.0621180297546295
"FAM3B",0.14239978976681,0.0622516987514348
"ITGA7",-0.44808708860628,0.0622647939440832
"LOC100130357",-0.471463731918033,0.0622931626947328
"LCIIAR",-0.526034054461309,0.0623281094137407
"GUCA1B",-0.345762136526333,0.0623298563592043
"PRCC",0.123314466244634,0.0623430547647855
"SEC23B",-0.200018277760532,0.0623468900356837
"ENSG00000185168",-1.00178886791555,0.0623529122731237
"ENSG00000179978",-0.204777994956899,0.06236035779498
"WASL-DT",-0.350421505312631,0.0623867438954277
"ENSG00000289272",0.740626073706835,0.0623961547132723
"EFR3B",-0.639728426739053,0.0624533033796241
"LRATD2",0.484717790776587,0.0624544205346811
"CHD8",0.124855028292447,0.062458967571407
"KHSRP",0.142662512653458,0.0624688438976735
"GCC1",0.256095607753626,0.0624791581168188
"BBS12",0.518153782558013,0.0624823920348578
"ENSG00000227080",-0.824875938116945,0.0624872412695553
"RPL7AP66",-0.518409750877676,0.0625193815487816
"KIN",0.171122561851892,0.0625490334109116
"SF3B6",0.211662704903927,0.0625640774717277
"MANBA",0.227859011676031,0.0625912321574779
"CD68",0.184958438972647,0.0626341660798034
"LOC100294145",-0.201105781015883,0.0626729272928898
"ZNF45",0.192780769393967,0.0626777771877843
"ENSG00000288953",-0.294959506710528,0.062681821882518
"PHLDA2",-0.703979747355583,0.0626921503110937
"NUDT2",-0.26948095263788,0.0627063765663043
"ENSG00000300973",0.971062906084507,0.0627112630063554
"ENSG00000273618",-0.785247083777398,0.0627719307385398
"NEIL1",0.188876290071843,0.0628740376379516
"VBP1",0.135466710535695,0.0629051438612148
"ALYREF",0.188931277032089,0.0629403081769494
"PKN2-AS1",-0.714947422808532,0.0629886395329776
"TMEM126A",-0.185741977719326,0.0630056854094701
"RHOH",-0.618751706893226,0.0631163099020245
"LYN",-0.249543793433746,0.0631704557016582
"ENSG00000286548",-1.00489442691811,0.0632864746229126
"AGMAT",-0.169561973654866,0.0632911166121446
"ZNF143",0.19345038247755,0.0633202939157594
"ENSG00000226363",1.25876347731715,0.0633735302062487
"HSPA2",-0.717459231050684,0.0633786108105832
"ZNF609",0.180668048753483,0.0633838384152156
"ZNF767P",0.212863535926945,0.0634184929580684
"ARHGEF37",-1.32612424134404,0.0634227459629605
"CDK2AP2",-0.162943135521056,0.0634270451587745
"ENSG00000307669",-0.607234724194494,0.0635336972990404
"CPSF1",0.150047025798212,0.0636088099846677
"EFNA4",0.221302367697717,0.0636536042654587
"MRPS9-AS2",-0.626887700205142,0.0636567422879645
"MTHFSD",-0.155696328773551,0.0637358819247754
"KLHL25",0.259180980180324,0.0637480473233959
"RNF7",0.185686297721206,0.0637665830621749
"ENSG00000279539",-0.736566968186266,0.0637815775233571
"POLR2J",-0.286452326622316,0.0637873443810726
"PLEK2",-0.852144758334825,0.0638308300518974
"KATNIP",-0.152500119866428,0.0638951650313533
"ENSG00000268061",-0.547272616619577,0.0640042002185369
"ADAMTS6",0.258806740297102,0.0640179289115622
"RPL19P9",0.545375901625131,0.0640225558723776
"HSD17B1",-0.458752362507733,0.0640371248700135
"ENSG00000301545",-1.15611574163413,0.064079714903049
"CPLANE1",0.197843635237239,0.0641024364212574
"ENSG00000203761",0.612969167893869,0.0641215145707614
"HDGF",0.175036914572021,0.0641556489252318
"PCED1B",-0.794679306475935,0.0642546480947931
"CAMKK1",-0.356158370401172,0.0643821614666959
"ENSG00000293324",-0.6172683197688,0.064453247978454
"TNFRSF25",-0.321955132240223,0.06453273411836
"SBNO2",-0.14510338768677,0.0645391340574048
"RBM25",0.183608718760252,0.0646151957615458
"ENSG00000260855",-0.497223112542288,0.0646212398146671
"NUDT19",0.24536965329398,0.064690322772033
"ENSG00000239883",-0.597598408979647,0.0647158642631904
"USB1",-0.150471066954479,0.0647217746733318
"CYB5R4",0.224832491004135,0.0647489647453707
"DSTYK",0.207399379755732,0.0647924097515449
"SH2B3",0.172104368446293,0.0648693963815616
"AMER1",0.260761471254238,0.0648993032804644
"SF3B3",0.120656913846902,0.0649001969654321
"ENSG00000240731",0.495438202680635,0.0649704560385641
"ENSG00000279865",-1.05090047340197,0.0650078106314826
"LINC01376",-0.314817108647737,0.065015492472799
"ENSG00000289119",-0.377363847547244,0.0650463752602001
"SH3BGRL3",-0.274582690265031,0.0650512576569219
"CKAP4",0.189635683246108,0.0651215563838638
"GEMIN5",-0.121601664447448,0.065126400939197
"DDAH1",0.146504406857577,0.0651298733880585
"XPA",-0.196997611500891,0.0651501035133225
"EDEM2",-0.155487774711902,0.0651759324270627
"ENSG00000308991",1.32653283419166,0.0652285754039097
"ENSG00000272269",-0.447234803488563,0.0652489154867708
"TJP3",-0.543880262832288,0.0652981547288076
"SACS",-0.16699366189529,0.0653085258573504
"HDAC6",0.188304966084601,0.065329055554509
"NEDD8",-0.214865635665135,0.0653731829691202
"GAS2",0.169518393714392,0.0653983638396865
"PNKP",0.17422330993957,0.0654922553923635
"PUSL1",-0.157581997387499,0.065493949789924
"MICALL1",0.213207463241465,0.0655026315917203
"ENSG00000260293",-0.394601938680817,0.0655154085699708
"BUD23",-0.153688824623287,0.0655881873854775
"NFE2L1",0.137954320495152,0.0655950836144245
"VANGL1",0.16188038104246,0.0656043399928816
"ZNF614",0.184464283614303,0.0656412623226095
"MBTPS2",-0.170512144062033,0.0656602674730364
"ENSG00000255339",-0.833517581499363,0.0656650448974591
"ENSG00000299597",-1.22963784392389,0.0657014624691113
"ATF4",0.160367138461431,0.065722971932571
"ZNF271P",-0.134749302746829,0.065732189358195
"LOC124907018",-1.00416605157206,0.0658748022448451
"ENSG00000291234",-0.233067842393339,0.0659721182646208
"LINC00612",-1.25949001295623,0.0660025108884057
"GABARAPL2",0.153239915871483,0.0660105736204405
"PRKRIP1",-0.135580318079578,0.0660811653589362
"ENSG00000288704",-1.08981009828886,0.0660956181454721
"RASAL2-AS1",-0.488300134039731,0.0661324486233726
"HSD17B13",0.519963773318512,0.066155812852921
"ENSG00000250508",0.429604466608988,0.0661746731489604
"MRPL18",-0.216054947441443,0.0661947961009408
"ENSG00000257264",-0.914869362399642,0.0662237436890461
"ENSG00000184068",-0.799299518529338,0.0662721447003742
"ZNF177",-0.282222363202934,0.0663450802862592
"MYH7B",-0.311488027193241,0.066416673283178
"TACC2",0.113683875550212,0.0664639124733554
"ENSG00000279265",0.656554128995544,0.0666140765650315
"GMEB2",0.142262491514631,0.0667067034811545
"ENSG00000277767",0.3756171390628,0.0667363698547058
"ZFPM1",-0.135739220698537,0.0667520718902306
"CFL1P1",-0.675251672296522,0.0667739979687609
"MCM3",-0.134641113171142,0.0667868614171648
"BARD1",-0.191835789960238,0.0668129729505365
"EVA1A-AS",-0.832869378668096,0.0669004978004236
"NUGGC",-0.582922811204387,0.06692360990064
"DNAJC9",0.149104570247687,0.0669244326442854
"SKA3",0.135791274345576,0.0669441958899671
"ZNF25",-0.327618158659193,0.0669510489212741
"RTN4IP1",-0.324392139153245,0.0670759342634943
"USP49",-0.217792554007481,0.0671328463844167
"ENSG00000226564",0.667062841045131,0.0671706065691496
"HLA-E",-0.131074594242947,0.067177801440036
"HBQ1",-0.306446484454733,0.0671801092251941
"ENSG00000293172",-0.399258476248333,0.0672352532709055
"ENSG00000271991",-0.885803373600027,0.0672530121870381
"ZHX1-C8orf76",0.508491532517417,0.0672786476442265
"ENSG00000227388",-0.279922332905592,0.0672830858742636
"DPH3",0.153787918650093,0.0673180117914023
"TERF1",0.150343154742984,0.0673362860445973
"ZC3H12D",0.208930814725678,0.0673924135728051
"CUL7",0.135858882301979,0.0674264330667555
"ENSG00000273275",-0.991848261002553,0.0674428088554003
"ZNF688",-0.275546916451465,0.0674453830323719
"RHOA",0.151386508879173,0.0674617703346291
"LMNTD2",-0.294962681444294,0.0675119485463794
"IRF2BPL",0.172965053517116,0.0676599877681065
"CA3",-0.339738358409785,0.0676991825021767
"LSM11",0.223847085156337,0.0677144823461206
"FZD7",-0.806754878757637,0.0677444184723421
"PLEKHG5",0.213023767504736,0.0677660500926502
"URB2",-0.240073597002887,0.0678140720682003
"VDR",-0.770643144350584,0.0678354131612757
"DDX31",0.196604594373654,0.0679337920822429
"ENSG00000261485",-0.324748617309149,0.0679425372590016
"ENSG00000293468",-1.01900798773007,0.0679435438830524
"SHOX2",-0.683376225742435,0.0679676773849041
"PFKFB3",0.427150444115535,0.0679762562472899
"LINC02166",-0.653442315460333,0.0679843570816467
"GDF9",-0.594765484558197,0.0680565087410997
"ZNF140",0.183128973161894,0.0680581725757896
"NEU4",-0.260281459187561,0.0680895015506124
"LINC01909",-0.396972728746064,0.068096582568413
"SLC5A11",-0.455885094540275,0.0681168547614442
"ENSG00000285804",-0.892273815430162,0.0681324000000584
"MRE11",0.169544592901081,0.0681751623506631
"CAPN12",-0.262126438908854,0.0681906448125002
"ENSG00000263276",0.207771023138713,0.0683871666644972
"EIF3A",0.144001088803036,0.0684095259203256
"GPX2",-0.193311731824123,0.068550835167032
"MRPS18A",-0.175306602176414,0.0685743378746991
"ENSG00000269242",0.426984962282083,0.0685818380110331
"ENSG00000305781",-1.90583946177302,0.0685948589454066
"RTP4",-0.650349236383045,0.068596802521516
"FAM99B",-0.417834679519007,0.0686072027566963
"ENSG00000290003",-1.66875168451531,0.0686452683373038
"MAPKAPK5",-0.117578661724714,0.0687111249808747
"UBE2A",0.118491988188575,0.0687644891389606
"PTPN2",0.150154345322222,0.0687816949561037
"LOC254896",-0.220224761369192,0.0688189057209072
"ENSG00000293088",-1.04490938741009,0.068855128684193
"ENSG00000287725",0.99835565181911,0.0688735905620142
"APOH",0.203213612779965,0.0689237678678133
"ENSG00000287707",-0.75845958507881,0.0690898193515592
"DGKA",0.357566435429498,0.0690909937355486
"KIF1C",0.138899962407407,0.0691143466182931
"ACTR5",-0.143202614506969,0.0691183623362656
"ENSG00000263535",0.372887985261361,0.0691215517752059
"PPP4C",0.129254765324135,0.0691645127174769
"CCDC43",0.110183223332243,0.0692238884818541
"ENSG00000288815",-0.708703515830478,0.0692638921957649
"ENSG00000261215",-1.03044108575328,0.0693414240901514
"UBE2F-SCLY",1.99955673061695,0.0693758582087264
"ENSG00000254929",-0.330798603043564,0.0693849076409874
"SLC39A11",0.183083050873475,0.0693888842515179
"HERC2P9",0.164682746751798,0.0693947847671836
"ADH1B",-0.882860764395525,0.0694481658568717
"LINC02139",-1.17555732306335,0.0695035019803507
"ENSG00000262304",-0.793779510635396,0.0696777496586205
"FGB",-0.175249436540542,0.0696954657385033
"MYO7A",-0.253524955291044,0.0697065001696756
"ENSG00000287236",-0.514976041639905,0.0697717699945305
"ENSG00000306026",-0.813589354007238,0.0698389005197382
"CLDN23",-0.712124102198978,0.0698585066683544
"WSB2",0.275279692443373,0.0699211377290723
"ANKRD23",-0.280685877182812,0.0700148427365532
"PLP2",-0.479915513167614,0.0700841656963637
"NDUFS1",0.115858113042121,0.070137804094239
"APBA2",-0.478488502149938,0.0701482152741552
"SLC18B1",0.148379956525296,0.0701486559268441
"TPP2",0.145528582094348,0.0701829747655026
"RPL7AP43",0.854299067959724,0.0702556325051264
"KLF13",0.214484953902199,0.0702848797161261
"CES4A",-0.920274962160696,0.0702854726346833
"MED9",0.164855133018737,0.0702865719926673
"RUNX1",-0.21616840274632,0.0703251745926071
"GPR160",0.196989896205524,0.0704100979872382
"SPIN3",0.201800512517261,0.070469583183902
"SLC26A11",0.194522797297031,0.0704930418783672
"ENSG00000306721",-0.826408636730627,0.0706611145654662
"NBPF12",0.183836813619141,0.0706679192736361
"HNRNPAB",-0.16233381120496,0.0706873553022701
"ENSG00000290808",0.668704999082636,0.0707249711844997
"DUS1L",-0.123160727048393,0.0707652727543683
"FKBP11",-0.142506409400973,0.0707759836471204
"MAPRE3",-0.406459796990557,0.0708167124148393
"FASN",0.173391039483446,0.0708846052370444
"REXO4",-0.150348754666955,0.0709501451919435
"FRAT1",-0.330759202317761,0.0709524171527691
"CYB5R1",-0.147234210488238,0.0709588416961739
"ENSG00000257366",5.24576006179777,0.0709863230920051
"PPP2CA",0.139576587824816,0.0710910565447081
"SLC41A1",0.278917319401969,0.0711292005024445
"F12",-0.301927458314513,0.0711819816119428
"MACIR",-0.216967236454868,0.0711962084775398
"NPRL3",0.124604741316183,0.0712058122737493
"PTPN23-DT",-0.285215526608408,0.0712514217526985
"AVEN",0.236345852471347,0.0712638692061252
"UBTF",-0.146661396817775,0.0712707608421667
"PAK1IP1",-0.20696571321131,0.0714222722360797
"TIMP2",0.272136916714303,0.0714410805886146
"ADGRE5",-0.429116125639049,0.0714834018099125
"ENSG00000267228",0.518487278315067,0.071497903286153
"SP140",-0.515886424851043,0.0715118012419125
"CLCN4",0.230439288909126,0.0715985862185672
"CNN1",0.764723432140945,0.0716642981188744
"ENSG00000232828",0.839057326217192,0.0716694387720768
"UTP15",0.176931714096318,0.0717843763885057
"LOC100419170",-0.571187288760514,0.071789061328987
"ENSG00000301754",-0.787916985446034,0.0718049973768406
"RALY",0.144936648189399,0.0718361663331546
"SLC35E3",0.209118587409147,0.0718782643049406
"RBM15-AS1",0.275101756361193,0.071891909156943
"BCL2L1",0.248751083274005,0.0718946574251349
"GET4",-0.119661644068192,0.07195305180644
"ENSG00000307784",-0.576580078985242,0.071971671221112
"IFT74",-0.193864729459218,0.0719776934487276
"SND1",0.201024850231309,0.0721139830163661
"ENSG00000270344",0.442877729889873,0.0721246801354428
"PARG",0.142133316127262,0.0721485360723557
"ARK2N",0.169648943030611,0.0722124353538113
"SNRNP25",-0.133746172201488,0.0722370059849935
"USP30",0.204066558524715,0.0722373053189905
"UROD",-0.145408909144874,0.0722509532723192
"ENSG00000267520",0.208860358413956,0.0722877890235192
"MAP3K14",-0.154821617826046,0.0723691412292232
"ENSG00000272884",0.795369322471414,0.0724394222788355
"TMEM230",-0.171334825119156,0.0724481280182808
"CYP19A1",0.262473480532028,0.0724496940579084
"ENSG00000295982",-1.66796662148174,0.0725117487962659
"VASN",0.273895037289264,0.0725169472581726
"EXOC7",0.11263976952947,0.0725322511798537
"ENSG00000279254",1.54823915126628,0.0726397719367734
"ENSG00000267198",-0.716664890710406,0.0726616277919759
"PABPC4",0.129189398462506,0.0727067539607387
"ZNF672",-0.161124580720977,0.072718801786206
"TEDC2-AS1",-0.950355628516658,0.0727219756287581
"DNM1",-0.589187219680894,0.0727537258303858
"PDCD6IP-DT",0.282051206138433,0.0727670838749254
"XPO5",0.124960920602532,0.0728073058369145
"TPD52L2",0.120282375944875,0.0728482743216018
"FKBP2",0.232746481650297,0.0728490674664015
"HSPA5",-0.202420659184174,0.0729016849787084
"THAP4",0.201375100668677,0.0729934316664281
"SNRPD3",0.135379530516793,0.0729938075870092
"MYO1F",-0.772317805450594,0.0729989308359153
"FHIP1B",0.173054755262191,0.0730496183538909
"ENSG00000306875",0.830814425230898,0.0731155266259917
"WRNIP1",0.140295361902689,0.0731318400223731
"EPHB4",0.212140505597029,0.0732242464705013
"FADS1",-0.156531530329152,0.0732485912180871
"IGBP1",0.204076664644524,0.0732648016353481
"CLTB",-0.240573790950421,0.0733618511674969
"SBF2-AS1",-0.205796797794125,0.0733633816212103
"ENSG00000285018",-0.681245191936157,0.0733813118365497
"STRC",-1.01666908830643,0.0733909971091859
"WDFY3",0.129425414913755,0.0735721575872868
"GUSBP1",-0.170384526686787,0.0736230054064759
"ENSG00000271335",-0.365821427856869,0.0736367144278034
"CREB1",0.150302954348644,0.0736636575255342
"PDIK1L",0.226706228046605,0.0737056689412232
"LINC02846",-1.04051209392118,0.0737234197187525
"ZNF525",-0.254181301801938,0.073780830884932
"DHDH",-0.743664175959739,0.0737837869845518
"LHX6",-0.346133704702898,0.073800559587134
"ZSCAN23",-0.447091800997834,0.0738170421406401
"SPMIP4",-0.268085640976355,0.0738286687182616
"FAAH2",0.303420276512754,0.0738299609302748
"KCNQ1OT1",0.319313096107474,0.0738531767336665
"ENSG00000286527",-0.641590885536336,0.0738683359502328
"ENSG00000237614",-0.799986635867079,0.0738919382938131
"SMIM12",0.162620629219749,0.0738921952142578
"GAL3ST4",-0.70821744800528,0.0738972255744662
"TCF3",-0.131516093363532,0.0739046068552615
"SLC46A1",-0.165464763342023,0.0740054486845849
"ETV3",0.152221634284908,0.0740056526159583
"ARID1A",0.119443462396204,0.0740067741576464
"CETN2",0.143710262066855,0.0740070687158386
"CDO1",-0.164711326657844,0.0740751855586356
"TMEM9B",0.164697752374311,0.074081807224437
"UBALD1",0.1385332343809,0.0741233463748746
"RGCC",1.00929424405686,0.0741783575082918
"NRGN",-0.859131598072896,0.0741876227160428
"ENSG00000257526",-0.760359472869213,0.0742475656075668
"TAOK3",0.136589505686725,0.0742492945781165
"ZFYVE9",0.170734325775417,0.0743196552389754
"KIAA0930",0.168784565166621,0.074343833739755
"ENSG00000236814",-0.744780449710979,0.0743488101910621
"BICD1",-0.273342771441869,0.0743630190064181
"SLC25A14",0.16509036262719,0.0744286465024396
"SUSD3",-0.383392079933048,0.0744304805857557
"ELOVL1",0.158327495233568,0.0744545017505947
"RBM8A",-0.155228238030698,0.074524119695392
"PTGES2-AS1",-0.88318871488997,0.0745960966144864
"ENSG00000268798",-1.09024824765359,0.074674659138398
"GTF3C1",0.117513959921122,0.074735741806934
"ZNF8-ERVK3-1",1.01784106316227,0.074884375973584
"WDR35",-0.194446548754601,0.0749564450201129
"OSBPL10",0.293814227174298,0.0750114647144348
"ENSG00000290082",-0.837180459472555,0.0750438486132496
"EDN1",0.824281098541108,0.075105805746288
"IMPDH1",-0.184896460162479,0.0751333562493922
"ENSG00000273796",0.461669543228719,0.0751508791393344
"NACC1",0.120293051798617,0.075168963051359
"LYAR",-0.22934647797639,0.075188418778533
"AIP",0.174052769036263,0.0752686865386204
"LRP3",0.167202269866492,0.0752878619377253
"ENSG00000271533",-0.227541519313158,0.0753421421000951
"ATP6V0A2",-0.187035577677915,0.0753593584991822
"STX3",0.259252885919513,0.0754132668764334
"MTMR6",0.206063381903439,0.0754529500664936
"SLC28A2-AS1",-0.735094720738603,0.0755169137193732
"ENSG00000280211",-0.949298971976235,0.075554622671028
"LGSN",-0.999316859437605,0.0756602584493107
"LIMS4",0.672799333133183,0.0756904898577237
"TLDC2",-0.642835355630414,0.0758024620066569
"FAM151B",0.641454177465853,0.0758327045058143
"GSTCD",-0.145162309211916,0.0758471525579124
"NTAQ1",0.186831043490846,0.075984608560175
"ENSG00000266947",-0.798655042100264,0.0759931592056229
"SLC25A32",0.16084068028724,0.0760159582902987
"ZNF580",-0.129787777633848,0.0760160501026464
"CCDC144NL",-0.291844050502441,0.0760249480300844
"RDX",0.141926696487287,0.0760447675148906
"HIC1",-0.752591575956163,0.0760554392297728
"ENSG00000224032",-0.164634727298559,0.0761448361410871
"DEXI",-0.161401867116279,0.0761521462104116
"TMEM191C",-0.328416669213054,0.0761988882710004
"ENSG00000250474",-0.807183561685915,0.0762639404230228
"C1orf116",0.421625276101117,0.0762877083161767
"ZNF606",0.169970839437863,0.0764190780782083
"USP10",0.116122071858258,0.0764212101439536
"TMEM106B",-0.137926606838854,0.076426042041756
"GNG4",0.173193204730411,0.0764724447678466
"ENSG00000273066",-0.236272325669203,0.0766023457758713
"SYTL1",0.306234961265256,0.0766547151929531
"SLC44A2",-0.371812913350835,0.0767153942448097
"MEX3D",-0.16036899058967,0.0767756487014416
"CIP2A",0.13658935144423,0.0767935705897783
"SPTBN5",-0.839669530907732,0.0768426776160776
"ENSG00000303801",-0.797104043852938,0.076915588849497
"ENSG00000302846",0.832089260794338,0.0769483079954762
"COL18A1",-0.256541100126012,0.0769653580585334
"CFB",-0.170456624953966,0.0769821924634071
"LCA5",0.276202932190835,0.0771061411518289
"ENSG00000228350",-0.402436049326384,0.0771109003021239
"CLIC1",0.314974193933387,0.0771143980608058
"ENSG00000253106",0.604266646166676,0.0771223977658597
"RIPK4",0.258505054296358,0.0771382354157979
"OR1F1",1.36139312747285,0.0771930824508549
"GPRC5A",0.783025725039295,0.0772265668058448
"WDR97",-0.321993172375812,0.0774034938763042
"GRAMD4",0.154915678892366,0.077520538132954
"FBN3",-0.758920782734037,0.0775797886441435
"FRMD3",0.196995254548248,0.0775939616038713
"ENSG00000260464",-0.811734860809139,0.0775982537172642
"ENSG00000298413",-0.577076404533635,0.0776544099351513
"RNF114",0.107002528356605,0.0776610042978888
"NFE2L3",-0.31209941675204,0.0776731951187289
"LSM14B",0.117208772929163,0.0776848478249363
"ROMO1",0.170491971271279,0.077710218740062
"FAM210B",-0.11670002921722,0.0777242621008467
"ZAP70",-0.592733749626833,0.0777422793253661
"PLEKHA6",-0.108045115512972,0.0778233872414731
"SF3B4",-0.172486540273872,0.0779426132920796
"AKAP13",0.115626012000415,0.0779501673144608
"ARL8A",0.356861632899828,0.077959736154859
"AEBP1",-0.59062667831589,0.0780993112457061
"SMARCA5",0.129151066178346,0.0781531559623253
"FBN1",0.408176243758022,0.0781652960008925
"GALNT2",0.178608221008698,0.0782249211974789
"MRPS2",0.161328820672265,0.0782489960053604
"FBXL17",0.187995264913393,0.0783104586652825
"PIMREG",0.226677677715467,0.0783675763817606
"GASK1B-AS1",-0.235709642774586,0.0784805565856994
"RPL7",0.178004120723923,0.0785848430452278
"DYNC1I2P1",-0.625395425100283,0.0786572411098043
"LYPLA2",0.140518213970976,0.0786637958810462
"TRIM24",0.105210389498849,0.0787078311860663
"TRAPPC6A",-0.302627331325158,0.0787182853128321
"NKIRAS1",0.230529632950829,0.0787225950651761
"NDST1",0.136217385858525,0.0787357933808066
"ENSG00000262526",-6.96555196146105,0.0787433218318314
"PPM1A",0.118957538039988,0.0788279323653552
"CES1P1",-0.339398835011624,0.0789427449944237
"STAU2",0.141743189198116,0.0790730298252435
"VLDLR-AS1",-0.96779904058911,0.079081670864007
"SPIRE2",-0.15902420222164,0.0791201137193741
"ENSG00000272345",-0.491050825453455,0.0791504908623273
"NUP93-DT",-0.73473211919782,0.0791629529776153
"C1orf35",-0.136889493822653,0.0793298087800906
"C6orf47",-0.279444105925426,0.0793796597063325
"CFAP298",-0.115841539474629,0.0793836087880033
"ARHGDIA",0.151965135156591,0.0794603683602836
"MAN1B1",0.14874942915414,0.0795281633307237
"MIDEAS-AS1",-0.783314282222207,0.0795467825092773
"ATM",0.137854641027884,0.0796023777740768
"RTCA",-0.178227012222415,0.0797995293736471
"ENSG00000264548",-0.452856851472942,0.0798483141951947
"MTLN",-0.218293343594873,0.0798583633337811
"ENSG00000291313",0.683466531399218,0.0799079862033394
"PSMC4",-0.151664852536546,0.0800080523976242
"RPL11P3",0.791562789884514,0.0800143956752963
"LOC124901321",0.388611593550236,0.0801432210226895
"PLXNC1",-0.248087651520571,0.0802240125488744
"EXD3",-0.233437432087912,0.0802532409276234
"ISCA2",-0.173444718672638,0.0803710163964994
"ENSG00000284052",-0.403067983231155,0.080392632260242
"CDC14A",0.213918304745083,0.080430874655839
"EWSR1",0.131724479028224,0.0804483526311473
"ENSG00000254154",0.450054387595091,0.0804510241723995
"DPY19L3-DT",-0.712827505946255,0.080458167152381
"ENSG00000279602",-0.443254583533568,0.0805232784974965
"THAP9-AS1",-0.13505699834601,0.0805359388229478
"ACSF2",0.206944610880836,0.0805397661239459
"ELMOD3",-0.188108733227907,0.0805547434985187
"FOXRED1",-0.13229632193599,0.0806333749919006
"FBXW9",-0.25710959949636,0.0806342323192466
"NUP153",0.129087987643571,0.0806830975259493
"PLCH2",-0.562257478641522,0.0807817819952607
"LOC101927855",0.271010945185311,0.0809767232791767
"ENSG00000289077",-0.531999805839463,0.0809826257691568
"XRCC6",0.139357172943196,0.0810751815649452
"ENSG00000233522",1.16336592211119,0.0810830649346281
"EXO5",-0.160308027389766,0.0810852037560323
"ENSG00000259363",0.198369788510312,0.0811284971368333
"TSNAX",0.159800038339261,0.0811422514797193
"WIZ",-0.127030395897828,0.0811783035695982
"ENSG00000280129",-0.331464026354921,0.0812451043954972
"MYRIP",0.262912395988492,0.0812650676368395
"GACAT3",-1.7725939757101,0.0812721349125825
"SIPA1L1",-0.118796736144979,0.0813086511041892
"PERP",0.194901658156317,0.0813181549897974
"ZUP1",0.155629717502068,0.0813184456243535
"ENSG00000295782",0.427974410295164,0.0813543334110495
"RAB3B",0.542017477749934,0.0815534883416511
"SLC38A4",-0.277443549650336,0.0815770447891316
"MAGOH-DT",-0.863914787384553,0.0816046860990855
"ENSG00000289901",-1.10042219082261,0.081615245288211
"MST1",-0.205319896139272,0.081617725215034
"FMC1",-0.228743313771918,0.0816400640706823
"TMEM259",0.178051764065141,0.0816558974066422
"SS18L2",-0.150374020819497,0.081680967377285
"ZFPL1",-0.11737749208559,0.0816940671595515
"CD22",-0.689077991072082,0.0817393529108274
"CCDC157",0.282056369887647,0.0817566864533156
"RPL21P14",-0.600944377308805,0.0817687065808284
"ENSG00000303902",-0.228826919824465,0.0818101678192539
"DNAJB11",0.173161160720691,0.0818338623739893
"ATP5MK",-0.168561275976764,0.0819396338539013
"RUSF1-DT",-1.15108707245635,0.081948034838787
"ENSG00000286000",1.55505927864967,0.0821124637657582
"UBE2V2",-0.158651137040642,0.0821547185686968
"PXYLP1",-0.243900234380298,0.0821559014390092
"ENSG00000269068",0.649874512740835,0.0822411875659205
"NRARP",-0.905201474030096,0.0822512216433058
"IFFO2",0.153444164046498,0.0823177363611397
"ENSG00000298058",-0.597482708908931,0.0823517253861503
"MRNIP-DT",-0.429986097540985,0.0823947617186375
"ATP1B1",0.185303289654843,0.0824253263603086
"ARSA",-0.22195050857743,0.0825767372485997
"LOC653513",-0.533137034501834,0.082583811865583
"CFAP251",-0.543915365553384,0.0826089111116241
"NDUFB6",0.152699774455471,0.0827195690128359
"RGP1",0.165877851845842,0.0827849009854191
"ENSG00000260751",-0.38173342533581,0.0828460133073416
"TSC22D3",0.532454884681608,0.0828717659561149
"ZNF71",0.227594448848289,0.0828765504287196
"TNNI3",-0.321717799052205,0.0829133781963885
"SEC11A",0.164353650894996,0.083065794417308
"RAMAC",0.164541491646545,0.0830845710782673
"GPRASP2",-0.475617894698849,0.0831392517303442
"CTF1",-0.422691774396476,0.0831775266086398
"LOC400499",-0.65365690133945,0.0834290917967703
"ENSG00000257379",0.312011907345333,0.0834357850791719
"ENSG00000236021",-0.830237030627357,0.08355399564746
"UTP11",0.153351415156889,0.0835817322654675
"UGGT1",0.183893144762648,0.0836115126378021
"TXNL4A",0.174471857708054,0.0836477348995106
"ENSG00000302819",0.593562221289275,0.0837541897936473
"ZER1",0.174147222170816,0.0838624897982196
"PIDD1",0.28032546792507,0.0838765124288249
"SCAF1",0.102554070982155,0.0838985278224093
"ENSG00000296598",-0.82303021391902,0.0839008433592757
"PDCD6-AHRR",2.34716274341787,0.0839116069131464
"SIX5",0.170500822997431,0.0839416743938295
"MTRFR",-0.169833485633845,0.0841068974344184
"TBC1D3",0.416915893183276,0.0841707136094891
"PLPP1",-0.184493252701416,0.0842522589424989
"MRPL13",0.128946189810364,0.0843833539442262
"ADAMTS2",-0.736844988914373,0.0843894443898362
"CDK3",-0.197789919660523,0.0843961146356039
"ENSG00000290043",-1.11078446050605,0.0843979149165907
"ZNF862",-0.580223121128054,0.0844570250568697
"HIRIP3",-0.142592322035793,0.0844639054613988
"CBFA2T2",0.10845344536268,0.0844643469583856
"FBXO43",0.237694597860318,0.0844661192587797
"UBE4A",-0.113279952731843,0.084479505879395
"H2AC19",-0.226508222044001,0.0845071125124109
"ENSG00000305756",-0.48253168679657,0.0845623201292313
"BLOC1S5",0.131043887079407,0.0845855714213584
"SDHAP1",0.148771923028049,0.0846455965006309
"LINC01503",-0.528498476410496,0.0846459162352277
"ENSG00000279058",0.310268270266868,0.0846677070031902
"BMS1P4",-0.356865685097367,0.0847476641866934
"ENSG00000259135",-0.740738871867293,0.0847531324049644
"AP1S3",-0.221594055454236,0.0848024603874402
"TBCK",0.153135481216104,0.0848266822776596
"MAN1C1",-0.844435948180719,0.0848425665955919
"RNF216P1",0.109097810431,0.0848542060784528
"PIGO",-0.214801670571353,0.0848560149004498
"NUDC",-0.239010379703509,0.0849588847791856
"MBD2",0.173279068096865,0.0849705197661371
"ZCCHC8",0.136380627776736,0.0849874505098028
"ENSG00000260997",-2.65353998205737,0.0850085139151796
"MRRF",-0.135062911814187,0.0850290489704261
"LHFPL3-AS2",0.152808124497644,0.0850454531659694
"CAMK1",-0.128061605439471,0.085054712633479
"GAMT",-0.145588893511697,0.0850712140435454
"IL27RA",-0.204621265083926,0.0851092585202927
"PEX19",-0.156962079788835,0.0851101510324312
"STIM2",-0.210290962030579,0.0851590854494292
"ZNF596",-0.303388445286785,0.0852648482714766
"LOC124907725",-0.575212129391722,0.0852999718546527
"SUZ12",0.135461287754249,0.0853694797216461
"ENSG00000186076",0.608031620302134,0.0853878476579066
"ENSG00000300442",-0.585204529743127,0.0853979598971431
"ARF6",0.14550832938883,0.0854412139250917
"LDHD",-0.289209085843904,0.0854445886613042
"ENSG00000266079",0.621322070268992,0.0854876937887438
"CHI3L2",0.927328404674986,0.0855312699798196
"ENSG00000272990",0.68780010521594,0.0855903887233518
"ENSG00000270137",0.682579845403246,0.0855974974449258
"SLIT1",-1.86946616317745,0.0856300133460595
"PRR36",0.263721701736435,0.0857454306957499
"FAM169BP",-0.587568609115736,0.0858423220710102
"PPP1R35",-0.163544853084366,0.085974262548909
"ZNF639",0.13061532765694,0.0859920944459117
"GMPR2",-0.151041987700698,0.0859932171091677
"CETP",0.582947640111347,0.0862331351486388
"RBSN",-0.158982656613283,0.0862389920037057
"ABCA6",-0.415784796535111,0.0862399495038143
"FLVCR1-DT",-0.194176317149673,0.0862561226723015
"DCUN1D3",-0.119108467293657,0.0862613766502876
"UBR1",0.128633398243649,0.0863260517635488
"ZNF28",0.213229482498712,0.0863504598202353
"ENSG00000227479",-0.638212917770254,0.0863717707901361
"ZC3H8",-0.158798200635227,0.0864650275480744
"TSR1",-0.10990408133187,0.0864666220496239
"ENSG00000271714",-0.712067156506033,0.0865538977466136
"LYSMD1",0.21141356121006,0.0867318881716237
"SETD9",-0.264965860422183,0.0869354898007074
"ENSG00000272888",0.117856822378173,0.086969124805121
"SMC2-DT",-0.798645901937285,0.0869879666111277
"ENSG00000300389",-0.7648899044906,0.0870178304080274
"DNASE1L2",-0.297699780381532,0.0870318923783962
"ENSG00000303375",-0.585431440460139,0.0870375883519368
"STAP2",-0.145128644872802,0.0871682830809544
"FAAP20",-0.133688097907842,0.0872128686073367
"HDAC4-AS1",-0.689933839341922,0.0872217878842525
"OSBPL9",0.136272778451858,0.0872803444746534
"YWHAB",0.152758302056139,0.08732503318001
"NFATC2",0.196533810594681,0.0873838442443322
"TMEM45B",0.23123470299933,0.0874267738931509
"ENSG00000272335",-0.171194374173236,0.0874487487875787
"EML4-AS1",-0.565888284237513,0.0874715336143626
"RPS3",0.145415771583297,0.0875237611612312
"H4C5",0.843192568534292,0.0875616428042543
"RPL22",0.164456982318432,0.0876438612662693
"TNIP2",-0.149970003600757,0.0877370151885448
"SNX3",0.132798565357543,0.0878130917958814
"SLC27A5",-0.185822516749039,0.0878361635544891
"FCSK",0.149494763217695,0.0879023506231513
"GALR2",-0.615722601704035,0.088017138874174
"CEP120",0.164412276707911,0.0880934772078384
"RIMBP3",-0.839366150041709,0.0881545116069584
"RAPSN",-0.597941138842864,0.0882225734490402
"SPATA13",-0.145711024871429,0.08826884967688
"RPL9P11",0.538941045389573,0.0884167395082485
"FBL",0.177815246537988,0.0884351550144325
"ANTXR1",-0.191941689174518,0.0884461491449114
"YBX2",-0.591962501796637,0.0884708501850223
"LOC102724428",-0.140397235651586,0.0885329078741394
"SNX18",0.208455838007995,0.0885335540734847
"BLM",-0.161229121661094,0.0885978564267743
"PLBD2",-0.216540939815499,0.0886238542350166
"POGLUT1",0.154884968916277,0.0886864055957745
"NPHP3-ACAD11",1.10112464286079,0.0888108587634009
"CEP290",-0.154195136210583,0.088811596746608
"ENSG00000289296",-0.762866066079105,0.0890323392423149
"ENSG00000293025",-0.409693270825126,0.0890487160578632
"TTC39B",0.256467980764583,0.0891434414501994
"KIF27",-0.233235883639093,0.0892398229453133
"ENSG00000288695",-1.05101115467995,0.0893146321316854
"POTEI",-0.781722417003705,0.089327669633773
"ENSG00000296499",-1.10563279339131,0.0893807893302473
"ATG9B",-0.637981248433456,0.0894343196524351
"ACOT1",0.146517350574316,0.089478210371537
"ENSG00000290051",-0.451480530601081,0.089550905751875
"ENSG00000264546",0.469823897478218,0.0896100305329514
"ENSG00000273628",-0.739519106814334,0.0896388767866417
"NBPF25P",-0.343818003965649,0.089740402980448
"LDLRAD3",-0.604861019222119,0.0898222666062766
"ENSG00000228826",-0.370549576043602,0.0898241319982372
"TMEM72-AS1",-0.618731015967498,0.0898667300203914
"NUDT5",-0.157648084090809,0.0899019526458148
"DMTF1",0.123804628628099,0.089934728698101
"AP1S1",0.117972780310488,0.0899371477763016
"MRM3",-0.202700958361007,0.0899697147595151
"LOC107985524",0.750044653292474,0.0899902736217114
"COA3",-0.140908068594566,0.0899906690568748
"NIPAL1",0.284004248595617,0.0900702562195264
"MAP2K5",0.187096490874557,0.0901290519515685
"SH2B2",-0.459371562398732,0.0901499146074185
"TSSK3",-0.712100955350361,0.0901537606811146
"GPX3",0.279955758084785,0.0901773189898559
"KCNE5",-0.303650879816422,0.0901989115883772
"ENSG00000224837",-0.784974755530469,0.0903078292923108
"RAB40A",-1.19400072999044,0.090312034904418
"GLYR1",0.101401709009901,0.0903182991920885
"ENSG00000280383",0.222408760770788,0.090426332679863
"USP27X",-0.24370304813612,0.090445157635374
"AIFM1",0.137458149141798,0.0905750035444826
"NUDT13",-0.271738409853011,0.0905892484442002
"RPL24",-0.160599889503644,0.0906332341841701
"ASPSCR1",0.165489317165501,0.0906777232465218
"MAGED4",0.219881668535792,0.0907279557565033
"CCDC32",0.153377202465127,0.0907353186603377
"TMEM179B",-0.146941143227078,0.0907450010624432
"ENSG00000286221",1.76030643108848,0.090758675649384
"NOTCH4",-0.569099680069539,0.0911049716583061
"ENSG00000244480",-0.524066071919805,0.0912136699841254
"ENSG00000283515",-2.95898400903656,0.091273717582968
"SYNJ2BP-COX16",-1.22630405044916,0.0913130416577983
"UBE2D4",-0.173296480994356,0.0913492543010978
"LINC03129",-0.536060836469057,0.0913505146896223
"NDUFA9P1",-0.704337921383467,0.0914269943003596
"ENSG00000225689",0.613068576464508,0.0914748455344842
"C9orf43",-0.563824325058209,0.0914840180249393
"ODAD3",-0.68162507515924,0.0915268127088213
"ENSG00000290588",-0.250339743613572,0.0915405806791039
"RNF113A",-0.233253854436234,0.0915425446590048
"UVRAG",0.128537365772601,0.0915724529835345
"NUBP1",-0.153474326954371,0.0915977756472546
"TUBB6",-0.572368271050765,0.0917020707563272
"STOX1",-0.218577108121736,0.0917129362546548
"ARMC12",-1.32840554483851,0.0917696315118697
"CDKN3",0.144683735560091,0.0918357081442723
"TREX1",-1.0468534159253,0.0918407920709923
"LRP2BP",-0.580718678088069,0.091861959320183
"ENSG00000308279",0.731103817072963,0.0918643734890639
"ENSG00000300781",-0.441501436937578,0.0918799393880102
"ENSG00000128692",-0.39964901003249,0.0919532858257043
"POLRMTP1",-0.265642005686337,0.0919576884735031
"NUDT17",-0.282613459372471,0.0921010279995243
"CCDC65",-0.65777871524057,0.0921959319206776
"BCAM",0.262228108613618,0.0922633213123033
"ENSG00000301639",-0.593803723832143,0.0922908869235256
"GDAP1",0.155455743509808,0.0923305601575031
"ENSG00000259994",-0.298497811967544,0.0923423806660502
"APBA3",-0.13315609597313,0.0923500161923577
"GPR137B",-0.919703449648185,0.092406584627703
"TIMM21",0.139226446190599,0.0924774948417566
"ENSG00000308468",-0.690168359232377,0.0925047297743673
"PRDM2",0.134440894666315,0.0925119380730906
"CCNYL1",0.114347627990355,0.0925543211285749
"H2BC4",-0.323443208772975,0.0926665384410344
"ENSG00000287286",-0.813043824461118,0.0926735218498404
"ENSG00000259780",-1.19039460225942,0.092689080036204
"ENSG00000274270",-0.575377145582663,0.0926960331479065
"ZNF439",0.194707751551811,0.0927380602238701
"CHMP5",0.199442893203918,0.0927498178191053
"ENSG00000279114",-1.02010995745173,0.0929532641493734
"MTMR9",0.181821946586807,0.092957954820087
"TLE5",-0.157944339217692,0.0929953729675247
"VNN2",-0.763031495529125,0.09312477791557
"ZNF675",0.219912472325749,0.093135913782109
"NDUFA1",0.169481448332618,0.0931480153375793
"MSS51",-0.302157548611699,0.0932073769290057
"ENSG00000271741",-2.31469245812219,0.0932134648505271
"DEGS2",-1.20838926249389,0.0932146400936844
"TINCR",0.922309492649944,0.093305692760782
"RB1",0.122650996997724,0.0933284807637764
"DGCR2",0.171851608791891,0.0934249411564905
"RAD9A",0.212713749096874,0.0936814635584643
"ENSG00000274528",-0.521731234509005,0.0936921025631616
"ENSG00000235100",0.196129059413249,0.0937022672838381
"ENSG00000223459",-0.92715551804877,0.0937347595347195
"ENSG00000273451",0.558203992847253,0.0938319490891075
"STX8",-0.20008298094297,0.0938540426727214
"ARLN",0.185953321128439,0.0939437994730854
"RCN1",0.179043780709432,0.0939632230761202
"ENTPD8",-0.506921385540176,0.0939925208363632
"IER2",-0.121417575180385,0.0939947206069568
"IQCJ-SCHIP1",-1.88883403875467,0.0940092566718372
"SIPA1",-0.226416599638226,0.0940770823299741
"CHMP6",-0.147459850816804,0.0941035072478102
"FIGNL1",0.175253861663814,0.0941184926927816
"ACTR2",0.131659773397001,0.0941723697530607
"RPP38-DT",0.56780370518402,0.0942392678572355
"MED31",0.226238583343435,0.0942604984367521
"ENSG00000286538",-0.976412873571634,0.0943194600143983
"PABIR1",-0.163552691310236,0.094365925141032
"EML3",0.145156009988273,0.0944133084395256
"ABCB1",0.132782168764857,0.0945077527784942
"ENSG00000188985",-0.859360555000734,0.0946414555136924
"RPL10P16",-0.368660546535978,0.0946840436379711
"ENSG00000303584",-0.316687061481574,0.0947509976283626
"ENSG00000257298",0.857331164714626,0.0948538755810566
"ACY3",-0.320341929898181,0.0948911850994784
"TNRC6C",0.171595108280369,0.0949113824930064
"LINC00857",-0.77074989683341,0.094959513323632
"EIF3G",0.103217863594848,0.0951003966072318
"FKBP1B",-0.190452393505746,0.0951482659987606
"ENSG00000280347",0.627172245827685,0.0952399971648155
"TEX14BP",-0.488271568429022,0.0952418569083165
"SNHG5",0.130723001763514,0.0952450892649791
"ENSG00000240225",-0.636663094583023,0.0952832048520565
"COX8A",0.133722468868623,0.0952880902118357
"ENSG00000231881",-0.573809431686113,0.0953300387553617
"SMIM27",-0.270583810852771,0.0954602138637605
"CLPB",0.140745798006579,0.0955025402259942
"ZRSR2",-0.212664583164782,0.0955652410670668
"GTF3C4",0.133833520394477,0.0956126570815365
"LINC02693",0.196528026213111,0.0956278894702276
"JTB",0.160362764644356,0.0956931453177818
"ACAD11",0.149906892100899,0.0958170581228958
"UQCRC2",0.133905074440054,0.0958430593743609
"ENSG00000263731",-0.180421935538923,0.0958967744456883
"MT1E",-0.194541968852493,0.0958997824705814
"MRPS5",0.120790200810641,0.0959122611291975
"ENSG00000272501",0.203807061903331,0.0959736514135032
"ENSG00000235790",-0.786702963017014,0.0960205810752155
"ATP8B1",-0.284959397350202,0.0960338016914898
"SELENOO",-0.120974640970323,0.0961108075968132
"PSMB9",-0.246602497400204,0.0961874325471362
"DHX57",-0.120155042401012,0.0962490720477577
"TMEM67",-0.255917204510641,0.0963132148055084
"FAAH",-0.210275297573453,0.0963412407227388
"ENSG00000272905",0.806163484211046,0.0963487921582326
"DMAC2",0.155863918427166,0.0963643002387042
"SLC39A10",0.136227896363,0.0964879180098173
"BTG2",0.224156311915692,0.0965283833471632
"VSIG10",-0.146039631583215,0.0965291007153486
"ENSG00000278867",0.422521560179511,0.0967468344685937
"PAH",-0.268697999431671,0.096800702927081
"C1orf43",-0.144455834385533,0.0969021234109489
"UBE2Q2P1",0.156471008050341,0.0969195896544585
"ALDH8A1",0.456774451022909,0.0969279932953578
"EP400P1",-0.168080807394063,0.0969364386548394
"ATXN7L3-AS1",-0.442248827891258,0.0969787423762227
"ACOT7",0.150929127687522,0.0969907331053173
"PPP1R11",-0.181712055905897,0.0969978275496456
"ENSG00000305352",-0.432780846133173,0.0970655949356422
"EEF1B2P3",-0.322543114239585,0.0970761572800096
"DEAF1",0.135299690130918,0.0971511143438697
"ZNF85",-0.284803109177502,0.0972068712791585
"CORO2A",-0.174902718406577,0.0972111751784993
"ENSG00000246560",-0.356865348848064,0.0972709227863371
"SUPT3H",-0.137357561598178,0.0973373122152852
"ENSG00000304458",0.364338255079441,0.097464090368028
"CDADC1",0.183474184204017,0.0974706475638131
"PSMF1",-0.125808253390036,0.0974716939936929
"HIKESHI",0.132050982530417,0.0975054867988616
"ENSG00000296810",-0.902628119381461,0.0976033449155379
"SERPINB8",-0.493602788559665,0.0976913465808885
"TTC6",-0.215380355619619,0.0978105273721152
"ENSG00000306533",-0.813320353505919,0.0978634293090338
"ZSCAN26",-0.16444601818572,0.0978947873239676
"CFL1",0.192669912759538,0.097912951252473
"ENSG00000206417",0.232496945776205,0.0979130875797078
"ZNF619",-0.213863300404603,0.0979472377333742
"FNDC5",-0.478415901622676,0.0981138868740929
"NATD1",-0.43235448128208,0.0981824911783853
"WWC2-AS2",-0.49183611386855,0.0981912566308707
"PCDHB15",-0.401971275577791,0.0981937853049427
"ZBED1",0.160600013502848,0.0982083057744188
"SF3A2",0.165974908139422,0.0982404852600408
"FAM157A",0.150269242409665,0.098277611778444
"CHSY1",-0.144290628025664,0.0983820844493619
"ATP2C1",0.116592218803938,0.0984707362011308
"SLC38A4-AS1",-0.34086569214606,0.0984744833373433
"RHOJ",0.329364049454791,0.0987272278383035
"CDC42SE1",0.136759333718272,0.0988566919024401
"ENSG00000288994",0.935746822313123,0.0988904705401642
"ZFP69",-0.223033050311382,0.0989265421734529
"CCT3",-0.153211335835562,0.0990316554448909
"ENSG00000267500",-0.682773508773873,0.0991000744210355
"COL6A1",-0.301526375541002,0.0991699912077765
"CTSV",0.227865553542725,0.0991774758858921
"ENSG00000272205",0.389895673505375,0.0991930330608764
"QPCTL",-0.164544785076123,0.0992084408876707
"ENSG00000272384",-0.36270850297617,0.0992269177180577
"TIMM10",-0.173138224150766,0.0992595258688657
"LOC101928234",-0.899079140992075,0.0992935464360305
"PGBD4",-0.259965469011235,0.0993071955969342
"HEXB",0.13438026462296,0.0993112380348138
"HADHB",0.123485501679708,0.0993827535429116
"COL4A6",-0.245768629093402,0.0994178490680288
"ESS2",0.141408616671548,0.0994988232276802
"MFSD4B",0.199813732483252,0.0995054043702082
"ENSG00000270562",-0.441210513158763,0.0995270873435142
"DGCR6L",-0.152378178410926,0.0996242738835423
"ENSG00000289970",-0.995572676924396,0.0998677591211612
"ATP6V1F",-0.142546458250925,0.100022279563372
"PCBD2",-0.190171406365684,0.100046733028401
"ENSG00000275198",-1.08541859266126,0.100086705763959
"ZNF780A",-0.142696349971376,0.100092087924399
"ENSG00000286707",-0.712271587431715,0.100101774117922
"TRPV3",-0.821891233055149,0.100153886167975
"ANKRD49",0.161349603759394,0.100168444669968
"BEST4",-0.258783402116725,0.100192796892826
"ENSG00000279108",0.682499000512257,0.1002329591506
"PAQR8",-0.178867979167106,0.100241414576325
"KDELR1",0.157865664850176,0.100272080103307
"MTERF4",-0.110165547874207,0.100284085875742
"EMC1",0.205353219703459,0.100314447083915
"ANKRD11",0.139077534450352,0.100404373558025
"AFG2A",0.216628102124143,0.100430331957084
"ENSG00000295654",-0.923838292917525,0.10046073125272
"PDE2A",-2.25933063985293,0.100492075225712
"DDX5",0.130929315427084,0.100509409657807
"SLC38A7",-0.126489446525407,0.100545342312187
"IGLON5",-0.640246448379441,0.100600745750407
"CCZ1B",0.116704041744496,0.10063325581387
"APOBEC3C",-0.172893912153591,0.100675723439071
"ARAF",0.147905916816679,0.100704296792815
"FTH1P10",0.504267802902881,0.100834092841607
"SEPTIN8",-0.114674123981034,0.100992164512647
"PIAS2",0.170566978812999,0.101010988530076
"SNAP25-AS1",0.537442012728576,0.101028518863457
"ENSG00000290460",-0.556586767887485,0.10105160332302
"DHRS1",-0.152258770596086,0.101210185420038
"SREBF1",0.202407619409306,0.101238396555052
"NOTCH2",-0.170817283703917,0.101434511005659
"LINC01132",-0.857681304375148,0.101526287309158
"MEN1",0.120628468108707,0.101561720679713
"ENSG00000298532",-0.48206228721819,0.101571818106688
"ENSG00000289043",-0.331523659878986,0.101642816128506
"ZNF692",0.14872121127516,0.101697693763855
"VPS25",-0.128357666051911,0.101709904710538
"FHL3",-0.276437424691445,0.101731572106514
"ENSG00000295728",0.925305945626123,0.101731831841254
"ZNF420",0.249417295553166,0.101732091095761
"ENSG00000284952",-1.58471129179395,0.101756380949654
"BCAS2",-0.191732871307823,0.101806380491623
"NUP214",0.110024035288531,0.101888646544535
"NPNT",0.33842378347187,0.101926779205935
"PIGT",0.126046672320704,0.102018856456277
"SHKBP1",-0.126783909238785,0.102042701738354
"RBM28",0.121663520065838,0.102081467629923
"ENSG00000270115",-1.20169693452662,0.102141862599652
"MTND4P12",-0.556998360201793,0.102155497736023
"KCTD5",0.116282096964287,0.102246058656585
"HMOX1",-0.220781048256553,0.102263570923777
"ENSG00000267249",-0.636166412760642,0.102310263717462
"LINC01280",-1.15535687402386,0.102328288083467
"ETFB",0.177465796506373,0.102462318856469
"ENSG00000243885",-0.603553414496881,0.102518315950879
"LIF-AS2",-0.783412515214772,0.102603317873502
"TMEM145",-0.312176614423978,0.102628638550529
"EML2-AS1",0.707010916660225,0.102668866005542
"SLC7A5",0.195381010104507,0.102678036566373
"SSU72",0.122585812359854,0.10271920121826
"SFRP5",0.930507966537446,0.102735558083439
"CPTP",-0.129009500020572,0.102801389532337
"ENSG00000231466",0.371947866195025,0.10285313980193
"DDX11",0.135053454051849,0.102894171278964
"ENSG00000226149",0.314705649521616,0.10298449788257
"LOC105369363",-0.797523004568093,0.1029942929273
"CCDC73",-0.873423957722533,0.103014256020349
"GANC",0.128200396855772,0.103015255697808
"DNAH12",-1.09676548026867,0.103217682838222
"FBXL20",-0.117582502441914,0.103250236686057
"ENSG00000289164",-0.595197649558089,0.103261358090828
"CBX3P2",-1.14433908530734,0.103377504631585
"ANKHD1-EIF4EBP3",-0.150198101850421,0.103380943515352
"OTUD1",0.448896892350768,0.103406898330282
"HIC2",-0.121348408705411,0.103550467701921
"ENSG00000272864",-0.779771284143972,0.103678860319151
"MIPEP",-0.172278027342687,0.103681943579299
"TAS2R10",-0.653578943993163,0.103723307790412
"CYP39A1",-0.865056190574892,0.103739470952251
"HSFX2",0.93377202401693,0.103786898957476
"HCAR2",-0.467663433279625,0.103794971926615
"HIVEP2",0.187893130419346,0.103830587635882
"RABIF",0.150660658644045,0.103913573936225
"MAGOHB",-0.160494343927369,0.103999647528592
"BAIAP3",-0.294731532985476,0.104025347588037
"ZNF836",0.257842230071502,0.104026617036063
"GYG2",-0.16102485796005,0.104042700874332
"SSRP1",0.118559448254409,0.10407105298347
"ENSG00000289375",0.423362057889204,0.104113694984755
"LCMT1",0.159212877844138,0.104115992947578
"LOC107986852",-0.412336207283249,0.104162680041478
"FMO5",0.236809402665431,0.104203093870008
"TMPRSS5",-0.462978774435731,0.104246013540876
"ZNF701",-0.181670680659547,0.104369156384246
"HEXIM1",0.130724310616781,0.104397754062847
"RNASEH1",0.110219859276182,0.104609249099272
"ZBTB7A",-0.149943716308617,0.104716018502895
"ENSG00000260093",-0.854789677208724,0.104784724849097
"LOC124904066",-0.842843303386956,0.104788750265158
"LINC02466",0.767646224346807,0.104843840775777
"SCML2",0.206451145918841,0.104945112165905
"TMEM243",0.159879710441947,0.10497989199056
"CNN2",0.254348763399655,0.104983103103853
"JAG1",-0.182859096799674,0.105111759333081
"LNP1",-0.399747501099972,0.105123962115187
"ENSG00000214439",2.13446031549341,0.105147267199246
"C9orf72",0.184272565211072,0.105231277405496
"ENSG00000272512",-0.35523755092492,0.105263044505425
"CRYAA",0.169993313689308,0.105315004696486
"ENSG00000291015",-0.222623170571183,0.105315849297846
"ENSG00000293175",-0.754115423317096,0.105370357793445
"ADGRD1",-0.413749463866888,0.105547900276494
"DYNC1H1",0.118980196000157,0.10561155793097
"ZNF571",0.316730053666511,0.105644616547642
"TAGAP-AS1",-0.708733171262885,0.105653749553768
"MRPL27",0.114495005617641,0.105723728054937
"BAZ2B-AS1",-0.417548378794292,0.105755226010612
"LINC00642",-0.509587845845495,0.105783965866816
"LINC00958",-0.425517492711766,0.105928614913964
"RBBP7",0.0983801706627578,0.106098366078519
"ENSG00000144158",0.729574665401071,0.106157550402753
"ENSG00000279443",-0.826638488034557,0.106175997027189
"ADCY9",-0.125079302012101,0.106193062932287
"ENSG00000176933",-0.586191934040825,0.106216313513354
"AGAP1-IT1",0.569681001312383,0.106247517966419
"SLC2A1-DT",-1.1720822434737,0.10645241704498
"PDIA2",-0.351987427503182,0.106543342873977
"ZNF460-AS1",-0.584732385853024,0.106556476245558
"ENSG00000301691",0.355040270688652,0.106613440748239
"SLC29A1",0.19885488486012,0.106676732274499
"ENSG00000277459",-0.519112451030507,0.106682177050584
"LYNX1",-0.215834826707889,0.106682928160235
"ENSG00000290665",-0.747573293695029,0.106692785010418
"ENSG00000285679",-0.552462359648479,0.106778970436135
"DCUN1D4",-0.127565019532774,0.106886334674773
"PRKCE",0.255919170502276,0.107223349612899
"CARD8-AS1",0.336568950005582,0.107305908845132
"LOC105375170",-0.739393114835832,0.107391390659
"LZTFL1",0.207080853632708,0.107529335990909
"MTMR1",-0.125964995969782,0.107560941598698
"ENSG00000272356",-0.22139159778808,0.107659351238864
"ENSG00000278177",-0.602554452490428,0.107683409075608
"RBL1",-0.151558552151779,0.107714362957696
"TPPP2",-0.741378209844323,0.107726890018801
"MAPRE2",0.171734980012954,0.107769312667769
"ZNF81",0.195259874161327,0.107789234699619
"RPL32P18",-0.828910270734293,0.107790952189699
"SLC25A41",-0.545176383578148,0.107828967900751
"JAKMIP3",-0.590816486438316,0.107836133933507
"APOA2",0.202988454571103,0.107865033074616
"ENSG00000228506",0.205668022576452,0.108079339174906
"ZNF582",0.484843201776993,0.108080954536424
"ENSG00000285816",5.05575823360517,0.108086053463031
"KAZALD1",-0.186972651711391,0.108115503642455
"PTK7",0.170815874994199,0.108162117967753
"LRP4",-0.217116305429893,0.108230854751543
"ARPC1B",-0.153929191480981,0.108250735188818
"CDK11B",-0.140490683235018,0.108299286081554
"VPS13B",0.174584579284071,0.10832709342948
"ENTPD1-AS1",-0.150782635424356,0.108768943785516
"APOC2",-0.154713801034101,0.108883211758142
"MRAP",0.848985542743805,0.108934813875034
"ENSG00000287234",-0.509573660682031,0.108968340468635
"RPL10P9",-0.410346246735224,0.109067035816849
"GPC2",-0.461471615371081,0.109145573328332
"BCORL1",0.167489481856511,0.109189066433392
"ENSG00000231697",-0.722535289134469,0.109252391512232
"ATP1A1",0.132326977905364,0.109274775564753
"ENSG00000268357",0.867957746771469,0.109294731885786
"ENSG00000261069",-0.505880536052741,0.109442000358657
"GCATP1",-0.491241348821381,0.109457879648341
"NRL",-0.248256014853431,0.109476098820803
"ENSG00000286116",0.30830859868016,0.109543464954477
"CNPY2",-0.12138707866745,0.109612176887262
"ENSG00000260285",-0.579910307917194,0.109618599877205
"CHRNA5",-0.270382067228115,0.109645654391146
"SNUPN",-0.223589470559541,0.109651350458409
"ACSM2B",-0.371903970022021,0.109707953550331
"P2RY6",-0.841513783033722,0.109723997020934
"ZMYM1",-0.161129119244619,0.109823251983064
"ENSG00000272980",0.755755389923497,0.109836669946428
"LOC100287290",-0.499211519653963,0.109998366565798
"ZNF618",-1.04213306884897,0.110002080447078
"ENSG00000270100",-0.765844149475797,0.11015368466162
"ZC2HC1C",-0.338176369805918,0.110196692773016
"MMP11",-0.164665067798682,0.110227393362121
"ENSG00000227398",-0.218361145472726,0.110233770846117
"PEA15",0.143984387273127,0.110279763002599
"LRRC37A5P",-0.997295680775192,0.110340514829545
"LOC730101",-0.297159411512842,0.11037224163292
"VCAM1",0.962861580847277,0.110407082147015
"ACOXL-AS1",-0.838818844191452,0.110420726324067
"ENSG00000306113",-0.635107091291257,0.110478845323759
"CILP2",-0.432529142129037,0.110563831993168
"ENSG00000310376",0.325316814393063,0.110603406507018
"NTAN1P2",-0.697514163687209,0.110715357545324
"HBEGF",0.461485703712337,0.110741446834435
"PIGC",-0.13708266385812,0.110901686399498
"ENSG00000289045",-0.520455127636483,0.110915040679773
"ENSG00000274964",-0.493833166502752,0.111007426480292
"BAIAP2",-0.12427142382535,0.111007903945025
"NYAP1",0.360290432339693,0.111026990819446
"LOC107984505",-0.656715520620755,0.111112841796639
"MYCL",-0.833269368343652,0.111154556392538
"LOC124905312",-0.173711463380084,0.111175737445991
"ZSWIM6",0.241148477167004,0.111285747656626
"LOC105371414",-0.328471367853841,0.111328993611801
"ENSG00000289126",-0.765592371639192,0.111337210123432
"ENSG00000177173",0.788985282241147,0.111339769660681
"TAF1A",0.224836190337924,0.111369486031913
"LOC124902033",0.225617360125672,0.111566266886478
"ROM1",-0.357774461687652,0.111667948837212
"FBXL5",0.166563499368715,0.111785795410237
"ENSG00000284657",-0.263154582783229,0.111790749074886
"GOSR2",0.111294085604546,0.111793791094427
"NDUFA6-DT",-0.395720265811865,0.111827259761139
"FAM118B",0.175746559031509,0.111915714339164
"IRX3",0.184573023616381,0.111952989959917
"DDT",-0.10491613080302,0.112019883192205
"ENSG00000270761",-0.568296050817122,0.112081836776868
"OAZ3",-0.597468903150699,0.112106791863421
"LOC100507250",-1.00047282413593,0.11220338408553
"E2F6",0.102901323889009,0.112342645829288
"AK2",-0.111970775300757,0.112360551576865
"HSP90AA1",-0.167685857698335,0.112643298971229
"NOPCHAP1",-0.161377166026749,0.112802258042184
"ENSG00000288998",-0.990305426000737,0.112818109345418
"AP5B1",0.157799409061497,0.11290234752133
"TMEM231",-0.209616538817962,0.112948259873354
"AADAT",-0.168014058684738,0.112971606456804
"ENSG00000267655",-0.796352668663133,0.113004019234127
"APOB",0.210091027709673,0.113215968967624
"ENSG00000260121",-0.551400132095138,0.113241446590314
"ENSG00000258655",-0.297758488907221,0.11329058306102
"POU2F2",0.757087870739451,0.113388240392226
"ENSG00000277170",-0.581197133128169,0.113551342248768
"PCDHGB1",0.484571151868228,0.113555499688185
"LBHD1",-0.226058853096652,0.113568444320001
"CUL3",0.147372342941617,0.113846673655063
"HSPBAP1",-0.200253733093916,0.11385280632608
"MYO1C",-0.142031575738051,0.113927258075525
"DHRS7",0.192636565462166,0.114002946206839
"FGD6",-0.236714798172602,0.114014298785692
"TNFAIP3",0.124433238228783,0.114032715093896
"ENSG00000249790",-0.284040865823098,0.11404612151761
"NOCT",-0.191996632128802,0.114197847349163
"ENSG00000261220",-0.370272352575211,0.114206370878452
"KEL",-1.41836501914257,0.114354335489398
"LINC01772",0.424280402709709,0.11447986259382
"LOC105370534",0.767012343474652,0.114511733353195
"IFNAR2",-0.110830166061605,0.114731001132872
"GIPC1",0.131791892385148,0.114748072098304
"VCP",0.111161500882072,0.114776497730372
"INKA2",-0.229268945191621,0.114908564838379
"VEGFA",0.118987002706013,0.114929365215062
"CRLF1",-0.156302308869249,0.115033706068159
"KIAA0513",-0.286015481548472,0.115038680815845
"GLT8D1",-0.13123730318971,0.115048310882009
"ENSG00000230952",-0.181030237530734,0.115137926548929
"ENSG00000272918",0.714442040898132,0.115167312821502
"SLX4IP",0.138895098477655,0.115218690491331
"CPVL",0.129756569175413,0.11535147196055
"ENSG00000249378",-0.396742721471367,0.115391810507993
"ENSG00000279700",0.464553729669013,0.115581527469346
"EFL1",0.202372185146426,0.115622946790796
"POU2AF1",-0.272764145556455,0.115655734494827
"BNIP3",0.205676010381225,0.115821417521799
"LAMC3",1.09723899722192,0.115864413383025
"SLC25A33",0.102968387205688,0.115934883396439
"EHD1",0.129471343981431,0.115988226912059
"TRDMT1",-0.246685348060069,0.116030321616013
"AGTR1",-0.204167603013161,0.116058310541778
"ENSG00000307825",-0.783766185451696,0.116083529447454
"LRRC9",-0.736974278480994,0.116132469642857
"TRAM1L1",-0.717379881360143,0.116182809110805
"ATG4C",-0.164092227465109,0.116194846052485
"SYPL2",-0.477864099592534,0.116286856009696
"ENSG00000302141",-0.775228603281419,0.116405612003491
"CHML",-0.14908743201151,0.116514925100811
"PSMA7",0.10613270045072,0.116531749060526
"ENSG00000268584",-0.674384533300297,0.116536295375138
"ENSG00000235313",-0.578317389213842,0.116603024977799
"FRG1HP",0.128003969641412,0.116637939980465
"EEF1A1",0.17961346121413,0.116641036699227
"ARPC1A",0.12386762243295,0.11668643588166
"ENSG00000297141",1.44253308477008,0.1167241712729
"NXN",0.234183680788412,0.116800821252501
"STT3B",0.139006872046108,0.116802157451413
"ENSG00000289883",-0.899902289095802,0.116814970274924
"ING3",0.184377378449033,0.116823833051029
"STAG1-DT",-0.480983233150125,0.116841112813858
"TLK2P2",-0.427330585973343,0.116849171909152
"ENSG00000224078",0.12115768325021,0.116873177724776
"ENSG00000241884",0.536085568535673,0.116886269169775
"TRIB3",0.15414767386087,0.116888405823901
"EPN1",0.163682454986301,0.116900578205191
"PTBP1",0.105503060563093,0.116927643842893
"SHTN1",-0.12898380500522,0.117023342079541
"DYNLL2",-0.115620838487288,0.117053497829463
"CBX5",-0.1726716380389,0.117070352832907
"PART1",-0.535416580868677,0.117075066303171
"TIMM44",0.099725848532224,0.1170860120288
"PSMC6",0.120753582404161,0.117117484911037
"SYNPO",-0.825383936872741,0.117172421617266
"AP1M1",0.1132660259038,0.11717602356983
"STK39",-0.194630929004333,0.117177810081
"NOL9",0.128444763352488,0.117178777890843
"WDR45",0.134299885287263,0.117285530557182
"CWF19L2",0.174821064014116,0.117293972715119
"CHD9",0.137130838069281,0.117352549406317
"SDC1",-0.166575714196759,0.117364402041188
"ENSG00000286284",-0.685219447117161,0.117376892042177
"FAM20A",-0.167412014699747,0.117648656221181
"TASP1",-0.148049893167292,0.117681230824606
"CORO1B",-0.145690709432034,0.117713524962699
"SUGT1-DT",-0.304723183042954,0.117805398201003
"ENSG00000289741",0.596376197084407,0.117913607892228
"OPN3",-0.190749578765587,0.117931415511808
"C20orf144",-0.555553112705648,0.11799062161164
"HNRNPA3",0.111724608824364,0.117998810245163
"ENSG00000271971",-0.284493341701683,0.118055624119785
"MALRD1",-0.188573141554851,0.118146933941288
"ENSG00000288966",-0.823911554451904,0.118340476035405
"ENSG00000250290",0.219983068256112,0.118425135898828
"ENSG00000245025",-0.428271359663219,0.118433276411421
"NPIPB7",-0.46508011608145,0.118524411795685
"ACVR1C",0.578660298490668,0.118525325269873
"ARHGAP27",-0.158650407724074,0.118691305752721
"C4B",-0.156709790630617,0.118718087049169
"GDNF",0.961290024975769,0.118737189709314
"SLC37A2",-0.388258933247963,0.118747017915085
"IQANK1",-0.280223259278019,0.118864356390026
"LOC105375743",-0.714842717266925,0.118884019318704
"ZNF569",-0.207791747308814,0.118944822525399
"LRP5L",-0.141265716784538,0.11897552056624
"GIT2",0.104177782012573,0.118992531936099
"ENSG00000280353",-0.970403517458735,0.119052549482758
"C9orf78",0.166179469579591,0.119061870053618
"ELOVL5",0.132806459374873,0.119079172873105
"RPS6KA1",0.116571869367141,0.119079658765818
"NPIPB14P",-0.469324630546178,0.119227074969692
"ENSG00000229036",0.756800515751456,0.119232385806231
"FGG",-0.172620844628246,0.119263504724249
"GTF2H1",0.123127506532878,0.119285197498897
"LINC01234",-0.215153618613316,0.119375716873712
"CTNNBL1",0.113268051342079,0.119408703365336
"RPS2P49",0.470940793042323,0.119447416401654
"RPS5",0.131963664210504,0.119462773594959
"RPA3",-0.12333335204152,0.119550068917479
"KRTAP5-9",-0.657873758520169,0.119709699549001
"ATP5PO",0.128064145948907,0.119742244578212
"LOC105377209",0.430247851779507,0.119746155781795
"AFP",0.247622568470049,0.1198274626983
"TIFA",0.20813539559651,0.119841403205068
"GTF2A2",-0.116671136388641,0.119844535875662
"COTL1",-0.154342202149167,0.119887289506547
"GPS1",0.107228548951733,0.11993593306776
"ICOSLG",0.265397241883194,0.119944885539494
"PMS2P3",0.159717728925166,0.119949062965914
"TOMM6",-0.132596309651641,0.119972562702036
"LAPTM4B",0.143111272538219,0.11999186328604
"ENSG00000286176",-0.934595298989058,0.120031543246928
"PCOLCE",0.435485841690807,0.120036174268138
"DDIT4",-0.219653941556487,0.120116770823258
"IGFBP1",0.658211607150221,0.120147554010217
"RWDD2A",-0.143799393604127,0.120233671001187
"ENSG00000214189",-0.580494056558196,0.120328185997477
"PTPMT1",-0.114851778570398,0.120342652334375
"GPR39",-0.605659729440721,0.120488292347228
"ENSG00000303946",0.41912096553781,0.120497853569894
"TM4SF1-AS1",-0.559122612058281,0.120500447609402
"TRIM22",0.343230959892615,0.120615781759689
"DNAJC21",0.103357479581934,0.120701379796015
"ALDH1L1",-0.175241876519099,0.120758794459655
"TAS2R20",0.383296176771186,0.120769896460143
"ENSG00000293164",1.0326864551777,0.120820327864046
"ERICH2",-0.305903095814206,0.120940291488202
"LOC124904902",-0.682356670046773,0.120998730293447
"ENSG00000273088",-1.52213383644492,0.121040629822231
"LOC101929918",-0.548554864973683,0.121121095617344
"ENSG00000265185",0.490246056330867,0.121122574894043
"ENSG00000251023",-0.490023761416397,0.121168849170885
"ENSG00000270574",-0.427179529174073,0.121208256595618
"CTAGE3P",-0.361775320444194,0.121271988391438
"ANG",-0.229350008203177,0.121278203596363
"DCTN3",0.150360407702662,0.12128173918694
"FEZ2",0.135615706534801,0.121353569908921
"RRAS",-0.344673366272387,0.121354656939321
"ENSG00000307215",-1.19083981416512,0.121414675397407
"KLHL8",0.144303924929823,0.121473653574786
"MTHFD2L",-0.134149720344837,0.121508461380178
"SCOC",0.139545059621648,0.121581202428738
"ENSG00000286811",-2.71583143490937,0.121613932347125
"ITPKC",0.156196907391958,0.121621120433472
"APOOL",0.143355331798299,0.121626462604351
"APOO",-0.223522121515946,0.12165050905957
"AP3S2",0.13269059665868,0.121718396476323
"SRSF12",-0.19135535623356,0.12178657561344
"PERM1",-0.938087910030039,0.12179762666209
"GEMIN4",-0.159068198402124,0.121823091668288
"NKIRAS2",-0.128153074585714,0.121867649799698
"PRDX6",0.104538136741593,0.121964967846907
"SYT5",-1.32495545470258,0.122046492610939
"ZNF646",0.127281211412066,0.12205386995952
"TMCO1",0.140450335698807,0.122181103370709
"IL6R",-0.174394158931824,0.122205421587073
"ENSG00000261187",-0.508315022141783,0.122213990386277
"TTC39C",-0.117966402935429,0.122241184261894
"NR2F6",0.184180279078318,0.122299603860234
"HCG27",-0.229313447474786,0.122304796485913
"CELP",-1.70097772339089,0.122338200632661
"ISOC2",-0.101789341393655,0.122450836904294
"TMUB2",0.10071199643574,0.122452516927013
"SAYSD1",-0.144181593070384,0.122460045516421
"EHMT2",0.103587568688665,0.122471091481463
"RPL13AP5",0.195918636243074,0.122598068767277
"ENSG00000272871",0.478838456514297,0.122605602170693
"SUGT1",0.129732882335777,0.122685186957965
"ZNF567",0.180449665311704,0.122725566052105
"CEBPD",-0.343664659576674,0.122726080693198
"ENSG00000267416",-0.528999890903515,0.122729815581966
"SKOR1",0.471930610880776,0.122755573515656
"LOC100506274",1.15157872987702,0.122804683377468
"ENSG00000272195",-0.785575133461586,0.122880358863391
"ENSG00000227681",-0.216088593259601,0.122948246717873
"TM4SF5",-0.188666972266556,0.123024724769961
"ENSG00000285091",0.993519279443274,0.123133850468388
"ENSG00000289244",-0.400319682335739,0.123137322332675
"GZF1",0.126583377134033,0.12319847454113
"QPRT",0.150576333870207,0.123472338876222
"LINC01558",0.189039611267936,0.123499972717437
"STAT3",0.10225723954758,0.123537234225156
"FAM238C",-0.530971927769886,0.123559128610551
"EIF4EBP1",0.191207944696216,0.123594822341296
"KLHDC1",-0.891753551445103,0.123705083324695
"H3C2",0.534867319486167,0.123728747811706
"FIP1L1",-0.108837841178184,0.123758824285045
"MICOS10",0.156832877114187,0.123786058968934
"NME1-NME2",0.299191466918026,0.12378663814216
"ENSG00000225233",-0.825542330133444,0.123816638558587
"ENSG00000295871",-0.87467089840039,0.123854043416858
"LOC124900193",-0.345584830098393,0.12393198057176
"NR1I2",-0.226588938912315,0.124038415721805
"COMP",-0.40685034666014,0.12404290487383
"CEP128",0.252329175213563,0.124075219606337
"ZFAND5",0.0912440929535526,0.124162587812863
"POTEE",-0.589630839392128,0.124162922646032
"ENSG00000290366",-0.347074139972865,0.124170696590927
"ZSCAN20",-0.18683462706978,0.124239440282029
"INSIG1",0.44885990509084,0.124321097357039
"ZNF574",0.12960313399832,0.124337211076344
"LOC124903629",-0.811210358348254,0.124466526508984
"ENSG00000276718",-0.713406378412052,0.124515332092542
"ENSG00000238287",-0.313700246001387,0.124601787675428
"ENSG00000255046",-0.65851621404318,0.124763406303095
"AKR7L",-0.509237277515916,0.12480903107238
"SMIM38",1.42817601535328,0.1248290525596
"SPRY1",-0.109738215635023,0.12486013787733
"CBX8",0.129041351532962,0.12489291830272
"LINC02608",-0.48085049043506,0.124897494732663
"MDH1",0.128222653942143,0.1249435977946
"LOC101928466",-0.668055214127511,0.124981257733921
"CPLANE1-AS1",-0.563983697457928,0.125027239187249
"RPF2",-0.169130777377591,0.125186551642084
"RPL17P22",-0.814463933821551,0.125191362887682
"ENSG00000288818",0.342633593041287,0.125196324606875
"TRPV2",-0.152953898188605,0.125212003553045
"ELL3",-0.265138332311477,0.125239194349275
"PHYH",-0.150672525170325,0.125246525210213
"BNIPL",-0.459025101572003,0.125355903701701
"RWDD3",-0.136584092198819,0.125442093861157
"CCNP",0.206037839509126,0.125491535956443
"L3MBTL1",-0.118156604744554,0.125527083247832
"ENSG00000198211",-1.91654680577213,0.125559842903489
"ADPRM",-0.308103845525548,0.125678629986006
"RABGAP1L",0.127963113133542,0.12572893738313
"PHRF1",0.123220544213541,0.125738326390929
"TMEM59L",-0.269894717184898,0.125817968011785
"LINC01816",-0.370869684521038,0.125945686367568
"PPP5C",-0.101472467691616,0.126050247196985
"ENSG00000231160",-0.344238681043455,0.12611587067729
"ENSG00000285128",-1.03566817635652,0.126190276434165
"AXL",-0.485219085925118,0.126256360865671
"ENSG00000302313",-0.322896799587792,0.126310751895957
"LRTOMT",-1.37169432795541,0.126363912659813
"PCDHB2",-0.18622720116168,0.126391412783108
"ENSG00000234678",-0.332580421418739,0.126397663239664
"DLG5",0.111211226057878,0.126546178020346
"ZNF528",-0.202965874889943,0.126613948075189
"SLC1A7",-0.46411033413593,0.126617337171076
"SOX8",0.556757884348925,0.126729686675394
"BSN-DT",-1.21618353641736,0.126821189985526
"TMEM132A",-0.209836818873766,0.126863254228473
"ZNF680",0.195089337222965,0.126970991161489
"ZFC3H1",-0.131231926451989,0.127001318362593
"TECR",0.139706581814233,0.127029166814339
"ZNF445",0.133041026186259,0.12708179262497
"ENSG00000274038",1.06110953004816,0.127127470087587
"GLIPR1",0.407402771856369,0.12726030432428
"BEND7",0.151141087481826,0.127504989653271
"ENSG00000288663",0.27152317479185,0.127536799406178
"C1orf210",0.483098747971599,0.127537583603758
"COMMD4",-0.102841993640571,0.127558296831471
"L3MBTL2",0.122364902561474,0.127569243813407
"SARM1",-0.56194780926412,0.127574872861201
"LCDR",-0.223685728237567,0.12762219133484
"ASDURF",1.37738721584564,0.127741831431327
"EXOG",-0.133547033859134,0.127818684799999
"EVC",-0.187791892721291,0.127918030247227
"PJA1",0.260587487515056,0.127942684080219
"SUPT4H1",0.119581201742888,0.127971463483588
"STX18",0.108662014956655,0.12797260984665
"ENSG00000246334",-0.381021179055638,0.128036033127185
"ENSG00000259366",0.369509401550622,0.128054450128737
"LOC645967",-0.693732827059928,0.128139966208574
"MYC",0.141208096481229,0.128276925664959
"LOC124903619",-0.48383804008937,0.128338305650766
"PTPRN2",0.202770318329741,0.128415271922129
"PFKM",-0.212742562798151,0.128442234599346
"ENSG00000261315",-0.521227561480227,0.128459681523232
"ARFGEF3",-0.338903714178756,0.128477353953919
"PCDHB13",-0.254549696274292,0.128544897907813
"LYG1",-0.338218536286053,0.128547421143558
"ALDH16A1",0.157961261415193,0.128573087196467
"IMPACT",-0.185967471896484,0.128575457974414
"CEP85L",0.328693254409024,0.128580033709139
"NT5M",-0.597231750114595,0.128624943159134
"HMGXB3",0.113647278219226,0.128668859711484
"TNFRSF10A",0.149550568206616,0.128712297764494
"GLIDR",-0.723113142987104,0.128817680742611
"ENSG00000260196",-0.126369985230928,0.128919611882599
"ENSG00000265018",0.358488522069821,0.128925723155942
"MFGE8",0.155790006968572,0.128995223581733
"CD79A",0.735222761204591,0.129036246017707
"TIMM9",-0.176537909495583,0.129168708289158
"NHLRC3",0.156574663422245,0.129348795924292
"TRIB1",-0.333141303225202,0.12943438891775
"ENSG00000249319",2.13206040013414,0.129453234942707
"SSBP1",-0.190293797763103,0.12946808256693
"ENSG00000273691",-0.262658849973907,0.129478198772932
"SART1",0.108154077719397,0.129541199575987
"ENSG00000290397",0.254373344462743,0.129542298935483
"ENSG00000302189",-0.764422401270939,0.129654881526272
"TBC1D7",0.133841811387026,0.129673459056367
"MYNN",0.134658209607086,0.129689860714453
"SLC7A6",-0.127834022457667,0.129710921600326
"RPS26P19",-0.361751368849509,0.129835771200199
"RAB31",-0.252381933508103,0.129850952332765
"ENSG00000197258",0.523288494868827,0.129882309903314
"APOL6",-0.11619115205046,0.129996041310659
"SMG6",-0.120250935262103,0.13000309131645
"MBD4",0.121609678651046,0.130027619369538
"BCL10",0.192628246997728,0.130076608765954
"PLEKHA5",0.125405340920601,0.130198913577871
"SLC35F2",-0.250498616116142,0.130205718188196
"SLC25A34",-1.02890929042984,0.13021638206856
"ASPRV1",0.71227756048873,0.130363048055095
"ITPR3-AS1",-0.599020062807116,0.130399566295548
"ENSG00000291270",-0.460412496052654,0.130806327117807
"GADD45GIP1",-0.188208786409851,0.130895815430672
"ENSG00000232713",-0.50650396375691,0.13091607009852
"CCDC30",-0.294691746488295,0.130957785036784
"ENSG00000279837",-0.65524957239325,0.131028057101795
"GTF3C6",-0.159658491060019,0.131045348425214
"ENSG00000279406",-0.36594227387503,0.131102827779472
"BACC1",-0.124975477908079,0.131122574506028
"ZNF789",-0.187262903158527,0.131189507876553
"TEKT4P2",-0.138790838077381,0.131323152127808
"GTF2F2",-0.158422512436494,0.131337652761485
"DCAF4L1",0.558135158100709,0.131353544525324
"IGFALS",-0.402591698461882,0.131362700812605
"ANGPTL6",-0.485293623121699,0.13140998964946
"C2orf81",-0.635417451210885,0.131414743215422
"ENSG00000272140",-0.402041231747421,0.131466560207478
"ENSG00000299403",-0.603583907673906,0.131581831413036
"H3C6",-0.259768926665121,0.131753759578919
"HS1BP3",-0.174394930427129,0.131760189906515
"RPLP0",0.135456207899223,0.131767773609449
"ENSG00000286885",-0.893647818028154,0.131799034228405
"ENSG00000290263",0.800537376436841,0.131917931866914
"AARSD1",-0.144773330280953,0.131991937359216
"NOL8",-0.120996807916075,0.131993074069254
"DCAF8",0.0935615240690848,0.132053213719388
"PTPN9",0.138799245601688,0.132093506156856
"ZNF770",0.111704103798716,0.132112188047995
"ALKAL2",-0.958791762691195,0.132189639785122
"FASTKD3",-0.159504059788116,0.132223723157959
"ENSG00000290230",-4.08206146766135,0.132313554071007
"HCP5B",0.69543149055195,0.132368758287262
"ENSG00000303747",-0.540528805197888,0.1326168486903
"CDK5",-0.142913339038163,0.132658961385475
"ENSG00000286608",-0.658060273663034,0.132671566934347
"NDUFB10",-0.137502370720248,0.132841364566143
"KLF5",0.357113235996588,0.132870919701747
"MSL3",0.167867193679441,0.132888116669638
"TIMM17B",0.114524736042478,0.132951477308819
"ITPRIP",-0.293197296274702,0.132965594970472
"NEIL3",0.154306975547013,0.132989905312057
"SOWAHA",0.458596385813216,0.133129733935645
"MRPS18B",-0.0996914372611615,0.133297004327147
"ENSG00000132967",0.209106122308279,0.133476907661183
"ENSG00000288829",-0.388813404642427,0.133531247243887
"DOCK9",0.358071740142953,0.133640633645081
"RNASET2",0.137179811217628,0.133655930927715
"ZNF530",-0.16665872639224,0.1336564532318
"DNAJC2",0.13448179624146,0.133683372110485
"ENSG00000279573",0.364044591095348,0.133754606887928
"ENSG00000297034",0.396765551278914,0.133853943114888
"LOC105374981",-0.524722412472405,0.133883535691286
"SLC51A",-0.20689060445859,0.133951700086112
"LOC105377155",-0.379680608436352,0.133957711670868
"TPM3",0.123334611873999,0.133959291336793
"CTRB2",-0.603072821843991,0.134013513665231
"ENSG00000272663",-0.734250430711702,0.134218260613621
"ENSG00000304588",-0.680013114863276,0.134248570851619
"TNFAIP2",-0.518533278711606,0.134364856995069
"MOSPD1",0.220951025098371,0.134726847204191
"ENSG00000280355",0.332966930198289,0.134741359427556
"M6PR",0.119644022711398,0.134742835275477
"ANO9",-0.203821820502132,0.134756347563521
"ENSG00000280171",-0.502984268232408,0.134773738824261
"ZNF616",0.157549815072322,0.134825329440584
"BET1",0.125094502476258,0.134853746993448
"ENSG00000289931",-0.843966371275814,0.135031217462245
"FAM200C",-0.169474411092606,0.13508454949538
"CLOCK",0.113317792751347,0.135124389021595
"LOC105371399",-0.760836061902711,0.135371924870388
"MTREX",0.106068198926586,0.135416276956303
"PER2",0.202579096982431,0.135558071301548
"ENSG00000274667",-0.454580317253927,0.135586052195799
"ENSG00000108448",-1.14909486435021,0.135682982252112
"CYP3A4",1.11578827552844,0.135715540947817
"SLCO6A1",-0.531624515877007,0.135859953103673
"POGLUT3",-0.142878027332212,0.135860526775294
"EEF2",0.178729264825103,0.135971018692126
"LOC105375980",-0.986809070848829,0.136016840951573
"ENSG00000236095",-0.383091182230835,0.136038083501872
"TNPO1P1",-0.783238511251071,0.136039164355326
"CD101-AS1",-0.747494105918255,0.136123770898047
"ENSG00000273367",-0.603631060550936,0.136273424248553
"LINC01524",-0.371352208113299,0.136274525124676
"TXNRD3",-0.249432093466816,0.136337035022619
"ENSG00000304056",-0.472255662525543,0.136337073987008
"PLXNB3",-0.214346351506692,0.136428733770285
"PIGH",0.1313027756317,0.136530762296994
"ERGIC2",0.12745065982745,0.136558591866032
"SMARCE1",0.109743952186327,0.136611513364952
"MAGEE1",0.179364655259688,0.136629469986154
"ENSG00000269921",-0.445394113136354,0.136663059670125
"C6orf62",0.0964169014926246,0.136733314417447
"ENSG00000250764",0.554131450669243,0.136767146836773
"SNX32",-0.924838219383583,0.136768331793476
"ENSG00000301688",-0.294233747453144,0.136798392375306
"ENSG00000267385",-0.61240023227235,0.136856046714715
"FUCA1",0.135759860041706,0.136861790016155
"COP1",0.109731993560126,0.13690463929235
"ENSG00000167747",-0.855944359233099,0.136930330209377
"TMEM51-AS1",0.268508788895293,0.136948767846151
"AMMECR1L",0.0989433550059968,0.136961660725856
"CDK5RAP3",-0.138203696268516,0.136981776059081
"HSP90AB1",-0.165678153803341,0.136986304475249
"NACC2",-0.101834090942745,0.137021274882457
"ENSG00000228638",-0.82793399841912,0.137057131182262
"ZNF56P",-0.2121928377497,0.137093358899577
"TRIM2",0.149358656917525,0.137206790342599
"ZNF410",0.122796354595196,0.137275204146807
"LRRC3",0.142281012247377,0.137312349698628
"CRYBG2",-0.263224392082125,0.137381736493552
"ENSG00000310019",-0.282503899919852,0.137515480738158
"ZNF114",-0.316124070672314,0.137574438424925
"DDRGK1",0.120315160754522,0.13763615628608
"ATG3",-0.157420942843755,0.137655495165559
"LACTBL1",-0.407346917043732,0.137670866562307
"EEF1A1P3",0.423001321568126,0.1377142425216
"FOXH1",-0.678058584711615,0.137749119727731
"SIRPA",0.148226810962694,0.13779600490143
"ENSG00000258811",-0.475318308833263,0.137798703891339
"GINS3",-0.146695971299069,0.137810717319058
"ENSG00000235663",-0.672250788146758,0.13794867340654
"LINC01139",-0.505239043985891,0.13800326720628
"PRR14L",0.129754905168886,0.138005955784139
"ST7L",-0.141323443475993,0.138099179923582
"ZBTB2",-0.12772978243065,0.138190896360974
"RBBP8NL",-0.426255399712362,0.13821132686286
"KRT8P12",5.49212248915504,0.138231227251891
"ENSG00000295288",-0.740813802703296,0.138284690150955
"UGT2B10",-0.118622163596344,0.138295147757757
"KLHDC8B",-0.15493233748644,0.138413006562379
"BEX3",-0.13158310162835,0.138536242953785
"MATCAP2",0.147860507133916,0.138545143826306
"ERLIN1",0.15737665336837,0.138548499674241
"G6PC3",-0.121933000890286,0.138607720971448
"ATP6V0A4",0.858685117282528,0.138612425145058
"DPH6",-0.21679264110493,0.138684997980984
"HUNK",-0.486460806583385,0.138799420954427
"PPIAP41",-0.643659235254652,0.138936797556399
"ENSG00000224043",0.243782284634028,0.139171411276115
"AHI1",-0.172409588698079,0.139230911476481
"ZMAT5",-0.202374478656097,0.139260679956384
"BBOF1",-0.356368418423971,0.139321057843505
"ZNF484",0.23813245803444,0.139333707085105
"ESAM",0.488507745081009,0.13961147217361
"ENSG00000290549",-0.360137699254421,0.139787722158433
"BRD2",0.0983367664791075,0.139982655602191
"DENND4A",0.15076993292705,0.14017944700161
"MMP23B",-0.467338261318315,0.140228181949726
"SDF4",0.105018845116547,0.14026601082842
"RAB40B",-0.155353691378565,0.140410300639818
"TMEM11",-0.14629521335504,0.140454739691611
"NUCB1",0.112946646716422,0.140471126092484
"ABCB4",-0.143382896212718,0.140483545606971
"RPL30",-0.153290401166787,0.140553302385849
"LOH12CR2",-0.503825494625797,0.140681789138248
"NAA10",-0.114624319864605,0.140689420177494
"ENSG00000309351",-0.698252762745386,0.140834700642409
"APOL1",0.14913807601598,0.140972045871669
"AK1",-0.18880548461687,0.141011160285309
"SRP14",0.158712062421789,0.141037864762276
"IL13RA1",0.115349950630684,0.141059560168793
"ATP1B3",0.133296504842789,0.141116061215736
"RSPH10B2",-0.796258996299609,0.14128812305053
"FIS1",0.145475755054727,0.141293783977797
"ENSG00000289565",1.10972122540411,0.141363118211066
"RECQL",0.116817842637656,0.141424929801441
"CDH5",-0.968209742699537,0.141540176796875
"VASH1",-0.661671526900444,0.141552216429088
"ATMIN",0.0988084609967942,0.141622415660209
"FRG1JP",-0.176600399587526,0.141689497244854
"H4C8",-0.408456974537028,0.141745992451129
"PTGES2",-0.103213733445221,0.141823519018664
"PIGA",-0.159165654783945,0.141872758203037
"ENSG00000298642",-0.866038094590561,0.141927432667705
"CKB",-0.214761459808217,0.141950695920767
"TCEANC",0.320524373476493,0.14211750937964
"TAF1D",0.128626449955802,0.142123401737602
"ENSG00000259993",-0.779746444167612,0.142234746488981
"YBX3",-0.158627126352399,0.142297885745903
"CRTC3",-0.119909882804094,0.14232778047175
"SEPTIN7P13",0.130302610003282,0.14239119851884
"ENSG00000263020",-0.353653252646883,0.142435186790375
"EIF3K",-0.178208117171014,0.142494097166202
"ENSG00000272677",-0.428124642338331,0.142765740801433
"PIK3R3",0.192163829674781,0.142962191947136
"POLI",-0.136403588537803,0.143007799343575
"VCPKMT",0.197293900840031,0.14306874064861
"RUFY2",0.132280174147977,0.143192374127243
"S100A16",-0.226551111131426,0.143259059139655
"TTC8",-0.155519159877155,0.143455020919526
"CCDC90B",-0.128743664586428,0.143501507098184
"DUT",-0.120130778078012,0.143797123211077
"VLDLR",0.26383662391553,0.143832198722033
"BORCS8-MEF2B",-0.362826822524032,0.143855544927046
"ENSG00000279059",-0.149249432378014,0.143904877314484
"ENSG00000275719",-0.470838044594887,0.144000303456018
"ERAP1",0.198659584049043,0.144048445578345
"ENSG00000272977",-0.192684195141835,0.14408229919422
"TTC31",-0.159697332888067,0.144105363125498
"ARL17A",0.116211976773108,0.144152907127986
"CASS4",-0.625171817849517,0.144188509046167
"TAS2R4",-0.529666822077594,0.144189962112173
"TMEM68",0.125198720993397,0.144201443570311
"THAP5",-0.143010420030795,0.144202283583009
"FIGNL2",-0.329449002076559,0.144280296548024
"MSRB3",-0.584218516777953,0.144396919547872
"PDCL3P6",-0.800320035027879,0.144651704716866
"ENSG00000262903",-0.723053644991745,0.144767633854962
"LOC105379507",0.250841285956826,0.144785655782415
"ITPRIPL2",-0.131841361469412,0.144879638523609
"PROCR",-0.427584437612452,0.144889670130284
"ENSG00000303104",-0.419465780953516,0.145057967142124
"DDAH2",-0.240763968290756,0.145126035351282
"UBE2G2",0.0949558968102942,0.145187316091557
"ENSG00000228918",-0.800814921542103,0.145340038771979
"RPL23AP79",0.761939024199889,0.145546840444387
"SUCLG2",0.124920862232299,0.145601113131449
"CYP20A1",-0.22224022729931,0.145641956686792
"RPL21P75",-0.595335979442975,0.145809239690054
"EP300-AS1",-0.272002560443062,0.145905425532315
"HHAT",-0.259378297320858,0.146268274066697
"IMPA2",-0.150559280687541,0.14629403725505
"ENSG00000273748",-0.34871300229087,0.146358779991065
"ENSG00000236816",-1.16937468287485,0.146365892066377
"SDR39U1",0.107555381993012,0.146503508570922
"ENSG00000303745",0.406316271349837,0.14663524351476
"LOC124906119",-0.603915815876036,0.146668706467587
"PSMA6",0.110390661282508,0.146718070743451
"TMEM54",0.404400192577645,0.14675267593697
"HPS5",-0.0966916174088186,0.146758966910464
"ENSG00000288586",-0.485090756184389,0.147011365194954
"TAS1R3",-0.494677701615117,0.14701359845447
"ENSG00000294759",-0.678610656446143,0.147085043509715
"ZC3HAV1",-0.0908892921297058,0.147143057851395
"DKK4",0.256775443104251,0.147278218990128
"ENSG00000279794",0.351558806843248,0.147397894928842
"LAS1L",0.128665389480094,0.147420441483033
"NAA25",0.102361929637057,0.147449356587264
"TMEM37",0.147058210505018,0.147461556580653
"ENSG00000295602",0.324174039257427,0.147476003856091
"PFDN2",-0.157923332874211,0.14763431603502
"ENSG00000305635",-0.280379173691382,0.147652086883857
"ENSG00000227200",-0.56071391440743,0.147654067046469
"POLD2",-0.104987410114726,0.147835325356917
"ZNF501",0.280147658499393,0.147855662062587
"FAM111A",-0.173776847283092,0.147862861932394
"OTUD7B",0.108109127970233,0.147904209554464
"ENSG00000279253",0.358467611408449,0.147935165646938
"MAFIP",-0.208249688571045,0.148027259518255
"ERP44",0.147680262426057,0.148055450645144
"ZNF674-AS1",-0.201692627749294,0.148199200530265
"SOCS5P4",-0.778808120165915,0.148202670996784
"AOC3",0.103938017548137,0.148258501917921
"ENSG00000254990",-0.273379273037004,0.148282404545477
"CYB5A",0.091183187438414,0.148309815949517
"LOC105377261",-0.38298246540605,0.148314405289134
"TNFRSF14",-0.203729649257392,0.148475816188994
"RAMP2",-0.366360591877148,0.14850957861775
"NOTCH3",-0.608660746596964,0.148541303583775
"EGFL7",-0.497155139239308,0.148568009564158
"ZNF69",0.12504628745769,0.148656063507952
"OSCP1",-0.480193115884892,0.148734663422813
"KRT8P39",0.513258239871799,0.148843006620717
"ENSG00000228120",-0.566871594338627,0.148949063546981
"GLI1",-0.965929979408718,0.149002358454395
"RPS7P10",0.592382119443895,0.149032805964265
"HOXC8",0.523816551954721,0.149093793293571
"NKAIN1",-0.747357949590235,0.149107202882401
"NREP",-0.163542031298156,0.149242286672085
"ENSG00000237499",-0.354481117651078,0.149245946410294
"SPINDOC",-0.117056860269061,0.149316381310794
"GOPC",0.088085480087473,0.149347347883103
"RBM3",0.140850968250431,0.149378482728023
"LINC01134",-0.197166944824211,0.149425669257
"DCXR-DT",-0.47759251209012,0.149515195382092
"LOC105371094",-0.440091627988565,0.149601103530075
"FAM110A",-0.256324541024401,0.149618434694333
"ENSG00000273137",-1.19353928644589,0.149652394003006
"CCT4P2",-0.348040223574455,0.149720560826619
"ENSG00000288010",-0.435720432938776,0.149816366570015
"ENSG00000285667",-0.421361487058659,0.149836653429352
"RNF157",-0.144278855393504,0.149868537948924
"RNF20",0.104035495642182,0.149881340242057
"RPL4P6",-0.667941675975733,0.150152697627434
"INPP5J",-0.32877208296326,0.150201011950266
"SLC25A46",0.114455993380729,0.150253776390388
"HNRNPUL2-BSCL2",0.239919466761987,0.15029437660498
"KMT2B",0.137574581093911,0.150296402179076
"TYMS",0.109825266251059,0.150357577438471
"SHC3",-0.187545610029531,0.150362133187396
"ATP6V1G2",0.512717412985571,0.150380785008646
"AQP9",0.596070532065864,0.150393332226563
"ADRM1",-0.11425147023251,0.150481097791403
"ENSG00000309922",-0.924270087240535,0.150556403696432
"CDC20-DT",-0.783940111092594,0.150628510314146
"SEC11C",0.160549899512795,0.15067246504441
"FBXL15",0.113710539742766,0.150695437189807
"MARCKSL1",-0.169254467583154,0.1509201588404
"GALK2",-0.14916266201259,0.151013956011904
"SNORD118",-0.705210866765373,0.15120063401686
"MT-ND2",0.332827173999589,0.151263192786394
"LINC01999",-0.356344063551685,0.151347861566635
"ENSG00000308416",-0.287323046154847,0.151359664139601
"INO80B-WBP1",-5.14982908470685,0.151398882778401
"MT1G",-0.363110203169492,0.151455782177152
"SLC16A1-AS1",-0.158805750652151,0.151460345166953
"PIWIL2",0.449135291982826,0.15156710182471
"CASP3",0.120508382672667,0.151591618809684
"UMAD1",0.183847758910221,0.151603298057461
"AP1M2",0.147149237153839,0.151776305509707
"ITGAX",-0.734772934191502,0.15197364958939
"ELL",-0.143904924254588,0.152014728050648
"BRSK2",0.232972898022039,0.152086407297726
"MRPL16",-0.136618892098688,0.152168312820293
"LINC00106",-0.461159837429746,0.152422527888888
"MAD1L1",0.108096407704499,0.152492936101738
"RER1",0.0854459161283637,0.152513225636424
"ENSG00000255439",-1.28988152959992,0.152540015472291
"ENSG00000267278",-0.767174867571912,0.15256902983606
"ENSG00000272622",-0.686679617492542,0.152612359804637
"PRELID1",0.122965709465587,0.152708380971849
"DERA",-0.144392931296959,0.152791198457698
"LIF",-0.187218094040901,0.152799891743989
"GIMAP2",-0.29576010969575,0.152822857800128
"ENSG00000296153",-0.247177495835699,0.152865371038159
"ENSG00000260782",-0.877879177899188,0.152916255544179
"COL11A2",-0.373044311132737,0.152939288232481
"OSTC",0.117597447734413,0.15298121502916
"RECK",0.17621739913154,0.153048537756373
"ENSG00000272744",0.636194326736492,0.153221483067778
"DIABLO",0.113333837758581,0.15325170200285
"MARK2",0.0907472141653612,0.153263797101504
"MGA",0.104530246607237,0.153266932453931
"MACROD1",0.129790429670445,0.153460447228948
"ARHGEF33",0.561291412047884,0.153629188324358
"CTHRC1",-0.277129029349934,0.153770592940855
"CENPV",0.0821218915392703,0.153775777269928
"PAPPA",0.805853067320686,0.153819217132744
"ENSG00000289238",-0.425566610189902,0.153854343821338
"GLUD2",0.464081160302747,0.153921617691424
"ENSG00000196656",-0.217254278513298,0.154010565534283
"WDR1",0.165333414478381,0.154094005862863
"C1S",0.177373128086025,0.154221123990486
"SLC22A3",-0.194471831957974,0.154282328722519
"ENSG00000269973",-0.20506823306042,0.154320696102904
"COG8",0.0814956649371019,0.154331946878313
"CTSK",0.215434822703453,0.154494001157209
"LOC105374901",2.62351287169464,0.154561764768419
"ENSG00000274460",0.182776334385332,0.154691564232961
"MIGA1",0.129187133157777,0.154715148645106
"ENSG00000286132",0.337213713820837,0.15494731645611
"ZNF540",0.490137882059614,0.154968364135409
"CEP192",-0.121508831252864,0.155019917703182
"GHET1",-0.620658135281764,0.155288610132932
"LINC01970",-0.572719304287907,0.155384547299081
"ZNF587B",-0.12409245528494,0.155597190382216
"SEMA4G",-0.129259047069463,0.155705648151181
"LMCD1-AS1",-0.495988204172864,0.155826799239047
"GDF15",-0.270151464606969,0.155826889688698
"BTN2A3P",-0.202749762777873,0.155854298939896
"CELSR2",-0.163400801351748,0.156012018569172
"ENSG00000270996",-0.999915358394924,0.156135962363666
"PEF1",0.130227914366872,0.156180292732606
"TCAIM",-0.122184765566348,0.156220815495583
"CA14",0.413421676583801,0.156239421926911
"HSD17B1P1",-0.53748596000766,0.156249217179446
"HP",-0.305483555516584,0.15636222178065
"PARLP2",0.257398271026762,0.156369533090147
"BCL7B",0.127589122260711,0.156372644264682
"RMDN3",0.121690401363996,0.156391458490277
"HNRNPK",0.105466016083738,0.156401914228841
"ZNF547",-0.197202773825526,0.156402383506532
"PFKFB2",-0.153657213483228,0.156494375093947
"DUSP16",0.109533235115378,0.156713416341054
"BPIFB6",0.612478259098233,0.156879320445053
"ZNF202",0.135391703691156,0.156882262298445
"PRDX4",0.120972012126606,0.156925726709979
"ENSG00000271992",-0.735104157678131,0.156975387135574
"SYT8",-0.232133274855585,0.157037650830322
"ENSG00000287100",-0.298379439797267,0.157209484769975
"CAPRIN2",0.0957227415131646,0.157279093582865
"CCNJ",0.104451062124113,0.157281898465199
"DENND1A",0.128540983067189,0.15751586030743
"ENSG00000286724",-0.644148740429092,0.157554364067546
"IRF9",-0.119284625185799,0.157568746910534
"VARS2",0.116719101382367,0.157598522790428
"ENSG00000277959",0.597456842743227,0.157648120276261
"FAM120A",0.0914495304928489,0.157767439535549
"INTS6",-0.102676507444508,0.157805570079993
"POT1-AS1",-0.586890316662732,0.157841180335299
"CYSRT1",0.354878477161924,0.157848269474435
"ANAPC1",0.0892402338829115,0.157869318776431
"RRBP1",0.139054337075951,0.157991081698028
"DDOST",0.131574860064189,0.158243606664605
"DPYD",0.167596842430595,0.158328743387275
"ARF5",0.114578058023987,0.158363621655659
"RNH1",-0.101998644590323,0.158373659757995
"HDAC1",0.0886904957049633,0.158411403937445
"ZNF629",-0.110632462184599,0.158491286288149
"ZNF737",-0.194775694016612,0.158513877803257
"ENSG00000221883",-0.34209070334781,0.158599800679932
"DUXAP8",-0.103343508797072,0.158743930574462
"H3C3",0.504603057478661,0.158837867763471
"SNORA71A",0.779331135743472,0.158847790138642
"GTPBP1",0.120965963549532,0.158940279269364
"SLX1A",-0.143975431217012,0.158944974812941
"ADAM22",-0.192122616487615,0.158950369561272
"PIK3R2",0.106127981598278,0.158966253872296
"FKBP7",-0.150062794648176,0.15907776193314
"PSME1",0.0931380947211635,0.159118226819404
"ENSG00000284633",-0.483459943229092,0.159330003036266
"ABCC1",-0.108401397288444,0.159376318402366
"HAUS5",-0.1461908136293,0.159422323055441
"ENSG00000228037",-0.959698533927575,0.159467516208227
"SSR3",0.124998206350612,0.1595615410113
"IFT56",0.151018080435111,0.15960258277334
"ENSG00000277957",-0.599496892011355,0.159697737500278
"CYBA",-0.124165279268717,0.159741291465635
"TMEM30A-DT",-0.378974316575112,0.159821246747475
"GPHN",0.114710941128372,0.159835808391993
"ZNF581",0.125774607236603,0.159886383219252
"ENSG00000280106",0.249195052975435,0.159942820655949
"ENSG00000285646",-0.82794902703006,0.159948918278368
"PLLP",-0.177615289028752,0.160045898917076
"URI1",-0.0970521740320134,0.160110530564592
"GAR1",0.126342132981921,0.160155363090478
"ENSG00000100058",-1.68442335336192,0.160195206828257
"CACNB3",-0.696273297092212,0.160348042066433
"ENSG00000276434",-0.357275025114155,0.16046499436552
"ENSG00000235888",-0.553674600740176,0.160474770602592
"ENSG00000273055",0.995626637303224,0.160668126623397
"ENSG00000272086",-0.265157389127354,0.1607531453015
"GSTT2B",-0.250051692210142,0.160835383325962
"DNASE2",0.244527700830809,0.160923095022161
"AGER",-0.193049529329841,0.160961096666042
"LUZP1",-0.110100929622419,0.160979895809623
"MAT1A",-0.145339787185837,0.161104741196224
"ZNF550",0.100652389588796,0.161117355452898
"KLRG1",-0.765541198198433,0.161199603759489
"B4GALT6",0.146943303680738,0.161249101956246
"RC3H1-DT",-0.708467147459565,0.161270939273469
"SEMA4C",-0.105153525914469,0.161382470275951
"VPS37B",0.154270751169978,0.161382597625131
"GMFG",-0.970559849214677,0.161414267698591
"HMGB1",0.107215379839378,0.161528660148909
"MRPL51",0.111685610814176,0.16155816402984
"SPATA33",-0.145091411341243,0.161564712614051
"SEPTIN1",-0.290503908811814,0.161611831584689
"PROB1",-0.218741155672967,0.16165888382423
"PHF6",0.0996178473112319,0.161782080043069
"ENSG00000269911",0.307721069247586,0.161801810044649
"UNK",0.106077231798619,0.161912628569073
"S100A9",-0.634898375887907,0.161915862272524
"PTPRM",0.138239960786475,0.162284330906139
"PTPRU",0.149776628110635,0.162310081411958
"ENSG00000254554",-0.370896710734072,0.162358419226349
"PAK1",0.18926870549566,0.162424747017304
"ENSG00000289519",-0.283416005463313,0.162640129297937
"ITIH1",-0.146941683902982,0.162731547899737
"PECR",0.131865485937782,0.162759137344788
"ENSG00000278986",-0.407526852158746,0.162803337732644
"MELTF",-0.246685998611336,0.162819144830897
"NBPF10",0.279695667667937,0.162840371899563
"RABL3",0.173576631710889,0.1628712291476
"GMPPA",-0.0902755910473307,0.16288149444609
"PLEC",0.134227934223461,0.162882520049043
"TUBA4A",-0.368782669529508,0.162968388793297
"ENSG00000255224",-0.286200840850412,0.162970762318529
"HSPBP1",-0.113070683616099,0.16348365072138
"RXFP4",-0.549059045171226,0.163491162606074
"STAB1",0.712952436571574,0.163526239466645
"SLC35D2-HSD17B3",-1.08957946338209,0.163555187113404
"ENSG00000279162",0.50070805386735,0.163626629630436
"SMIM10L3",0.279024289094274,0.163630512399472
"OXCT2",-0.468373420437326,0.163711178234107
"CYP2R1",-0.439235426844682,0.163717481433964
"KAT6B",0.11684653534137,0.163822985890045
"PSENEN",-0.162363792104275,0.164034610892999
"ZNF827",-0.128084938264585,0.164183151027756
"TAMM41",0.118064405520228,0.164257425711994
"RPL12",-0.131041702571412,0.164330997842068
"METTL15",-0.124359396135031,0.164364122765033
"PHACTR2",0.161026563805212,0.164387233703306
"HSD17B10",0.106626829453302,0.164405794283048
"HSPA8P15",-0.348993431236773,0.164516978712311
"TMED7-TICAM2",0.35830620434803,0.164545830361474
"ENSG00000279589",0.60122611909868,0.164647298359836
"ENSG00000280046",-0.378022646517254,0.164671667190576
"ULK3",-0.105687905135244,0.164675864533584
"POLR2F",0.12526660056279,0.164750371580444
"ECE1",0.11987250592141,0.164774505885058
"ENSG00000286240",-0.439932078424492,0.164843700321344
"GDF1",-0.323312910941921,0.164864919006824
"LOC105375022",-0.225474169893739,0.164923060209617
"PTGFRN",-0.145109025178039,0.165008695225482
"SNTA1",-0.189712937861668,0.165099821679122
"RPL39",0.135742539760024,0.165169859275079
"GLS2",-0.216581710131614,0.165225910835284
"ENSG00000304287",-0.518007942415634,0.165242715252132
"PLPBP",-0.113142465573868,0.165270419660365
"VAV2",0.0907371512142942,0.165369404990446
"GAS7",0.497712799306404,0.165570279869328
"USP2-AS1",-0.221238382735879,0.165629575273603
"SIVA1",0.139760942425347,0.165664514052518
"TMEM254",-0.113960948619997,0.165769274507837
"ZNF503",0.0995721400405418,0.165846623303378
"ANKRD28",0.113478555545183,0.166089302030812
"ZNF430",0.20214986334389,0.166248645613729
"CWC27",0.10309239495914,0.166284484692182
"STK3",0.160325899340946,0.166347253080955
"ENSG00000309428",-0.277342597784428,0.166396021211059
"CPS1",0.0959715175724362,0.166517707441537
"LINC02352",-0.432070521645461,0.166522999980603
"MED18",0.159159330428749,0.166542729123345
"POLR3C",-0.115750242215362,0.166580893963177
"IFITM2",-0.334312547364551,0.166593711514291
"DSG2",0.118126238327877,0.166722763516129
"CFAP418",-0.162186338380312,0.166754950966888
"SDC4",0.13623177076495,0.166770030059579
"ZNF26",-0.135976703738756,0.167029966454893
"WAPL-DT",-0.221150736518691,0.167141823034021
"ENSG00000256950",0.436252983556859,0.16728547097438
"CWC15",0.116102586187249,0.167389496671623
"RPL7AP60",-0.517232436545802,0.167445455342061
"ENSG00000246225",-0.801713871585296,0.167450009706805
"PODXL",0.543796423992808,0.167513314625722
"COPS8",0.10941587526254,0.167593537805695
"SPG7",-0.123076146327364,0.167617363776732
"MARVELD2",-0.129730938754207,0.16766650630033
"ENSG00000270558",-0.299586449251382,0.167803808956375
"STIM1",0.116300453128477,0.167884031447822
"SLC12A9",-0.185860903367968,0.168014518600159
"ENSG00000293157",0.663703612569359,0.168028694760492
"NFKBIE",-0.134199271828317,0.168109406995729
"RBM10",-0.0816958102421523,0.16820254687913
"MARCHF2",-0.164385439073887,0.168352996849275
"CHRNB1",0.106201137868902,0.168397062457358
"RAB33B-AS1",0.150254170432029,0.168434385384903
"ENSG00000259867",0.276058742334332,0.168467212156677
"ENSG00000289407",-0.517697365111091,0.168656140779653
"ENSG00000197099",0.649925526769945,0.168752385592623
"HNRNPA1L2",0.173661412089924,0.168946636601603
"ENSG00000291099",0.24313885615489,0.169088394012316
"DDX27",-0.102998600082071,0.169184757314664
"RCBTB2",0.245598528136254,0.169256918512541
"RNVU1-7",-5.31381512384903,0.169295928083713
"KIFAP3",-0.161842429255303,0.169341951661633
"DGKK",0.187980140554093,0.16938966397938
"ENSG00000280120",0.21563925832957,0.169440264763884
"ENSG00000274317",-0.500274943540914,0.169580456638538
"TESK1",0.0996895085077657,0.169592387612148
"IFFO1",-0.120388328545723,0.169605040743125
"LOC124906013",-0.311003729110505,0.169634387907127
"LYVE1",-0.52966402286655,0.169635042586928
"ENSG00000279759",-0.312943485990404,0.169703584783687
"NCSTN",0.125601586750285,0.169718090055573
"ZNF260",0.160056779702601,0.169724023103103
"SMOC1",0.106775496183927,0.16973417073937
"FAM98B",0.115267661543364,0.169781109652466
"ZNF529-AS1",-0.17203523003254,0.169816854899387
"ABCA8",-0.947386550195752,0.169857547974477
"ISCA1",-0.112592827275011,0.169965525366233
"ENSG00000285730",-0.241326072481686,0.170045946786802
"PDHA1",0.118339091921619,0.170052752583621
"ENSG00000258199",0.552679056610823,0.170099251168621
"MRPL30",-0.103628878659363,0.170155031473209
"ENSG00000299164",0.559419618165034,0.170303674290424
"LOC124905349",-0.179012080247589,0.170396099199706
"UTP25",0.123185879039625,0.17041052079417
"FBXO22",-0.119930712066542,0.170635344939895
"ENSG00000279118",-0.333066424579578,0.170653258667883
"SLC17A8",-0.470674415704395,0.170699127799541
"ENSG00000287733",-0.261993719825782,0.17071340757964
"CENPU",-0.119785630384921,0.170771243189476
"NAA40",0.12867511522788,0.170789823680516
"ACRBP",-0.781516648012132,0.171046590955893
"CYP7B1",-0.595288954599002,0.171085636998143
"APOBEC3D",-0.722737378175441,0.171159652288568
"ENSG00000307069",-0.561630445201177,0.171183920163235
"ASNSD1",0.0937632000846688,0.171292871526422
"ENSG00000271141",-0.786618506261273,0.171366996582226
"GRID2IP",-0.760573447102889,0.171397897430639
"APOC1",-0.106924212349413,0.171546549712821
"LOC101928718",-0.637322662592421,0.171562257635962
"ECD",0.119481403078431,0.171622491363531
"SH3RF1",-0.342971679413291,0.171634396292008
"SNRNP70",-0.0923802407811357,0.17169687058911
"THOP1",0.0943572230218506,0.171715043050608
"ENSG00000285901",1.01538194227493,0.171779200627393
"CA5BP1",-0.121847694407547,0.171786966830106
"ENSG00000297156",-0.443817056635869,0.171815872181201
"ICE2",-0.101080058672777,0.171821489236435
"TRABD2B",-1.4343665367372,0.171827487921962
"SYNE1",0.263915621612134,0.171878179113634
"SDHAP2",-0.106405011527157,0.171962811647489
"MRPL1",0.131369425954446,0.172095456871089
"CSPG5",-0.518260430365425,0.172111866258767
"SMG1P1",5.95069880407535,0.172254651835975
"MFAP2",0.38106741373652,0.172399014434813
"LMAN2",0.100181767503125,0.172512185871887
"ZNF563",-0.183954797712757,0.172520824314043
"ENSG00000251050",-1.10631735721128,0.172591982513699
"ENSG00000272148",0.57084863749619,0.172773788023436
"RAB3IL1",-0.460740407511005,0.172887927024229
"ENSG00000277566",-0.578095281742982,0.173053596024818
"RNFT2",-0.205745857874213,0.173162410796945
"CUTALP",-0.144340447439425,0.173268414748472
"UTP23",0.160187393173729,0.173299959622639
"GSN-AS1",-0.605699056794858,0.173330158769396
"SLC43A1",-0.113544098019163,0.173420484404666
"ENSG00000288909",-0.631201766264552,0.173598744012563
"VWCE",-0.137469603085967,0.173607392338664
"TIMM13",0.12474886403164,0.173617066989766
"TAF9",-0.0953688993185509,0.173626233055255
"CNN3-DT",0.147023779628583,0.173659043937449
"DIRAS1",-0.467012954441115,0.173741135214658
"DELE1",-0.0900680350922564,0.17374819111326
"KATNAL1",0.127708447032695,0.173817512060364
"PCDHA7",-0.422535270695252,0.174065453658027
"ZDHHC4",0.0899216642181144,0.174111384223434
"MSI1",-0.508625720267896,0.174226541411753
"ENSG00000274979",0.136223243985815,0.174360890387776
"ATP6V0C",0.159442808436979,0.174392083420797
"KCND1",-0.320081135900267,0.174547662551543
"HPCAL1",0.122316972925387,0.174548112158106
"DNAAF19",-0.59678689952306,0.174578412993937
"ECI2-DT",0.40762939749806,0.174597812306221
"PIN1",-0.10801042301384,0.174722448507903
"ENSG00000290114",-0.874148065768252,0.174750197636138
"MITD1",-0.113192049594483,0.17479884576374
"PPDPF",-0.201143808998491,0.174822317453022
"ENSG00000260361",-0.28469698239632,0.175083524301081
"VPS4A",0.10565431706952,0.17511403261375
"LINC01819",-0.713006246191074,0.175175263944901
"ENSG00000254536",0.209431384665016,0.175559319312058
"DISC1",-0.292423940919802,0.175576904282182
"SLC66A3",0.243267683064024,0.175828960171515
"ENSG00000256028",0.177157017348072,0.175993853543923
"ENSG00000285728",-0.399724354302938,0.176057537710513
"ENSG00000283235",-0.41177645818933,0.176117123330189
"ENSG00000265967",-0.913386537727094,0.176134103705838
"GRHL1",-0.10158414570879,0.176264955872095
"ENSG00000271699",-1.41732293260456,0.176372287294795
"ENSG00000213197",-0.587226480156043,0.176500907141842
"ENSG00000237637",-0.665967650794337,0.17664015198757
"ENSG00000197582",0.401810377343356,0.176672202667836
"NOTCH1",0.647653904724854,0.176679263972138
"LGI4",-0.281725768562313,0.176681546505863
"MAFTRR",-0.523302909894821,0.176900025587539
"ENSG00000261346",-0.512493840170107,0.176964631718947
"ENSG00000204196",-0.260793227291539,0.177048166586738
"COX5A",0.0983870234434239,0.177309708501406
"CHST12",0.105480991675529,0.177315558788845
"ENSG00000270673",-0.390372360415044,0.177380265706378
"A1CF",-0.123158975091025,0.177384973205844
"MANSC1",0.184009683845597,0.177396933052243
"ENSG00000293143",-0.20170272711255,0.177526332810719
"NQO1",0.103993622934052,0.177953562009582
"COX7B",-0.148028670268117,0.178096068896638
"RPL13P12",0.272358693373843,0.1780988032506
"PKD1P4",-0.127998305584421,0.178112662191512
"SPECC1",-0.456032481963664,0.178114144379358
"EXT1",0.136866492937365,0.178211557211691
"INSR",0.0996481566041615,0.178428688824529
"OIP5",0.164265629299286,0.178471338918756
"URB1",0.127571998802466,0.178491030639411
"ENSG00000279701",1.91408737089908,0.178504320950183
"LOC101927040",-0.745770650365908,0.178710522650517
"ENSG00000280092",0.583955904090176,0.178818511914581
"FKBP8",0.130335867374788,0.178828145406278
"EFHC1",-0.112744239812762,0.178867803958861
"CEP70",0.158663916210713,0.178877476120688
"ENSG00000267059",-0.890750118323461,0.178894029317584
"HSPA4",0.150897737454515,0.178907635576153
"ENSG00000289440",-0.473030812932596,0.178927393885964
"CNPY3",0.0881193467052957,0.179054691227385
"PDZD8",0.10563130109913,0.179171627622377
"MAN2B2",-0.0975744721242492,0.17925532108781
"ENSG00000285238",-0.766286271311208,0.179390082278664
"ZFYVE28",-1.00437828312611,0.179434931403964
"TPRN",-0.0864265073917075,0.17960145160443
"CRNDE",-0.513371598764588,0.17974049605326
"ROCK1P1",0.420950199286563,0.179821111069449
"PRMT9",0.134374250475125,0.179850343168219
"ZNF559-ZNF177",-1.1861086534404,0.179861922726213
"SNRPA",0.0952195825564024,0.179869396331573
"SNRPA1-DT",0.297226615976306,0.180112314628819
"ZNF20",-0.337415654181703,0.180124178192842
"FBXO32",1.0505003634871,0.180149273151414
"BCCIP",-0.120481539203309,0.180252000683533
"ENSG00000268379",-0.878326807388232,0.180449917184075
"GCHFR",0.12539029202149,0.180658963185054
"DNASE1L3",0.414291935161382,0.180665219125508
"POLR1C",0.113229304753874,0.180712302299606
"DFFBP1",0.586671445771772,0.180738529576142
"MTR",0.0962038490044921,0.180883118971233
"THAP9",-0.127072905095029,0.181022384294354
"RWDD3-DT",-0.52678045910271,0.181085387778268
"SETD1B",-0.0952775223907002,0.181377435474783
"ENSG00000305995",-0.322070439084431,0.181395660878692
"ENSG00000259408",-0.557798835145109,0.181616215764552
"PELP1-DT",-0.489815423867067,0.181753049633878
"ZNF660",-0.183909120344882,0.181761956918603
"ENSG00000240180",-0.826663134783246,0.181927804270487
"MOAP1",0.162743337938696,0.181975238685841
"RASSF4",0.170106215339024,0.181988505676774
"ENSG00000177855",-0.649340504165776,0.182138962867183
"LOC124903859",-0.95418031499388,0.182253583523846
"ENSG00000272810",-0.660243242758091,0.18231708079733
"ENSG00000273308",0.379943687417108,0.18248576074453
"ARHGAP26",0.114977396992714,0.182603835117331
"GLOD5",-0.386633334114366,0.182621975726768
"ENSG00000226386",-0.801264358842004,0.182626764607185
"ENSG00000289499",-0.616879244819266,0.182641135535586
"ENSG00000255946",-0.735356835734745,0.182739400870067
"C1GALT1C1",0.149668039618667,0.182778576887305
"SBNO1-AS1",0.191717784830067,0.182795971669551
"ABL1",-0.0805775297648263,0.182815311456108
"ENSG00000272510",-0.446655490479007,0.182821699626663
"ZNF652-AS1",-0.892601458004564,0.182852412597469
"TFF1",-0.567308921699473,0.18295770351651
"EIF3J",-0.117074111066833,0.183012108438319
"TMEM184A",-0.106259183160546,0.183095989617647
"ENSG00000287771",-0.948420361067784,0.183102372344675
"SCAF4",-0.0861621073614542,0.183308675599713
"NCF2",0.613413297933791,0.183378524038121
"COLQ",0.407069329284903,0.183384818213844
"SMAGP",0.212686682600048,0.183529333697047
"PLAAT3",-0.262942950202436,0.183624737363284
"ENSG00000259275",-0.746471983998178,0.183662466859665
"FOXD4L3",-0.655501016508655,0.18378194194519
"GID4",0.124647604399704,0.183785194573122
"NUP93",0.0861980375158305,0.183871111148994
"ENSG00000277440",-0.507422859895171,0.183933834434486
"SYTL3",-0.482574982490416,0.183943438834495
"ENSG00000274080",0.35337114808328,0.183978140611761
"ZFP82",0.157561186391165,0.184045123284009
"ENSG00000231563",-0.336998561906337,0.184169934697322
"NT5E",-0.183648305805814,0.184221977698763
"ENSG00000215023",-0.862869984712301,0.184226206287863
"APOBR",-0.555794750368592,0.184233544397349
"A1BG",-0.103344514160876,0.184323560591937
"PLA2G1B",-0.394011474149613,0.184324226955467
"VPS45",-0.0999399088771419,0.184338410587224
"ENSG00000289276",0.556173132244614,0.184364776386096
"UBE2L3",0.137078848034886,0.18438340934438
"LAMP3",-0.718738488300972,0.184422127234285
"CES2",-0.192144658941857,0.184424442961676
"KRT18",-0.241202538933421,0.184507561098737
"LPCAT3",-0.109882962846994,0.184682410115923
"ZYX",-0.151312397829571,0.184700546468053
"LOC100506405",-0.342046481665454,0.184795381378912
"ENSG00000236528",-0.449844737958776,0.184823337198468
"MAF",0.159501469086296,0.184889166975206
"NIPSNAP3B",-0.197604609546108,0.184901321457578
"FLJ42393",-0.342133957904147,0.185042014622328
"ZNF703",0.139909931389965,0.185047175041017
"NIPAL3",0.132141921461281,0.185129397385516
"RPAP2",-0.137601149036935,0.185141494596079
"KRTCAP3",0.254415277896351,0.18516781243124
"GRAP",-0.535724295404355,0.185188024440462
"MAD2L1BP",0.122871073150939,0.185246816983011
"ATL1",-0.448720426452003,0.1853469840176
"DEGS1",0.114847121189928,0.185682704772841
"GGA1",-0.100544724744135,0.185711191791792
"ENSG00000268650",0.746380000450746,0.185714892089153
"DNMT3L-AS1",-0.368318506535664,0.185724743806119
"RPL19P6",0.41096175763019,0.18573775309749
"PLEKHG1",-0.200066153489037,0.185942258398023
"DCDC2",0.138362758512279,0.186014349512517
"ZDHHC8",0.0955566026022936,0.186108133117177
"LCN8",-1.1820917366743,0.186170511376037
"PSMB4",-0.100580241850074,0.186269764958491
"ENSG00000287515",1.41643335795179,0.186324638265701
"JUND",0.146991287305123,0.18644730754522
"LIMS3",-1.93038228350346,0.186595019906803
"MZT2B",0.118779550685283,0.186610760147097
"UBE2M",0.104321344495174,0.186653837373872
"AMN",-0.192289478128278,0.186663875052097
"ENSG00000308740",-0.450589872002828,0.186795128160493
"ZNF428",-0.130764371729654,0.186805201248049
"ENSG00000261596",0.470567913128926,0.186821854139734
"SLC9A3",-0.222430483713956,0.186822398537509
"DCUN1D5",0.115920342402393,0.186830113390717
"FGD3",-0.252348246261103,0.187094111530101
"SMCO4",0.134621400204918,0.18714931362264
"EFHD1",-0.308686150543075,0.187274356312749
"DSN1",-0.111415077911037,0.187346093113172
"CSGALNACT2",0.111952162270118,0.187364133443825
"BOLA3",-0.154427999909835,0.187380891630268
"FAM88B",-0.678734709047494,0.187398912564638
"TBCE",0.0955181385915395,0.187420842091965
"PTPRCAP",-0.772524452103555,0.187422318560628
"PRSS27",0.471929391916764,0.187571118235371
"FAUP4",-0.3426892851933,0.187634895102192
"LOC105377134",-0.218415016613179,0.187641810002109
"GPANK1",-0.100263815808629,0.187764109634014
"DNAAF5",0.102724394840321,0.187821116191628
"AP3M2",0.119696457336377,0.187890954547567
"MRPL47",0.122608610985057,0.187928245543999
"IDE",0.0975706931042157,0.187977802170192
"PIGS",0.120057101295847,0.188168907771331
"ZNF775",0.16315660791326,0.188322448890714
"ENSG00000288637",-2.06829993557523,0.188413899588148
"CYCS",-0.112204559897681,0.18855494097162
"ENSG00000291276",0.353494525354967,0.188555535656408
"SRRM1P1",0.393136644781004,0.18861417904825
"TMEM209",-0.126557130559745,0.188760430609546
"TCF7",-0.141307338794886,0.188791476280945
"ENSG00000239415",-0.403092320634895,0.188941987998674
"NR2F1-AS1",-0.234317682987515,0.188977005337774
"EBPL",-0.108438949503971,0.188983498050809
"ENSG00000256514",-0.49959567553303,0.18905557970618
"ECSIT",0.102770831667425,0.189085984006793
"DAGLA",-0.134525256311097,0.189243389556756
"ENSG00000268744",0.449287276389954,0.189272468009976
"MIR600HG",0.147123212011519,0.189357968672501
"MAPKAPK3",-0.132899012737532,0.189383474450045
"PPIE",0.109296456370402,0.189427629909795
"ENSG00000259644",0.805798264439196,0.189613820492679
"CLPP",-0.132650328613467,0.189767618996927
"FGFR4",0.133334801969134,0.18979792556717
"LOC101927609",-0.584462308974796,0.189818617907461
"ENSG00000269951",-0.414326186637033,0.18983059467891
"ENSG00000287166",-0.554902515455699,0.189843636097709
"EMID1",-0.573499252157789,0.190026171751498
"PCSK1N",0.178511673117063,0.1900287661821
"SLC16A10",-0.167437396218927,0.190040307205542
"ENSG00000298285",-0.835339941371741,0.190187390010062
"CCDC13-AS1",-0.915973041035756,0.190306171923614
"ENSG00000279518",-0.363256220369034,0.190364888347368
"ACOT9",0.0954428527435825,0.190411154908042
"ENSG00000227615",0.318092338354763,0.190536018527126
"NCALD",0.582654058073792,0.190669974923165
"STIP1",-0.132373445702024,0.190676649499494
"NINJ1",0.0975341967876152,0.190677743664534
"TBP",0.0891367167429077,0.190699256356444
"DNAJC1",-0.119370962185329,0.190836845846704
"MGARP",0.754178485649231,0.190856528152738
"PCDHGA7",-0.542546442070169,0.190930424008018
"DPP10",0.36438875283572,0.19097841127098
"DCST2",-0.760914514424482,0.190988896014191
"BMS1P1",0.165913874833998,0.191199609591799
"PGAP1",0.189158503284282,0.19122756857507
"FAM110B",-0.409690484427402,0.191276783984602
"ENSG00000279145",-0.775935767219894,0.191348698807151
"LOC101929200",-0.308776862898071,0.191367938626563
"MACROD2",0.540911670041993,0.191522849011745
"ZNF568",-0.269596690409273,0.191573139613097
"JMJD6",0.117606059145449,0.191590343916093
"SERPIND1",0.138137426454828,0.191718121231242
"VMAC",-0.224788488474316,0.191723518603872
"SNORA73A",0.615088594077788,0.191913740053319
"DYNLRB1",-0.131072685102207,0.191973170276156
"ZNF426",0.146441615438585,0.192029259857596
"TALDO1",-0.106205375024527,0.19204203908604
"ENSG00000289584",0.565492649397574,0.19204331110554
"ENSG00000279568",-0.545290608734011,0.192259414872101
"PCP4L1",-0.574755071418643,0.192270936901026
"SEPTIN7P9",0.537390392847712,0.192329195220991
"CAPS",-0.218826633077984,0.192383297412299
"PABPC1",0.108596374468823,0.192410910159456
"AMH",-0.479404969612407,0.192443126262638
"TMEM151A",0.637666729581047,0.192520966700991
"SYNGR1",0.311224690318562,0.192568426748508
"SUMO2",0.10356415047648,0.192672613600036
"PAWR",0.116869632153887,0.192718724005646
"TP53I13",-0.157002332002588,0.192812113464357
"SOWAHD",-0.347185564290275,0.192949819600245
"BTBD8",-0.246213240542019,0.192971193916987
"DNAJB1",-0.105577048691637,0.193046171859065
"P2RY11",0.139032321569765,0.193103961251835
"ENSG00000289810",-0.711811655467918,0.193168356186262
"ENSG00000277476",0.154463054280295,0.193202343996941
"ENSG00000305144",-0.532513196476489,0.193214939645728
"YWHAQ",0.0928675312888987,0.193393040370259
"PDE6C",0.692699244502899,0.193395884755206
"H2AC7",0.893115839149173,0.193451762616413
"FBXL6",-0.118772730556892,0.193478129981467
"ENSG00000259316",-0.155166648327327,0.19351277886438
"MDP1",-0.163672848618358,0.193594615469984
"UQCRFS1",0.134209928983407,0.193774261781445
"ENSG00000223812",-0.713231661815227,0.193976037632133
"ENSG00000300014",-0.517432790178804,0.194032223145957
"MRFAP1L2",0.106329536142925,0.194034729917361
"GDI1",0.0894119424118222,0.194067283282281
"CCDC92",-0.184986293953566,0.194073899680805
"KIAA1671",0.114731147105464,0.194197069832109
"ENSG00000290791",-0.159036627576386,0.194254904724253
"ENSG00000258017",-0.239672048804477,0.194391414048383
"PXDC1",0.131447037762741,0.194437765632547
"CLCN5",0.136479345668865,0.194591596127431
"KCNMB3",0.121705194079703,0.194624333152983
"SLX1B-SULT1A4",-0.249898941904529,0.194628172202764
"NT5DC2",0.0874557880850134,0.194649379431771
"SLC25A51",0.150117876615222,0.194736861195957
"PPP1R15A",-0.151357023112417,0.194754840704186
"TMEM82",-0.338050365255032,0.19477848291156
"LINC01829",-0.466555659423745,0.194811898447919
"SLC30A5",0.085302262447647,0.194856435140758
"ZNF486",0.229654964969046,0.194856880832665
"ENSG00000275902",-0.344169676928082,0.194881316155469
"EIF1AD",0.0809347814286862,0.195133286300279
"FKBP15",-0.083022533856775,0.195351154765335
"FAM181A",0.47750376003987,0.195552234106201
"HEATR5A",0.093281632600703,0.195617576167842
"CDC123",-0.117203357541592,0.195769880095199
"NAALAD2",0.147484734821463,0.195887694520053
"RPL17",-0.138467023701568,0.196103589746491
"COPS5",0.0779016875650768,0.196195403814972
"TNNC2",-0.30135467626697,0.196275248707383
"ENSG00000260643",-0.233470071041488,0.196399920610737
"ENSG00000249353",-0.206560338052115,0.196483238821916
"HCFC1R1",0.131101854583691,0.19656964044476
"LOC729998",0.153150003136024,0.196750749019704
"ENSG00000235319",-0.507454330051038,0.196769717083304
"ZNF446",-0.203817534534281,0.196938245518457
"ENSG00000289552",-0.769825636585076,0.197026595603064
"IGF2-AS",-0.191827024034367,0.197061259942869
"ZNF772",0.123045168230145,0.197078028645887
"LRRC37A2",0.427674066177569,0.197090360277285
"ENSG00000272155",0.743584917151323,0.197130163260861
"ITGA6-AS1",0.521177814217307,0.197265011210457
"SNAP29",-0.138349328918311,0.197372737402368
"RBM20",0.916724109916777,0.197430853124529
"GUSBP3",0.237416642189823,0.197451686573518
"ENSG00000280376",0.697827012653947,0.197568032809337
"ISL2",0.138256525495356,0.197624286867284
"ENSG00000231154",-0.419372001551229,0.197642787036799
"SFRP4",0.296438616180401,0.197672388435532
"ENSG00000233270",0.419704438193673,0.197723696552539
"ZNF708",0.193243206789004,0.197859881431575
"ZEB1",0.0981115126976972,0.197900610268723
"UBE2D2",0.102380168477584,0.197920861454042
"ENSG00000290018",-0.243451215331974,0.197934286852043
"SRRM3",-0.380278267842293,0.198254132784116
"EFNB1",-0.153347540790077,0.198295829140828
"ZSCAN16-AS1",0.129307286571545,0.19832638832831
"HSH2D",0.197299332261475,0.198368223505057
"BGN",-0.284140668541235,0.198467768885465
"ENSG00000306879",-0.700667292436105,0.198492561587691
"ENSG00000267666",-0.540082495250597,0.198752461643884
"ZNF425",0.396682025089001,0.198880845950882
"TSPAN15",-0.379423638837833,0.198991685261433
"ENSG00000224411",-0.407699916636821,0.199077418569561
"INTS4",0.109969103190749,0.199143424136374
"LOC105376292",0.32066042067934,0.199185763655133
"ZNF124",0.124288699913391,0.19922299904187
"ZNF549",-0.139901885234645,0.199272759936437
"ENSG00000259699",1.00003815015088,0.199332728753291
"ENSG00000259033",-0.326674247193377,0.199336645126251
"SPAG7",0.084702791581101,0.199339566856715
"ZNRD2",-0.151676499203192,0.19936741385757
"GALNT13",0.226083547714556,0.199496603503121
"ANKRD42",0.130890815977051,0.199504209454826
"CCDC146",0.241611221028666,0.199633932942049
"LOC107986163",-0.637343418757346,0.19964439110376
"LOC105374378",-0.151677204878718,0.199785967307485
"MRPS15",0.0873557308815263,0.199841476249851
"SFMBT1",0.145143205615449,0.199844893925275
"ACD",-0.100852237336369,0.199914095594603
"AFAP1",0.279653537739171,0.200011399306773
"GNB1",0.0926558458697052,0.200174931878129
"SPDYE21",1.31520600658878,0.200201650028659
"ENSG00000263826",-0.660087899614875,0.200289064814779
"ENSG00000300063",-0.658718747322482,0.200329712475528
"ENSG00000289020",-0.530351268726823,0.200439277206318
"GJC3",-0.398427898441719,0.200451879866308
"PRPF19",-0.097511135675182,0.200606125559943
"DVL3",0.0871044419955211,0.200644892349163
"GLIS2",0.359295976789096,0.200675463723948
"TAGLN2",-0.230204555286306,0.20070354578936
"ENSG00000308909",-0.734212136887563,0.200715562137745
"PRPF18",-0.125403205332671,0.200885656185373
"ENSG00000261056",-0.771474212160869,0.20093566407964
"ZNF286B",0.224015107334954,0.20099023124451
"ENSG00000229896",0.397742968728338,0.201062046576802
"ENSG00000299955",-0.290612681301852,0.201106940911054
"LINC02535",0.345925107324224,0.201300689335107
"AAGAB",0.116032077550178,0.201375183240843
"ENSG00000262766",0.492937625022153,0.20157005478445
"XPO6",0.104163669300573,0.201650929324602
"ENSG00000181097",0.479069449572776,0.20179491155927
"ENSG00000279356",0.534097347771096,0.201818891356166
"PIGG",0.101827620523915,0.201842123633567
"EIF3CL",-0.220678507246409,0.201852175227167
"LINC02043",-1.09666913460163,0.201868666809454
"SFXN3",0.12786459073783,0.20193487556637
"CHKB",0.096233574380447,0.201987691422499
"ADGRA3",0.0894460594978903,0.202041098240989
"ACSL5",-0.100561213611677,0.202043752970757
"LZTR1",0.092124349647647,0.20224811764406
"TTC39A",-0.59694628672448,0.202257100763911
"ENSG00000274403",-0.518181299087341,0.202348975500519
"ELK3",-0.308798298736196,0.202451820288562
"ENSG00000309144",-0.84717367682871,0.202467427085796
"FAM200A",-0.14170691106845,0.202596606335821
"NBEA",0.234637701808434,0.202651144578378
"NPHP3",0.118171409701325,0.202688971125692
"TLCD3A",-0.12490925730364,0.20287349345206
"ST6GALNAC2",-0.780546038959838,0.202875875880764
"ENSG00000286185",0.738365487616152,0.202897669646068
"SLC1A5",-0.1275482356143,0.202902858341639
"SLC38A5",-0.121451713106916,0.203094196512284
"RAD18",0.108740313157985,0.203147613521304
"TMEM258",0.097554062741924,0.203151475640832
"TMEM272",-0.320742145911675,0.203349854761826
"CD320",-0.103166742629713,0.203374262632418
"ENSG00000305511",-0.300103241710381,0.20346199006455
"DNTTIP1",-0.0913123350335523,0.203626930917404
"DMWD",-0.120180439031788,0.203788867431214
"NME7",-0.180465674495071,0.203803894026127
"TRMT2B",-0.0963488121016044,0.203829776288371
"ENSG00000295510",-0.475433243737789,0.203869690375375
"MZT2A",0.111171141190829,0.203895461219779
"ENSG00000278972",0.446858038179574,0.204003944961289
"ENSG00000260743",0.619437681774077,0.204032504711652
"NPIPA5",-0.186207052631381,0.204050080830022
"ENSG00000289747",0.518394065747644,0.204096712260981
"BRD7",0.0978868508773296,0.204160442419652
"LEKR1",-0.727324556319576,0.204177786771682
"PCDHGA1",-0.333720700349086,0.204247253273893
"LRRC51",-0.209708441577528,0.204357205026658
"ENSG00000268362",-0.131985856820436,0.204518782065683
"ENSG00000283128",-0.491923959259383,0.204668148947223
"NPW",-0.195815130093183,0.204707748150746
"COQ3",-0.178150177380447,0.204851528136129
"ENPP4",0.667873911945823,0.204870706500546
"ATP5F1D",-0.102365331756047,0.204911844534472
"ORAI1",-0.109464677188158,0.205004636652712
"TAS2R19",0.746805188559068,0.205151669342582
"LLGL2",0.114971221862328,0.205221920178594
"PRORP",-0.093267107685809,0.205234151642727
"FRA10AC1",0.09907613734481,0.205302600571247
"PPP1R3D",-0.187771549393971,0.20550942247272
"NDUFA9",0.116232004016581,0.205668955354577
"ZNF594-DT",-0.429733445705261,0.205696980877424
"NFATC4",-0.716396081754382,0.205753049230044
"LOC105370103",-0.424637224625136,0.20578158213942
"PDCD7",0.0774943653214009,0.205805232592176
"DNAJB13",-0.635786160101911,0.205842337318666
"GUSBP5",-0.456241484450584,0.205916681470629
"TSPEAR",-0.379636415506351,0.205963293627763
"MRPS30-DT",-0.346529075148195,0.206097308998415
"PDE12",0.104396080326558,0.2061054873779
"NUDT19P5",0.447301888914933,0.206153521494213
"ENSG00000273381",-0.433879800962349,0.206295434073494
"FAM177A1",0.0933398115904018,0.206344196827032
"ENSG00000267317",-0.225603080380317,0.206435713098525
"GTF2E2",0.139922389923385,0.206597358547065
"CD83",-0.18106478840128,0.206655291315717
"LATS2",-0.104984782809123,0.206752895342239
"RAD51AP2",-0.404599591609628,0.206781800273437
"LINC00632",1.01120136843922,0.206931597066366
"RPL17P28",-0.523899136980395,0.206959032428959
"TRIM69",-0.288764790136538,0.207009477572582
"KCNRG",-0.616233601686075,0.207068905812095
"LINC00324",-0.553668256933319,0.207281857485377
"CERS4",0.157168168032256,0.207288306868085
"ASB8",0.0986621872956865,0.207373181711697
"ENSG00000304857",-1.02137146200582,0.207419382683214
"GPN3",0.140169486744526,0.207546638538215
"MTCO1P12",0.231131934410176,0.207562785689166
"LINC01342",-0.534682505270679,0.207627477580587
"FXYD3",0.531875099443808,0.207670987606974
"SECISBP2",-0.0999819418894247,0.207677708476281
"ENSG00000093100",0.0933342660703226,0.207760561386911
"DDX24",-0.0889621376915067,0.207901388394965
"ENSG00000269044",0.211243309200038,0.207918537270744
"ENSG00000265413",0.494503908588224,0.207980835153078
"ALPK3",-0.500624743861851,0.208213910381886
"EDEM3",0.091137098541195,0.208357007122315
"METTL26",-0.0986260073070945,0.208447085470949
"APOA1",0.215700364031042,0.208505749652422
"CXCL8",0.298610478756283,0.208528431303103
"SERHL2",-0.480943717359469,0.208623050198643
"GGCX",-0.12213566209597,0.208690250568468
"MSRA",0.149067122988729,0.208906253847991
"SH3YL1",0.20765115755827,0.208984755630101
"ZFHX2",-0.25374239270257,0.209042123624458
"DHX9",0.076698660819278,0.209066230812523
"MTX1",-0.131662714510359,0.209238866588125
"C20orf202",-0.891675859767495,0.209553089154568
"PDIA5",0.107267381483398,0.20962736922063
"SNF8",-0.101910140402119,0.209671423029124
"SEPTIN4-AS1",-0.658446618341216,0.209828966754124
"RPL7AP34",0.625284739536617,0.209853660790654
"SYAP1",0.113277394121584,0.209968608047797
"RPGR",0.115218226470317,0.21012240714274
"LINC03016",-0.586800116864201,0.210153647264753
"WDR74",0.112001027059135,0.21042981858787
"ENSG00000307322",-0.393541386149764,0.210489615238741
"VKORC1",0.100874124868305,0.210732717207887
"DLG2",0.293111296311723,0.211044064118597
"PRELID3B",0.115829358974208,0.211098770223469
"RNF125",0.353694430617708,0.211180806365954
"ENSG00000206149",0.387064291263492,0.211210304584524
"CTSZ",0.502257626350211,0.211334499264847
"FBXO9",0.0886596402995511,0.211350764296524
"NFE2L1-DT",-0.480425977691248,0.211392122490664
"SLC22A25",-0.304444086209057,0.211657092388334
"ENSG00000293044",-0.338540947155967,0.211688610426387
"RNF2",-0.124284622387233,0.211719948789331
"PALM2AKAP2",-0.122553239644261,0.211779242223606
"RPS16",0.11883819178742,0.212225930552288
"ENSG00000259659",0.538626350165509,0.212333945642001
"ENSG00000279792",-0.367947166873235,0.212424049441315
"ACER2",0.25413602862541,0.212428724581935
"ENSG00000251417",-0.536953046670792,0.212434073576262
"FAU",-0.126174678168112,0.212447417861786
"ENSG00000287104",0.343845098473926,0.212499674739975
"SIRT7",0.0811967879187317,0.212625178277909
"ENSG00000304572",-0.65593097460875,0.212709612703776
"ENSG00000233225",-0.47881594230252,0.212837370126678
"DGAT2",-0.163007953468911,0.21289226065846
"LBHD2",-0.348686455115,0.21308199191144
"ZDHHC6",-0.0868545511310843,0.213118278296343
"ATP6V1G1",0.131199307493794,0.213122302122005
"FTX",-0.0828665078575467,0.213236756093572
"SP5",0.115565433288203,0.213377238680859
"ATRAID",0.101425610422017,0.21341122515216
"RTN4R",0.605007126815983,0.21343240517003
"GOLGA8O",-0.865089477264418,0.213517013528599
"LOC100288637",0.202579862780873,0.21353862566045
"STARD4-AS1",-0.436869836533213,0.213561949192051
"ENSG00000284512",0.714683016015148,0.213593207893089
"NPM1",-0.134532899869156,0.21377567011926
"IRF2BP1",-0.0906376740729527,0.213793416243855
"FBXL13",-0.539916375007294,0.21386155783417
"HNRNPC",0.0951138801041274,0.213895704142832
"ZNF586",-0.165634639525156,0.213973462700049
"MIA2-AS1",-0.284703016889647,0.214101066223268
"ENSG00000287250",-0.63444275908242,0.214177091423176
"ENSG00000198406",-0.561351027324097,0.214185536710747
"ENSG00000262652",0.700051757957612,0.214275277005586
"ENSG00000250135",0.550500371874795,0.214289559874064
"DBIL5P",-0.514134291575771,0.214458676199675
"ENSG00000290076",1.02476726454622,0.214467377498834
"RPL37",-0.174939665990676,0.214541234382501
"OSGEP",0.129541440725346,0.214596812692927
"MT1F",0.261065169445762,0.214739518071144
"ENSG00000270077",-0.733954603889144,0.214750557833673
"HLA-J",-0.390827547102226,0.215033390345808
"LOC441666",-0.470369070678029,0.215156032777247
"MAP3K13",0.0841250038373374,0.215158022570064
"PRNP",0.166284586511067,0.215166334953201
"GADD45A",-0.0971698279138394,0.215255460660755
"RAB27A",-0.161643557266138,0.215280743161014
"SOD1",-0.135744343532324,0.215362377477534
"ENSG00000286340",-0.358117671912566,0.215363332397774
"TMEM134",-0.0966903995172808,0.215425313385502
"ENSG00000265303",-0.466863695267788,0.215446936210998
"SLX1B",-0.658441833615634,0.215601081359671
"SYNE3-AS1",-0.482178482287102,0.215610529715903
"LOC729654",-0.301103479892527,0.215681112679662
"ENSG00000185186",-0.254912256340481,0.215720670126274
"CDKN2B",0.451015962778982,0.215763847894904
"CIAPIN1",0.0917742370042401,0.215962911102728
"USP1",0.0881608661908808,0.216004664356659
"SNHG19",-0.159111623905211,0.216041842079076
"PSMD3",-0.0977873363967668,0.216301139857528
"IGFBP3",-0.570398477015531,0.216315978183795
"ENSG00000302668",-0.532032451535788,0.216321791459292
"CCDC107",0.123733823156827,0.216446010901807
"MAGI2",0.202253592589229,0.216564467773563
"IFRD1",0.0976863013109793,0.21660341031848
"GASK1A",-0.766874340418102,0.216821249799832
"DEF8",-0.0895631718991116,0.216876601782282
"ENSG00000289269",0.533100052866072,0.217109517044679
"ENSG00000305533",-0.398413623457297,0.217112830472851
"C12orf76",-0.10281102620054,0.217173843524196
"GALNT4",0.181742706754841,0.217218422160613
"ZNF221",-0.265075393764472,0.217281252950267
"TEX2",0.0814244143231075,0.217295234054775
"RAD23A",-0.0851083388916672,0.217328412834272
"SNRPA1",0.0892509637693042,0.217441170505754
"MFSD14B",0.0898628677219582,0.217569513892378
"ZNF714",0.174946093905496,0.217600662701248
"SAC3D1",-0.101239142948896,0.217715422309122
"ENSG00000294546",0.916555745415022,0.217833336221373
"SLCO1B3",0.210830827404447,0.218028673717613
"ENSG00000289537",-0.385517368606993,0.218054995838524
"TNFSF9",-0.504931476101472,0.218135227234725
"ENSG00000259727",0.474325472062862,0.218281170228985
"ENSG00000286808",-0.242246534235429,0.21828914526126
"FGF19",-0.915085604693645,0.218310511760325
"LOC105371123",-0.395195041263,0.218364495858166
"HIP1R",0.0886806864698807,0.218483450153468
"PNPT1",0.118265610029336,0.218737329779126
"RCL1",-0.105398633303588,0.218972033911944
"CCER2",-0.609163417718288,0.219028959002321
"ENSG00000302546",0.579442861633357,0.219143539097838
"ATP5F1B",0.0933209456805886,0.219247564359461
"ZSCAN4",-0.400789048413964,0.219277025467396
"FUT10",-0.123678371026644,0.219338091360656
"ULK4P2",0.673079293692043,0.219440462550672
"ENSG00000263786",0.449509861339536,0.219468687771936
"TRIM56",-0.116390522087327,0.219487335101388
"ENSG00000271789",-0.258918691327948,0.219507579291096
"R3HDM1",0.0905669722510944,0.219558388425209
"NDUFA2",0.0845362707819452,0.219735394876852
"LINC02476",-0.498988337479872,0.219833276339836
"CEACAM22P",-0.603447683404604,0.219888496913158
"ENSG00000215302",0.432707075286945,0.219946116685455
"HSF2",0.0980691552370578,0.219958392291778
"ENSG00000226349",-0.78460202522774,0.220009131233212
"ZBTB39",0.111931727681652,0.220026253048985
"FLJ32255",-0.169705032782089,0.220176446979912
"ENSG00000272772",0.825599988116442,0.220185941382582
"ILF3",-0.101573057651847,0.220256979633196
"NR3C2",-0.781997230366511,0.220269479709546
"LOC100420981",0.465616140333686,0.220320774980982
"SNAPC4",-0.126606029351105,0.220489435024882
"ENSG00000310034",-0.640791722001439,0.220761539397527
"NSUN2",0.0867303863799722,0.220788778505181
"ENSG00000239528",-0.531577479936819,0.220816239846276
"PLGLB1",0.357859435322109,0.220831808496929
"PTHLH",0.789837245443699,0.220865951256676
"ENSG00000289472",0.46889632415194,0.22095293710886
"ENSG00000261526",0.128322171268942,0.221304914063025
"DNAJC18",0.184226668260745,0.221405633882281
"KLHL5",0.128469875990948,0.221450986650224
"NPIPA3",0.711050416151938,0.221548933661611
"ENSG00000304602",-0.357739610175233,0.221650794210405
"SLC25A5-AS1",-0.438797825134863,0.221762924612755
"LRRFIP2",0.0869192812868043,0.221890658274933
"DNAJC15",-0.105148618308757,0.222036820260161
"ENSG00000245281",-0.331544764547964,0.222203776293143
"ENSG00000304977",-0.635493467099087,0.222271396414855
"ENSG00000285304",0.345470940024272,0.222321694104181
"LOC102723553",-0.772031094149359,0.222373910987903
"LINC01291",0.305328263099934,0.222544150128359
"POC1B-GALNT4",1.43278284840708,0.222605542343191
"DPAGT1",-0.091385107967704,0.222620806533906
"ENSG00000291241",-0.328410341662094,0.222629084240729
"ENSG00000243302",0.27243302117302,0.222640557046142
"PDE4DIPP6",-0.293066142774139,0.222672111850889
"ZFP69B",0.141337533787569,0.222749936994885
"ENSG00000294706",-0.564619034332077,0.222856901821707
"PDPR2P",-0.120158237608367,0.222911524816316
"LINC01238",0.693588633044203,0.223108246201748
"ENSG00000274776",0.420070337738001,0.223292400372942
"VRK3",0.132000669637149,0.223296244091985
"PLEKHH3",0.14481931547537,0.223468539170147
"LINC01549",0.699187546981846,0.223546299083325
"ENSG00000280128",0.141157182819143,0.223633272009194
"DTX3",0.0994404028968639,0.223702372869779
"FAM222B",0.119127145144374,0.223774542878628
"ZNF524",0.161334670945028,0.223841700164118
"LMCD1",-0.216248775982601,0.223888690439976
"CDC42EP2",-0.166585726349573,0.224226539295536
"RPS10-NUDT3",-0.255364106214526,0.224468219536555
"EEF1AKMT3",-0.122804018877964,0.22459502448545
"ENSG00000279591",-0.267293978728878,0.224759786841869
"RFC5",-0.0945089624815233,0.224963765939921
"ZNF275",-0.0880938947775687,0.225044708012328
"ENSG00000257527",-0.342084332293814,0.225129149421286
"PEAK1",-0.0792931945972108,0.22517398232926
"CNIH2",-0.374411429369256,0.225215979487895
"DUSP5",0.472025686352887,0.225342671045113
"KCNH6",-0.633091972833734,0.225388674442629
"ENSG00000289304",-0.471798625787981,0.225658719984487
"ENSG00000304231",-0.63780594866484,0.225670720380277
"SPTLC3",-0.134099544442542,0.225690780457384
"ENSG00000203279",0.163072924835768,0.225876460762811
"KRT8P33",0.485154273365836,0.225894424418093
"MYO1B",0.0701552834702732,0.225920135018884
"SUPT6H",0.0748275097264746,0.225923897131125
"HHIPL2",-0.306895180116569,0.226056531279181
"TRIM35",-0.113051486580583,0.226105638360023
"ENSG00000289911",-0.471891317364348,0.226133716359614
"NMRAL2P",0.219409657795538,0.226264189042721
"NACAD",-0.440947130534007,0.226818317162769
"MAPK14",0.0755498281748737,0.226861203761031
"SLC7A10",0.47468528890684,0.226969744947079
"ZNF556",-0.100285890885559,0.226979717367129
"ZSCAN25",0.0929860582311515,0.227093713289639
"H3C4",0.49524559160122,0.227206286890727
"NTHL1",-0.117674775092635,0.227247315258002
"ENSG00000308570",-0.384778702531894,0.227276830780383
"MINPP1",0.115784874568498,0.227363083132468
"TARS2",0.113616022756716,0.227772941631051
"ENSG00000259970",-0.408044633543292,0.227897517666665
"ENSG00000309808",-0.470886226043908,0.227947658635885
"ADPRS",0.100454414452834,0.2282407640099
"ENSG00000273243",-0.420696004979324,0.228305169444085
"SLC47A1",0.135900283782509,0.228318168598938
"IER5L",-0.22228822694758,0.228356262583197
"ENSG00000301476",0.499546079333755,0.228398840929741
"GTF3C5",-0.0742179256064162,0.228570046982973
"ENSG00000234219",0.4744130177587,0.228632210869806
"TDRD12",0.368843431579047,0.22868429281083
"ENSG00000297072",0.499969186489065,0.228697488648003
"TMEM9",-0.0954903115488375,0.228726682112825
"ENSG00000235363",-0.316189701253932,0.228773903169336
"ENSG00000271204",0.703197380024104,0.229050410995187
"INTS12",-0.119191920821756,0.229092141776652
"ZNF321P",-0.178873079014138,0.229304731563008
"TRIP13",-0.10667257769105,0.229379012397255
"MCPH1",-0.100436258427556,0.229573699881394
"SAMD4A",-0.138404898071017,0.229769390910222
"CDCA3",0.112205406102464,0.229810000337524
"ENSG00000267263",-0.417167420399959,0.229839667175134
"RPS7P11",-0.499722168586989,0.230188012781436
"TRMT10A",0.117279356695824,0.230233306235832
"TSSK6",-0.297018997083184,0.230263967360039
"AGFG1",0.100882977418235,0.230357608287957
"ENSG00000291043",-0.218288469371472,0.230487174848562
"ADORA2B",-0.191553549192865,0.230543987708092
"MIRLET7A1HG",-0.141665347465024,0.230573942405708
"SPSB1",-0.135654189803489,0.230672182460644
"ZW10",0.0852569955178345,0.230700986730694
"CEP89",0.111062593172113,0.230704488951895
"FAM229B",-0.168526885384414,0.230707695730729
"CRISPLD2",0.680642576566735,0.230954610318579
"SLC26A8",-1.11086619447788,0.231042300818186
"ANXA13",0.629936733027859,0.231153080371253
"ENSG00000235214",-0.394270999089115,0.231159424956306
"SSC4D",-0.319286192485875,0.231179323888568
"NDRG4",-0.248155507794954,0.231314892307843
"HAUS8",-0.10267674710654,0.231412773775551
"ENSG00000291038",-0.771971282751657,0.231630092670563
"ENSG00000227198",-0.453229549788681,0.231699671222231
"SPATA18",-0.16499142888096,0.231720472632364
"ENSG00000289212",-0.445888423884265,0.2318514875205
"CTU1",0.149040092215644,0.232040258824199
"SLC26A3",0.379525318542506,0.232219313788929
"ENSG00000278896",-0.947640853577403,0.232630702635672
"ENSG00000303236",-0.931808866401789,0.232682184779085
"RHOQ",-0.183953698359894,0.232738468847767
"ENSG00000298227",-0.778507711703729,0.232899144818448
"AGPAT4",-0.505706113305715,0.232968379665897
"MIR9-1HG",0.843175607099649,0.232996875278876
"ENSG00000204789",1.39667671338867,0.233015395702911
"RELB",0.1826015772172,0.233118169030761
"CPNE2",-0.137667008691781,0.233382911054473
"ZNF10",-0.109842823540821,0.233403700093714
"ENSG00000270171",-0.799060354298515,0.23346373958791
"LOC100996643",-0.288182314345007,0.233583187443349
"ZNF552",-0.120786182776429,0.233609316186125
"ENSG00000289698",-0.405749847165305,0.233625683713521
"HMOX2",0.085102908249899,0.23366963419745
"THUMPD3",-0.0938767498092168,0.233945717829847
"STXBP4",0.116979467621194,0.233950980075736
"FBRSL1",-0.0850954110314716,0.233963055889822
"ENSG00000174384",1.17555513230827,0.234012512781101
"ENSG00000288995",-0.52980155871696,0.234092365356728
"UBE2E3",0.111478966686448,0.234541103443341
"ERGIC3",0.0797601335375265,0.234782133859268
"CIAO2A",0.0937263794175315,0.235061684266032
"SYT7",-0.226522512269491,0.235118346809559
"SLC35F5",0.0895765636315282,0.235123907201037
"FCER1G",-0.458974585770832,0.235136266958743
"AMPD3",-0.547463751998734,0.235394129326307
"TBC1D1",0.0938874094481258,0.235693207715771
"FGFR3",0.158326562122831,0.235823545297779
"ENSG00000280274",-0.539649461564116,0.236099378990838
"TMEM128",0.115680238902355,0.236150563734431
"GRIN2D",-0.3365493993888,0.236207830547386
"SRC",-0.0722055095434567,0.236412808411087
"CALR",0.112422193373495,0.236449037297434
"ENSG00000250461",0.762499170006881,0.236489656922488
"HADH",0.0902516209627962,0.2364904221227
"ENSG00000304845",0.413835306577007,0.236495727161639
"PCDHB16",0.209020458417321,0.236512220054153
"FASTKD1",-0.085632165387239,0.23655905982365
"VGF",-0.40327833847079,0.236575940512632
"SCNM1",0.09658586984843,0.236620418954854
"BLTP3A",0.0770063625377567,0.236682718767608
"FAM66D",-0.33547574955209,0.236755815738994
"WWC3",-0.123229439538374,0.236831787929037
"ENSG00000282988",-0.963085713928779,0.236843480681173
"DPP3",-0.10157942064706,0.2368794327951
"ENSG00000248740",-0.264560288335678,0.236881985099613
"CEP162",-0.115769645976222,0.236888835047952
"SNX10",-0.0994109242305154,0.23690563489337
"MBD6",0.0998803641443612,0.236975003203372
"SPINK1",-0.351432024030337,0.236987322361686
"CYP2C8",0.47489068100487,0.237056626524845
"CFHR1",-0.453327176728947,0.23734891518208
"NOL7",-0.0963277572637458,0.237489058317134
"RARA-AS1",-0.302319936703136,0.237530839630735
"ENSG00000278864",0.232691318541272,0.237617246393337
"RPS6KB2",0.0817485810959301,0.23767828902999
"NHSL3",0.101245324812455,0.237750115367262
"LOC112694756",-0.178044161588516,0.237807834029766
"PCDHB6",-0.789122820999468,0.237900002374138
"ENSG00000258792",0.585932075397631,0.237935990265803
"TFE3",0.0819390281517817,0.238037372444671
"ZNF419",0.0903021238966274,0.238127951921965
"RGL1",0.171417983005206,0.23815807148342
"ENSG00000262831",0.617575478739594,0.238203264766962
"TMEM11-DT",-0.32752502809709,0.238269475463085
"SCN1A",0.150062633842777,0.238362739946637
"GOLM1",0.341894332635386,0.238423793861197
"ST7-OT4",-0.619119702138767,0.238427490472884
"NOL10",0.0872964419772796,0.238499061541063
"CLDN6",0.157685929157659,0.238536186492544
"POP7",-0.122029779489197,0.23866713200123
"SGSH",-0.153034900703536,0.238738158671927
"SEC16B",0.152944748478433,0.238780295615166
"TFCP2",-0.0842663209747585,0.238805804481131
"SERF2",0.117476792381305,0.238899747003955
"LLPH",0.108647100679006,0.238947067100412
"ZFP37",0.188346295133374,0.239115636667799
"GRIN3B",-0.543702799251073,0.239259670714704
"ENSG00000261468",0.271882960713511,0.239332465092555
"ENSG00000300864",0.329688642918224,0.239364098930868
"C15orf61",0.131767264484834,0.239367565486515
"ENSG00000295133",-0.838472897064559,0.239378550060879
"LOC105372432",-0.163156129599565,0.239452297103419
"LINC01485",-0.750770428883558,0.239522824723255
"CKMT1B",-0.400135451435024,0.239530870399731
"LINC03009",-0.0993141163735619,0.239598796201465
"ENSG00000277400",0.145599457023344,0.239774322448473
"ENSG00000290047",-0.492753326011571,0.239838782541146
"KLF16",-0.103707470776864,0.239955945095403
"AMBP",0.11743097224305,0.239987471122852
"SMARCA1",0.105613394983243,0.24007422359263
"MKNK2",-0.0896926100349801,0.240107734987468
"ENSG00000253320",-0.457883135685004,0.240153092086122
"ENSG00000255198",-0.285603695686643,0.24025729737705
"ENSG00000259952",0.555318972595288,0.240536741795048
"ENSG00000247011",-0.336453772566871,0.240695302002416
"ENSG00000186312",-0.527466025033429,0.240747431020543
"PDK3",0.111647395042687,0.240815974553753
"SLC2A5",-0.634124195947593,0.240890812970864
"ENSG00000280339",0.912914867944101,0.24092483866666
"HARS2",0.0841530924478861,0.240984535653947
"LONP2",-0.0741052078813813,0.241020427339955
"MRPL15",-0.0888236882223613,0.241043770669337
"PPP1R3F",-0.27483523848174,0.241055249953891
"MT1A",-0.243986495298648,0.241095316057209
"LOC107986854",-0.539421240547342,0.2411123224175
"MYT1",-0.381569874836036,0.241186239753674
"SDHD",0.0941365171432769,0.241240911614173
"IPO11",-0.114272799226412,0.241364121637168
"ENSG00000257509",-0.335401814411763,0.241521927306791
"TFDP2",0.0936938090525304,0.24159253575676
"HNMT",-0.103956885640341,0.241653710577862
"ATAD5",0.14092698055837,0.241668078690374
"ENSG00000287539",-0.567455982129058,0.241692167556186
"LRRC58",0.0775927741343983,0.241721994020898
"CDX2",-0.522985840480933,0.241745699863364
"CCZ1",0.0858396060368292,0.24182168302815
"TAPBPL",-0.142494967771088,0.242066455736476
"SLC5A9",-0.146506985164934,0.242157384759914
"POM121L9P",-0.511773069514434,0.242204479923833
"ZNF300",-0.168074081470058,0.242262536606753
"PBLD",0.158647116026779,0.242320514757072
"ACTRT3",-0.434771142825636,0.242350176408923
"AKR1B10",-0.120097415388891,0.243097810312237
"RPL10AP6",-0.455858669840225,0.243468570955062
"HERC2P3",-0.0983686438614068,0.243499991405863
"FAM217B",0.108743570907817,0.243516490575954
"PPARD",-0.0735289918804262,0.243518164571694
"ENSG00000185834",-0.362841216416786,0.243520940326349
"ENSG00000270419",-0.183601481006082,0.243521702661133
"ENSG00000306493",0.398970967881492,0.243640619163333
"ENSG00000288913",-0.338970633848319,0.243700023448446
"ZNF223",0.175636194229832,0.243702344971373
"ENSG00000257433",-0.351898963226102,0.243797860493343
"ABCB10",-0.107406247173252,0.243982663056076
"RPS29",0.104187550567583,0.244341793450318
"HNRNPA1L3",0.10676124767938,0.244363524771984
"AP3M1",0.0986503105098697,0.244512248644391
"PIGBOS1",0.134830048781532,0.244583700462188
"CHLSN",0.0727485901353898,0.244702614084533
"RASA4",0.409578385527944,0.244836261557474
"EMC1-AS1",0.619852561576867,0.245136012265249
"SF3A3",0.0952653632291876,0.245473986210178
"ERAP2",0.138283457970994,0.24548443951057
"USP45",0.105561468129526,0.245503048838752
"ZFP36L1",0.0854351720262124,0.245555813122506
"ENSG00000280384",0.458068636996068,0.245639237322477
"ENSG00000290537",-0.362122136136886,0.245640628045892
"ENSG00000304244",-0.29979613934998,0.245777135856534
"EZH1",0.0981299301704555,0.245793077349199
"LOC105372249",-0.445913709708492,0.245828859379337
"FANCD2",-0.100423945858856,0.245858307628073
"ENSG00000309392",0.388436099156469,0.245881799558794
"MAIP1",0.110085684895219,0.245982849248082
"CISD1",0.104567181845789,0.246059766156035
"ENSG00000277534",0.212852349711365,0.246161033680676
"ENSG00000286070",0.651338761801794,0.246205255796543
"MCC",-0.271360991822094,0.24626325112412
"SULF2",-0.198843665140379,0.246339264526725
"KHNYN",-0.111498234459164,0.246341081913391
"POLDIP2",-0.113055048919095,0.246458614511648
"C4orf46",0.113574401586488,0.246481758423389
"CDK18",-0.111077424909388,0.246494115833406
"H2BC5",-0.226340374450059,0.246577045665635
"RBM14-RBM4",0.373728665081294,0.24660469965881
"PPP4R3B-DT",-0.290794893659732,0.246747847651235
"BCAS3",0.119172402017862,0.247198863680785
"PSMC2",0.0845468104475317,0.247266120487302
"WEE2-AS1",-0.448690842549016,0.247323834666164
"ZNF436",0.137142118868355,0.247353039200272
"ZMYM5",0.114615155581885,0.247411700180647
"NFS1",-0.070599333496346,0.247482661432942
"ENSG00000276744",-0.297074324733799,0.247743431846983
"CYP7A1",-0.161823414561858,0.247786028189853
"HPS3",-0.0878239873337781,0.24781181753968
"PCYT1B",0.17009154318278,0.247823660610935
"ENSG00000275468",-0.532181080203561,0.24787081208045
"ENSG00000269403",0.634750614652227,0.247961092505989
"MYL6",0.126482185976747,0.248010202745322
"ENSG00000234709",-0.352876134430855,0.248065185865373
"ENSG00000278133",0.161092587788703,0.248156120907725
"UGT2B11",-0.13629058184134,0.248157884581899
"HLA-H",0.241150357465114,0.248188718982276
"NXT2",0.142044684052325,0.248221131038744
"NDUFAF2",-0.144676044857883,0.248353253394349
"ENSG00000294260",0.584287047451451,0.24857612984556
"BAHD1",-0.132268331211446,0.24865630409627
"ENSG00000249669",-0.231475511858437,0.248856963037852
"PLEKHM2",0.0737579144645957,0.249174663514603
"TMEM17",-0.663886301665643,0.249401630271682
"AMHR2",-0.547072772271057,0.249409984089384
"ENSG00000296343",-0.300095900416076,0.249418343363134
"MRPL46",0.0929129502384462,0.24943081738115
"RPL24P2",0.500055047255379,0.249454632267914
"LIAS",-0.102997678703271,0.249585289132727
"ZNF3",0.079237991779954,0.249594031521512
"KLHL20",0.113826972034098,0.249693717052562
"SNORD33",-0.449751568661158,0.249884358713462
"ENSG00000286650",-0.438209257918196,0.250075262713501
"RN7SL731P",-0.939873508455908,0.250106479206202
"ENSG00000305992",0.351451443724915,0.250207879072865
"GBE1",0.142705169217525,0.250266187436395
"TBCA",-0.14346578870685,0.25044818112447
"ENSG00000227008",-0.574351180689411,0.250502668887389
"HSPA1A",-0.177837902460235,0.250555439065918
"TNNT1",0.43071338988492,0.250666392331811
"PODN",-0.679797946974189,0.250668103816334
"CYP27B1",-0.180932021292423,0.250692869704618
"ENSG00000294982",-0.861586582128936,0.250843719679197
"MYRF",0.0766180192357411,0.250907588201948
"BBIP1",-0.106754701707605,0.250917808623771
"ENSG00000279601",0.479015102040006,0.250990113149686
"RPL24P4",-0.364875080547902,0.250996672176844
"NUCKS1",0.0741760838579085,0.251253803103204
"PHB1",0.10388545617048,0.251264372758039
"DAGLB",-0.0984220279213007,0.251489786850097
"LEFTY2",0.402327550205116,0.251699743296645
"CNBD2",-0.167454165450353,0.251710831618637
"PILRA",-0.733518224339341,0.251793231179465
"PTPRF",0.107199340675104,0.252012734648819
"RPL36",-0.133333284175752,0.252050320933107
"POLN",-0.751508090872892,0.252192641458428
"ENSG00000255449",-0.606574219847789,0.252226511763613
"ENSG00000223813",0.168559535447046,0.252278225578021
"MT-CYB",0.245090061836052,0.252284149167978
"LSM1",0.114136101968885,0.252351139085716
"PDE4C",-0.192038706029972,0.252442367670191
"MOSPD2",0.10792898986182,0.252617698661522
"NPIPA2",-0.463313298414524,0.252861694601352
"ARFGEF1-DT",-0.468762911528424,0.252953046823479
"SMIM26",-0.11335045883546,0.253040949323572
"PTGS1",0.801154225664537,0.253104943146234
"ENSG00000247033",-0.824457643208597,0.253113121965938
"ENSG00000300379",0.164191579135,0.253161389286496
"TMX4",-0.101930792604462,0.253194987930196
"IL7",-0.27463825640465,0.253207790449065
"ENSG00000262514",0.325130451716019,0.253330660330486
"ENSG00000214223",-0.98349849726114,0.253348115662924
"PLEKHF1",-0.23177962212031,0.253588512923816
"WDR20",0.103515703388718,0.25365268368421
"ENSG00000280744",-0.802926202015691,0.253741604053152
"NUCB2",0.125419815801927,0.253747032069666
"TLX2",-0.494069742108974,0.253791565570457
"ZNF252P-AS1",-0.294581244242305,0.253896674930956
"ZNF543",-0.131890469841232,0.253971339919936
"NINJ2",0.202500173089294,0.254051766837279
"CACTIN",0.0769613733367213,0.254106175434796
"LOC124904643",-0.300517137363042,0.254143596270802
"EPOR",-0.201429497678492,0.25416558424221
"ENSG00000223859",0.458715779406788,0.25430712222899
"PAQR3",0.144552833966289,0.254447756283641
"UIMC1",0.0938935304818438,0.254467184074531
"THOC6",0.0822494737677079,0.254477092205638
"PCF11",-0.0859795424103119,0.254543270170424
"LBP",-0.55698657303488,0.254583271262079
"PCDHGA5",-0.482082035165396,0.254594482897743
"NECTIN4",0.233124480443774,0.254744367471823
"BBLN",-0.143818909776394,0.25479734535694
"LINC02532",0.327058056883331,0.254798522545589
"MRPL14",0.0850995017594935,0.254929853412507
"ZNF100",0.153240029624589,0.254968460605695
"HABP4",-0.127336129492735,0.255139820783901
"RNF213-AS1",0.180284961550901,0.255145352620684
"AK3P3",0.466519655030638,0.255268490235879
"INPP5F",0.0894208187893431,0.255801568289997
"SERBP1",0.0908972852212857,0.255853572252417
"TOMM5",-0.0892734355423916,0.255873564910677
"LINC00562",-0.53044133017994,0.255955191590231
"ENSG00000278974",-0.315983070570118,0.256090026675897
"ELMO1",-0.423317117466967,0.256144571501046
"ENSG00000293801",0.605045064342064,0.256174929880299
"VEGFB",0.142488401828158,0.256197578945387
"MAP3K20",-0.111446292525315,0.256224097209821
"ENSG00000301753",-0.485877503352199,0.256433976173889
"LOC124900192",-0.592855995127316,0.25643766958178
"KRT18P52",-1.1817178897593,0.256604539466277
"MINDY2-DT",-0.65795405660406,0.256838647238957
"QTRT2",0.0785657171234754,0.257113451565942
"NDUFAB1",0.0939293808716716,0.257123308180421
"ENSG00000273759",-0.202593928456951,0.257303136966823
"ENSG00000309527",-0.523912079289202,0.25736562817422
"ELK1",0.0937795808609694,0.257473428516299
"ZBTB11",0.0927103463711285,0.2575760359224
"ENSG00000293390",0.995052499434297,0.257616071954978
"ENSG00000213430",0.374528008295022,0.257638863627045
"RNASEK-C17orf49",0.230650386575608,0.257694575066241
"ENSG00000224888",-0.583451242738654,0.257824333886649
"ZNG1A",0.0704628779278021,0.257850785226053
"ENSG00000305851",-0.39355052734714,0.257955342304271
"ATXN7",-0.0825600499847494,0.258069192728669
"ENSG00000274265",-0.201266063035643,0.258213518379529
"SHLD2",0.0960086647402988,0.25852007781343
"CPN1",0.09252541623979,0.258705490576711
"PIBF1",-0.118468623986937,0.258825224165868
"MLF2",-0.0847770492220548,0.258863648783522
"ZCWPW2",-0.861890366609994,0.259001223491334
"LOC100507336",0.445651287850345,0.259002723643085
"ENSG00000268903",-0.573235703901088,0.259021972980917
"ENSG00000134297",-0.354518130332568,0.259124416948654
"PAQR5",0.472917199111502,0.259166227955713
"IGSF8",0.0980891577751116,0.259325855232498
"HSPA9",-0.0908169497249642,0.259398646917306
"ENSG00000280057",-0.401399952992918,0.259437518365439
"SP140L",0.0796943780839656,0.259445186499115
"TMC4",-0.506240141225956,0.25950451394714
"ATP6V0E2",0.0909087947309761,0.259620099335996
"ENSG00000242242",0.302001974815012,0.259710352860886
"ARAP3",-0.605556784208576,0.259751635022424
"ALG1",-0.0963272575748434,0.259884529888404
"LOC100505985",-0.238743629702065,0.260133792846592
"SEC61B",0.0853210540723202,0.26025238923752
"BIN3",0.102463178187293,0.260494321503452
"DSTNP2",-0.254557212435744,0.260993494310363
"CSRNP1",-0.0917574693801456,0.261485101083786
"CHD1",-0.0713385623057337,0.261648864229601
"TMEM184C",0.108808984937495,0.261780085120306
"KIAA1217",0.113470200395325,0.261787126309044
"KIF21B",-0.416659357473797,0.261873615213096
"ENSG00000289159",-1.23019197110297,0.261948386953689
"SAP130",0.0803640961565164,0.262123404398211
"PCDHB9",0.227073163023039,0.262188480393239
"MSX1",-0.0985266161317125,0.262434010828633
"SPIN4",-0.150199274530368,0.26243996530151
"COCH",-0.114252957096138,0.262688033747043
"RPS20P33",0.408629480500364,0.262846694628793
"AGAP6",0.115673693044565,0.262857391149648
"ZBTB37",0.0999984065398806,0.263101826697899
"LINC02754",0.327879949703112,0.263176714357186
"FAM76A",-0.132769421003047,0.263571744564251
"STXBP1",0.144243415457755,0.263668420585817
"CREG1",-0.102650432536239,0.2637916753918
"ENSG00000225447",0.30576426769462,0.264223071104318
"MAPK8IP2",-0.22468763753708,0.264440111500212
"C5orf22",-0.0925558073430225,0.264503750691711
"EPB41",0.0855219703044852,0.2649622439479
"PCYT2",0.0823290157987258,0.26498493953963
"ENSG00000241532",-0.421062774334826,0.265058797959675
"TSPAN17",0.123573672184565,0.265164007152913
"LOC105372480",0.154038554383002,0.265235302001783
"ENSG00000295233",-0.427988246551756,0.265341161616561
"ENSG00000268230",-0.11772623703355,0.265465894828537
"TEX30",0.234830723072772,0.265553670667788
"MLLT11",0.382394928484954,0.265584904620498
"ENSG00000273004",-0.328611734818952,0.26577060513598
"ENSG00000310536",-0.399528908491039,0.265850503817374
"EIF2S1",-0.116382694706256,0.265915931068946
"ENSG00000296808",0.255832371657332,0.26627325138825
"LOC105374338",1.04293382074063,0.266456030399456
"CARMIL2",-0.175187286195255,0.266467387525322
"NFXL1",0.0933711389290632,0.266813864620609
"BLOC1S1",0.0818840347893495,0.267048404724215
"ENSG00000291054",-0.229547717578756,0.267205405785644
"ENSG00000260620",0.627287580095474,0.267364132739708
"ENSG00000257303",-0.309980993768847,0.267401304488656
"SPC24",0.091523291907648,0.267427994029143
"NDUFV2P1",-0.195856782564835,0.267560917848814
"ANKRD37",-0.265179183199996,0.267572778256396
"MAGOH",-0.100393043665365,0.267737231990369
"EIF2D",-0.0740911088391839,0.267779796558765
"ENSG00000286970",-0.409000024346741,0.267931614039718
"ENSG00000307181",0.285340530217803,0.267996284600405
"ZNF324",-0.173671376891378,0.268002416560535
"GPR146",0.255070779799327,0.268561330071806
"DENND10",0.0951872444129448,0.268567234970097
"ABI2",0.0696667687552837,0.268567259197571
"NFYB",-0.0926803368810192,0.268679642287342
"MRPL19",0.0862991689175691,0.268705916515059
"ZNF500",0.097449536889187,0.269006397407566
"VWA3A",-0.809039603761842,0.269082525668366
"NUP107",0.0787676537778995,0.26910191638973
"PANK2",-0.0636462122061406,0.269193817888713
"ENSG00000305869",-0.63322240366935,0.269351520571145
"SULT1A4",0.405459367106977,0.269432106122378
"NEK1",-0.120186518309518,0.269470710708103
"S100A10",0.183910848216799,0.269576007238335
"EIF1AX",0.0693590098710645,0.26972576314925
"CA5B",-0.187986607867952,0.269855873727069
"EIF4A1",-0.107092847489535,0.269982428813951
"AP4B1",0.102501920442925,0.270130068459824
"ENSG00000280033",0.323358744274258,0.270146560190023
"SMC6",0.0906339429708902,0.270543785303711
"TOP3A",0.103548958567366,0.27078991792494
"ENSG00000309071",-0.344727840550964,0.270892237496889
"ARGLU1-DT",-0.415386137519994,0.27090549617904
"TRIM27",-0.0691555287546092,0.270942801384789
"RNU4-2",0.505209696241344,0.27100593522234
"ALDH1L2",-0.327296988051671,0.271030567540153
"BCOR",0.0875013187714483,0.271034649835784
"LINC02826",-0.749844980602564,0.271068208400163
"MCMBP",-0.0733450573660315,0.271095890687285
"C1orf220",0.144588498514628,0.271239702518603
"ZNF706",-0.0916597942229337,0.271278528304204
"SMG1P5",-0.105626151020449,0.271293068650003
"USP54",0.106640075181793,0.271330041944619
"C9orf163",-0.38270730119683,0.271707869178354
"ARMC5",-0.0881288829598148,0.271721743087748
"LINC00628",0.497695395219094,0.271733586675475
"S100A14",0.382455145385293,0.271909062006256
"CADPS2",0.092106850953778,0.272079456153159
"EAPP",-0.0979054371075725,0.272150615152176
"ENSG00000228423",-0.523158454771725,0.27227223407133
"RNPEPL1",-0.0931510544532053,0.272314074565983
"GLA",0.10421307024705,0.272465967445844
"ENSG00000256139",0.41369633459579,0.272528518164131
"OXSM",-0.134112533771372,0.2726466836632
"ENSG00000302224",-0.418358640814476,0.272651869076345
"DDHD1-DT",-0.515909470279725,0.272726668187176
"ZDHHC12",-0.113073403117944,0.272795166691135
"RASSF8",-0.154615221382409,0.27282594530048
"NCLN",-0.0866945303389464,0.272832284302328
"MIDEAS",0.0667391763845004,0.272861701986737
"ENSG00000240463",0.372264788140083,0.272863391552901
"SPEF1",-0.632184720194102,0.27287941676658
"RPSA",0.0918573960197873,0.272945614792374
"ALDOC",0.159276262637171,0.273018830667181
"RHEX",0.237989763800791,0.273082177792056
"ENSG00000274425",-0.195374916981326,0.2730991349171
"LOC101929536",-0.468488909951743,0.273099496274484
"ENSG00000266236",0.434423595538479,0.273200410033076
"AKAP12",0.318158463402919,0.273557669703474
"SMYD4",0.101657945899178,0.273679683833994
"ENSG00000302995",-0.733088461504875,0.273680468988184
"COPZ2",-0.397447954231391,0.273754769656606
"BSG",0.114192647358532,0.273768786070607
"ENSG00000273472",0.53923109407467,0.273943754414817
"ZNF599",0.147717378929181,0.274088040713689
"STMP1",-0.08968833975408,0.27410835734115
"TMEM63C",-1.0060185995994,0.274170792688044
"CHRAC1",0.0944190821905475,0.274275133269407
"NAGLU",-0.134806739039166,0.274339241004289
"LAMTOR5",0.11156567189414,0.274384478694403
"MFHAS1",0.0936843194177206,0.27452368205165
"PCDHB10",0.397366155575544,0.274600316463201
"ENSG00000289295",-0.220491195570778,0.274816368924943
"ENSG00000289000",0.422184461303862,0.274994794085513
"EIF2B4",-0.0782208226759291,0.274997461772794
"ENSG00000278963",0.353336090530389,0.275072983415697
"GLIS2-AS1",-0.485139378937273,0.275184749297451
"ENSG00000279066",-0.289421631455721,0.275687347532141
"ENSG00000272141",-0.440161925676112,0.275775451177536
"ENSG00000250986",-0.304150709383617,0.275885596367295
"LRP11",0.0942756767538552,0.276222471075514
"MAP3K4-AS1",-0.276653501568849,0.276538461568436
"ZFAT",-0.141751577623667,0.276706241938999
"STS",0.137529186610964,0.276752063054713
"ZNF385A",-0.234989535140194,0.276762261558428
"MAGEF1",0.096899990508405,0.276863429602708
"TDP2",-0.0647599845527486,0.276995603607839
"SLC25A21",-0.220160065769792,0.277045028940264
"DLK1",0.134257510583077,0.277146797170843
"P4HB",0.102365808914007,0.277418538607337
"MT-CO2",0.229507929586948,0.277548192412954
"ENSG00000230648",-0.20162142046631,0.277629375426442
"ZNF565",0.168897569141625,0.277919948795763
"GPC3",0.146424234430521,0.277953963649249
"MRPL28",-0.0959083688103083,0.277999088930515
"EIF4G2",0.0739660295329081,0.278035663752213
"ENSG00000294595",-0.325351346675871,0.278049458334336
"RNF186",-0.861117164289351,0.278074666057913
"POLR1B",-0.0700896521711984,0.278141016282138
"ENSG00000287665",-0.385150666970155,0.278538808022379
"ENSG00000264895",0.204549665571355,0.278710524788051
"ENSG00000260498",-0.543872595694068,0.278758701483583
"QDPR",0.097702290792164,0.278821449290788
"SEC23A-AS1",-0.3136170210249,0.278850355291882
"NAF1",-0.108714961473587,0.27891484577258
"TMSB4X",0.275101449968765,0.279192077414282
"ENSG00000270804",-0.534075520592609,0.279237508122073
"ENSG00000264635",0.35638431860249,0.279291293416481
"LCAT",-0.121672892624564,0.279335301383071
"ENSG00000261996",-0.804499089879482,0.279400373593857
"ENSG00000302601",0.20285864931317,0.279454946109896
"ENSG00000256664",0.215540058337532,0.279531765396973
"GNAS",0.105374019260749,0.279571624763658
"PANX1",-0.0986084226243834,0.279817446526092
"NLK",0.093320565386735,0.279881557036539
"ENSG00000307459",-0.296909369876956,0.279928908222094
"ENSG00000272821",0.239137652476234,0.280017598994947
"ZNF354A",-0.130690817172457,0.280177187723025
"PACC1",0.124169888348569,0.280243212284893
"ENSG00000280214",-0.256391885249868,0.280571045192533
"GUSBP14",-0.11937637932629,0.28062552257396
"RNF214",-0.103638568802806,0.280812193402015
"ENSG00000271127",0.763074227543453,0.280867287954539
"AGAP7P",0.129018467725294,0.28091372464724
"AKT1",-0.0669190185442936,0.28095103217646
"ENSG00000267152",-0.235907295671494,0.28105219647679
"ACYP2",-0.105348525418115,0.28123987944593
"DSP-AS1",0.240212130188812,0.281244352550675
"ENSG00000265800",-0.638151277151437,0.281462749722118
"AFG3L1P",-0.113511215300665,0.281520807968833
"SLC15A3",-0.398824788256135,0.28155497209493
"WHR1",-0.0807613530917853,0.28168562450804
"MRPS24",-0.093093436204959,0.281759532055627
"H2BC9",0.218508344381239,0.281793110136774
"ENSG00000290850",-0.411759448678745,0.281826177612504
"ENSG00000273230",0.208283394256951,0.281827607929012
"ENSG00000173867",-1.58650115260997,0.281841678446027
"SLC3A2",-0.1284147887997,0.281941893671585
"HIGD2A",0.0965238387460664,0.282281753544532
"TMEM208",0.0980212502593897,0.282287889611036
"TMEM63A",-0.136866081444919,0.282427694818857
"ENSG00000289606",-0.313970827115675,0.282562572019226
"ENSG00000282100",0.456090555852489,0.282863617773562
"REL",0.117983893085991,0.282900744418592
"ZCRB1",0.10600053948688,0.282983969436705
"FAR2P2",-0.495267132086848,0.283079251990743
"ACHE",-0.261110360321143,0.283085184099448
"ENSG00000279520",0.266188005855423,0.283285671016289
"LHFPL2",0.0912802827625458,0.283376708133416
"ENSG00000270149",0.15858619992907,0.283442385732516
"TBC1D5",0.0928728733706188,0.283462169151147
"PPP3CC",0.123681923488902,0.28353360623169
"ESCO2",0.13396325149974,0.283799340049287
"IVD",-0.0876969637804215,0.283902623868672
"JTB-DT",-0.316186865472566,0.283936496805081
"ZNF284",0.113791097415198,0.284228244881913
"DGKZP1",-0.423457862999104,0.284275602416388
"AMIGO3",0.199420225123399,0.28440369838405
"GALR3",0.473214785568863,0.28441191978713
"SH2D3A",-0.277774028675509,0.284439223417326
"LNX1",-0.419065693476998,0.284534599448518
"F10",-0.085678360147102,0.284605453518338
"PAFAH1B3",0.0939755890650215,0.28464584092071
"FIZ1",0.0888155676406161,0.284745675605155
"UQCC6",-0.119770165164832,0.28481313756918
"IER3",-0.323294062742319,0.284832502887279
"AHRR",0.426592276076343,0.284876910962921
"ENSG00000299019",-0.698580983605187,0.284971850327638
"SERPINA7",-0.0918996194711911,0.285097243526768
"OPLAH",-0.115310462240399,0.285132576884794
"KBTBD8",0.199412601128973,0.285189938947837
"ENSG00000290057",0.41226955442039,0.285265962138659
"CTSC",0.118322472974796,0.285325542208007
"UNC13D",-0.142885968946727,0.285660795734937
"NUB1",0.0863931562203577,0.285865053343171
"ARPC4",0.0853738599356031,0.286016551200098
"LOC105376695",-0.547347822404011,0.286026056446278
"IGFBP7",0.423063880528382,0.286153292219233
"ASH2L",-0.0702725828343979,0.286211336606851
"KTI12",0.102615810793159,0.286441097056185
"TBRG4",0.0653478545139139,0.286607991604741
"ENSG00000290573",0.38146793406291,0.286654822860854
"NRN1L",-0.311713933042219,0.28707255253005
"SUSD2",0.211596593434125,0.287210476686885
"CCDC25",-0.0960672780668826,0.287221219132594
"PDLIM1",-0.0882745489294419,0.287244280294329
"LOC102724594",0.419962747860798,0.287249830343602
"TRIM16L",-0.149658663852274,0.287488754256633
"KPTN",-0.0877543726816192,0.287546299993307
"ENSG00000236963",-1.88420950948025,0.287643297905104
"FAM47E",-0.839292521925367,0.287814211736316
"RPS2P14",0.27132899201734,0.288032938967374
"TRMT44",0.123207432967127,0.28813755537653
"PDCD6IPP2",0.123719174048267,0.28815014960991
"ENSG00000293660",-0.65126441551749,0.288164468914379
"ENPP1",0.144250554840562,0.288177693024267
"TPI1",0.152013758526021,0.288366134744811
"PINCR",-0.509980608497959,0.288442354500649
"ENSG00000267526",0.494766398738522,0.288442503620821
"MTND2P28",0.278436171917176,0.288565375044729
"ANKS3",0.105329426274533,0.288841211117026
"ENSG00000288839",0.299222066323769,0.28891019659716
"APC2",-0.33229836161799,0.288954833543488
"MFSD1",0.133529895641713,0.289076282420426
"PSMA1",-0.0643239096823067,0.289101465624312
"GSDMD",-0.0991083631110562,0.289375591902208
"ENSG00000280173",-0.516858184629956,0.289503941444729
"BID",0.106888545225503,0.289570800310259
"IGFBP6",0.192802836687665,0.289820990049366
"ENSG00000226121",0.285606270072811,0.28983082482798
"RASSF5",0.388266509892016,0.289905098863955
"KLF9-DT",-0.634263832058118,0.289910036937574
"MAPK7",-0.0799752620756448,0.289946165505641
"CPNE8",-0.176584065800487,0.290049494753859
"COL9A3",-0.220397050051897,0.29040115189082
"ENSG00000285314",-0.416022115284217,0.290419919424415
"NBPF26",0.11216914685405,0.290423296367733
"SLC35C1",-0.0749997010010241,0.290460896906059
"ENSG00000296560",-0.415968473285116,0.290482945731533
"ENSG00000308762",-0.448421480409717,0.29056048133359
"ATAD3B",-0.0820923716049515,0.290564442245884
"SLC35A4",0.257184765482315,0.290906220018567
"ATP1B2",-0.495772451645788,0.290971290650234
"SUMF1",0.0815400935259545,0.291054409010099
"ENSG00000260949",-0.349628896115627,0.291072269777188
"CTH",0.0932012121530625,0.291080886491676
"DCP1B",-0.104314423162357,0.2912240822722
"ENSG00000257139",-0.302981578264056,0.291358667046625
"FAM193B",0.084642871553228,0.291399934041834
"ENSG00000302261",-0.440212540716681,0.291635470194434
"PURPL",-0.122428434819395,0.291711282195012
"ATP6V1B1-AS1",-0.540946901595249,0.291793094929945
"TMEM164",0.138781503391138,0.291837884143929
"ZNF384",0.0733970775575375,0.291990396578796
"WDR4",-0.0848455454107481,0.292169488797087
"TFAP4",0.0825902380629493,0.292280167904418
"ZNF57",-0.113754461556813,0.292313814214265
"RGMB-AS1",-0.318654395841697,0.29250620641301
"AQP7",-0.246883224048814,0.292632293070222
"LOC105370947",-0.457151431648678,0.292635333440588
"SEMA3B",-0.144860850221013,0.292848704248181
"IDS",-0.183183211619305,0.293001826244134
"HDAC2",0.0745655610680954,0.293318452490283
"SERPINA6",0.199548880847097,0.293321985746316
"RPL6P27",0.213620253724196,0.293404378845244
"ENSG00000271862",-0.306948842007219,0.293586357736501
"ENSG00000272219",-0.316611078820291,0.293677688760903
"TNFSF12",0.195992806423414,0.293772248448591
"ENSG00000275580",-0.619258819109063,0.293818555432597
"ANAPC15",-0.132553502381977,0.293858251570509
"ECHS1",0.0795575836808868,0.294067362983185
"GPSM3",-0.437468469960868,0.294157605657584
"LOC730098",-0.345031712954706,0.294211220829907
"ENSG00000260966",-2.00712734399931,0.294262585097936
"ENSG00000271754",-0.355401890321655,0.294280485369618
"ENSG00000289155",-0.192315898761127,0.294703165225602
"ENSG00000266538",-0.680827280475184,0.294752827027118
"GPR176",0.679783015244777,0.29495225839906
"FAT4",0.165143306408384,0.295021025443394
"FOXD4L5",-0.500708558736805,0.295052820519533
"MYH10",-0.06247045856254,0.295147253388457
"LPCAT2",0.142780200504757,0.295172660168193
"UBXN4",0.0641547008034856,0.295230789745699
"PEX7",-0.456303489240884,0.29527163927015
"ENSG00000224769",-0.715320570329314,0.295277316218247
"CYFIP1",0.076619870314983,0.295332760314378
"PEPD",0.0897687763088692,0.29540251024381
"ENSG00000289236",-0.256608195109214,0.295462905081264
"ZBTB8A",-0.198281974746573,0.295573433897431
"CCT8",0.0984443141411821,0.295601788425861
"SND1-IT1",-0.170723513931248,0.295756088556671
"ENSG00000204620",-0.636578656030395,0.295812279733686
"EVA1A",0.119208135663354,0.295988191944528
"DNAJC27-AS1",-0.495992992829929,0.296051197806845
"LSM7",-0.0735208263659653,0.296386297279982
"ENSG00000289067",0.198547704821231,0.296386506742857
"PRLR",0.119754501422677,0.296464619493535
"TMPRSS6",-0.284841782365277,0.29650676462682
"RPL7AP39",0.174856395138379,0.296531153322508
"SEMA7A",0.0885320011516985,0.296545657279376
"DPYSL4",-0.339333113906033,0.296692685802642
"PDLIM4",-0.394738851073912,0.29678254778903
"RPS27",-0.103357168861719,0.296858128000515
"STOX2",-0.537167956060306,0.296943017389994
"RPS15",-0.114341754246455,0.297203765082085
"ENSG00000273183",0.669392673228777,0.297360775861392
"ZC3H6",-0.236383947578516,0.297434840999752
"ENSG00000289349",-0.41550372005592,0.297487797408419
"PIGY",-0.0762374220194514,0.29766906323355
"PYURF",-0.0762374220194514,0.29766906323355
"LOC105374927",-0.353345835305332,0.298097385740264
"ENSG00000288759",-0.343444960497568,0.298148495675956
"LINC02882",-0.517166265814586,0.298303243157098
"ENSG00000302966",-0.273406334845575,0.298388597775235
"LINC02193",-0.091227167642913,0.298625029934081
"ENSG00000261098",0.143101024299069,0.298626627425291
"ENSG00000293476",0.0815864567507753,0.298669637688843
"CLPTM1",0.109460625988887,0.298734923458106
"MAN2C1",0.0853664449637878,0.298772869145083
"ENSG00000275857",-0.424968936951953,0.298901375335151
"HS1BP3-IT1",-0.165193046758914,0.299255362406954
"AGA",0.128765142462758,0.299297515325873
"ZNF77",-0.122808765474636,0.299331474928597
"RASSF1-AS1",-0.327439539999768,0.299336571896938
"SLC3A1",-0.415347812656285,0.29953166635194
"LAMTOR1",-0.0768373229972861,0.299574484560937
"ENSG00000306748",0.5861330507379,0.299712912765946
"ENSG00000305798",-0.429534639692727,0.299828422585094
"PAIP1P1",-0.267876572024878,0.299907099143052
"NXT1",-0.111981026215301,0.299946107476746
"COBL",0.101640962996099,0.299970702051785
"PLOD3",0.108929952304929,0.30021454543051
"ENSG00000260927",-0.383519246353973,0.300255856675517
"KCTD21",0.165841171010952,0.300407935629095
"DNPEP",-0.0817396635465777,0.300433870614421
"CFAP36",-0.115696695561135,0.300487961472413
"MRPL38",0.066972046043797,0.300533800931451
"ENSG00000286715",-0.662334537694226,0.300696693973195
"ENSG00000288056",0.429236457976014,0.300702037838915
"HNF4A-AS1",-0.155730453423973,0.300741372749852
"MAP2K6",0.101819505210092,0.300770206005083
"RPS2P47",0.276143197789542,0.300811780938061
"ELMO2",0.0645294117558395,0.300814877004361
"ASAP1-IT2",-0.211612753363888,0.300984171078956
"PLD3",-0.0747659295136235,0.301017191159584
"VPS35L",-0.217735017174699,0.301042367290532
"LAMB2",0.13288818568456,0.301060628604598
"ENSG00000257878",0.561216182033796,0.301111770656066
"CACNB1",0.150854564104345,0.301120558437542
"CYB5D1",0.107126307882912,0.30112572455134
"FBXO24",-0.484140822052967,0.301280640202494
"ENSG00000310415",-0.229619124133802,0.301430041098386
"MED27",0.0925647375477292,0.301491646803474
"ENSG00000290854",0.160773372289077,0.301550338523496
"RECQL4",0.141586624747898,0.301625854222472
"HOXA4",0.103917802294995,0.301698975504094
"ENSG00000272667",-0.2130709826189,0.301762995020855
"ENO1",0.144524577623483,0.301962991365954
"TRAPPC2B",0.149256064981633,0.30200579423308
"TRAPPC4",0.0905082026725598,0.302073494751593
"LOC389906",0.0743254990759251,0.30209078263912
"ENSG00000303565",-0.419477372796913,0.30210988613885
"ENSG00000303190",-0.74799030408202,0.302245161779443
"MSLN",0.219735701248977,0.302399943597818
"EIF2S2",-0.117195611893777,0.302536924010088
"KRT18P4",-0.457986475897068,0.303050957661872
"PPP1R37",0.0856657908141085,0.303169088322008
"STXBP2",0.0757786575526094,0.30332840006174
"CFLAR",0.0656369132169276,0.303346170281066
"SPN",-0.263434277004963,0.303371740363351
"MT-ND1",0.231152264218872,0.303620844374743
"RUNDC3B",0.130084081257247,0.303905710103622
"ANXA6",-0.0646297229262494,0.303935527230902
"ENSG00000288096",0.311850441316898,0.303991311627929
"TSEN54",-0.079887374414502,0.304006818386129
"COL5A2",-0.186489656791216,0.304258106065354
"MATN2",-0.394152427430483,0.304407082124368
"BBS7",-0.110955624433481,0.304499516567669
"ENSG00000279789",-0.16211392949988,0.30464237976381
"ENSG00000275897",-0.573506522072055,0.304955402118782
"GPR143",-0.297319191301376,0.305123223792368
"CRACD",-0.166916093266156,0.305180397201851
"CERS2",0.0896665004236667,0.305249943348385
"KIF21A",-0.0622091160300789,0.305344195438036
"FBXL19-AS1",-0.0943599232945951,0.305448766220615
"ENSG00000303650",0.436391629537092,0.305530269172983
"ATXN10",-0.0734386951032677,0.305558919743496
"NRIP1",0.0613702443945149,0.3055923704571
"CRIP1",0.256098367243416,0.305884248276423
"LAMTOR5-AS1",0.143068414621464,0.305983492739708
"NUFIP1",-0.081330963672609,0.306258214984485
"PGAM5",-0.0709880445286698,0.306506301400934
"MDC1",0.0701114898529105,0.307051447116771
"ENSG00000309885",0.719916133979305,0.307181789762505
"INSIG1-DT",-0.546638634695115,0.307188771908742
"WASHC1",0.103636610029391,0.307331852630283
"RPL13P8",-0.391093156745297,0.307338864484471
"ASGR2",-0.0863057520042143,0.3073439376258
"STX17-DT",-0.24860429905945,0.307450018526333
"GABBR1",-0.499817910827161,0.307528003687454
"FRG1",0.10358292519835,0.307631293134481
"ENSG00000298115",0.721602716776409,0.30763131181966
"SERPINE2",-0.34464311708722,0.307979186054001
"ENSG00000305200",-0.325211032443468,0.307991833570674
"LINC00908",0.720225168030849,0.308049487361444
"FBXL19",0.0774795370366532,0.308311146414821
"FOXD4L1",-0.255221822082185,0.308429447304271
"CIBAR1-DT",-0.384916075166937,0.308488256612677
"TMEM268",-0.0996531341209637,0.308798379090837
"LRRC8D",0.0640574551640238,0.308814748846082
"INIP",0.0746248497108247,0.308829058995254
"TGFBI",0.123225553571516,0.308853862466143
"PLB1",-1.01378006116139,0.309104474304243
"ENSG00000305326",0.225898559525909,0.309125238852141
"ENSG00000268926",-0.428732704300585,0.309149220481658
"TCAF1P1",0.107084815096557,0.309342810870772
"PPP1R21",-0.0737549186016418,0.309689334384954
"ENSG00000267749",-0.465041821047531,0.309749392234163
"ZBTB43",0.0838984663123323,0.309888344338923
"ENSG00000261342",0.43245367663847,0.309929692711884
"SOX9-AS1",-0.202058072674924,0.310194874266035
"GPX8",0.490683660680522,0.310377470677427
"GOLGA6L3P",-0.0952019318900452,0.310380437601917
"TP53TG1",0.103571822380455,0.310502562589199
"PSMA5",-0.0826847049158947,0.310711044530225
"CAMK2N1",0.0818082688897995,0.310930986411001
"SLC2A14",-0.130547765905277,0.311740540168077
"ENSG00000291219",-0.214275425482966,0.311748306334989
"C7",0.252440109459754,0.311949811639371
"CHD4",0.0660554090665968,0.311985565022765
"RASD1",-0.226997425306913,0.312234882408445
"NPIPB4",0.0813194504507521,0.312532188426524
"ENSG00000300140",-0.444018653152694,0.312536097411945
"RFPL3S",0.422416228344911,0.312685742397496
"ENSG00000309031",0.247420127170553,0.312727537153279
"LAMA5",0.138594630561221,0.312803654750443
"ENSG00000286342",0.287663157320463,0.312936738757142
"RABGAP1L-DT",-0.29945750416534,0.313130650197667
"SYDE2",0.18471542647738,0.313177155923483
"MXRA7",0.175897498423398,0.313355871064506
"TPGS1",-0.131211403772759,0.313449686863816
"HELB",0.228476670484042,0.313554694311419
"ZNF860",-0.447034044136562,0.314075454739559
"ARPC5L",-0.0753935842486315,0.314130448291892
"ENSG00000225680",-0.396944611928243,0.314139503415606
"HEATR3",-0.0881458593420296,0.314181230084569
"AFM",-0.23864734097299,0.314333087394219
"CDK9",-0.0774422102531868,0.314457604237687
"EPS15L1",0.0712109330748618,0.314624315934827
"CCNC",-0.0706922031572787,0.3147372410846
"ENSG00000301431",-0.395349006350629,0.314746391140139
"FAM66C",-0.481668603248841,0.314800405567912
"SULT1B1",0.272444415024752,0.314834278617333
"TBC1D3G",0.225918702902692,0.314847555826705
"LDLRAP1",-0.117829148649721,0.314914468597671
"SCN3A",-0.562010481450472,0.315139379628682
"VPS18",0.090939785374056,0.315226004279325
"PCP2",-0.323506583291693,0.315606369889157
"RPS20",0.102511283144066,0.315788875345988
"ENSG00000288234",-0.628263673700898,0.31588682727211
"ZCCHC17",-0.0745532663160744,0.316116659306139
"EPPK1",-0.121800672962596,0.316166317171694
"CMC4",-0.111273661630072,0.316339770679074
"ZNF780B",0.0805397805604938,0.316359829560426
"NCL",-0.0782113439916856,0.316459540088705
"ZNF280D",-0.0983121624042825,0.316468256257851
"DUSP10",0.198067305713332,0.316476059735342
"ENSG00000279841",0.262379577411009,0.316816176863327
"ENSG00000272021",0.321030013193933,0.317088978563373
"ZNF326",-0.074868534805382,0.317259253991005
"ENSG00000264404",0.214211561858257,0.317270212743951
"UCHL5",-0.0777972514780628,0.317410719833964
"SEPTIN9",0.0861337118340129,0.317437580476681
"IZUMO1",0.351107029625399,0.317481702578294
"TNFSF12-TNFSF13",0.676195871149318,0.317630732809525
"SAMD4B",-0.0663558002809144,0.317874971490117
"ENSG00000279476",-0.307719246336045,0.317965641871585
"ENSG00000293348",-0.363263721471024,0.318132116630223
"RGN",-0.0804506374793616,0.318162653093435
"ZNF814",-0.15094007589156,0.318377324964528
"ZNF443",-0.0910582054411642,0.318550836309601
"CHGB",-0.168908772539505,0.318863914302076
"FTL",-0.109984712747698,0.318939423818981
"ENSG00000214826",0.203074359144447,0.319318789070966
"USP11",0.0986189908319722,0.319508333613703
"TBC1D9B",-0.0651302839801894,0.319776164833713
"ENSG00000263345",-0.917402642506955,0.319945585240242
"ZNF562",0.0753581966059019,0.320131096113174
"PARL",-0.0770780368082634,0.320145883401561
"PLEKHA8P1",-0.327601527117292,0.320153951356121
"C5",-0.151632705586786,0.320256906318342
"ZNF576",0.0992993746709847,0.32029778779963
"ENSG00000297649",-0.22108113079511,0.32051897979592
"SNX8",0.0756067539508727,0.320781486073139
"PXN",-0.0692401156030681,0.321196469054714
"ENSG00000235043",-0.591400795737238,0.321461059203597
"PGK1",0.144671101965401,0.321666160843898
"ENSG00000226266",-0.300386314799778,0.321846054734073
"MCAM",-0.167715078845746,0.32215694292035
"EZR",-0.0711090771871564,0.322177398759861
"MAPK8IP1",0.131633296118822,0.322178595173672
"ENSG00000291032",-0.226731981513315,0.322459504714997
"ENSG00000306280",-0.297416366157178,0.322614165852373
"TBC1D3I",0.666168354912756,0.322625158884694
"INPP5A",0.0834500560712003,0.32266843103974
"ENSG00000203546",-0.26541745582956,0.322762834858931
"NDUFC2-KCTD14",-0.281141148152642,0.3228663203703
"DAPK2",0.427701838127114,0.322890831910482
"MTDH",0.0887130188017614,0.322918180855604
"SUMF2",-0.0780891634680738,0.323106436164279
"ENSG00000272817",-0.428655085520539,0.32313680733349
"ENSG00000271855",-0.214470654854824,0.323141831370704
"ENSG00000275297",-0.254781519527077,0.323354851175724
"ENSG00000274272",0.229928356525754,0.323395487049827
"ENSG00000310402",-0.386095717262611,0.323563503807424
"MIR4713HG",0.244852372414037,0.324063011243623
"ENSG00000250130",0.2688017386973,0.324168579328757
"C5orf34",0.134543621936762,0.324347370400869
"ENSG00000253372",-0.597632782892239,0.324523707622833
"RBM19",-0.074969531048306,0.32459359376652
"RIMS3",-0.117452099638274,0.324601564406863
"SLC22A1",-0.195370452153569,0.324671933250936
"ASPH",0.093480704421461,0.324732666952284
"PTGDR2",0.316391110390744,0.324853213344863
"ENSG00000273156",0.253792660621429,0.324980444567511
"ENSG00000272617",-0.190088913782137,0.325121067007842
"OSTM1",-0.0872637107383009,0.325133332243909
"ENSG00000308429",-0.278525475689663,0.325175934384988
"PPP1R16A",0.0799830507458108,0.325364223326199
"SNX5",-0.0649826744917396,0.32554600517897
"ENSG00000231841",-0.633240059943525,0.325637303249153
"SLC4A3",0.40285493715342,0.32565451028011
"SNHG20",0.0878407788568848,0.325727602385861
"ISX",0.226315449261821,0.325832429892812
"GMNN",0.0772093022971186,0.325866442359607
"ENSG00000259921",0.489314473869779,0.326678327665935
"PIK3C2B",-0.109646372447504,0.326684668867496
"ENSG00000257475",-0.452423947047881,0.327062065418162
"EEF1B2",-0.11242037869839,0.327064457419841
"ARHGAP11A-SCG5",-0.616304626053388,0.327334739462885
"CENPBD1P",0.0934295765678952,0.327365331156977
"TMEM39B",-0.092332686014126,0.327370022813389
"ENSG00000294020",-0.244170721718033,0.327372937613007
"ENSG00000289106",-0.226733818021589,0.327442222155171
"PNISR",0.0883163411629782,0.327584968518753
"ENSG00000272702",-0.455955071338391,0.327677905472474
"ENSG00000290916",0.362942261475375,0.327736874046953
"ZNF766",-0.0921845877047403,0.327794963391874
"LOC107984588",-0.431233190287187,0.32787846326104
"ZNF821",0.100189274246065,0.328371269931897
"DDX19A",0.057412225888248,0.32846127612452
"ENSG00000280614",0.362905093970362,0.328471396925639
"ENSG00000280800",0.362905093970362,0.328471396925639
"ENSG00000281181",0.362905093970362,0.328471396925639
"ENSG00000264853",-0.332349819327873,0.328739957724438
"C3orf38",0.0854601348085105,0.328825102185284
"CORO7",0.0860081746694239,0.32883509666943
"P2RX7",0.610064103948858,0.328907843805396
"SPOCK2",-0.11809198146485,0.328991418447154
"SCAND3",0.126467585266824,0.32903569570498
"OARD1",0.0762693687967514,0.329040625715946
"UBE2F",0.075701988348714,0.329350030384477
"UGT2B7",0.0842531451286705,0.329498037154758
"HAGH",0.062879899488847,0.329554002153155
"ENSG00000250222",-0.467727050344733,0.329595848380531
"DNA2",-0.114545178988022,0.329625796471397
"ICAM4",-0.238700626492986,0.32980333789702
"ALKBH8",0.1028951797025,0.329929164291766
"THAP1",0.123512346307766,0.329941607960129
"ENSG00000276256",0.0734752748084404,0.330147392861784
"SLC6A8",-0.109275226601297,0.330202206200392
"ENSG00000270130",0.405547445011362,0.330210206922084
"SETD3",0.0711142900811642,0.330358114503114
"HMGN5",-0.23603809921898,0.330424076319115
"SCARNA9",-0.20914737041718,0.330525669231209
"LATS1",0.0653610444327493,0.330531064695812
"ENTPD1",-0.319809763031267,0.330569627674875
"ENSG00000290484",0.331718380234388,0.330633256299748
"PPID",-0.0898257282312021,0.330767642917873
"ENSG00000259562",-0.311575792004864,0.330973707882523
"ENSG00000249129",-0.295191730894043,0.331064321533615
"ENSG00000272106",0.101403307161845,0.331164720019557
"MTHFS",-0.0896752538659027,0.331533360676682
"CASC2",-0.397222953168984,0.331569199028415
"CHFR",-0.0671491087356998,0.331659573776305
"ZBTB48",-0.0938953553706677,0.331693594283728
"TSPAN1",-0.248241178243962,0.331943646802715
"ENSG00000289602",-0.413163537237987,0.33197520714985
"ENSG00000281655",0.386517930849822,0.332042153023589
"ENSG00000288044",0.10607157667149,0.332204916395649
"ZNF800",0.0853662595112513,0.332512888216266
"ENSG00000293970",-0.286135742796122,0.332627592858459
"ZNF611",-0.128173636457699,0.332903554919414
"CTSH",0.0665206994946208,0.33339530178651
"CHN1",0.233402736286539,0.333421679826028
"RPL4P4",0.196070411224175,0.333531664272099
"ENSG00000269069",-0.235344933698022,0.333765603565502
"TRAF3IP1",0.0655258767670931,0.333775502292895
"ENSG00000278917",-0.483582153529592,0.333841841614598
"PCYT1A",-0.0747337792052163,0.334086274673709
"SNX25P1",-0.227637715158869,0.334121690710788
"ARSL",-0.0840182617389755,0.334189684767497
"KRT8P3",0.200037510452545,0.334238227371193
"ENSG00000296448",-0.415977328366593,0.334489351033554
"PLGLB2",-0.821828409857298,0.334563042560704
"FBXL8",-0.114424744646305,0.334592012504473
"ZNF699",0.209990233108218,0.334884801137844
"PPOX",-0.10282257610683,0.335004633433203
"MRPS18C",-0.0745882968869235,0.335178830870358
"KIF26B",-0.266748063266577,0.335353141610941
"EMC9",-0.0693265060829174,0.335382671795805
"PSME2P2",0.234752146469716,0.335482738744855
"TPGS2",-0.0991726654338593,0.335513793109445
"TGIF2-RAB5IF",0.800293232150753,0.335605353690403
"ENSG00000273391",-0.163670325603895,0.335711057346913
"EFCAB10-AS1",-0.222432272483994,0.336011653672993
"MRPL39",-0.0801607002284029,0.33613228831776
"FBXO2",0.0805915386984547,0.336261961618721
"RPS8",0.0944380334017335,0.336378786930654
"CTSL",-0.0865118449936027,0.336476987027838
"RPP40",-0.102311190915329,0.336655226379421
"RPL36AL",-0.124944643791799,0.337097352944954
"ZDHHC1",-0.31269848917394,0.337111215494499
"NUDT14",-0.158121891587815,0.337148187738011
"SYTL2",0.325392486350427,0.337185574164052
"ENSG00000218537",-0.474963361798993,0.33730888251106
"CD2BP2",-0.0733714770611142,0.337350196466409
"RAVER2",-0.0771352473008968,0.337372063275901
"MUC5B",-0.293772973684963,0.337761172963398
"ZNF358",-0.0868213215493138,0.337822501233808
"PSAT1",0.0690000835823356,0.337831517144349
"ENSG00000273226",0.47430321584564,0.337866548989371
"MSANTD7",-0.0733526346574667,0.33802632846389
"SPTAN1",0.0639729286010866,0.338211823107722
"ENSG00000230715",0.27892710852727,0.33828866123033
"ENG",0.343634632828094,0.338804197251329
"ENSG00000293178",-0.293001043209351,0.339117369747714
"PWWP2A",-0.0707165801205662,0.339253206389817
"EDEM1",-0.0576562909155802,0.339338560327671
"AZIN2",-0.167424869935353,0.339446575504303
"PSD3",0.0972954856462094,0.339584478423178
"ENSG00000279970",-0.143140365267011,0.339741924149938
"HSPA4L",0.0836294661111796,0.339887808944885
"ENSG00000303419",0.459007364694485,0.339974000587047
"SLC39A3",-0.0896240748622521,0.340041247298791
"TAF2",-0.0663582923698847,0.340047964381564
"TCEAL8",-0.0702893885435662,0.340074695561592
"ARHGEF5",0.177031246863607,0.340251059354486
"ENSG00000288938",0.238290869702655,0.340272509147638
"BBS10",-0.0853863998578046,0.340353426441765
"RPS15AP6",-0.38824948134623,0.340436465667059
"ENSG00000219747",0.376150530446578,0.34046971866655
"RADX",0.132085738896345,0.340612794507134
"ENSG00000301100",-0.431390192760433,0.340618654786108
"ENSG00000241886",0.337179239299815,0.340640365389185
"RPL5",0.105799695363168,0.340685249947567
"TRIM31",0.662003513129427,0.340992142950916
"NEMP1",-0.0745540798369678,0.341424533919972
"SNX6",0.0785769656156037,0.341438659180205
"LOC100289495",-0.357815566430935,0.341770142190149
"ENSG00000250519",-0.376167990094166,0.341777335669339
"USP38",-0.0943560196187855,0.341982521074793
"LOC285638",-0.243765015877124,0.342099547008353
"STAMBPL1",-0.329584104121432,0.342108664173893
"PCNX4",-0.0658114189919385,0.34216208733198
"MPRIP",0.0562133794477967,0.342320562872524
"ZNF274",0.0630825053129765,0.34239075527493
"TOP3B",0.0740086888367378,0.342519304165476
"TAPBP",0.0682644111386222,0.342939812676018
"SCGN",-0.240995998507604,0.342968170835352
"ATP5F1C",-0.0772754522312545,0.343040116276548
"MIR762HG",-0.17105819411871,0.343051526571874
"SYTL4",0.242353552856319,0.343187694402523
"CTXN1",-0.306827904615677,0.343221976131104
"ENSG00000289076",0.264528671958786,0.343264642044011
"TRIP6",-0.264747727714316,0.343360747722814
"ZNF724",-0.144643781648107,0.343402312519148
"MRPL35",0.0670519695431099,0.343658030909675
"NCOA1",0.0737640485416362,0.343845119921329
"ENSG00000261172",-0.467453764035191,0.343873494619077
"CSTPP1",-0.0839873974125381,0.343991222899924
"GET3",-0.0691407761143192,0.343996031286021
"HTD2",0.121697322195241,0.344194142936027
"ENSG00000297191",-0.417313893187484,0.34439531234708
"PLEKHO1",-0.148694936379648,0.344645327402639
"PRDX2",-0.102105297091178,0.344699234047564
"CPPED1",0.067158226755552,0.344847721137905
"FAM107B",-0.124008231201279,0.344944917156999
"ENSG00000285827",-0.583413873446697,0.345052063715439
"SLC38A1",0.154039461337224,0.345177445215402
"ENSG00000272989",-0.489261037433916,0.345410457118996
"LOC124904720",-0.418165727367291,0.345547696801449
"ENSG00000237264",0.455375297704719,0.345610379899432
"CYP2D8P",-0.53544076914194,0.345638578229145
"ADM5",0.179452291887029,0.345690072056724
"GYG1",-0.102440427416675,0.345923535292082
"MEMO1",0.0626659351363086,0.346080701712141
"CCL16",-0.185889904193747,0.346352884590205
"TMX3",-0.0876575065663595,0.346484790038805
"SLC39A1",0.0685915131068211,0.346527239695706
"CCNH",-0.0810612169526628,0.346615873087306
"FGL2",-0.197895645306558,0.346638801020787
"THAP10",-0.18227255159094,0.346716400545172
"UBLCP1",-0.0838681844306594,0.346828843215982
"TPM3P9",-0.108207986840818,0.346830461170203
"GADD45B",-0.152635120068012,0.347017673045367
"ENSG00000298954",0.398547471903281,0.347205134578019
"LSM4",0.0782156651990291,0.347553038649312
"HOMER2",-0.0939528848636568,0.347891947071296
"WRN",-0.0655160928922516,0.348043311563991
"GSE1",0.0764770680233308,0.348336040523624
"RPS27AP5",-0.303017286734023,0.348337768401152
"DMXL2",-0.111464400220365,0.348472446620797
"SBDSP1",0.0741949213335353,0.348492131757095
"DLEU2",0.115227976754523,0.348551387003707
"DDX41",0.0676774352695858,0.348612437732897
"SYNGR3",0.313322364251248,0.348625359668694
"FOSB",0.374577959550084,0.34869909857872
"CDIN1",-0.132258480143603,0.348826175552306
"PURB",0.073549189518912,0.349165891757542
"RCHY1",0.0885086571465288,0.349797155334726
"ZNF542P",-0.080363838565775,0.349889137579697
"EBF4",-0.363507308622669,0.350067603489117
"SHBG",-0.126053157382143,0.350085577788527
"C14orf132",0.298468695902728,0.350338401767103
"MAPK1IP1L",0.0641921163018358,0.350474986235052
"CRELD1",-0.0630288996408162,0.350623084535985
"PTPN14",0.0903450964207244,0.350671053081999
"ENSG00000226900",-0.759856284514726,0.350712287208273
"DENND2C",0.273139684870563,0.350968077123337
"RPS2P55",0.351097903198054,0.351191948008733
"ENSG00000273192",0.221961824059969,0.351261437390287
"TMED8",0.0828111267022561,0.351274794095767
"MXI1",-0.08906620465505,0.351464188782733
"ANO8",-0.0928472615889827,0.351477545841225
"LOC124909363",0.120683384278701,0.351585017836155
"ENSG00000285160",0.373560490864593,0.3516049970003
"PRKD2",0.0866449817127978,0.351628381320317
"H2AC11",-0.314174235266867,0.351682728063162
"ENSG00000288908",0.272255010252595,0.351718020308428
"ENSG00000218175",0.376081958494954,0.351911984857319
"ENSG00000279491",-0.297837053272457,0.35206334608475
"TOMM34",-0.106750072110204,0.352280851593046
"RNASEH2C",0.0647687461480817,0.352310772254426
"UBE2Q2",0.0970870407581042,0.352372307113659
"UGT1A4",0.912264702044585,0.352385262680381
"ENSG00000272916",0.172824419315966,0.352514627762254
"LOC105375728",-0.239476929721776,0.352578885975903
"CUEDC1",0.106050572854879,0.352634017135495
"GALNT10",0.0953442327963705,0.352838934431169
"TTTY10",-0.299401361669645,0.352860309073784
"ZKSCAN7",0.109595421198237,0.352964756641363
"STARD10",-0.0851446281083486,0.353211321350747
"PROSER2",-0.106488564115687,0.353449560825825
"DBT",0.0909833516706103,0.353482765237408
"ENSG00000253821",-0.633757381867102,0.353520035775277
"RNASEL",-0.494459328262602,0.353698362710462
"IFI27",-0.37566468447329,0.353699750043605
"SCN8A",-0.122915621156863,0.353714227764923
"DNMT3B",0.123385381233986,0.353730959636989
"ETV1",0.335419119967486,0.35398831675403
"RPS14P1",0.168087721620404,0.354030383680476
"MOV10",-0.0725153309992986,0.354185458573033
"CRIM1-DT",-0.417357634604935,0.354261136647118
"ENSG00000213033",0.420150950048452,0.354278544314476
"GABARAP",0.0830907059314598,0.354521105913336
"CCT6P1",0.0932165977778466,0.354522046038804
"ACAP1",-0.289561827157638,0.354615391712338
"ZNF778",-0.0738842611324688,0.354777141586136
"ENSG00000257605",-0.523612667343082,0.354808521591489
"TCAF2",0.621127958128998,0.355082978502535
"NBPF3",-0.1624768138554,0.355147361692679
"TTC7A",0.0673942274974261,0.355426841276896
"JMJD1C-AS1",-0.228891366513402,0.355742254156827
"ZRSR2P1",-0.686115971493384,0.355763505393264
"FZD3",0.0994651986928647,0.35605234714111
"RALBP1",0.0867289263335215,0.356074627142943
"ARID1B",0.059324575035595,0.356087475215152
"STUB1-DT",-0.453707264944404,0.356088667346322
"ENSG00000295811",0.375617871647652,0.356109758086531
"BANF1",-0.062353715135315,0.356211852719874
"TSC22D1",0.0757719450305054,0.356216356074657
"ENSG00000249956",-0.27437429049291,0.356267253670589
"TTC14",0.0887522189797668,0.35627666905182
"SLC2A6",-0.0757328103694427,0.356289535691656
"LIPE-AS1",-0.682395326906478,0.356334167175551
"ENSG00000167774",0.288962821362127,0.356400929772626
"ENSG00000268189",0.330320135178441,0.356491373186662
"ARHGEF26-AS1",-0.486259370245204,0.356591303537884
"EPB41L4B",-0.0875965455554573,0.356706095914694
"CTSB",0.0973350780906635,0.356728415144148
"CORIN",0.37655678929889,0.356906777006403
"ARL4D",-0.0874765850831936,0.356918110442037
"ZNF561",0.0930103183915964,0.356934251322988
"PDLIM1P4",0.335670305239094,0.356949148313492
"ENSG00000286614",0.293010964464645,0.357049472784043
"ENSG00000257607",0.352161586818957,0.357157847708748
"SOX13",-0.0645906248934472,0.357176761162666
"GRIP2",0.455302812898651,0.357261570280896
"MYO18A",0.0655426346688471,0.357383658042107
"ENSG00000291061",-0.348287765801341,0.357408173115695
"SLC2A12",0.721098316643893,0.357451490140268
"QRSL1",0.0662384820630692,0.358174373731319
"BCR",0.0540608108270457,0.35846885351399
"CLDN4",-0.134716412926032,0.358542632064776
"VIL1",0.0815595058970894,0.358635095869528
"TM4SF4",0.185570935243769,0.35867250751288
"ZNF711",0.114140820129289,0.35869831918039
"DGCR8",-0.0785510480055096,0.358894354802659
"CLIP4",0.313967945342981,0.358951388161651
"SULT2A1",0.107655797765584,0.359058842154368
"DCAF13",0.0649432108512542,0.359146499498122
"ENSG00000237390",0.35803736324296,0.359186362709178
"ENSG00000288849",0.624064686042046,0.359500279327328
"ENSG00000251409",-0.502428726014189,0.359567407852911
"PMPCA",-0.0589426167131705,0.359974739138893
"LINC01191",-0.438313552244543,0.359980350195536
"ZNF480",-0.0667427485104207,0.360106941070506
"ENSG00000260417",-0.234620136695425,0.360471890120203
"ENSG00000275552",0.445628135480624,0.360493588649739
"CLDN11",-0.205735261832195,0.360521990850777
"SLF1",0.103640214054832,0.360917017381954
"MAN2A2",-0.072246610510167,0.360968789233656
"UPF3A",-0.0735582494375822,0.36097924069882
"ENSG00000289014",-0.446868381534515,0.361064402849285
"HEATR1",0.0650368796723397,0.361069570251024
"CAPZA1",0.0664020739245732,0.36120075070717
"ENSG00000281571",0.272478036459717,0.361264773012174
"ENSG00000265401",-0.468862706518661,0.361343119142376
"H1-10",-0.0595239408599847,0.361553874130929
"ZNF483",-0.120353724140328,0.361638117944809
"ENSG00000249096",-0.265614813951321,0.361707497591186
"ENSG00000257497",-0.341219743530393,0.361710130548219
"CD109",-0.224903471601599,0.361821816733122
"ENSG00000173209",0.908197399616254,0.361869487975961
"POLR3B",0.0924910967124049,0.362078648438358
"ENSG00000275481",-0.378766793752473,0.362218981663653
"FSCN1",-0.14348558761089,0.362548415983387
"HTR3B",0.378754286018483,0.362773116875276
"CDKN2A",-0.24277928235943,0.362843129190274
"LOC124902609",0.323485042405068,0.362858169334015
"CIZ1",0.0690890100929666,0.362896403698017
"ENSG00000295613",-0.36531446088146,0.363092680595644
"ENSG00000257390",1.11255711137648,0.363176152123181
"TAFA4",0.253089678984641,0.363418923614151
"HPN",-0.103498637513415,0.363433229843541
"SLC6A12",0.428136501288136,0.363786031763227
"EIF4A2",-0.0641969095119223,0.363828989414976
"ENSG00000288770",-0.393589171005458,0.363898179523209
"ENSG00000234832",0.450618426318626,0.363944107414596
"ENSG00000302377",0.779987264823812,0.364009226562696
"ENSG00000259158",0.552832793606922,0.364116133695617
"TNFRSF21",0.123716953261421,0.364409670454725
"ENSG00000299249",0.173457681487071,0.364661896896926
"GOLGA8H",-0.204169100233498,0.364795434895557
"MPP3",-0.333727363548199,0.364811349115032
"OSCAR",-0.403304617288096,0.364871142846625
"CREM",-0.0865528152693325,0.365070938292255
"CLDND2",-0.312010328792519,0.365444361483304
"MRPS10",0.0657444389635311,0.365472904355339
"XXYLT1",0.070057248381026,0.366145405523744
"ENSG00000224417",0.286779960987263,0.36624363994934
"ST20-MTHFS",-0.280653050035947,0.366459450741738
"BAIAP2L1",0.090832717995464,0.36646317780984
"GLRX2",-0.0979776205773501,0.366519836060436
"MIA2",0.0572572137065078,0.366662375006106
"CCDC59",-0.0915131348888331,0.366725628887779
"ABRACL",-0.276021912595711,0.366760855298595
"ENSG00000278002",0.512575125623574,0.366785535204629
"MFSD13A",-0.108628779642283,0.366896564905214
"HNRNPA2B1",-0.0714607518365519,0.36690954585589
"CAPG",0.17373914394359,0.367121895849451
"NHERF2",-0.102655719169947,0.367230647224188
"TM9SF1",-0.078324303693455,0.36731091211173
"ERP29",0.102499006796637,0.367371788131032
"COX7C",0.0767265867122285,0.367501359115453
"SRGAP1",0.152359673816256,0.367527974371668
"HDAC4",-0.0832951157063485,0.367654468109855
"ENSG00000289015",0.429269720127389,0.367692741721163
"MFAP4",-0.31898322178405,0.367756746308122
"ENSG00000305730",0.388772787815492,0.367830330900334
"PDPK2P",0.670703922726539,0.368054386940526
"ENSG00000275055",-0.208055906757731,0.368202198908336
"ABT1",0.0775141003831749,0.368269397343982
"WBP1",-0.058976342527559,0.368513050158946
"GAPDHP62",-0.324898131467791,0.36882493972347
"ENSG00000279594",-0.630341691105636,0.368921237782424
"SNRPD2",-0.0771510100163757,0.368929409400767
"CERK",0.0780502067278844,0.369391642726741
"REV3L",0.0821048618902617,0.369417369520538
"ENSG00000273014",-0.237098803308861,0.369907672210714
"ETNK2",-0.15485085734063,0.369928296085667
"ASMTL",-0.114407499766563,0.370116856061183
"ENSG00000299386",-0.238134150217715,0.370250917625615
"CSPG4P12",-0.709420222792965,0.370495835455285
"SORD",0.0915471538198014,0.370518068637967
"TRIM39",0.0591159995292066,0.370539150404334
"PRR5",0.103899073337568,0.370710213131392
"METAP2",0.0723319126535187,0.37108990160822
"ENSG00000223935",0.401045720110758,0.371208343112196
"NOTCH2NLA",-0.125459431777809,0.37124188014268
"FUS",0.0766155868597902,0.371290282410044
"ENSG00000280381",-0.241641883156455,0.371493579484412
"ANKRD6",-0.42147032592108,0.371542741918093
"LRRK1",0.535961828362199,0.371599468182288
"ENSG00000288937",-0.270106443022029,0.371763058266523
"APLF",0.163245117337666,0.372011718276487
"PAXIP1",-0.065136676177818,0.372099360893347
"LTBP3",-0.0765335704330505,0.372144018445773
"ENSG00000290569",0.452066722648315,0.372179476738308
"ITSN1",0.0809187360652099,0.372263638191849
"ENSG00000291121",0.178847756913271,0.372339457441114
"ANXA2R",-0.202751929763748,0.372997725158613
"VWA1",-0.0884772022138419,0.373081522159498
"ENSG00000261821",-0.372640708823863,0.373087939676189
"SEC14L6",-0.16644779631074,0.373128229746319
"ENSG00000289318",0.253594782553416,0.373158557708849
"ABHD5",0.0984841135381439,0.37331354345077
"DDX21",0.0728048475922752,0.373451966416774
"PCSK7",-0.081893282699997,0.373818763799623
"PYCR1",-0.0712668071222988,0.37394572594101
"ENSG00000309833",-0.37901118789213,0.373972779594431
"PHC2",-0.103761820185947,0.374071080485547
"RPL35",-0.10109240157972,0.37411813135133
"IGFN1",-0.233614337696341,0.374354222399433
"RPS11",0.101802850848672,0.374418208821771
"ENSG00000260368",0.418900570585317,0.37446283560674
"BICRA-AS2",0.206573639749193,0.37449235752809
"ARMC7",0.09895937603,0.374497617642547
"ARPC4-TTLL3",-0.150040797025075,0.374566150648439
"ENSG00000242861",0.572939070397839,0.374692771946018
"LOC105375423",0.3804125884768,0.374811678126679
"ENSG00000310431",0.307461218824067,0.374936199777146
"LOC101927293",-0.254723518406186,0.374979883785586
"EPDR1",0.0688714473650289,0.375069747182228
"OLFML3",0.226892226502943,0.375218040961346
"ENSG00000285999",0.324792333107627,0.375421363350759
"RPS9",0.0788546222828534,0.375445192690705
"ENSG00000224822",-0.586119516428376,0.375447865443336
"C1orf198",0.0757773255661239,0.375701388101791
"DUS4L-BCAP29",0.485193019677946,0.376116638093656
"PSMB2",-0.0585643213245435,0.376137384038215
"LIPT1",-0.0871548521277728,0.376194703520647
"GRPEL1",-0.0795660590446647,0.376464313060316
"NAIP",-0.112089628056603,0.376693233449963
"ABHD16A",0.0763118181301458,0.376797250964755
"CSGALNACT1",0.329973678633798,0.37711550309123
"CORO1A",0.177913054645595,0.377177075725403
"ENSG00000269653",-0.369739362238023,0.37724188599953
"ENSG00000254692",0.666645471163976,0.377244814086664
"ENSG00000303853",0.106512200868217,0.377248051320589
"LOC100289518",0.299669552940373,0.377429495833191
"MGAT4B",0.0633628007581863,0.377450719847002
"RAPGEF4",-0.203445589708392,0.377506203629001
"ENSG00000241962",-0.351901850143498,0.377715586880088
"ENSG00000196205",0.118047223195815,0.378008035957014
"EIF1",0.0776507903383172,0.378053552063703
"ENSG00000272088",-0.625048433787785,0.378078769683599
"TAF4B",0.163764201645164,0.378122752135143
"RAMP1",0.430323240015402,0.378345058997982
"PPP1CA",0.094930425316233,0.378347853546186
"TLCD5",-0.107114049873709,0.378611895487827
"RPL27AP6",0.196718822068883,0.378962032962813
"TUBAL3",-0.50160852605412,0.379123743617278
"TTC4",-0.0760580853089416,0.379156110718495
"LRRC41",0.058758214071041,0.379343030348427
"GSTO1",0.0763174934002258,0.379354519674609
"CSTA",-0.130222775265054,0.379400726683865
"ADAM15",-0.0750746752798086,0.379473957270958
"TSHZ2",0.820015784230261,0.379676517832379
"ENSG00000305109",-0.218813070396716,0.380001746025741
"ENSG00000237550",0.082755039116761,0.380066116250806
"ECPAS",0.0552440269452224,0.380218768605956
"ENSG00000259953",0.0915026166794897,0.380283404557428
"ENSG00000280067",0.327805084719335,0.380313253007185
"KAT2B",0.163194990162616,0.380366263219679
"IDI2-AS1",-0.555736904889853,0.380634861821969
"ENSG00000251550",-0.334808905361593,0.380769061484286
"MIMT1",0.123130898964432,0.380778810139995
"MYRFL",0.184152293525685,0.3807801559153
"LINC00491",0.19698055019483,0.380821853702562
"ENSG00000289091",-0.29911312327516,0.38089946308367
"DPY30",0.0756372839867357,0.380960028503405
"H2AC14",0.383107605477941,0.380967608111417
"LOC100132249",-0.114886620738765,0.38100609163072
"ZNF350-AS1",-0.535383623232725,0.381113846487549
"CUX1",0.0545805509873749,0.381214858795431
"ENSG00000254454",-0.219585682238285,0.381437247549804
"ENSG00000309149",0.558382389546899,0.38156779647891
"ENSG00000279407",-0.168854347556783,0.381718892590772
"CLEC18C",0.408969374024591,0.381752334887336
"ENSG00000288738",-0.339754339668058,0.381887525658588
"NBPF20",-0.0863026571021237,0.381921726429708
"TSHZ1",0.0775648424282922,0.382069869509545
"LYRM4",0.0635113910843936,0.382106199564385
"COQ7",-0.0725497946617993,0.382356698900373
"ENSG00000295516",-0.310085686989466,0.382435242487954
"ENSG00000268173",-0.441851526812137,0.382476354031949
"GCNA",-0.190428400673923,0.382539699205268
"SOX7",-0.223542980908449,0.382545760099379
"ADAMTS9",-0.517249422308811,0.382668487777073
"ENSG00000269815",-0.390721249931571,0.383242943860129
"DDIT4-AS1",-0.484961062736327,0.383273840292554
"EPHX1",-0.108518859742667,0.383294336433365
"ENSG00000307241",0.219632492795249,0.383504505781474
"ENSG00000273106",-0.502575626066182,0.383544131541661
"ITIH2",-0.0841267603482549,0.383625955101422
"NCAPD2P1",0.160617771337135,0.38366903497469
"IRAK1BP1",0.141360088582075,0.383792944015789
"PLSCR4",-0.207900043637584,0.383896140352552
"AIG1",0.0797644139597906,0.384088896066988
"WWTR1-AS1",-0.484043912847282,0.384152511730099
"ENSG00000288928",0.322324553629363,0.384426721820505
"SCAMP5",-0.0578108577534107,0.384572784713786
"ENSG00000307038",-0.219874105106806,0.384671320761524
"ADGRL1",-0.182111217449508,0.384679968215238
"ZNF134",0.0768103416756005,0.384763390411568
"PARP12",-0.0790001407127196,0.38478170889692
"ENSG00000279500",0.210533203792981,0.384788969690892
"NOSIP",0.0600937284596917,0.384834951885212
"LOC105370941",-0.294883530533808,0.38485794731917
"ENSG00000287091",-0.213640116199207,0.384921060099105
"DNAJB9",0.099489662974811,0.384987665859277
"ENSG00000237004",0.379310625930203,0.385325556306058
"ENSG00000279394",-0.39034633927446,0.38536726211576
"ENSG00000290578",0.214389547787284,0.385442995712769
"IMMT",0.0668251921721679,0.385496867258671
"UQCRH",0.0960824307948921,0.385535779565145
"ENSG00000295474",-0.874409101831311,0.385795001441984
"GPR89B",0.0954641967673064,0.385835017730413
"FOXA1",0.0646339742427288,0.386085468840497
"ZNF22",-0.256519405683313,0.386111785634951
"HMGN2",0.0605401641144365,0.386153225463842
"ENSG00000225315",0.320378678236394,0.3863848722247
"SLC29A4",-0.10286857753375,0.386414397479358
"FAM120C",0.106710316286472,0.386485120116673
"POLR2H",0.0662756808108293,0.386629752302752
"TBX3-AS1",-0.343482735760432,0.386659032587842
"ENSG00000175170",-0.420603257956076,0.386711365705326
"TOMM40",-0.0554769605397583,0.386848905937298
"ENSG00000172974",0.283733441014242,0.386875197571199
"ENSG00000285897",0.324026873571118,0.387089554435725
"ENSG00000236194",0.297235313733805,0.38711245932696
"C1orf122",-0.0711664961795654,0.387135361480695
"ATF7IP",0.0662989445042232,0.387209663203567
"NUP88",-0.0537195185292886,0.387262655038831
"SLC39A8",0.157534761843711,0.387366631633642
"FBXO45",0.0758433763064221,0.387497269818316
"LOC105370447",0.723270400065037,0.387651704201296
"TNPO2",-0.07468826600193,0.38770873411588
"SLX1A-SULT1A3",-0.150325880862975,0.387735793534873
"RPL41P2",-0.26974083021855,0.387759404265569
"SIMC1",-0.0771692445164391,0.387807215679101
"PCSK6",-0.0684256054873672,0.387890001639635
"ORM1",-0.104750130071109,0.387942678712904
"RGS2",0.287282105620278,0.387978686061034
"EIF3I",-0.0782433478231277,0.388026471527592
"KANSL1-AS1",-0.267659547613774,0.388072075897347
"TXN",-0.0789728629096519,0.388144718957225
"PIGU",-0.0814714689647133,0.388158464147156
"ENSG00000144785",-0.232434066847282,0.388219425101349
"TMEM191A",0.12588399477751,0.388490241083603
"TRIM62",0.12349616435074,0.388532002003049
"MTFR2",-0.106191003462257,0.388658316183193
"PTGR1",-0.105569853387159,0.388681247713927
"CAMSAP1",0.060232443016373,0.388742799391382
"NAA15",0.0568137597376864,0.38874683980957
"ACP5",0.454257707644601,0.389001181609829
"CRLS1",0.0491325299217557,0.389501244161167
"YTHDC2",-0.0613967645612283,0.389640934477502
"CNPPD1",-0.069109702053334,0.389753710909128
"ZNF251",-0.0736775574224325,0.389801536969071
"HLA-A",0.0754975966109783,0.390003668692141
"SERPING1",0.100649740861037,0.390218688706305
"VPS16",0.060990307314765,0.390415884870092
"TCP10L3",-0.298500964138176,0.390459817254812
"H4C15",-0.397986511669932,0.390800865904225
"ENSG00000304961",-0.122909985420032,0.390855400608428
"PSMB7",-0.101433602432026,0.390996621992192
"ENSG00000260400",-0.151284001025628,0.391055504198137
"PCDHB4",0.215109307111261,0.391165004107173
"VSNL1",-0.0935028025984639,0.391220163968896
"GMPS",-0.0633824689182045,0.391231971672973
"ENSG00000297787",0.231555133465419,0.391335408296898
"FZD9",-0.228799948637442,0.391494149951209
"MT-CO3",0.16660061610921,0.391683479221496
"THUMPD3-AS1",-0.0660214225483643,0.391972354736072
"TNFSF13",0.137236101157555,0.392479035202653
"TADA3",-0.0741212880538871,0.392573698310056
"MAPT",-0.107581956410438,0.392911206850742
"CLIP1",-0.0610548318964577,0.393067010330122
"DIS3L2",-0.0580289800684937,0.393169393947533
"NDUFB9",-0.0902227371886666,0.39321393224362
"ADPGK",0.07308467320196,0.393311780034072
"TEKT3",0.262516765369082,0.393333977081482
"SNRPB2",-0.0632040635168534,0.393517304296312
"ENSG00000285053",-0.847077135558427,0.393543039581904
"ENSG00000236255",0.0716734845257426,0.393577817359057
"TMEM198",-0.0723771188547602,0.393733355792973
"GPSM1",-0.124510285711025,0.393734552280268
"ENSG00000289554",0.166656876985923,0.393906673286497
"THSD4",0.474793431609688,0.394144815687693
"KRTAP5-10",-0.932833210506679,0.39430707005798
"TMEM117",0.12817943760865,0.394420872775492
"SPACDR",1.07177831893056,0.394501076609349
"ZNF282",0.056517089138825,0.394570038977972
"ENSG00000230647",-0.0827175122557912,0.394575936840702
"ENSG00000291060",0.0771611429446161,0.394814735102347
"HASPIN",0.12870479671611,0.394844815584853
"SETD4",0.080059264007852,0.394871583872295
"FHIP1A-DT",-0.229152380206185,0.394902454353808
"ENSG00000289331",0.74680817263936,0.39504568000317
"TESC",-0.111639687813728,0.395163875850193
"IFNAR2-IL10RB",-0.541593846374486,0.395432833185156
"NFIB",0.102064015687605,0.395456343586278
"ENSG00000298743",0.745328373550932,0.395494296165408
"ENSG00000278112",-0.246988946709125,0.395618907107616
"ENSG00000276110",-0.344581929059707,0.395691904035813
"RHOBTB1",-0.152844580852619,0.395734825519639
"LOC101929583",-0.8769178368669,0.395903765859946
"RPS18",-0.0895916762793776,0.396001008103792
"UBXN1",0.0834735135602961,0.396009826413382
"ATP13A2",0.0582907281316137,0.396083177267241
"RDH14",-0.0744342993252529,0.396104632262066
"MAPK6-DT",-0.59348851869105,0.39626366702267
"ENSG00000307255",0.216656994177349,0.396963603429325
"ENSG00000219433",-0.489060440736466,0.397122201946263
"TUB",-0.188808533320498,0.397282885180575
"ENSG00000289511",-0.210739100509649,0.397337365481981
"SNN",-0.140094671331711,0.39749477974672
"DRG2",0.0793528484523832,0.397553142540049
"ENSG00000289346",-0.370204493492971,0.397677901902312
"ENSG00000287404",-0.39454486956019,0.397789264854473
"ENSG00000283765",-1.05127587317504,0.398003230023755
"RORC",-0.223510314307357,0.398064046368953
"ENSG00000233010",-0.359845266697058,0.39846990788629
"ZNF2",0.0963779075680394,0.398494531259207
"LY6D",0.40130090968178,0.398561323925159
"NOMO3",0.0886798112772109,0.398829215492596
"SCYL3",0.103877043162119,0.398836156299141
"NDUFAF7",0.0523958433878521,0.398845444535231
"ENSG00000287074",-0.669346038023577,0.398871048649462
"ENSG00000269976",-0.146729686306657,0.399072121417908
"ACTG1",0.186484741714865,0.399483142336256
"ENSG00000266910",-0.28838793097044,0.400311797376573
"RMRP",0.224383485715295,0.400364463713651
"ZNF516-AS1",-0.313820515779259,0.40036507315696
"ZFAS1",-0.0707647424887257,0.400427378933555
"TAS2R14",-0.203086489954346,0.400441655826981
"ENSG00000295438",-0.244700639025711,0.400453608013786
"TCP11L1",0.136979928916064,0.400868251932549
"VNN1",-0.247944570404739,0.400896336706146
"IL6ST-DT",-0.452747534678615,0.401106784322386
"AP1S2",-0.0834715229229713,0.401163189648344
"RPL10",0.0749230540406857,0.401189402821375
"ENSG00000289909",-0.329184495873672,0.401219095452104
"ENSG00000231234",-0.448353904226761,0.401268309917023
"OSBPL7",-0.106795675910446,0.401399859486502
"LOC105373383",-0.24334045303188,0.401478361789474
"TXNDC17",-0.0824504090412784,0.401488238167506
"SLC25A23",0.0909799691466172,0.40219968404288
"KANSL1L",0.0975342399552045,0.40226351377719
"POLB",-0.0726494828878996,0.402312199363403
"MTCL1",-0.347932530567361,0.402343921643247
"ENSG00000279464",-0.27933338462315,0.402366969909323
"ENSG00000238072",-0.470435121312885,0.402530774192069
"ENSG00000222328",-0.438731763768578,0.402750306061856
"TUBA1A",0.229808993380375,0.402863503300918
"ABR",-0.222446336078899,0.403131541929378
"SLC5A4-AS1",0.329241339180309,0.40333485904277
"ZNF566-AS1",0.232977238606734,0.403399834148458
"ENSG00000279330",-0.437541673515143,0.40390280067226
"ENSG00000275854",0.284890818869997,0.404002213220037
"PTGES3L-AARSD1",0.195457639998904,0.404065339884015
"RAD51AP1",0.0644644819950856,0.404253874498439
"YPEL1",-0.485626780779771,0.40429360214629
"C1orf50",-0.0820274378510752,0.4043551288397
"ENSG00000271993",-0.3344174850817,0.404677363449379
"ENSG00000272449",-0.377110120449925,0.404697955385553
"HSD17B6",0.207630921631382,0.404822314259974
"CHCHD1",0.0655375882288245,0.404851605905044
"PPP1R26",0.0575079824726535,0.405091927437039
"ZNF709",0.13440653623402,0.405117088256511
"LOC727751",0.0941896435437017,0.405530992731234
"ENSG00000270060",0.369215560527164,0.405557441452472
"ENSG00000260249",-0.184330992642306,0.405796628335451
"TUBB2A",-0.1230891084507,0.406422198960641
"HSPD1",-0.0691287357804749,0.406645249021069
"TIMM17A",0.0696261653253704,0.406780923009145
"CHST9",-0.148145703115732,0.406852713526343
"TRUB1",0.0630099019581472,0.407109257959318
"RNF138",0.0827802868817188,0.407242637926222
"MAP3K6",0.109115764546425,0.407629506354229
"LOC101927687",-0.435370975645823,0.407675684719021
"ARL6IP4",-0.0724053461752808,0.407755255873223
"ENSG00000279692",-0.158449818541902,0.407768331272271
"ENSG00000278993",-0.38033502202722,0.407852045278207
"RNPEP",-0.0626662683728839,0.408285776921032
"PTMAP5",-0.171348332291731,0.408510003513654
"SAP30BP",0.051139050315555,0.408541142521291
"RNF39",0.508185069120495,0.408591436099846
"FCGRT",0.0867244065732403,0.408706008843873
"ARMC2",0.241906113241391,0.408722400961172
"NBPF9",-0.0708756630011886,0.408911115989389
"GTF2F1",-0.0756691020557046,0.408977742329546
"PRKCA",0.0589634415966608,0.409208388007345
"SNX4",0.0562754251848246,0.409229662911452
"ENSG00000302400",-0.312149326821311,0.409303870416397
"ENSG00000258404",-1.00443238451965,0.40937599790378
"ZNF622",0.0757594277303714,0.409798689213681
"ENSG00000260233",-0.112368589143664,0.409860523467638
"ZNF674",0.115032375651137,0.410266496884098
"ANGPTL3",-0.238175144295391,0.410411251569255
"SOX4",-0.171687515108231,0.410414187181056
"SAT2",0.0724516026078209,0.410556232029895
"PSMD6",0.0690399809092143,0.410575638511272
"CTSS",0.164018995273057,0.410853905598317
"CHORDC1",0.0841054341540482,0.411062091462556
"HSD11B1L",-0.124447756449771,0.411213244417192
"PRR3",0.0631453388094647,0.411223723594172
"MISP",-0.19082500713779,0.411379028648677
"TKT",0.0658869938297317,0.411459421337796
"ENSG00000279342",0.237966397876726,0.411676862004839
"CRACR2B",0.0595607327868149,0.412135086584221
"EXOC6",0.070539826231754,0.412194835877581
"ENSG00000270118",0.285657393238852,0.412271927558694
"NASP",0.0631836028934507,0.412360327479102
"LINC02105",-0.388880584609958,0.412381983347879
"SSBP3",-0.0640338689375047,0.412392480267846
"ENSG00000303311",-0.489888053368153,0.412435692982686
"NAA38",0.0785753287542665,0.412620612602569
"ZNF626",-0.101886178980385,0.412737380067252
"IYD",-0.233309530533604,0.412745148454049
"USO1",-0.067714486986958,0.413093721544727
"METTL18",-0.11668678499312,0.413151243592517
"TSPAN3",0.061636574873489,0.4133176203284
"ENSG00000290913",0.32134959279779,0.413857095718419
"EIF2S3",-0.0547707677604992,0.414041935421381
"ZNF225-AS1",-0.297584327761001,0.414239973911167
"RPS4Y1",-0.0854908909136672,0.414332948262845
"ASAP2",-0.114234973426643,0.414339105468216
"ENSG00000228274",-0.13700626956751,0.414990517760169
"NOMO1",0.0738140397149776,0.414997075090805
"RBPMS",0.186197434538193,0.415066523180475
"ENSG00000251411",-0.340298690611497,0.415080878287439
"ENSG00000304427",-0.335824261802318,0.415336061330416
"ENSG00000291047",-0.13151062187806,0.415386567259265
"TSR3",-0.0876951680026566,0.415405979715764
"LTA4H",0.0585717671690896,0.415628267878303
"LOC124900711",-0.242099745413639,0.415659712179295
"CASTOR3P",-0.0764051411820083,0.415811644509435
"RHOC",-0.111903109007526,0.416049684387605
"ENSG00000215388",-0.361762452542599,0.416433644865781
"RAB28",0.0756925972701012,0.416840747514811
"NICOL1",0.158119214790546,0.416966883719723
"LINC01670",0.519132233815927,0.417042552141246
"H2BC21",-0.133130154687761,0.417050545890893
"ENSG00000253361",0.24435619688335,0.417251242793856
"ENSG00000289914",0.407113621038021,0.417291377211756
"ENSG00000299797",-0.809106567284425,0.417426188060771
"HOXA6",0.261968508130512,0.417587651885079
"RUVBL2",-0.0530548115306704,0.417658577499129
"LOC101928505",-0.114407029742128,0.41782099903456
"SKIC8",-0.0622938959659314,0.417990121868911
"RPLP1",0.0768745028405475,0.4183926133493
"MILR1",0.879302862682641,0.418453003511024
"FGGY",-0.109361057981366,0.418459455556643
"AKAP7",-0.0739471294321254,0.418616845550654
"TMEM203",-0.0584815212909774,0.418623705299886
"RSC1A1",-0.709878438692649,0.41887516949727
"CD72",0.861708117437652,0.419000076514096
"ENSG00000260401",-0.39864799057257,0.419066048898531
"SPCS3",0.0724440442239546,0.419211492582053
"HOXA7",-0.583613754646805,0.419325953749579
"ENSG00000242880",0.406662999192253,0.419360780828898
"DYRK2",0.0813050546747015,0.419402790573581
"STXBP5-AS1",-0.62573966850054,0.419979298874737
"KDELR3",0.0653714107512995,0.419988411901304
"BRK1",0.0597534762441526,0.419994616812363
"ENSG00000272293",0.160341781967849,0.420086897371668
"MON1B",-0.0460426182774122,0.420307918434781
"OLA1",-0.0777516047009557,0.420501049951116
"TMEM109",0.0835795268279069,0.42084302840105
"LOC107985940",-0.345438696266022,0.421017506098201
"MDN1",0.0717673528612948,0.4211897137482
"HMCES",-0.0547120508119454,0.421253817040847
"ENSG00000304365",0.377135230725975,0.421270431202246
"BORCS5",-0.124863102133242,0.42158827477688
"ENSG00000273565",-0.340003519069072,0.421880128201503
"ENSG00000303230",-0.246806865436398,0.422078325470616
"ZNF138",0.0820619170236548,0.422561413033738
"ENSG00000286912",0.274809963855995,0.422566229733298
"CEMIP",-0.260524454822955,0.422630713280184
"S100A3",0.403555031354619,0.422790801560369
"NGLY1",0.057884594251651,0.422805636048912
"TP53AIP1",-0.613840031795336,0.422961511878883
"RTBDN",-0.308691939088459,0.423048509874456
"ENSG00000225111",-0.241910170392923,0.423220812475332
"ENSG00000256967",0.184143585374088,0.423644890196411
"ZDHHC17",0.0613979445322792,0.423671521458329
"TMSB10",-0.161111776765662,0.424110436218898
"ENSG00000232347",0.204275803868367,0.424485696969009
"YWHAG",0.0773393128295279,0.424748093609485
"MVP",-0.10807433448572,0.424860371383062
"ENSG00000286786",0.326233326691966,0.424891894924277
"RCOR3",0.0594363525351025,0.42491283609607
"ENSG00000308423",-0.376119073054433,0.424929730888709
"RRAS2",0.079175898146946,0.425124475213595
"ENSG00000260495",0.205267352060626,0.425216525066116
"GGA2",-0.0507447580069487,0.425231211657804
"CCDC183",-0.13071120567052,0.425371128953198
"BCKDK",0.0685147500837405,0.425455518060544
"MIR4733HG",-0.366325682879464,0.42557838417299
"FBXO44",-0.0595553768014652,0.425681001468087
"POMZP3",0.124131228255504,0.425696962020994
"ENSG00000263272",-0.194040334059109,0.42597966127614
"AP2M1",-0.050119931671415,0.426198290332191
"EEF1AKMT2",-0.0778618358327009,0.426479252606187
"PREPL",-0.0595776551473421,0.426702803982565
"ENSG00000296380",-0.856406008021742,0.426832478600841
"RRN3P3",-0.0817203492721607,0.426930882217386
"PXN-AS1",-0.0918183057739665,0.426967090467581
"ZGRF1",0.105236822562922,0.427024506320209
"LOC105379499",0.250836214067901,0.427035661763367
"ENSG00000289401",0.228243862662938,0.427148827037529
"ARMC10",0.0646237959693122,0.427370800896209
"LOC613038",-0.41066820726877,0.427427296997325
"A2M",0.136693854337165,0.427497829934984
"ENSG00000234917",-0.487474837482426,0.427512141188438
"ENSG00000237849",-0.519688283914848,0.427537389851565
"ENSG00000263809",0.440584624055249,0.427553375101562
"ZNF121",0.0627031341481515,0.427812702830163
"TNNI2",0.100652745238122,0.42799091443787
"NSRP1P1",-0.292893868536404,0.428100391824447
"ENSG00000274723",-0.613447970099658,0.428289490749204
"ENSG00000277879",-0.165474138503986,0.428530059370144
"DRAM2",-0.0636083841274866,0.428548466537129
"NPHP1",-0.148106597822896,0.428611729354753
"ITGB2",-0.114789665442328,0.428721012915302
"ENSG00000262769",-0.320740087804012,0.428814466442826
"LOC642361",-0.0994187712728477,0.429069131483465
"ZNF143-AS1",0.150589901828913,0.429159178121045
"ENSG00000273448",0.27743294625927,0.429369796533467
"SUPT20H",0.0444794144907411,0.429601603119562
"DOCK1",0.0497258984215907,0.429891967549825
"SPG21",0.056188803576423,0.43001305378239
"PARP4",-0.0594808044372528,0.430096237212608
"ENSG00000306735",0.181033195907408,0.430278328620185
"NDUFV2",-0.102592080391325,0.430350625268028
"RANGRF",0.0594993103121533,0.430404339782421
"SLC19A3",-0.112975376267877,0.430447649208326
"NDUFA13",0.0584587242789354,0.430638634788281
"TMEM63B",0.0587849483506021,0.430640651414266
"LINC03022",0.270263112421667,0.430747047646234
"CD274",0.273348381126018,0.430836250594252
"INO80C",0.100168554593461,0.430895907303458
"OSBP2",-0.185062561762173,0.430952460957728
"RAB36",-0.193072882905135,0.430988163008526
"ENSG00000258539",-0.460145327693101,0.431153730537685
"EIF3FP3",0.247318616979875,0.431331555510427
"SNRPD1",-0.0922478696847011,0.431335305210002
"CES1",0.151379574676232,0.431470662792266
"C10orf126",0.409433136975072,0.431512825770614
"CCDC22",-0.0628199375124474,0.431720267246494
"ENSG00000305871",-0.204887806978101,0.432015041748852
"TGFB1I1",0.308828303006957,0.432101947419522
"AHCYL1",0.0493883664469683,0.432570730899174
"ZC3HC1",-0.0721217694798876,0.432634004490551
"GPRC5D-AS1",-0.127084848312083,0.432876744777151
"ENSG00000233547",-0.358605615696218,0.432898867808687
"SLC38A9",-0.0851612818929622,0.433343110300268
"DDX59",-0.083007592083724,0.433365067459651
"ENSG00000293033",-0.331098599897799,0.433383989569555
"MCTS1",-0.060244218208596,0.433486146351735
"ENSG00000236283",-0.0844069472766116,0.433498378078819
"FCF1",0.058851273880344,0.433537631737595
"ENSG00000260914",0.308147384016693,0.433658495176815
"C18orf32",-0.0626651672325443,0.433706360810125
"ACTB",0.102483355066399,0.434014062658462
"CHID1",-0.0630032804196115,0.434027750106492
"ENSG00000310256",0.454455577832738,0.43419231559073
"C2CD4C",0.558119850724884,0.434313529168864
"CSTF2",0.0531254594442654,0.434537748746436
"ASS1",-0.0875661797409065,0.434638765193703
"ENSG00000308157",-0.278634082596765,0.434974500770396
"BIVM",-0.0560890575963177,0.435080329566109
"ENSG00000226396",0.163291226164483,0.435106262581611
"PSMD6-AS2",0.145583956092712,0.435243513242141
"ENSG00000305617",-0.695762152747882,0.435472229666382
"ACSL1",0.137205895423165,0.435491423549044
"TRMT10C",0.0722526661831541,0.435492504707896
"PSMD9",0.062069148049312,0.435565524961032
"SCAT8",-0.355698798004615,0.435594075983365
"MACROH2A2",0.0732332305867969,0.435626739140955
"LMAN2L",-0.0557141018834351,0.435913608296767
"LCN2",-0.176713234899738,0.435985325593923
"NOVA1",0.28572526130614,0.436102084743685
"ZC3H14",0.0453363887537876,0.436128714029485
"TFB2MP1",0.379465711019893,0.43615861333709
"ENSG00000267519",-0.242138348433875,0.436219942771224
"ENSG00000283236",0.184503518623967,0.437153790146805
"SEC14L1P1",0.229141736423415,0.437180453831937
"CD24",-0.171239234757356,0.43738342577221
"CRYM",-0.151324393956331,0.437392785106077
"SRSF5",-0.0606093837535493,0.437400086694777
"ZNF407",0.0929609418284739,0.437403746485795
"XPNPEP2",-0.197197413688436,0.437500073319773
"CCDC86",0.0750732478935853,0.437654495607502
"CD19",-0.210082300917466,0.437762095527125
"ENSG00000251455",0.351663858016138,0.437802279553815
"HOXD3",0.367668144037417,0.437956277633961
"CMBL",-0.0656536446709745,0.437971452052767
"ENSG00000288604",0.390541038589467,0.438007138179585
"SLC25A53",0.213822711740825,0.438014656180369
"ENSG00000288719",0.361871975869941,0.438361640798005
"DTWD2",0.0895867790574704,0.438457359406567
"STX4",-0.0444439450458941,0.438465696373547
"PDLIM2",0.0849660093450099,0.438493989726102
"STK4-DT",-0.348049509287327,0.438534323725515
"ENSG00000306885",-0.386234168360517,0.438568295613706
"HDAC2-AS2",0.514562803178733,0.438789372029014
"SH3GLB1",0.0660693624909201,0.438908721855665
"H2BC13",0.292451856367134,0.439060144733891
"ENSG00000304625",0.257084700645529,0.439095237004104
"ENSG00000274104",-0.172632091806644,0.439099207249013
"YWHAE",0.070364743252546,0.439108745118035
"ENSG00000273249",-0.368422783230869,0.439213533496895
"WDR91",-0.0711159673580604,0.439411288843268
"CERS5",0.0661693602830877,0.439520092321395
"ALG10B",0.08199741902154,0.439625108342402
"SNRPE",0.0678084287693456,0.439704164759672
"AGAP12P",0.159281143999977,0.439704396381978
"BAG3",0.0983603469753988,0.439845584478648
"ENSG00000270426",0.430864228588763,0.439845856611021
"CLSTN3",0.110426130492413,0.439965958782648
"ENSG00000254706",0.304021444847468,0.440114215564665
"PLA2G3",0.28307920799187,0.440248690679177
"ABLIM3",0.161672802864516,0.440439465807399
"GPR20",-0.294422945057807,0.440816407709023
"ENSG00000296452",-0.268621779639645,0.440881292672339
"BMAL2",-0.0689763693576441,0.440963775586089
"ENSG00000233085",0.654904040838941,0.440986240351686
"NEMP2",-0.0800749398864342,0.441321404240602
"NSUN3",0.0688058644668685,0.441324721245101
"ZNF382",-0.0783832075099217,0.44159375838505
"GCH1",0.0526223780515028,0.441606110901216
"FER1L4",1.31971264721173,0.441662590298158
"ENSG00000261645",-0.221073127464321,0.442203149672192
"SNU13",0.0691187821517767,0.442294628978318
"TRIP4",0.062604659831243,0.442416325215492
"DNAJC14",0.0628617210028846,0.442433410099452
"MESD",-0.0724390802695991,0.442512507908615
"ENSG00000306852",-0.330761939373461,0.44260538523094
"ENSG00000304984",-0.374756504697375,0.442640969813066
"CCDC66",0.072546635525181,0.442651259176004
"ENSG00000308579",-0.370822821163456,0.443093430645617
"CEP112",0.121232393995853,0.443094256197979
"ENSG00000299813",-0.143417068693193,0.443166032464782
"C4A",-0.0780805672339256,0.443193576475739
"FH",-0.0613533109819125,0.443671441108631
"IFITM1",-0.827904371387585,0.443692250938393
"LENG1",-0.0805022489121158,0.44369502778797
"GDF7",-0.0714504626398464,0.443834580264468
"ENSG00000259668",0.88004455775815,0.443843525457528
"LANCL2",-0.077492693858811,0.444095378941961
"IL18BP",-0.0754833917056386,0.444134603903918
"ENSG00000306799",-0.387167487141405,0.444249768794776
"FN3KRP",-0.0537834273374215,0.444271654596779
"DOK4",-0.0737153625909772,0.444452803069154
"CIB1",0.0537306235594513,0.444477210459261
"ENSG00000228532",-0.416528718090142,0.444686311664079
"H2AC8",-0.203002320881315,0.44470869382984
"CACFD1",0.0789333016210653,0.445012265227372
"ZNF587",0.0908038912530999,0.445319456331854
"C22orf39",0.0628628186328864,0.445330789014854
"UGT1A3",0.511102511022807,0.44544799417218
"ENSG00000280087",0.0865880134183133,0.445621578392586
"ENSG00000174977",0.422832546922312,0.445747527334979
"TTC19",0.0607019097956271,0.445815604078291
"ENSG00000275437",-0.152905599307934,0.445835397885609
"MBD3",0.0476847271467564,0.445854383333501
"NUP210",-0.0970740322743599,0.445907146229584
"ATXN2-AS",-0.180246441730009,0.446251741936677
"LINC02615",0.13929882795514,0.446268309861093
"TRIM28",0.0515244679118584,0.446321133834399
"ENSG00000289138",0.195957561532247,0.44663465117564
"LOC124905030",-0.500548225722216,0.446881346746111
"ENSG00000257954",-0.431058378283282,0.446990200779558
"ZNF23",-0.059366756622448,0.447114366738468
"MT-ND3",0.140191621389221,0.447218934041642
"LZTS2",0.0640017374996321,0.447371212552767
"ZSCAN22",0.119475043827437,0.447396933971197
"DSCR9",-0.143413190005861,0.44741267175938
"ATOX1",0.0608751761270848,0.447429735749497
"ENSG00000254294",-0.415356160168922,0.447616806617526
"ULK4P1",-0.441357382958854,0.447680744262737
"ENSG00000288031",0.397737754121874,0.447724923310292
"HIVEP1",0.0792784874316692,0.447733251665622
"ENSG00000278126",-0.452588522337877,0.447970434643243
"ENSG00000272800",0.139173637063352,0.448147821183555
"RPL23AP87",0.124775867168563,0.448173007150139
"PALB2",0.0445983392107686,0.448337587506615
"ESYT2",0.0505661937683457,0.448529953838676
"MIF4GD",-0.107790816967188,0.448723061801291
"RFESD",0.191888998387328,0.448727637186017
"ENSG00000248673",-0.680502081904689,0.448744412988015
"ATN1",0.0618595766017189,0.449019119189994
"ENSG00000279236",0.40013943318518,0.449207339019671
"RASSF1",0.0708759197098704,0.449279126016472
"ENSG00000258964",-0.299326870589812,0.449285027481824
"ENSG00000229119",-0.276129804953102,0.449378753263057
"CCT6B",-0.24100233472213,0.449417504086616
"ENSG00000293321",-0.246172661721028,0.449743705063928
"ENSG00000272491",-0.339069192090271,0.449818729861994
"ENSG00000250186",0.303140258069398,0.449938763091863
"RTL8C",0.0839999549131478,0.450027437104478
"CCDC148",-0.309434993787941,0.450172899702951
"MLH1",-0.0509679399865934,0.450380403827705
"SGF29",0.0640354602398716,0.450517554240005
"LOC105379443",-0.795863063271381,0.450789232378643
"NAGK",0.053350203060851,0.450873815810637
"UBE2Q1",0.0601412279224515,0.451071482447082
"ENSG00000261799",0.113036741362568,0.45114483918453
"TCEAL3",0.357863906414905,0.451297557660436
"TRIM10",0.0694355600338782,0.451376998781918
"IL18",0.334017756225801,0.451434567681935
"FRS3",0.0803714470480464,0.451689164662015
"CLIC3",-0.250910024375128,0.451879007235437
"NPIPB3",-0.0785125409452675,0.452122776675375
"ENSG00000277895",0.269837021350328,0.452195079671078
"ENSG00000290072",-0.39132422116394,0.452281722105663
"MPZL3",0.121017953712879,0.452302165760632
"ENSG00000288258",-0.422834478218616,0.452389819187453
"AZGP1P1",-0.192771525888517,0.452628359033646
"APOLD1",0.523182129526217,0.452764994323444
"NDUFS3",0.0508857110257276,0.452773716374445
"CLUH",-0.0582332480447948,0.453031950139335
"ENSG00000258469",0.237800425573674,0.453460457362464
"ENSG00000279103",-0.17710530293177,0.453801782968886
"SNORD15B",0.295035344603516,0.454301418443092
"RPL23AP42",-0.106837836953812,0.454483116982367
"MT-ND4L",0.179742166551304,0.454531359121279
"ENSG00000241728",0.544594595064742,0.454534565019678
"NDUFA11",0.0522437759019132,0.454550787612173
"H2AC20",0.2302343680872,0.454554472929929
"EHBP1-AS1",-0.597931359906858,0.4549051292967
"GNL1",0.0509709807352855,0.455026333566671
"ENSG00000289112",-0.241016395493143,0.455175071967063
"ENSG00000228541",0.218573065051503,0.455479372211316
"PHTF1",0.0497711748770687,0.455493234530721
"SUB1",0.0662072133340172,0.45553765747018
"ENSG00000303764",-0.136624771196438,0.455673027539743
"ENSG00000262001",0.171220567685706,0.455803688318042
"GNB5",-0.0814163145786291,0.455856667648272
"EIF4G1",-0.0528026345883518,0.455890422147686
"ZNF101",0.0659005513552385,0.456706163047785
"APOE",0.0976364788555859,0.456707118711703
"GEN1",0.0871689367125579,0.456739619256036
"RNY3",0.448310959013328,0.456767625949106
"CEP83",-0.0885762098540935,0.45705062179285
"POLK",0.0558058428804569,0.457094345590452
"PCDH1",0.225967486837982,0.457095171817215
"MFSD9",0.0514319712180418,0.457578059745509
"TM2D1",-0.0712225183866262,0.457652760273748
"UGGT2",0.0849501643063826,0.457734910846862
"RBM4",-0.0535835671001471,0.457893996315211
"SDR42E2",0.45396525676966,0.457953475881527
"DAXX",0.0445994135478362,0.458251246881738
"ENSG00000267160",-0.217001793527074,0.458268710870586
"ENSG00000226067",-0.381477445957113,0.458418013179306
"PPWD1",-0.0496858862184614,0.45859479296519
"PIK3CD-AS2",-0.19379045294456,0.458885380530586
"KBTBD3",0.171562410564879,0.458931739116911
"ENSG00000289890",-0.192298468559469,0.45915375717087
"ENSG00000281468",-0.179037266550563,0.459218799439006
"ENSG00000276259",-0.274356575002204,0.459408207523899
"RPL41",0.0566119346413743,0.459426563854427
"RELN",0.113117238341333,0.45951390395664
"GJC2",-0.134819821614244,0.459667028422745
"SLC26A7",0.547882943444573,0.459693106557076
"NDUFB5",0.0663549777103027,0.459707434328736
"TBL2",0.065687854691344,0.459742710673332
"TSC22D1-AS1",-0.325862737232804,0.459796386566484
"TRAPPC14",-0.0563488715509687,0.459816647530994
"KCNIP2-AS1",-0.182872383144154,0.460103116314357
"ZNF888",-0.082494378406374,0.46026527976139
"GRHPR",-0.0561576684397537,0.460289011883475
"ENSG00000275944",-0.201632364032288,0.460381225358591
"ITPR1-DT",-0.167657079277644,0.460496642763124
"MRPL23",0.077957484516035,0.461151506485483
"ARMCX5",0.074448375922235,0.461392898748571
"FAM83E",-0.325774364971425,0.461404272696741
"CASZ1",0.0933731021359851,0.461726040835306
"ENSG00000280362",0.862049886432331,0.461906734908939
"RPL6P19",-0.262814303415931,0.461972845569367
"RPS18P5",0.21868784752688,0.462108302730788
"MYCBP",-0.0836016508551907,0.462185220808576
"MDK",0.061324082202859,0.462250727805265
"PKN1",-0.0511690648071663,0.462278898347715
"ENSG00000291218",0.475333350478653,0.462305878063969
"ENSG00000284968",-0.103595858095603,0.462333180896255
"CPB2-AS1",-0.311906548269992,0.462440291551969
"TRAPPC2L",0.0585695420231747,0.462703698331172
"ZNF253",0.0818069821004355,0.463030465902472
"MTMR14",0.0514258693734354,0.463193982693439
"VDAC3",0.0433958473163857,0.463256333983182
"INHBE",0.151595661721127,0.463315444895949
"CKAP2-DT",0.159859931366507,0.463349993038504
"ENSG00000274717",-0.499168621391691,0.463647355213929
"FAM234A",-0.0558430539172274,0.463659376400055
"LY6E",0.0595993042426671,0.463859574415632
"SNRNP35",0.0514424470304505,0.463870598865251
"RPL31",0.0690917884610746,0.463882380635779
"ENSG00000256591",0.146550096205711,0.463947561448244
"SLC12A5",-0.0943481726883245,0.464217605510581
"ENSG00000290546",-0.234807873318191,0.464314835792109
"CALM1",0.0567565083161155,0.464575734572407
"LINC01766",0.364242330396568,0.464829495535241
"ACADS",0.0620170795614976,0.465163483561848
"OSR2",0.119823560303008,0.465444641676134
"LINC03112",-0.301023801768728,0.465504095869005
"BAZ2B",-0.0729125912200913,0.465677443984067
"SCN11A",-0.308064533348235,0.465989502704874
"INTS9",0.0573562871523616,0.465998773521478
"CBLL1-AS1",0.187436800154432,0.466107416028033
"IGFBP4",0.0862346051878236,0.466209248117743
"ZNF510",0.0811724717501287,0.466229253550491
"GOLGA1",0.056597046752785,0.466474640478169
"TRIM46",-0.361076373197166,0.466515126534733
"BRMS1",0.0657139165297837,0.466579275911413
"ENSG00000264058",-0.248291737079295,0.466580640636227
"LOC101927788",0.121499465567839,0.46692650082449
"SLC1A4",0.0700864595939518,0.467262813652558
"ENSG00000308813",0.293406827868907,0.467732163561541
"TCP11L2",0.232027602846624,0.467890225991562
"SEMA3G",-0.0534887708470244,0.468124510969248
"TSTD1",-0.365016179401142,0.468163071694376
"KIAA0825",-0.287351165599458,0.468347700855933
"XRCC5",0.0580364934301853,0.468553964473152
"PEX11B",0.0581891607240075,0.468636509059716
"NOTUM",-0.0704025666468986,0.468930057948093
"LOC105371256",-0.254971556068517,0.469482948157946
"HS3ST5",-0.469134297800375,0.469789387667067
"DDX18",0.0500308202365617,0.469826398970232
"ENSG00000300534",-0.444460271629852,0.469909748108851
"MRPS14",-0.0574558830798254,0.469970065926545
"DDX1",-0.044188680074967,0.470468939653657
"ENSG00000308454",-0.222689675014364,0.470472862473673
"RN7SK",0.127854945974357,0.470537889468917
"FAM180B",-0.254533968976038,0.470572562672247
"PRKD1",-0.436636615282045,0.470683792860146
"SRXN1",0.0627724811967699,0.470799893848055
"ENSG00000262332",-0.332032232073067,0.471452434325537
"RAN",0.0538336580476498,0.471915795155838
"C2orf88",0.106067928262623,0.471929535109416
"ENSG00000279140",0.253962102025573,0.472153390383488
"ENSG00000307834",0.373178126523592,0.472305445803874
"VTN",-0.090974536635337,0.472336144636977
"NARS2",0.06846011583831,0.472756666480824
"MINDY3",-0.0593580040705852,0.472763871002632
"ABCG2",0.0748091816895761,0.473046973591697
"LOC102724135",-0.465873679377178,0.473062632290427
"SELENOH",0.0734603991435001,0.473090632149448
"PITPNC1",-0.228835603843128,0.47311786203427
"TOR4A",0.0577459049232783,0.473215973622214
"EBLN2",0.163601943861445,0.473228345411702
"ENSG00000293721",0.428404168606715,0.473264819759148
"ENSG00000260698",0.338874993975702,0.473406296968307
"MYO1D-DT",-0.269828057993427,0.473471332491912
"KRT19",-0.268133186189383,0.473594275558757
"RPS15AP30",0.23798159774585,0.473644804404767
"TMEM126B",0.0500020988898665,0.473820923158272
"EMC7",0.0685683944371785,0.473887226979291
"FHL2",-0.198195693602618,0.473911574126169
"ENSG00000276408",-0.464929980301259,0.474066884498427
"ENSG00000288187",0.121309312713957,0.474500020926016
"SLC27A4",-0.0648374356868727,0.474929645229875
"ENSG00000261451",-0.389938080648161,0.475099647552875
"LOC102723360",-0.216751983394698,0.475151450548034
"ENSG00000288999",-0.147786455272096,0.475567757395963
"AFG2B",0.0593389902454349,0.475576565644984
"PSMB5",-0.0687616314517964,0.475945841001505
"BRF2",-0.069353952717492,0.476155585139018
"RRS1-DT",-0.350240004398059,0.476625602251717
"ENSG00000294960",-0.203123173108088,0.476701606762388
"LOC105373305",0.2670075400829,0.476766130067554
"DPF1",0.101248827259617,0.47697101754718
"SLC17A1",0.285422156090065,0.477114457727557
"ELP5",0.0428530329554478,0.477140281933973
"METTL8",-0.0507009240719827,0.477161293829015
"RPS6",0.0699141851247438,0.477281734712357
"MAP3K15",0.057629917504293,0.477377531307492
"ERCC2",0.0411371842724066,0.477627210589516
"LRP12",0.120647112973003,0.47764093282789
"ENSG00000286652",-0.277614551982467,0.477961484908729
"ASH1L-AS1",-0.0977159610811693,0.477985500030551
"ENSG00000271384",-0.346158923046659,0.478008212450202
"EPRS1",0.0626741222135588,0.478148610455712
"CLTA",0.0806838689129509,0.478218464926193
"ENSG00000279880",0.236208369202449,0.478337111970001
"ENSG00000260317",0.248122477092346,0.478445678398634
"SOWAHC",0.045447017901991,0.478498114226102
"SEMA6B",0.0804697229255402,0.478526457811678
"LEPROT",-0.0408049542993365,0.478660783386039
"MNAT1",0.0645994893437963,0.478676556644524
"ARNT2",-0.333778518087786,0.478716228881864
"TBC1D3C",-1.13381022335122,0.478720425635844
"TBCCD1",0.0746126537007378,0.478832693644181
"ANAPC16",-0.0446123664043406,0.478932765702835
"GIN1",-0.103176694356784,0.478982683291556
"LRR1",0.064531216692334,0.479032747698821
"PDIA3",0.0714331365021735,0.479300969390985
"ENSG00000249021",0.452948258199505,0.4794772976668
"NPIPB5",-0.0654818503386809,0.479504304238657
"GPR137C",-0.114985073985779,0.479914068300802
"ZNF184",0.084687277093819,0.480186644450363
"NUTF2",0.0529801737322047,0.480227666432664
"NAALADL1",-0.130907035055893,0.480327818839352
"TTF1",-0.0637508493096977,0.480445190852298
"DKC1",0.0480705463960479,0.480485528676898
"ZNF519",-0.0738044523416186,0.480558060442968
"CRIP2",-0.0752525050878685,0.480807879435582
"XNDC1N-ZNF705EP-ALG1L9P",-0.295085828111879,0.481248611814586
"INTS3",0.0481637082101185,0.481447534818186
"AADACP1",-0.200726314295346,0.481455727145744
"L3MBTL4",0.0558244926185379,0.481560514165663
"ACTG1P14",-0.329610693188207,0.481627645926144
"SALL4",-0.124538432671582,0.481793687389412
"ENSG00000228791",-0.225132129927517,0.481800049046413
"GPR153",0.193601942108727,0.481819152284484
"UBL4A",0.0591658807178015,0.481968365295945
"REXO2",0.079407335927211,0.482263808672178
"ENSG00000234160",-0.266585043317763,0.482306147039984
"UBE2Q2P2",0.104366185495694,0.482359479537096
"TP73",-0.0879597674109721,0.48259888194035
"CDC16",0.0494552022704895,0.48265582396441
"GRINA",-0.0642186151658809,0.482694087002554
"ENSG00000289437",-0.262188211681637,0.48282643507478
"GUSBP15",0.151712746916933,0.48302546760525
"LRWD1",-0.0523436846886129,0.48328130622267
"SNORD17",-0.180398993070285,0.484029792111407
"TEAD2",-0.0884267200449083,0.48411721620328
"ENSG00000251485",-0.229341021314467,0.484118611012707
"MMADHC-DT",-0.119628763951053,0.484512420518707
"CHMP2A",0.0655047863449656,0.484513477561282
"ENSG00000304960",0.582950627029973,0.484599420373911
"SNORA73B",-0.149128337670876,0.484841936310927
"ENSG00000279077",0.269556968507312,0.484917258719423
"ZBTB45",0.0662375051005135,0.485116783500994
"PI4KAP1",0.0692740953811273,0.485698554073339
"DGCR5",0.505448251942576,0.485788588534324
"PRKCSH",-0.0687994396450356,0.485826822048226
"ENSG00000276997",-0.381305211220823,0.485843519256273
"ENSG00000217702",0.335198042306982,0.485912984576016
"AFAP1L1",-0.22076387480034,0.485951127590539
"SPMIP5",-0.111057553803336,0.485971137810155
"EZH2",-0.0477842789841748,0.486057939245977
"UFC1",-0.0703340422299056,0.48606397549597
"LIM2",0.498282996256397,0.4862128132535
"SF3B5",-0.068142724361663,0.4862355638155
"ENSG00000308752",-0.277155093420752,0.486300585646288
"ZNF90",0.0840112546343933,0.486318325585063
"TMEM236",0.322267423952497,0.486351576539496
"MTRF1",-0.0560212796843077,0.486367579533208
"TTYH3",0.0519032274990319,0.486499817853612
"MISFA",-0.255651470676006,0.486634723344366
"ENSG00000224861",0.16953051752076,0.486954744179823
"ENSG00000233775",0.122543470318155,0.487095876085848
"ZNF512",0.0419744308444381,0.487262451143473
"ENSG00000273568",-0.304044006076846,0.487345687828605
"REEP2",-0.150901100458918,0.487448708756504
"USP37",-0.0469005151701819,0.487646124603885
"LRRC49",0.210832997215356,0.487766389385541
"UCKL1-AS1",0.185358639526284,0.487965230934444
"ZNF383",0.103222155702592,0.487996481895032
"LINC02015",0.202284902767227,0.488130600635039
"FKBP1C",0.17910345998729,0.488195580335149
"METTL6",-0.0623786963086281,0.488225215216839
"PRPF4",0.0441235607414884,0.488383461266754
"ENSG00000251131",0.318829632629393,0.488423566736712
"GOT2",0.0521588615095882,0.488434902094224
"ENSG00000297575",-0.17471739131433,0.488435541336648
"NBPF15",-0.0634012054591825,0.488444960547621
"SCAT1",0.225637419439811,0.489205236490418
"ENSG00000290928",-0.0804708809948103,0.489215463070082
"DUSP7",-0.0740240605205071,0.489275991218199
"ENSG00000196741",0.107271225702592,0.489303615237902
"ZNF551",0.0889541828691721,0.489803606308317
"PNLIPRP2",-0.2342169021028,0.489811218862117
"ENSG00000231125",0.393883476609663,0.489818242541425
"TMEM183BP",0.355347631097772,0.489906756535043
"PPP1R3C",0.091177880576846,0.48995247960642
"TGS1",-0.0597961613608831,0.490406183472024
"SIX1",0.0889696842763562,0.490464112678771
"LAMA3",-0.249860818890804,0.490467605657076
"MRPS26",-0.0654153596523043,0.49067017057102
"HSD17B14",-0.26786235155704,0.490772205809924
"EVPL",-0.0875588448620141,0.490925333308651
"ENSG00000290957",-0.0928948660735023,0.490950654635132
"ASB6",-0.0603079609652274,0.491588022547278
"LOC105372401",0.285232164191918,0.491978185067215
"MAST1",-0.166274138836406,0.492057326892171
"SLC26A2",-0.0818369734102331,0.492260942492721
"BHMT",-0.113446637655755,0.492315608349639
"CDKN2B-AS1",0.533402851244686,0.492475160799355
"C1R",0.120253817308554,0.492610598746831
"ENSG00000260920",0.0782160863498315,0.49265580259981
"ENSG00000214465",0.411521351835406,0.492918384343235
"PLA2G2A",-0.287839938828062,0.493274105541434
"MEST",0.0406333509991654,0.493323422450328
"GP2",0.233533443790405,0.493491864839571
"ENSG00000289023",-0.165370718451003,0.493522836679183
"ENSG00000259370",-0.318366848666064,0.493717022464607
"CDCA4",0.0498441881688727,0.493942476987331
"H4C16",-0.172373993253782,0.49408839281266
"ENSG00000171570",0.586415275105923,0.494226324046683
"ENSG00000226622",-0.243506801875186,0.494255872443345
"BHLHE40-AS1",-0.169378088100542,0.494297243575387
"ENSG00000251666",-0.266620083334015,0.494327136660047
"CDIPTOSP",-0.264727594971316,0.494384153936425
"NDUFA12",-0.0556933461612491,0.494451973618459
"ENSG00000303479",0.399158183621734,0.494580349346118
"LNCSRLR",-0.458607364492606,0.494585192740325
"TMEM41A",0.0959245151289764,0.494645467738975
"ENSG00000301406",0.152633233824294,0.49464981620885
"NDUFA8",-0.061250911731333,0.494649989023038
"PALLD",0.268060744905698,0.494896814036223
"ENSG00000280303",0.386578668771306,0.49497327336079
"FAM162A",-0.0591291577826887,0.495357243421372
"SEMA4B",0.0648622294744224,0.495939784422427
"RPS2",0.073092708971515,0.495960369059766
"VMA12",0.0495896566184484,0.496071006654605
"ENSG00000284776",0.144848226112896,0.496204265219322
"ENSG00000186704",-0.129469876107698,0.496207587967619
"FIG4",-0.0740384775948412,0.496228857410573
"S100A11",-0.175493791715406,0.496333859632982
"DLX1",0.222872311648053,0.496401484851346
"GALNS",-0.0556931844411825,0.496409129497285
"KBTBD6-DT",-0.294331363848268,0.496461753635536
"ENSG00000278987",0.184564554752912,0.496520161944517
"LSM3",0.0630121071811096,0.496556835400338
"FHIT",0.0670848928970424,0.496647461865283
"TIMP1",-0.221312021574475,0.496648499603139
"ENSG00000285531",-0.244990929509774,0.496968805468034
"UBE2T",0.0583752871587312,0.497017191504138
"RFNG",0.0731546176234975,0.4973584884394
"ZMYND11",-0.0422150052147599,0.497450897164507
"CLTRN",0.170111038847799,0.497471092090129
"ENSG00000279722",0.215831472959254,0.497544967036772
"DDX55",-0.0516367117922262,0.497631798216053
"ENSG00000229750",-0.264722820601363,0.497782696428704
"DHDDS",-0.0569370449154572,0.497941291214324
"MIS18A",-0.0609958326886436,0.498027423626336
"ATPAF1",-0.0596199384727093,0.498150817820749
"ENSG00000286129",-0.0929493531011189,0.498252644979614
"MORN3",-0.156091491506131,0.498295520058009
"FAM151B-DT",0.053146269832976,0.498381650050985
"UBIAD1",-0.0680646453625535,0.498453591928278
"PIM3",0.0529798487639884,0.498503643491932
"PPP2R3B",0.0647110915639375,0.49870508497934
"ENSG00000305954",-0.341271828135786,0.498777153587546
"RAB13",-0.0700098698353489,0.498781699077233
"ERCC4",-0.0576718219333937,0.498961722333304
"ENSG00000279026",-0.141879284171459,0.499054624211296
"CES3",-0.092937657618676,0.499198627209105
"MTG1",0.0529400640423334,0.49937089360863
"ENSG00000303940",-0.203576471404156,0.499375331781622
"THRB",0.0973620935163377,0.499406703597911
"EMBP1",0.110138477379681,0.499533820435062
"ENSG00000284969",0.533663867442461,0.499629245087218
"ENSG00000248019",-0.132881349355817,0.49967447717599
"AGBL5",-0.0610693580100022,0.499756372504638
"ELF5",0.417925551611166,0.49986760049848
"LMTK3",0.0909321257292193,0.500729833004741
"DNAJC8",-0.0518501396517412,0.500979565485626
"SLC7A7",-0.390515613438139,0.501050339531205
"TXLNA",0.0443480743467027,0.501330973788572
"UGT1A10",0.404240254108553,0.501337264894964
"LOXL2",-0.295769577467911,0.501610425505638
"ENSG00000295570",-0.308757729815154,0.50164714469997
"ENSG00000303221",0.162353564739257,0.501975408031774
"ZFAND3-DT",-0.431256636591078,0.502038989693552
"PTPRG",0.050286985380841,0.502114562002077
"ENSG00000255234",-0.188111901793317,0.502230555330934
"PAFAH1B2P2",-0.221596890265097,0.502521406048461
"ENSG00000274943",-0.329730522101454,0.502561040359457
"RIPPLY3",-0.471518522844866,0.502581782656931
"KRT23",-0.179328809043714,0.502715205795764
"ENSG00000286529",-0.257237485759898,0.502934087711267
"TEX29",0.225577918928663,0.50337275609471
"HPRT1",0.0683509580892497,0.503388443697531
"BRI3",0.0675285090084674,0.503559780420105
"INAVA",0.0791751549514743,0.503750300935477
"ACADM",-0.0556770962762839,0.503985213540334
"TM7SF3",0.0689848325086429,0.504459209743482
"RSU1",0.0853499629055869,0.504551925763905
"FRMPD2",-0.277511407672172,0.504644849635414
"CCL15",0.101934550067955,0.504989891507733
"FGF11",-0.132072698177137,0.505153690978343
"ENSG00000253190",-0.389583135471456,0.505252165318777
"ENSG00000267303",-0.0756604509725249,0.505370864453237
"GLRX",-0.107372385465637,0.505414578561959
"NME6",-0.0477023176104838,0.505436763269152
"SUGCT",0.0668443717659572,0.505582986554961
"RCE1",0.0587793120307645,0.505615385476806
"RASGRP2",0.487171169168987,0.505766155546717
"RACK1",0.071331072137629,0.505817641572115
"HSP90AB3P",0.228893486603765,0.505825583229349
"PRUNE1",0.087060187829249,0.505980131280947
"GGT1",-0.05505238754876,0.506037295115873
"GUCD1",0.0496064464831079,0.506288572115915
"TSPAN33",-0.0510772237803151,0.506302353259765
"ENSG00000281469",0.20418006042384,0.506584692834157
"IKBKGP1",0.44643804458742,0.506615223035216
"MYBL1",0.0693905328459168,0.50691746614824
"DORIP1",0.0750668045614763,0.506996165879236
"ENSG00000293920",-0.175119291122096,0.507002982323582
"ENSG00000301562",-0.385316988251182,0.507045765463755
"MTCO3P12",0.359617168898613,0.507388339421606
"ENSG00000261542",0.17134940647852,0.507407048925786
"ENSG00000273254",-0.267356527562511,0.507499919946105
"ZNF573",0.127309386757822,0.507531183770607
"TBX15",0.12784128012883,0.507628228151228
"SNHG32",0.061548156401607,0.507674045165999
"ENSG00000260742",-0.111132528241016,0.507686716721351
"ZNF829",-0.141959996038186,0.507757195784653
"MANF",-0.0695890472416887,0.50829762719419
"NEMF",0.0469891988451898,0.508424961604046
"DOT1L",0.0491093205837773,0.508735272332735
"TSPAN14",0.0655370702378725,0.50890852922334
"ENSG00000248727",0.0765651767617088,0.508952596375648
"ENSG00000267250",-0.25062891072019,0.509170148592692
"RNASE2",0.337325763406445,0.509282926907922
"ZNF197",-0.0778490102507686,0.509307598877829
"RPL18A",0.0719866262501267,0.50931556677587
"ENSG00000277229",-0.253235896075039,0.509350051568885
"SCRN1",0.067690279540603,0.509531548586835
"CA11",0.297803607033355,0.509537102706392
"NDUFS6",0.0707552419057113,0.50962392452551
"ENSG00000278952",-0.173403921514554,0.509671170919811
"LOC105374312",0.20011875243606,0.509767766827409
"PLAAT4",0.28388568451641,0.510208099033813
"RTEL1",0.0655279980081652,0.510488765397918
"TMEM240",-0.240113665803136,0.510515448963321
"VSIR",0.32177212147571,0.510714447424883
"ZNF710-AS1",-0.296915088795934,0.510931182406527
"C19orf44",-0.0618579908329176,0.5109501260558
"ENSG00000279718",0.218578962459209,0.511322046562348
"ENSG00000304706",-0.31758393161376,0.51142111340287
"ENSG00000258377",0.234667682173479,0.511526937257945
"CNTF",-0.270454310475343,0.511744124130163
"IL17D",-0.139043442277687,0.511822618616834
"ENSG00000288923",0.381195327920877,0.512461534347261
"FRMD5",0.262772583241534,0.512508756972814
"RDH12",-0.122198507739811,0.512531966920726
"ALG5",-0.0736384966769638,0.513102199733752
"ENSG00000276550",-0.128700050126029,0.513108202269127
"ENSG00000270061",0.242783484715794,0.513406889396144
"ENSG00000237757",-0.34199087695408,0.513471128873628
"ENSG00000279209",0.474591198427324,0.513607052724342
"PGLS-DT",-0.109277357025601,0.513949535043447
"LINC02538",-0.351090440383274,0.514080253869672
"EFTUD2",0.0470094550193883,0.514216126877927
"ZNF816-ZNF321P",-0.900199053046166,0.514233442685267
"ALKBH6",-0.0573324070245487,0.514278009512781
"RPL36A",-0.0788329259113575,0.514507622260842
"SNHG17",-0.0633275585430704,0.514553246336839
"ENSG00000288550",0.147435883981178,0.514829008936177
"ATP6V1G2-DDX39B",-0.818018752844471,0.514900543811545
"ENSG00000291094",-0.571481738071155,0.5149186274003
"AQP8",0.226274017734255,0.515080886348662
"POLH",0.114036576768481,0.515512351029684
"COX6A1",0.0583296740878907,0.515633290820915
"ENSG00000280184",0.36890578409671,0.516468708581806
"ANXA11",-0.0544565865025966,0.516523671238732
"ZNF761",-0.0450427831564272,0.516644766513467
"ENSG00000293255",-0.600124941787963,0.516770876296212
"SSH1",0.0508830953035662,0.516809288689023
"CXorf38",-0.0755373708453902,0.516822427804746
"ERGIC1",0.0437924199434576,0.516831862188479
"HEBP2",-0.0491584532632488,0.517098754178143
"OSBPL6",-0.335852746043425,0.517131813635275
"PRDM12",-0.234877944695559,0.517314084803758
"BCYRN1",0.121885434209274,0.517504800213721
"PPM1G",-0.0565497868240356,0.51755847108579
"ENSG00000259917",-0.135236487881509,0.517586440626838
"SIAE",-0.0490785359270363,0.517593292566235
"ZC3H12B",0.10230161639945,0.517716173915324
"ENSG00000188185",0.0798033038339617,0.518237367368773
"GSTM3",-0.0609624577910539,0.518410078774186
"RDH10",0.0670746346981192,0.518474989344722
"LINC00622",0.862183578524102,0.518669871043767
"INTS7",0.0457548269868815,0.518701072775709
"DYNC1LI1",-0.0607699797174281,0.518961455530518
"NHERF1",0.0653834707080033,0.519219483155297
"INTS14",-0.0463398213104173,0.519593492849392
"HPGD",-0.24445310594167,0.519638081627355
"MSMB",-0.499445450174239,0.520321475357476
"NOD2",0.377059858302749,0.520359747291343
"AGRN",0.0721286515155132,0.520408920678984
"ENSG00000289402",0.0951812369732201,0.520549719484712
"ENSG00000278601",-0.725375842593461,0.520672217739087
"CA9",-0.135788043597024,0.521354337296742
"ZMYND19",-0.0464324738643185,0.521390743909406
"RCAN1",0.0591566757817254,0.521577520365051
"CEP57L1",-0.0627552582367814,0.522046576416272
"SLC25A43",-0.066887578635331,0.522239464607255
"RPUSD2",-0.0621535237249897,0.522345631629124
"EIF3H",-0.0656208912536157,0.522585760144953
"SMG8",-0.0520232556316138,0.522787873057089
"PON2",0.0409582036839484,0.522878536847328
"MANEA",0.0558810002330133,0.523251786977471
"ENSG00000288948",0.220717065054944,0.52349802299871
"ENSG00000276148",-0.435177648320041,0.52356319393775
"SNHG11",0.0565962655224513,0.523628164987935
"ATP5IF1",-0.0473996509657426,0.523954221659589
"IHH",0.174333588980819,0.52408193542829
"LOC102724351",0.201181031797506,0.52425426187447
"DDX50",0.0642569985218978,0.524366790156991
"ALAS1",-0.0544786507563534,0.524397871393777
"CHD7",-0.0422952784531485,0.525103637327248
"ENSG00000284686",0.458781375243306,0.52533580506624
"ENSG00000272338",-0.144761097137924,0.525593692974384
"RPL38",-0.0780976526542808,0.525636892856022
"ENSG00000259642",-0.127725039839111,0.525757560975298
"MAP1LC3B2",-0.213396597893347,0.526129753485024
"MARCHF3",0.086478627022936,0.526552304333037
"LIN7B",-0.0957318422902457,0.526996790526241
"CARD8",-0.0536575577401481,0.527111739494942
"ENSG00000272692",-0.110336638420654,0.527298527176112
"RNU4-1",0.356235547863904,0.527303257494359
"TXNDC15",-0.0585052568121123,0.527395828273634
"ARL14EP",0.060433283094738,0.527496730900212
"ENSG00000286239",0.320981776719175,0.527651601657504
"ATP5MC2",0.0475927110482901,0.527854655988511
"INPP1",-0.118911167842045,0.527888364364274
"ENSG00000310387",-0.248566842572318,0.527998313849371
"RBPMS2",-0.250101479353498,0.528001157256031
"UBR7",0.0474382505056762,0.528096519639704
"ZC3H18",0.0420500829883679,0.52847068926696
"ENSG00000229178",-0.255076523552369,0.528505176681579
"ENSG00000288939",-0.302704906693462,0.528551360530242
"ENSG00000180015",0.284500089877458,0.528673006829446
"ZNF213",-0.0645449107583548,0.528707997074221
"ENSG00000279528",-0.158179848299998,0.528849840982139
"RPLP0P6",0.14153823440349,0.528991141278514
"NLRC4",-0.322093693726364,0.529011267619708
"ENSG00000253194",0.209348500008262,0.529280149303075
"ENSG00000287160",-0.185998168298689,0.529430940723975
"MSANTD3-TMEFF1",0.154381688244315,0.529682073620959
"NPLOC4",0.0383673142405726,0.529849968635944
"ENSG00000282885",-0.330675330724637,0.530172962873942
"COMMD8",-0.0709291765769179,0.530227786701
"ENSG00000260160",0.202186860510782,0.530254470181722
"ENSG00000289627",-0.273737039742586,0.530394850378508
"PTGES3L",-0.162049443119407,0.53044119671289
"POLR3F",0.041769396794111,0.530505378629486
"ENSG00000308327",-0.249928048067958,0.530513745089198
"ENSG00000287839",-0.223679221684242,0.530539173631189
"ENSG00000249494",-0.286049039336683,0.5306093220687
"ZBTB4",-0.0516600981561226,0.530683990264419
"YIF1B",0.0520286167904845,0.530781155890235
"HDAC10",0.0610247449836124,0.531010140196981
"GAPDH",0.0762749978452631,0.531058161028824
"C9orf153",-0.240172412389856,0.531078511472388
"DDX25",-0.332565255159656,0.53120355160152
"ENSG00000289334",-0.261206571044504,0.531232175991744
"ATP5PF",-0.0529564524227895,0.53131626218497
"ZNF613",-0.0955556544534932,0.531365510737333
"HOTAIRM1",-0.261854666085202,0.531501407341332
"ZNF555",0.0697740968971626,0.531668530669786
"RESF1",0.0485827019708295,0.531835172678607
"ENSG00000235090",-0.229281997754509,0.532139959784777
"RPL17-C18orf32",0.220677871327297,0.532373056793648
"AP5S1",0.0543751812866983,0.532563946842078
"TCP1",-0.0495066132811899,0.532702650366422
"ENSG00000226179",0.257325219724586,0.532850412283216
"ENSG00000292342",0.257325219724586,0.532850412283216
"ADCY10",0.383195913106333,0.533237516952769
"EHD3",0.295631059848384,0.533529616641138
"ENSG00000303075",0.32973138405147,0.533587394203412
"IFNLR1",-0.0502211721713864,0.533964938829881
"IAH1",-0.0539194430028475,0.534245827517631
"TTLL1-AS1",-0.277197149451177,0.53425862655747
"FAM27C",0.141696060968665,0.534507455250147
"ENSG00000304945",-0.263467995139462,0.534514207584155
"PGLYRP2",0.251873429022574,0.534588264515845
"EXOC3",-0.0450269897553207,0.534689707590839
"CYGB",0.077600103782554,0.535445987087558
"N4BP2L1",0.0486121844930682,0.535802134108121
"TRIM65",-0.0596049049378264,0.5360907607653
"LOC124906276",0.14930664273676,0.536409267250386
"DERL2",0.0496902609368164,0.536631465206703
"MEGF6",0.128656885327688,0.536675215518624
"CCT5",-0.0557568331387459,0.536912314352161
"TPP1",0.0581337189552745,0.536928148443975
"SNAPC1",0.0674650875769594,0.536995528126555
"ENSG00000273189",0.21428656801397,0.537212174451036
"B4GALT1-AS1",-0.302007906755317,0.537385323858784
"SSB",0.0521708966709405,0.537573598861495
"BAZ1B",-0.0418148208671163,0.537692309831379
"ENSG00000288473",0.0990444972938936,0.537942101720752
"TCF20",0.0364047029874814,0.538174615909755
"ENSG00000291264",0.157315978636034,0.538182044715779
"ENSG00000226510",-0.512204393884565,0.53820389316444
"CORO2B",0.349812090631219,0.538655492080493
"LRFN3",-0.0588827877093522,0.538711241845602
"ENSG00000306953",-0.295558963970471,0.539077209227046
"CLEC4A",0.355187309438284,0.539168689553776
"EEF1D",-0.0471231080320376,0.53930659149145
"ENSG00000260420",-0.261823542888014,0.539341719769135
"ANGPTL2",0.123809115362504,0.539486364938195
"ABHD10",0.0425550378351891,0.539776816227591
"ENSG00000275441",-0.157681053017914,0.539998871644325
"ILKAP",0.043266563479185,0.540121102878871
"GPN1",-0.049503114672957,0.540358745717684
"RPL36AP37",-0.112401151026143,0.54037314256083
"ABCA4",-0.17033855117173,0.54038837896506
"ENSG00000271797",-0.197314279930269,0.540420231542522
"FRG1BP",0.0618575658826567,0.540444819647154
"KCTD17",0.0924535772459864,0.540690132366421
"SPHK2",-0.04846287987022,0.540730677418038
"RPS23P8",0.165796488496188,0.541222924340158
"STX17",-0.0432016444623957,0.541258923371016
"CFAP92",-0.350849259265936,0.541355687488923
"CCDC93",0.0396848857577661,0.541649386197648
"CARMIL1",0.228590712313427,0.541758984476453
"ENSG00000179818",-0.569022780476583,0.541788613596258
"TVP23C",0.068125523150698,0.541826471647597
"DGUOK",0.0513616739123019,0.541905656945414
"PNMA6A",-0.146756635541457,0.542014771230663
"LCMT1-AS1",-0.243452945282062,0.542224545542664
"ENSG00000279198",0.340573208190051,0.542336601603014
"LOC105373554",-0.306808965174938,0.542448625377227
"AACS",-0.0374070930155823,0.543226899536606
"ENSG00000268603",-0.358244284725777,0.543323343999186
"TBC1D2B",0.0475800810536644,0.543352163499488
"NHLRC4",0.186504590257721,0.5437531680552
"ARB2A",-0.0672815316426094,0.543769602537943
"ANK2",0.0654775537049297,0.543834360550257
"MEG3",-0.613352780105534,0.543861382232172
"ZNF416",-0.0816454063446476,0.54389189228995
"PTDSS1",-0.0508142272634666,0.544237122131044
"RNASE13",-0.371597084248027,0.54458275694865
"IL20RB",0.163388645176208,0.544622134878263
"YIPF1",-0.04810991326184,0.54476912965871
"SNORA48",-0.225676286135603,0.544832879262738
"VCAN",0.138530603739879,0.545292788947274
"DYNLT3",-0.0602834960757576,0.545332916908953
"ENSG00000269930",-0.308765916580531,0.545379346255738
"BCAR3",-0.0855725744838873,0.545442543132802
"C19orf25",-0.0454669994733698,0.545999032206144
"MAST2",0.0348604953662877,0.546104331625632
"MACROH2A1",-0.0365904913810768,0.546457868624413
"ENSG00000287601",-0.569689432999896,0.546518788532893
"ENSG00000283149",-0.120670387992275,0.546651202717746
"ENSG00000280152",-0.0674251498058601,0.54682448051819
"FGL1",-0.122321099425829,0.546890614298766
"GALNT8",0.242540396453664,0.546899924732522
"LTV1",-0.0444624170197314,0.547207076580782
"ENSG00000273062",-0.19570425759811,0.547211550571503
"TMSB4XP4",0.271550151746792,0.547307664830957
"ALDH5A1",0.0368584759264281,0.547466796062842
"RBAK",0.0421414058209547,0.548007368856084
"SMDT1",0.0572943457499047,0.548076687050439
"SERTAD1",0.101295809651334,0.548103882339958
"MIPEPP3",0.112891571544976,0.548155327993736
"ENSG00000204959",0.217369817051089,0.548207195064214
"FKBP3",-0.0436150417466448,0.548458271040785
"ZNF713",0.0877932639743931,0.548593081361461
"GNMT",-0.192370010649235,0.548755226867014
"ITGB3",-0.389042331467931,0.548786464687964
"F8",-0.316071395274946,0.548977945946099
"RAB17-DT",-0.224513891616343,0.549165077233972
"CFAP46",-0.288595221055143,0.549227167296676
"ENSG00000211459",0.141293544248812,0.549300047625993
"CHAMP1",-0.0528077362223047,0.549394576001746
"IDH3A",-0.0482300906559412,0.549959586281041
"NFIL3",-0.0477567778125658,0.550088380209941
"TYW1B",-0.0707646904866986,0.550402310328397
"ENSG00000273174",0.443232811372287,0.550771039949298
"ENSG00000243609",-0.329471056076232,0.551004655600244
"COX6C",0.060928456238887,0.55133797144218
"MIEF2",0.0590371684504217,0.551457695117114
"ENSG00000290315",-0.165268105309781,0.551754780071403
"ENSG00000272037",-0.349950336816116,0.552126331493228
"LRIF1",0.0449061494291774,0.552506773919982
"SNRPC",0.0465058379900422,0.552603707762766
"ENSG00000300074",0.11913281599227,0.55278670198538
"CCDC28B",0.12997084089428,0.552842286839079
"ENSG00000291262",1.0908655727548,0.553053373507752
"ENSG00000286115",-0.122526036255122,0.553196227377996
"ENSG00000231991",0.25200585629874,0.553278737954177
"SOX15",-0.315019132145534,0.553686653266769
"ENSG00000253428",-0.238309716816436,0.554008006144653
"PWP1",0.0415585320271073,0.554051730614342
"GEM",0.377122464145451,0.554079367606589
"INTS13",0.0647477585174705,0.554116384081414
"ZNF749",0.0692740556194416,0.554140525097967
"ENSG00000265478",0.435701553387818,0.55418386714004
"MT-ND5",0.144861265141393,0.554299071908175
"ENSG00000235316",-0.120319923106202,0.554357889068961
"SCARNA13",-0.39492028975018,0.554411426456134
"ZNF236-DT",-0.19968372865597,0.554548828767013
"LOC100420580",0.307508857286678,0.554756956969801
"NCK2",0.0512828406250825,0.554767223635583
"GRAMD1A",0.0734361669036285,0.554989269588503
"ENSG00000240801",-0.112914429104465,0.555060349872359
"EPOP",0.0725859277529012,0.555076808111827
"ENSG00000275479",0.259870579691784,0.555374002145646
"TNK1",0.0671312590667476,0.555550700710297
"ZNF35",-0.151944824860361,0.555909828352183
"FLRT3",0.182282033322537,0.555910907008071
"DNAJC17",0.0623212412945851,0.555967591560898
"ENSG00000248406",0.296886754907941,0.556127720330123
"CD163L1",-0.108998591449139,0.556666883473181
"SERPINA4",-0.0870575982945174,0.556724179097555
"ZNRF2",0.0528978001390131,0.55678884561201
"UBA6-DT",0.0489415143215145,0.556979724558242
"HR",-0.203610301442731,0.557037069510401
"UMPS",-0.0393435734067436,0.557308777600193
"ENSG00000295671",-0.0659229164767499,0.557340894119336
"ZNF668",0.0519733732461239,0.557953233756327
"C20orf96",-0.0514983236565971,0.558025442580171
"ENSG00000232024",0.0966254280071894,0.558337303993086
"SLC27A1",-0.0608678044760493,0.558393195003976
"ENSG00000287895",-0.263988769658152,0.55856482131094
"EDRF1",0.0409929109584394,0.55876706500159
"KCNG3",0.090425736146666,0.559067409240936
"SOWAHB",-0.191014272352038,0.559170715054276
"ENSG00000204528",0.295148548799211,0.559546208670935
"MOB3C",-0.0918120446846658,0.559557487155569
"CRADD",0.0685711572059525,0.559558159070129
"ENSG00000279227",-0.12703080459082,0.559727266246889
"LOC102724642",-0.070725398288537,0.559758391685628
"ENSG00000305098",0.275015901358271,0.559815221220072
"AURKAIP1",0.0481880787890154,0.559956594923048
"SCMH1-DT",-0.305972262433151,0.559995803263632
"SLC35B4",0.0435499037668021,0.560163253426458
"ENSG00000281849",0.187501473130944,0.560322453025223
"ENSG00000292349",0.187501473130944,0.560322453025223
"RPL28",-0.0684655919203551,0.560711748902922
"RGMB",0.0726626376316512,0.561242331969068
"ENSG00000238260",0.107894774854585,0.561300745950672
"HNF1A-AS1",-0.100974047725372,0.561360692143231
"ARHGAP42",0.0986566597442877,0.561379778490181
"ZNF449",0.075636474929243,0.561509146283177
"NAT8",-0.0744385598539617,0.561557404674339
"PRICKLE3",-0.0561993494304683,0.561781857925751
"LSR",-0.0387856545137194,0.561950632180788
"CYP3A43",0.16644460867892,0.562217858150187
"HK1",-0.306947317237417,0.562405284754129
"CENPH",-0.062083847844146,0.562419496966861
"ZNF257",-0.120420594628453,0.562514916547521
"TMEM191B",0.0827387745275095,0.56251801593994
"GBA1",0.0621106534985329,0.562696211344451
"ENSG00000272563",0.455564877348325,0.562766853094096
"RGS10",-0.236549844149711,0.562937583098926
"ESYT1",-0.0529676872222582,0.563016560780432
"CFAP20",0.0468139946802187,0.563043742369058
"RFC2",-0.0467166176968002,0.563249365459081
"LINC00869",-0.159407858626983,0.563510984185376
"ACP6",0.0480899213811736,0.56356077563681
"ENSG00000273724",0.518253884084429,0.564203893845751
"RRAGA",-0.0695220327642144,0.564350738096587
"SELENOM",0.150252268951894,0.564809296793039
"LACTB",0.0442169517102112,0.564871649560847
"PARD6A",0.136428581270124,0.564892835204146
"UGT1A6",0.224868137761747,0.564907653253835
"ENSG00000260912",-0.107259045204678,0.564932570591322
"HSPA12A",-0.0606802593319418,0.564940121847865
"ZCCHC24",0.0645920681699397,0.56496619950936
"ENSG00000300885",0.5561719306904,0.565257117530342
"RPL23AP1",0.565599657269011,0.565266607488479
"NHP2",-0.068557449265379,0.565445723329658
"SRP54",0.0476916292524897,0.565533746909846
"RDH13",-0.0583009582825877,0.565872769513888
"ENSG00000290863",0.341278137327442,0.565938533170762
"SCAP",0.0444085261299695,0.565938909329195
"CRACDL",-0.261708081143653,0.566163419569365
"KRBA1",-0.057262134537863,0.566292349764417
"HSD3B7",-0.0378923698355704,0.56630380754881
"ENSG00000287859",0.3181026849562,0.566652704417974
"HSPG2",-0.0463819531153253,0.566715394465239
"ENSG00000210194",0.261921715068639,0.566746484469159
"RGPD1",0.313170134816741,0.566847063205313
"RAB23",0.0487691055059513,0.56715990402736
"ZNF589",0.0518489906773424,0.567196422772128
"ENSG00000272807",0.169994559637988,0.567288585865568
"PER3",-0.065936124993593,0.567318342147363
"EID3",-0.197180276607617,0.567672461011647
"RPL5P4",0.194715379631603,0.567853648765257
"IDH2",0.0539413943505147,0.567873567240566
"ENSG00000242735",0.450988209363007,0.567902672752862
"ADO",-0.0464771008974934,0.568138240417681
"ALB",0.104371836868527,0.568196900662122
"SLC25A17",-0.0435031826318513,0.568276358835954
"TOMM7",0.0520446744846336,0.568428162374823
"FKBP9P1",0.361216221609396,0.568435433595671
"TMEM70",-0.0420144991828502,0.568469621485848
"LOC124903491",0.195743934020603,0.568564602361877
"ZKSCAN4",-0.067478086698149,0.56860538384694
"ENSG00000247679",-0.27789829823533,0.568632003747761
"LIMD1",0.0369319094870542,0.568690556912005
"ENSG00000283627",-0.100503552572395,0.568713385236318
"BCL3",-0.0450285500139092,0.568734275782724
"NMB",-0.071196752806623,0.568755089103004
"METRNL",-0.187536734830499,0.568856434376959
"NUDT3",0.032289992823413,0.568959722446471
"CYP24A1",-0.144294588081662,0.568973245227102
"CTPS1",0.0626135592047609,0.568978065839932
"ENSG00000260091",0.233036257174874,0.569034071872444
"ATF6B",0.0568257421916606,0.569044124249049
"CAMTA2",-0.0450238750983229,0.569116280746656
"FARP2",0.0388564127903011,0.569317664326137
"SLC44A3",0.05683088656701,0.56959583483519
"SLC30A6",-0.0436512004098061,0.569918129816007
"MORC2",-0.031892178436134,0.569978782023704
"SSTR5",0.258698780246227,0.570085834337025
"SCARNA2",0.136929625546312,0.570116237622892
"EIF5B",-0.0578348806913828,0.570261755403282
"ENSG00000289377",-0.241002825275329,0.570376860894738
"TMEM161B",0.0518723681116106,0.570401848171932
"TBXAS1",-0.0970632508899493,0.570441616137092
"ENSG00000287742",-0.206485484297819,0.570624912384238
"CRYZ",0.0578104076662285,0.571015996021209
"H2BC17",0.238808273365236,0.571262468758666
"MED16",0.038144482966421,0.571394141683608
"RPS28",0.0558185159288374,0.571455540157036
"NPIPB9",0.288488565217653,0.571476743703347
"ABHD18",-0.057705857066299,0.57148508637865
"CTTN",-0.0375191057745452,0.571617815791102
"RPA1",0.0413948209390943,0.571821763575608
"BCL9",0.0481757078869847,0.57193084545938
"RPS14",0.0479397858552489,0.57195690653968
"PLCD3",-0.0552707431483782,0.572727243651293
"RPL27",-0.0562125176084399,0.572737451414926
"CFAP96",-0.246396898588231,0.572795621806674
"STX10",0.0372211370394652,0.572840626505668
"ENSG00000272768",-0.174945826079222,0.573062066687874
"NCBP1",-0.0332263921308812,0.573253319597704
"SSR4",-0.0716320813860582,0.573435776640138
"MYO5B",0.041190798254245,0.573685250052003
"ENSG00000277806",-0.217668721396401,0.573784615763967
"IFI6",0.0800280199316324,0.574038974401116
"AKR1D1",-0.0858767424147389,0.574074931969436
"ENSG00000279613",0.270231102949751,0.574137964935571
"OXCT1",0.113583140218494,0.574169638538192
"ZC3H13",0.0487605940226887,0.574313694633269
"RASA4B",-0.163516043953472,0.574419272922386
"PHB2",-0.035431413483134,0.574421578875892
"ENSG00000203497",-0.075241465624381,0.574510075083629
"UCK2",0.0413138611055518,0.574723455302049
"VNN3P",0.567562486245803,0.574738509504195
"ENSG00000261140",-0.230873999305994,0.574826837616521
"RNF41",0.043417245730545,0.57496990470767
"ISG20L2",-0.0364703614131155,0.575181234323816
"ENSG00000287093",0.142680150623288,0.575225535648958
"SLC35E2B",0.0361212354422728,0.575314845457792
"ZBTB49",0.0641695707695917,0.575621386551882
"HSPB2-C11orf52",0.194255867480797,0.575704918059549
"PCDHB8",-0.150086180697544,0.575706947009777
"CSNK1G1",0.0513987471397144,0.5758456915189
"ENSG00000249655",-0.261064715193639,0.575969739023172
"LOC728485",0.226681604801325,0.576160410202656
"FAM21EP",0.281564718983841,0.57628096008741
"ENSG00000228719",-0.398034208842974,0.576291489083514
"GRK5",-0.0570530153488705,0.576389862748212
"RAD52",-0.0519817653043035,0.576542564502716
"IFT46",-0.0606484978837952,0.576606054156369
"ENSG00000274213",-0.181538523654884,0.57686655003937
"ENSG00000279423",-0.0899407391047741,0.576970682699056
"ENSG00000241489",-0.096880254336713,0.576998263128798
"S1PR2",-0.123742493905918,0.577166389445688
"ENSG00000259726",-0.127072052573933,0.577347436659814
"SH3KBP1",0.0656099346287438,0.577445330889842
"KLHL32",0.280309202495332,0.577664956692502
"RPS2P5",0.0755906594056737,0.577690795933497
"C1orf54",-0.191262912376009,0.57769255099567
"ABCE1",0.039953411798996,0.577768491065394
"ENSG00000273240",0.2260018232218,0.57813104228176
"POFUT1",0.0378996417005904,0.578192707097685
"SHISA5",-0.0449837620778311,0.57837729222141
"SLC52A2",0.0487782211941831,0.57840711758434
"SGK3",-0.0474408697816139,0.578702211496974
"ADAMTSL2",-0.114883869802954,0.57883487838633
"ENSG00000210112",0.339771943434844,0.578845150265816
"ENSG00000229927",-0.280703304162371,0.578908644992443
"POLR1A",-0.0329293306305512,0.578938499648692
"EIF5A2",-0.0941100159242008,0.579552968504265
"CS",0.0429815717249559,0.579919934242631
"BRD9",-0.0385578424213142,0.58013516890799
"ENSG00000305266",-0.204719841757579,0.580140040632358
"PYROXD1",0.0639191257387326,0.580539137344541
"ITGA3",-0.174014132142372,0.58057317934787
"C6orf136",0.0411274182498202,0.580638510593464
"ZNF226",0.0508275096979514,0.580690410065374
"RIOK1",0.0468867049652658,0.580914622928296
"SLC25A12",-0.0605391872150447,0.581000572091166
"ENSG00000296739",-0.317200201572173,0.581146514308413
"ENSG00000267632",-0.220767837808685,0.581516671888761
"PRKCZ-AS1",-0.229905856032349,0.581544851998218
"DECR1",-0.0347500955053096,0.581766129284163
"TRPM5",-0.498226522610616,0.582037640352768
"FYCO1",-0.0551196626262028,0.582190122613409
"ENSG00000290123",-0.165221464583401,0.582269020397855
"SMIM17",-0.171566946106213,0.582272347042786
"SCRIB",0.0471045304723119,0.58250501258661
"COQ2",-0.051755020579376,0.582626483442812
"F2",-0.0449598984480017,0.582633737290832
"WHRN",0.0609201575333737,0.582667317110856
"SLC25A28",0.0417184964087624,0.582689741477786
"ALOX12-AS1",-0.0670586196502594,0.582717080642633
"ENSG00000235454",-0.328720876537781,0.58275216294071
"ENSG00000288100",-0.210257666607044,0.582782564554428
"ENSG00000307243",-0.166888325478638,0.582843350326737
"NSL1",0.0331176437112004,0.58308703852279
"ENSG00000279852",-0.288221981601897,0.583128225357449
"ENSG00000281344",-0.08949611562534,0.583130216266111
"ENSG00000267185",-0.385892087679641,0.583188987441611
"PRRG2",-0.169575991303336,0.583223363413959
"CEP72",-0.0555377409847282,0.583256005565546
"ZIK1",0.0734208579842539,0.583270248764673
"MAOB",0.0624657021528982,0.583996963745787
"LOC102723564",-0.0622800447248296,0.58438638677478
"ENSG00000278434",0.15523694656011,0.584479164905105
"ENSG00000300989",0.42663148607733,0.584593430653213
"BRCC3P1",0.229856106877316,0.584933171634638
"RNF144B",0.0784017621379213,0.584938399846144
"ENSG00000273893",0.227594418250555,0.585102137889391
"DPF3",-0.078917901542344,0.585326869482258
"ENSG00000289872",0.164923270099372,0.585446997298348
"SEC14L2",0.0950501171944029,0.5856569409093
"KDM7A-DT",0.0785407914373534,0.585949700051786
"IDH3G",0.0467397450822488,0.58621134741132
"LONRF1",0.0383883757050675,0.586285172505906
"DVL1",0.0356980023649669,0.586598322752499
"LINC01091",0.139880762151124,0.586909674330992
"ATP5MF-PTCD1",0.209808602158371,0.58715680844162
"MRPL10",0.0531152503135048,0.58716791739307
"MSANTD2",0.0396768913721069,0.587292191691278
"MMS22L",0.0615960199732961,0.587399059554479
"ZNF417",-0.076890831527798,0.5875765988841
"ENSG00000274825",0.173383114783336,0.588508445696979
"ZNNT1",0.0992940728310082,0.588609846229301
"AURKC",-0.216435239681315,0.589679040370752
"EPHA1-AS1",-0.449340753518214,0.589693885187245
"NPEPL1",0.0782173861082242,0.589809251045646
"MXRA8",0.0554232047179415,0.590029096828778
"EIF4A3",-0.0441634011580576,0.590065921093646
"NPIPA1",0.0443440157577209,0.590249368729267
"HOXA2",-0.115014667346431,0.590249717034048
"ENSG00000261766",-0.200275131011172,0.590338291984575
"NBPF14",-0.0604095036861679,0.590387591501276
"ENSG00000279294",-0.285549155833973,0.590388237872854
"JPT2",0.0358354586864979,0.590457582637666
"SCUBE2",0.324724893363598,0.590539121516094
"DYRK3",0.150924794840894,0.591279871837111
"NOP2",-0.0544795808380385,0.591293355437368
"MAN2B1",-0.0507124314907094,0.591315855742322
"ENSG00000270022",0.33591792688074,0.591604717159782
"ENSG00000305973",0.43316926527048,0.591885395218872
"CEP250",-0.0378887384150942,0.592194776762759
"COPRS",-0.0480606551302871,0.592582443540783
"FBP1",0.247964343110082,0.592600502738389
"ENSG00000296329",0.0610639539994948,0.592719922171566
"A4GALT",-0.371588233705716,0.592746821001425
"ENSG00000288670",0.0855135263620928,0.59277013709044
"ENSG00000251034",0.200873956727405,0.592865860617489
"PDIA4",0.0534902787477312,0.592972433338622
"FASTKD2",0.0356940112724173,0.593008631760858
"ENSG00000288640",0.103798866176026,0.593386491577729
"ZNF174",0.0446342163319476,0.593668279444253
"MTMR11",-0.0826192014842821,0.593762658306611
"WFIKKN1",-0.115307644301263,0.593783390824519
"LRRC69",0.236587676801459,0.593932880933357
"PSMD5",0.0389218958589127,0.594140392920765
"ENSG00000237481",-0.266545751218867,0.594386654550187
"ENSG00000267751",-0.107255952159238,0.594466614483182
"ENSG00000243289",0.193974762272925,0.594493824732138
"COL28A1",0.202808188562866,0.594813475801504
"MON1A",-0.0593843057487036,0.59489295850307
"LRRC8E",-0.0575426389343548,0.594972488079742
"ENSG00000261168",0.155372100729958,0.595203001075386
"ENSG00000299259",-0.52718644362007,0.595340469588313
"SERPINF2",0.0610168651905622,0.595421111276293
"ELOB",0.0571772416042902,0.595464651110515
"PSMA3-AS1",0.0408025818354147,0.595475888991386
"TUBA8",-0.162739214603341,0.595669421696535
"RBM34",-0.0665165819063673,0.595670594782576
"NSFL1C",-0.0325590140612702,0.595773696705514
"WIPF3",0.275208649838681,0.595785691367659
"HSPA1B",-0.072036352167018,0.596172377251267
"FAM161B",-0.0613931290274859,0.596261045469664
"SNRPG",-0.0596979549650002,0.596295026542211
"DDX39B",0.0425766156863664,0.596648464828356
"NT5C3B",-0.0385701498977605,0.59679486241548
"PRPSAP2",-0.0395926172334967,0.597041650167635
"SET",0.04047507152994,0.597086697500145
"ENSG00000263603",-0.277551618871162,0.597274185543442
"ENSG00000205488",-0.367087091708281,0.597304356080712
"ENSG00000293664",-0.18387802829004,0.598213634998508
"ENSG00000229816",0.234508100490409,0.598246666534582
"ITPR1",0.0455287244312099,0.598744809569869
"ATP5MJ",0.045495027977722,0.598757774447585
"PDX1",0.101002914490534,0.598902482735855
"ENSG00000242539",-0.255491611343837,0.598945454647652
"MDH2",-0.0457583719136836,0.598967125997338
"PNPLA3",-0.0497507098977261,0.599092685719628
"ENSG00000272973",-0.222583650862722,0.599180838540315
"SVBP",-0.0468460364512567,0.599228696954646
"TBL1Y",0.206050099899538,0.599380470801651
"KIF23-AS1",-0.130180178909973,0.599532181545269
"FNDC4",-0.086531100860098,0.599627545499846
"ENSG00000309202",-0.217439772669916,0.599682428506146
"CSPP1",-0.0385888644425898,0.600397627551427
"PPIC",-0.0536533294338249,0.600748980053307
"EHBP1",0.0572752071395829,0.601315027797827
"APOBEC3B",0.056221416777487,0.601378845637142
"ENSG00000300026",-0.258439405370288,0.601381469931075
"ENSG00000309777",-0.121446262616166,0.601712400035304
"ENSG00000279649",-0.288754791412363,0.601721115529413
"CIB2",0.116925441344623,0.601912210493744
"ENSG00000260588",-0.214807252395901,0.601971087178192
"DENND3",-0.0570569705794294,0.602039506792888
"ENSG00000303056",-0.223373959513316,0.602060535404412
"ENSG00000217094",-0.243702267029334,0.602148639281561
"CAPN5",-0.0980092423964233,0.602177296640361
"LINC02961",0.296193577271576,0.602454843616957
"ENSG00000271795",0.179938011378116,0.60246811021493
"DISP1",0.0526359427455784,0.602566169495961
"ATP6V0E1",-0.0360914512623759,0.60260267833537
"RNF139-DT",0.0911343526559393,0.602603074518191
"SMARCD3",0.370532382394212,0.602854589086751
"ENSG00000305667",0.383469830723006,0.602963880482779
"ENSG00000286011",-0.229747110898914,0.603069565330619
"MIS18A-AS1",-0.143777724114321,0.603137922846829
"ENSG00000295750",-0.238496328835806,0.603206081802976
"ENSG00000259924",0.265575684056583,0.603238626031148
"ENSG00000236603",-0.205205015341659,0.603414813806967
"RPL18",0.044668882275216,0.603424819156485
"H4C9",-0.402661156910251,0.603810181436056
"MTCH1",0.035905564761645,0.603854918739801
"ENSG00000290110",-0.185849979180573,0.604153636525428
"SNHG21",0.064761555923952,0.604283639747001
"FAM220A",-0.0624849209646826,0.604430250323817
"ENSG00000196381",-0.512387020808786,0.604443439578075
"NPB",0.10997970932539,0.604529940831259
"FAM117A",0.052614505234675,0.604627626648459
"ENSG00000265451",0.192869948373457,0.604728663443048
"VPS53",0.0293127138584355,0.60490716906275
"VPS33A",-0.0350813574996876,0.60502534865245
"ENSG00000297806",0.307254324271918,0.60508255826449
"SRPK1",0.0289430191052097,0.605123251171138
"PRR15L",0.157881578253256,0.605267745275489
"ENSG00000276570",0.0514761107164834,0.605707408093829
"RIOX2",-0.0377366645229225,0.605894601072737
"ENSG00000287562",0.0885996319722173,0.60598807288893
"MED26",0.0499043902249107,0.606355593038551
"ZNF790-AS1",-0.121545923907439,0.606364452072063
"LOC105372266",0.200819708572394,0.606998341428478
"GTF2H2",0.0464716935733565,0.607490766484757
"MYPOP",-0.0443509020798488,0.607687534311733
"YRDC",-0.0578217671143027,0.607693582350116
"SEPTIN6",0.0424030001072373,0.607927451816756
"CD36",-0.119356670217137,0.608475210981394
"ZNF189",-0.0421876335826097,0.608602024451003
"ZNG1DP",0.354491909478218,0.608749437586022
"GLRX3",0.0556346922791858,0.6089065395352
"ATP5PB",0.0370571879457942,0.608951882274177
"OTUB2",0.106258435149027,0.609028259410872
"RIMKLA",-0.0883573258932552,0.609112746155692
"INPP4A",0.0407414683133617,0.609141870559736
"LINC01608",-0.173103040740871,0.609293002408393
"ENSG00000248774",-0.156183453068788,0.609392403752597
"RPL17P6",-0.114258061102814,0.609399288103302
"ENSG00000289032",-0.242089733776742,0.60959338551952
"ENSG00000295095",-0.682041600086565,0.6099274305683
"FUCA2",-0.0524824881247803,0.60995221086749
"RPL17P39",-0.198482629573075,0.610054129116728
"TRPV4",0.120492185011506,0.610072413328616
"VPS13B-DT",-0.153461416281317,0.61008207890868
"LINC02987",0.061239470208217,0.610103646858179
"PCCB",0.0350941542482391,0.610109945840118
"F2R",-0.0588156158786634,0.610154435223821
"HDAC7",-0.0973560324061696,0.610404632098079
"CHRNA7",-0.203470219848517,0.610423104961586
"TMEM132B",-0.205523962658277,0.610527379423274
"ENSG00000267048",-0.284265138852358,0.610927961221133
"ENSG00000234664",-0.0761430741427684,0.61104459012228
"SAFB2",0.0333941786046841,0.611081885898207
"IDH1-AS1",0.110334935050775,0.611148785551388
"ENSG00000289985",-0.0713484716520335,0.611259732805733
"RPS9P2",0.335382453068526,0.611391474945153
"PPP1R9B",-0.0335175650580175,0.611500130491715
"RIN3",0.0365569414677935,0.611670833319406
"SMN1",-0.0472139386269356,0.611885354169745
"GSN",0.0952193807227063,0.611961571446279
"ENSG00000213058",-0.135419588228086,0.612172594444956
"ARFGAP2",0.0332719677103223,0.612537667391817
"ENSG00000225210",0.588957993750264,0.61267859482297
"MED25",-0.0322342479385556,0.612958785132089
"HLMR1",0.136397884181607,0.61336964828896
"ENSG00000230732",0.148781411338101,0.61377981446647
"ESPN",-0.0535546032258293,0.613973121079466
"STXBP5",-0.039722087363244,0.613973832888778
"CINP",-0.0432852454762041,0.613974489645282
"RRAGC-DT",-0.160715756242695,0.61423316707042
"ENSG00000305830",0.176647052315508,0.614360613407001
"SPRYD3",0.0588228906557622,0.614491218711208
"ENSG00000273674",-0.14960677088097,0.614643310448569
"ZDBF2",0.0769331234520486,0.614809824525759
"CAMK2G",0.0489597424428587,0.614996103279497
"RBM4B",-0.0367721596604068,0.61501671674599
"HEMK2",0.043996005044785,0.615331179468932
"CLN3",0.0479745655325695,0.61562872479781
"HSD52",-0.278770284252335,0.615693756830163
"LOC105377940",0.291531994821651,0.615914869112861
"TF",0.103336854422456,0.616064147998075
"ENSG00000260269",0.287129611490785,0.616378232904812
"ENSG00000301128",0.216878386776551,0.616454668697899
"UQCRB",0.0580381605805621,0.616532783086958
"ENSG00000234996",-0.422297058148343,0.616596997951673
"DLG3",0.0453026817294919,0.616736612324353
"ACTG1P25",0.136302180580618,0.617051816905763
"ENSG00000275234",-0.0610133299789556,0.617186735163013
"ENSG00000295624",0.243267251803787,0.617251010888427
"CMTM1",-0.204274255835655,0.617339216222388
"PHLDB1",0.0445161360848534,0.617404846831186
"NQO2-AS1",-0.392520270608181,0.617444010262379
"GFOD3P",0.0347647756218252,0.617479754373299
"ENSG00000288773",0.133282107464041,0.617684502874802
"ENSG00000124593",-0.0392235530059531,0.617751239290025
"UNC13A",-0.186088165133184,0.618100162207496
"MLST8",-0.037448165463173,0.618102169127497
"FBXW5",-0.0422188388554986,0.618375107884526
"COPG2",-0.0380773636610044,0.618478732621674
"FAAP24",-0.0511372809942617,0.618972570576728
"SYT15B",-0.201642076547691,0.619160724731149
"LARGE2",-0.0581439840149558,0.6193142971933
"SMIM24",0.0922954348639873,0.620230245401625
"BGLAP",0.122813877257253,0.620528420602807
"PLAA",0.0373209259713616,0.620666585880601
"ZNF256",0.0550363972988452,0.621092204385174
"KIFC3",-0.0327508361730924,0.621265896152093
"AGGF1",-0.032798944868766,0.621354295024659
"NCK1",0.0556068676876688,0.621388614809448
"PDPR",-0.0391533853739802,0.621438326730705
"SLC49A3",-0.247072216867463,0.621740799300067
"OSGEPL1",-0.0747305552524957,0.621761778862747
"SHF",-0.0445118075828682,0.621813637473582
"ENSG00000305128",-0.229915629245939,0.622136898553797
"KCTD14",-0.0634900312010252,0.622156022459657
"CASQ1",-0.259327174882833,0.62226040089752
"ENSG00000266371",-0.186764993431317,0.622269452514735
"ENSG00000270316",-0.822605712226834,0.622458012792957
"ENSG00000286314",0.164485520649063,0.622690965066372
"RPL13A",0.0489066353921025,0.622708916989766
"DNAAF3",0.155108537350058,0.622795036498338
"HRC",-0.0498793280898773,0.622929918371592
"NSMAF",-0.0358424251331217,0.623004916509335
"PPP1R27",-0.153849019045119,0.623098240558021
"CREB5",0.104039448095563,0.623147882080634
"MT-ATP6",0.0950441900811552,0.623174937968807
"GCDH",0.0515976423592852,0.62317983382019
"RPL26P19",0.169691217374949,0.623452068143812
"WASH4P",0.173258975656005,0.623727983908735
"ENSG00000214176",-0.3760008005011,0.623744965257809
"WDR90",0.0636379269635858,0.62380078432372
"LINC03064",0.104425902160299,0.624626598296259
"GLMN",0.050441132145794,0.624642327029299
"HSPE1-MOB4",0.0824064078452252,0.62514693596047
"BICC1",-0.140957801784354,0.625168560509959
"HCN2",-0.224794179779042,0.625183239900103
"PCDHB3",0.233091307369275,0.625314657082987
"ENSG00000228144",-0.685555179874871,0.625539654849089
"PRX",0.104921082049114,0.625545428244185
"SHC2",-0.0346079425035206,0.625610994610257
"MRPS30",0.0346136446102934,0.625613891208316
"ZNF436-AS1",0.0470122746137451,0.62569081105906
"KLHL12",-0.0407559058465227,0.625753394448925
"GNAZ",-0.0494091763872248,0.625835227131975
"SAT1-DT",0.131110090019929,0.625870964478584
"SERTAD3",0.0385333482461988,0.625906247733549
"ASB4",0.271669344256499,0.626115926163712
"LMO4",0.0459862862452165,0.62646129752806
"ENSG00000254186",-0.275751829813685,0.627070538631851
"GPC4",0.222490894056101,0.627546769849228
"LINC01276",0.30550053232465,0.627606401340318
"ENSG00000290453",0.153559010022143,0.627681928612236
"RPS12",0.052398713312319,0.627866138935751
"ZNF433-AS1",-0.115449860292665,0.627908779803957
"YBX1",0.054162711005244,0.628179445715788
"KLF11",0.0539650649800594,0.628365740937433
"EEF2K",0.0321953621780788,0.628545862570387
"FKBPL",0.0506174130859939,0.628604119378899
"SRP19",-0.0422848130199749,0.628750679974167
"NAT10",-0.0309639084590123,0.628858190904598
"LOC105370878",0.220819536196627,0.628921216929943
"AQP3",-0.137107480912415,0.629195107659576
"TWNK",0.0372948555822308,0.629419789692374
"TCEANC2",0.0512708900978125,0.629582606516291
"TRAPPC11",-0.0367658644784165,0.629720823859448
"FAM53B",-0.0362665558307412,0.629817739808494
"RETSAT",-0.0378638418069949,0.629866641851315
"ENSG00000272969",-0.2925071582965,0.629945284830142
"NBL1",0.109761127715458,0.630001077929596
"ORM2",-0.0554588009415279,0.630056449316126
"ENSG00000275413",-0.288015987718417,0.630409512177677
"RIC8A",-0.0362735035929109,0.630411406930006
"ENSG00000282339",-0.140361122892478,0.630413940610011
"ENSG00000279786",-0.16547756493547,0.630420393996954
"FKBP1A",0.0429321203355847,0.630542643635347
"TUBB1",0.111457550457798,0.630568412564845
"MIR924HG",-0.0582758126610238,0.630899499263447
"LINC01767",-0.146271340719273,0.631106388183518
"ENSG00000224187",0.166233931970143,0.631258103333891
"PBDC1",-0.0354085283766786,0.63145355855534
"ENSG00000230409",0.145830796904312,0.631472980119392
"LOC105370532",0.15683645123518,0.631507962606743
"ENSG00000287787",0.0930188477299126,0.631797269100325
"SRPRA",-0.0320917568289329,0.63187240340558
"ENSG00000251661",-0.323638625504568,0.631925867109126
"PCDHGA6",-0.136057661959015,0.632168818612986
"WDR83",-0.0496226243967897,0.632188642615858
"CCNJL",0.102805947566921,0.632488975733514
"ENSG00000260166",0.259039919313923,0.63260330111711
"EIF4A1P10",-0.109614581790794,0.632794304937694
"CLCC1",0.0350179672215485,0.63290855358841
"SLC35A5",0.0531154776583414,0.633205577651553
"GEMIN8",0.0470145599639121,0.633350740305768
"CTXND1",-0.139385223339934,0.633596367913564
"RPL7L1",0.0288481835198936,0.63376999582601
"ENSG00000259781",0.0445459879076483,0.633925549365172
"ENSG00000273599",0.346136483721427,0.633959610133088
"ENSG00000229422",0.151935203604862,0.634210080991597
"ENSG00000303018",0.153633008487172,0.634256567109203
"ENSG00000267801",0.133462192206092,0.63425998151492
"HIBADH",0.0391749093483198,0.634267847243844
"COPZ1",0.0464001691218307,0.634640548150445
"LOC100422441",-0.162481428673962,0.634751375967756
"ENSG00000214110",0.153771697673458,0.634910815053722
"ENSG00000296299",0.227281006570756,0.635030742999635
"NDUFB7",-0.0453072487174954,0.635201958369045
"PYGB",0.0316524010687366,0.635270116864322
"GDA",0.312590504195179,0.635705239989829
"ENSG00000227518",0.301282591910873,0.636409570317805
"RPL15P3",0.126322145950263,0.636540279771664
"ENSG00000290556",0.163052430995093,0.636559419904055
"EBI3",-0.182095095402972,0.636615652123215
"RSL1D1",-0.04109437010617,0.636667634984146
"AASDH",0.0452723586441326,0.637172733351085
"ITFG2-AS1",-0.124709037764488,0.637228322046034
"SDC3",0.196491378069504,0.63757584752457
"ZSCAN21",0.0455626670760922,0.637778466851506
"TTC36",-0.190173798295065,0.637924844746708
"MFSD14CP",-0.0391646872657778,0.638644470625871
"FAM185A",0.057158218875972,0.639060281402985
"SLC17A4",0.224600402990808,0.63922663789597
"CDC42EP5",-0.130050821674147,0.63946927683286
"HSPB8",0.269672612613854,0.639581241805838
"ZNF254",-0.0542802442958962,0.639871362424851
"WDSUB1",0.0462063696592796,0.64018228917191
"ENSG00000279756",0.121585765827302,0.640385281659362
"RILP",0.0678639547507642,0.640523965718526
"OR7E14P",-0.484519637373597,0.640722806071435
"EMC4",-0.0358767818307769,0.640726609510475
"SH3RF3",0.434895801376479,0.640812494570654
"FUNDC1",-0.0538600682248103,0.640964805289832
"C2CD2",-0.0360012304054747,0.64116206312457
"TXN2",0.0358035329538777,0.641284179862733
"SUGT1P2",-0.233648222704197,0.641502004726551
"ABHD8",0.0366518151885927,0.641569590003092
"DDR1",0.041064426463943,0.641764116861136
"ENSG00000230869",0.173585010448562,0.642130022076377
"CKM",-0.180280539720734,0.642430334390086
"TRUB2",-0.0375930575112095,0.642831684187506
"ENSG00000272688",0.0907524987087925,0.642924957822843
"SLC7A2",-0.0423679248053319,0.642951643121541
"METTL25",0.0636583198636846,0.643101523736568
"PNMA1",0.0497131870981936,0.643339524295413
"ARRDC4",-0.082457009672182,0.643578582770077
"MYO1E",0.0716860086701254,0.64376233276186
"MGST2",-0.0627196121078579,0.643787598482119
"MEIOC",0.173631549354403,0.643816635123743
"ENSG00000267672",0.27268222914252,0.643826001551127
"LMBRD1",0.0437235237827141,0.644065752584895
"WASHC5",-0.0417147249634514,0.64412170612912
"PSMC3",0.0362734036510654,0.644146420477157
"FANCA",0.0427707370367919,0.644329309738635
"SNRNP40",-0.0357458557262185,0.644363709028588
"ENSG00000278784",-0.0663145362332323,0.644836820556007
"CDC34",0.0361926185774728,0.644963172617462
"WNT11",-0.218904903945904,0.645102005248594
"FRMD4A",-0.248702283622802,0.645209703511941
"CASP2",-0.031348830241173,0.64521469089994
"ZFTA",-0.0542853443349873,0.645300085953277
"EMILIN3",-0.152025466369679,0.645471411336253
"OST4",0.0366024850859359,0.645540674508853
"ENSG00000305766",-0.151420833423411,0.645702313284092
"LINC00680",0.0352100961389736,0.645891596905411
"FBXL2",-0.0678108335493904,0.645928556526313
"RCCD1",-0.0350124743781252,0.645935684852529
"THG1L",-0.0566087013284837,0.645936599413155
"PIGN",0.0420998665386756,0.646249652103381
"ENSG00000257027",0.0673012572662124,0.646265164266218
"ENSG00000226253",0.209078310348129,0.646859156220871
"PCSK5",0.198967303997673,0.64687168411856
"PRADC1",-0.0383202376127693,0.646957626196219
"ENSG00000288538",-0.122816869857076,0.647226403715453
"AHCY",0.0340784075940111,0.647253187308681
"ENSG00000269176",-0.0892839402711755,0.647261091083439
"ZNF585A",0.0599656386821963,0.647555612238073
"ALDOA",0.066320354690429,0.647976701285775
"SPRYD7",0.0379452106898323,0.648111150479221
"ENSG00000302394",0.17104506849359,0.64827378232862
"GOLGA2P10",0.0384577474188398,0.648597290125598
"STX1A",0.0420641757195101,0.648819185409388
"TVP23C-CDRT4",0.0885765071836277,0.648870439587855
"ENSG00000277744",-0.24023476021599,0.648904082997596
"ENSG00000288093",-0.154053311313895,0.64892185219985
"ENSG00000257411",-0.30626693023367,0.64892672642795
"TLR3",0.130745854178062,0.648931708023935
"GRK6",0.0418131481231224,0.648956892861539
"TIRAP-AS1",-0.1028121090949,0.648962652526144
"ENSG00000262410",0.119376907861697,0.649181061493031
"RPL21P16",-0.0744828151955019,0.649453575696594
"HAVCR2",-0.273434635005613,0.649473068084447
"ADGRV1",-0.104677487395592,0.649580666892771
"ENSG00000267082",-0.274987367506286,0.649633680409771
"RPL32P29",0.165855390869813,0.649688903006658
"TEX22",-0.140989529862181,0.649740791710871
"PTRH2",-0.0407204080902945,0.649791250166934
"ZDHHC13",0.0455367816734404,0.650411675773111
"LYL1",-0.121568068635985,0.65053239086602
"GTF2IRD2B",-0.0424047870928215,0.650852068201116
"DARS2",-0.0343050929481413,0.650855767631441
"PPP1R14B",-0.0438593252296383,0.650996110574845
"TBPL2",0.739911560831074,0.651078147206193
"TEFM",0.0415776970803053,0.651227844666505
"MED15",0.028521614652825,0.65130040394929
"LINC00310",-0.277230801882322,0.651665365888446
"EXOSC6",-0.0280894967891395,0.651688206720009
"ELOVL7",0.0462863559211061,0.651741039490535
"ENSG00000288973",0.0530363344429214,0.651821717710818
"C17orf114",-0.181162867779885,0.651985605597554
"ENSG00000307250",0.15736190589267,0.652236074052524
"ENSG00000310534",-0.221037868934287,0.65229902419397
"ZNF93",0.0913315026799548,0.65238055835786
"PPHLN1",0.0307243448368271,0.652659753431676
"ENSG00000272638",-0.187220166617873,0.65266808978666
"ENSG00000302385",-0.175891731496231,0.653184430457946
"RPS27A",0.037760224292009,0.653304073016938
"ING5",-0.028642820195071,0.653422265352828
"DAD1",-0.0366159645858268,0.653596468052437
"TAOK2",0.0332029847583833,0.653631941010737
"ENSG00000261783",0.139277799132784,0.653716521423364
"ENSG00000287165",0.201147129058727,0.653926780742813
"INTS10",-0.0287902243134045,0.654061825534078
"ENSG00000275645",-0.189816098695062,0.65437626747517
"FAM83C",0.307370072685792,0.654996677121928
"ENSG00000294321",0.20859761161388,0.655234377171118
"LOC732229",0.139695112649268,0.655652105359358
"ENSG00000223575",-0.216513857338846,0.655672916648484
"VPS52",-0.0337797657663507,0.655980244953632
"EMILIN1",-0.0482283245242638,0.656151594284806
"ENSG00000276248",0.0769834855383742,0.656218741540574
"STK10",-0.062031476906097,0.656273187156897
"ST6GALNAC6",-0.0391341372653151,0.656315134932122
"DCXR",-0.0313219702059892,0.65640188657673
"DPM1",0.0269260439265521,0.656706597000875
"ZNF841",0.04495272417838,0.656716245443718
"GAREM1",-0.068766828299541,0.656771573669385
"SCARNA7",0.194150668962437,0.656829884757135
"ENSG00000307343",0.433353314502569,0.656870281096844
"NUP42",-0.0348508999589247,0.657063783881828
"PSAPL1",-0.180353328101806,0.657072052175221
"EHD4",0.0617006600238672,0.657124117323671
"ENSG00000259171",-0.0916795190949309,0.657154453415975
"RPL18AP3",-0.0670487721164599,0.657156808686607
"NDUFS5",0.0529063128744669,0.657181031652316
"LOC105370787",0.400160687215923,0.657304396963358
"PRIM2",0.0304850068185239,0.65740541802375
"FLYWCH1",-0.0401399766161402,0.657506171257077
"MARS2",-0.0413730383042867,0.657570922321323
"TOLLIP-DT",-0.123550563933393,0.657680992012653
"WDR6",0.0318944226132342,0.657712992874074
"MFSD6",-0.0751662749602688,0.657917875399297
"MAGI1-IT1",-0.152485242759579,0.658072010970507
"ENSG00000289562",-0.0607488668344448,0.65825190008008
"GSTA1",-0.0829594343998377,0.658295347692999
"CTIF",-0.0400172578263866,0.658328592862436
"ENSG00000213300",0.0769527641259498,0.65857191538668
"ENSG00000234636",-0.244546458192993,0.658593757401183
"HMGXB4",-0.0327507361620683,0.658594474046028
"ACER3",-0.0598576026867409,0.658799888536039
"PLD6",-0.0537317904322371,0.658862058474629
"ENSG00000253284",0.197238741245658,0.659310474662336
"PPP4R4",-0.0404949981607398,0.65971372315529
"USP4",-0.0328046906167406,0.659768936043745
"MBOAT7",0.0309739155438972,0.659853944531201
"ENSG00000267397",-0.2368478617401,0.660137331697968
"ENSG00000255959",0.127357170238213,0.660558358097785
"ENSG00000237978",-0.221623172509913,0.660647706141056
"ENSG00000290849",-0.0603203395145701,0.660893307676069
"IL12RB1",0.203017531891319,0.661304347057361
"ENSG00000289687",0.11191171297896,0.661568607367632
"ENSG00000280047",-0.140595117067292,0.661699227032164
"FAM24B-CUZD1",-0.397686768983121,0.661708812558816
"ENSG00000278983",0.0797097865784728,0.661714629673641
"ENSG00000279481",0.217925208210482,0.662078956331909
"ENSG00000269318",0.194431028092079,0.662152941873135
"DDX19B",0.0323142255204546,0.66221381443447
"LIPC",0.0511478778529512,0.66230352999356
"ACTN3",-0.335804123824785,0.6624144503606
"ENSG00000213453",-0.134861372409843,0.662426098359345
"ENSG00000178146",0.214998554004744,0.663008213076534
"ENSG00000285081",-0.134413521964003,0.663324424619378
"C2CD4A",-0.149339411812644,0.663428963902149
"ENSG00000306117",0.198596973783389,0.663429829087815
"C3orf52",-0.151411252790712,0.663663817967535
"LDB1",-0.0346214485428903,0.663845505380418
"TCN2",0.172887840879609,0.664194473417755
"PSMB1",0.0323909666437788,0.664417420449372
"ENSG00000279221",-0.24927614330287,0.664463505505579
"REPS1",-0.0293862959065909,0.664612201216673
"ENSG00000289528",0.154057212405885,0.664836593681126
"MSANTD3",0.0430874632380699,0.66509885483718
"ENSG00000277662",-0.203763439935186,0.665261346032916
"ENSG00000272043",-0.175197768956811,0.665271827314905
"ENSG00000286214",0.078343066682286,0.66541073178707
"ENSG00000280136",0.115133423973972,0.66554793276081
"ENSG00000233797",-0.167893895776434,0.665582942070113
"HILPDA",-0.0590812041880312,0.665589833433335
"LRP10",-0.0414331345397072,0.665604785789138
"EME1",-0.0339013147026378,0.665731083873153
"TNNC1",-0.130073731171171,0.665883406864325
"ENSG00000227598",-0.157492575958821,0.666215620933333
"TES",0.0500071505123105,0.666241359478357
"ENSG00000304013",0.397766660816153,0.666247188403138
"IL2RG",-0.131818352326236,0.666366349898191
"VWF",-0.12351198593353,0.666570088212436
"ZDHHC14",0.0435534851754298,0.666739454048374
"NDUFC1",-0.0369312707873679,0.666764618982435
"ENSG00000305943",-0.290539004654774,0.666806763337614
"ENSG00000269906",0.127248960809716,0.667233696619982
"MAB21L4",0.137886207556069,0.667567010335116
"EIF5AL1",0.139174090818609,0.667889962842636
"TTC28-AS1",-0.0345332059580235,0.667987490503676
"LOC124905468",-0.0514359720537567,0.66804698500853
"CHRNA2",-0.106920721715295,0.668119659401919
"RPIA",0.0374015197413925,0.668194454222221
"PDZK1IP1",0.319894007759006,0.668692974890587
"LINC02542",-0.0599642582092366,0.668824319663377
"MPHOSPH6",-0.0357391106538978,0.668887086705763
"ENSG00000230202",-0.0993569953814666,0.668903056961899
"LINC01554",-0.274515167257317,0.668974917772789
"ENSG00000298662",-0.241454116901889,0.669053710728531
"POLR1F",-0.042470971184902,0.669086660882376
"IFT22",0.0500048312037262,0.669344769876364
"ITIH3",0.0369206596375188,0.66954932122115
"ZNF37BP",-0.0409253508902565,0.669551402893097
"PUS7",0.0298643069033263,0.669688517811769
"PRDM15",0.0316205430369708,0.67002125049159
"SNORD10",-0.34503057728252,0.670188835857435
"RPLP0P2",-0.155210852768203,0.67026414503823
"ENSG00000215908",0.153821907393282,0.670398128946225
"CENPS-CORT",-0.195084841461386,0.670419795983057
"ENSG00000283973",-0.557987950697988,0.670776946505796
"ENSG00000261338",0.178224199310327,0.671000456864274
"ENSG00000288710",0.236167302542345,0.671211590719219
"NKPD1",-0.365620229503078,0.671688577840073
"ENSG00000267222",-0.166218517454988,0.67170376231684
"RRP36",-0.0344587159467667,0.671745361989924
"TBX19",-0.0735975969583659,0.67178414133597
"ENSG00000268869",-0.196745488274073,0.671805043647046
"PRELID2",0.0418516730874331,0.671994374777194
"ENSG00000123870",-0.407110667504994,0.672041042720066
"SERPINA1",0.0512450564845149,0.672212523915196
"RBP7",-0.165487940486831,0.672323331507249
"CHADL",0.0852712592355849,0.672514967381926
"LINC03034",-0.173481666742116,0.672544637281704
"LINC00665",-0.187153533399277,0.6725522312395
"RUSC1",-0.0281116072737301,0.672586979513053
"ELF4",-0.0842540301593514,0.672614481687024
"ENSG00000293161",-0.0816684502485452,0.672866911961376
"TBC1D24",0.0410734461756127,0.673084135009441
"DPYS",0.102074657104123,0.673512778692074
"STAG3L1",0.0690435616763981,0.673520591051405
"H2BC6",-0.227555346320782,0.673567960487087
"WDR55",-0.0251463659152163,0.673714335614588
"ENSG00000306637",-0.194362866519653,0.674008824231774
"ZNF273",-0.0527796694405885,0.674081833686675
"SFT2D3",-0.0353338743100241,0.67425468248766
"ENSG00000267002",0.0570270752501585,0.674266865405554
"RBMX2",0.0342060992967868,0.674350869348694
"DDR2",-0.160742950517439,0.674658556787377
"ENSG00000305731",-0.0614045063765893,0.674914338248847
"HCG18",0.0318563168021818,0.67511529429127
"LINC00278",0.204795721310609,0.675132943044245
"POLRMT",0.0273865898011003,0.675177961945594
"ENSG00000301565",0.121837077516809,0.675238092903751
"AGT",0.0390149570902731,0.67527391489192
"CD63",0.0452029332011711,0.675446393535321
"SELENON",0.0405465391472082,0.675458401995683
"PSMC1P1",-0.114749718371405,0.675505474851688
"TRAPPC3",-0.0347277273443128,0.675539389411485
"ZNF285",0.0784681619430149,0.675763808944848
"HLA-B",0.0422566985195279,0.675823711058837
"SPIN2A",0.1052008508143,0.676190390668475
"PRTG",-0.0410621943140923,0.676395805724054
"JADE1",0.0267368861807127,0.676777084061861
"HCAR1",-0.123205720722099,0.676900101178544
"GATM",0.0719182882480705,0.678306614961036
"EXOC1",0.0363315351215712,0.678336546337474
"ENSG00000280332",0.0753925033586526,0.679056679993346
"FADS2",0.0523010957833148,0.679156111804741
"FAM151A",0.210768629712098,0.679396498468765
"ENSG00000280649",-0.111425187473433,0.68010730349747
"TK1",-0.0333686408186303,0.680222766754188
"ENSG00000274849",-0.111908187033285,0.680230091888815
"ENSG00000289102",0.103713517120215,0.680353618656132
"MCUB",0.165640014184235,0.680553252309451
"FANCC",0.0326974451898558,0.68055820112055
"MPDU1",-0.0262870771452844,0.680813041285943
"HID1",-0.0544578799269976,0.681049977306007
"RPL14",0.0439915482955739,0.681067036596743
"ENSG00000275576",-0.195168012010238,0.681074733325154
"RABGGTB",-0.0261117834719331,0.681728943356764
"SMIM20",0.0428724320848349,0.682329853218646
"RPL29",0.0424505469876275,0.682450753567158
"SFN",-0.0772650776825276,0.682931760937498
"GPRC5B",-0.192048787081869,0.683151381512429
"MAP6D1",-0.163002405035761,0.683224438858912
"ENSG00000294075",-0.226210701101697,0.683234899923169
"VAPA",0.0295779134401235,0.68366333512873
"MRPS28",-0.0396521242191906,0.683669466964886
"NPEPPSP1",-0.416563512541441,0.683692288861271
"TAC3",0.215131325479216,0.683702286448837
"RPL7L1P9",-0.40390683348603,0.683872942519683
"PRMT5",0.0262664374253457,0.683894168014
"APRG1",-0.0781315717860587,0.684046713828487
"PCDHB14",-0.0797304316005744,0.684684173763452
"ENSG00000308172",0.0968310198891891,0.684769174911409
"DNMT1",-0.0288671305474045,0.68523918774071
"NGRN",0.0408466053178957,0.685469253729223
"ARL13B",0.0400964667906953,0.685551219726424
"ATP8A1",-0.0459342227513287,0.685939408557554
"SLC35B1",-0.0308888966935822,0.686100777363263
"RPL17P7",-0.0924936353409246,0.68610823078587
"ART5",-0.167145170764238,0.686184412519939
"NR2F2-AS1",-0.092643612601518,0.686271997452606
"SLC38A3",-0.0610933211917086,0.686304867980952
"ENSG00000213866",-0.114867411664039,0.686365293996654
"SLC30A3",0.205690524170857,0.686404212329152
"SUN1",0.0368393332316812,0.686427732641076
"ENSG00000295487",-0.198592844282779,0.686449326116303
"MTMR7",-0.246152295145815,0.686607230067217
"PROM1",0.0305776438506757,0.686685308129833
"RAB5C",0.0310812990674592,0.686791326411425
"CSE1L",0.0267063475215075,0.686933919480712
"C8orf44",-0.0531460706217841,0.687000379825427
"ENSG00000280010",-0.224458074505166,0.687012501449361
"MT-ATP8",0.104010154361932,0.687064242516853
"SEL1L3",-0.124002553164927,0.687368327844247
"FLT3LG",-0.0815840955864203,0.687434768024053
"NIFK-AS1",-0.057517990929079,0.687502077678989
"MTFP1",0.0387835815678513,0.687592837131302
"CALML4",-0.0525542954622719,0.687628110321138
"SPATA1",-0.0902348880789447,0.687650624142888
"ALG10",0.0589365973158133,0.687974448799977
"ERP27",-0.0660518466916326,0.688175061678318
"POPDC1",0.0912923013547024,0.688288740785531
"PSMC5",-0.0268907136138143,0.688362282156396
"ZNF391",0.0595015125254196,0.688385220748951
"ENSG00000286192",0.159992687373429,0.688493462454351
"RNF208",0.0305201399047413,0.688678011086235
"ADCY6",-0.0335246897051929,0.688912495241175
"RAB26",-0.130482647403705,0.688954836847187
"CHD1L",0.0262681852491485,0.689032566526364
"RBM12B",0.0262548798550396,0.68903811972983
"OTC",-0.0952831651043669,0.689161626522154
"ENSG00000285943",0.0737440806755873,0.689407827607477
"ENSG00000260924",-0.0463653387670652,0.689479170464362
"MTCO2P12",0.162294442166194,0.689499600890159
"ENSG00000220848",0.176988268837779,0.689809016147682
"ZNF133",0.0313836095072082,0.689891152113237
"DCAF8-DT",-0.187743593607501,0.690165999599543
"RPS17",-0.0469575688801015,0.690177866930529
"FAM182A",-0.0282989906716362,0.690262815090314
"ATAT1",0.03277133289138,0.690272423264184
"ENSG00000257894",-0.352601928179531,0.690281405953358
"AGAP2",-0.0764938062839722,0.690466897269302
"AMMECR1",-0.0439951295584469,0.690547841006268
"ENSG00000273345",0.124656031150021,0.690602418495547
"LINC02055",0.739978713027939,0.690614183369108
"ENSG00000257764",0.291393572125373,0.690909340386613
"C6orf132",-0.0895797980171323,0.69091171892013
"ENSG00000288792",0.0953736073410248,0.69095516260348
"DRP2",0.185462863871404,0.691151450934424
"ENSG00000279453",-0.074566412708042,0.691299306845762
"ENSG00000291067",-0.0843318800556376,0.691315270615699
"TAGLN3",-0.215792511641873,0.691659702783832
"TCP10L",-0.0780185400377268,0.69170768911614
"PHYHD1",-0.0535748808373067,0.691813908409202
"ZMAT2",-0.0333588884696752,0.692008029173559
"ENSG00000229585",-0.191979229205907,0.692176106208712
"SATB2",0.0340217514124359,0.692381664869641
"LAGE3",0.0534783557154684,0.692759404755818
"TOB1-AS1",-0.0678260829345467,0.6927683657812
"ENSG00000296184",-0.133553688908604,0.692986268274011
"AP3D1",-0.0231420252810904,0.69305086658198
"NPIPB8",-0.146372282914482,0.693190513919999
"ENSG00000301573",0.334414524747221,0.693472762922482
"SLC7A9",-0.0549136637398525,0.693749648799866
"PLAC8",-0.0846424409405929,0.694097118241488
"DISP2",-0.169724082165296,0.694170479720879
"ENSG00000272145",0.0739937057470809,0.69440990233313
"ENSG00000226239",-0.237241484107841,0.69449917217472
"MAP3K11",0.0327352578321867,0.694863751790332
"RPL7A",0.037236956769433,0.69503016020624
"GNL3L",-0.0286423622118422,0.695040073033907
"PGAP6",0.028847457193794,0.695273692885208
"KLC4",0.033947527096541,0.695284773469376
"ENSG00000234964",0.17372024444132,0.695875062883407
"ENSG00000263307",-0.129516032882049,0.695932765640453
"CDCP1",-0.200548007345909,0.696292020135537
"ERCC8",0.0328970331788878,0.696362611295142
"KIRREL2",0.176288817998758,0.696511402200896
"PSMD2",0.0390300613355911,0.696547028765443
"ENSG00000230490",-0.0883344649228887,0.696665240759813
"C10orf88",0.0364539311853815,0.696687666332816
"ENSG00000259080",-0.162524292323487,0.696890802450993
"IPO9",-0.0259631666204395,0.697340235178469
"ENSG00000179967",0.13528086746074,0.697414403170985
"HCCS",0.0430093247475963,0.697567642881727
"ANXA9",-0.0406961247676665,0.697781016665995
"VAC14",-0.0274123876298058,0.69826978794532
"ENSG00000294418",-0.155078936865946,0.69831892251021
"UXT-AS1",0.0871071654460687,0.69858546028999
"ENSG00000291008",0.10425480957514,0.698673541563564
"ENSG00000289468",-0.13247953477809,0.698821790221193
"GALNT11",-0.0486361077158142,0.699056348132557
"ENSG00000290812",-0.166264331791158,0.699164494874222
"ZC3HAV1L",-0.0841228734221285,0.699173086505474
"EGLN3",0.102801378153614,0.699210735810665
"PAPSS2",0.232427194306899,0.699320157435848
"ENSG00000226608",-0.0855597143125679,0.699455557559029
"COLGALT2",-0.122995666665499,0.699555815729448
"FJX1",-0.141944008196479,0.699625643909157
"CCDC7",-0.103486840526987,0.699897219516798
"ENSG00000259915",0.0999192799207624,0.699967248949647
"AAAS",-0.0227109830269862,0.699973278618895
"STAG3",-0.216701006761176,0.700180924316343
"LGMN",0.0381615366694697,0.700392922017207
"RPL13AP26",0.315692037346398,0.700594318616585
"MCOLN1",0.041100651228862,0.700750186682235
"FBLN7",-0.0885604256898033,0.701191524831613
"PGC",-0.140335611731073,0.701196928063645
"ENSG00000260273",-0.174436313233294,0.701322191069995
"MROH1",0.0340859991049184,0.701434022275699
"ENSG00000290127",-0.137441820352932,0.701582451221587
"LOC102724883",-0.126156135106064,0.701586938088427
"ENSG00000300700",-0.106668246137304,0.701601550783131
"TDRKH",-0.0572730390272454,0.701618799122683
"ENSG00000249661",0.177787659800176,0.70162137651573
"CLEC10A",-0.110854924784648,0.701750031139857
"TMEM237",-0.0379008262921971,0.701855086474141
"ALDH1L1-AS2",0.0694997782592165,0.701890269234095
"CIDECP1",-0.113182882546596,0.702083055592254
"ENSG00000254165",-0.109757189441017,0.702319494133142
"CD58",-0.0629114662610464,0.702556348764061
"ATP5ME",-0.0526683432238666,0.702643888051822
"ENSG00000288745",0.137590293357626,0.702798159843848
"MGMT",0.0401744551992662,0.702818951634449
"ENSG00000258186",-0.178946487744915,0.702851792053213
"ENSG00000224858",0.119672223717869,0.703081792562456
"HOXC-AS1",0.161148986880986,0.703242112735741
"DNTTIP2",0.0346943834012386,0.70324536927852
"C3orf86P",-0.183265693652323,0.703389865350968
"ENSG00000258474",0.123542301814744,0.703554347791875
"CHST6",0.182564158004031,0.703651987299933
"ZNF738",-0.0551261468574574,0.703696638058484
"YY2",-0.0655694703458241,0.704029035672933
"GFM1",-0.034578375657463,0.704158855866392
"MRPL11",-0.0269910534553937,0.704400902355105
"ENSG00000274685",-0.205757781558445,0.704491145491616
"ENSG00000306474",-0.112771615927582,0.704503538191273
"CACNA1H",-0.0809700917706174,0.704537107740876
"CACYBP",-0.0386460944946765,0.704618970784717
"SNORD13",0.179036905249237,0.70475088258133
"ENSG00000270165",0.119282095716427,0.704783398727825
"LFNG",-0.167843545689944,0.704835215644004
"FBXL4",-0.0330729894709988,0.704873970850177
"ENSG00000289103",-0.133314784858671,0.704972742255052
"ENSG00000259976",0.0780255834333486,0.704990117022656
"ENSG00000289517",-0.11457280861116,0.705137414129032
"NPM3",0.0329998594679036,0.705188242279896
"ENSG00000279923",-0.173942625147153,0.705239649818288
"ENSG00000299379",0.0948054905198916,0.705444412117103
"BPIFB1",0.0982360849999847,0.705490533267187
"BBS2",0.0244267741240793,0.70574138561073
"ATP5MC3",-0.0288521445229681,0.705938987163655
"ENSG00000270933",0.0933191105787324,0.706065906846758
"ASRGL1",0.0354717011365278,0.70632486212841
"ENSG00000287078",-0.171320409479506,0.706412385736155
"C8orf33",-0.0358625465283319,0.706467799113878
"DNAJB2",0.0265482252387955,0.706502088780824
"ENSG00000267120",-0.270204159078784,0.706637126190214
"PMF1-BGLAP",-0.0727287074778335,0.706690069904672
"ACSBG1",-0.100277560508445,0.706716566344702
"C8orf58",-0.0650426634919005,0.70672978059622
"KIF24",0.0454279721853281,0.706777210893223
"FMN1",-0.108039965574773,0.706943942415667
"ENSG00000286837",-0.161227801576046,0.706953376853388
"BAG2",-0.039440358036164,0.707097116520746
"BCL7C",0.0281824395814291,0.707427088787223
"ENSG00000215184",0.130843331658513,0.707499717787122
"ENSG00000305357",0.18399948072082,0.707567055272832
"KAT8",-0.0244441686482359,0.707828608021254
"SSBP3-AS1",-0.352378885939276,0.707976798544336
"RBBP9",-0.029040459254261,0.708029970016101
"CLDN3",-0.0701593105852104,0.70839358309836
"ZBTB21",-0.0405237425867315,0.708393803782705
"DUSP4",0.30736131336972,0.708402358242277
"SERPINA11",-0.0440590573977677,0.708473865417868
"MTERF1",0.0348904630040525,0.708537071790838
"ENSG00000279901",0.092191665577163,0.708682127158965
"NDUFB8",-0.0326520403075997,0.708829167527341
"ENSG00000277728",0.175802886930869,0.708829526963464
"YLPM1",0.0211866977158312,0.708881053889899
"FOXD4L6",0.161869347444269,0.708957442030093
"CDK14",0.0790882059202372,0.709151618838252
"LOC131768270",0.110098067345538,0.709192829087995
"LOC124902947",0.21437129168844,0.709235607023789
"KCNMB4",-0.0923397596987759,0.709779576478007
"ENSG00000269376",0.16602445450734,0.709969805027877
"ENSG00000289042",0.0744364447162833,0.710075040242598
"LRRC40",-0.0287629100298875,0.710083753488899
"OR2B6",0.198207857896624,0.710685447697613
"RPL14P1",0.0647426579982524,0.710865700450782
"RPS2P46",-0.0730810793466416,0.71090781913988
"LOC124904599",-0.201359315144901,0.71103951906544
"TMPRSS9",-0.0569702485139586,0.71106090198902
"PUS3",0.0382325554389459,0.711187806216914
"AK6",-0.0308290174474481,0.711309970995551
"ETS1",0.23895152236279,0.71169913621484
"CEP95",-0.0253011076663383,0.711828292601189
"AKR1A1",0.0212627527134829,0.711829449806886
"H2BC11",-0.122986006267317,0.711914484914454
"ASB9",-0.0416217453376052,0.712168901761099
"ENSG00000280121",-0.158442753403358,0.712689024642204
"PHF20L1",-0.0227265131493703,0.712867771445218
"ENSG00000289114",-0.163239718124231,0.712895279717615
"HTR1D",0.0836383967691506,0.712965893790309
"GBA3",-0.116397221450591,0.713624049884953
"ENSG00000297704",-0.12918073956856,0.713717219233267
"IL21R",-0.0900604746934681,0.713896946097735
"HOXC6",0.170923996886307,0.713901941171301
"FAM167B",0.199181775260486,0.71414161939169
"OSGIN2",0.0391216023375528,0.714158423475995
"HYOU1",0.0359904606858497,0.714175881078831
"ZNF16",-0.0383321650339212,0.714298249172908
"KHDC4",-0.025929939500984,0.714773556575867
"ENSG00000291125",0.118208025251187,0.714945698652371
"LYPD3",-0.0983903627256133,0.715268161217963
"CCDC62",0.214282111742791,0.715470623378757
"LYST",-0.0645165767766094,0.715532454750821
"KDM8",0.0458346081395723,0.715547131055164
"TPRG1LP1",-0.162471564002351,0.715719867211821
"ENSG00000293606",0.19986432777078,0.715894072112988
"ENSG00000298139",-0.15780887057569,0.716038500497575
"ENSG00000294996",0.106480480033796,0.716046671409684
"WDR47",0.036475906015654,0.716296983290589
"MAP2K2",-0.029229962487409,0.716308226486066
"TCIRG1",0.0397502838685879,0.716368211223872
"NRM",-0.0448556450158348,0.716490090892208
"HSPH1",-0.0461546720143046,0.716526755991762
"GJC1",-0.0487845830442456,0.716823728649753
"GJB2",-0.200414485325293,0.717081506630063
"LINC03124",0.0462687856055911,0.717120595509574
"ZWINT",0.030447960940091,0.717168393464296
"RPS24",-0.0358916200029582,0.717207406728272
"DCTN6-DT",0.0647079020828949,0.717344657103928
"CYP4F12",0.0768948752577911,0.717562341399877
"MED22",-0.0369929162216777,0.717646319176277
"CCT2",-0.0345511674614754,0.717957843437788
"ENSG00000226334",0.151945963996015,0.718038186669088
"ART4",0.0400604922405129,0.718108137558078
"C12orf43",-0.0272708717420045,0.718453021034126
"ZNF136",-0.0376455405700447,0.718505037981567
"ZNF669",-0.0527303563983998,0.718514528592299
"GTF2A1",-0.0313595677414826,0.718551096492613
"F2RL1",0.078486902919998,0.718584291572383
"ENSG00000289207",0.146187134376203,0.718833860368983
"ENSG00000280164",0.296289663726725,0.718867146834638
"NDUFB4",0.0250699672261327,0.719007141129133
"IPO13",0.0346296544953086,0.71925444689513
"ENSG00000299759",-0.122956661692481,0.719260883330311
"ENSG00000232300",-0.0608488136939916,0.719448365094915
"MIATNB",-0.136137122891598,0.719834863240739
"UCA1",0.341670992572832,0.719861899686215
"ZNF516-DT",0.105591166849418,0.719899921245108
"ARRDC3",-0.0515452486263734,0.720011468025354
"ENSG00000304816",-0.0986668878980507,0.72061420349877
"ENSG00000268670",0.143138000641699,0.720646908394108
"LOC102724593",0.220527355815763,0.720843900063255
"MCAT",-0.0344491466602921,0.721092640575379
"ENSG00000244313",0.0498212356688971,0.721449263560602
"MASTL",-0.0243614058721986,0.721603690323914
"SMAD1",0.0435930804984086,0.721620842677336
"NDUFA6",-0.0325844680976719,0.721689718783583
"NUDT16L1",0.0247130952648776,0.721722026191722
"MTIF3",-0.0450455209882455,0.721766827729578
"DPY19L4",0.0416346119798667,0.721825979122139
"ENSG00000276403",0.173970830939282,0.72243775656889
"ZG16",-0.121523105144121,0.722802066118018
"ENSG00000273017",-0.126710581336342,0.72280882593568
"ENSG00000295786",-0.183709125815097,0.722845212796033
"DUSP13B",0.168772902509154,0.723004825302545
"EIF5A",-0.0340369801395558,0.723088363008458
"ENSG00000279207",0.0491934491245977,0.723892397502414
"C4BPA",0.0358964089027805,0.723893716776543
"LRRC28",0.0381694748011065,0.723979304695865
"GNG7",0.0343924521902024,0.724484042855775
"ENSG00000287222",-0.0788285313414736,0.72451902046305
"ENSG00000305642",0.170456308934696,0.724925344314197
"ACAD8",-0.0279250873316145,0.724959755509255
"TBCC",-0.0300519550103258,0.725110351202509
"RDH16",0.128122735125299,0.725400875490816
"DCTN5",0.0217644708946703,0.725422041394467
"APIP",-0.0303471164950762,0.725540381918713
"DPY19L2P3",-0.153689845559255,0.725787322542982
"PLG",0.0343038512129772,0.725801134165792
"ENSG00000290688",-0.104451522926324,0.725848741687889
"PCBP1-AS1",-0.0317033307093187,0.726486538772708
"RELCH",-0.0318432813846913,0.726643066306143
"GOT1",0.0484438074082312,0.726687538537188
"GPBAR1",0.184185978958545,0.726693995043678
"ENSG00000287828",0.170656172581129,0.726734466295417
"ENSG00000286033",-0.0953469681942279,0.72715854320139
"SLC25A15",-0.0220541231675617,0.727373609611213
"MRPL34",0.027659705328795,0.727442926522085
"PSMA2",0.0237548419162543,0.727510131546603
"ENSG00000274944",0.0844633310470335,0.72773368470711
"SCO1",0.0233474150999236,0.728120414082557
"ENSG00000289827",-0.176454583147039,0.7281303814216
"MMAA",-0.06269157142283,0.728434894633985
"SLC30A10",0.0478614800083605,0.729054053504661
"ENSG00000269378",-0.149826153487313,0.729108409536335
"SYNE3",0.0582389326131227,0.729210886050143
"ENSG00000289701",-0.0366546419883449,0.729448748531129
"MAK16",0.0268253470874657,0.729657452340679
"SLC25A48",0.176431182512702,0.72969582343473
"ENSG00000165121",0.404828034850216,0.729791662109554
"PRPF38A",-0.0242330771143014,0.729895634674612
"ENSG00000233369",0.327186515982449,0.730114307336978
"SEC22A",0.0366972558950005,0.730205456718022
"ENSG00000272662",-0.2163938387512,0.730231943920369
"ENSG00000262202",0.221358442923642,0.730511480235657
"SNX24",-0.0290319641194293,0.730808764678784
"CCN2",0.0885756583943335,0.7315463344858
"MCL1",0.0309495591994823,0.731808353832006
"TANK",-0.0264685257048913,0.731940995296859
"PURA",-0.0275818326185458,0.731954397976307
"GLMP",0.0330089232150119,0.732073002753221
"DCAF15",0.0231314761587274,0.732339106099411
"KGD4",0.0278120484836924,0.732438453138952
"ACAT1",0.0228972323090441,0.732449906244734
"AUNIP",-0.0475266839015074,0.732543150100696
"ENSG00000288095",-0.108547294856571,0.733000836436977
"LGALS7",-0.12809843915152,0.733105500974712
"ENSG00000268790",-0.403957079000232,0.733126196034651
"DNASE1",0.0274592815718849,0.733570582673898
"ARGLU1",0.0238985251234452,0.733603305804727
"ENSG00000289339",0.158791469666279,0.733695460383028
"ENSG00000124549",-0.0807853964174054,0.733698696662164
"PELO",-0.0298751088062475,0.733716792200757
"ENSG00000258359",0.125417915814251,0.734184861534643
"ENSG00000303737",-0.158029779560636,0.734923862267665
"ADAMTS16",-0.153396824166268,0.735169829224222
"PRRC2C",0.0294666518046491,0.735176429586931
"SCCPDH",-0.0224474369618393,0.735582763239536
"ECM2",0.105553342492938,0.735840144694538
"ENSG00000288911",0.124071840967918,0.736223446721023
"ENSG00000276517",0.0750900893822881,0.736439298355438
"NSG2",0.336374496296626,0.736456778254956
"ENSG00000267283",0.0587896020427908,0.73727756052988
"ENSG00000288996",0.118054441201464,0.73740104928788
"ENSG00000275029",-0.121752410624045,0.737571067184437
"DNAAF2",-0.0272875620955999,0.737780277660576
"FOXO3B",0.046730988880407,0.73778649827551
"ENSG00000296118",0.226224290826637,0.737842515447041
"ENSG00000293413",-0.0695539833069475,0.738082234747821
"KNG1",0.0704864022281941,0.738162868980826
"ENSG00000226415",0.128588135998825,0.738244731523084
"COL26A1",-0.0600875789664277,0.738649280764815
"NOSTRIN",-0.214756541304435,0.738761110233213
"ASB3",-0.0250933506703698,0.73881953580714
"QPCT",0.173526037991084,0.739167635998909
"ANKRD46",-0.0236242512764722,0.739377738002566
"FAM227B",-0.113164877579991,0.73939300515534
"ACSS1",-0.0394810958874402,0.739440916228526
"CASP9",-0.0254244731666741,0.739473893840418
"MFF-DT",-0.0781353250966186,0.73972059421187
"L1CAM",0.061525568337013,0.739871451188852
"TIMM23B-AGAP6",0.0692957019040648,0.739972408431965
"BYSL",-0.0289452153826676,0.739985260160787
"ETV6",0.0439331651042534,0.740099278423801
"COG1",-0.0204897248866341,0.74061694169044
"RNF183",-0.127656077688743,0.741330630518709
"RBX1",0.027233980784678,0.741357901979999
"CANX",0.0311047528199822,0.741571116080844
"HNRNPU",0.0252383133244251,0.741782774283152
"PHLDA1",-0.0387364077926232,0.741808366850905
"ENSG00000290833",-0.0414650883472443,0.741808649653496
"HMGA2",0.023174996005026,0.742082770982202
"ENSG00000302574",0.147546143218149,0.742322579716851
"PLIN2",-0.064589496814469,0.742741451132404
"ENSG00000270127",-0.0663172048978726,0.742876320007175
"CDKL3",-0.0813066208588065,0.742890791861236
"RWDD1",-0.0291538332345871,0.743044625246174
"ENSG00000269938",0.115007861280521,0.743049504173656
"CCDC116",-0.0995631671909937,0.743065449174473
"PSMA4",0.0237909160847233,0.743484356461035
"FZD6",0.0395095484702678,0.743516191675647
"ENSG00000305493",-0.143137507278654,0.743966407546258
"LSMEM2",-0.206275903332956,0.74408201314074
"ZNF808",0.0412253892240288,0.744088177304427
"RPL23",0.0360189660426815,0.744202746573866
"AARS1",0.0206409958032516,0.744559166580738
"PFDN5",0.0311427506154766,0.745086254792498
"APOBEC2",0.288842926065961,0.745523564820039
"ERH",0.0287146051665002,0.745774232161414
"LOC100421402",-0.130706958308478,0.746453814190303
"CCDC74B",-0.126260057037609,0.747109879295581
"ATP5MGL",0.162072232687619,0.747112517047638
"TFEB",-0.0434210438282723,0.747201190656181
"ENSG00000272002",-0.193663445577441,0.74729878786477
"NR0B2",-0.056670196756248,0.747372457381496
"ENSG00000229321",0.122880687979483,0.7473833025651
"ZNF678",0.0413727270792365,0.747483669190094
"ENSG00000281501",-0.0660872225826945,0.747538067334758
"GMDS",0.0572318295723321,0.747728619365311
"CHTF18",0.041064401160787,0.74804960642628
"KCTD11",-0.0615334076545334,0.748056463849471
"KLHL41",-0.101171520093367,0.748299299582851
"DPEP1",-0.122192854450636,0.748410381475903
"C2",0.0300977712144901,0.74854007383382
"XCL1",-0.0555078112653924,0.748727162246252
"LOC124901447",0.0577241925003424,0.74882031063327
"GCNT3",0.0516045325650835,0.748865305194585
"WDR12",0.0217138256894052,0.749023632211754
"UBB",0.0283105677406138,0.749071847984835
"PARK7",0.0301049921306902,0.749112735671598
"PKP2",0.0298652156233282,0.749195584485785
"TCHP",0.0215930880400367,0.749485759009641
"ENSG00000229591",-0.180842797740246,0.749548056689496
"RPL32P3",0.0262105160613644,0.749582026538961
"C17orf75",-0.0221363086710664,0.749738793697324
"AHSA1",-0.0380487568300693,0.749759570253482
"SCG5",-0.113246459959965,0.749946527538726
"ENSG00000261334",-0.20394043442917,0.750191859475827
"MICB-DT",0.148048967259651,0.750267772179316
"AGR2",0.0875358700443734,0.750279152172672
"ZNF883",-0.0323717627253803,0.751126188982606
"NSUN5",-0.0210779493679712,0.751391573300542
"MT-CO1",0.0660571463439642,0.751812810364726
"CSPG4P10",-0.245797069915787,0.751872924453735
"ZNF773",-0.0385909230442752,0.75208895684155
"IQCN",-0.207820625389117,0.752108802916915
"MMP14",-0.0579252907133753,0.752257174998812
"ENSG00000272754",-0.163534995821727,0.752441901603152
"USP46",0.0309099439804136,0.752997917892808
"PRDM6",-0.188237207452715,0.753072346014731
"ZNF180",-0.035438868872415,0.753097658414345
"FBLIM1",0.0526088961562844,0.753221353228879
"MRPL54",0.0345579296262164,0.753477602116801
"SPDYA",0.182354284424147,0.753567110466934
"ENSG00000288848",0.137959160113564,0.753639232620962
"BRI3BP",0.0295053674662615,0.753815081735101
"QSOX1",0.0372387937808005,0.75412693067225
"IFIT5",-0.0311809152084366,0.754358603399997
"ZPR1",-0.0199105324176735,0.754776595961166
"HAUS6",-0.0197036996467652,0.754793874002877
"ENSG00000305416",-0.162997240390231,0.754834977413831
"MRPS34",0.0251561805236318,0.755109391464907
"ENSG00000303007",-0.117860286001249,0.75515652155501
"HIPK1-AS1",0.139295763774838,0.755211984499478
"SNRPF",0.0327684550165928,0.755240164519362
"GPR75",-0.053291369140142,0.755553064950695
"SLC22A15",0.0775359668171263,0.755599221783975
"TMPPE",-0.058447684571949,0.755762682157354
"ENSG00000266918",0.0475134741311738,0.755784385318372
"DYNLT2B",0.0537529525080962,0.755814732225522
"LOC105379109",-0.130421470148121,0.7560175432732
"LOC100506551",-0.169996184790327,0.756358188998167
"ENSG00000279347",0.0908457254625637,0.756437025636016
"RPS3AP26",-0.0643757694351064,0.756449197951272
"ENSG00000253218",-0.192465408174892,0.756801112200971
"GGNBP2",-0.0207497495897354,0.757229376612556
"PLTP",-0.0445043221383863,0.757287085057752
"HBA1",-0.106921690484288,0.757331883613634
"LOC283683",-0.0569054982980999,0.757396128507324
"LGALS3BP",0.0348661518866586,0.757500323372118
"ENSG00000230695",0.114014976202346,0.757549036066434
"ZNF235",0.0357708892378211,0.757557888354417
"NUP58",0.0192074163595949,0.758071764619207
"TACO1",0.0269222826936007,0.758119863079657
"ENSG00000240429",-0.0488383774259841,0.758153277036753
"PLEKHG6",0.0464542660149815,0.758224762949115
"ENSG00000260118",-0.22542987673096,0.75854230309211
"TBC1D31",0.0297458592248497,0.75856116017851
"SPP1",0.058206874639894,0.75865195058067
"SLC12A7",0.0264312532662536,0.758732102658408
"PKIB",0.0751715012528565,0.758803898206407
"MTG2",0.0218941494891067,0.759174020061725
"C10orf62",0.0946778756048867,0.75967463889365
"RAI1",-0.0294936198648178,0.759736046102594
"ENSG00000266217",0.109032464216964,0.759804838015168
"ZNF250",0.0399342783126113,0.759814052222378
"AKAP8",-0.0200558042920926,0.760194792242227
"PEMT",-0.0263830320428588,0.760337031119125
"CARNMT1",0.0225892505799465,0.760338215820328
"ENSG00000215014",-0.0808213754764567,0.760583898581335
"PPM1L",0.0832489692682344,0.760598068715382
"SPOUT1",-0.0214036285771989,0.760684286454681
"ENSG00000287275",-0.12091809574421,0.760795296979835
"MB21D2",-0.120213650835075,0.760948103694423
"XPO4",0.0235058201172178,0.76114434139161
"CTNNAL1",0.0228457416187475,0.761908445187872
"UQCR11",0.0243038720229416,0.761940744014719
"PRR35",-0.179085607591373,0.762221048723236
"ENSG00000287481",0.319668115279183,0.762354916539081
"ENSG00000268573",0.0583083394565209,0.762361950926227
"ENSG00000310253",-0.063734302659701,0.76238344090311
"ENSG00000279598",-0.150428250396784,0.762511323811561
"ENSG00000278897",-0.0836987299765424,0.762585946968459
"NAGA",0.0319998189872955,0.762730988908891
"SERPINC1",-0.0456887787478315,0.763020491217545
"NEU3",-0.0317286083131308,0.763066065552948
"LINC02932",-0.103007308825762,0.763560656320393
"METTL2A",0.0212065410110537,0.763574783164905
"ZNF891",0.0297054501194216,0.764431475211519
"VAMP3",0.0204123406411907,0.764547938550233
"ERF",0.0207204556802928,0.764559512140451
"LIMS2",-0.0887953737273464,0.764616829878369
"STK25",0.0204634322780927,0.764670855346555
"MYORG",0.0267249323260539,0.76551435619741
"SOCS1",-0.0344693753505007,0.76566568811529
"DDX10",-0.0273450087317062,0.765970726958676
"CDH16",0.0862116114901942,0.76615801525412
"SNHG10",-0.0253719725820693,0.766558661661348
"ENSG00000228158",0.107301105277053,0.76662207506696
"AKAP6",0.0853914723296373,0.766668156289274
"EML1",-0.0703111193217285,0.766766220739264
"ENSG00000279814",-0.113328481908939,0.767148827537207
"HECTD3",-0.0202203258818797,0.767183160145923
"PHF20",0.0219720395547109,0.767399928821711
"REEP5",0.0245363020422575,0.767546114931924
"ENSG00000289210",0.157663806647082,0.767579077982978
"ZNF697",0.032498240474365,0.767624344220259
"LOC105371622",0.114018684025223,0.767684099726018
"EIF2S3B",0.0728302939554966,0.76782476514896
"CIART",-0.124680308700351,0.768002895135301
"ENSG00000235655",-0.0497478420767828,0.768417833004741
"ENSG00000259581",0.106904227104639,0.7684928107032
"ENSG00000304919",0.286278642234466,0.768824114877148
"BCAS4",-0.0683931124599064,0.769183721729809
"TNFRSF11A",-0.0386491673748898,0.769231118724893
"RPL19",-0.0307840482020031,0.76937866770839
"ACAP3",0.0389389024355828,0.769497376815976
"ENSG00000227306",-0.14472988064455,0.76967479083186
"ENSG00000306167",0.0911530559012377,0.770164171897023
"HCAR3",0.0627769671425061,0.770576784091186
"FUT1",0.103118975386091,0.770580068441494
"H2AC17",-0.0784295484340428,0.771055502273637
"CD4",-0.0591439720120797,0.771401337210458
"LRCH4",0.0250479173531188,0.771482407670644
"COX5B",-0.022710456133466,0.771509258323655
"ENSG00000278576",0.0836834623222832,0.771895507506618
"GCSHP5",-0.0544514321329871,0.772072982783001
"CD207",-0.0909613195576031,0.772156790612817
"ENSG00000289748",-0.110215860835533,0.772183776738399
"FOXO1",-0.0250471820072337,0.772280150498722
"ENSG00000289935",0.119234595468691,0.772444462062324
"MRPL32",-0.0325630672410998,0.772482245848093
"ZNF503-AS2",-0.0394438653260978,0.772801743556819
"DXO",-0.0238405119850029,0.77292365214844
"ZNF267",0.025340039973371,0.773480258653388
"ENSG00000289227",-0.109341768219356,0.773636979682653
"EVL",-0.0226811810681619,0.773744908415332
"GC",-0.0686521015855326,0.77379035724948
"ENSG00000244306",0.359931652373177,0.774055440934642
"PRH2",0.287176304616435,0.774076053518155
"SCN2A",0.0840123025473182,0.774119859726928
"NIPBL-DT",-0.0217788898306206,0.774192600076318
"NISCH",0.0246021799353436,0.774349341138344
"ENSG00000228050",-0.0538314912934203,0.774566667872686
"PUDP",-0.0305219650961659,0.774632309843638
"DHX32",0.0376287086642282,0.774737922917129
"PCAT7",-0.0461618424867857,0.774780398417737
"TSG101",0.0269924168460149,0.774838796656719
"ENSG00000293629",0.109464411176974,0.77522202674263
"ENSG00000284879",0.064306170295033,0.775437832480255
"GDF11",-0.0607336843609774,0.775589695335054
"ENSG00000272760",0.069989207145102,0.775707908363615
"TGFB1",0.0430437781831708,0.775976346508503
"RPL21",-0.02464134423846,0.776357140411538
"ENSG00000303750",0.0980332923734204,0.77653256674147
"ENSG00000266933",0.134698703356301,0.776625566641096
"TMEM186",-0.027551029504407,0.776868020536254
"LINC01310",0.146245492755428,0.777224581474748
"ENSG00000295894",0.0974583847045138,0.777480721695235
"TALAM1",0.0774856760339441,0.77792033327446
"ENSG00000296280",-0.0972884115732017,0.778012604998694
"ENSG00000196312",-0.19534726829332,0.778284021746079
"CDK11A",0.0258079516585367,0.77839866619919
"MIR670HG",0.0580183854519081,0.778843240053667
"VPS11",-0.0213110693400983,0.778888052921958
"UTP4",0.0183699749935508,0.778922369939099
"RAB11FIP2",0.0258623850473418,0.77905979212136
"KCNIP2",-0.0456789372269943,0.779107776682237
"SLC7A1",0.0248785246165423,0.779544369780443
"TRMT12",-0.0549956923425101,0.780148823636077
"COA7",0.0256299693637516,0.78034980013641
"RPL8",-0.0321031413611628,0.780370281398641
"PRXL2C",0.0238206085409476,0.78049301070087
"SPRY4",0.0456776531729132,0.78052338611635
"ZNF444",0.0168617358077314,0.780929307101022
"ENSG00000280042",0.231173304962164,0.780979553739545
"ZFAND4",0.0376395014142013,0.780984368773302
"CKLF-CMTM1",-0.126330729388274,0.781135185272538
"ENSG00000188223",-0.246383973804156,0.781452656392842
"SPDYE18",-0.0656108117240836,0.781495964490787
"ANPEP",-0.0341890753836236,0.78161686696832
"ENSG00000283045",0.0927950897729575,0.781729877257251
"APOM",-0.0387155264603039,0.782009778830339
"BANP",0.0203704306505008,0.782299015450782
"PPAN-P2RY11",-0.291565382236581,0.782905532313768
"NUP188",0.019744910833702,0.783070933066556
"MPHOSPH8",-0.0241986259297517,0.783205915598153
"ENSG00000289152",-0.124764654159665,0.783424962549073
"ENSG00000299228",-0.165653788812306,0.784106241498032
"MTATP6P1",0.0556901694786706,0.784207684708427
"ZNF408",0.0234005661354235,0.784271269098424
"ZNF787",0.0211554687312382,0.784534516196711
"C11orf52",0.0496899364611513,0.784672585261878
"DENND5B-AS1",-0.26738776017378,0.784672792822783
"PDP1",-0.0472375423776328,0.784680349694993
"CLDN9",-0.0911508513633653,0.784767723425326
"TNFRSF1A",-0.0178849460059315,0.78483814679792
"METTL2B",-0.0203222295204373,0.785015490642598
"LOC124900414",0.250414316079981,0.785082581777922
"NSA2",-0.0295334776847548,0.785090478521724
"ENSG00000223478",-0.0614722210108185,0.785433564783566
"TSPAN12",0.0734041669581389,0.785484822957216
"STEAP2-AS1",-0.141076535341884,0.785515168395503
"LMF2",-0.0306049013565819,0.78584778373794
"ENSG00000273271",-0.133825016112653,0.786000999988835
"ENSG00000301762",-0.116986126770058,0.786198287384384
"NUMA1-AS1",0.0774177485168626,0.786377634915327
"VPS72",-0.0224190412232307,0.786815420119032
"ENSG00000268947",0.11787864780233,0.786840908097038
"PML",-0.0193128411921157,0.786921589070225
"NUP155",-0.0187903812713966,0.78696530826167
"ENSG00000301497",0.182800951911688,0.787080456511243
"ENSG00000298755",-0.11204790892437,0.787146008963814
"SNORD89",-0.127760572901471,0.787158191386825
"RPSA2",0.0242953379622724,0.78734793409864
"PARK7P1",-0.0905700549575314,0.787441576104585
"MICU2",-0.0202314339040505,0.787504434064333
"ADAMTS4",0.0791069848163233,0.787730455330432
"ENSG00000262413",-0.107345901655328,0.787895594401683
"SLC6A9",-0.0353653613198892,0.788291506018464
"RHOG",-0.0307655614993603,0.788428590789356
"GPC1",-0.0494506076946564,0.788496797443218
"LINC00907",-0.0276874583756354,0.788505379310585
"AMN1",0.0324141424221871,0.788648542507373
"TMEM147",-0.0279640069978185,0.788713082442278
"GLDC",-0.021728820709094,0.788779319612268
"CLASP2",-0.021611221523441,0.788799932142618
"FDX1",-0.0279105731441835,0.789076054611211
"LLPH-DT",-0.0952779610801883,0.789201987497455
"ENSG00000272540",-0.088817147207922,0.789238752904584
"C1QTNF1",0.21700147289069,0.789419742536314
"RPL7P1",0.0499576211314411,0.789785441308611
"H4C14",-0.181178359754716,0.789990927285807
"NKD2",-0.0809784788755257,0.790014211702752
"IGFBP2",0.0626695056634346,0.790220358353044
"ENSG00000262445",-0.0491690821120063,0.790221864437552
"ENSG00000290644",-0.302338823833367,0.790466151923514
"SDHB",0.0189654859787521,0.79098170811608
"ARHGAP33",-0.0545892144715926,0.791225107023324
"GK",-0.0281760271028534,0.791273266671524
"CLIC2",-0.140182516213443,0.79128138072789
"ENSG00000293793",0.088434626780823,0.791310738936734
"ENSG00000250264",0.140089797937651,0.791336183735281
"KCTD1",-0.0374695326821856,0.791442977862153
"MPZ",-0.0317693547332013,0.791489660959255
"ENSG00000263823",-0.062466329041264,0.791498121025725
"ZNF185",-0.086126369601209,0.791500352537985
"ENSG00000272108",0.122424652337528,0.791591112162098
"ENSG00000279122",0.0913413351234473,0.791812879785951
"ENSG00000298027",0.121986077166319,0.791888397852709
"ENSG00000262879",-0.0194573367346707,0.792023063663714
"SAP18",0.0259325978072371,0.792046354812846
"ARMH3",-0.0246003178968131,0.792186733355971
"ENSG00000294399",0.139121144280342,0.792293882404017
"ENSG00000290383",-0.249849110017631,0.792351836330788
"CDHR1",0.118486848040496,0.792515070306379
"SIK1",-0.0402016399759123,0.792543709962971
"PYGM",-0.241540551323268,0.792912237884942
"EGFL8",0.0233270249979975,0.792988039020196
"GPAM",0.0488268067365701,0.793053873588174
"EIF3C",0.0220460259501756,0.793253203570857
"ZNF441",0.0301216171346924,0.793305190796956
"PISD",-0.0162404022994092,0.7933102015595
"TNFRSF10A-DT",-0.0341869111410714,0.793451859507032
"LOC124901966",0.251243984991289,0.793852731723166
"CHCHD2P1",-0.111590519204273,0.793952138188917
"CPSF4",0.023395401023341,0.79424593277567
"ENSG00000251867",0.0485827339213288,0.794254623096783
"ENSG00000306369",0.0891012690774681,0.794285329269756
"ENSG00000238290",0.0749007783944887,0.794290769386478
"ENSG00000287419",0.121940186783844,0.794312802228481
"MGAM",0.108458212532385,0.794496686937997
"SORL1-AS1",-0.165651089238231,0.794641065573298
"PLA2G4D",0.189193212021776,0.794788912606183
"MYLK4",0.0595564845681437,0.795224894526055
"CLDN19",-0.0577056560538153,0.795251317552204
"RNF123",0.0180416195807619,0.795434031620215
"CAVIN2",-0.0520826137217901,0.795473892035039
"ZNF771",0.0273899105526846,0.795528454086219
"CAMK2A",-0.240986948740118,0.795558155998053
"ICAM1",0.0455689415602236,0.795619210241202
"SLC44A5",0.0273959741794236,0.795789080529081
"NBAS",0.019841121392143,0.795875459352167
"ENSG00000278202",0.0841962867625574,0.795977099238489
"RPS10",-0.0230716570178428,0.796451394465507
"ENSG00000295227",-0.0980376362085014,0.796493154224642
"SCN1B",0.0493102154270839,0.796633531945461
"ABAT",0.0215247564867101,0.79700381757832
"ENSG00000261061",0.0499323209812264,0.797163483719229
"ENSG00000226803",-0.142895421246924,0.797187911249176
"ENSG00000244151",-0.105459911777235,0.797372619647526
"SENP8",-0.0581485361306878,0.797606593352359
"DGKE",0.0274166030169406,0.797883875544758
"CIMAP3",-0.137677274661289,0.798015345463256
"LARGE1",-0.0244820103304149,0.798472857433039
"C1QTNF5",0.124803981875362,0.798548339495807
"ENAH",0.0197808062757128,0.798869179952697
"RPL26",0.027115091482645,0.798951680788589
"PEDS1-UBE2V1",0.122803290100023,0.799264219232569
"ENSG00000271976",0.0612189348548683,0.799290427753632
"ENSG00000299671",0.140596563607494,0.799294994118508
"SORD2P",0.0451359104337493,0.799537227917913
"MKLN1-AS",0.0409532074984171,0.799658409355251
"PSME2P1",-0.0579683922246911,0.79988607921003
"GTSE1-DT",-0.102295281590318,0.799887191086276
"ENSG00000205578",0.108385718615459,0.800099995310517
"CCDC162P",-0.155318484857199,0.800210731173302
"PPARG",0.0499482033753818,0.800460360861709
"CYC1",-0.0425466496607618,0.800544298902393
"ENSG00000298364",-0.0303934879078194,0.800608529603349
"SEC14L4",-0.118261102890502,0.800642423904335
"GATAD2A",0.0191235726298152,0.800701435739145
"AGMO",0.0500429762797974,0.800848900204859
"NDUFAF4",-0.0285910464490731,0.800855006155206
"ENSG00000234997",-0.105845469451442,0.801542743123069
"AZGP1",0.0218059290969252,0.80176137620806
"FAM193A",0.0192711572358713,0.80201245332304
"UPF3B",0.01915002254874,0.802253508207084
"ENSG00000279434",0.117490112213964,0.802272211311912
"ENSG00000303728",-0.11281227416128,0.802297648024854
"RENO1",-0.127130320317092,0.802535651314133
"BZW1",-0.023536758852277,0.802727155324323
"RPP14",0.0363364686319041,0.80273324192145
"LRRN4",-0.107198696981752,0.802737542127903
"ENSG00000271778",-0.118116578660337,0.802814271292444
"TFF3",0.0796004047802174,0.802906487727103
"EEF1DP2",0.101603727301225,0.802962984164051
"FBXW4P1",0.0767201444640847,0.803372268584901
"RHOXF1-AS1",-0.0460791594550231,0.80423975071409
"NR1H4",0.0346980168808388,0.804890492223925
"ENSG00000274422",0.0367533564608797,0.804924167949646
"HUWE1",0.0164126390900569,0.804991652462336
"ENSG00000289515",-0.0558789023166304,0.805223616480377
"ENSG00000273248",0.0874439849401238,0.805380832958459
"ZCCHC7",0.0251881845647201,0.805445722601623
"KNOP1",0.0201451417552281,0.805490609262326
"LINC01637",-0.0954399290230542,0.805670673097
"PINLYP",0.0823310994205689,0.805959017261606
"SLC36A1",0.0206989540513062,0.806314490886688
"PPP5D1P",0.086129888911237,0.806366364145261
"FLOT2",0.0237297259894778,0.806531474171478
"ARL2",0.0192149011104658,0.806579398366163
"NAP1L1",-0.0185228168774657,0.806869405671652
"LOC114841035",-0.0375379558525493,0.806874228309981
"ENSG00000279549",0.0777746232258375,0.806967217043545
"POU6F1",-0.0959036436352718,0.806991079914659
"ENSG00000287070",-0.0998388670646123,0.807444116960575
"PSMD8",0.0212999631696285,0.80763530740627
"DENND11",-0.023037953762144,0.808213498848639
"ENSG00000258210",0.0664474258705805,0.808278167019087
"ADGRL1-AS1",-0.0483623938977954,0.809082786738325
"LINC02613",0.122699394891582,0.8092633136578
"ENSG00000237522",-0.0365588066878006,0.809400686845323
"POLR1D",0.0207657766927631,0.809415133611122
"NFYA",0.0172979167020265,0.809539276268993
"ENSG00000227014",-0.142995588303476,0.80975578619257
"PPT2",0.0176267548613255,0.809799163885656
"ENSG00000304332",0.0538216677305001,0.809862887669608
"NAT1",0.0269775332902073,0.810265600465942
"ZNF91",-0.0160604827329943,0.810318982231877
"PSMD14",-0.0205389342693573,0.810353128679639
"ADAM19",-0.0879190604011715,0.810364132772391
"GFRA3",0.0394027555345575,0.810556718003518
"ENSG00000272084",0.0627139249010086,0.810649129800098
"LOC124901671",0.0675633038711611,0.810806985984826
"PLXNA1",-0.0156288825376756,0.810987861415105
"FAM193B-DT",-0.110993568284069,0.811353128007212
"ENSG00000244479",-0.234489866679382,0.811395442004436
"PRSS36",-0.0598833458172875,0.811416496475395
"TRIR",-0.0246577480551726,0.811427245951086
"KANSL2",-0.0190681973412824,0.811620682788084
"ENSG00000307734",0.11975348705464,0.812240866761687
"ENSG00000297778",0.109102207186274,0.812352934930758
"LOC105373411",0.0720961075807771,0.812647788728761
"TDRP",0.0235180382846728,0.812890445385459
"ENSG00000260475",0.098275931998988,0.812938045658665
"ENSG00000260971",-0.122194384590255,0.813048949642292
"SMIM10L1",0.0200823797397862,0.813303905936967
"ENSG00000302600",-0.0886082856630758,0.813443413329166
"ENSG00000267395",0.0663625497351535,0.813620599045054
"ENSG00000304454",0.187248285549878,0.813688726563396
"ZNF394",-0.0186458693592706,0.813757375698539
"MALSU1",0.0194309047147685,0.813776603880591
"USP27X-DT",-0.0499018508477707,0.813822041183242
"MBOAT4",-0.128281010889262,0.813908485297133
"ENSG00000262228",0.074269178759206,0.813932474044474
"CPB2",0.0181021864468491,0.813959905202075
"HNRNPM",0.0169170394243321,0.81403022884915
"ENSG00000277151",-0.102093797403255,0.814133948207212
"NKAPP1",0.0332274864418025,0.814414565256547
"LOC105370777",-0.0860820584389702,0.814502656394322
"NDRG3",-0.0164709621857919,0.814519017822206
"DNAJA1",-0.024880036687521,0.81458045452765
"ZWILCH",0.016902826465687,0.814706756939676
"RPL13",0.0282997579676912,0.815217214841906
"CAVIN1",-0.0407594729639523,0.815456889027149
"ENSG00000275131",-0.0685570128802744,0.816050908949143
"LINC01138",-0.0212641240714077,0.816063473708221
"ENSG00000275532",-0.0531928782464751,0.816228680824295
"COL4A5",0.0309518761141126,0.816245362559996
"CDKN2AIP",0.017405449637319,0.816472426338645
"LINC00862",-0.0765725248502611,0.816733640921743
"ACOT8",0.0191912356948899,0.816946406406325
"GPR108",0.0168906048436671,0.817168282519497
"UACA",-0.0173304777123789,0.817236733656514
"ENSG00000308072",-0.10297997097267,0.817311927766097
"RPS15P4",-0.0870559270736145,0.817319331015693
"DPCD",-0.0344541474855766,0.817547961075917
"PFKFB1",-0.0265754759349807,0.817761869392944
"C12orf57",0.0240333021381583,0.818078985500478
"ENSG00000228232",-0.121071678939169,0.818107898484656
"ENSG00000279432",0.0501637017420348,0.818166952770364
"SCARB1",0.0213204426246302,0.818296341541399
"ENSG00000253636",0.0652274791135705,0.818354280258704
"ZBTB14",-0.0228333288132174,0.818462856953635
"GTF3A",0.0187856714853749,0.818864820478043
"ENSG00000259959",0.0317016974882811,0.819236361272772
"WASH5P",0.031244201538179,0.819239771820084
"ENSG00000234617",-0.0944440739454498,0.819273848100069
"ENSG00000260714",-0.0627124093261988,0.819298497143254
"NFE2",0.0535764907281761,0.819306345170994
"ENSG00000297388",-0.0872400978591298,0.819380781922408
"ARHGAP40",0.0786450135874109,0.819430431681454
"ENSG00000259001",-0.0895004121504246,0.819511212382014
"EXOSC1",-0.0220530048812739,0.8195990419856
"WDR13",0.0198257442365728,0.819877307435408
"PON3",0.0228313968561004,0.820288815248013
"RPL27A",0.0238651691441161,0.820410170454535
"RBM17",-0.0142903187134628,0.820607921383307
"MIR193BHG",-0.0278816631373889,0.820622857328735
"STUB1",0.020426179942371,0.82084703764627
"RAP1GDS1",0.020445967156318,0.821024215219689
"ENSG00000276449",0.0598701983714514,0.821025410087823
"TNNT2",-0.083081190780233,0.821378868585477
"CYP26B1",0.106554273407936,0.821648342125535
"GLCE",0.0204317360049679,0.821809159885864
"RNY1",-0.122156034440032,0.821877562337693
"PPIAP30",0.125074423056289,0.822065122598646
"LOC124904194",0.065963626222369,0.822066205685214
"TFPI",0.0171841050668228,0.822115331640815
"ZBED5",-0.0191983859068131,0.822262000225852
"ENSG00000272159",-0.145680310776128,0.822583733871238
"TBC1D10C",0.0427173995181542,0.822596743542679
"CHD9NB",0.103150771459767,0.823166173521079
"CUZD1",-0.090110080582972,0.823204356237655
"SPATS2L",0.0342464782104353,0.823285272463039
"NUTM2A-AS1",0.0125944463720913,0.823292434618626
"PDCD6",0.0162197550785269,0.823316988720753
"CD55",0.0287704664281573,0.823459467651283
"RAD51B",0.0414162244705583,0.823855312042039
"ENSG00000301730",-0.117044857877426,0.823964266079828
"FUT3",-0.108280989457577,0.824392090112228
"LINC00659",-0.0982443477395446,0.824561957845844
"MLLT1",-0.0128187175810413,0.824767867642753
"ARHGAP45",0.0510132041286867,0.824795958228918
"ENSG00000293203",-0.113568943821546,0.82510911330557
"XRRA1",0.0175045192833708,0.825471756021979
"ENSG00000251615",0.0606131450631113,0.826108704779626
"WARS2",-0.0250149280306092,0.826270220648785
"ENSG00000297420",-0.123148025186321,0.82645650827462
"ENSG00000289791",-0.186652510705906,0.826520759652443
"FBXL12",0.0150309950186837,0.826775054249298
"ENSG00000279203",0.061163858555342,0.827213212019051
"FRG1CP",-0.250294100130333,0.827397094089515
"XPC",-0.0159083191682322,0.827397899143265
"CD74",-0.0173490224258632,0.827428731482664
"TTYH1",0.0537905814403983,0.828134840399828
"VAPB",0.013048167663174,0.828401428501103
"ENSG00000289145",0.0736702720452082,0.82852145933352
"MISP3",0.0262901162259421,0.82881618890994
"LOC105378287",-0.0830035305782223,0.82907798444391
"H3-3B",0.018218695173873,0.829249239035087
"HARBI1",0.0286588264743042,0.829374554633092
"DYNLT2",-0.0196176068476995,0.829410408344262
"LOC124904613",-0.0983284905085683,0.829582334814055
"RNU1-2",-0.0983284905085683,0.829582334814055
"RNU1-27P",-0.0983284905085683,0.829582334814055
"RNU1-4",-0.0983284905085683,0.829582334814055
"RNF166",0.02008042565467,0.829734058315882
"PPIB",-0.0263077114148068,0.829943679414078
"CHMP3",0.0156320779622123,0.829987401599011
"GABRR3",0.13124073795099,0.830255847725808
"DNAH10",-0.220093913840373,0.830424429699441
"NPRL2",-0.0154184853894335,0.830710159590148
"RELT",0.0226362596064657,0.830728883442037
"TPD52L1",-0.1383441048983,0.830750302712802
"ENSG00000272410",0.133196682858086,0.830993597156562
"NANOGP8",-0.125710351642979,0.83116064982111
"GMPPB",-0.021821298602959,0.831316081176715
"RCC1L",-0.0178484155000952,0.831353580642189
"CDA",-0.0603344313900028,0.831530801300892
"PSD4",-0.0189010126937996,0.831873242908367
"C1QTNF12",0.0716927598799652,0.831917634656523
"SAXO4",0.0740061514970822,0.831969945054824
"DYNC2H1",0.0587678252958734,0.832026389434944
"PHYHIP",0.101431247853575,0.832337111945914
"RLIG1",-0.0204184706368019,0.832559419416431
"ENSG00000299818",-0.100292475393681,0.833386794983143
"PHF5A",0.0154704066215336,0.833472067458495
"ENSG00000287077",-0.085818542980239,0.834021197028482
"U2AF1",0.0329206586153857,0.834346594724501
"ENSG00000275097",0.0727716828715599,0.834379073257391
"TMX2",-0.0164461151144524,0.834423035920591
"BRSK1",0.0515457141335105,0.834992731074875
"HPS1-AS1",0.0807736666596624,0.835519477175999
"NRN1",0.189960778939061,0.835580536522025
"MUC12",0.0788428213440253,0.835813777822664
"TBC1D19",0.0476120890803894,0.835844783876494
"ENSG00000241860",0.0267975118488661,0.835990352766127
"ENSG00000230555",0.0612438367849815,0.836123116632356
"KISS1",-0.0984181252622818,0.836298884515759
"ENSG00000277103",-0.150765480545343,0.836512893591562
"AASDHPPT",0.0145728772698558,0.836530281901805
"ENSG00000289966",0.0880751197942913,0.836716142264085
"ABCA15P",-0.0574570744119744,0.83680056702874
"ENSG00000293171",-0.11563651294718,0.837206481663839
"EXOSC8",0.0132609050181196,0.837347965795926
"RPSAP13",0.0803518377084538,0.837399366123249
"LHPP",0.0424679676569044,0.837411076585517
"PPIA",0.0158085806484588,0.837569367332113
"CAPNS1",-0.0205222595714762,0.837639413950585
"TBX4",-0.105115461606372,0.837744586530988
"ANGEL2",0.0150842940824517,0.837755557317702
"RPL5P34",-0.0740873700121097,0.838054796457753
"TMIGD2",-0.105850708461226,0.838389612024272
"CYB561",-0.0408651382882873,0.838570228357169
"ATPSCKMT",0.0261391519196672,0.838857433291148
"L3MBTL3",-0.0299857834250733,0.83916234006493
"ENSG00000282807",-0.172204237933069,0.839310830163573
"TARS3",-0.024871659125341,0.839823022402525
"C12orf75",0.0455174147508856,0.839912306744844
"ENSG00000233293",0.0754340086662794,0.840117111792152
"ENSG00000238045",0.0547029302695818,0.841014305335666
"GNG10",0.0148241399810628,0.841220713794626
"RPL34-DT",0.0843574032630896,0.841864522386091
"TRIM47",0.0157408449683531,0.841924221630901
"ENSG00000225850",0.0903547491592477,0.842325740491716
"GAS2L1P2",-0.216172708221906,0.84292904364174
"EPB41L1",-0.0338641768086411,0.843079700147572
"SLC22A5",-0.0245402945067424,0.843246904415136
"ENSG00000257086",0.0529766425565926,0.843300316115172
"ITGA10",0.0887733961778236,0.843332573314782
"PPIG",0.0149777833098988,0.843689098396053
"ENSG00000276071",0.0813403109418964,0.84369707734169
"FLJ46284",0.0912554312212576,0.843753195405357
"CYBC1",0.0166333537539918,0.843990956950544
"AQP11",0.0168659954874399,0.844172078238677
"HAT1",-0.0153840508156958,0.84417418343646
"ENSG00000259424",-0.0596678911463817,0.84431996950018
"ENSG00000308967",0.0941602038334105,0.84451272387679
"ENSG00000289463",0.0477748047764802,0.844610450206217
"CDH1",-0.0362257879814772,0.844692840376286
"TMEM138",-0.0192111586639707,0.844843639038838
"LOC101929470",-0.106531953728155,0.844865507354324
"RAB5IF",-0.0155182932282324,0.844866138819342
"FKBP6",-0.190693343977614,0.844896548479844
"MICAL3",0.0204205835950559,0.845209356056946
"FNBP1",0.0136819914483135,0.845234263835586
"RPL37A",0.01874609415823,0.845322609770248
"SIT1",-0.108802421039122,0.845324886278789
"NOX3",0.189376761689614,0.845394468755625
"TRMT10B",-0.0222466557867763,0.845494646311415
"PGBD1",0.0155387243319728,0.845759335508798
"SLC2A9",-0.0147138211801707,0.845998074405882
"FDPS",0.0147188507955039,0.846101572303049
"ENSG00000226268",0.0709996086824965,0.846382395079619
"VILL",-0.0452774845519897,0.846407740874615
"ABTB1",0.031907226526044,0.846431849361185
"ARAP2",0.0548236683058243,0.846698736003777
"SMIM11",-0.0215361374940138,0.846737496641209
"SAMM50",0.0121690900943362,0.848182000681769
"ENSG00000273449",0.0401120171681145,0.84869935476757
"TUFM",0.0161995615282758,0.848738863689138
"TEC",0.0648148347874813,0.848835896224853
"PRAP1",0.0457105358104849,0.849306555958769
"ENSG00000293142",-0.0722119096860623,0.849487241877864
"SRRD",0.0187822133229439,0.849598559997179
"FOLH1B",0.0989648525192493,0.849685424852818
"APOA4",0.0587874541819031,0.849938046926376
"NUTM2B-AS1",-0.0165278216705288,0.85029735030014
"H2BC8",0.05510311780924,0.850310264216953
"ZDHHC16",0.0186665061728096,0.850321210974764
"ENSG00000239280",0.0778981757726502,0.850546444257759
"RP9P",-0.0236850812511107,0.850913377361712
"TMEM205",-0.0143843335296333,0.850918749709863
"TRMT112",0.0178316939644283,0.850978592014207
"LOC100288570",-0.0771708182057059,0.851428072691135
"NACA",0.0183485745417329,0.851474832552856
"SEPTIN7-DT",-0.0318172420698739,0.851720846270593
"IMPG2",0.0695604477436966,0.852610779650937
"METTL21A",-0.0163757533751404,0.85263824418529
"ATG4A",0.0290910344535628,0.852723196207119
"ENSG00000269968",0.0626060543608868,0.852922958403903
"LOC124901333",-0.0369761015264931,0.852942673411153
"CEBPZ",0.0137156425295756,0.85299214936778
"ENSG00000266304",-0.0410109252609617,0.853042962480421
"CHAD",0.0661385513584997,0.853133590084081
"TAF5L",-0.0136643598917255,0.853264225876731
"ENSG00000276334",-0.0454165569323059,0.853507166202316
"MRPL22",0.0165062753684782,0.854057807731587
"DKK1",-0.040364526080116,0.854261973053469
"OPA1",-0.0115994355358407,0.85433274159864
"ENSG00000300739",0.0438912212817789,0.854473138293006
"SMLR1",-0.0136393688856561,0.854574880571172
"TBCEL",0.0150960485712573,0.854605306378615
"TRIB2",0.0183581329267883,0.854790427937633
"COMMD5",0.0215902542011468,0.854870940276359
"SNAP47",0.0165967273745439,0.85491083989829
"MSANTD4",0.0153329738228532,0.854963502207055
"CNPY4",0.0209893781635277,0.85523591861916
"LOC154761",0.0600110180386094,0.855474418424777
"ZSWIM4",-0.0450258164614613,0.855631998656818
"KRTAP3-1",0.085944424714419,0.855634148136462
"ENSG00000248593",-0.0656567375281449,0.855794908578623
"ENSG00000204253",-0.0459438008328467,0.856323210681474
"STEEP1",0.0180220786493352,0.85661134791694
"H2AC13",0.0614152491576399,0.856728681606113
"SRA1",0.0173566987675688,0.857019275870543
"ENSG00000288899",0.0456207329166461,0.857020548312028
"CDK6-AS1",0.0571288586908154,0.85711903297929
"RPL32",-0.0181929059206453,0.857375149498442
"PAN2",-0.0142485718135472,0.858780134667206
"TMEM14C",-0.0170905382436226,0.859115098427975
"ENSG00000257252",-0.0353066253846033,0.859495573465024
"SCARF1",-0.0607382176130839,0.859541751309908
"PRKAG1",-0.0125518858622424,0.859654367098679
"ACBD6",-0.0151121410606791,0.859818916546965
"EEF1B2P6",-0.0791643945803883,0.859924091272795
"ENSG00000302039",0.0636266241060603,0.859952609232807
"APLP1",-0.0535593487792047,0.85996228936537
"COX7A2",0.0156981293376038,0.860295194287989
"CYP4F3",0.0395780783446156,0.860318546927663
"HEPHL1",0.0825381523566559,0.860387293990108
"ENSG00000279474",0.053440929092725,0.860550938247953
"TM2D2",-0.0161731826533949,0.860942553839128
"RBP2",0.041784277893139,0.86103112254774
"TFDP1",-0.0117390519245213,0.861087829285031
"GOT1-DT",0.0217154346483363,0.861422494567872
"RABL6",-0.0109937584305668,0.861813423515596
"COMT",0.0122615878795654,0.862188024133766
"KRT8",-0.0231162275821698,0.86298998114903
"CYSTM1",-0.0212250859717426,0.863383173056777
"ZNF19",0.0205451589961537,0.863419080197915
"LSMEM1",-0.0609899968222154,0.863618961376195
"CCT4",-0.0143334732463641,0.863744151525635
"ASB2",0.0663218012313694,0.864312446262978
"HRG",-0.0297232514887901,0.864488657144595
"SEM1",-0.0177847555962796,0.864566429481533
"ATP10D",-0.0293087760264445,0.864654104926448
"TMEM255A",-0.0416907850377449,0.864814230215342
"GPKOW",0.0152876432026328,0.864909722679809
"FDXR",0.0221864987999534,0.864992633528142
"NPAT",-0.0146803703944168,0.865217412971716
"ACVR1B",0.0200403170390512,0.865223118113371
"PPIL2",0.0134373778969822,0.865284144177968
"LARP6",0.0742450072173191,0.865338025163086
"ENSG00000270277",0.0653755199990553,0.865361153403089
"RSAD1",0.0108048632480632,0.865465036943241
"HARS1",0.0107908628211698,0.865485984364982
"ENSG00000303901",-0.0438908700728277,0.866841878101337
"APOC3",0.0273173613255328,0.86717165775225
"RARRES2",0.018945930121649,0.867450178366187
"OTUB1",0.0100144574997613,0.867510488891123
"TUBB4B",0.0142731124963994,0.868011310878427
"BCLAF3",0.017790381112141,0.868122686131326
"NENF",-0.0143509975990977,0.868499903999991
"WNK3",0.0416721174748505,0.868564096345937
"LGALS1",0.0292123399849369,0.868651213245145
"TFAP2E",-0.0589576147365663,0.868745569629298
"JUP",0.016566050448211,0.869059567279794
"SNORA63",0.0682494045449202,0.869095905229845
"ENSG00000290995",0.126366027519622,0.869176874553623
"ARL6IP6",-0.0117987129448132,0.86967460369695
"TONSL",-0.0184427054752256,0.869844709918275
"INHA",0.0224824206309904,0.869855563155806
"ENSG00000267904",-0.059983758258032,0.870440004520195
"DOCK7-DT",-0.0408307401136345,0.870887433173075
"ENSG00000304057",0.0848281691421964,0.871375866896465
"FABP1",-0.0200657946325557,0.872097987564447
"MOGS",-0.0131512594114155,0.872280841980214
"ENSG00000262172",0.0538973031112577,0.872378709004843
"POMGNT2",0.0149938393716715,0.872385780819738
"TAF11",-0.0100241552788431,0.87248373360575
"ENSG00000280088",-0.0189841821147834,0.872539247277799
"IDH3B",-0.010444205149294,0.872702668635881
"ENSG00000306365",0.105809620586786,0.87273572842348
"ENSG00000274292",-0.043914496067055,0.873061546865057
"MCM9",0.0127731221922437,0.873868207964973
"UCHL3",0.015356208855249,0.873952480648501
"CMTM3",0.0173272931332965,0.874211729795091
"AIF1L",0.0167978513555167,0.874395298743759
"KLHL31",0.0273832174816479,0.874410636243609
"LIN52",-0.0140786705922613,0.874684669561116
"ENSG00000249258",-0.0583615280339627,0.875111447826456
"ZNF70",0.0218319497906113,0.87515459202608
"PTP4A3",0.0213103629804462,0.875241431633934
"TRIM3",0.0210811745289396,0.875464004604956
"COPS6",-0.0132028139682444,0.875465076357254
"ZNF442",0.0237775281976948,0.875527186022175
"RBP1",0.0296311950431823,0.87574150323038
"C6",-0.0344443645804174,0.875987431860475
"CNTNAP2",-0.0356243861415762,0.876410641916974
"PET100",0.014947104112721,0.876437402688526
"ABCC2",-0.0117516947614788,0.876478971251259
"KIF13A",-0.00959642591014036,0.876868661134464
"ZNF487",0.0179160355581107,0.876954542763219
"KLHL13",-0.0175427326120853,0.877029599338117
"EDA",0.0184424113732204,0.877075983875418
"ENSG00000269997",0.0592929865691608,0.877149165276007
"ENSG00000285330",0.0363794215863275,0.8773668300061
"MPDU1-AS1",0.0169637736841236,0.877394787987014
"ENSG00000310576",-0.0155504413172443,0.877397491624627
"SRPK2",0.00933602669293451,0.877446896145225
"COX14",0.0194963480983152,0.878012462997646
"ZNF432",-0.0189936723299515,0.878120499150583
"PCOLCE2",-0.0109499449043004,0.878252061027817
"ARL3",0.020393543354005,0.878303730182361
"R3HDM2",-0.0129896237177212,0.878484405019605
"ENSG00000288868",-0.0213450612114821,0.878889484738707
"ENSG00000283341",-0.055785118870038,0.87967147739408
"TMEM222",-0.011852543204316,0.880033896700282
"PORCN",-0.0227036174796109,0.880037706562858
"ECH1",-0.0138248108297541,0.88005443448361
"SORCS2",-0.0300613962759196,0.880233969438018
"ENSG00000290845",0.0415715040255587,0.880251067386354
"PLEKHJ1",0.0107384329533558,0.880262884276672
"ENSG00000280327",0.0580083962078485,0.880294563711865
"ENSG00000237877",-0.0180645828742474,0.880870386802222
"LIG3",0.0098560588766884,0.880929488794312
"SCARA3",-0.0131006954615635,0.880957267188614
"SNHG7",-0.0128051147288716,0.88100005109394
"CCNL1",-0.0102657403055195,0.881089793484588
"ACE2",0.0313070607367268,0.881135816411327
"RNF31",0.0138586881883557,0.881629032720791
"ENSG00000264575",0.0128634629312595,0.881654442928972
"ENSG00000264666",0.0312575812673642,0.881942216256792
"UQCR10",0.0134777887504562,0.881998911567156
"ENSG00000260367",-0.0588120016781782,0.882131349205533
"AIFM2",-0.00976515666116183,0.88224789037246
"CCDC180",-0.0266640790215649,0.882291031757843
"NFKBIB",0.0117842127280351,0.88251387113684
"MRPL37",-0.0117959205838128,0.882733587290501
"KDM4D",-0.0325612936057187,0.882758498199943
"TMEM43",-0.0109502597294485,0.882859971461687
"UQCRHL",-0.0249507908587091,0.8829532999968
"RPL3",0.0172084390827643,0.882959116380704
"ENSG00000268204",-0.0590906422516695,0.882986195947075
"LY96",0.0665584650468205,0.883005556357851
"TMEM120A",-0.0106140848063275,0.88306670601123
"ENSG00000293098",0.0243715837677723,0.883243660764246
"METTL13",-0.0115302221612462,0.883533982472146
"RPLP2",0.0180591002944399,0.883929951211488
"CD99L2",0.0208213550733082,0.884065863260957
"ENSG00000249141",0.0764867802253894,0.884176178633856
"ENSG00000259378",-0.060342010464419,0.88422912294566
"PKHD1",-0.057157494629947,0.88428122149434
"RNU1-1",-0.0983284905085683,0.884428396641198
"RNU1-28P",-0.0983284905085683,0.884428396641198
"RNU1-3",-0.0983284905085683,0.884428396641198
"RNVU1-18",-0.0983284905085683,0.884428396641198
"ENSG00000300925",-0.0596680489282736,0.884680253432582
"LINC00957",-0.048004804756923,0.884726488318844
"ZNF283",-0.022865381653829,0.884771091741078
"GTPBP6",-0.0103998667507722,0.884963763576212
"ZIM2-AS1",-0.0595920110882665,0.885136843301296
"GTPBP10",-0.00956712942694707,0.885155261709876
"NBEAL1",0.0111102354400573,0.885260656874909
"SLC25A39",0.00974988022719725,0.885481660679061
"ENSG00000271672",-0.106375955022699,0.885749559280595
"SEMA4D",-0.0603424867235728,0.886618747667534
"PDE6G",-0.0628857694697634,0.886705666636186
"ENSG00000279179",0.0717248552957604,0.886815861109646
"ANKRD53",0.0897075238223667,0.886824074036573
"ENSG00000290065",-0.0613639179642805,0.886850311175149
"IGDCC4",0.0269737595279527,0.887003408727825
"GLYR1P1",0.0834108712934397,0.887154655032288
"POLE4",-0.0104682159643432,0.887247444581366
"NHLH1",-0.0611418396994258,0.887252739236734
"IFI27L2",0.0339464679278004,0.887418813956931
"CCDC152",-0.0601920720895587,0.887481760733467
"ENSG00000279803",0.0667134977947279,0.887635231143661
"ENSG00000307684",-0.0568045219344415,0.887678228905944
"STARD5",0.0206939984522994,0.887750148544409
"SMPD1",-0.0142372220175739,0.888025016953142
"ENSG00000305299",0.0859803352611188,0.88832255693243
"AGAP2-AS1",0.0290937116040415,0.888797224792594
"ENSG00000278861",0.0689006334984286,0.888879230425439
"MCUR1",-0.00924525990344224,0.889181542485924
"ARPC3",0.0122913548386154,0.889301026020126
"LOC124909451",0.127363130643761,0.889621480605507
"WDR46",0.0100934481528167,0.889666297396006
"ID2",-0.0137315238673434,0.889725524628607
"RPL23A",0.0151842027239209,0.889726062295932
"TCAP",-0.0605498128068195,0.889802657197748
"ENSG00000260101",-0.047807972562662,0.889821243570651
"POLE",0.0140155258031178,0.889971987254126
"CCT7",-0.0131680970744198,0.890558965245254
"CLPTM1L",-0.0112150232901359,0.890612212200662
"ENSG00000293497",0.0143476068878537,0.890738949983343
"DENND6B",-0.0181469545226388,0.890758605510365
"LINC02803",0.0641288898848208,0.891071246619982
"ENSG00000278829",-0.0600940343913128,0.891105633557592
"TUSC3",-0.0280494908217259,0.891110083635172
"SPAG1",0.0200208311764097,0.8911786258404
"ENSG00000289004",-0.0375228059972624,0.891221606711738
"PPP1R2",-0.0099108608326879,0.891379801343286
"GPATCH2",0.0155525862927878,0.891521310245314
"ENSG00000261553",-0.0435015989336296,0.891990911820874
"LARP1B",-0.00914868561459645,0.892319775192073
"FIBP",-0.0115420370938433,0.892488934913163
"LOXL3",-0.057275455421477,0.892510440491417
"ENSG00000276564",0.0395783848535428,0.892774743560481
"RALGDS",-0.0115024805005625,0.892920652973506
"TRMO",0.0146399336177341,0.893251579130663
"KCMF1",-0.0123547920329064,0.893282311408617
"IGF2",0.0187001412986166,0.893426324120085
"ENSG00000260342",0.0518968814402514,0.893646664523576
"NTS",-0.0689572976701054,0.893790724352938
"LOC100506071",0.0383705270471449,0.893810263456657
"ENSG00000297950",-0.0570501799545299,0.893874201089196
"GPAT3",-0.0333259652027708,0.894026945795879
"PDGFRB",0.0313354245553481,0.894044941789005
"COX17",-0.0148549903502606,0.894071239006488
"PARD3",-0.0105202104044773,0.894388442804636
"PKD1P5",-0.0127029322526158,0.894418565820227
"GRK3",0.0120508509946214,0.894467444630625
"EIF2AK1",-0.0128824291677792,0.894540796759902
"LINC01347",0.0299193268726349,0.8948208264771
"ZBTB3",0.0248522412275342,0.89482668231808
"COG4",0.00958923538889916,0.894847415358136
"KRT10-AS1",0.0132213351621303,0.89560667882851
"ANKRD9",0.0107365922764778,0.895834245083138
"ENSG00000277938",-0.0434038459509109,0.896230224812941
"ADNP2",0.0104150689510835,0.896376017055271
"SRY",-0.0277185665626847,0.896447845799258
"ZNF833P",0.019753910422715,0.8964490055271
"DLX6",0.0168520452430813,0.896831502232929
"KIF5C",-0.0586876993325017,0.89700654053344
"TYW1",0.0113239550529328,0.897033199076544
"RTF2",-0.0095711207342595,0.897111306339579
"PQBP1",0.00872735136613392,0.897266104801122
"OLFML1",0.0267567446037838,0.897531148814242
"UQCC1",-0.00710535365916907,0.897638022706367
"ENSG00000306229",0.0536718750700293,0.897684155933549
"WFDC2",0.0921833970867222,0.89773848326942
"KXD1",0.0119684031705135,0.897765314627642
"TMEM160",0.0143488851478743,0.897896495462532
"ENSG00000235174",-0.0260524226622219,0.897926802075925
"PLCH1",0.0190926822524036,0.898196908177706
"MCRIP1",-0.0101128827111527,0.898225050683777
"ATP5MG",0.0128754860186256,0.898565989526181
"ENSG00000290048",-0.0351343536094835,0.898697515984865
"ENSG00000279281",0.0208092564306498,0.898748570409035
"SEPTIN10",0.00864214705968177,0.898858859984871
"ENSG00000294598",0.0149362867985608,0.898871587982065
"EEF1AKMT4",-0.0129296315336709,0.898900658046558
"DHCR7-DT",0.0262844769765223,0.898912418348105
"ENSG00000259522",0.0298872899930036,0.89893684387605
"SSR2",-0.0116189474628774,0.899030759445165
"ENSG00000291221",0.0208787849488641,0.899142673321387
"ENSG00000303475",0.0361491581522654,0.899359330155243
"NDUFA4",0.0103527933769993,0.89946703604237
"SLC25A1",0.00964915597614674,0.899533295672278
"ANKRD39",-0.0110061998380134,0.899641818107705
"ENSG00000272945",0.0597581876334149,0.899842780317017
"RNF130",0.00810229975505669,0.900182546293397
"WDR43",0.00830382905525466,0.900418247927107
"THSD7A",-0.0584550737416554,0.900618161293334
"ENSG00000278950",-0.0596318466776819,0.900860336001118
"SHQ1",-0.00979887568179258,0.900945635028497
"ENSG00000291194",0.0627429387735847,0.901923993634946
"BCAR1",0.00927234315503772,0.902037413793108
"SLC35G5",-0.0585889866729807,0.902112386386775
"FAM135A",0.0106729588806629,0.902165686194811
"RPS21",0.0127852857548607,0.902201408189854
"KLHDC4",0.00796547747828992,0.902249860185521
"TSPYL2",-0.00958097445775294,0.90241181323014
"STC2",-0.00995539194240827,0.902770055660659
"RANBP1",0.0079037437212855,0.903269212698698
"ENSG00000251003",0.0503576391721906,0.903427017999093
"PRKCZ",-0.010183418001795,0.903809198424169
"TCIM",-0.0313074450026639,0.903830399242639
"LOC105371240",-0.0356258299119602,0.903839709033334
"LTBR",0.00852757817537575,0.903858960403361
"DCAF16",0.00899042249930163,0.904127890653258
"CSRNP2",-0.0104424434776961,0.904184538203622
"ENSG00000287619",0.0644177372843124,0.904518705510315
"NXPH3",0.124603161427717,0.905154881875442
"ANXA2",0.0202619675261725,0.905244929123504
"B3GALNT2",0.0096955229802267,0.905459024219235
"ENSG00000308112",-0.0576021329295776,0.906075526452594
"CPZ",0.0434192015350632,0.906132674332632
"SCIRT",-0.0586815950093017,0.906551446414631
"ENSG00000297842",0.0564312935786749,0.906592706720844
"HSP90B1",-0.0122667503408753,0.906746363853657
"ENSG00000253893",-0.0391751953200771,0.906897165522078
"ENSG00000289368",-0.0287167294625981,0.907054767253809
"ENSG00000293455",-0.0209075008796261,0.907082202880786
"RAB24",0.0110037142039064,0.907325499957968
"PSMG3",0.0113202069760363,0.907378685781888
"COPE",-0.0111837059267217,0.907624165399686
"LINC00942",0.0750038309051557,0.907990810845244
"WDR18",-0.00791817471768046,0.908333457280415
"ARPC2",-0.0112829539118067,0.908352927786017
"EID2",-0.0111654047742521,0.908403023893765
"ENSG00000277741",0.0576432695301741,0.90852024071887
"RPL4",0.0145896423497684,0.908660620217196
"AAK1",0.00700720139586614,0.908662383399986
"NINL",0.00941285955878038,0.908676462156737
"ENSG00000289842",-0.0179069688437991,0.908787933260595
"ENSG00000288927",0.0481995097344042,0.90905071511703
"MTARC1",0.0161108268958538,0.909134316009537
"ENSG00000203647",-0.0579276442462484,0.909455550746192
"PSTPIP2",-0.0401754074738057,0.909597612571259
"REP15",-0.0297037063668689,0.910169824206605
"LINC00649",0.0525259211131932,0.910246755098009
"PLCD1",0.0116336845630328,0.910308808633709
"ENSG00000272851",-0.0252662158933503,0.910446757050142
"MTHFR",-0.0119325988745206,0.910652044850476
"ZACN",0.0326698598786301,0.910720224733369
"GANAB",0.00978744232806517,0.910811848480035
"CHRND",0.0563595583969532,0.911007614115204
"ENSG00000289520",-0.0407527181292406,0.911151769564003
"NR1D1",0.0152069115101373,0.91115742496096
"LRRC3-DT",-0.0593193844809227,0.911196547159847
"BCKDHA",0.0142114658273161,0.9112192097604
"SNORD97",0.0674968309421939,0.911420591470857
"GAL3ST1",0.0177045973097092,0.911561063582913
"CWF19L1",0.00899033258276389,0.911620457655324
"GTPBP8",-0.0162606268403681,0.911729080207734
"ITPR3",-0.0217153070925546,0.911847314993095
"ENSG00000288871",-0.0358416225675779,0.911965764572368
"H4C11",0.0247716074432158,0.912016539669017
"SLC16A7",0.0177770120620573,0.912223782611655
"PLD2",0.0077787409640048,0.912260173676886
"ALOX12P2",0.0137308766916801,0.91233450799728
"NIN",-0.012224216337155,0.912446911111684
"GATA6-AS1",-0.0589869438781751,0.912499235428831
"RBP4",-0.0106764257910827,0.912598918667458
"IRS2",0.0461503750480903,0.912606219435968
"ELAPOR1",-0.0583012105617916,0.912828550967836
"SRSF7",0.00674103259443242,0.912861743313042
"UBL5",-0.00863702546625081,0.912928601553716
"MNT",-0.0073562814323328,0.913404709172415
"ENSG00000273402",0.055041518422336,0.91344252332271
"ENSG00000289027",-0.0713152646162196,0.913686281116147
"ENSG00000293945",0.0424714100650299,0.913751498654286
"NDUFB2",-0.00821200871955814,0.913777121131877
"TPBG",0.0370404229238302,0.914363440644683
"ENSG00000256969",0.0455995936694986,0.914559471053085
"CCDC88C",0.00899438541567775,0.914938916291873
"ENSG00000257839",0.0379103229885172,0.915143898720945
"ANKDD1B",-0.0578653980135367,0.915959720180491
"ENSG00000228835",-0.0254250955944529,0.916044941523358
"CFI",0.00713524889073543,0.916127874746756
"ZC3H7B",-0.00714362047626216,0.916382015879587
"PDCD6IP",0.00710463691799836,0.916581192818738
"C18orf21",-0.010992474801119,0.916649873605118
"LOC105372990",0.104896240420203,0.916748553705325
"SLC39A4",0.0160389528202503,0.916855150702139
"SP4",-0.012878280254384,0.917247795235639
"ALDH4A1",0.00749770871464608,0.917525898350581
"ENSG00000272812",-0.0209085991673785,0.917871872135694
"RAB3IP",-0.00731148101370611,0.91810593295307
"NKX2-5",-0.0274973411585615,0.918332410847943
"BMP2K-DT",0.0345965374390143,0.918580231501438
"OBI1",0.00996564221809681,0.918734734402913
"ENSG00000277840",-0.0591605513794965,0.91884306260353
"RPS2P29",0.0287128823385373,0.918852147673447
"BTF3",-0.00814937825799214,0.919292390350626
"BTBD9",0.0182065041618464,0.919376609587267
"ZNF707",0.00922675195086852,0.919498376642898
"TRIM15",0.0073841602937901,0.919809430996439
"RAB8A",0.00885903808678433,0.91994822413959
"FETUB",-0.0224590671765813,0.920113162846278
"TMEM219",0.00548269504362068,0.920175712626219
"SCO2",-0.00792289302746138,0.920361888773388
"NPHP4",0.00850938117223708,0.920654749452263
"SMG7-AS1",0.0549389829379897,0.920683231523882
"DCUN1D2",0.00825862523580941,0.921212781598246
"GFER",-0.00694459272934029,0.921403241655842
"VCX3A",0.051737228132988,0.921570168131326
"SLC25A5",0.00952076278694806,0.921920758798183
"MMP15",-0.00845262731291883,0.921948797209703
"RRM2",0.00732901407592334,0.922066320133699
"UQCC4",0.011541289527273,0.922212522861268
"IRS1",0.0105347249428604,0.922324154467812
"IL17B",0.0226293160612738,0.922463720234298
"NCOR2",0.00699779366690083,0.922587437255472
"SMAD5-AS1",-0.0588674401925759,0.922609522436374
"IWS1",-0.00706055376114019,0.922681607755813
"ENSG00000283761",-0.0310313582173034,0.922724192474662
"SSTR3",-0.0533464764187784,0.922893321706363
"ENSG00000295937",0.0110549559501428,0.923036531558744
"MEP1A",-0.0115425887494916,0.923075328597895
"EIF1AY",-0.00935088235352188,0.923605092929421
"AARS2",-0.00740079405313114,0.923619538724133
"ZNF799",0.00855242336726499,0.923724257010264
"SLC22A10",-0.0298657552563375,0.923841375798003
"ENSG00000299521",0.036933325553214,0.923927303575349
"LONRF3",-0.00777540233953783,0.924019107044697
"ENSG00000260167",-0.0606114205502716,0.924146670385886
"NARS1",0.00672518010857913,0.924153517401837
"APOF",0.0114596055400052,0.924247765933984
"PSMB3",-0.00842582578096513,0.924491036277707
"SERP1",0.00815113310533315,0.924538955496897
"ZNF204P",0.0273330940750018,0.925195540522289
"COPS9",-0.00826315057425559,0.925223034135115
"ENSG00000287739",-0.0602292072328653,0.925379333849707
"MOGAT1",0.0390667836166052,0.925437616101329
"PIP4K2A",-0.00845597021969816,0.925682119256985
"UXS1",-0.0065291377803773,0.926433424788328
"ZFAND2A",0.00755470802229953,0.926836880331485
"LTO1",-0.00722588749060572,0.927011142455434
"ENSG00000261114",-0.0293555698010877,0.927029230878146
"ENSG00000280571",0.0291891991818672,0.927205970776472
"LOC105376391",0.0496711527594898,0.927242688395179
"TRIM21",0.0133185495611132,0.927367190676585
"SPMIP1",-0.0584733915290165,0.927505559000265
"SHH",0.0113421062980479,0.927825181582041
"ENSG00000285658",0.0378414495887648,0.927833404050812
"TPTEP2-CSNK1E",0.0547474429278654,0.928038572081068
"CHD5",-0.0563791243923246,0.928138203614163
"WDR54",0.0241755746801076,0.928182567399362
"TIMM23",0.0085111781711738,0.928633984398268
"NCOA5",0.0054368019537965,0.928645291959479
"UPRT",0.0115768587558086,0.928726371715123
"ENSG00000299885",-0.0725550954101199,0.929050198174318
"PCDHGB4",-0.0119020900590851,0.929093188999046
"HPX",0.0277832800626601,0.929217868622146
"GPER1",0.00701422591075103,0.929318140293192
"HAP1",0.0463528245088051,0.929607222449092
"ENSG00000305847",-0.0399866115624372,0.929647606768823
"LENG8",-0.00687635599584924,0.929918256189803
"ENSG00000215492",-0.0200737598297701,0.929998015634088
"RAB15",0.00966901674123523,0.930103598028474
"MGRN1",-0.00582552281443784,0.930250095642071
"ZNF48",0.00808172256619556,0.930269192338476
"GTF2IRD1",-0.0091298967300574,0.930457728922804
"COA5",-0.00528266999909406,0.93102732853896
"PRR19",0.0288452041233001,0.931263354092154
"EXO1",-0.00667678681861647,0.931508581830384
"MYL12A",-0.00869781680064633,0.931518723796765
"TXNL1",0.00925291847538992,0.931560345091568
"GAR1-DT",-0.0590482604186103,0.931706256268068
"MAD2L2",-0.00758342929367069,0.932227178598254
"IFI30",-0.00839875589782969,0.932310197408715
"ENSG00000266820",0.110427035502081,0.933226534385766
"FAM204A",0.0066279056346627,0.933449179395875
"B3GLCT",-0.00763087301551767,0.93366063413373
"S100A6",0.0107085474708619,0.933793128753126
"RAD50",-0.0057845755790994,0.934050888910764
"DARS1",0.00778015759483384,0.934280200926928
"CDS1",-0.00799853836946082,0.934546596251852
"MADCAM1",0.0162355821291199,0.934658362925102
"C3",0.0112201864208466,0.934708589396965
"ANO10",-0.00916686643709715,0.934911444800763
"INTS8",-0.00644460762724983,0.934918895513771
"ENSG00000203709",0.0154584009979187,0.934966393315665
"SLC12A3",0.0886845265573717,0.935009977545263
"ENSG00000259553",-0.0592429190780425,0.935033888401096
"ANKRA2",0.0108667075925657,0.935059042735652
"HRAS",0.00714970707414471,0.935130562066655
"C11orf58",0.00545857920082772,0.935177226176753
"TXLNG",-0.00547831419680074,0.93533027270107
"MT-ND4",-0.0173389068162685,0.935662742322051
"POGK",0.00507578243922887,0.936043655501202
"ENSG00000285851",-0.024957619929214,0.936184436613632
"PRDX1",-0.00722393872116452,0.936275682322999
"CDHR5",-0.0210600104074518,0.936397020717295
"ENSG00000261499",-0.0766591179519622,0.936514356713597
"RPL9",-0.00765385011954124,0.937104558188438
"ENSG00000272518",-0.0251659901384614,0.937162535332545
"SSTR1",0.0573160690826092,0.937268633057914
"NIPSNAP2",0.00683245893096483,0.937360443724391
"DPM3",0.00864046764370398,0.937485774366083
"ZNF74",-0.00678919684524055,0.93807758922235
"CHRFAM7A",-0.0417837017575204,0.938109753583098
"ENSG00000259738",0.02554313632468,0.938228457216949
"DNAJC28",0.0152291160320536,0.938369124663518
"ENSG00000261655",-0.0255756445028515,0.938370744696684
"GPX1",-0.00847841510339785,0.938451983370268
"ENSG00000297328",0.0298481276002492,0.938491567006181
"SLFN5",-0.0266702451206666,0.938771884055104
"TPMT",-0.00566777901240023,0.938800282908005
"RPL35A",0.00785009880038999,0.939238383415779
"AP1B1",0.00559202936495534,0.939467647734537
"ISM2",-0.0269277065805802,0.93951416719564
"DGAT1",0.0154974065938963,0.939838691177547
"ENSG00000272661",-0.0182318819063753,0.940259892756704
"ENSG00000258881",0.017040327478908,0.940314195980137
"MAFF",0.0126371192585724,0.941062314353399
"TOMM22",0.00640244218718868,0.941503144427551
"KIAA1143",-0.00609904149601311,0.941509405595813
"MBP",0.0122420300557711,0.941874120894564
"TCOF1",0.00431296290480653,0.94218783602993
"SNHG25",0.0122122083488501,0.942224457634991
"DNAJC6",0.0146228313113426,0.942402443834161
"ENSG00000290089",0.0166293494413982,0.942488795879767
"UBAP2L",0.00523266010712961,0.942512655776302
"ZNF12",0.00461179798043676,0.942548744197037
"ENSG00000245322",-0.0221795596131642,0.942813094844201
"ENSG00000305937",0.0272700842673391,0.943129905232353
"ENSG00000237927",-0.0568576655125568,0.943158414277078
"ENSG00000228839",-0.0583704787201509,0.943233165518472
"PFN1",0.00800966113365687,0.943660175936472
"ENSG00000289190",-0.0229655400874875,0.943815081611531
"COL2A1",-0.0137644263808606,0.943816253313082
"TRAPPC8",-0.0046670856448781,0.943950184677747
"GRK2",-0.00403454108255028,0.944097399612513
"RPS19",0.00631236097480777,0.944100436639428
"SKA2",0.00568484638285275,0.94414254322429
"MEX3A",-0.0059993690967157,0.944281263843758
"CUTA",-0.00441216807806452,0.944283822895499
"LINC01089",0.00505019986336286,0.945281799262044
"RPS23",0.00741791007502657,0.945282871799007
"ENSG00000242094",0.0197794912747531,0.94541066353525
"R3HCC1L",0.00607510269048082,0.945535504891205
"PSMD7",-0.00505183986345579,0.945752038525584
"ENSG00000305437",-0.0226982360508309,0.946032448002749
"ENSG00000289065",0.0152962293270885,0.946080163391218
"NME2",-0.00737849248617027,0.946183700070998
"ENSG00000204904",0.0310213315448237,0.946331761239052
"TMEM98",-0.0041709694383601,0.946393023635445
"ITSN2",0.00444626641100739,0.94649877403184
"LOC730183",-0.00909348151354978,0.946737692004086
"TRIM8",0.00622176164372995,0.947183949114716
"HDGFL2",0.00427088722834642,0.947379114207873
"PON1",0.0263980647903497,0.94743905242878
"SVIP",-0.00626246547656436,0.94744130400001
"RPL6P10",0.0167969163697931,0.947667719624733
"ENSG00000263934",-0.0173222363259836,0.947734504042568
"WDR33",0.00416913948388364,0.947744326852688
"ZNF229",-0.0238541385865207,0.947822182075361
"PPA2",0.00603208640850295,0.948090853895285
"IFIT3",0.00938468752789434,0.948521955349618
"PAX8-AS1",-0.0586804167999637,0.948580436485167
"ENSG00000243107",-0.0266919249063654,0.948802859372023
"TSNAX-DT",0.0108998698819777,0.948849398239328
"PDE9A",0.0117889492705127,0.948939610865341
"ADAMTS7",0.0315616113726254,0.949325513983596
"RAB34",0.0375934409389508,0.949416919004607
"NRTN",-0.0101071027161885,0.949423469758983
"ALG2",-0.0040579402882762,0.950119030262327
"RPL7P9",-0.0109011652086604,0.950324181836202
"ENSG00000269399",-0.00831330772146539,0.950389469258125
"ENSG00000226445",0.0208109828963573,0.950568681025801
"ZNF710",-0.00417720472888085,0.950737776697065
"LOC124905013",-0.0232311692331368,0.950764233118934
"GNG5",-0.0042814333554518,0.951352764034003
"SLC15A1",0.0133194843617709,0.951681852588297
"SUPT16H",-0.00376532547884784,0.951701141863548
"BANK1",-0.0289272873952193,0.951818801691554
"THAP6",0.00536444870701431,0.952028194805085
"RGS9",0.0257391917351324,0.952140136070541
"PCGF2",0.00479198773252299,0.952721788094742
"ENSG00000279555",-0.0211148590313453,0.952782771077444
"ENSG00000284543",-0.0555575174641441,0.952816152948466
"ENSG00000224415",0.0312963498469557,0.952958813912743
"RPL6",0.0064453417479114,0.953082282519642
"PSMD11",-0.00365816605897758,0.953256978447102
"ROBO4",-0.0550527383748864,0.953341726497343
"WDR24",0.0050962573815047,0.953341821303737
"TATDN3",-0.00712951081104118,0.953443034120923
"ENSG00000247134",0.0200356368167838,0.953448459391965
"REM2",-0.057180726308937,0.953532407686638
"PRR7",-0.00689422623942576,0.953740090126879
"ENSG00000286813",0.0158833174307968,0.953805414124261
"TRAPPC1",-0.00758145260036941,0.953829408353311
"ENSG00000279557",0.0278361776507407,0.953870884331599
"ENSG00000249936",-0.023457497159076,0.953941249428043
"ENSG00000296775",-0.012227155727326,0.954008063335366
"SNHG29",-0.00349158852763815,0.95410892975436
"MLF1",0.0194030101516829,0.954216848768241
"ELOC",-0.0049533549015328,0.954262050403964
"MIIP",0.00446725742303008,0.954572805403281
"RPS27L",0.0042956564161049,0.954759313378768
"AP2A1",-0.00416973930313143,0.954761112036647
"ENSG00000302206",0.00923340171321908,0.95507595229872
"MAPKAP1",0.00364377070957468,0.955352364830451
"COX6B1",0.00540133540405004,0.955384273710432
"SDAD1P1",0.0182476739245114,0.95539977601118
"RPS4X",0.00492137992722301,0.955806767777593
"SLC4A11",-0.0102097253273903,0.955870400488391
"MYBL2",-0.00445124564150951,0.955941721863613
"TTC13",-0.00541971715471767,0.956101683142907
"ENSG00000230074",0.0263096204155173,0.956140873057306
"LOC124904058",0.0167864963678218,0.95625530028324
"KCNJ11",0.0199236584892766,0.956681084468156
"UBA52",0.00536945711496571,0.956964098454631
"FBXL16",0.0197959267841276,0.957101920311123
"PECAM1",0.0129906137231253,0.95720427857787
"SNHG26",-0.00776184242386232,0.957349164509449
"CD151",-0.00496093131840949,0.957458644633285
"H2BC3",-0.0236862991026211,0.957523636120004
"POMP",0.0046877870763784,0.957637790695878
"C8orf82",-0.00554983662975268,0.95811280796608
"KRTAP5-7",0.044982816096364,0.958115907180329
"PARD6G",-0.00696403637357027,0.95846066411048
"LOC105373514",-0.0207421356950597,0.95937056918303
"ENSG00000214776",0.0230581221114808,0.959382208567395
"ENSG00000279135",0.0196352101281492,0.959394838829899
"ENSG00000239791",-0.0107285383376848,0.959683792624521
"MRPL55",0.00394849525545291,0.959994746416265
"EEF1E1",0.00444855160625923,0.96009526704111
"NEDD8-MDP1",-0.013008861696406,0.96049008996617
"CCDC91",-0.00514133819625829,0.961011031903122
"PSMD12",0.00346391719219421,0.961149950050503
"GTF2H4",-0.00332910087303699,0.961301921774184
"CAMSAP2",-0.00479948564084802,0.961705145174286
"ENSG00000304197",0.00619318562951172,0.961879999121019
"APOL4",-0.0156342050792757,0.961944492318256
"ENSG00000179899",-0.0118459168107158,0.96242011550209
"FAM174B",-0.0174435699017935,0.96260329019502
"ENSG00000306831",0.0152795111948726,0.963247738237846
"UPP2",-0.0189369312150607,0.963269186501597
"KANK4",0.00897013636882143,0.96334824453323
"KCNK5",-0.0156960478124444,0.963436648519768
"TUG1",-0.00285079368428867,0.963666255083981
"ZNF461",0.00760460648726569,0.963699459369784
"NDFIP2",0.00442445333523962,0.963746209612755
"ENSG00000300592",0.0215052155948905,0.963778049975129
"ENSG00000286001",-0.0220373902208718,0.963868311817048
"ATP10A",-0.00941869538117809,0.964048734163553
"ENSG00000233058",-0.0225835709351186,0.96410419092042
"ENSG00000278920",-0.0154404572753418,0.964319039484897
"ENSG00000268750",0.0164005723943791,0.964391301501172
"ENSG00000307079",0.0322342492023509,0.964757477829474
"JAM3",-0.0117232396782922,0.965029159453013
"ENSG00000284048",0.0635753099248818,0.965455215363758
"ENSG00000266896",0.0138103576175066,0.966555392589934
"CYBRD1",0.0112126701177329,0.966649437008488
"ENSG00000240695",0.0185586679983153,0.966673046962836
"ZNF823",-0.00395422234080031,0.966837612606722
"BHLHE40",0.00667570552820413,0.966988179022286
"ZNF30",-0.00495465606648598,0.967518881600546
"IL12A",-0.010082744357336,0.967665168193342
"ENSG00000276980",0.00859044482310482,0.9676982095742
"LINC01340",0.0140497684217655,0.967807288563375
"EIF3B",-0.00274553529200916,0.967847100712098
"GATB",-0.00413377872710525,0.967970451615755
"ENSG00000260889",-0.0539564855063553,0.968041633204907
"WDR41",0.003317970980953,0.96805713344778
"MAB21L3",0.0144276038823815,0.968233349398381
"ZBTB1",-0.00298180711931501,0.968573635144253
"RABEP1",0.00317631264737456,0.968660142206284
"ENSG00000289017",-0.0157568711298399,0.968917041957481
"TLR9",-0.0558320303255957,0.96898726419868
"ENSG00000213189",-0.00935319306891454,0.969088281296924
"ENSG00000279041",0.01523324597396,0.969601464911019
"TFPT",0.00404750844388545,0.969621296261429
"DUSP19",0.00588661397725039,0.969654496957663
"ENSG00000269779",0.0179342778444943,0.969743412893841
"ENSG00000297771",-0.0317923614031191,0.969759868767762
"TUFT1",-0.00397361177189311,0.970020114954567
"ENSG00000294044",-0.0155613602391881,0.970074315988377
"LINC02288",-0.00891140764133749,0.970157272968775
"LRRC2",-0.0100067316950413,0.970393354177838
"GIPC2",0.00314307316966856,0.97070806809476
"SLC16A4",-0.0104019023877208,0.970886392162545
"CACNA1D",0.00748869795821156,0.970966165474923
"WDR70",-0.00265196243985139,0.971029615615934
"MOV10L1",0.0221140600865106,0.97156171936251
"RPS13",-0.00272139498834604,0.971616891356787
"LINC01484",-0.0061281828815373,0.971968490141375
"UXT",-0.00438302771889768,0.972156884413768
"IFITM10",0.0228665889439907,0.972165591411983
"PLK2",0.00533072037255683,0.972267528912908
"APCDD1",-0.00885541899722197,0.972313620951157
"ENSG00000228335",0.0204030409760718,0.972377298849684
"FAM131A",0.00302011699611628,0.973202678570798
"DUSP6",0.00606085737598258,0.973390651731783
"LINC01140",0.0224822087666611,0.973503645410434
"RTRAF",0.00317058844687161,0.973956994999188
"ENSG00000227782",-0.0140207114013024,0.974046289832575
"DPP10-AS1",0.0113483659612985,0.97421477997568
"ENSG00000228521",-0.0510267484571654,0.974493236058588
"C19orf33",0.0132482805255994,0.974588451184964
"SPATC1L",-0.00371413070820104,0.974654015697554
"ENSG00000290021",0.0136475437933811,0.974718309131458
"DNAJC16",-0.00347359451095508,0.974761594110033
"SERPINF1",0.00439885203934613,0.974766200390176
"SHLD2P3",0.00310452514501807,0.974963306847839
"WDR81",-0.00221543062816558,0.975010462374392
"RPS25",0.00288151172032458,0.975013436658565
"ENSG00000251634",-0.00789928686204177,0.975159975011652
"PBX2",-0.00197505308657047,0.975181720484067
"ENSG00000270136",-0.00845969061883332,0.975185659891572
"ELAC2",0.00208086781670078,0.975243996143252
"SMARCA2",-0.00283925631729906,0.975759696424523
"ENSG00000290792",-0.00339757011016783,0.975784508209503
"ZNF234",0.00258883637709357,0.976134245671133
"FAM78A",-0.0127839022073587,0.976216775243066
"PIEZO1",-0.0022540900812008,0.976328130939593
"PLAC1",-0.00610078841424309,0.976378469493951
"MKS1",0.00256850521595474,0.976484043741216
"CCDC149",0.0125897783488308,0.976502031671314
"APOA5",-0.0065588044958728,0.976910595303928
"BLCAP",-0.0016884560066597,0.97693841363546
"RPL34",-0.00291624581273871,0.977053221174242
"CPNE3",0.00200712557086504,0.977468827042438
"RBM42",0.00182805097428106,0.977490611242038
"PRMT1",0.00194625244829081,0.977493062058651
"ENSG00000288097",0.0167510528702759,0.977907166737146
"ENSG00000290429",0.013288555061715,0.978005097504616
"ENSG00000253341",0.01117395415874,0.978114489978508
"GPI",0.00286041378465367,0.978362174819599
"ENSG00000281379",0.0256197013434482,0.979305562912412
"ZNF222",0.00368823826538135,0.979606726920978
"NOP58",-0.00178125619977927,0.979943100594286
"DNAH1",-0.00511217844919823,0.980097087840742
"RN7SL4P",0.0138435546484301,0.980477153668812
"ENSG00000198618",0.00317339995301727,0.98052349679126
"SSX2IP",0.00201500839157863,0.980618936663504
"ENSG00000239945",-0.0297056320020416,0.980653877161896
"IFI27L1",0.00376683741681261,0.980657431833969
"ENSG00000280138",0.0046709958261729,0.980661535124702
"MRPL9",0.00181409508156389,0.980756326739557
"RPL11",0.00265775464571876,0.981673446278444
"VPS28",-0.00193987196194098,0.981800780944712
"NDUFS8",0.00145570980323049,0.982130749058733
"ALDOB",-0.00511766740274175,0.982214140347429
"ENSG00000298094",0.0104740820286196,0.982225491169316
"DTD1",0.0016199733380587,0.982227234807767
"ZDHHC21",-0.00206867134930557,0.982377731593805
"JDP2",0.00322250841161932,0.98244853608824
"EFCAB11",0.00217403595635473,0.982851211164423
"ENSG00000230091",0.0120463501458583,0.982965862540823
"LOC107984243",-0.00376580073347365,0.983009605037714
"SEMA4F",0.00175743262790773,0.98362495687014
"ENSG00000274421",0.0116965291906387,0.983819244771732
"HTATSF1",-0.00163115785446144,0.983873783001741
"GCNT1",-0.00878047540971076,0.983956514427583
"ENSG00000310372",-0.00853297318146638,0.984063249604756
"MRNIP",0.00202066320333408,0.984434357649761
"TRAM2-AS1",-0.00263248586072966,0.984461392880164
"CRAMP1",0.00144797264384741,0.984565447131894
"C21orf91",-0.00246526166226196,0.984616377337538
"RPS15A",0.00161853105825728,0.984953240148681
"SRGAP3",-0.00364324059175957,0.984965751302782
"CBR4",0.00152828681850553,0.98514115164076
"OSGIN1",0.00170926814827244,0.985415038144882
"ENSG00000296722",-0.00668925343180677,0.985807116761723
"ENSG00000275056",0.0057124445733881,0.985868943740398
"FAM110C",-0.00884944205015048,0.985903425063124
"AADAC",-0.00376880458327466,0.986011288528787
"SLC22A17",-0.00235256496343466,0.986060122962077
"ENSG00000210082",-0.00337137892151564,0.986122176063576
"WNT2B",-0.00515105637747147,0.986166824937191
"CARS1",0.00144560398193413,0.986512879914288
"CD302",-0.00128029357842627,0.987247807897903
"DTYMK",0.00111314378619712,0.987250079941566
"UTP3",0.0012859131257736,0.987320664824877
"UQCC3",0.0016416516766903,0.987323829428614
"ASAH1",0.0012288182399361,0.987360270499944
"ENSG00000297567",-0.00531727413217503,0.987367612247406
"TIAM1",0.0073890919707789,0.987472546626133
"IFT140",0.00151741925018461,0.987578898052653
"ENSG00000229944",-0.0057598495924381,0.987762226100046
"ENSG00000219529",0.00495646416936773,0.987908048756998
"MASP1",0.00117803012249297,0.988083868391448
"ENSG00000267940",-0.00391581683737405,0.98821356778987
"ENSG00000302714",0.00893838895163422,0.988224689391046
"LINC00479",0.0057495890828808,0.988733023986315
"APBB1",-0.00321818519086972,0.988746835758131
"ENSG00000276529",-0.00213963720072077,0.988786948888874
"ENSG00000213297",-0.00285382334272083,0.988958940365465
"ENSG00000266946",-0.00446596923879163,0.989055642975764
"MLANA",0.00905853634903677,0.989057830466763
"ENSG00000262362",-0.00517697442945134,0.989112580489014
"ADAM20P1",0.0125559435193423,0.989490183172784
"SLC41A3",0.000975097053215684,0.989734719670243
"ENSG00000288061",0.00200800376410366,0.989739215105281
"CD3D",0.00875562043469537,0.98994821065808
"CENPQ",-0.00110062328407691,0.990021275524217
"LINC00662",0.00136133190907521,0.990081356471986
"MPDZ",0.000871197530407767,0.990235411279696
"ENSG00000296618",-0.00163086012662854,0.990275995030959
"ENSG00000297887",0.00660474929104581,0.990351792978118
"ENSG00000289370",-0.00577506666882137,0.99084329368823
"LINC01213",-0.00289778601263194,0.991272174987325
"SIKE1",0.000759409447255731,0.9912939527633
"LOC107984262",-0.0019156818359928,0.991613673653613
"ENSG00000290690",0.0047154869746494,0.991770713539091
"H2AJ",-0.00151336456205114,0.99187279378363
"RHOBTB3",0.000650801871031402,0.991886987671582
"ELOVL2-AS1",-0.00292205995524024,0.991979508642086
"ENSG00000185641",-0.00229270072175302,0.992118150566744
"ENSG00000231113",-0.00446923653055402,0.992174015396199
"ENSG00000237280",0.00449800048195555,0.992263173196752
"DCLRE1B",-0.000828332270858689,0.992572650616037
"RENBP",0.00259692294304175,0.992753456744117
"ENSG00000250568",0.00426355238060664,0.992787218875481
"FTH1",-0.000756561963195077,0.992913063118845
"ZNF582-DT",-0.00240554923727181,0.99318586514871
"PMS2P2",-0.00264021555580095,0.993282388150989
"ADGRG1",0.00204602141358856,0.993719881121005
"RNU5B-1",0.00390774660659202,0.993825157672511
"PLOD1",-0.000609223488945714,0.993982501201446
"ENSG00000227712",0.00279808849328888,0.993993861159878
"FBXO42",-0.000621562937392686,0.99402630470676
"USHBP1",0.00211500538180302,0.994212691724786
"NUBPL",0.000443285077846118,0.994258183265804
"AQP6",-0.00291193187510396,0.994417767241208
"AHSG",0.000745837780646825,0.994450126142932
"SMS",-0.00063764810782812,0.994767943796638
"FLNA",0.000867693716942596,0.9949897631982
"CXCL16",-0.000659818236414585,0.995175348381477
"RAB32",0.000665374306866274,0.995781521376967
"COX4I1",-0.000508754251487689,0.995898994113472
"SPDL1",0.000332791058355456,0.996203450795482
"NCAPG2",0.00037469461559367,0.996219561841512
"ENSG00000279168",0.00301294914071931,0.996358746203278
"RPL23AP7",-0.000839719992931349,0.996429659095078
"ATP5F1E",0.000435406898185083,0.996577063913038
"FHOD1",-0.000346155448527397,0.996707863833314
"NDUFA3",0.000349027918378099,0.996999541567545
"EHMT2-AS1",0.00170174458135964,0.997003053835673
"ADRA2C",0.000470830755694832,0.997488337851896
"PTRHD1",-0.000298081044624773,0.997489056566708
"ENSG00000261238",0.000457271747178451,0.997699166625246
"ENSG00000269688",-0.0014367805368205,0.997764799383268
"FKBP9",-0.000222942648088368,0.99791895893445
"PTDSS2",-0.000213579270816717,0.997974663101816
"ENSG00000254910",0.000856109817922676,0.997997585395742
"CNTNAP3",0.000267087623446224,0.998053765471002
"ENSG00000255893",0.000768260585335422,0.998094030774124
"TERF2",0.000154143429822104,0.998171406892873
"MAGEH1",0.000308446209820987,0.998297774340882
"LIPT2-AS1",0.000412009774465991,0.998385335827406
"RPL15",-0.000184673525897976,0.99839598594249
"ENSG00000259479",0.000965824371844693,0.99844152344126
"CLU",-0.000208970621378968,0.998718152671191
"ENSG00000257507",-0.000357063276828357,0.999051290389425
"ENSG00000256955",0.000447350767461101,0.999321790128028
"MTND1P23",0.000154285633948112,0.999586066857682
"LRSAM1",2.34507103352445e-05,0.999750922277278
"ENSG00000258944",0.00012944899110725,0.99980586427756
"RPS7",-1.42994514861269e-06,0.999986695764192
